fighter_id,fighter_name,fighter_fight_number,fighter_age,career_ko_loss_number,fight_date,event_name,fight_id,division,opponent_id,opponent_name,method,finish_round,match_time_sec,days_to_next_fight,next_fight_date,next_event_name,next_fight_id,next_division,next_opponent_id,next_opponent_name,next_method,next_finish_round,next_match_time_sec,won_next_fight,lost_next_fight,next_fight_was_ko_tko,next_fight_lost_by_ko_tko,layoff_bucket,age_bucket,career_ko_loss_bucket
4123fd4dcc1fe937,David Terrell,2,27.07460643394935,1,2005-02-05,UFC 51: Super Saturday,7cfc8649d07b704c,middleweight,8f2d9ee27f206f1f,Evan Tanner,KO/TKO,1,275,434.0,2006-04-15,UFC 59: Reality Check,fdafa20b7ec8cb44,middleweight,3410cf010558dc8b,Scott Smith,Submission,1.0,188.0,True,False,False,False,366-540,<30,1
d814f5192e58fb2f,Drew Fickett,1,25.14715947980835,1,2005-02-05,UFC 51: Super Saturday,e8196de20c4a969a,welterweight,f57a8a52ca401ed9,Nick Diaz,KO/TKO,1,280,182.0,2005-08-06,UFC Fight Night 1,7acca0910edd7023,welterweight,d1a1314976c50bef,Josh Neer,Submission,1.0,95.0,True,False,False,False,181-270,<30,1
a7f4d0902bb64092,James Irvin,1,26.401095140314855,1,2005-02-05,UFC 51: Super Saturday,48189cad0c11ff63,heavyweight,56b8b24f65f9f057,Mike Kyle,KO/TKO,1,115,196.0,2005-08-20,UFC 54: Boiling Point,42957e04417af1d8,light heavyweight,6a92caba39b64752,Terry Martin,KO/TKO,2.0,309.0,True,False,True,False,181-270,<30,1
27fc9218a3653e3c,Justin Eilers,2,26.60917180013689,1,2005-02-05,UFC 51: Super Saturday,c91ef06766009965,heavyweight,f0abbb6f3444dae7,Paul Buentello,KO/TKO,1,214,119.0,2005-06-04,UFC 53: Heavy Hitters,a507bfa374885a25,interim heavyweight,3738e68d2261e60f,Andrei Arlovski,KO/TKO,1.0,250.0,False,True,True,True,0-120,<30,1
63b65af1c5cb02cb,Ken Shamrock,11,41.158110882956876,2,2005-04-09,The Ultimate Fighter: Team Couture vs. Team Liddell Finale,c50a3025d1519fc8,light heavyweight,d897897060f10a3a,Rich Franklin,KO/TKO,1,162,455.0,2006-07-08,UFC 61: Bitter Rivals,ee6000812e2b9f9d,light heavyweight,2f732dd9210d301f,Tito Ortiz,KO/TKO,1.0,78.0,False,True,True,True,366-540,35+,2
cb139171ed1b69fe,Kenny Florian,1,28.870636550308006,1,2005-04-09,The Ultimate Fighter: Team Couture vs. Team Liddell Finale,d172d88fbeb8c6a8,ultimate fighter 1 middleweight tournament,82e7929bf6c2b689,Diego Sanchez,KO/TKO,1,169,119.0,2005-08-06,UFC Fight Night 1,c2c000a37a89b82f,welterweight,e361e5c858af6ff1,Alex Karalexis,TKO - Doctor's Stoppage,2.0,472.0,True,False,False,False,0-120,<30,1
0aa92558424ced9e,Randy Couture,14,41.817932922655714,3,2005-04-16,UFC 52: Couture vs Liddell 2,2ae8623ef4156105,light heavyweight,a390eb8a9b2df298,Chuck Liddell,KO/TKO,1,126,126.0,2005-08-20,UFC 54: Boiling Point,093ef5ab2081cf65,light heavyweight,2ee09ec2a0695eb9,Mike van Arsdale,Submission,3.0,652.0,True,False,False,False,121-180,35+,3+
da97d6c97d09c030,Charles McCarthy,1,24.826830937713893,1,2005-06-04,UFC 53: Heavy Hitters,e5261884b0a0ed39,middleweight,22e47b53e4ceb27c,David Loiseau,KO/TKO,2,430,525.0,2006-11-11,The Ultimate Fighter: The Comeback Finale,cf1f2322c4b8bc64,middleweight,ea3ef6206c7907d5,Gideon Ray,Submission,1.0,283.0,True,False,False,False,366-540,<30,1
27fc9218a3653e3c,Justin Eilers,3,26.934976043805612,2,2005-06-04,UFC 53: Heavy Hitters,a507bfa374885a25,interim heavyweight,3738e68d2261e60f,Andrei Arlovski,KO/TKO,1,250,245.0,2006-02-04,UFC 57: Liddell vs Couture 3,235e4c69d5d945e8,heavyweight,fa315e6c77eee106,Brandon Vera,KO/TKO,1.0,85.0,False,True,True,True,181-270,<30,2
7b6e40a73b567072,Shonie Carter,5,33.086926762491444,2,2005-06-04,UFC 53: Heavy Hitters,ca3230227ee700b7,middleweight,52cae54377b433b7,Nate Quarry,KO/TKO,1,157,557.0,2006-12-13,UFC Fight Night: Sanchez vs Riggs,a5155aef1093048b,welterweight,b7d524c77c27389b,Marcus Davis,Decision - Unanimous,3.0,900.0,False,True,False,False,541+,30-34,2
ea3ef6206c7907d5,Gideon Ray,2,32.19438740588638,1,2005-08-06,UFC Fight Night 1,b2f604f2332cd8af,middleweight,9fe85152f351e737,Mike Swick,KO/TKO,1,22,462.0,2006-11-11,The Ultimate Fighter: The Comeback Finale,cf1f2322c4b8bc64,middleweight,da97d6c97d09c030,Charles McCarthy,Submission,1.0,283.0,False,True,False,False,366-540,30-34,1
0359313549d230a1,Pete Sell,2,23.003422313483917,1,2005-08-06,UFC Fight Night 1,bf1525f9761a116e,middleweight,52cae54377b433b7,Nate Quarry,KO/TKO,1,42,462.0,2006-11-11,The Ultimate Fighter: The Comeback Finale,36895d9bbf5abc51,middleweight,3410cf010558dc8b,Scott Smith,KO/TKO,2.0,505.0,False,True,True,True,366-540,<30,1
8d26912cd2aeb366,Jeremy Horn,8,29.987679671457904,1,2005-08-20,UFC 54: Boiling Point,5a3fcd3d3a1e1c38,light heavyweight,a390eb8a9b2df298,Chuck Liddell,KO/TKO,4,1066,91.0,2005-11-19,UFC 56: Full Force,5f9d5ebe5ec28753,middleweight,f5ff7bcdcfeba3ad,Trevor Prangley,Decision - Unanimous,3.0,900.0,True,False,False,False,0-120,<30,1
6a92caba39b64752,Terry Martin,1,24.859685147159478,1,2005-08-20,UFC 54: Boiling Point,42957e04417af1d8,light heavyweight,a7f4d0902bb64092,James Irvin,KO/TKO,2,309,238.0,2006-04-15,UFC 59: Reality Check,3fe41b95899316d5,light heavyweight,5be86bb2f78fef2f,Jason Lambert,KO/TKO,2.0,457.0,False,True,True,True,181-270,<30,1
0bc7e61d204f2137,Fabiano Scherner,1,33.25941136208077,1,2005-10-03,UFC Fight Night 2,6ddabf12abd6fe25,heavyweight,fa315e6c77eee106,Brandon Vera,KO/TKO,2,502,236.0,2006-05-27,UFC 60: Hughes vs Gracie,3df422ea531e16c6,heavyweight,270b89c00ef0c55c,Gabriel Gonzaga,KO/TKO,2.0,324.0,False,True,True,True,181-270,30-34,1
817e0bdf08efce2e,Elvis Sinosic,5,34.64750171115674,2,2005-10-07,UFC 55: Fury,e917559aedf85a98,light heavyweight,fcffee71cff5530e,Forrest Griffin,KO/TKO,1,210,120.0,2006-02-04,UFC 57: Liddell vs Couture 3,14850f48b2bede47,light heavyweight,7f955f71fa2ce7ac,Alessio Sakara,Decision - Unanimous,3.0,900.0,False,True,False,False,0-120,30-34,2
f0abbb6f3444dae7,Paul Buentello,3,31.72347707049966,1,2005-10-07,UFC 55: Fury,1c45d0feab67364f,heavyweight,3738e68d2261e60f,Andrei Arlovski,KO/TKO,1,15,120.0,2006-02-04,UFC 57: Liddell vs Couture 3,bb5ceaf835c0bb18,heavyweight,d26934530dc5b248,Gilbert Aldana,KO/TKO,2.0,447.0,True,False,True,False,0-120,30-34,1
2067a177a2842fbf,Sammy Morgan,1,24.10403832991102,1,2005-11-05,The Ultimate Fighter: Team Hughes vs. Team Franklin Finale,e050c299ffa1f2d3,welterweight,6da99156486ed6c2,Joshua Burkman,KO/TKO,1,21,285.0,2006-08-17,UFC Fight Night 6,fa2be4b37de934bf,welterweight,e86bc32f5997a8f7,Forrest Petz,Decision - Unanimous,3.0,900.0,False,True,False,False,271-365,<30,1
7342fcc41a4817fa,Ansar Chalangov,1,26.05612594113621,1,2005-11-19,UFC 56: Full Force,678af75cb4c155a9,welterweight,31ee470ef5dc8d7f,Thiago Alves,KO/TKO,1,145,138.0,2006-04-06,UFC Fight Night 4,622cada31f247f9a,welterweight,dd37fd509af89f15,Josh Koscheck,Submission,1.0,209.0,False,True,False,False,121-180,<30,1
52cae54377b433b7,Nate Quarry,4,33.672826830937716,1,2005-11-19,UFC 56: Full Force,2dfda46cbc17bc99,middleweight,d897897060f10a3a,Rich Franklin,KO/TKO,1,154,669.0,2007-09-19,UFC Fight Night: Thomas vs Florian,b46679306287ea79,middleweight,0359313549d230a1,Pete Sell,KO/TKO,3.0,644.0,True,False,True,False,541+,30-34,1
029880cdbf5ca089,Sean Sherk,5,32.290212183436005,1,2005-11-19,UFC 56: Full Force,388df822e50b04f8,welterweight,6506c1d34da9c013,Georges St-Pierre,KO/TKO,2,473,147.0,2006-04-15,UFC 59: Reality Check,fef433a7cb7a2029,welterweight,f57a8a52ca401ed9,Nick Diaz,Decision - Unanimous,3.0,900.0,True,False,False,False,121-180,30-34,1
fb1538b46877a695,Jonathan Goulet,2,26.51334702258727,1,2006-01-16,UFC Fight Night 3,392089df68b1a721,welterweight,84ac950d4c1722dd,Duane Ludwig,KO/TKO,1,6,163.0,2006-06-28,UFC Fight Night 5,c4f05ff2781530f4,welterweight,93ce4ac89e3d7652,Luke Cummo,Decision - Majority,3.0,900.0,True,False,False,False,121-180,<30,1
cb46dface0e28a2c,Jorge Rivera,5,33.883641341546884,1,2006-01-16,UFC Fight Night 3,0582b78dc635301b,middleweight,d43a048a880efdff,Chris Leben,KO/TKO,1,104,299.0,2006-11-11,The Ultimate Fighter: The Comeback Finale,b34aa3946ccfcfbb,middleweight,75bbd2206a15319f,Edwin DeWees,KO/TKO,1.0,157.0,True,False,True,False,271-365,30-34,1
1ff9589f9065a9ed,Frank Mir,8,26.702258726899384,2,2006-02-04,UFC 57: Liddell vs Couture 3,44592a74cda71275,heavyweight,6aa1cbc1466e9a0b,Marcio Cruz,KO/TKO,1,250,154.0,2006-07-08,UFC 61: Bitter Rivals,9ce2d0b880e88934,heavyweight,b369533a577fa97c,Dan Christison,Decision - Unanimous,3.0,900.0,True,False,False,False,121-180,<30,2
d26934530dc5b248,Gilbert Aldana,1,28.44626967830253,1,2006-02-04,UFC 57: Liddell vs Couture 3,bb5ceaf835c0bb18,heavyweight,f0abbb6f3444dae7,Paul Buentello,KO/TKO,2,447,154.0,2006-07-08,UFC 61: Bitter Rivals,e3b5f66198161226,heavyweight,1eacf73d6a0055dc,Cheick Kongo,TKO - Doctor's Stoppage,1.0,253.0,False,True,False,False,121-180,<30,1
0aa92558424ced9e,Randy Couture,16,42.62286105407255,4,2006-02-04,UFC 57: Liddell vs Couture 3,0e94e0a8c2130cea,light heavyweight,a390eb8a9b2df298,Chuck Liddell,KO/TKO,2,388,392.0,2007-03-03,UFC 68: The Uprising,7401d0f8ededa102,heavyweight,2a542ee8a8b83559,Tim Sylvia,Decision - Unanimous,5.0,1500.0,True,False,False,False,366-540,35+,3+
3738e68d2261e60f,Andrei Arlovski,10,27.19233401779603,3,2006-04-15,UFC 59: Reality Check,57a7767c4255e034,heavyweight,2a542ee8a8b83559,Tim Sylvia,KO/TKO,1,163,84.0,2006-07-08,UFC 61: Bitter Rivals,3c3533ba486a2006,heavyweight,2a542ee8a8b83559,Tim Sylvia,Decision - Unanimous,5.0,1500.0,False,True,False,False,0-120,<30,3+
6a92caba39b64752,Terry Martin,2,25.51129363449692,2,2006-04-15,UFC 59: Reality Check,3fe41b95899316d5,light heavyweight,5be86bb2f78fef2f,Jason Lambert,KO/TKO,2,457,294.0,2007-02-03,UFC 67: All or Nothing,c742bd1673635ded,middleweight,cb46dface0e28a2c,Jorge Rivera,KO/TKO,1.0,14.0,True,False,True,False,271-365,<30,2
eb29176b03dfa888,Matt Wiman,1,22.68583162217659,1,2006-05-27,UFC 60: Hughes vs Gracie,857365273ed2f353,lightweight,f34312c2ccfa0e00,Spencer Fisher,KO/TKO,2,403,392.0,2007-06-23,The Ultimate Fighter: Team Pulver vs. Team Penn Finale,62454fb3a4fd5737,lightweight,15edcf67ccf5be84,Brian Geraghty,KO/TKO,1.0,129.0,True,False,True,False,366-540,<30,1
947eccadb72f4f6f,Jesse Forbes,1,21.66461327857632,1,2006-06-24,The Ultimate Fighter: Team Ortiz vs. Team Shamrock Finale,20e28ee267d9b5dc,light heavyweight,98b80a717b9bda17,Matt Hamill,KO/TKO,1,287,1297.0,2010-01-11,UFC Fight Night: Maynard vs Diaz,f338da998c4fdf53,middleweight,f8fe2053d73d7bcf,Nick Catone,Decision - Split,3.0,900.0,False,True,False,False,541+,<30,1
6ef58dabef8beb15,Josh Haynes,1,28.90075290896646,1,2006-06-24,The Ultimate Fighter: Team Ortiz vs. Team Shamrock Finale,b48a211abe177846,ultimate fighter 3 light heavyweight tournament,2b93ebd9f5417ad2,Michael Bisping,KO/TKO,2,554,108.0,2006-10-10,Ortiz vs Shamrock 3: The Final Chapter,963631fe3261f8e1,middleweight,546015aa2ad945fd,Rory Singer,Decision - Unanimous,3.0,900.0,False,True,False,False,0-120,<30,1
d43a048a880efdff,Chris Leben,6,25.935660506502394,1,2006-06-28,UFC Fight Night 5,ccdd6c7577927a8c,middleweight,1f454354805b6f75,Anderson Silva,KO/TKO,1,49,50.0,2006-08-17,UFC Fight Night 6,8304a0ea004e73f5,middleweight,f8dc544e7077d014,Jorge Santiago,KO/TKO,2.0,335.0,True,False,True,False,0-120,<30,1
31ee470ef5dc8d7f,Thiago Alves,4,22.73511293634497,1,2006-06-28,UFC Fight Night 5,16de071ad45cd350,welterweight,6f018c039b4d5d80,Jon Fitch,KO/TKO,2,577,104.0,2006-10-10,Ortiz vs Shamrock 3: The Final Chapter,ebfdeab96ca766be,welterweight,7a15f3694c5cbc02,John Alessio,Decision - Unanimous,3.0,900.0,True,False,False,False,0-120,<30,1
4b4753d19489297f,Anthony Perosh,1,33.75496235455168,1,2006-07-08,UFC 61: Bitter Rivals,bc7a81a81840e4be,heavyweight,cbfd1d34356a004c,Jeff Monson,KO/TKO,1,162,175.0,2006-12-30,UFC 66: Liddell vs Ortiz 2,56f77263c75392f2,heavyweight,f1b2a4365799c48b,Christian Wellisch,Decision - Unanimous,3.0,900.0,False,True,False,False,121-180,30-34,1
63b65af1c5cb02cb,Ken Shamrock,12,42.403832991101986,3,2006-07-08,UFC 61: Bitter Rivals,ee6000812e2b9f9d,light heavyweight,2f732dd9210d301f,Tito Ortiz,KO/TKO,1,78,94.0,2006-10-10,Ortiz vs Shamrock 3: The Final Chapter,2cbba9394114edb5,light heavyweight,2f732dd9210d301f,Tito Ortiz,KO/TKO,1.0,143.0,False,True,True,True,0-120,35+,3+
fb1538b46877a695,Jonathan Goulet,4,27.096509240246405,2,2006-08-17,UFC Fight Night 6,9450f80c9fab4da1,welterweight,dd37fd509af89f15,Josh Koscheck,KO/TKO,1,250,398.0,2007-09-19,UFC Fight Night: Thomas vs Florian,88295b0ab9868db5,welterweight,a149d6bc670cdb60,Dustin Hazelett,Submission,1.0,74.0,False,True,False,False,366-540,<30,2
f8dc544e7077d014,Jorge Santiago,2,25.853524982888434,1,2006-08-17,UFC Fight Night 6,8304a0ea004e73f5,middleweight,d43a048a880efdff,Chris Leben,KO/TKO,2,335,118.0,2006-12-13,UFC Fight Night: Sanchez vs Riggs,77a8a6e2c3a09d19,middleweight,4130a743d9d22163,Alan Belcher,KO/TKO,3.0,765.0,False,True,True,True,0-120,<30,1
f1b2a4365799c48b,Christian Wellisch,1,30.951403148528406,1,2006-08-26,UFC 62: Liddell vs Sobral,2de0acc04cba91d3,heavyweight,1eacf73d6a0055dc,Cheick Kongo,KO/TKO,1,171,126.0,2006-12-30,UFC 66: Liddell vs Ortiz 2,56f77263c75392f2,heavyweight,4b4753d19489297f,Anthony Perosh,Decision - Unanimous,3.0,900.0,True,False,False,False,121-180,30-34,1
d468288756ae3982,Renato Sobral,8,30.967830253251197,2,2006-08-26,UFC 62: Liddell vs Sobral,ec916b9f67175633,light heavyweight,a390eb8a9b2df298,Chuck Liddell,KO/TKO,1,95,189.0,2007-03-03,UFC 68: The Uprising,8ca1bb1b2517f2e5,light heavyweight,5be86bb2f78fef2f,Jason Lambert,KO/TKO,2.0,516.0,False,True,True,True,181-270,30-34,2
73c7cfa551289285,BJ Penn,10,27.7782340862423,1,2006-09-23,UFC 63: Hughes vs Penn,b4a2fc934d4660ff,welterweight,621a6c59f88a44fe,Matt Hughes,KO/TKO,3,833,273.0,2007-06-23,The Ultimate Fighter: Team Pulver vs. Team Penn Finale,30d7a9a1d99b327c,lightweight,44260175069b6276,Jens Pulver,Submission,2.0,492.0,True,False,False,False,271-365,<30,1
ccba80d4820ef557,Gabe Ruediger,1,29.06776180698152,1,2006-09-23,UFC 63: Hughes vs Penn,28a8c644c87ce45e,lightweight,ccd1299e0345e0ce,Melvin Guillard,KO/TKO,2,361,1435.0,2010-08-28,UFC 118: Edgar vs Penn 2,a5962421d687de8f,lightweight,3bad7ef643840f67,Joe Lauzon,Submission,1.0,121.0,False,True,False,False,541+,<30,1
5be86bb2f78fef2f,Jason Lambert,4,31.307323750855577,1,2006-09-23,UFC 63: Hughes vs Penn,87c07416af211de1,light heavyweight,ee779c43a8926d52,Rashad Evans,KO/TKO,2,442,161.0,2007-03-03,UFC 68: The Uprising,8ca1bb1b2517f2e5,light heavyweight,d468288756ae3982,Renato Sobral,KO/TKO,2.0,516.0,True,False,True,False,121-180,30-34,1
44260175069b6276,Jens Pulver,8,31.797399041752225,1,2006-09-23,UFC 63: Hughes vs Penn,cd9f95344fe14e37,lightweight,3bad7ef643840f67,Joe Lauzon,KO/TKO,1,48,273.0,2007-06-23,The Ultimate Fighter: Team Pulver vs. Team Penn Finale,30d7a9a1d99b327c,lightweight,73c7cfa551289285,BJ Penn,Submission,2.0,492.0,False,True,False,False,271-365,30-34,1
0597a4528ebd1307,Chris Price,1,23.917864476386036,1,2006-10-10,Ortiz vs Shamrock 3: The Final Chapter,2e5a301f042f1fd6,middleweight,234f3767ff0e5701,Kendall Grove,KO/TKO,1,239,107.0,2007-01-25,UFC Fight Night: Evans vs Salmon,221928c8441779e4,middleweight,06f36cf4bd97ec77,Ed Herman,Submission,1.0,178.0,False,True,False,False,0-120,<30,1
4c8d6fde2dde07c4,Dan Lauzon,1,18.54072553045859,1,2006-10-14,UFC 64: Unstoppable,94c1844d487490ef,lightweight,f34312c2ccfa0e00,Spencer Fisher,KO/TKO,1,278,1176.0,2010-01-02,UFC 108: Evans vs Silva,47245dd345d9ef7e,lightweight,282fa667ff9c51ed,Cole Miller,Submission,1.0,185.0,False,True,False,False,541+,<30,1
c8136ab8aa32c974,Kalib Starnes,2,31.770020533880903,1,2006-10-14,UFC 64: Unstoppable,b23c7d4fb2068989,middleweight,acff437707625fc7,Yushin Okami,KO/TKO,3,700,224.0,2007-05-26,UFC 71: Liddell vs Jackson,71348fd10e392dac,middleweight,d43a048a880efdff,Chris Leben,Decision - Unanimous,3.0,900.0,True,False,False,False,181-270,30-34,1
d897897060f10a3a,Rich Franklin,8,32.02464065708419,1,2006-10-14,UFC 64: Unstoppable,84efac79989f4d0a,middleweight,1f454354805b6f75,Anderson Silva,KO/TKO,1,179,140.0,2007-03-03,UFC 68: The Uprising,3404f9095676a556,middleweight,2be6596a9db33bf5,Jason MacDonald,KO/TKO,2.0,600.0,True,False,True,False,121-180,30-34,1
0359313549d230a1,Pete Sell,3,24.268309377138944,2,2006-11-11,The Ultimate Fighter: The Comeback Finale,36895d9bbf5abc51,middleweight,3410cf010558dc8b,Scott Smith,KO/TKO,2,505,147.0,2007-04-07,UFC 69: Shootout,54cf1ffbc6e7a9fd,middleweight,cfb65863d5099327,Thales Leites,Decision - Unanimous,3.0,900.0,False,True,False,False,121-180,<30,2
7f955f71fa2ce7ac,Alessio Sakara,4,25.21013004791239,1,2006-11-18,UFC 65: Bad Intentions,cb17062bfd400fb2,light heavyweight,1fd4fbdcc67de844,Drew McFedries,KO/TKO,1,247,154.0,2007-04-21,UFC 70: Nations Collide,d8b098e5598509cc,light heavyweight,663b76da637402c3,Victor Valimaki,KO/TKO,1.0,104.0,True,False,True,False,121-180,<30,1
1ff9589f9065a9ed,Frank Mir,10,27.488021902806295,3,2006-11-18,UFC 65: Bad Intentions,ba0a3a4b80418db9,heavyweight,fa315e6c77eee106,Brandon Vera,KO/TKO,1,69,280.0,2007-08-25,UFC 74: Respect,e7ff18a0cfa09702,heavyweight,69b69c0178c4004d,Antoni Hardonk,Submission,1.0,77.0,True,False,False,False,271-365,<30,3+
75e5fec9f72910ef,Gleison Tibau,1,23.11567419575633,1,2006-11-18,UFC 65: Bad Intentions,b03109dd04b2fa60,welterweight,f57a8a52ca401ed9,Nick Diaz,KO/TKO,2,447,105.0,2007-03-03,UFC 68: The Uprising,808d47f905e84e7e,lightweight,fa8b9e6b0c2269f8,Jason Dent,Decision - Unanimous,3.0,900.0,True,False,False,False,0-120,<30,1
d1759b2b7be9be56,Hector Ramirez,1,30.642026009582477,1,2006-11-18,UFC 65: Bad Intentions,719dbfab71e6c0bd,light heavyweight,a7f4d0902bb64092,James Irvin,KO/TKO,2,456,210.0,2007-06-16,UFC 72: Victory,6603ed5f10bd8047,light heavyweight,fcffee71cff5530e,Forrest Griffin,Decision - Unanimous,3.0,900.0,False,True,False,False,181-270,30-34,1
621a6c59f88a44fe,Matt Hughes,17,33.097878165639976,1,2006-11-18,UFC 65: Bad Intentions,148f5128a45e9212,welterweight,6506c1d34da9c013,Georges St-Pierre,KO/TKO,2,385,105.0,2007-03-03,UFC 68: The Uprising,204932945d332406,welterweight,91acd6910b802a9e,Chris Lytle,Decision - Unanimous,3.0,900.0,True,False,False,False,0-120,30-34,1
d512d9f204059f57,Joe Riggs,8,24.2217659137577,1,2006-12-13,UFC Fight Night: Sanchez vs Riggs,bc0155d267fb5892,welterweight,82e7929bf6c2b689,Diego Sanchez,KO/TKO,1,105,2922.0,2014-12-13,UFC on FOX: Dos Santos vs Miocic,1cf53a0b9db52ac6,welterweight,484acc7b0f856ce9,Ben Saunders,Submission,1.0,57.0,False,True,False,False,541+,<30,1
f8dc544e7077d014,Jorge Santiago,3,26.17659137577002,2,2006-12-13,UFC Fight Night: Sanchez vs Riggs,77a8a6e2c3a09d19,middleweight,4130a743d9d22163,Alan Belcher,KO/TKO,3,765,1627.0,2011-05-28,UFC 130: Rampage vs Hamill,6617170d3659b175,middleweight,579fcdfcabd23a7b,Brian Stann,KO/TKO,2.0,569.0,False,True,True,True,541+,<30,2
f59f1d3a2ff13edd,Eric Schafer,2,29.27583846680356,1,2006-12-30,UFC 66: Liddell vs Ortiz 2,da666b02372a465b,light heavyweight,2b93ebd9f5417ad2,Michael Bisping,KO/TKO,1,264,294.0,2007-10-20,UFC 77: Hostile Territory,f4e5f49ca3831e64,light heavyweight,c6a33ff198aaaeeb,Stephan Bonnar,KO/TKO,2.0,467.0,False,True,True,True,271-365,<30,1
fcffee71cff5530e,Forrest Griffin,6,27.79192334017796,1,2006-12-30,UFC 66: Liddell vs Ortiz 2,bb007be9f60ab3da,light heavyweight,b9d0fd83bb8a147a,Keith Jardine,KO/TKO,1,281,168.0,2007-06-16,UFC 72: Victory,6603ed5f10bd8047,light heavyweight,d1759b2b7be9be56,Hector Ramirez,Decision - Unanimous,3.0,900.0,True,False,False,False,121-180,<30,1
546015aa2ad945fd,Rory Singer,3,30.590006844626966,1,2006-12-30,UFC 66: Liddell vs Ortiz 2,343b016754852c36,middleweight,acff437707625fc7,Yushin Okami,KO/TKO,3,843,168.0,2007-06-16,UFC 72: Victory,e8005a8c3c029a73,middleweight,2be6596a9db33bf5,Jason MacDonald,KO/TKO,2.0,498.0,False,True,True,True,121-180,30-34,1
2f732dd9210d301f,Tito Ortiz,19,31.93429158110883,3,2006-12-30,UFC 66: Liddell vs Ortiz 2,f507b715628d7bcb,light heavyweight,a390eb8a9b2df298,Chuck Liddell,KO/TKO,3,839,189.0,2007-07-07,UFC 73: Stacked,0ec579db0efcf0c6,light heavyweight,ee779c43a8926d52,Rashad Evans,Decision - Unanimous,3.0,900.0,False,True,False,False,181-270,30-34,3+
6ad9058b7c7898b0,Tony DeSouza,5,32.42984257357974,2,2006-12-30,UFC 66: Liddell vs Ortiz 2,cc02aaf53503d022,welterweight,31ee470ef5dc8d7f,Thiago Alves,KO/TKO,2,370,364.0,2007-12-29,UFC 79: Nemesis,b03816c9ccd089d7,welterweight,1c86754617d9813a,Roan Carneiro,KO/TKO,2.0,513.0,False,True,True,True,271-365,30-34,2
7c0847d3854a95f2,Sean Salmon,1,29.371663244353183,1,2007-01-25,UFC Fight Night: Evans vs Salmon,88d9e7ec7f228908,light heavyweight,ee779c43a8926d52,Rashad Evans,KO/TKO,2,366,121.0,2007-05-26,UFC 71: Liddell vs Jackson,b6462127cf553ff3,light heavyweight,4130a743d9d22163,Alan Belcher,Submission,1.0,53.0,False,True,False,False,121-180,<30,1
f34312c2ccfa0e00,Spencer Fisher,6,30.713210130047912,1,2007-01-25,UFC Fight Night: Evans vs Salmon,17b2d89ceb879a29,lightweight,e0ec3c3b6b611f7e,Hermes Franca,KO/TKO,2,543,138.0,2007-06-12,UFC Fight Night: Stout vs Fisher,07018cb7ae879456,lightweight,501b07aec9b8fc2d,Sam Stout,Decision - Unanimous,3.0,900.0,True,False,False,False,121-180,30-34,1
7f0b4a75ef3039a3,Eddie Sanchez,2,24.249144421629023,1,2007-02-03,UFC 67: All or Nothing,ca5b6d6a26891f4b,heavyweight,c32fb8c0f6471a4d,Mirko Filipovic,KO/TKO,1,273,133.0,2007-06-16,UFC 72: Victory,d4fa680b2a912534,heavyweight,1a1a4d7a29041d77,Colin Robinson,KO/TKO,2.0,332.0,True,False,True,False,121-180,<30,1
88c8f47241d90040,John Halverson,1,34.403832991101986,1,2007-02-03,UFC 67: All or Nothing,5d06b45564f62c80,lightweight,daf1b84aebd6602b,Roger Huerta,KO/TKO,1,19,392.0,2008-03-01,UFC 82: Pride of a Champion,d036a7aeab47cf8c,lightweight,04d5718ed2661e8c,Jorge Gurgel,Decision - Unanimous,3.0,900.0,False,True,False,False,366-540,30-34,1
cb46dface0e28a2c,Jorge Rivera,7,34.93223819301848,2,2007-02-03,UFC 67: All or Nothing,c742bd1673635ded,middleweight,6a92caba39b64752,Terry Martin,KO/TKO,1,14,350.0,2008-01-19,UFC 80: Rapid Fire,74c98716b4a74a3d,middleweight,234f3767ff0e5701,Kendall Grove,KO/TKO,1.0,80.0,True,False,True,False,271-365,30-34,2
05866d8c3a321856,Marvin Eastman,3,35.657768651608485,3,2007-02-03,UFC 67: All or Nothing,c1df212ba092c404,light heavyweight,ffc088e64fab57e9,Quinton Jackson,KO/TKO,2,529,364.0,2008-02-02,UFC 81: Breaking Point,7929542a0003799f,middleweight,6a92caba39b64752,Terry Martin,Decision - Unanimous,3.0,900.0,True,False,False,False,271-365,35+,3+
2be6596a9db33bf5,Jason MacDonald,3,31.748117727583846,1,2007-03-03,UFC 68: The Uprising,3404f9095676a556,middleweight,d897897060f10a3a,Rich Franklin,KO/TKO,2,600,105.0,2007-06-16,UFC 72: Victory,e8005a8c3c029a73,middleweight,546015aa2ad945fd,Rory Singer,KO/TKO,2.0,498.0,True,False,True,False,0-120,30-34,1
d468288756ae3982,Renato Sobral,9,31.485284052019164,3,2007-03-03,UFC 68: The Uprising,8ca1bb1b2517f2e5,light heavyweight,5be86bb2f78fef2f,Jason Lambert,KO/TKO,2,516,175.0,2007-08-25,UFC 74: Respect,6b38906e77607c77,light heavyweight,4f95f74620a6b7a4,David Heath,Submission,2.0,510.0,True,False,False,False,121-180,30-34,3+
6506c1d34da9c013,Georges St-Pierre,9,25.883641341546884,1,2007-04-07,UFC 69: Shootout,9f60dd19c5705d45,welterweight,86dfed7cc24a9fa7,Matt Serra,KO/TKO,1,205,140.0,2007-08-25,UFC 74: Respect,675cbe90f6d96feb,welterweight,dd37fd509af89f15,Josh Koscheck,Decision - Unanimous,3.0,900.0,True,False,False,False,121-180,<30,1
afdb76fbd86f6d11,Edilberto de Oliveira,1,24.410677618069816,1,2007-04-21,UFC 70: Nations Collide,57a71ab365d2b64d,welterweight,9b74de674c355425,Paul Taylor,KO/TKO,3,637,151.0,2007-09-19,UFC Fight Night: Thomas vs Florian,997eda9196aad7f9,welterweight,93ce4ac89e3d7652,Luke Cummo,KO/TKO,1.0,105.0,False,True,True,True,121-180,<30,1
c32fb8c0f6471a4d,Mirko Filipovic,2,32.610540725530456,1,2007-04-21,UFC 70: Nations Collide,e7a7ab126225540c,heavyweight,270b89c00ef0c55c,Gabriel Gonzaga,KO/TKO,1,291,140.0,2007-09-08,UFC 75: Champion vs Champion,76d490a8bb168c78,heavyweight,1eacf73d6a0055dc,Cheick Kongo,Decision - Unanimous,3.0,900.0,False,True,False,False,121-180,30-34,1
a390eb8a9b2df298,Chuck Liddell,18,37.437371663244356,2,2007-05-26,UFC 71: Liddell vs Jackson,88b225f6f1fa5c59,light heavyweight,ffc088e64fab57e9,Quinton Jackson,KO/TKO,1,113,119.0,2007-09-22,UFC 76: Knockout,068e118edac9e057,light heavyweight,b9d0fd83bb8a147a,Keith Jardine,Decision - Split,3.0,900.0,False,True,False,False,0-120,35+,2
394f55ebca199124,Ivan Salaverry,6,36.369609856262834,1,2007-05-26,UFC 71: Liddell vs Jackson,1ac335f049ed4e5e,middleweight,6a92caba39b64752,Terry Martin,KO/TKO,1,124,364.0,2008-05-24,UFC 84: Ill Will,03d30a534dee8ac5,middleweight,8ddf9c51c5fdea75,Rousimar Palhares,Submission,1.0,156.0,False,True,False,False,271-365,35+,1
a7f4d0902bb64092,James Irvin,5,28.700889801505816,2,2007-05-26,UFC 71: Liddell vs Jackson,cc444b10ea87c381,light heavyweight,2924886ee9c4c527,Thiago Silva,KO/TKO,1,66,217.0,2007-12-29,UFC 79: Nemesis,2b2a50d442da2b84,light heavyweight,24b033b3daf1c9df,Luiz Cane,DQ,1.0,111.0,True,False,False,False,181-270,<30,2
b9d0fd83bb8a147a,Keith Jardine,6,31.567419575633128,1,2007-05-26,UFC 71: Liddell vs Jackson,5157988b77ca1097,light heavyweight,0541480fbf719d86,Houston Alexander,KO/TKO,1,48,119.0,2007-09-22,UFC 76: Knockout,068e118edac9e057,light heavyweight,a390eb8a9b2df298,Chuck Liddell,Decision - Split,3.0,900.0,True,False,False,False,0-120,30-34,1
45bc8f98d62bd096,Jordan Radev,1,30.702258726899384,1,2007-06-12,UFC Fight Night: Stout vs Fisher,3b52291052353eef,middleweight,1fd4fbdcc67de844,Drew McFedries,KO/TKO,1,33,200.0,2007-12-29,UFC 79: Nemesis,afedd038b986cebc,middleweight,68c6cd5287b473a7,Dean Lister,Decision - Unanimous,3.0,900.0,False,True,False,False,181-270,30-34,1
1a1a4d7a29041d77,Colin Robinson,1,38.548939082819984,1,2007-06-16,UFC 72: Victory,d4fa680b2a912534,heavyweight,7f0b4a75ef3039a3,Eddie Sanchez,KO/TKO,2,332,217.0,2008-01-19,UFC 80: Rapid Fire,26ad51050ea55600,heavyweight,69b69c0178c4004d,Antoni Hardonk,KO/TKO,1.0,17.0,False,True,True,True,181-270,35+,1
ad3041e61896b975,Jason Tan,1,25.49486652977413,1,2007-06-16,UFC 72: Victory,f1c1890491959bcf,welterweight,b7d524c77c27389b,Marcus Davis,KO/TKO,1,75,343.0,2008-05-24,UFC 84: Ill Will,1d00497a573d7f4c,welterweight,9bcf8603ceb25680,Dong Hyun Kim,KO/TKO,3.0,625.0,False,True,True,True,271-365,<30,1
d3de4a24f7eefac8,Doug Evans,1,26.699520876112253,1,2007-06-23,The Ultimate Fighter: Team Pulver vs. Team Penn Finale,518fec4812ed1587,lightweight,daf1b84aebd6602b,Roger Huerta,KO/TKO,2,510,189.0,2007-12-29,UFC 79: Nemesis,c1b59b145d064048,lightweight,cf9d24e4bd0cf2ce,Mark Bocek,Decision - Unanimous,3.0,900.0,False,True,False,False,181-270,<30,1
cbe79765d44bd172,Alvin Robinson,1,24.974674880219027,1,2007-07-07,UFC 73: Stacked,19da32f5af2e8e2b,lightweight,cb139171ed1b69fe,Kenny Florian,KO/TKO,1,270,105.0,2007-10-20,UFC 77: Hostile Territory,2571e91b263df9fb,lightweight,04d5718ed2661e8c,Jorge Gurgel,Decision - Unanimous,3.0,900.0,True,False,False,False,0-120,<30,1
cf9d24e4bd0cf2ce,Mark Bocek,1,25.700205338809035,1,2007-07-07,UFC 73: Stacked,2748001ead121b8a,lightweight,f2688492b9a525a3,Frankie Edgar,KO/TKO,1,295,175.0,2007-12-29,UFC 79: Nemesis,c1b59b145d064048,lightweight,d3de4a24f7eefac8,Doug Evans,Decision - Unanimous,3.0,900.0,True,False,False,False,121-180,<30,1
a8e6a69796280f17,Nate Marquardt,5,28.213552361396303,1,2007-07-07,UFC 73: Stacked,eff9207427f0e02c,middleweight,1f454354805b6f75,Anderson Silva,KO/TKO,1,290,210.0,2008-02-02,UFC 81: Breaking Point,8f560a1fa19c122a,middleweight,8d26912cd2aeb366,Jeremy Horn,Submission,2.0,397.0,True,False,False,False,181-270,<30,1
25433871e4eee0f4,Alberto Crane,1,31.1129363449692,1,2007-08-25,UFC 74: Respect,6ce5d8041189d652,lightweight,daf1b84aebd6602b,Roger Huerta,KO/TKO,3,710,151.0,2008-01-23,UFC Fight Night: Swick vs Burkman,3957d820e11275f7,lightweight,aa1952ec0b3dd8e1,Kurt Pellegrino,KO/TKO,2.0,415.0,False,True,True,True,121-180,30-34,1
270b89c00ef0c55c,Gabriel Gonzaga,5,28.27104722792608,1,2007-08-25,UFC 74: Respect,2f22e38844aa7d96,heavyweight,0aa92558424ced9e,Randy Couture,KO/TKO,3,697,147.0,2008-01-19,UFC 80: Rapid Fire,f9b600343a31227b,heavyweight,492b202d2064e7a9,Fabricio Werdum,KO/TKO,2.0,574.0,False,True,True,True,121-180,<30,1
234f3767ff0e5701,Kendall Grove,4,24.78302532511978,1,2007-08-25,UFC 74: Respect,cc17e4d182235a95,middleweight,9fa3bd637edd9aa2,Patrick Cote,KO/TKO,1,285,147.0,2008-01-19,UFC 80: Rapid Fire,74c98716b4a74a3d,middleweight,cb46dface0e28a2c,Jorge Rivera,KO/TKO,1.0,80.0,False,True,True,True,121-180,<30,1
7f955f71fa2ce7ac,Alessio Sakara,6,26.015058179329227,2,2007-09-08,UFC 75: Champion vs Champion,79db1d9b15e16b1d,light heavyweight,0541480fbf719d86,Houston Alexander,KO/TKO,1,61,133.0,2008-01-19,UFC 80: Rapid Fire,1197b94bb4b56cc2,light heavyweight,863d06a7ef8bc98c,James Lee,KO/TKO,1.0,90.0,True,False,True,False,121-180,<30,2
bc8f6b42767e28df,Naoyuki Kotani,2,25.749486652977414,1,2007-09-08,UFC 75: Champion vs Champion,574b4599ae9cb64e,lightweight,5f87a5c00b3d17ed,Dennis Siver,KO/TKO,2,424,2506.0,2014-07-19,UFC Fight Night: McGregor vs Brandao,611ccad0fc46ba51,lightweight,14ff46596ad80609,Norman Parke,KO/TKO,2.0,521.0,False,True,True,True,541+,<30,1
679a9054e2815943,Tomasz Drwal,1,25.626283367556468,1,2007-09-08,UFC 75: Champion vs Champion,a3dfa0ac05433450,light heavyweight,2924886ee9c4c527,Thiago Silva,KO/TKO,2,563,497.0,2009-01-17,UFC 93: Franklin vs Henderson,5a3b530c73106c5c,light heavyweight,b23fca14c7b79935,Ivan Serati,KO/TKO,1.0,122.0,True,False,True,False,366-540,<30,1
c6d8ae3b016d5ad5,Joe Veres,1,29.859000684462696,1,2007-09-19,UFC Fight Night: Thomas vs Florian,c86702c01c4cfee2,lightweight,7d96bc577e5178b2,Gray Maynard,KO/TKO,1,9,126.0,2008-01-23,UFC Fight Night: Swick vs Burkman,e1c333892d395a35,lightweight,abbc737317f66b81,Corey Hill,KO/TKO,2.0,337.0,False,True,True,True,121-180,<30,1
9d4522df6fc49a47,Kuniyoshi Hironaka,3,31.255304585900067,1,2007-09-19,UFC Fight Night: Thomas vs Florian,c536a1119406c0f0,welterweight,31ee470ef5dc8d7f,Thiago Alves,KO/TKO,2,544,213.0,2008-04-19,UFC 83: Serra vs St-Pierre 2,be38ed9ccfe2ee03,welterweight,fb1538b46877a695,Jonathan Goulet,KO/TKO,2.0,427.0,False,True,True,True,181-270,30-34,1
0359313549d230a1,Pete Sell,5,25.12251882272416,3,2007-09-19,UFC Fight Night: Thomas vs Florian,b46679306287ea79,middleweight,52cae54377b433b7,Nate Quarry,KO/TKO,3,644,402.0,2008-10-25,UFC 90: Silva vs Cote,cfbeeffd65101ae1,welterweight,6da99156486ed6c2,Joshua Burkman,Decision - Unanimous,3.0,900.0,True,False,False,False,366-540,<30,3+
6a92caba39b64752,Terry Martin,5,26.940451745379878,3,2007-09-19,UFC Fight Night: Thomas vs Florian,e7d444e279914116,middleweight,d43a048a880efdff,Chris Leben,KO/TKO,3,836,136.0,2008-02-02,UFC 81: Breaking Point,7929542a0003799f,middleweight,05866d8c3a321856,Marvin Eastman,Decision - Unanimous,3.0,900.0,False,True,False,False,121-180,<30,3+
f59f1d3a2ff13edd,Eric Schafer,3,30.080766598220396,2,2007-10-20,UFC 77: Hostile Territory,f4e5f49ca3831e64,light heavyweight,c6a33ff198aaaeeb,Stephan Bonnar,KO/TKO,2,467,333.0,2008-09-17,UFC Fight Night: Diaz vs Neer,505d3d9b006014c8,light heavyweight,0541480fbf719d86,Houston Alexander,Submission,1.0,293.0,True,False,False,False,271-365,30-34,2
d897897060f10a3a,Rich Franklin,11,33.040383299110196,2,2007-10-20,UFC 77: Hostile Territory,3fe3208df1098fdc,middleweight,1f454354805b6f75,Anderson Silva,KO/TKO,2,367,182.0,2008-04-19,UFC 83: Serra vs St-Pierre 2,6ae2cd7feede5a33,middleweight,622f015c81a9b13a,Travis Lutter,KO/TKO,2.0,481.0,True,False,True,False,181-270,30-34,2
0541480fbf719d86,Houston Alexander,3,35.65503080082136,1,2007-11-17,UFC 78: Validation,9d59ae86a2e6c444,light heavyweight,2924886ee9c4c527,Thiago Silva,KO/TKO,1,205,137.0,2008-04-02,UFC Fight Night: Florian vs Lauzon,10b19bb48aadc6bd,light heavyweight,a7f4d0902bb64092,James Irvin,KO/TKO,1.0,8.0,False,True,True,True,121-180,35+,1
dbaaf42313af90fa,Joe Doerksen,5,30.105407255304584,2,2007-11-17,UFC 78: Validation,bdd782059be98dfb,middleweight,06f36cf4bd97ec77,Ed Herman,KO/TKO,3,639,154.0,2008-04-19,UFC 83: Serra vs St-Pierre 2,96da5813683649f5,middleweight,2be6596a9db33bf5,Jason MacDonald,KO/TKO,2.0,354.0,False,True,True,True,121-180,30-34,2
60029bcf496bd707,Soa Palelei,1,30.46406570841889,1,2007-12-29,UFC 79: Nemesis,6d691b736d8c98b0,heavyweight,7f0b4a75ef3039a3,Eddie Sanchez,KO/TKO,3,804,2072.0,2013-08-31,UFC 164: Henderson vs Pettis 2,b4555cd5b5d2a53f,heavyweight,1091d4d957141094,Nikita Krylov,KO/TKO,3.0,694.0,True,False,True,False,541+,30-34,1
270b89c00ef0c55c,Gabriel Gonzaga,6,28.673511293634498,2,2008-01-19,UFC 80: Rapid Fire,f9b600343a31227b,heavyweight,492b202d2064e7a9,Fabricio Werdum,KO/TKO,2,574,168.0,2008-07-05,UFC 86: Jackson vs Griffin,bbe3d2a2ad8d204e,heavyweight,75f871836d41f90f,Justin McCully,Submission,1.0,117.0,True,False,False,False,121-180,<30,2
5be86bb2f78fef2f,Jason Lambert,6,32.629705681040384,2,2008-01-19,UFC 80: Rapid Fire,0e37ea649c51fba9,light heavyweight,af5b208e97f5d382,Wilson Gouveia,KO/TKO,2,337,140.0,2008-06-07,UFC 85: Bedlam,b976eb99de0f63ca,light heavyweight,24b033b3daf1c9df,Luiz Cane,KO/TKO,1.0,127.0,False,True,True,True,121-180,30-34,2
a8aba6fd8a463043,Jess Liaudin,3,,1,2008-01-19,UFC 80: Rapid Fire,524ce5c0d6db74bb,welterweight,b7d524c77c27389b,Marcus Davis,KO/TKO,1,64,140.0,2008-06-07,UFC 85: Bedlam,96c95cff535291d9,welterweight,9b74de674c355425,Paul Taylor,Decision - Split,3.0,900.0,False,True,False,False,121-180,,1
234f3767ff0e5701,Kendall Grove,5,25.1854893908282,2,2008-01-19,UFC 80: Rapid Fire,74c98716b4a74a3d,middleweight,cb46dface0e28a2c,Jorge Rivera,KO/TKO,1,80,154.0,2008-06-21,The Ultimate Fighter: Team Rampage vs Team Forrest Finale,98b1ee14ad4ea1c6,middleweight,8f2d9ee27f206f1f,Evan Tanner,Decision - Split,3.0,900.0,True,False,False,False,121-180,<30,2
282fa667ff9c51ed,Cole Miller,3,23.742642026009584,1,2008-01-23,UFC Fight Night: Swick vs Burkman,c4b0ef8f42eecbcc,lightweight,18968f97ad34f15c,Jeremy Stephens,KO/TKO,2,584,164.0,2008-07-05,UFC 86: Jackson vs Griffin,66f0238fac31130f,lightweight,04d5718ed2661e8c,Jorge Gurgel,Submission,3.0,888.0,True,False,False,False,121-180,<30,1
1fd4fbdcc67de844,Drew McFedries,4,29.492128678986994,1,2008-01-23,UFC Fight Night: Swick vs Burkman,d470bb3cb98d9ed7,middleweight,9fa3bd637edd9aa2,Patrick Cote,KO/TKO,1,104,150.0,2008-06-21,The Ultimate Fighter: Team Rampage vs Team Forrest Finale,98a1121ffbc47657,middleweight,05866d8c3a321856,Marvin Eastman,KO/TKO,1.0,68.0,True,False,True,False,121-180,<30,1
a6959da32f0e6b5d,Kyle Bradley,1,25.456536618754278,1,2008-02-02,UFC 81: Breaking Point,bb6eacc986791dcd,welterweight,91acd6910b802a9e,Chris Lytle,KO/TKO,1,33,228.0,2008-09-17,UFC Fight Night: Diaz vs Neer,f6ea148cfeb1aaf7,lightweight,3bad7ef643840f67,Joe Lauzon,KO/TKO,2.0,394.0,False,True,True,True,181-270,<30,1
7f955f71fa2ce7ac,Alessio Sakara,8,26.494182067077343,3,2008-03-01,UFC 82: Pride of a Champion,50325e08203fedbd,middleweight,d43a048a880efdff,Chris Leben,KO/TKO,1,196,200.0,2008-09-17,UFC Fight Night: Diaz vs Neer,830bf05d0ee635a1,middleweight,d35c3ed553b71fa2,Joe Vedepo,KO/TKO,1.0,87.0,True,False,True,False,181-270,<30,3+
1efa064872f089d0,David Bielkheden,1,28.736481861738536,1,2008-03-01,UFC 82: Pride of a Champion,bcf49463525efbee,welterweight,82e7929bf6c2b689,Diego Sanchez,KO/TKO,1,283,231.0,2008-10-18,UFC 89: Bisping vs Leben,194f8d501f318ada,lightweight,a8aba6fd8a463043,Jess Liaudin,Decision - Unanimous,3.0,900.0,True,False,False,False,181-270,<30,1
a149d6bc670cdb60,Dustin Hazelett,5,21.83983572895277,1,2008-03-01,UFC 82: Pride of a Champion,825aa322af15780a,welterweight,dd37fd509af89f15,Josh Koscheck,KO/TKO,2,384,112.0,2008-06-21,The Ultimate Fighter: Team Rampage vs Team Forrest Finale,688c8b695e521ce8,welterweight,6da99156486ed6c2,Joshua Burkman,Submission,2.0,586.0,True,False,False,False,0-120,<30,1
8f2d9ee27f206f1f,Evan Tanner,16,37.05133470225873,3,2008-03-01,UFC 82: Pride of a Champion,04476d021385a621,middleweight,acff437707625fc7,Yushin Okami,KO/TKO,2,480,112.0,2008-06-21,The Ultimate Fighter: Team Rampage vs Team Forrest Finale,98b1ee14ad4ea1c6,middleweight,234f3767ff0e5701,Kendall Grove,Decision - Split,3.0,900.0,False,True,False,False,0-120,35+,3+
20bcc9966affb19c,Jake O'Brien,4,23.430527036276523,1,2008-03-01,UFC 82: Pride of a Champion,8b15591a73aa7eb0,heavyweight,3738e68d2261e60f,Andrei Arlovski,KO/TKO,2,557,140.0,2008-07-19,UFC: Silva vs Irvin,333c9e6f3cc8f91e,heavyweight,0ff11cc094e887bc,Cain Velasquez,KO/TKO,1.0,122.0,False,True,True,True,121-180,<30,1
0541480fbf719d86,Houston Alexander,4,36.030116358658454,2,2008-04-02,UFC Fight Night: Florian vs Lauzon,10b19bb48aadc6bd,light heavyweight,a7f4d0902bb64092,James Irvin,KO/TKO,1,8,168.0,2008-09-17,UFC Fight Night: Diaz vs Neer,505d3d9b006014c8,light heavyweight,f59f1d3a2ff13edd,Eric Schafer,Submission,1.0,293.0,False,True,False,False,121-180,35+,2
3bad7ef643840f67,Joe Lauzon,4,23.863107460643395,1,2008-04-02,UFC Fight Night: Florian vs Lauzon,362f78f23304c6f4,lightweight,cb139171ed1b69fe,Kenny Florian,KO/TKO,2,508,168.0,2008-09-17,UFC Fight Night: Diaz vs Neer,f6ea148cfeb1aaf7,lightweight,a6959da32f0e6b5d,Kyle Bradley,KO/TKO,2.0,394.0,True,False,True,False,121-180,<30,1
349aaa3da11eb587,Karo Parisyan,11,25.596167008898014,1,2008-04-02,UFC Fight Night: Florian vs Lauzon,78f46acac9223859,welterweight,31ee470ef5dc8d7f,Thiago Alves,KO/TKO,2,324,304.0,2009-01-31,UFC 94: St-Pierre vs Penn 2,aa161809e78bef96,welterweight,9bcf8603ceb25680,Dong Hyun Kim,Overturned,3.0,900.0,False,True,False,False,271-365,<30,1
1208ffc5be6e31ad,Samy Schiavo,1,32.27378507871321,1,2008-04-02,UFC Fight Night: Florian vs Lauzon,f35b859289fba80e,lightweight,c47df9303d318c67,Clay Guida,KO/TKO,1,255,199.0,2008-10-18,UFC 89: Bisping vs Leben,757c11f17278b06a,lightweight,58bc81376286b3d3,Per Eklund,Submission,3.0,707.0,False,True,False,False,181-270,30-34,1
c80095f6092271a7,Tim Boetsch,2,27.175906913073238,1,2008-04-02,UFC Fight Night: Florian vs Lauzon,dbe6c361530958bc,light heavyweight,98b80a717b9bda17,Matt Hamill,KO/TKO,2,385,157.0,2008-09-06,UFC 88: Breakthrough,0568994b8323d640,light heavyweight,83d0de122f2f9664,Michael Patt,KO/TKO,1.0,123.0,True,False,True,False,121-180,<30,1
4130a743d9d22163,Alan Belcher,6,23.98631074606434,1,2008-04-19,UFC 83: Serra vs St-Pierre 2,920194911d727a38,middleweight,a6fd2173d5e2d7f0,Jason Day,KO/TKO,1,238,151.0,2008-09-17,UFC Fight Night: Diaz vs Neer,3818a33c9103c88f,middleweight,06f36cf4bd97ec77,Ed Herman,Decision - Split,3.0,900.0,True,False,False,False,121-180,<30,1
6803d4d6908354ac,Brad Morris,1,28.465434633812457,1,2008-04-19,UFC 83: Serra vs St-Pierre 2,eb1b371dfc37fcdb,heavyweight,0ff11cc094e887bc,Cain Velasquez,KO/TKO,1,130,151.0,2008-09-17,UFC Fight Night: Diaz vs Neer,d23b05f33b741c47,light heavyweight,497ba5b12a4bfc47,Jason Brilz,KO/TKO,2.0,474.0,False,True,True,True,121-180,<30,1
dbaaf42313af90fa,Joe Doerksen,6,30.527036276522928,3,2008-04-19,UFC 83: Serra vs St-Pierre 2,96da5813683649f5,middleweight,2be6596a9db33bf5,Jason MacDonald,KO/TKO,2,354,749.0,2010-05-08,UFC 113: Machida vs Shogun 2,351dccf63078a20e,middleweight,4d44f37107f01b9b,Tom Lawlor,Submission,2.0,430.0,True,False,False,False,541+,30-34,3+
86dfed7cc24a9fa7,Matt Serra,11,33.880903490759756,2,2008-04-19,UFC 83: Serra vs St-Pierre 2,67948da92e6c9bdc,welterweight,6506c1d34da9c013,Georges St-Pierre,KO/TKO,2,585,399.0,2009-05-23,UFC 98: Evans vs Machida,d1e144ce44599f3a,welterweight,621a6c59f88a44fe,Matt Hughes,Decision - Unanimous,3.0,900.0,False,True,False,False,366-540,30-34,2
3795fca327cbcf23,Antonio Mendes,1,27.096509240246405,1,2008-05-24,UFC 84: Ill Will,e57d1260201e5101,light heavyweight,2924886ee9c4c527,Thiago Silva,KO/TKO,1,144,238.0,2009-01-17,UFC 93: Franklin vs Henderson,4da34f2980b5c58d,light heavyweight,f59f1d3a2ff13edd,Eric Schafer,KO/TKO,1.0,215.0,False,True,True,True,181-270,<30,1
f1b2a4365799c48b,Christian Wellisch,4,32.695414099931554,2,2008-05-24,UFC 84: Ill Will,628d02b6046d5f73,heavyweight,68dd7b3783c19f9c,Shane Carwin,KO/TKO,1,44,252.0,2009-01-31,UFC 94: St-Pierre vs Penn 2,1cb28e867dd749b8,light heavyweight,20bcc9966affb19c,Jake O'Brien,Decision - Split,3.0,900.0,False,True,False,False,181-270,30-34,2
b9d0fd83bb8a147a,Keith Jardine,8,32.563997262149215,2,2008-05-24,UFC 84: Ill Will,6baa381a75582d98,light heavyweight,a1f6999fe57236e0,Wanderlei Silva,KO/TKO,1,36,147.0,2008-10-18,UFC 89: Bisping vs Leben,01d71345ba7ea6f9,light heavyweight,fa315e6c77eee106,Brandon Vera,Decision - Split,3.0,900.0,True,False,False,False,121-180,30-34,2
029880cdbf5ca089,Sean Sherk,9,34.80082135523614,2,2008-05-24,UFC 84: Ill Will,c9d3ccbfef600989,lightweight,73c7cfa551289285,BJ Penn,KO/TKO,3,900,154.0,2008-10-25,UFC 90: Silva vs Cote,d5a0e8c67ed8abe0,lightweight,20205040232ed0f3,Tyson Griffin,Decision - Unanimous,3.0,900.0,True,False,False,False,121-180,30-34,2
af5b208e97f5d382,Wilson Gouveia,6,29.639972621492127,1,2008-05-24,UFC 84: Ill Will,c5bef3da17e595ee,light heavyweight,132f860d02953f4c,Goran Reljic,KO/TKO,2,495,116.0,2008-09-17,UFC Fight Night: Diaz vs Neer,43e8fcd8e4d015fb,middleweight,aae99701b21554e4,Ryan Jensen,Submission,2.0,424.0,True,False,False,False,0-120,<30,1
fa315e6c77eee106,Brandon Vera,6,30.65845311430527,1,2008-06-07,UFC 85: Bedlam,0fe3681eb934bdc3,heavyweight,492b202d2064e7a9,Fabricio Werdum,KO/TKO,1,280,42.0,2008-07-19,UFC: Silva vs Irvin,512f2d10f92d0d36,light heavyweight,46e2ca71fd5089cb,Reese Andy,Decision - Unanimous,3.0,900.0,True,False,False,False,0-120,30-34,1
7f0b4a75ef3039a3,Eddie Sanchez,5,25.590691307323752,2,2008-06-07,UFC 85: Bedlam,8a8400c6c42df59a,heavyweight,69b69c0178c4004d,Antoni Hardonk,KO/TKO,2,555,186.0,2008-12-10,UFC Fight Night - Fight for the Troops,2f736846aebbf12d,heavyweight,75f871836d41f90f,Justin McCully,Decision - Unanimous,3.0,900.0,False,True,False,False,181-270,<30,2
a6fd2173d5e2d7f0,Jason Day,2,27.052703627652292,1,2008-06-07,UFC 85: Bedlam,761681c1ab0fdead,middleweight,2b93ebd9f5417ad2,Michael Bisping,KO/TKO,1,222,273.0,2009-03-07,UFC 96: Jackson vs Jardine,d9d7e8e9149e61b1,middleweight,234f3767ff0e5701,Kendall Grove,KO/TKO,1.0,92.0,False,True,True,True,271-365,<30,1
5be86bb2f78fef2f,Jason Lambert,7,33.01300479123888,3,2008-06-07,UFC 85: Bedlam,b976eb99de0f63ca,light heavyweight,24b033b3daf1c9df,Luiz Cane,KO/TKO,1,127,91.0,2008-09-06,UFC 88: Breakthrough,81734d11cb6a8ebb,middleweight,2be6596a9db33bf5,Jason MacDonald,Submission,2.0,380.0,False,True,False,False,0-120,30-34,3+
621a6c59f88a44fe,Matt Hughes,20,34.65023956194388,2,2008-06-07,UFC 85: Bedlam,b3a3341a5db2d484,welterweight,31ee470ef5dc8d7f,Thiago Alves,KO/TKO,2,362,350.0,2009-05-23,UFC 98: Evans vs Machida,d1e144ce44599f3a,welterweight,86dfed7cc24a9fa7,Matt Serra,Decision - Unanimous,3.0,900.0,True,False,False,False,271-365,30-34,2
8a59d346dc976a10,Thiago Tavares,5,23.578370978781656,1,2008-06-07,UFC 85: Bedlam,94f880f25dd011cd,lightweight,eb29176b03dfa888,Matt Wiman,KO/TKO,2,417,91.0,2008-09-06,UFC 88: Breakthrough,976f7f5e7537c62b,lightweight,aa1952ec0b3dd8e1,Kurt Pellegrino,Decision - Unanimous,3.0,900.0,False,True,False,False,0-120,<30,1
9583662df31d943f,Luigi Fioravanti,7,27.411362080766597,1,2008-06-21,The Ultimate Fighter: Team Rampage vs Team Forrest Finale,31c2d8648b06a001,welterweight,82e7929bf6c2b689,Diego Sanchez,KO/TKO,3,847,172.0,2008-12-10,UFC Fight Night - Fight for the Troops,ecfe522e5f1e766b,catch weight,91d73ee59347ac16,Brodie Farber,Decision - Unanimous,3.0,900.0,True,False,False,False,121-180,<30,1
de62052b2ede65ba,Matt Arroyo,2,25.804243668720055,1,2008-06-21,The Ultimate Fighter: Team Rampage vs Team Forrest Finale,6aee27cc2610b56a,welterweight,31123249b0bbf52e,Matt Brown,KO/TKO,2,520,224.0,2009-01-31,UFC 94: St-Pierre vs Penn 2,fb7d31b36bebc5af,welterweight,480b702debcb5433,Dan Cramer,Decision - Split,3.0,900.0,False,True,False,False,181-270,<30,1
5f87a5c00b3d17ed,Dennis Siver,4,29.475701574264203,1,2008-07-05,UFC 86: Jackson vs Griffin,13858ffdaaef5671,lightweight,ccd1299e0345e0ce,Melvin Guillard,KO/TKO,1,36,196.0,2009-01-17,UFC 93: Franklin vs Henderson,f046dfa306dc7acb,lightweight,04c15b52c3cc1cab,Nate Mohr,KO/TKO,3.0,825.0,True,False,True,False,181-270,<30,1
365fee2da473b177,Anthony Johnson,4,24.369609856262834,1,2008-07-19,UFC: Silva vs Irvin,51ae1d8a663ae1fe,welterweight,a6d8bfe9e0c8153b,Kevin Burns,KO/TKO,3,815,147.0,2008-12-13,The Ultimate Fighter: Team Nogueira vs. Team Mir Finale,f7cd0a90da3be3b2,welterweight,a6d8bfe9e0c8153b,Kevin Burns,KO/TKO,3.0,628.0,True,False,True,False,121-180,<30,1
91d73ee59347ac16,Brodie Farber,1,28.03832991101985,1,2008-07-19,UFC: Silva vs Irvin,82f2afc6d7db44f3,welterweight,23a16ebe733e3041,Rory Markham,KO/TKO,1,97,144.0,2008-12-10,UFC Fight Night - Fight for the Troops,ecfe522e5f1e766b,catch weight,9583662df31d943f,Luigi Fioravanti,Decision - Unanimous,3.0,900.0,False,True,False,False,121-180,<30,1
20bcc9966affb19c,Jake O'Brien,5,23.813826146475016,2,2008-07-19,UFC: Silva vs Irvin,333c9e6f3cc8f91e,heavyweight,0ff11cc094e887bc,Cain Velasquez,KO/TKO,1,122,196.0,2009-01-31,UFC 94: St-Pierre vs Penn 2,1cb28e867dd749b8,light heavyweight,f1b2a4365799c48b,Christian Wellisch,Decision - Split,3.0,900.0,True,False,False,False,181-270,<30,2
a7f4d0902bb64092,James Irvin,8,29.8507871321013,3,2008-07-19,UFC: Silva vs Irvin,4eafb2657c3781f5,light heavyweight,1f454354805b6f75,Anderson Silva,KO/TKO,1,61,610.0,2010-03-21,UFC Live: Vera vs Jones,275c22a93bdd84d8,middleweight,7f955f71fa2ce7ac,Alessio Sakara,KO/TKO,1.0,181.0,False,True,True,True,541+,<30,3+
dd8aec6de7035943,Dan Evensen,1,34.19028062970568,1,2008-08-09,UFC 87: Seek And Destroy,4f7a7a0b67f085b3,heavyweight,1eacf73d6a0055dc,Cheick Kongo,KO/TKO,1,295,140.0,2008-12-27,UFC 92: The Ultimate 2008,8add23232cdb36ee,heavyweight,658c3465581ae46b,Pat Barry,KO/TKO,1.0,156.0,False,True,True,True,121-180,30-34,1
cc6f9d1e89f3449a,Manvel Gamburyan,4,27.255304585900067,1,2008-08-09,UFC 87: Seek And Destroy,e915c1987050eac8,lightweight,dc0f07928009a127,Rob Emerson,KO/TKO,1,12,175.0,2009-01-31,UFC 94: St-Pierre vs Penn 2,e6dd15ef9fd7927e,lightweight,8a59d346dc976a10,Thiago Tavares,Decision - Unanimous,3.0,900.0,False,True,False,False,121-180,<30,1
a390eb8a9b2df298,Chuck Liddell,21,38.72142368240931,3,2008-09-06,UFC 88: Breakthrough,3e126f482e9a84b8,light heavyweight,ee779c43a8926d52,Rashad Evans,KO/TKO,2,411,224.0,2009-04-18,UFC 97: Redemption,d29dd21d8881a0e0,light heavyweight,140745cbbcb023ac,Mauricio Rua,KO/TKO,1.0,268.0,False,True,True,True,181-270,35+,3+
8b69839f3555a67b,Martin Kampmann,5,26.390143737166323,1,2008-09-06,UFC 88: Breakthrough,b74ecc368d3ecbc4,middleweight,a8e6a69796280f17,Nate Marquardt,KO/TKO,1,82,133.0,2009-01-17,UFC 93: Franklin vs Henderson,e9658a79cfaafbb1,welterweight,8fd1f27e86661ede,Alexandre Barros,KO/TKO,2.0,489.0,True,False,True,False,121-180,<30,1
98b80a717b9bda17,Matt Hamill,6,31.920602327173167,1,2008-09-06,UFC 88: Breakthrough,c5574b79e31a1b2b,light heavyweight,d897897060f10a3a,Rich Franklin,KO/TKO,3,639,112.0,2008-12-27,UFC 92: The Ultimate 2008,539eff1fe2fb39ba,light heavyweight,46e2ca71fd5089cb,Reese Andy,KO/TKO,2.0,439.0,True,False,True,False,0-120,30-34,1
83d0de122f2f9664,Michael Patt,1,,1,2008-09-06,UFC 88: Breakthrough,0568994b8323d640,light heavyweight,c80095f6092271a7,Tim Boetsch,KO/TKO,1,123,182.0,2009-03-07,UFC 96: Jackson vs Jardine,731a3120fdffa44c,light heavyweight,fa315e6c77eee106,Brandon Vera,KO/TKO,2.0,387.0,False,True,True,True,181-270,,1
d35c3ed553b71fa2,Joe Vedepo,1,,1,2008-09-17,UFC Fight Night: Diaz vs Neer,830bf05d0ee635a1,middleweight,7f955f71fa2ce7ac,Alessio Sakara,KO/TKO,1,87,196.0,2009-04-01,UFC Fight Night: Condit vs Kampmann,a561360edf66ee6f,middleweight,054defd5420a551f,Rob Kimmons,Submission,1.0,114.0,False,True,False,False,181-270,,1
a6959da32f0e6b5d,Kyle Bradley,2,26.080766598220396,2,2008-09-17,UFC Fight Night: Diaz vs Neer,f6ea148cfeb1aaf7,lightweight,3bad7ef643840f67,Joe Lauzon,KO/TKO,2,394,248.0,2009-05-23,UFC 98: Evans vs Machida,b4bf090eb5c57903,lightweight,64360e618823a8e4,Phillipe Nover,KO/TKO,1.0,63.0,True,False,True,False,181-270,<30,2
492b202d2064e7a9,Fabricio Werdum,4,31.238877481177276,1,2008-10-25,UFC 90: Silva vs Cote,af4cbb9072814a86,heavyweight,63def5a5662a6917,Junior Dos Santos,KO/TKO,1,81,1197.0,2012-02-04,UFC 143: Diaz vs Condit,6bde0b88f21304d4,heavyweight,3f7c14c7eca7195d,Roy Nelson,Decision - Unanimous,3.0,900.0,True,False,False,False,541+,30-34,1
9fa3bd637edd9aa2,Patrick Cote,9,28.654346338124572,1,2008-10-25,UFC 90: Silva vs Cote,2281dea0c5903a2f,middleweight,1f454354805b6f75,Anderson Silva,KO/TKO,3,639,560.0,2010-05-08,UFC 113: Machida vs Shogun 2,44adac5d05f7e883,middleweight,4130a743d9d22163,Alan Belcher,Submission,2.0,505.0,False,True,False,False,541+,<30,1
6a2f7c151031653d,Rafael Dos Anjos,1,24.05475701574264,1,2008-11-15,UFC 91: Couture vs Lesnar,9e99536eae6d709b,lightweight,18968f97ad34f15c,Jeremy Stephens,KO/TKO,3,639,137.0,2009-04-01,UFC Fight Night: Condit vs Kampmann,f1100f1bc6cbb351,lightweight,20205040232ed0f3,Tyson Griffin,Decision - Unanimous,3.0,900.0,False,True,False,False,121-180,<30,1
0aa92558424ced9e,Randy Couture,19,45.40177960301163,5,2008-11-15,UFC 91: Couture vs Lesnar,75577b11361cb645,heavyweight,513c6f1715e547a8,Brock Lesnar,KO/TKO,2,487,287.0,2009-08-29,UFC 102: Couture vs Nogueira,2a23f787fff1d837,heavyweight,ee9d73f4fee9cbdd,Antonio Rodrigo Nogueira,Decision - Unanimous,3.0,900.0,False,True,False,False,271-365,35+,3+
aa79d5399571068e,Brandon Wolff,1,33.14715947980835,1,2008-12-10,UFC Fight Night - Fight for the Troops,79298011365a6d90,welterweight,484acc7b0f856ce9,Ben Saunders,KO/TKO,1,109,164.0,2009-05-23,UFC 98: Evans vs Machida,54d14f98d4a83def,welterweight,ab8900ae1f1dfd4c,Yoshiyuki Yoshida,Submission,1.0,144.0,False,True,False,False,121-180,30-34,1
fb1538b46877a695,Jonathan Goulet,8,29.412731006160165,3,2008-12-10,UFC Fight Night - Fight for the Troops,0f235698600c962e,welterweight,9fe85152f351e737,Mike Swick,KO/TKO,1,33,514.0,2010-05-08,UFC 113: Machida vs Shogun 2,59f77a6ecd041dff,welterweight,b7d524c77c27389b,Marcus Davis,KO/TKO,2.0,383.0,False,True,True,True,366-540,<30,3+
ab8900ae1f1dfd4c,Yoshiyuki Yoshida,2,34.587268993839835,1,2008-12-10,UFC Fight Night - Fight for the Troops,11c3035dd9104e50,welterweight,dd37fd509af89f15,Josh Koscheck,KO/TKO,1,135,164.0,2009-05-23,UFC 98: Evans vs Machida,54d14f98d4a83def,welterweight,aa79d5399571068e,Brandon Wolff,Submission,1.0,144.0,True,False,False,False,121-180,30-34,1
2be6596a9db33bf5,Jason MacDonald,9,33.530458590006845,2,2008-12-13,The Ultimate Fighter: Team Nogueira vs. Team Mir Finale,0b58bd40373b1811,middleweight,af5b208e97f5d382,Wilson Gouveia,KO/TKO,1,138,126.0,2009-04-18,UFC 97: Redemption,793432d042384a02,middleweight,52cae54377b433b7,Nate Quarry,KO/TKO,1.0,147.0,False,True,True,True,121-180,30-34,2
a6d8bfe9e0c8153b,Kevin Burns,3,28.78028747433265,1,2008-12-13,The Ultimate Fighter: Team Nogueira vs. Team Mir Finale,f7cd0a90da3be3b2,welterweight,365fee2da473b177,Anthony Johnson,KO/TKO,3,628,189.0,2009-06-20,The Ultimate Fighter: United States vs. United Kingdom Finale,4ae231bd909ceddc,welterweight,91acd6910b802a9e,Chris Lytle,Decision - Unanimous,3.0,900.0,False,True,False,False,181-270,<30,1
88a9bc81271ccd89,Vinny Magalhaes,1,24.449007529089666,1,2008-12-13,The Ultimate Fighter: Team Nogueira vs. Team Mir Finale,e65da830a1928fe6,ultimate fighter 8 light heavyweight tournament,c0ab242c40decc55,Ryan Bader,KO/TKO,1,138,126.0,2009-04-18,UFC 97: Redemption,c6a5ed1127cbc9b9,light heavyweight,a08d909a5be6f410,Eliot Marshall,Decision - Unanimous,3.0,900.0,False,True,False,False,121-180,<30,1
ee9d73f4fee9cbdd,Antonio Rodrigo Nogueira,3,32.56947296372348,1,2008-12-27,UFC 92: The Ultimate 2008,02c54d382fb1c347,interim heavyweight,1ff9589f9065a9ed,Frank Mir,KO/TKO,2,414,245.0,2009-08-29,UFC 102: Couture vs Nogueira,2a23f787fff1d837,heavyweight,0aa92558424ced9e,Randy Couture,Decision - Unanimous,3.0,900.0,True,False,False,False,181-270,30-34,1
fcffee71cff5530e,Forrest Griffin,10,29.78507871321013,2,2008-12-27,UFC 92: The Ultimate 2008,041dd0fae4650970,light heavyweight,ee779c43a8926d52,Rashad Evans,KO/TKO,3,766,224.0,2009-08-08,UFC 101: Declaration,de495aa2ec1f1e91,light heavyweight,1f454354805b6f75,Anderson Silva,KO/TKO,1.0,203.0,False,True,True,True,181-270,<30,2
5b2d7906aa894274,Mike Massenzio,2,26.154688569472963,1,2008-12-27,UFC 92: The Ultimate 2008,b8927a3a2735acb0,middleweight,5d7bdab5e03e3216,CB Dollaway,KO/TKO,1,181,582.0,2010-08-01,UFC Live: Jones vs Matyushenko,a3902e22c10725c4,middleweight,579fcdfcabd23a7b,Brian Stann,Submission,3.0,790.0,False,True,False,False,541+,<30,1
1cf1310684a841f5,Mostapha Al-Turk,1,35.455167693360714,1,2008-12-27,UFC 92: The Ultimate 2008,b3f4583109b429af,heavyweight,1eacf73d6a0055dc,Cheick Kongo,KO/TKO,1,277,168.0,2009-06-13,UFC 99: The Comeback,3b44d0179f94726c,heavyweight,c32fb8c0f6471a4d,Mirko Filipovic,KO/TKO,1.0,186.0,False,True,True,True,121-180,35+,1
a1f6999fe57236e0,Wanderlei Silva,6,32.48459958932238,2,2008-12-27,UFC 92: The Ultimate 2008,c62d5962b99938de,light heavyweight,ffc088e64fab57e9,Quinton Jackson,KO/TKO,1,201,168.0,2009-06-13,UFC 99: The Comeback,fcf3b0d21df10f56,catch weight,d897897060f10a3a,Rich Franklin,Decision - Unanimous,3.0,900.0,False,True,False,False,121-180,30-34,2
21b8a0f5c231096f,Mark Coleman,10,44.0766598220397,2,2009-01-17,UFC 93: Franklin vs Henderson,396214fd188c2549,light heavyweight,140745cbbcb023ac,Mauricio Rua,KO/TKO,3,876,175.0,2009-07-11,UFC 100,f885b95dbb354e3d,light heavyweight,c6a33ff198aaaeeb,Stephan Bonnar,Decision - Unanimous,3.0,900.0,True,False,False,False,121-180,35+,2
73c7cfa551289285,BJ Penn,14,30.135523613963038,2,2009-01-31,UFC 94: St-Pierre vs Penn 2,a158e4ff7ea93d43,welterweight,6506c1d34da9c013,Georges St-Pierre,KO/TKO,4,1200,189.0,2009-08-08,UFC 101: Declaration,73a4a092c1850b57,lightweight,cb139171ed1b69fe,Kenny Florian,Submission,4.0,1134.0,True,False,False,False,181-270,30-34,2
2924886ee9c4c527,Thiago Silva,5,26.220396988364133,1,2009-01-31,UFC 94: St-Pierre vs Penn 2,41b9240c854b0956,light heavyweight,f7a7f7118d4b01b6,Lyoto Machida,KO/TKO,1,299,210.0,2009-08-29,UFC 102: Couture vs Nogueira,39f07708af6ecfc7,light heavyweight,b9d0fd83bb8a147a,Keith Jardine,KO/TKO,1.0,95.0,True,False,True,False,181-270,<30,1
a421465acbe59c77,Denis Stojnic,1,29.01574264202601,1,2009-02-07,UFC Fight Night: Lauzon vs Stephens,2d80f60b67791b97,heavyweight,0ff11cc094e887bc,Cain Velasquez,KO/TKO,2,454,126.0,2009-06-13,UFC 99: The Comeback,440936f9db783997,heavyweight,ebc1f40e00e0c481,Stefan Struve,Submission,2.0,457.0,False,True,False,False,121-180,<30,1
bfc2fc38a0e20211,Matt Grice,3,27.529089664613277,1,2009-02-07,UFC Fight Night: Lauzon vs Stephens,6a663c04dfe5b88e,lightweight,5731cc327790b731,Matt Veach,KO/TKO,1,274,154.0,2009-07-11,UFC 100,55bcf58be822d115,lightweight,9f1641c08cf8fbe2,Shannon Gugerty,Submission,1.0,156.0,False,True,False,False,121-180,<30,1
dd37fd509af89f15,Josh Koscheck,14,31.227926078028748,1,2009-02-21,UFC 95: Sanchez vs Stevenson,fd05ac3ac2f7d042,welterweight,30a09e43f15f1d75,Paulo Thiago,KO/TKO,1,209,210.0,2009-09-19,UFC 103: Franklin vs Belfort,fd61b04ee64f7f20,welterweight,d2d37e8eeb3abc8d,Frank Trigg,KO/TKO,1.0,85.0,True,False,True,False,181-270,30-34,1
23a16ebe733e3041,Rory Markham,2,26.913073237508556,1,2009-02-21,UFC 95: Sanchez vs Stevenson,9379672d351808a3,welterweight,473ce3aa581251a2,Dan Hardy,KO/TKO,1,69,399.0,2010-03-27,UFC 111: St-Pierre vs Hardy,0ae251dd5c0b5304,welterweight,8355922d564b152c,Nate Diaz,KO/TKO,1.0,167.0,False,True,True,True,366-540,<30,1
ebc1f40e00e0c481,Stefan Struve,1,21.010266940451746,1,2009-02-21,UFC 95: Sanchez vs Stevenson,95c229097cd2d7c3,heavyweight,63def5a5662a6917,Junior Dos Santos,KO/TKO,1,54,112.0,2009-06-13,UFC 99: The Comeback,440936f9db783997,heavyweight,a421465acbe59c77,Denis Stojnic,Submission,2.0,457.0,True,False,False,False,0-120,<30,1
af5b208e97f5d382,Wilson Gouveia,9,30.38740588637919,2,2009-02-21,UFC 95: Sanchez vs Stevenson,c1b0670419fa0894,middleweight,a8e6a69796280f17,Nate Marquardt,KO/TKO,3,790,294.0,2009-12-12,UFC 107: Penn vs Sanchez,7f9a1b6d83d08c42,catch weight,4130a743d9d22163,Alan Belcher,KO/TKO,1.0,183.0,False,True,True,True,271-365,30-34,2
f2c8ebbeafd45f2b,Aaron Riley,4,28.240930869267626,1,2009-03-07,UFC 96: Jackson vs Jardine,21b02cb26307ac0f,lightweight,2db7fa8db6bc9632,Shane Nelson,KO/TKO,1,44,154.0,2009-08-08,UFC 101: Declaration,6a61d45818534b19,lightweight,2db7fa8db6bc9632,Shane Nelson,Decision - Unanimous,3.0,900.0,True,False,False,False,121-180,<30,1
270b89c00ef0c55c,Gabriel Gonzaga,9,29.804243668720055,3,2009-03-07,UFC 96: Jackson vs Jardine,038c472ae3fd7728,heavyweight,68dd7b3783c19f9c,Shane Carwin,KO/TKO,1,69,175.0,2009-08-29,UFC 102: Couture vs Nogueira,4d3297af1b7889ba,heavyweight,df05aa15b2d66f57,Chris Tuchscherer,KO/TKO,1.0,147.0,True,False,True,False,121-180,<30,3+
179f1948dc234f1f,Mark Munoz,1,31.071868583162217,1,2009-03-07,UFC 96: Jackson vs Jardine,798ca95afb5875ef,light heavyweight,98b80a717b9bda17,Matt Hamill,KO/TKO,1,233,175.0,2009-08-29,UFC 102: Couture vs Nogueira,fd292c2a587bb2f5,middleweight,f8fe2053d73d7bcf,Nick Catone,Decision - Split,3.0,900.0,True,False,False,False,121-180,30-34,1
69b69c0178c4004d,Antoni Hardonk,7,33.19917864476386,1,2009-04-18,UFC 97: Redemption,bcba81de8f082768,heavyweight,1eacf73d6a0055dc,Cheick Kongo,KO/TKO,2,449,189.0,2009-10-24,UFC 104: Machida vs Shogun,d77a72e3fa8db853,heavyweight,658c3465581ae46b,Pat Barry,KO/TKO,2.0,450.0,False,True,True,True,181-270,30-34,1
a390eb8a9b2df298,Chuck Liddell,22,39.3347022587269,4,2009-04-18,UFC 97: Redemption,d29dd21d8881a0e0,light heavyweight,140745cbbcb023ac,Mauricio Rua,KO/TKO,1,268,420.0,2010-06-12,UFC 115: Liddell vs Franklin,8c3179f0fd62af14,light heavyweight,d897897060f10a3a,Rich Franklin,KO/TKO,1.0,295.0,False,True,True,True,366-540,35+,3+
2be6596a9db33bf5,Jason MacDonald,10,33.87542778918549,3,2009-04-18,UFC 97: Redemption,793432d042384a02,middleweight,52cae54377b433b7,Nate Quarry,KO/TKO,1,147,385.0,2010-05-08,UFC 113: Machida vs Shogun 2,c795c4b7beb89bee,middleweight,010986ee359fb863,John Salter,KO/TKO,1.0,162.0,False,True,True,True,366-540,30-34,3+
64360e618823a8e4,Phillipe Nover,2,25.300479123887747,1,2009-05-23,UFC 98: Evans vs Machida,b4bf090eb5c57903,lightweight,a6959da32f0e6b5d,Kyle Bradley,KO/TKO,1,63,259.0,2010-02-06,UFC 109: Relentless,840863604b38a33f,lightweight,dc0f07928009a127,Rob Emerson,Decision - Unanimous,3.0,900.0,False,True,False,False,181-270,<30,1
ee779c43a8926d52,Rashad Evans,10,29.659137577002053,1,2009-05-23,UFC 98: Evans vs Machida,15750dc75b7426f3,light heavyweight,f7a7f7118d4b01b6,Lyoto Machida,KO/TKO,2,537,224.0,2010-01-02,UFC 108: Evans vs Silva,57dca2ebe96ed622,light heavyweight,2924886ee9c4c527,Thiago Silva,Decision - Unanimous,3.0,900.0,True,False,False,False,181-270,<30,1
484acc7b0f856ce9,Ben Saunders,4,26.168377823408623,1,2009-06-13,UFC 99: The Comeback,df28f8cb5a12ec8e,welterweight,9fe85152f351e737,Mike Swick,KO/TKO,2,527,161.0,2009-11-21,UFC 106: Ortiz vs Griffin 2,0c6055509d98ed06,welterweight,b7d524c77c27389b,Marcus Davis,KO/TKO,1.0,204.0,True,False,True,False,121-180,<30,1
1cf1310684a841f5,Mostapha Al-Turk,2,35.9151266255989,2,2009-06-13,UFC 99: The Comeback,3b44d0179f94726c,heavyweight,c32fb8c0f6471a4d,Mirko Filipovic,KO/TKO,1,186,301.0,2010-04-10,UFC 112: Invincible,2fec2ba8ea346a3a,heavyweight,7691a80e6ca3e55b,Jon Madsen,Decision - Unanimous,3.0,900.0,False,True,False,False,271-365,35+,2
1ff9589f9065a9ed,Frank Mir,14,30.132785763175907,4,2009-07-11,UFC 100,8df2751dcbfa0fa2,heavyweight,513c6f1715e547a8,Brock Lesnar,KO/TKO,2,408,154.0,2009-12-12,UFC 107: Penn vs Sanchez,a9bc7915974b7d15,heavyweight,1eacf73d6a0055dc,Cheick Kongo,Submission,1.0,72.0,True,False,False,False,121-180,30-34,3+
2b93ebd9f5417ad2,Michael Bisping,9,30.365503080082135,1,2009-07-11,UFC 100,6d1093a1c31dab94,middleweight,1ccf4e7caff270df,Dan Henderson,KO/TKO,2,500,126.0,2009-11-14,UFC 105: Couture vs Vera,b12d96ba9426b8d4,middleweight,3c241737a6069b9f,Denis Kang,KO/TKO,2.0,564.0,True,False,True,False,121-180,30-34,1
2650e2f846a30f64,Amir Sadollah,2,28.947296372347708,1,2009-08-08,UFC 101: Declaration,28037f9be7e0781a,welterweight,0941df56f6ac954b,Johny Hendricks,KO/TKO,1,29,105.0,2009-11-21,UFC 106: Ortiz vs Griffin 2,fc0f12be6552bfe5,welterweight,1652f3213655b935,Phil Baroni,Decision - Unanimous,3.0,900.0,True,False,False,False,0-120,<30,1
fcffee71cff5530e,Forrest Griffin,11,30.39835728952772,3,2009-08-08,UFC 101: Declaration,de495aa2ec1f1e91,light heavyweight,1f454354805b6f75,Anderson Silva,KO/TKO,1,203,105.0,2009-11-21,UFC 106: Ortiz vs Griffin 2,9fa3f9f7caf429d6,light heavyweight,2f732dd9210d301f,Tito Ortiz,Decision - Split,3.0,900.0,True,False,False,False,0-120,30-34,3+
df05aa15b2d66f57,Chris Tuchscherer,1,33.973990417522245,1,2009-08-29,UFC 102: Couture vs Nogueira,4d3297af1b7889ba,heavyweight,270b89c00ef0c55c,Gabriel Gonzaga,KO/TKO,1,147,161.0,2010-02-06,UFC 109: Relentless,20628fd4e19a97e4,heavyweight,219a254e15d60135,Tim Hague,Decision - Majority,3.0,900.0,True,False,False,False,121-180,30-34,1
427b5953ac8e3a27,Demian Maia,6,31.811088295687885,1,2009-08-29,UFC 102: Couture vs Nogueira,3445246f8e3eba24,middleweight,a8e6a69796280f17,Nate Marquardt,KO/TKO,1,21,161.0,2010-02-06,UFC 109: Relentless,83a7cc0b0de904b9,middleweight,d0c29452d3272603,Dan Miller,Decision - Unanimous,3.0,900.0,True,False,False,False,121-180,30-34,1
06f36cf4bd97ec77,Ed Herman,9,28.906228610540726,1,2009-08-29,UFC 102: Couture vs Nogueira,2711e57bbef4d928,middleweight,d5f820c11a121050,Aaron Simpson,KO/TKO,2,317,644.0,2011-06-04,The Ultimate Fighter: Team Lesnar vs Team dos Santos Finale,a1f9a28339f5e1b2,middleweight,89b8d1bf1ff09d1d,Tim Credeur,KO/TKO,1.0,48.0,True,False,True,False,541+,<30,1
b9d0fd83bb8a147a,Keith Jardine,11,33.828884325804246,3,2009-08-29,UFC 102: Couture vs Nogueira,39f07708af6ecfc7,light heavyweight,2924886ee9c4c527,Thiago Silva,KO/TKO,1,95,175.0,2010-02-20,UFC 110: Nogueira vs Velasquez,aefca2869c87eb11,light heavyweight,c0ab242c40decc55,Ryan Bader,KO/TKO,3.0,730.0,False,True,True,True,121-180,30-34,3+
219a254e15d60135,Tim Hague,2,26.308008213552363,1,2009-08-29,UFC 102: Couture vs Nogueira,fa0d393a452c0809,heavyweight,bda04c573563cc2e,Todd Duffee,KO/TKO,1,7,161.0,2010-02-06,UFC 109: Relentless,20628fd4e19a97e4,heavyweight,df05aa15b2d66f57,Chris Tuchscherer,Decision - Majority,3.0,900.0,False,True,False,False,121-180,<30,1
282fa667ff9c51ed,Cole Miller,6,25.399041752224505,2,2009-09-19,UFC 103: Franklin vs Belfort,656e1040e6e007b2,lightweight,83fd97284f4bb4a4,Efrain Escudero,KO/TKO,1,216,105.0,2010-01-02,UFC 108: Evans vs Silva,47245dd345d9ef7e,lightweight,4c8d6fde2dde07c4,Dan Lauzon,Submission,1.0,185.0,True,False,False,False,0-120,<30,2
d2d37e8eeb3abc8d,Frank Trigg,6,37.36892539356605,1,2009-09-19,UFC 103: Franklin vs Belfort,fd61b04ee64f7f20,welterweight,dd37fd509af89f15,Josh Koscheck,KO/TKO,1,85,140.0,2010-02-06,UFC 109: Relentless,2bf24d9c33bb4d49,welterweight,86dfed7cc24a9fa7,Matt Serra,KO/TKO,1.0,143.0,False,True,True,True,121-180,35+,1
8b69839f3555a67b,Martin Kampmann,8,27.42505133470226,2,2009-09-19,UFC 103: Franklin vs Belfort,acfa3a3c0d09bb57,welterweight,23725c826c481e7f,Paul Daley,KO/TKO,1,151,105.0,2010-01-02,UFC 108: Evans vs Silva,78b928a602a81971,welterweight,6f81b6de2557739a,Jacob Volkmann,Submission,1.0,243.0,True,False,False,False,0-120,<30,2
c32fb8c0f6471a4d,Mirko Filipovic,5,35.02532511978097,2,2009-09-19,UFC 103: Franklin vs Belfort,2ff09ddaa2b78cc4,heavyweight,63def5a5662a6917,Junior Dos Santos,KO/TKO,3,720,154.0,2010-02-20,UFC 110: Nogueira vs Velasquez,e716f8079c60bc66,heavyweight,4b4753d19489297f,Anthony Perosh,TKO - Doctor's Stoppage,2.0,600.0,True,False,False,False,121-180,35+,2
d897897060f10a3a,Rich Franklin,16,34.95687885010267,3,2009-09-19,UFC 103: Franklin vs Belfort,ec271393bc31ab72,catch weight,0ee783aa00e468f0,Vitor Belfort,KO/TKO,1,182,266.0,2010-06-12,UFC 115: Liddell vs Franklin,8c3179f0fd62af14,light heavyweight,a390eb8a9b2df298,Chuck Liddell,KO/TKO,1.0,295.0,True,False,True,False,181-270,30-34,3+
6085ceb59087514b,Steve Lopez,1,25.138945927446954,1,2009-09-19,UFC 103: Franklin vs Belfort,42a7d576dc207e63,lightweight,d1941565abf50b16,Jim Miller,KO/TKO,2,348,371.0,2010-09-25,UFC 119: Mir vs Cro Cop,b30bb2ba5b68a180,lightweight,28f62d866c59c709,Waylon Lowe,Decision - Split,3.0,900.0,False,True,False,False,366-540,<30,1
bd58d34e39b7b12a,Ben Rothwell,1,28.019164955509925,1,2009-10-24,UFC 104: Machida vs Shogun,b4627dd3bb50be2c,heavyweight,0ff11cc094e887bc,Cain Velasquez,KO/TKO,2,358,231.0,2010-06-12,UFC 115: Liddell vs Franklin,dd7920cac66bed25,heavyweight,d29b5c4f22c6357d,Gilbert Yvel,Decision - Unanimous,3.0,900.0,True,False,False,False,181-270,<30,1
054defd5420a551f,Rob Kimmons,4,28.73100616016427,1,2009-10-24,UFC 104: Machida vs Shogun,5a9ecff594dc6bb9,middleweight,cb46dface0e28a2c,Jorge Rivera,KO/TKO,3,713,281.0,2010-08-01,UFC Live: Jones vs Matyushenko,92dea6ff8f0c1b10,middleweight,0b5b6876c2a4723f,Steve Steinbeiss,Decision - Unanimous,3.0,900.0,True,False,False,False,271-365,<30,1
f34312c2ccfa0e00,Spencer Fisher,12,33.45927446954141,2,2009-10-24,UFC 104: Machida vs Shogun,1238f31a41b78528,lightweight,79899ecf62020f6d,Joe Stevenson,KO/TKO,2,543,238.0,2010-06-19,The Ultimate Fighter: Team Liddell vs Team Ortiz Finale,9b38456520395242,lightweight,5f87a5c00b3d17ed,Dennis Siver,Decision - Unanimous,3.0,900.0,False,True,False,False,181-270,30-34,2
ab8900ae1f1dfd4c,Yoshiyuki Yoshida,4,35.45790554414784,2,2009-10-24,UFC 104: Machida vs Shogun,7a72d7448159fb59,welterweight,365fee2da473b177,Anthony Johnson,KO/TKO,1,41,196.0,2010-05-08,UFC 113: Machida vs Shogun 2,189d14e4e1602c48,welterweight,eaea0fc7b76525a8,Mike Guymon,Decision - Unanimous,3.0,900.0,False,True,False,False,181-270,35+,2
852454c572675334,James Wilks,2,31.531827515400412,1,2009-11-14,UFC 105: Couture vs Vera,2c07f8ba25640237,welterweight,31123249b0bbf52e,Matt Brown,KO/TKO,3,747,210.0,2010-06-12,UFC 115: Liddell vs Franklin,e7cb3f5cb39c33e6,welterweight,1fcfc3709fe58151,Peter Sobotta,Decision - Unanimous,3.0,900.0,True,False,False,False,181-270,30-34,1
23459ee7e373b98f,Jared Hamman,1,27.690622861054074,1,2009-11-14,UFC 105: Couture vs Vera,964245b54324810d,light heavyweight,3c6976f8182d9527,Alexander Gustafsson,KO/TKO,1,41,133.0,2010-03-27,UFC 111: St-Pierre vs Hardy,4be101dd6883d9bb,light heavyweight,b9415726dc3ec526,Rodney Wallace,Decision - Unanimous,3.0,900.0,True,False,False,False,121-180,<30,1
d023ae89a2a4a41e,Matthew Riddle,4,23.83299110198494,1,2009-11-14,UFC 105: Couture vs Vera,81283a33e907dbbe,welterweight,5b407acfe0ef9b76,Nick Osipczak,KO/TKO,3,833,133.0,2010-03-27,UFC 111: St-Pierre vs Hardy,2059fd17f2ff4e4a,welterweight,9c669abd35b2522f,Greg Soto,DQ,3.0,690.0,True,False,False,False,121-180,<30,1
aac5ac38148f0528,Paul Kelly,5,25.17180013689254,1,2009-11-14,UFC 105: Couture vs Vera,6c569785225fd2e7,lightweight,5f87a5c00b3d17ed,Dennis Siver,KO/TKO,2,473,147.0,2010-04-10,UFC 112: Invincible,a2e7273a95d5db4a,lightweight,5731cc327790b731,Matt Veach,Submission,2.0,521.0,True,False,False,False,121-180,<30,1
24b033b3daf1c9df,Luiz Cane,5,28.577686516084874,1,2009-11-21,UFC 106: Ortiz vs Griffin 2,119b156ded2af0f1,light heavyweight,73e09f837f3b5ecc,Rogerio Nogueira,KO/TKO,1,116,189.0,2010-05-29,UFC 114: Rampage vs Evans,8ba089858a7d647b,light heavyweight,43563a32c3f10e95,Cyrille Diabate,KO/TKO,1.0,133.0,False,True,True,True,181-270,<30,1
b7d524c77c27389b,Marcus Davis,12,36.24366872005476,1,2009-11-21,UFC 106: Ortiz vs Griffin 2,0c6055509d98ed06,welterweight,484acc7b0f856ce9,Ben Saunders,KO/TKO,1,204,168.0,2010-05-08,UFC 113: Machida vs Shogun 2,59f77a6ecd041dff,welterweight,fb1538b46877a695,Jonathan Goulet,KO/TKO,2.0,383.0,True,False,True,False,121-180,35+,1
89a407032911e27e,Brendan Schaub,1,26.718685831622178,1,2009-12-05,The Ultimate Fighter: Heavyweights Finale,e246b6a8cd7853de,ultimate fighter 10 heavyweight tournament,3f7c14c7eca7195d,Roy Nelson,KO/TKO,1,225,106.0,2010-03-21,UFC Live: Vera vs Jones,dd56acbfb08aa6b2,heavyweight,052ceb8976695342,Chase Gormley,KO/TKO,1.0,47.0,True,False,True,False,0-120,<30,1
8a8a84b743ae7699,Dennis Hallman,5,34.00958247775496,2,2009-12-05,The Ultimate Fighter: Heavyweights Finale,0b0ba5238399545c,welterweight,fc31f896cde2bc2e,John Howard,KO/TKO,3,895,245.0,2010-08-07,UFC 117: Silva vs Sonnen,951d11f8684ed734,welterweight,484acc7b0f856ce9,Ben Saunders,Decision - Unanimous,3.0,900.0,True,False,False,False,181-270,30-34,2
a149d6bc670cdb60,Dustin Hazelett,8,23.679671457905545,2,2010-01-02,UFC 108: Evans vs Silva,c99370e3e54bd5fd,welterweight,23725c826c481e7f,Paul Daley,KO/TKO,1,144,217.0,2010-08-07,UFC 117: Silva vs Sonnen,57d481c10c842ba2,welterweight,5b5307450405abf0,Rick Story,KO/TKO,2.0,375.0,False,True,True,True,181-270,<30,2
d29b5c4f22c6357d,Gilbert Yvel,1,33.50855578370979,1,2010-01-02,UFC 108: Evans vs Silva,41e9da89f349b2bc,heavyweight,63def5a5662a6917,Junior Dos Santos,KO/TKO,1,127,161.0,2010-06-12,UFC 115: Liddell vs Franklin,dd7920cac66bed25,heavyweight,bd58d34e39b7b12a,Ben Rothwell,Decision - Unanimous,3.0,900.0,False,True,False,False,121-180,30-34,1
f5990c11974d8e9c,Mike Pyle,3,34.29158110882957,1,2010-01-02,UFC 108: Evans vs Silva,24e14c4824144c64,welterweight,d81ac739417d7f53,Jake Ellenberger,KO/TKO,2,322,161.0,2010-06-12,UFC 115: Liddell vs Franklin,fcac56089f65d04e,welterweight,3ae10ac4df3df05c,Jesse Lennox,Submission,3.0,884.0,True,False,False,False,121-180,30-34,1
aae99701b21554e4,Ryan Jensen,5,32.284736481861735,1,2010-01-02,UFC 108: Evans vs Silva,0e05f54d8b66f317,middleweight,179f1948dc234f1f,Mark Munoz,KO/TKO,1,150,147.0,2010-05-29,UFC 114: Rampage vs Evans,5000a0bde6213fd9,middleweight,947eccadb72f4f6f,Jesse Forbes,Submission,1.0,66.0,True,False,False,False,121-180,30-34,1
010986ee359fb863,John Salter,1,24.810403832991103,1,2010-01-11,UFC Fight Night: Maynard vs Diaz,db620510bbb3f0af,middleweight,c4b81cdecd5d6abe,Gerald Harris,KO/TKO,3,804,117.0,2010-05-08,UFC 113: Machida vs Shogun 2,c795c4b7beb89bee,middleweight,2be6596a9db33bf5,Jason MacDonald,KO/TKO,1.0,162.0,True,False,True,False,0-120,<30,1
ee9d73f4fee9cbdd,Antonio Rodrigo Nogueira,5,33.719370294318956,2,2010-02-20,UFC 110: Nogueira vs Velasquez,ca93e3f69fa3d725,heavyweight,0ff11cc094e887bc,Cain Velasquez,KO/TKO,1,140,553.0,2011-08-27,UFC 134: Silva vs Okami,c8fbe7ade97e2055,heavyweight,89a407032911e27e,Brendan Schaub,KO/TKO,1.0,189.0,True,False,True,False,541+,30-34,2
53278852bcd91e11,Igor Pokrajac,2,31.134839151266256,1,2010-02-20,UFC 110: Nogueira vs Velasquez,46a7cb6937144ba2,light heavyweight,f5431394fb284bb9,James Te Huna,KO/TKO,3,806,162.0,2010-08-01,UFC Live: Jones vs Matyushenko,26800d759ba50371,light heavyweight,a7f4d0902bb64092,James Irvin,Submission,1.0,149.0,True,False,False,False,121-180,30-34,1
b9d0fd83bb8a147a,Keith Jardine,12,34.30800821355236,4,2010-02-20,UFC 110: Nogueira vs Velasquez,aefca2869c87eb11,light heavyweight,c0ab242c40decc55,Ryan Bader,KO/TKO,3,730,119.0,2010-06-19,The Ultimate Fighter: Team Liddell vs Team Ortiz Finale,13fa791f0772250c,light heavyweight,98b80a717b9bda17,Matt Hamill,Decision - Majority,3.0,900.0,False,True,False,False,0-120,30-34,3+
fa315e6c77eee106,Brandon Vera,12,32.4435318275154,2,2010-03-21,UFC Live: Vera vs Jones,43f0495855470427,light heavyweight,07f72a2a7591b409,Jon Jones,KO/TKO,1,199,286.0,2011-01-01,UFC 125: Resolution,65b4d4be2d04bb34,light heavyweight,2924886ee9c4c527,Thiago Silva,Overturned,3.0,900.0,False,True,False,False,271-365,30-34,2
22edaf53ad59a967,Daniel Roberts,1,29.623545516769337,1,2010-03-21,UFC Live: Vera vs Jones,eb62bfcd3d96a182,welterweight,fc31f896cde2bc2e,John Howard,KO/TKO,1,121,104.0,2010-07-03,UFC 116: Lesnar vs Carwin,bb7df9a9c9a69914,welterweight,e86bc32f5997a8f7,Forrest Petz,Decision - Split,3.0,900.0,True,False,False,False,0-120,<30,1
84ac950d4c1722dd,Duane Ludwig,4,31.627652292950035,1,2010-03-21,UFC Live: Vera vs Jones,f63a647b74359194,lightweight,92a9aa9c93192871,Darren Elkins,KO/TKO,1,44,237.0,2010-11-13,UFC 122: Marquardt vs Okami,68b3222e977a6a11,welterweight,5b407acfe0ef9b76,Nick Osipczak,Decision - Split,3.0,900.0,True,False,False,False,181-270,30-34,1
270b89c00ef0c55c,Gabriel Gonzaga,11,30.84188911704312,4,2010-03-21,UFC Live: Vera vs Jones,7aa7b0c5706a0492,heavyweight,63def5a5662a6917,Junior Dos Santos,KO/TKO,1,233,216.0,2010-10-23,UFC 121: Lesnar vs Velasquez,8787d56f59bfb4c3,heavyweight,89a407032911e27e,Brendan Schaub,Decision - Unanimous,3.0,900.0,False,True,False,False,181-270,30-34,3+
a7f4d0902bb64092,James Irvin,9,31.520876112251884,4,2010-03-21,UFC Live: Vera vs Jones,275c22a93bdd84d8,middleweight,7f955f71fa2ce7ac,Alessio Sakara,KO/TKO,1,181,133.0,2010-08-01,UFC Live: Jones vs Matyushenko,26800d759ba50371,light heavyweight,53278852bcd91e11,Igor Pokrajac,Submission,1.0,149.0,False,True,False,False,121-180,30-34,3+
1ff9589f9065a9ed,Frank Mir,16,30.84188911704312,5,2010-03-27,UFC 111: St-Pierre vs Hardy,5755a68d39867abc,interim heavyweight,68dd7b3783c19f9c,Shane Carwin,KO/TKO,1,228,182.0,2010-09-25,UFC 119: Mir vs Cro Cop,301b145c186635de,heavyweight,c32fb8c0f6471a4d,Mirko Filipovic,KO/TKO,3.0,842.0,True,False,True,False,181-270,30-34,3+
df2bf09c99594848,Mario Miranda,1,30.718685831622178,1,2010-03-31,UFC Fight Night: Florian vs Gomi,9eaea5e0165802d0,middleweight,c4b81cdecd5d6abe,Gerald Harris,KO/TKO,1,289,73.0,2010-06-12,UFC 115: Liddell vs Franklin,37e2f89510cc0bba,middleweight,22e47b53e4ceb27c,David Loiseau,KO/TKO,2.0,547.0,True,False,True,False,0-120,30-34,1
ebc1f40e00e0c481,Stefan Struve,5,22.11362080766598,2,2010-03-31,UFC Fight Night: Florian vs Gomi,17cda9957f96883f,heavyweight,3f7c14c7eca7195d,Roy Nelson,KO/TKO,1,39,129.0,2010-08-07,UFC 117: Silva vs Sonnen,55e12d44e9e524cf,heavyweight,80779d7441af1b52,Christian Morecraft,KO/TKO,2.0,322.0,True,False,True,False,121-180,<30,2
234f3767ff0e5701,Kendall Grove,10,27.408624229979466,3,2010-04-10,UFC 112: Invincible,354a92ca4fd824a1,middleweight,179f1948dc234f1f,Mark Munoz,KO/TKO,2,470,84.0,2010-07-03,UFC 116: Lesnar vs Carwin,16cab4b91e2c8881,middleweight,132f860d02953f4c,Goran Reljic,Decision - Split,3.0,900.0,True,False,False,False,0-120,<30,3+
2be6596a9db33bf5,Jason MacDonald,11,34.92950034223135,4,2010-05-08,UFC 113: Machida vs Shogun 2,c795c4b7beb89bee,middleweight,010986ee359fb863,John Salter,KO/TKO,1,162,357.0,2011-04-30,UFC 129: St-Pierre vs Shields,5aef2af22f5f2fbd,middleweight,aae99701b21554e4,Ryan Jensen,Submission,1.0,97.0,True,False,False,False,271-365,30-34,3+
f7a7f7118d4b01b6,Lyoto Machida,9,31.939767282683093,1,2010-05-08,UFC 113: Machida vs Shogun 2,1572dbb2433d2201,light heavyweight,140745cbbcb023ac,Mauricio Rua,KO/TKO,1,215,196.0,2010-11-20,UFC 123: Rampage vs Machida,47b690fb54f2eaf9,light heavyweight,ffc088e64fab57e9,Quinton Jackson,Decision - Split,3.0,900.0,False,True,False,False,181-270,30-34,1
24b033b3daf1c9df,Luiz Cane,6,29.09514031485284,2,2010-05-29,UFC 114: Rampage vs Evans,8ba089858a7d647b,light heavyweight,43563a32c3f10e95,Cyrille Diabate,KO/TKO,1,133,294.0,2011-03-19,UFC 128: Shogun vs Jones,e1563825c36aad26,light heavyweight,a08d909a5be6f410,Eliot Marshall,KO/TKO,1.0,135.0,True,False,True,False,271-365,<30,2
bda04c573563cc2e,Todd Duffee,2,24.476386036960985,1,2010-05-29,UFC 114: Rampage vs Evans,094a77eecd56a27a,heavyweight,353de740bb6c7e75,Mike Russow,KO/TKO,3,755,945.0,2012-12-29,UFC 155: Dos Santos vs Velasquez II,84500d5c1aba97a2,heavyweight,6ef65b6a152e49d5,Philip De Fries,KO/TKO,1.0,124.0,True,False,True,False,541+,<30,1
28f62d866c59c709,Waylon Lowe,1,29.574264202600958,1,2010-05-29,UFC 114: Rampage vs Evans,655a110a0bd2ea42,lightweight,ccd1299e0345e0ce,Melvin Guillard,KO/TKO,1,208,119.0,2010-09-25,UFC 119: Mir vs Cro Cop,b30bb2ba5b68a180,lightweight,6085ceb59087514b,Steve Lopez,Decision - Split,3.0,900.0,True,False,False,False,0-120,<30,1
cbd5d3cdd862e90e,Rory MacDonald,2,20.889801505817932,1,2010-06-12,UFC 115: Liddell vs Franklin,0031c043c9f14eb8,welterweight,f9f07bb5a43535ed,Carlos Condit,KO/TKO,3,893,322.0,2011-04-30,UFC 129: St-Pierre vs Shields,6f0dc5319bf900dc,welterweight,8355922d564b152c,Nate Diaz,Decision - Unanimous,3.0,900.0,True,False,False,False,271-365,<30,1
d5f820c11a121050,Aaron Simpson,4,35.9151266255989,1,2010-06-19,The Ultimate Fighter: Team Liddell vs Team Ortiz Finale,a754766050409638,middleweight,d43a048a880efdff,Chris Leben,KO/TKO,2,557,154.0,2010-11-20,UFC 123: Rampage vs Machida,8d886fba9328269c,middleweight,179f1948dc234f1f,Mark Munoz,Decision - Unanimous,3.0,900.0,False,True,False,False,121-180,35+,1
cac08b8685387ca5,James McSweeney,2,29.650924024640656,1,2010-06-19,The Ultimate Fighter: Team Liddell vs Team Ortiz Finale,a9da6a31229b136c,heavyweight,3236bf606fe9fa5b,Travis Browne,KO/TKO,1,272,119.0,2010-10-16,UFC 120: Bisping vs Akiyama,8c8d46d89bf899e8,light heavyweight,1fb80f46d3c105d9,Fabio Maldonado,KO/TKO,3.0,648.0,False,True,True,True,0-120,<30,1
df05aa15b2d66f57,Chris Tuchscherer,3,34.81724845995893,2,2010-07-03,UFC 116: Lesnar vs Carwin,07ba406a1d0a5a71,heavyweight,89a407032911e27e,Brendan Schaub,KO/TKO,1,67,238.0,2011-02-26,UFC 127: Penn vs Fitch,6ac1478baeddaae8,heavyweight,eef9b891edbd4604,Mark Hunt,KO/TKO,2.0,401.0,False,True,True,True,181-270,30-34,2
d2c55d1d2e67773b,David Branch,1,28.76659822039699,1,2010-07-03,UFC 116: Lesnar vs Carwin,458e6de1b9ef3500,middleweight,c4b81cdecd5d6abe,Gerald Harris,KO/TKO,3,755,74.0,2010-09-15,UFC Fight Night: Marquardt vs Palhares,2f2ac4c08e763d38,middleweight,679a9054e2815943,Tomasz Drwal,Decision - Unanimous,3.0,900.0,True,False,False,False,0-120,<30,1
59583ff832fe9d68,Krzysztof Soszynski,6,32.917180013689254,1,2010-07-03,UFC 116: Lesnar vs Carwin,536c26ef4da9ace7,light heavyweight,c6a33ff198aaaeeb,Stephan Bonnar,KO/TKO,2,488,133.0,2010-11-13,UFC 122: Marquardt vs Okami,5e3f46e6f46d5a90,light heavyweight,132f860d02953f4c,Goran Reljic,Decision - Unanimous,3.0,900.0,True,False,False,False,121-180,30-34,1
322a56923b396b4d,DaMarques Johnson,4,28.093086926762492,1,2010-08-01,UFC Live: Jones vs Matyushenko,860954fbe26b867a,welterweight,d023ae89a2a4a41e,Matthew Riddle,KO/TKO,2,569,174.0,2011-01-22,UFC Fight Night: Fight for the Troops 2,a245b4d0a7861fb8,welterweight,eaea0fc7b76525a8,Mike Guymon,Submission,1.0,202.0,True,False,False,False,121-180,<30,1
20205040232ed0f3,Tyson Griffin,11,26.28062970568104,1,2010-08-01,UFC Live: Jones vs Matyushenko,a01524699dfa3526,lightweight,3be081c29bf734d9,Takanori Gomi,KO/TKO,1,64,111.0,2010-11-20,UFC 123: Rampage vs Machida,83ea3c36a6f91cb8,lightweight,6fb1ba67bef41b37,Nik Lentz,Decision - Split,3.0,900.0,False,True,False,False,0-120,<30,1
ccdd90bd1fc7dab6,Vladimir Matyushenko,8,39.572895277207394,2,2010-08-01,UFC Live: Jones vs Matyushenko,7949430ebc47f31b,light heavyweight,07f72a2a7591b409,Jon Jones,KO/TKO,1,112,104.0,2010-11-13,UFC 122: Marquardt vs Okami,2a9755f4d43f3e2f,light heavyweight,28ba5f27e473420c,Alexandre Ferreira,KO/TKO,1.0,140.0,True,False,True,False,0-120,35+,2
98f6da59d765ec94,Charlie Brenneman,2,29.489390828199863,1,2010-08-07,UFC 117: Silva vs Sonnen,2592954ad51764b0,welterweight,0941df56f6ac954b,Johny Hendricks,KO/TKO,2,340,168.0,2011-01-22,UFC Fight Night: Fight for the Troops 2,986bc0ce25dac848,welterweight,dc5a6b2fdb27e7dc,Amilcar Alves,Decision - Unanimous,3.0,900.0,True,False,False,False,121-180,<30,1
80779d7441af1b52,Christian Morecraft,1,23.912388774811774,1,2010-08-07,UFC 117: Silva vs Sonnen,55e12d44e9e524cf,heavyweight,ebc1f40e00e0c481,Stefan Struve,KO/TKO,2,322,231.0,2011-03-26,UFC Fight Night: Nogueira vs Davis,774f7eed6b0180be,heavyweight,008dc37cca279def,Sean McCorkle,Submission,2.0,550.0,True,False,False,False,181-270,<30,1
a149d6bc670cdb60,Dustin Hazelett,9,24.27378507871321,3,2010-08-07,UFC 117: Silva vs Sonnen,57d481c10c842ba2,welterweight,5b5307450405abf0,Rick Story,KO/TKO,2,375,126.0,2010-12-11,UFC 124: St-Pierre vs Koscheck 2,94a3e3df3d28d8f0,lightweight,cf9d24e4bd0cf2ce,Mark Bocek,Submission,1.0,153.0,False,True,False,False,121-180,<30,3+
8ddf9c51c5fdea75,Rousimar Palhares,6,30.55167693360712,1,2010-09-15,UFC Fight Night: Marquardt vs Palhares,48db60440ead6f6d,middleweight,a8e6a69796280f17,Nate Marquardt,KO/TKO,1,208,169.0,2011-03-03,UFC Live: Sanchez vs Kampmann,1fa6d636d283ac84,middleweight,d2c55d1d2e67773b,David Branch,Submission,2.0,404.0,True,False,False,False,121-180,30-34,1
c32fb8c0f6471a4d,Mirko Filipovic,8,36.04106776180698,3,2010-09-25,UFC 119: Mir vs Cro Cop,301b145c186635de,heavyweight,1ff9589f9065a9ed,Frank Mir,KO/TKO,3,842,175.0,2011-03-19,UFC 128: Shogun vs Jones,077667e3aaf314db,heavyweight,89a407032911e27e,Brendan Schaub,KO/TKO,3.0,824.0,False,True,True,True,121-180,35+,3+
473ce3aa581251a2,Dan Hardy,6,28.416153319644078,1,2010-10-16,UFC 120: Bisping vs Akiyama,9984333d8933dd58,welterweight,f9f07bb5a43535ed,Carlos Condit,KO/TKO,1,267,161.0,2011-03-26,UFC Fight Night: Nogueira vs Davis,60f3232bc7a73b15,welterweight,365fee2da473b177,Anthony Johnson,Decision - Unanimous,3.0,900.0,False,True,False,False,121-180,<30,1
513c6f1715e547a8,Brock Lesnar,6,33.281314168377826,1,2010-10-23,UFC 121: Lesnar vs Velasquez,8f301d4eb8e97449,heavyweight,0ff11cc094e887bc,Cain Velasquez,KO/TKO,1,252,433.0,2011-12-30,UFC 141: Lesnar vs Overeem,5c3325b7da3f7828,heavyweight,b4ad3a06ee4d660c,Alistair Overeem,KO/TKO,1.0,146.0,False,True,True,True,366-540,30-34,1
621a6c59f88a44fe,Matt Hughes,24,37.10335386721424,3,2010-11-20,UFC 123: Rampage vs Machida,552973c278f08fbb,welterweight,73c7cfa551289285,BJ Penn,KO/TKO,1,21,308.0,2011-09-24,UFC 135: Jones vs Rampage,8133b11f2b7ad634,welterweight,dd37fd509af89f15,Josh Koscheck,KO/TKO,1.0,299.0,False,True,True,True,271-365,35+,3+
e26882820f9e8df5,Mike Lullo,1,31.326488706365502,1,2010-11-20,UFC 123: Rampage vs Machida,8b87b341bcd130ee,lightweight,64a50dad704d1d49,Edson Barboza,KO/TKO,3,626,301.0,2011-09-17,UFC Fight Night: Shields vs Ellenberger,0f5f1f5828ebd9c5,featherweight,960d6cae8879ba2b,Robert Peralta,Decision - Unanimous,3.0,900.0,False,True,False,False,271-365,30-34,1
d25b93992f285953,TJ O'Brien,1,23.88501026694045,1,2010-11-20,UFC 123: Rampage vs Machida,e76c3346ad9be24a,lightweight,aac5ac38148f0528,Paul Kelly,KO/TKO,2,496,267.0,2011-08-14,UFC Live: Hardy vs Lytle,475c55534f9e08ee,lightweight,282fa667ff9c51ed,Cole Miller,Submission,2.0,458.0,False,True,False,False,181-270,<30,1
79899ecf62020f6d,Joe Stevenson,14,28.490075290896645,1,2010-12-11,UFC 124: St-Pierre vs Koscheck 2,ecc41acbd699812a,lightweight,86f582852a5b240a,Mac Danzig,KO/TKO,1,114,82.0,2011-03-03,UFC Live: Sanchez vs Kampmann,bbbb4c62c35f5390,lightweight,d1e7fc58d4225cdf,Danny Castillo,Decision - Unanimous,3.0,900.0,False,True,False,False,0-120,<30,1
008dc37cca279def,Sean McCorkle,2,34.40109514031485,1,2010-12-11,UFC 124: St-Pierre vs Koscheck 2,ed6a02c8dcc6f922,heavyweight,ebc1f40e00e0c481,Stefan Struve,KO/TKO,1,235,105.0,2011-03-26,UFC Fight Night: Nogueira vs Davis,774f7eed6b0180be,heavyweight,80779d7441af1b52,Christian Morecraft,Submission,2.0,550.0,False,True,False,False,0-120,30-34,1
d43a048a880efdff,Chris Leben,17,30.4476386036961,2,2011-01-01,UFC 125: Resolution,075be81e3f92c2bf,middleweight,579fcdfcabd23a7b,Brian Stann,KO/TKO,1,217,182.0,2011-07-02,UFC 132: Cruz vs Faber,50ebe7915d9f0cab,middleweight,a1f6999fe57236e0,Wanderlei Silva,KO/TKO,1.0,27.0,True,False,True,False,181-270,30-34,2
e5c9de15bb58b1c6,Evan Dunham,6,29.09514031485284,1,2011-01-22,UFC Fight Night: Fight for the Troops 2,6963c65b49e47277,lightweight,ccd1299e0345e0ce,Melvin Guillard,KO/TKO,1,178,238.0,2011-09-17,UFC Fight Night: Shields vs Ellenberger,fdc82a98c68588c4,lightweight,e2b8186b618b00c4,Shamar Bailey,Decision - Unanimous,3.0,900.0,True,False,False,False,181-270,<30,1
3c0437fbeda06962,George Roop,4,29.19917864476386,1,2011-01-22,UFC Fight Night: Fight for the Troops 2,9a71dc94152a76ac,featherweight,0a97691039c4bbfb,Mark Hominick,KO/TKO,1,88,133.0,2011-06-04,The Ultimate Fighter: Team Lesnar vs Team dos Santos Finale,2ebfb072b178649e,featherweight,60ba33c3f555a7a3,Josh Grispi,KO/TKO,3.0,794.0,True,False,True,False,121-180,<30,1
6e0273f9478be71e,Kenny Robertson,1,26.976043805612594,1,2011-02-05,UFC 126: Silva vs Belfort,791b8b3a475487e9,welterweight,236a37d96d476164,Mike Pierce,KO/TKO,2,329,522.0,2012-07-11,UFC on FUEL TV: Munoz vs Weidman,1eb7733d880a0b8f,welterweight,d5f820c11a121050,Aaron Simpson,Decision - Unanimous,3.0,900.0,False,True,False,False,366-540,<30,1
744e098e065cfdbe,Ricardo Romero,2,32.8104038329911,1,2011-02-05,UFC 126: Silva vs Belfort,c1843fa8f113d321,light heavyweight,b959e8c7fd8390d2,Kyle Kingsbury,KO/TKO,1,21,231.0,2011-09-24,UFC 135: Jones vs Rampage,38591fb67eb2a6c3,light heavyweight,f5431394fb284bb9,James Te Huna,KO/TKO,1.0,47.0,False,True,True,True,181-270,30-34,1
0ee783aa00e468f0,Vitor Belfort,13,33.84804928131417,2,2011-02-05,UFC 126: Silva vs Belfort,87c73e2086214b5c,middleweight,1f454354805b6f75,Anderson Silva,KO/TKO,1,205,182.0,2011-08-06,UFC 133: Evans vs Ortiz 2,eb3093e235f048c8,middleweight,b0550072e5f0afa7,Yoshihiro Akiyama,KO/TKO,1.0,112.0,True,False,True,False,181-270,30-34,2
cb46dface0e28a2c,Jorge Rivera,13,38.99520876112252,3,2011-02-26,UFC 127: Penn vs Fitch,0f461c4ddf70eff9,middleweight,2b93ebd9f5417ad2,Michael Bisping,KO/TKO,2,414,161.0,2011-08-06,UFC 133: Evans vs Ortiz 2,04df2fbb108b23c1,middleweight,5.56E+16,Constantinos Philippou,Decision - Split,3.0,900.0,False,True,False,False,121-180,35+,3+
5d7bdab5e03e3216,CB Dollaway,8,27.561943874058862,1,2011-03-03,UFC Live: Sanchez vs Kampmann,08602f790f09d949,middleweight,179f1948dc234f1f,Mark Munoz,KO/TKO,1,54,164.0,2011-08-14,UFC Live: Hardy vs Lytle,74773b56e0b31c6b,middleweight,23459ee7e373b98f,Jared Hamman,KO/TKO,2.0,518.0,False,True,True,True,121-180,<30,1
8a59d346dc976a10,Thiago Tavares,10,26.313483915126625,2,2011-03-03,UFC Live: Sanchez vs Kampmann,16b0e962beb6d15e,lightweight,75e0d3cc2262b732,Shane Roller,KO/TKO,2,388,177.0,2011-08-27,UFC 134: Silva vs Okami,6265ffd51a18ff21,lightweight,f34312c2ccfa0e00,Spencer Fisher,KO/TKO,2.0,471.0,True,False,True,False,121-180,<30,2
a08d909a5be6f410,Eliot Marshall,5,30.69678302532512,1,2011-03-19,UFC 128: Shogun vs Jones,e1563825c36aad26,light heavyweight,24b033b3daf1c9df,Luiz Cane,KO/TKO,1,135,224.0,2011-10-29,UFC 137: Penn vs Diaz,3ce9fb5e3bdee7b0,light heavyweight,fa315e6c77eee106,Brandon Vera,Decision - Unanimous,3.0,900.0,False,True,False,False,181-270,30-34,1
ece280745f8727b8,Kamal Shalorus,1,38.55715263518138,1,2011-03-19,UFC 128: Shogun vs Jones,2a28ce0035468735,lightweight,d1941565abf50b16,Jim Miller,KO/TKO,3,735,307.0,2012-01-20,UFC on FX: Guillard vs Miller,8360accf6f70ebc4,lightweight,032cc3922d871c7f,Khabib Nurmagomedov,Submission,3.0,728.0,False,True,False,False,271-365,35+,1
140745cbbcb023ac,Mauricio Rua,6,29.311430527036276,1,2011-03-19,UFC 128: Shogun vs Jones,dc2a3aeac1441991,light heavyweight,07f72a2a7591b409,Jon Jones,KO/TKO,3,757,161.0,2011-08-27,UFC 134: Silva vs Okami,e7da014d4dfc5bf3,light heavyweight,fcffee71cff5530e,Forrest Griffin,KO/TKO,1.0,113.0,True,False,True,False,121-180,<30,1
c32fb8c0f6471a4d,Mirko Filipovic,9,36.5201916495551,4,2011-03-19,UFC 128: Shogun vs Jones,077667e3aaf314db,heavyweight,89a407032911e27e,Brendan Schaub,KO/TKO,3,824,224.0,2011-10-29,UFC 137: Penn vs Diaz,9574c1ed9ad25816,heavyweight,3f7c14c7eca7195d,Roy Nelson,KO/TKO,3.0,690.0,False,True,True,True,181-270,35+,3+
2f13e4020cea5b38,Raphael Assuncao,1,28.6652977412731,1,2011-03-19,UFC 128: Shogun vs Jones,18b31990d1808419,featherweight,99bd87a300079ed9,Erik Koch,KO/TKO,1,152,161.0,2011-08-27,UFC 134: Silva vs Okami,7b1d63d0e3e12804,bantamweight,528c24b99fbaab79,Johnny Eduardo,Decision - Unanimous,3.0,900.0,True,False,False,False,121-180,<30,1
322a56923b396b4d,DaMarques Johnson,6,28.7419575633128,2,2011-03-26,UFC Fight Night: Nogueira vs Davis,de78bdd8c734e8ab,welterweight,2650e2f846a30f64,Amir Sadollah,KO/TKO,2,507,231.0,2011-11-12,UFC on FOX: Velasquez vs Dos Santos,bc7743819590b193,welterweight,83a477a7dba1ca58,Clay Harvison,KO/TKO,1.0,94.0,True,False,True,False,181-270,<30,2
8f2939f5fd9cca1e,TJ Waldburger,2,22.915811088295687,1,2011-03-26,UFC Fight Night: Nogueira vs Davis,a1f4a5fcef50915b,welterweight,0941df56f6ac954b,Johny Hendricks,KO/TKO,1,95,175.0,2011-09-17,UFC Fight Night: Shields vs Ellenberger,11141cf97c6156b6,welterweight,c0c36a5b3d5bbdd5,Mike Stumpf,Submission,1.0,232.0,True,False,False,False,121-180,<30,1
497ba5b12a4bfc47,Jason Brilz,6,35.813826146475016,1,2011-04-30,UFC 129: St-Pierre vs Shields,520de85f6d492264,light heavyweight,ccdd90bd1fc7dab6,Vladimir Matyushenko,KO/TKO,1,20,203.0,2011-11-19,UFC 139: Shogun vs Henderson,2f5ced39b8208e46,light heavyweight,c0ab242c40decc55,Ryan Bader,KO/TKO,1.0,77.0,False,True,True,True,181-270,35+,1
0d506315895efffc,Sean Pierson,2,35.13757700205339,1,2011-04-30,UFC 129: St-Pierre vs Shields,81ec228bf7af0fc1,welterweight,d81ac739417d7f53,Jake Ellenberger,KO/TKO,1,162,244.0,2011-12-30,UFC 141: Lesnar vs Overeem,972034fcd94ca83b,welterweight,9bcf8603ceb25680,Dong Hyun Kim,Decision - Unanimous,3.0,900.0,False,True,False,False,181-270,35+,1
f8dc544e7077d014,Jorge Santiago,4,30.63107460643395,3,2011-05-28,UFC 130: Rampage vs Hamill,6617170d3659b175,middleweight,579fcdfcabd23a7b,Brian Stann,KO/TKO,2,569,133.0,2011-10-08,UFC 136: Edgar vs Maynard 3,5f4284409503d874,middleweight,427b5953ac8e3a27,Demian Maia,Decision - Unanimous,3.0,900.0,False,True,False,False,121-180,30-34,3+
ebc1f40e00e0c481,Stefan Struve,8,23.27173169062286,3,2011-05-28,UFC 130: Rampage vs Hamill,727c8004faed648d,heavyweight,3236bf606fe9fa5b,Travis Browne,KO/TKO,1,251,126.0,2011-10-01,UFC Live: Cruz vs Johnson,008d1123cc90f003,heavyweight,658c3465581ae46b,Pat Barry,Submission,2.0,502.0,True,False,False,False,121-180,<30,3+
60ba33c3f555a7a3,Josh Grispi,2,22.636550308008214,1,2011-06-04,The Ultimate Fighter: Team Lesnar vs Team dos Santos Finale,2ebfb072b178649e,featherweight,3c0437fbeda06962,George Roop,KO/TKO,3,794,427.0,2012-08-04,UFC on FOX: Shogun vs Vera,9a85303025a077b5,featherweight,94527830000ab715,Rani Yahya,Submission,1.0,195.0,False,True,False,False,366-540,<30,1
fbf0947399d14323,Ken Stone,1,28.654346338124572,1,2011-06-04,The Ultimate Fighter: Team Lesnar vs Team dos Santos Finale,57622ac93e8d8900,bantamweight,0b64d0fed453ef7f,Scott Jorgensen,KO/TKO,1,241,105.0,2011-09-17,UFC Fight Night: Shields vs Ellenberger,35cfe0b894b93332,bantamweight,e6147d5ab3685899,Donny Walker,Submission,1.0,160.0,True,False,False,False,0-120,<30,1
22aa91e402d0fe1f,Ramsey Nijem,1,23.173169062286107,1,2011-06-04,The Ultimate Fighter: Team Lesnar vs Team dos Santos Finale,cd0bc692a7bce9e7,ultimate fighter 13 welterweight tournament,22a92d7f62195791,Tony Ferguson,KO/TKO,1,234,147.0,2011-10-29,UFC 137: Penn vs Diaz,baf123a5b5fc674c,lightweight,a66395395b5f1394,Danny Downes,Decision - Unanimous,3.0,900.0,True,False,False,False,121-180,<30,1
11f8860028b68fcf,Aaron Rosa,1,28.03832991101985,1,2011-06-11,UFC 131: Dos Santos vs Carwin,9a18479792f990f7,heavyweight,46baf0f57edfa4df,Joey Beltran,KO/TKO,3,686,154.0,2011-11-12,UFC on FOX: Velasquez vs Dos Santos,48c6c45d9628bb79,light heavyweight,668222c99c5c311d,Matt Lucas,Decision - Majority,3.0,900.0,True,False,False,False,121-180,<30,1
0577808d22dfe79c,Jon Olav Einemo,1,35.501711156741955,1,2011-06-11,UFC 131: Dos Santos vs Carwin,65270a16c25b59ad,heavyweight,cbd6f1abf955e628,Dave Herman,KO/TKO,2,499,231.0,2012-01-28,UFC on FOX: Evans vs Davis,c63a050af0692daf,heavyweight,353de740bb6c7e75,Mike Russow,Decision - Unanimous,3.0,900.0,False,True,False,False,181-270,35+,1
5f04e3d58d9ce982,Yves Edwards,13,34.69404517453799,1,2011-06-11,UFC 131: Dos Santos vs Carwin,44e24628e8eda0b1,lightweight,501b07aec9b8fc2d,Sam Stout,KO/TKO,1,232,112.0,2011-10-01,UFC Live: Cruz vs Johnson,765a1fde5ee12784,lightweight,15b1b21cd743d652,Rafaello Oliveira,KO/TKO,2.0,464.0,True,False,True,False,0-120,30-34,1
80779d7441af1b52,Christian Morecraft,3,24.79671457905544,2,2011-06-26,UFC Live: Kongo vs Barry,41f186bffee2bb29,heavyweight,ba280572acfba13f,Matt Mitrione,KO/TKO,2,568,208.0,2012-01-20,UFC on FX: Guillard vs Miller,fc91f1e448f35797,heavyweight,658c3465581ae46b,Pat Barry,KO/TKO,1.0,218.0,False,True,True,True,181-270,<30,2
6224e8d0a34264eb,Edward Faaloloto,1,26.94592744695414,1,2011-06-26,UFC Live: Kongo vs Barry,daa06084bcc66645,lightweight,511e82663651438d,Michael Johnson,KO/TKO,1,282,132.0,2011-11-05,UFC 138: Leben vs Munoz,92030ef8b5796b0a,lightweight,33011768c3c4dc9a,Terry Etim,Submission,1.0,17.0,False,True,False,False,121-180,<30,1
bfc2fc38a0e20211,Matt Grice,5,29.908281998631075,2,2011-06-26,UFC Live: Kongo vs Barry,16da233dcf7fecc8,featherweight,3974fa35c917af1d,Ricardo Lamas,KO/TKO,1,281,348.0,2012-06-08,UFC on FX: Johnson vs McCall,a6d07c32a1cb9730,featherweight,917e53fa0adea0d3,Leonard Garcia,Decision - Unanimous,3.0,900.0,True,False,False,False,271-365,<30,2
658c3465581ae46b,Pat Barry,6,31.969883641341546,1,2011-06-26,UFC Live: Kongo vs Barry,4d6f492092d827cf,heavyweight,1eacf73d6a0055dc,Cheick Kongo,KO/TKO,1,159,97.0,2011-10-01,UFC Live: Cruz vs Johnson,008d1123cc90f003,heavyweight,ebc1f40e00e0c481,Stefan Struve,Submission,2.0,502.0,False,True,False,False,0-120,30-34,1
9bcf8603ceb25680,Dong Hyun Kim,7,29.620807665982205,1,2011-07-02,UFC 132: Cruz vs Faber,d5d6ae85ebcfd160,welterweight,f9f07bb5a43535ed,Carlos Condit,KO/TKO,1,178,181.0,2011-12-30,UFC 141: Lesnar vs Overeem,972034fcd94ca83b,welterweight,0d506315895efffc,Sean Pierson,Decision - Unanimous,3.0,900.0,True,False,False,False,181-270,<30,1
896c322f56b8be5a,George Sotiropoulos,9,33.97946611909651,1,2011-07-02,UFC 132: Cruz vs Faber,65171ae917df102f,lightweight,6a2f7c151031653d,Rafael Dos Anjos,KO/TKO,1,59,531.0,2012-12-14,UFC on FX: Sotiropoulos vs Pearson,e2bacdc395aa7b40,lightweight,4f732e58ed907eff,Ross Pearson,KO/TKO,3.0,641.0,False,True,True,True,366-540,30-34,1
75e0d3cc2262b732,Shane Roller,2,31.967145790554415,1,2011-07-02,UFC 132: Cruz vs Faber,137d7dea41cacdc6,lightweight,ccd1299e0345e0ce,Melvin Guillard,KO/TKO,1,132,91.0,2011-10-01,UFC Live: Cruz vs Johnson,cdedc8f026307dd7,lightweight,a26198ba5093147e,TJ Grant,Submission,3.0,732.0,False,True,False,False,0-120,30-34,1
a1f6999fe57236e0,Wanderlei Silva,9,34.99520876112252,3,2011-07-02,UFC 132: Cruz vs Faber,50ebe7915d9f0cab,middleweight,d43a048a880efdff,Chris Leben,KO/TKO,1,27,140.0,2011-11-19,UFC 139: Shogun vs Henderson,30c574f33700010a,middleweight,d4f364dd076bb0e2,Cung Le,KO/TKO,2.0,589.0,True,False,True,False,121-180,30-34,3+
8a8a84b743ae7699,Dennis Hallman,8,35.676933607118414,3,2011-08-06,UFC 133: Evans vs Ortiz 2,27593cd1cda3cc2f,welterweight,32ba186f4b0e3267,Brian Ebersole,KO/TKO,1,268,126.0,2011-12-10,UFC 140: Jones vs Machida,fd0c847858bd346f,lightweight,c21a036b4e012f1c,John Makdessi,Submission,1.0,178.0,True,False,False,False,121-180,35+,3+
98b80a717b9bda17,Matt Hamill,13,34.83367556468173,2,2011-08-06,UFC 133: Evans vs Ortiz 2,48ac0e2cf3681cca,light heavyweight,3c6976f8182d9527,Alexander Gustafsson,KO/TKO,2,514,413.0,2012-09-22,UFC 152: Jones vs Belfort,304fc030ee6dd9ee,light heavyweight,27d65e9d0fba61ea,Roger Hollett,Decision - Unanimous,3.0,900.0,True,False,False,False,366-540,30-34,2
f5990c11974d8e9c,Mike Pyle,7,35.88227241615332,2,2011-08-06,UFC 133: Evans vs Ortiz 2,c299ca1bc07857d5,welterweight,cbd5d3cdd862e90e,Rory MacDonald,KO/TKO,1,234,161.0,2012-01-14,UFC 142: Aldo vs Mendes,f126491f024c1563,welterweight,e9e1acc96536bb4f,Ricardo Funch,KO/TKO,1.0,82.0,True,False,True,False,121-180,35+,2
2f732dd9210d301f,Tito Ortiz,25,36.53388090349076,4,2011-08-06,UFC 133: Evans vs Ortiz 2,68ac97071275099f,light heavyweight,ee779c43a8926d52,Rashad Evans,KO/TKO,2,588,126.0,2011-12-10,UFC 140: Jones vs Machida,69d6d58d58cb81e3,light heavyweight,73e09f837f3b5ecc,Rogerio Nogueira,KO/TKO,1.0,195.0,False,True,True,True,121-180,35+,3+
b0550072e5f0afa7,Yoshihiro Akiyama,4,36.02190280629706,1,2011-08-06,UFC 133: Evans vs Ortiz 2,eb3093e235f048c8,middleweight,0ee783aa00e468f0,Vitor Belfort,KO/TKO,1,112,203.0,2012-02-25,UFC 144: Edgar vs Henderson,53d2a57daaae700b,welterweight,fe435e440b5de0ff,Jake Shields,Decision - Unanimous,3.0,900.0,False,True,False,False,181-270,35+,1
5d7bdab5e03e3216,CB Dollaway,9,28.01095140314853,2,2011-08-14,UFC Live: Hardy vs Lytle,74773b56e0b31c6b,middleweight,23459ee7e373b98f,Jared Hamman,KO/TKO,2,518,286.0,2012-05-26,UFC 146: Dos Santos vs Mir,de8e1dd07ad49c94,middleweight,b2f88c04c4dd43ce,Jason Miller,Decision - Unanimous,3.0,900.0,True,False,False,False,271-365,<30,2
07225ba28ae309b6,Charles Oliveira,5,21.82340862422998,1,2011-08-14,UFC Live: Hardy vs Lytle,295c2e1ae2d54287,lightweight,1d00756835ca67c9,Donald Cerrone,KO/TKO,1,181,167.0,2012-01-28,UFC on FOX: Evans vs Davis,7a4e5bcd7336d203,featherweight,53f84637dfffab7a,Eric Wisely,Submission,1.0,103.0,True,False,False,False,121-180,<30,1
89a407032911e27e,Brendan Schaub,6,28.4435318275154,2,2011-08-27,UFC 134: Silva vs Okami,c8fbe7ade97e2055,heavyweight,ee9d73f4fee9cbdd,Antonio Rodrigo Nogueira,KO/TKO,1,189,238.0,2012-04-21,UFC 145: Jones vs Evans,41d170c5da83c8be,heavyweight,bd58d34e39b7b12a,Ben Rothwell,KO/TKO,1.0,70.0,False,True,True,True,181-270,<30,2
fcffee71cff5530e,Forrest Griffin,14,32.44900752908966,4,2011-08-27,UFC 134: Silva vs Okami,e7da014d4dfc5bf3,light heavyweight,140745cbbcb023ac,Mauricio Rua,KO/TKO,1,113,315.0,2012-07-07,UFC 148: Silva vs Sonnen 2,cf04a408cedb37ff,light heavyweight,2f732dd9210d301f,Tito Ortiz,Decision - Unanimous,3.0,900.0,True,False,False,False,271-365,30-34,3+
7bc475b0fc2020ab,Luis Ramos,1,30.60369609856263,1,2011-08-27,UFC 134: Silva vs Okami,9d379b41d86d7c7f,welterweight,5866fc86183a9fb8,Erick Silva,KO/TKO,1,40,300.0,2012-06-22,UFC on FX: Maynard vs Guida,a497d4a83afe6f2d,welterweight,31123249b0bbf52e,Matt Brown,KO/TKO,2.0,560.0,False,True,True,True,271-365,30-34,1
24b033b3daf1c9df,Luiz Cane,8,30.340862422997947,3,2011-08-27,UFC 134: Silva vs Okami,8782dca7c99717a6,light heavyweight,1d4bbaabd8b60173,Stanislav Nedkov,KO/TKO,1,253,413.0,2012-10-13,UFC 153: Silva vs Bonnar,d9df78e82953bfe5,middleweight,6c2030e0a143a94b,Chris Camozzi,Decision - Unanimous,3.0,900.0,False,True,False,False,366-540,30-34,3+
f34312c2ccfa0e00,Spencer Fisher,16,35.29911019849418,3,2011-08-27,UFC 134: Silva vs Okami,6265ffd51a18ff21,lightweight,8a59d346dc976a10,Thiago Tavares,KO/TKO,2,471,300.0,2012-06-22,UFC on FX: Maynard vs Guida,756cae177016ebf1,lightweight,501b07aec9b8fc2d,Sam Stout,Decision - Unanimous,3.0,900.0,False,True,False,False,271-365,35+,3+
acff437707625fc7,Yushin Okami,13,30.099931553730322,1,2011-08-27,UFC 134: Silva vs Okami,89cc8f4a69e9ea0e,middleweight,1f454354805b6f75,Anderson Silva,KO/TKO,2,424,182.0,2012-02-25,UFC 144: Edgar vs Henderson,eac1c31f1b3d11f3,middleweight,c80095f6092271a7,Tim Boetsch,KO/TKO,3.0,654.0,False,True,True,True,181-270,30-34,1
fe435e440b5de0ff,Jake Shields,3,32.68720054757016,1,2011-09-17,UFC Fight Night: Shields vs Ellenberger,1fa175b6a35e95e2,welterweight,d81ac739417d7f53,Jake Ellenberger,KO/TKO,1,53,161.0,2012-02-25,UFC 144: Edgar vs Henderson,53d2a57daaae700b,welterweight,b0550072e5f0afa7,Yoshihiro Akiyama,Decision - Unanimous,3.0,900.0,True,False,False,False,121-180,30-34,1
2be6596a9db33bf5,Jason MacDonald,13,36.290212183436005,5,2011-09-17,UFC Fight Night: Shields vs Ellenberger,a7fca585b4fd4255,middleweight,4130a743d9d22163,Alan Belcher,KO/TKO,1,228,241.0,2012-05-15,UFC on FUEL TV: Korean Zombie vs Poirier,57bbe424b0d6837c,middleweight,4d44f37107f01b9b,Tom Lawlor,KO/TKO,1.0,50.0,False,True,True,True,181-270,35+,3+
5df17b3620145578,Cole Escovedo,2,30.067077344284737,1,2011-09-24,UFC 135: Jones vs Rampage,eb5b6287ba73640d,bantamweight,48e093ea1f43a053,Takeya Mizugaki,KO/TKO,2,570,49.0,2011-11-12,UFC on FOX: Velasquez vs Dos Santos,9eed1b277c76f576,bantamweight,7aa3d6964eff4877,Alex Caceres,Decision - Unanimous,3.0,900.0,False,True,False,False,0-120,30-34,1
ecdf14f4f8643d39,Byron Bloodworth,1,28.125941136208077,1,2011-10-01,UFC Live: Cruz vs Johnson,d7f151f529543431,bantamweight,bc7230f231701d66,Mike Easton,KO/TKO,2,592,455.0,2012-12-29,UFC 155: Dos Santos vs Velasquez II,ea9059fd076a2f1e,bantamweight,af62f99eb7606308,Erik Perez,KO/TKO,1.0,230.0,False,True,True,True,366-540,<30,1
98f6da59d765ec94,Charlie Brenneman,5,30.639288158795345,2,2011-10-01,UFC Live: Cruz vs Johnson,f914dd2414f9a0ae,welterweight,365fee2da473b177,Anthony Johnson,KO/TKO,1,169,111.0,2012-01-20,UFC on FX: Guillard vs Miller,be7b9301e7c689c1,welterweight,22edaf53ad59a967,Daniel Roberts,Decision - Unanimous,3.0,900.0,True,False,False,False,0-120,30-34,2
696002b59f09d73b,Joseph Sandoval,1,25.39082819986311,1,2011-10-01,UFC Live: Cruz vs Johnson,8bd1f8cb9aa06dcf,bantamweight,92aafa8f4b26269b,Walel Watson,KO/TKO,1,77,111.0,2012-01-20,UFC on FX: Guillard vs Miller,26cdaf7cf575f656,bantamweight,e4aaaa34535e32b6,Nick Denis,KO/TKO,1.0,22.0,False,True,True,True,0-120,<30,1
15b1b21cd743d652,Rafaello Oliveira,5,29.678302532511978,1,2011-10-01,UFC Live: Cruz vs Johnson,765a1fde5ee12784,lightweight,5f04e3d58d9ce982,Yves Edwards,KO/TKO,2,464,280.0,2012-07-07,UFC 148: Silva vs Sonnen 2,8e7b1dfc608a2ef4,lightweight,afc2a7ce0c763bd5,Yoislandy Izquierdo,Decision - Unanimous,3.0,900.0,True,False,False,False,271-365,<30,1
7d96bc577e5178b2,Gray Maynard,11,32.41615331964408,1,2011-10-08,UFC 136: Edgar vs Maynard 3,8a660069ae42edc2,lightweight,f2688492b9a525a3,Frankie Edgar,KO/TKO,4,1134,258.0,2012-06-22,UFC on FX: Maynard vs Guida,18efcec3c51750e9,lightweight,c47df9303d318c67,Clay Guida,Decision - Split,5.0,1500.0,True,False,False,False,181-270,30-34,1
c32fb8c0f6471a4d,Mirko Filipovic,10,37.13347022587269,5,2011-10-29,UFC 137: Penn vs Diaz,9574c1ed9ad25816,heavyweight,3f7c14c7eca7195d,Roy Nelson,KO/TKO,3,690,1260.0,2015-04-11,UFC Fight Night: Gonzaga vs Cro Cop 2,6a7892754af30685,heavyweight,270b89c00ef0c55c,Gabriel Gonzaga,KO/TKO,3.0,810.0,True,False,True,False,541+,35+,3+
8c8c92a12621d7e0,Chris Cope,2,28.670773442847366,1,2011-11-05,UFC 138: Leben vs Munoz,7360ec204d4e0e10,welterweight,6cadfd8f1d9e7685,Che Mills,KO/TKO,1,40,91.0,2012-02-04,UFC 143: Diaz vs Condit,bd340a13bc3df8a1,welterweight,31123249b0bbf52e,Matt Brown,KO/TKO,2.0,379.0,False,True,True,True,0-120,<30,1
d43a048a880efdff,Chris Leben,19,31.290896646132786,3,2011-11-05,UFC 138: Leben vs Munoz,3fad8fd8b6e4465d,middleweight,179f1948dc234f1f,Mark Munoz,KO/TKO,2,600,420.0,2012-12-29,UFC 155: Dos Santos vs Velasquez II,bab948352454f302,middleweight,b1a3e0aca758b322,Derek Brunson,Decision - Unanimous,3.0,900.0,False,True,False,False,366-540,30-34,3+
0ff11cc094e887bc,Cain Velasquez,8,29.29226557152635,1,2011-11-12,UFC on FOX: Velasquez vs Dos Santos,78294f5d5e0f2b13,heavyweight,63def5a5662a6917,Junior Dos Santos,KO/TKO,1,64,196.0,2012-05-26,UFC 146: Dos Santos vs Mir,1a699da1b1b5ef85,heavyweight,8349d55cdecd393a,Antonio Silva,KO/TKO,1.0,216.0,True,False,True,False,181-270,<30,1
d18dbcb0f8e2b55d,Alex Soto,1,27.759069130732374,1,2011-11-19,UFC 139: Shogun vs Henderson,52f77a9f9eb66ab7,bantamweight,d0314416a7f26527,Michael McDonald,KO/TKO,1,56,178.0,2012-05-15,UFC on FUEL TV: Korean Zombie vs Poirier,b4407dd3627c1675,bantamweight,7ea4a9f07df33a45,Francisco Rivera,Decision - Unanimous,3.0,900.0,False,True,False,False,121-180,<30,1
d4f364dd076bb0e2,Cung Le,1,39.48528405201917,1,2011-11-19,UFC 139: Shogun vs Henderson,30c574f33700010a,middleweight,a1f6999fe57236e0,Wanderlei Silva,KO/TKO,2,589,231.0,2012-07-07,UFC 148: Silva vs Sonnen 2,64d4c58a37e1d29b,middleweight,9fa3bd637edd9aa2,Patrick Cote,Decision - Unanimous,3.0,900.0,True,False,False,False,181-270,35+,1
55f80a8aeffcdb33,Dustin Pague,1,24.32854209445585,1,2011-12-03,The Ultimate Fighter: Team Bisping vs Team Miller Finale,72481ce1897251cd,bantamweight,7bd94b60d7521e4a,John Albert,KO/TKO,1,69,188.0,2012-06-08,UFC on FX: Johnson vs McCall,2ccecfdd7683043e,bantamweight,edad57b3dddf2168,Jared Papazian,Submission,1.0,201.0,True,False,False,False,181-270,<30,1
b2f88c04c4dd43ce,Jason Miller,2,30.940451745379878,1,2011-12-03,The Ultimate Fighter: Team Bisping vs Team Miller Finale,f182b13c6e07dfb1,middleweight,2b93ebd9f5417ad2,Michael Bisping,KO/TKO,3,814,175.0,2012-05-26,UFC 146: Dos Santos vs Mir,de8e1dd07ad49c94,middleweight,5d7bdab5e03e3216,CB Dollaway,Decision - Unanimous,3.0,900.0,False,True,False,False,121-180,30-34,1
b72a60a0cadff408,Louis Gaudinot,1,27.263518138261464,1,2011-12-03,The Ultimate Fighter: Team Bisping vs Team Miller Finale,25783a9abbfee4fc,bantamweight,ffc3e6daaa6da0b7,Johnny Bedford,KO/TKO,3,718,154.0,2012-05-05,UFC on FOX: Diaz vs Miller,539e0008bb634f1b,flyweight,c268b2cfebccf652,John Lineker,Submission,2.0,594.0,True,False,False,False,121-180,<30,1
c849740a3ff51931,TJ Dillashaw,1,25.817932922655714,1,2011-12-03,The Ultimate Fighter: Team Bisping vs Team Miller Finale,9a3908ab337c5f3f,ultimate fighter 14 bantamweight tournament,99506df1af6c8b3b,John Dodson,KO/TKO,1,114,74.0,2012-02-15,UFC on FUEL TV: Sanchez vs Ellenberger,5f7a1ba6e016b249,bantamweight,92aafa8f4b26269b,Walel Watson,Decision - Unanimous,3.0,900.0,True,False,False,False,0-120,<30,1
23459ee7e373b98f,Jared Hamman,5,29.760438056125942,2,2011-12-10,UFC 140: Jones vs Machida,76d18b94f580be6e,middleweight,5.56E+16,Constantinos Philippou,KO/TKO,1,191,245.0,2012-08-11,UFC 150: Henderson vs Edgar II,9360a34eb511a9b4,middleweight,b7f38813485745da,Michael Kuiper,KO/TKO,2.0,436.0,False,True,True,True,181-270,<30,2
0a97691039c4bbfb,Mark Hominick,5,29.385352498288842,1,2011-12-10,UFC 140: Jones vs Machida,8abe79e6d300b639,featherweight,c451d67c09c55418,Chan Sung Jung,KO/TKO,1,7,133.0,2012-04-21,UFC 145: Jones vs Evans,eb5cd79e00dd5cd2,featherweight,cc84b68f862b466f,Eddie Yagin,Decision - Split,3.0,900.0,False,True,False,False,121-180,<30,1
c76ec2bc3a57666a,Mitch Clarke,1,26.04243668720055,1,2011-12-10,UFC 140: Jones vs Machida,e094423979fc7c6a,lightweight,03c9994c5b8958ec,John Cholish,KO/TKO,2,576,224.0,2012-07-21,UFC 149: Faber vs Barao,b616ec23516b7244,lightweight,706f8e2b34e8e18b,Anton Kuivanen,Decision - Split,3.0,900.0,False,True,False,False,181-270,<30,1
2f732dd9210d301f,Tito Ortiz,26,36.878850102669404,5,2011-12-10,UFC 140: Jones vs Machida,69d6d58d58cb81e3,light heavyweight,73e09f837f3b5ecc,Rogerio Nogueira,KO/TKO,1,195,210.0,2012-07-07,UFC 148: Silva vs Sonnen 2,cf04a408cedb37ff,light heavyweight,fcffee71cff5530e,Forrest Griffin,Decision - Unanimous,3.0,900.0,False,True,False,False,181-270,35+,3+
513c6f1715e547a8,Brock Lesnar,7,34.46680355920602,2,2011-12-30,UFC 141: Lesnar vs Overeem,5c3325b7da3f7828,heavyweight,b4ad3a06ee4d660c,Alistair Overeem,KO/TKO,1,146,1653.0,2016-07-09,UFC 200: Tate vs Nunes,83414cc83ec3f2ac,heavyweight,eef9b891edbd4604,Mark Hunt,Overturned,3.0,900.0,False,True,False,False,541+,30-34,2
6f018c039b4d5d80,Jon Fitch,16,33.84531143052703,1,2011-12-30,UFC 141: Lesnar vs Overeem,b9508f47504ccc59,welterweight,0941df56f6ac954b,Johny Hendricks,KO/TKO,1,12,288.0,2012-10-13,UFC 153: Silva vs Bonnar,034ce0af4dedbfd7,welterweight,5866fc86183a9fb8,Erick Silva,Decision - Unanimous,3.0,900.0,True,False,False,False,271-365,30-34,1
ccdd90bd1fc7dab6,Vladimir Matyushenko,11,40.98562628336756,3,2011-12-30,UFC 141: Lesnar vs Overeem,607722017a9d7e22,light heavyweight,3c6976f8182d9527,Alexander Gustafsson,KO/TKO,1,133,393.0,2013-01-26,UFC on FOX: Johnson vs Dodson,97cec48c97e7ea31,light heavyweight,c0ab242c40decc55,Ryan Bader,Submission,1.0,50.0,False,True,False,False,366-540,35+,3+
b5b684eac99ae0a3,Chad Mendes,3,26.704996577686515,1,2012-01-14,UFC 142: Aldo vs Mendes,9afcb091777f6a83,featherweight,d0f3959b4a9747e6,Jose Aldo,KO/TKO,1,299,175.0,2012-07-07,UFC 148: Silva vs Sonnen 2,d1268ffa059f9d42,featherweight,7be63795363029e8,Cody McKenzie,KO/TKO,1.0,31.0,True,False,True,False,121-180,<30,1
e9e1acc96536bb4f,Ricardo Funch,3,31.416837782340863,1,2012-01-14,UFC 142: Aldo vs Mendes,f126491f024c1563,welterweight,f5990c11974d8e9c,Mike Pyle,KO/TKO,1,82,160.0,2012-06-22,UFC on FX: Maynard vs Guida,ecb9c5ae7fd7a5cc,welterweight,d0c29452d3272603,Dan Miller,Submission,3.0,792.0,False,True,False,False,121-180,30-34,1
33011768c3c4dc9a,Terry Etim,10,26.00684462696783,1,2012-01-14,UFC 142: Aldo vs Mendes,11e7f12ecb2d1597,lightweight,64a50dad704d1d49,Edson Barboza,KO/TKO,3,722,399.0,2013-02-16,UFC on FUEL TV: Barao vs McDonald,e27a9b4b4a46f091,lightweight,44bc27bfa76dcd9e,Renee Forte,Decision - Unanimous,3.0,900.0,False,True,False,False,366-540,<30,1
3c0437fbeda06962,George Roop,7,30.21492128678987,2,2012-01-28,UFC on FOX: Evans vs Davis,ca263e46051261e2,featherweight,d247691a6c0e9034,Cub Swanson,KO/TKO,2,442,413.0,2013-03-16,UFC 158: St-Pierre vs Diaz,8e4650807ea06626,bantamweight,4417980b3e798abf,Reuben Duran,Decision - Unanimous,3.0,900.0,True,False,False,False,366-540,30-34,2
46baf0f57edfa4df,Joey Beltran,7,30.138261464750173,1,2012-01-28,UFC on FOX: Evans vs Davis,fd230ba169b3f2b6,heavyweight,e6c5908910cc26e4,Lavar Johnson,KO/TKO,1,264,165.0,2012-07-11,UFC on FUEL TV: Munoz vs Weidman,0d63a7d3e08df3db,light heavyweight,f5431394fb284bb9,James Te Huna,Decision - Unanimous,3.0,900.0,False,True,False,False,121-180,30-34,1
cc3147b49c7d7d92,Dan Stittgen,1,31.21423682409309,1,2012-02-04,UFC 143: Diaz vs Condit,40c080d0f86f1f1f,welterweight,4a28cb716c19157a,Stephen Thompson,KO/TKO,1,253,158.0,2012-07-11,UFC on FUEL TV: Munoz vs Weidman,831957c67bfc4486,welterweight,0c9c0a43d3f3f49d,Marcelo Guimaraes,Decision - Split,3.0,900.0,False,True,False,False,121-180,30-34,1
cbd6f1abf955e628,Dave Herman,2,27.367556468172484,1,2012-02-15,UFC on FUEL TV: Sanchez vs Ellenberger,e93d07a18ca847c8,heavyweight,ebc1f40e00e0c481,Stefan Struve,KO/TKO,2,532,101.0,2012-05-26,UFC 146: Dos Santos vs Mir,00cf159d5e637238,heavyweight,3f7c14c7eca7195d,Roy Nelson,KO/TKO,1.0,51.0,False,True,True,True,0-120,<30,1
6ef65b6a152e49d5,Philip De Fries,2,25.82067077344285,1,2012-02-15,UFC on FUEL TV: Sanchez vs Ellenberger,796a7e1fa80af990,heavyweight,d28dee5c705991df,Stipe Miocic,KO/TKO,1,43,171.0,2012-08-04,UFC on FOX: Shogun vs Vera,758ec6b5d55c1b09,heavyweight,dcdd511ff757f15c,Oli Thompson,Submission,2.0,556.0,True,False,False,False,121-180,<30,1
d403b1a6f278c95e,Vagner Rocha,3,29.694729637234772,1,2012-02-15,UFC on FUEL TV: Sanchez vs Ellenberger,2341651d1043e2c0,featherweight,b0a6124751a56bc4,Jonathan Brookins,KO/TKO,1,92,996.0,2014-11-07,UFC Fight Night: Rockhold vs Bisping,2faa7b48b4d51cab,lightweight,a845f0735bc67405,Jake Matthews,Submission,2.0,412.0,False,True,False,False,541+,<30,1
1eacf73d6a0055dc,Cheick Kongo,16,36.77754962354552,1,2012-02-25,UFC 144: Edgar vs Henderson,319053a9de63ab85,heavyweight,eef9b891edbd4604,Mark Hunt,KO/TKO,1,131,147.0,2012-07-21,UFC 149: Faber vs Barao,66785060ebaa2387,heavyweight,ca2efc9d7d523c43,Shawn Jordan,Decision - Unanimous,3.0,900.0,True,False,False,False,121-180,35+,1
2b4faacc16d66898,Eiji Mitsuoka,1,36.15058179329227,1,2012-02-25,UFC 144: Edgar vs Henderson,1b4f87d607b3964d,lightweight,3be081c29bf734d9,Takanori Gomi,KO/TKO,2,441,168.0,2012-08-11,UFC 150: Henderson vs Edgar II,4af9088a165c7751,featherweight,6fb1ba67bef41b37,Nik Lentz,KO/TKO,1.0,225.0,False,True,True,True,121-180,35+,1
3bad7ef643840f67,Joe Lauzon,12,27.761806981519506,2,2012-02-25,UFC 144: Edgar vs Henderson,9b4bff38430a01eb,lightweight,cbb682f5fcc44bfc,Anthony Pettis,KO/TKO,1,81,161.0,2012-08-04,UFC on FOX: Shogun vs Vera,4c4e1f7521c27900,lightweight,a54fc2d6fc224dc3,Jamie Varner,Submission,3.0,764.0,True,False,False,False,121-180,<30,2
acff437707625fc7,Yushin Okami,14,30.598220396988363,2,2012-02-25,UFC 144: Edgar vs Henderson,eac1c31f1b3d11f3,middleweight,c80095f6092271a7,Tim Boetsch,KO/TKO,3,654,168.0,2012-08-11,UFC 150: Henderson vs Edgar II,f0d5e2c27c9fd2c1,middleweight,b2a2da86546ddb19,Buddy Roberts,KO/TKO,2.0,485.0,True,False,True,False,121-180,30-34,2
c23e3d4875340d8d,Zhang Tiequan,3,33.58795345653662,1,2012-02-25,UFC 144: Edgar vs Henderson,84e800acc2aacd8e,featherweight,57bf89d42364d39e,Issei Tamura,KO/TKO,2,332,259.0,2012-11-10,UFC Macao: Franklin vs Le,8d556e2826924946,lightweight,53ec9cb470e1a4ea,Jon Tuck,Decision - Unanimous,3.0,900.0,False,True,False,False,181-270,30-34,1
879b8df81523d91b,Nick Penner,1,31.93429158110883,1,2012-03-02,UFC on FX: Alves vs Kampmann,b218d6a420abb67b,light heavyweight,4b4753d19489297f,Anthony Perosh,KO/TKO,1,299,287.0,2012-12-14,UFC on FX: Sotiropoulos vs Pearson,4eda704823ccfb71,light heavyweight,7bc96507e4b38d3b,Cody Donovan,KO/TKO,1.0,275.0,False,True,True,True,271-365,30-34,1
dcdd511ff757f15c,Oli Thompson,1,32.16427104722793,1,2012-03-02,UFC on FX: Alves vs Kampmann,6ba485fc7b8f38ee,heavyweight,ca2efc9d7d523c43,Shawn Jordan,KO/TKO,2,533,155.0,2012-08-04,UFC on FOX: Shogun vs Vera,758ec6b5d55c1b09,heavyweight,6ef65b6a152e49d5,Philip De Fries,Submission,2.0,556.0,False,True,False,False,121-180,30-34,1
c34e5849184b08c3,Yasuhiro Urushitani,1,35.4798083504449,1,2012-03-02,UFC on FX: Alves vs Kampmann,058d32372a2271fd,flyweight,80eacd4da0617c57,Joseph Benavidez,KO/TKO,2,311,253.0,2012-11-10,UFC Macao: Franklin vs Le,b79a0b9c1f729c0d,flyweight,c268b2cfebccf652,John Lineker,Decision - Unanimous,3.0,900.0,False,True,False,False,181-270,35+,1
7f955f71fa2ce7ac,Alessio Sakara,13,30.614647501711158,4,2012-04-14,UFC on FUEL TV: Gustafsson vs Silva,990bf4ef60890853,middleweight,579fcdfcabd23a7b,Brian Stann,KO/TKO,1,146,217.0,2012-11-17,UFC 154: St-Pierre vs Condit,72a3ec0672871ab4,middleweight,9fa3bd637edd9aa2,Patrick Cote,DQ,1.0,86.0,False,True,False,False,181-270,30-34,3+
30a09e43f15f1d75,Paulo Thiago,8,31.21697467488022,1,2012-04-14,UFC on FUEL TV: Gustafsson vs Silva,8757fbfa0857415f,welterweight,aec185309b4843d0,Siyar Bahadurzada,KO/TKO,1,42,210.0,2012-11-10,UFC Macao: Franklin vs Le,dd875196c446fdf0,welterweight,9bcf8603ceb25680,Dong Hyun Kim,Decision - Unanimous,3.0,900.0,False,True,False,False,181-270,30-34,1
89a407032911e27e,Brendan Schaub,7,29.09514031485284,3,2012-04-21,UFC 145: Jones vs Evans,41d170c5da83c8be,heavyweight,bd58d34e39b7b12a,Ben Rothwell,KO/TKO,1,70,308.0,2013-02-23,UFC 157: Rousey vs Carmouche,50eb4822a74a417e,heavyweight,e6c5908910cc26e4,Lavar Johnson,Decision - Unanimous,3.0,900.0,True,False,False,False,271-365,<30,3+
6cadfd8f1d9e7685,Che Mills,2,29.560574948665298,1,2012-04-21,UFC 145: Jones vs Evans,4966e9d7479c8d8d,welterweight,cbd5d3cdd862e90e,Rory MacDonald,KO/TKO,2,440,161.0,2012-09-29,UFC on FUEL TV: Struve vs Miocic,4c54ca018e70ed04,welterweight,84ac950d4c1722dd,Duane Ludwig,KO/TKO,1.0,148.0,True,False,True,False,121-180,<30,1
658c3465581ae46b,Pat Barry,9,32.82956878850103,2,2012-05-05,UFC on FOX: Diaz vs Miller,c7be6a466d1d0a1e,heavyweight,e6c5908910cc26e4,Lavar Johnson,KO/TKO,1,278,224.0,2012-12-15,The Ultimate Fighter: Team Carwin vs. Team Nelson Finale,cade8a4e97911e89,heavyweight,85980f5da429c0a6,Shane del Rosario,KO/TKO,2.0,326.0,True,False,True,False,181-270,30-34,2
8ddf9c51c5fdea75,Rousimar Palhares,10,32.18891170431211,2,2012-05-05,UFC on FOX: Diaz vs Miller,704a089fde021153,middleweight,4130a743d9d22163,Alan Belcher,KO/TKO,1,258,223.0,2012-12-14,UFC on FX: Sotiropoulos vs Pearson,6834ae686aa0c588,middleweight,db1f2ed63b54b9a7,Hector Lombard,KO/TKO,1.0,218.0,False,True,True,True,181-270,30-34,2
8349d55cdecd393a,Antonio Silva,1,32.69815195071869,1,2012-05-26,UFC 146: Dos Santos vs Mir,1a699da1b1b5ef85,heavyweight,0ff11cc094e887bc,Cain Velasquez,KO/TKO,1,216,132.0,2012-10-05,UFC on FX: Browne vs Bigfoot,0cced3b02b6b1b95,heavyweight,3236bf606fe9fa5b,Travis Browne,KO/TKO,1.0,207.0,True,False,True,False,121-180,30-34,1
cbd6f1abf955e628,Dave Herman,3,27.644079397672826,2,2012-05-26,UFC 146: Dos Santos vs Mir,00cf159d5e637238,heavyweight,3f7c14c7eca7195d,Roy Nelson,KO/TKO,1,51,140.0,2012-10-13,UFC 153: Silva vs Bonnar,dba1add63d4bcbaa,heavyweight,ee9d73f4fee9cbdd,Antonio Rodrigo Nogueira,Submission,2.0,571.0,False,True,False,False,121-180,<30,2
84ac950d4c1722dd,Duane Ludwig,8,33.80971937029432,2,2012-05-26,UFC 146: Dos Santos vs Mir,8238c5f16d0b39c3,welterweight,473ce3aa581251a2,Dan Hardy,KO/TKO,1,231,126.0,2012-09-29,UFC on FUEL TV: Struve vs Miocic,4c54ca018e70ed04,welterweight,6cadfd8f1d9e7685,Che Mills,KO/TKO,1.0,148.0,False,True,True,True,121-180,30-34,2
64a50dad704d1d49,Edson Barboza,5,26.34360027378508,1,2012-05-26,UFC 146: Dos Santos vs Mir,9cdeb62aa9092713,lightweight,a54fc2d6fc224dc3,Jamie Varner,KO/TKO,1,203,238.0,2013-01-19,UFC on FX: Belfort vs Bisping,470f6fdd47f671fd,lightweight,7413b80dbb0f8f9f,Lucas Martins,KO/TKO,1.0,158.0,True,False,True,False,181-270,<30,1
1ff9589f9065a9ed,Frank Mir,20,33.007529089664615,6,2012-05-26,UFC 146: Dos Santos vs Mir,41e6ace08a2679e1,heavyweight,63def5a5662a6917,Junior Dos Santos,KO/TKO,2,484,329.0,2013-04-20,UFC on FOX: Henderson vs Melendez,4dd561df1ca58ab8,heavyweight,d967f0128c323de6,Daniel Cormier,Decision - Unanimous,3.0,900.0,False,True,False,False,271-365,30-34,3+
85980f5da429c0a6,Shane del Rosario,1,28.673511293634498,1,2012-05-26,UFC 146: Dos Santos vs Mir,cd2a60453f8ac133,heavyweight,d28dee5c705991df,Stipe Miocic,KO/TKO,2,494,203.0,2012-12-15,The Ultimate Fighter: Team Carwin vs. Team Nelson Finale,cade8a4e97911e89,heavyweight,658c3465581ae46b,Pat Barry,KO/TKO,2.0,326.0,False,True,True,True,181-270,<30,1
ff4c3ab594c7fac3,Cristiano Marcello,1,34.49418206707735,1,2012-06-01,The Ultimate Fighter: Live Finale,fa8c1f3d27fc349c,lightweight,b8aef0faf4ce9b31,Sam Sicilia,KO/TKO,2,473,134.0,2012-10-13,UFC 153: Silva vs Bonnar,e3072951bb030826,lightweight,e25bcbcdaf6537a1,Reza Madadi,Decision - Split,3.0,900.0,True,False,False,False,121-180,30-34,1
d81ac739417d7f53,Jake Ellenberger,8,27.17864476386037,1,2012-06-01,The Ultimate Fighter: Live Finale,8422c70a72eb9291,welterweight,8b69839f3555a67b,Martin Kampmann,KO/TKO,2,400,126.0,2012-10-05,UFC on FX: Browne vs Bigfoot,8802182074bf4a3a,welterweight,5bb0a618ad03ac64,Jay Hieron,Decision - Unanimous,3.0,900.0,True,False,False,False,121-180,<30,1
c3bd649a9194e50c,Jeremy Larsen,1,28.03832991101985,1,2012-06-01,The Ultimate Fighter: Live Finale,e8bb812cd91d9c28,lightweight,a36556bb1565e32d,Joe Proctor,KO/TKO,1,119,351.0,2013-05-18,UFC on FX: Belfort vs. Rockhold,eacfc05c3e5ead5e,lightweight,7413b80dbb0f8f9f,Lucas Martins,KO/TKO,3.0,613.0,False,True,True,True,271-365,<30,1
8b260672a21d1fd6,John Cofer,1,28.09034907597536,1,2012-06-01,The Ultimate Fighter: Live Finale,64e7c4ee81d46900,lightweight,879f6cae48d25baa,Justin Lawrence,KO/TKO,3,619,197.0,2012-12-15,The Ultimate Fighter: Team Carwin vs. Team Nelson Finale,8935fc5943a78c20,lightweight,af90b10c785ced3e,Mike Rio,Submission,3.0,851.0,False,True,False,False,181-270,<30,1
d1a1314976c50bef,Josh Neer,13,29.21013004791239,1,2012-06-08,UFC on FX: Johnson vs McCall,be6024894ebcb360,welterweight,f5990c11974d8e9c,Mike Pyle,KO/TKO,1,296,119.0,2012-10-05,UFC on FX: Browne vs Bigfoot,b56d1822b9f9a35f,welterweight,e56daf7725a0b5ab,Justin Edwards,Submission,1.0,45.0,False,True,False,False,0-120,<30,1
9b198c73e3d0d289,Justin Salas,2,30.239561943874058,1,2012-06-08,UFC on FX: Johnson vs McCall,1984570de7f0c89e,lightweight,4b47e71384a9522f,Tim Means,KO/TKO,1,66,414.0,2013-07-27,UFC on FOX: Johnson vs Moraga,b616969d55fb2d7a,lightweight,f2c8ebbeafd45f2b,Aaron Riley,Decision - Split,3.0,900.0,True,False,False,False,366-540,30-34,1
0b64d0fed453ef7f,Scott Jorgensen,4,29.724845995893222,1,2012-06-08,UFC on FX: Johnson vs McCall,ed697b0ef9d455e4,bantamweight,fc9a9559a05f2704,Eddie Wineland,KO/TKO,2,550,183.0,2012-12-08,UFC on FOX: Henderson vs Diaz,f0cf2ca8e5c621a8,bantamweight,7bd94b60d7521e4a,John Albert,Submission,1.0,299.0,True,False,False,False,181-270,<30,1
c0eecd851dbf3146,CJ Keith,1,25.869952087611225,1,2012-06-22,UFC on FX: Maynard vs Guida,00731068c3195f7f,lightweight,22aa91e402d0fe1f,Ramsey Nijem,KO/TKO,1,149,211.0,2013-01-19,UFC on FX: Belfort vs Bisping,f4273b2155fe20fe,lightweight,a8283a4f415e1eb9,Francisco Trinaldo,Submission,2.0,410.0,False,True,False,False,181-270,<30,1
4f732e58ed907eff,Ross Pearson,8,27.737166324435318,1,2012-06-22,UFC on FX: Maynard vs Guida,40fa0bf9783cdc2e,featherweight,d247691a6c0e9034,Cub Swanson,KO/TKO,2,554,175.0,2012-12-14,UFC on FX: Sotiropoulos vs Pearson,e2bacdc395aa7b40,lightweight,896c322f56b8be5a,George Sotiropoulos,KO/TKO,3.0,641.0,True,False,True,False,121-180,<30,1
8bbc0cfc01bc1ba1,Leonardo Mafra,1,23.16221765913758,1,2012-06-23,UFC 147: Silva vs Franklin 2,cc3e0c5a0f868502,middleweight,c1a5d3843596df92,Thiago Perpetuo,KO/TKO,3,641,753.0,2014-07-16,UFC Fight Night: Cowboy vs Miller,a822be2a017f329e,welterweight,5b5307450405abf0,Rick Story,Submission,2.0,432.0,False,True,False,False,541+,<30,1
353de740bb6c7e75,Mike Russow,5,35.780971937029435,1,2012-06-23,UFC 147: Silva vs Franklin 2,0239f24134022656,heavyweight,492b202d2064e7a9,Fabricio Werdum,KO/TKO,1,148,217.0,2013-01-26,UFC on FOX: Johnson vs Dodson,ca28f69fa42f88ed,heavyweight,ca2efc9d7d523c43,Shawn Jordan,KO/TKO,2.0,528.0,False,True,True,True,181-270,35+,1
48d1f690b763934c,Chael Sonnen,11,35.26078028747433,1,2012-07-07,UFC 148: Silva vs Sonnen 2,83526f699d25e4e4,middleweight,1f454354805b6f75,Anderson Silva,KO/TKO,2,415,294.0,2013-04-27,UFC 159: Jones vs Sonnen,8151421edf24a821,light heavyweight,07f72a2a7591b409,Jon Jones,KO/TKO,1.0,273.0,False,True,True,True,271-365,35+,1
7be63795363029e8,Cody McKenzie,5,24.55852156057495,1,2012-07-07,UFC 148: Silva vs Sonnen 2,d1268ffa059f9d42,featherweight,b5b684eac99ae0a3,Chad Mendes,KO/TKO,1,31,294.0,2013-04-27,UFC 159: Jones vs Sonnen,44ad16cd4e6c93d7,featherweight,917e53fa0adea0d3,Leonard Garcia,Decision - Unanimous,3.0,900.0,True,False,False,False,271-365,<30,1
9bcf8603ceb25680,Dong Hyun Kim,9,30.636550308008214,2,2012-07-07,UFC 148: Silva vs Sonnen 2,61cb2ca1469c83ba,welterweight,427b5953ac8e3a27,Demian Maia,KO/TKO,1,47,126.0,2012-11-10,UFC Macao: Franklin vs Le,dd875196c446fdf0,welterweight,30a09e43f15f1d75,Paulo Thiago,Decision - Unanimous,3.0,900.0,True,False,False,False,121-180,30-34,2
57bf89d42364d39e,Issei Tamura,2,28.331279945242983,1,2012-07-11,UFC on FUEL TV: Munoz vs Weidman,a914df32b95a1abc,bantamweight,2f13e4020cea5b38,Raphael Assuncao,KO/TKO,2,325,248.0,2013-03-16,UFC 158: St-Pierre vs Diaz,9c3db86db300119e,bantamweight,c849740a3ff51931,TJ Dillashaw,KO/TKO,2.0,326.0,False,True,True,True,181-270,<30,1
179f1948dc234f1f,Mark Munoz,10,34.417522245037645,2,2012-07-11,UFC on FUEL TV: Munoz vs Weidman,8d2f3e0abb22689f,middleweight,3a8176e15b9887c1,Chris Weidman,KO/TKO,2,397,360.0,2013-07-06,UFC 162: Silva vs Weidman,8c124a6196e39ad8,middleweight,c80095f6092271a7,Tim Boetsch,Decision - Unanimous,3.0,900.0,True,False,False,False,271-365,30-34,2
0dba4df5f34d5ff0,Rafael Natal,5,29.544147843942504,1,2012-07-11,UFC on FUEL TV: Munoz vs Weidman,0ae4889892f21738,middleweight,8a70ceb3edbe757b,Andrew Craig,KO/TKO,2,592,199.0,2013-01-26,UFC on FOX: Johnson vs Dodson,df0d3dec831e2142,middleweight,ab850a77a0fa487d,Sean Spencer,Submission,3.0,733.0,True,False,False,False,181-270,<30,1
4b4753d19489297f,Anthony Perosh,7,39.79192334017796,2,2012-07-21,UFC 149: Faber vs Barao,ec5e9ce2be2e1586,light heavyweight,bc3ec52ef70fc155,Ryan Jimmo,KO/TKO,1,7,378.0,2013-08-03,UFC 163: Aldo vs Jung,4c6030fafb46330f,light heavyweight,88a9bc81271ccd89,Vinny Magalhaes,KO/TKO,1.0,14.0,True,False,True,False,366-540,35+,2
361d49960a196976,Daniel Pineda,4,26.95687885010267,1,2012-07-21,UFC 149: Faber vs Barao,64fa0e558f5d1b24,featherweight,fef3d17e27e916e7,Antonio Carvalho,KO/TKO,1,71,266.0,2013-04-13,The Ultimate Fighter: Team Jones vs. Team Sonnen Finale,ae0fdb792308b0f8,featherweight,879f6cae48d25baa,Justin Lawrence,Submission,1.0,95.0,True,False,False,False,181-270,<30,1
fa315e6c77eee106,Brandon Vera,15,34.81724845995893,3,2012-08-04,UFC on FOX: Shogun vs Vera,1cbffe3a467d0ded,light heavyweight,140745cbbcb023ac,Mauricio Rua,KO/TKO,4,1149,392.0,2013-08-31,UFC 164: Henderson vs Pettis 2,4dc03e76536b85e5,heavyweight,bd58d34e39b7b12a,Ben Rothwell,KO/TKO,3.0,714.0,False,True,True,True,366-540,30-34,3+
322a56923b396b4d,DaMarques Johnson,9,30.102669404517453,3,2012-08-04,UFC on FOX: Shogun vs Vera,1e2677e481a587fd,welterweight,9fe85152f351e737,Mike Swick,KO/TKO,2,380,56.0,2012-09-29,UFC on FUEL TV: Struve vs Miocic,ddf768753c8030c1,catch weight,fd55393021a8c255,Gunnar Nelson,Submission,1.0,214.0,False,True,False,False,0-120,30-34,3+
c0ab242c40decc55,Ryan Bader,10,29.16084873374401,1,2012-08-04,UFC on FOX: Shogun vs Vera,957b7c74ce120a32,light heavyweight,f7a7f7118d4b01b6,Lyoto Machida,KO/TKO,2,392,175.0,2013-01-26,UFC on FOX: Johnson vs Dodson,97cec48c97e7ea31,light heavyweight,ccdd90bd1fc7dab6,Vladimir Matyushenko,Submission,1.0,50.0,True,False,False,False,121-180,<30,1
1e35aa8955794580,Ulysses Gomez,1,29.196440793976727,1,2012-08-04,UFC on FOX: Shogun vs Vera,08bd9e03c187f66b,flyweight,92437c6775b3f7d1,John Moraga,KO/TKO,1,226,196.0,2013-02-16,UFC on FUEL TV: Barao vs McDonald,16ba92318ff66d4a,flyweight,ba043b03eb799063,Phil Harris,Decision - Unanimous,3.0,900.0,False,True,False,False,181-270,<30,1
23459ee7e373b98f,Jared Hamman,6,30.431211498973305,3,2012-08-11,UFC 150: Henderson vs Edgar II,9360a34eb511a9b4,middleweight,b7f38813485745da,Michael Kuiper,KO/TKO,2,436,385.0,2013-08-31,UFC 164: Henderson vs Pettis 2,98903717ea3dfc24,middleweight,0e21976afc92e4d1,Magnus Cedenblad,Submission,1.0,57.0,False,True,False,False,366-540,30-34,3+
879f6cae48d25baa,Justin Lawrence,2,22.24229979466119,1,2012-08-11,UFC 150: Henderson vs Edgar II,42f11b82d67585af,featherweight,150ff4cc642270b9,Max Holloway,KO/TKO,2,589,245.0,2013-04-13,The Ultimate Fighter: Team Jones vs. Team Sonnen Finale,ae0fdb792308b0f8,featherweight,361d49960a196976,Daniel Pineda,Submission,1.0,95.0,False,True,False,False,181-270,<30,1
ccd1299e0345e0ce,Melvin Guillard,18,29.36892539356605,1,2012-08-11,UFC 150: Henderson vs Edgar II,7c07a71fa1882bf4,lightweight,1d00756835ca67c9,Donald Cerrone,KO/TKO,1,76,140.0,2012-12-29,UFC 155: Dos Santos vs Velasquez II,0d4927585d0480fc,lightweight,a54fc2d6fc224dc3,Jamie Varner,Decision - Split,3.0,900.0,False,True,False,False,121-180,<30,1
07225ba28ae309b6,Charles Oliveira,8,22.93223819301848,2,2012-09-22,UFC 152: Jones vs Belfort,307b12b9f08a4cbf,featherweight,d247691a6c0e9034,Cub Swanson,KO/TKO,1,160,287.0,2013-07-06,UFC 162: Silva vs Weidman,6453b20a65c62cfe,featherweight,f2688492b9a525a3,Frankie Edgar,Decision - Unanimous,3.0,900.0,False,True,False,False,271-365,<30,2
98f6da59d765ec94,Charlie Brenneman,8,31.616700889801507,3,2012-09-22,UFC 152: Jones vs Belfort,87790788d1bb3b75,welterweight,7339d340aa2889cb,Kyle Noke,KO/TKO,1,45,480.0,2014-01-15,UFC Fight Night: Rockhold vs Philippou,6f3e189c393c0e09,lightweight,08af939f41b5a57b,Beneil Dariush,Submission,1.0,105.0,False,True,False,False,366-540,30-34,3+
fea8acf9bfcf09ec,Simeon Thoresen,2,28.525667351129364,1,2012-09-22,UFC 152: Jones vs Belfort,aa1db19806dfd62e,welterweight,fd5b6598a3b70c0a,Seth Baczynski,KO/TKO,1,250,126.0,2013-01-26,UFC on FOX: Johnson vs Dodson,83f6a6fc79036749,welterweight,8f3df4c579cfbb69,David Mitchell,Decision - Unanimous,3.0,900.0,False,True,False,False,121-180,<30,1
d28dee5c705991df,Stipe Miocic,4,30.11362080766598,1,2012-09-29,UFC on FUEL TV: Struve vs Miocic,a97a7707d5021181,heavyweight,ebc1f40e00e0c481,Stefan Struve,KO/TKO,2,530,259.0,2013-06-15,UFC 161: Evans vs Henderson,a4daf2f24acdcd43,heavyweight,3f7c14c7eca7195d,Roy Nelson,Decision - Unanimous,3.0,900.0,True,False,False,False,181-270,30-34,1
b4eeac608fc82f88,Yves Jabouin,5,33.33607118412046,1,2012-09-29,UFC on FUEL TV: Struve vs Miocic,21392a61a2cf24a3,bantamweight,c945adc22c2bfe8f,Brad Pickett,KO/TKO,1,220,259.0,2013-06-15,UFC 161: Evans vs Henderson,19828eb12f6d41a8,bantamweight,55f80a8aeffcdb33,Dustin Pague,Decision - Split,3.0,900.0,True,False,False,False,181-270,30-34,1
d1e7fc58d4225cdf,Danny Castillo,6,33.11430527036276,1,2012-10-05,UFC on FX: Browne vs Bigfoot,3195350c98c9491d,lightweight,511e82663651438d,Michael Johnson,KO/TKO,2,366,134.0,2013-02-16,UFC on FUEL TV: Barao vs McDonald,530558f01ac425af,lightweight,7b143a54451263d9,Paul Sass,Decision - Unanimous,3.0,900.0,True,False,False,False,121-180,30-34,1
b102c26727306ab6,Jussier Formiga,1,27.477070499657767,1,2012-10-05,UFC on FX: Browne vs Bigfoot,dc5e46b2ee0898ec,flyweight,99506df1af6c8b3b,John Dodson,KO/TKO,2,575,225.0,2013-05-18,UFC on FX: Belfort vs. Rockhold,caa56c26127bf7e8,flyweight,b2e3aca4cd363477,Chris Cariaso,Decision - Unanimous,3.0,900.0,True,False,False,False,181-270,<30,1
3236bf606fe9fa5b,Travis Browne,6,30.220396988364133,1,2012-10-05,UFC on FX: Browne vs Bigfoot,0cced3b02b6b1b95,heavyweight,8349d55cdecd393a,Antonio Silva,KO/TKO,1,207,190.0,2013-04-13,The Ultimate Fighter: Team Jones vs. Team Sonnen Finale,5ba1e6f5519074c9,heavyweight,270b89c00ef0c55c,Gabriel Gonzaga,KO/TKO,1.0,71.0,True,False,True,False,181-270,30-34,1
b8aef0faf4ce9b31,Sam Sicilia,2,26.69678302532512,1,2012-10-13,UFC 153: Silva vs Bonnar,dab5e3680cf6eac7,featherweight,b71ce838b01f2cad,Rony Jason,KO/TKO,2,556,182.0,2013-04-13,The Ultimate Fighter: Team Jones vs. Team Sonnen Finale,0a5a021cb11299bf,featherweight,4a1329cc8eb0928a,Maximo Blanco,Decision - Unanimous,3.0,900.0,False,True,False,False,181-270,<30,1
8b69839f3555a67b,Martin Kampmann,16,30.587268993839835,3,2012-11-17,UFC 154: St-Pierre vs Condit,4a29c1f671bd89cb,welterweight,0941df56f6ac954b,Johny Hendricks,KO/TKO,1,46,284.0,2013-08-28,UFC Fight Night: Condit vs Kampmann 2,bfef39e6493f6487,welterweight,f9f07bb5a43535ed,Carlos Condit,KO/TKO,4.0,954.0,False,True,True,True,271-365,30-34,3+
18968f97ad34f15c,Jeremy Stephens,15,26.54072553045859,1,2012-12-08,UFC on FOX: Henderson vs Diaz,9caaca5748ea9086,lightweight,5f04e3d58d9ce982,Yves Edwards,KO/TKO,1,115,168.0,2013-05-25,UFC 160: Velasquez vs Silva 2,172dfd6cab9b627b,featherweight,d0a5ef38a7778ac2,Estevan Payan,Decision - Unanimous,3.0,900.0,True,False,False,False,121-180,<30,1
9fe85152f351e737,Mike Swick,14,33.47296372347707,1,2012-12-08,UFC on FOX: Henderson vs Diaz,405cbbcaa79db24b,welterweight,31123249b0bbf52e,Matt Brown,KO/TKO,2,451,945.0,2015-07-11,UFC 189: Mendes vs McGregor,824368db1ed8191f,welterweight,a2b12c3f3d60ff69,Alex Garcia,Decision - Unanimous,3.0,900.0,False,True,False,False,541+,30-34,1
896c322f56b8be5a,George Sotiropoulos,10,35.43326488706366,2,2012-12-14,UFC on FX: Sotiropoulos vs Pearson,e2bacdc395aa7b40,lightweight,4f732e58ed907eff,Ross Pearson,KO/TKO,3,641,309.0,2013-10-19,UFC 166: Velasquez vs Dos Santos 3,ed9d7d85a5ae06b1,lightweight,b7ffa72aa148599a,KJ Noons,Decision - Unanimous,3.0,900.0,False,True,False,False,271-365,35+,2
8ddf9c51c5fdea75,Rousimar Palhares,11,32.799452429842574,3,2012-12-14,UFC on FX: Sotiropoulos vs Pearson,6834ae686aa0c588,middleweight,db1f2ed63b54b9a7,Hector Lombard,KO/TKO,1,218,299.0,2013-10-09,UFC Fight Night: Maia vs Shields,e0ca5ac323768da0,welterweight,236a37d96d476164,Mike Pierce,Submission,1.0,31.0,True,False,False,False,271-365,30-34,3+
3623bd267a2eef2e,Yaotzin Meza,1,31.857631759069132,1,2012-12-14,UFC on FX: Sotiropoulos vs Pearson,a6097fd4e77cb881,featherweight,b5b684eac99ae0a3,Chad Mendes,KO/TKO,1,115,225.0,2013-07-27,UFC on FOX: Johnson vs Moraga,9cb8fe20b05d886e,bantamweight,7bd94b60d7521e4a,John Albert,Submission,2.0,469.0,True,False,False,False,181-270,30-34,1
19a8cce18a1cef9e,James Head,4,28.84873374401095,1,2012-12-15,The Ultimate Fighter: Team Carwin vs. Team Nelson Finale,1d20bba4aca5f81a,welterweight,f5990c11974d8e9c,Mike Pyle,KO/TKO,1,115,256.0,2013-08-28,UFC Fight Night: Condit vs Kampmann 2,e1f9390c465a2988,welterweight,e5d03e4d966126bd,Jason High,Submission,1.0,101.0,False,True,False,False,181-270,<30,1
e363b21261814830,Marcos Vinicius,2,33.02943189596167,1,2012-12-15,The Ultimate Fighter: Team Carwin vs. Team Nelson Finale,452a9728317893d7,bantamweight,ffc3e6daaa6da0b7,Johnny Bedford,KO/TKO,2,360,263.0,2013-09-04,UFC Fight Night: Teixeira vs Bader,46aa72d0ccd2be0a,flyweight,3dd92ff9fb0412b3,Ali Bagautinov,KO/TKO,3.0,808.0,False,True,True,True,181-270,30-34,1
ba280572acfba13f,Matt Mitrione,7,34.42026009582478,1,2012-12-15,The Ultimate Fighter: Team Carwin vs. Team Nelson Finale,5bcc7204a43cf34e,heavyweight,3f7c14c7eca7195d,Roy Nelson,KO/TKO,1,178,112.0,2013-04-06,UFC on FUEL TV: Mousasi vs Latifi,a89b9eeacdb85ec1,heavyweight,6ef65b6a152e49d5,Philip De Fries,KO/TKO,1.0,19.0,True,False,True,False,0-120,30-34,1
4417980b3e798abf,Reuben Duran,3,29.456536618754278,1,2012-12-15,The Ultimate Fighter: Team Carwin vs. Team Nelson Finale,6463a48c9347a9f3,bantamweight,f95381efb3051d81,Hugo Viana,KO/TKO,1,245,91.0,2013-03-16,UFC 158: St-Pierre vs Diaz,8e4650807ea06626,bantamweight,3c0437fbeda06962,George Roop,Decision - Unanimous,3.0,900.0,False,True,False,False,0-120,<30,1
c77a953488e5607d,Vinc Pichel,1,30.06160164271047,1,2012-12-15,The Ultimate Fighter: Team Carwin vs. Team Nelson Finale,12d17a837caeae63,lightweight,9b7694d064a8a0ad,Rustam Khabilov,KO/TKO,1,135,396.0,2014-01-15,UFC Fight Night: Rockhold vs Philippou,1143d37503a9527d,lightweight,129537073431e52e,Garett Whiteley,Decision - Unanimous,3.0,900.0,True,False,False,False,366-540,30-34,1
6ef65b6a152e49d5,Philip De Fries,4,26.691307323750856,2,2012-12-29,UFC 155: Dos Santos vs Velasquez II,84500d5c1aba97a2,heavyweight,bda04c573563cc2e,Todd Duffee,KO/TKO,1,124,98.0,2013-04-06,UFC on FUEL TV: Mousasi vs Latifi,a89b9eeacdb85ec1,heavyweight,ba280572acfba13f,Matt Mitrione,KO/TKO,1.0,19.0,False,True,True,True,0-120,<30,2
c80095f6092271a7,Tim Boetsch,11,31.917864476386036,2,2012-12-29,UFC 155: Dos Santos vs Velasquez II,526790a5b3c4b5a2,middleweight,5.56E+16,Constantinos Philippou,KO/TKO,3,731,189.0,2013-07-06,UFC 162: Silva vs Weidman,8c124a6196e39ad8,middleweight,179f1948dc234f1f,Mark Munoz,Decision - Unanimous,3.0,900.0,False,True,False,False,181-270,30-34,2
7413b80dbb0f8f9f,Lucas Martins,1,24.188911704312115,1,2013-01-19,UFC on FX: Belfort vs Bisping,470f6fdd47f671fd,lightweight,64a50dad704d1d49,Edson Barboza,KO/TKO,1,158,119.0,2013-05-18,UFC on FX: Belfort vs. Rockhold,eacfc05c3e5ead5e,lightweight,c3bd649a9194e50c,Jeremy Larsen,KO/TKO,3.0,613.0,True,False,True,False,0-120,<30,1
2b93ebd9f5417ad2,Michael Bisping,18,33.89185489390828,2,2013-01-19,UFC on FX: Belfort vs Bisping,b51d691b9f5603a8,middleweight,0ee783aa00e468f0,Vitor Belfort,KO/TKO,2,387,98.0,2013-04-27,UFC 159: Jones vs Sonnen,1ac61e415deca2fe,middleweight,4130a743d9d22163,Alan Belcher,Decision - Unanimous,3.0,871.0,True,False,False,False,0-120,30-34,2
8a59d346dc976a10,Thiago Tavares,13,28.197125256673512,3,2013-01-19,UFC on FX: Belfort vs Bisping,7651b2e09ea2c420,lightweight,032cc3922d871c7f,Khabib Nurmagomedov,KO/TKO,1,115,294.0,2013-11-09,UFC Fight Night: Belfort vs Henderson 2,ee4d086121100177,lightweight,9b198c73e3d0d289,Justin Salas,Submission,1.0,158.0,True,False,False,False,271-365,<30,3+
1d00756835ca67c9,Donald Cerrone,8,29.831622176591377,1,2013-01-26,UFC on FOX: Johnson vs Dodson,bddf441908777c0c,lightweight,cbb682f5fcc44bfc,Anthony Pettis,KO/TKO,1,155,119.0,2013-05-25,UFC 160: Velasquez vs Silva 2,3f19bab8de698eb0,lightweight,b7ffa72aa148599a,KJ Noons,Decision - Unanimous,3.0,900.0,True,False,False,False,0-120,<30,1
99bd87a300079ed9,Erik Koch,3,24.31211498973306,1,2013-01-26,UFC on FOX: Johnson vs Dodson,4e87af7e5156bbf7,featherweight,3974fa35c917af1d,Ricardo Lamas,KO/TKO,2,452,217.0,2013-08-31,UFC 164: Henderson vs Pettis 2,af51920a3e176995,featherweight,029eaff01e6bb8f0,Dustin Poirier,Decision - Unanimous,3.0,900.0,False,True,False,False,181-270,<30,1
eb29176b03dfa888,Matt Wiman,14,29.35523613963039,2,2013-01-26,UFC on FOX: Johnson vs Dodson,e8c24a1754599237,lightweight,a26198ba5093147e,TJ Grant,KO/TKO,1,291,665.0,2014-11-22,UFC Fight Night: Edgar vs Swanson,a2bd4c46f89f19ae,lightweight,c295de4e10acd4c9,Isaac Vallie-Flagg,Decision - Unanimous,3.0,900.0,True,False,False,False,541+,<30,2
b4ad3a06ee4d660c,Alistair Overeem,2,32.714579055441476,1,2013-02-02,UFC 156: Aldo vs Edgar,21419797f539de5e,heavyweight,8349d55cdecd393a,Antonio Silva,KO/TKO,3,625,196.0,2013-08-17,UFC Fight Night: Shogun vs Sonnen,eefc526e320524e6,heavyweight,3236bf606fe9fa5b,Travis Browne,KO/TKO,1.0,248.0,False,True,True,True,181-270,30-34,1
bbfca6d5c27d9cd8,Edwin Figueroa,4,28.50924024640657,1,2013-02-02,UFC 156: Aldo vs Edgar,42eba784becde9ad,bantamweight,7ea4a9f07df33a45,Francisco Rivera,KO/TKO,2,560,133.0,2013-06-15,UFC 161: Evans vs Henderson,8b08b73f16ff7b3b,bantamweight,173acb3f920082b8,Roland Delorme,Decision - Unanimous,3.0,900.0,False,True,False,False,121-180,<30,1
1d4bbaabd8b60173,Stanislav Nedkov,3,31.189596167008897,1,2013-02-16,UFC on FUEL TV: Barao vs McDonald,22a574162e2ebcf6,middleweight,6809c31286b08d97,Tom Watson,KO/TKO,2,582,707.0,2015-01-24,UFC on FOX: Gustafsson vs Johnson,b2398418be9a3442,light heavyweight,1091d4d957141094,Nikita Krylov,Submission,1.0,84.0,False,True,False,False,541+,30-34,1
dd37fd509af89f15,Josh Koscheck,22,35.233401779603014,2,2013-02-23,UFC 157: Rousey vs Carmouche,b4db19e62f087a7f,welterweight,f2925e6db404bf1d,Robbie Lawler,KO/TKO,1,237,266.0,2013-11-16,UFC 167: St-Pierre vs Hendricks,1f5c71dd2a0672ac,welterweight,effd9de9937996f8,Tyron Woodley,KO/TKO,1.0,278.0,False,True,True,True,181-270,35+,2
0c9c0a43d3f3f49d,Marcelo Guimaraes,2,29.686516084873375,1,2013-03-02,UFC on FUEL TV: Silva vs. Stann,68e1a69423360900,welterweight,203c957eac95dd87,Hyun Gyu Lim,KO/TKO,2,540,483.0,2014-06-28,UFC Fight Night: Swanson vs Stephens,47cabf79c3340581,middleweight,993d385f5a475375,Andy Enz,Decision - Split,3.0,900.0,True,False,False,False,366-540,<30,1
ebc1f40e00e0c481,Stefan Struve,13,25.034907597535934,4,2013-03-02,UFC on FUEL TV: Silva vs. Stann,c996b2ff10a915b1,heavyweight,eef9b891edbd4604,Mark Hunt,KO/TKO,3,704,651.0,2014-12-13,UFC on FOX: Dos Santos vs Miocic,002921976d27b7da,heavyweight,b4ad3a06ee4d660c,Alistair Overeem,KO/TKO,1.0,253.0,False,True,True,True,541+,<30,3+
d0c29452d3272603,Dan Miller,12,31.709787816564,1,2013-03-16,UFC 158: St-Pierre vs Diaz,b6c46c3c239e7863,welterweight,2aa49b3766a59bcd,Jordan Mein,KO/TKO,1,282,848.0,2015-07-12,The Ultimate Fighter: American Top Team vs. Blackzilians Finale,44e3a7b4f4c7d95d,middleweight,f797f0c57a83353e,Trevor Smith,Decision - Unanimous,3.0,900.0,False,True,False,False,541+,30-34,1
a8e6a69796280f17,Nate Marquardt,15,33.90554414784394,2,2013-03-16,UFC 158: St-Pierre vs Diaz,5adcbd20eed3795d,welterweight,d81ac739417d7f53,Jake Ellenberger,KO/TKO,1,180,217.0,2013-10-19,UFC 166: Velasquez vs Dos Santos 3,2a5fd0e2728967a5,welterweight,db1f2ed63b54b9a7,Hector Lombard,KO/TKO,1.0,108.0,False,True,True,True,181-270,30-34,2
16af2d5a6f28bee2,Quinn Mulhern,1,28.484599589322382,1,2013-03-16,UFC 158: St-Pierre vs Diaz,9030c92a161afaf9,welterweight,5b5307450405abf0,Rick Story,KO/TKO,1,185,294.0,2014-01-04,UFC Fight Night: Saffiedine vs Lim,ab8722d48a5a447e,lightweight,44470bfd9483c7ad,Katsunori Kikuno,Decision - Unanimous,3.0,900.0,False,True,False,False,271-365,<30,1
81801f57bd0a7c41,Marcus Brimage,4,28.0,1,2013-04-06,UFC on FUEL TV: Mousasi vs Latifi,24393bea0c4cf49a,featherweight,f4c49976c75c5ab2,Conor McGregor,KO/TKO,1,67,455.0,2014-07-05,UFC 175: Weidman vs Machida,9cba1f0cdf10a8e5,bantamweight,f50d95223751e6ca,Russell Doane,Decision - Split,3.0,900.0,False,True,False,False,366-540,<30,1
46fd223e3ced39b3,Ryan Couture,1,30.60917180013689,1,2013-04-06,UFC on FUEL TV: Mousasi vs Latifi,fa520c5834cda94e,lightweight,4f732e58ed907eff,Ross Pearson,KO/TKO,2,525,147.0,2013-08-31,UFC 164: Henderson vs Pettis 2,9cd973a0a6c1cd5c,lightweight,59279a7c978f7da0,Al Iaquinta,Decision - Unanimous,3.0,900.0,False,True,False,False,121-180,30-34,1
a17322f99ddfd8e9,Bristol Marunde,1,30.981519507186857,1,2013-04-13,The Ultimate Fighter: Team Jones vs. Team Sonnen Finale,40a43ffdd1624bed,middleweight,92b62174c175ce19,Clint Hester,KO/TKO,3,833,112.0,2013-08-03,UFC 163: Aldo vs Jung,4f8b6eecb0361290,welterweight,d221ee27afc7a60e,Viscardi Andrade,KO/TKO,1.0,96.0,False,True,True,True,0-120,30-34,1
270b89c00ef0c55c,Gabriel Gonzaga,15,33.90554414784394,5,2013-04-13,The Ultimate Fighter: Team Jones vs. Team Sonnen Finale,5ba1e6f5519074c9,heavyweight,3236bf606fe9fa5b,Travis Browne,KO/TKO,1,71,84.0,2013-07-06,UFC 162: Silva vs Weidman,c5de5c3633a0bfce,heavyweight,cbd6f1abf955e628,Dave Herman,KO/TKO,1.0,17.0,True,False,True,False,0-120,30-34,3+
8d9586726252dbf7,Kevin Casey,1,31.82751540041068,1,2013-04-13,The Ultimate Fighter: Team Jones vs. Team Sonnen Finale,5067fe22dbc4baff,middleweight,9deff9e3e8d94d47,Josh Samman,KO/TKO,2,437,448.0,2014-07-05,UFC 175: Weidman vs Machida,629655f9b898810d,middleweight,132505067f08c54d,Bubba Bush,Overturned,1.0,61.0,False,True,False,False,366-540,30-34,1
b96619b3acd7d9da,Miesha Tate,1,26.652977412731005,1,2013-04-13,The Ultimate Fighter: Team Jones vs. Team Sonnen Finale,2594287e8fa31404,women's bantamweight,3ecd936bd8814108,Cat Zingano,KO/TKO,3,775,259.0,2013-12-28,UFC 168: Weidman vs Silva 2,315968a74789600a,women's bantamweight,8bdac25ce0bb874d,Ronda Rousey,Submission,3.0,658.0,False,True,False,False,181-270,<30,1
92a9aa9c93192871,Darren Elkins,8,28.928131416837783,1,2013-04-20,UFC on FOX: Henderson vs Melendez,d13ea6559225991f,featherweight,b5b684eac99ae0a3,Chad Mendes,KO/TKO,1,68,130.0,2013-08-28,UFC Fight Night: Condit vs Kampmann 2,dd1131c208475365,featherweight,ef7fa30364cbe7f2,Hatsu Hioki,Decision - Unanimous,3.0,900.0,True,False,False,False,121-180,<30,1
6546af7ab545b90c,Darren Uyenoyama,3,33.51403148528405,1,2013-04-20,UFC on FOX: Henderson vs Melendez,a6797238f9f98644,flyweight,80eacd4da0617c57,Joseph Benavidez,KO/TKO,2,590,238.0,2013-12-14,UFC on FOX: Johnson vs. Benavidez 2,0f215b143e08f425,flyweight,e18a19001a3f7c7d,Alptekin Ozkilic,Decision - Split,3.0,900.0,False,True,False,False,181-270,30-34,1
f95381efb3051d81,Hugo Viana,3,30.56536618754278,1,2013-04-20,UFC on FOX: Henderson vs Melendez,b229ee2997b70d16,bantamweight,c849740a3ff51931,TJ Dillashaw,KO/TKO,1,262,280.0,2014-01-25,UFC on FOX: Henderson vs Thomson,df7cf7ef41eccbe6,bantamweight,915c8d39d4a0e7d1,Ramiro Hernandez,Decision - Unanimous,3.0,900.0,True,False,False,False,271-365,30-34,1
2aa49b3766a59bcd,Jordan Mein,2,23.526351813826146,1,2013-04-20,UFC on FOX: Henderson vs Melendez,004885f7983f4658,welterweight,31123249b0bbf52e,Matt Brown,KO/TKO,2,360,364.0,2014-04-19,UFC on FOX: Werdum vs Browne,73f72edb86c82eef,welterweight,575360be653ad6a6,Hernani Perpetuo,Decision - Split,3.0,900.0,True,False,False,False,271-365,<30,1
8355922d564b152c,Nate Diaz,18,28.01095140314853,1,2013-04-20,UFC on FOX: Henderson vs Melendez,56ce29bdb1fe9abf,lightweight,a566371ba2ad7152,Josh Thomson,KO/TKO,2,524,224.0,2013-11-30,The Ultimate Fighter: Team Rousey vs. Team Tate Finale,f0815638f558968d,lightweight,7d96bc577e5178b2,Gray Maynard,KO/TKO,1.0,158.0,True,False,True,False,181-270,<30,1
22aa91e402d0fe1f,Ramsey Nijem,5,25.05133470225873,2,2013-04-20,UFC on FOX: Henderson vs Melendez,704adfae22d0dfb8,lightweight,08e908ed6d18d6a0,Myles Jury,KO/TKO,2,362,119.0,2013-08-17,UFC Fight Night: Shogun vs Sonnen,f12126b5c49a318a,lightweight,6256b2b1562cb8e1,James Vick,Submission,1.0,58.0,False,True,False,False,0-120,<30,2
3b9f723e2720a238,Roger Bowling,1,30.373716632443532,1,2013-04-20,UFC on FOX: Henderson vs Melendez,56ad1de1924984ad,lightweight,6bf5a7d3e081ade2,Anthony Njokuani,KO/TKO,2,472,130.0,2013-08-28,UFC Fight Night: Condit vs Kampmann 2,6b30fe49b6df63de,lightweight,e14b5aa06eea9653,Abel Trujillo,Could Not Continue,2.0,597.0,False,True,False,False,121-180,30-34,1
48d1f690b763934c,Chael Sonnen,12,36.06570841889117,2,2013-04-27,UFC 159: Jones vs Sonnen,8151421edf24a821,light heavyweight,07f72a2a7591b409,Jon Jones,KO/TKO,1,273,112.0,2013-08-17,UFC Fight Night: Shogun vs Sonnen,1308a39eec6f86cc,light heavyweight,140745cbbcb023ac,Mauricio Rua,Submission,1.0,287.0,True,False,False,False,0-120,35+,2
837d30395faca41e,Sheila Gaff,1,23.326488706365502,1,2013-04-27,UFC 159: Jones vs Sonnen,fb30b2752d3dc1eb,women's bantamweight,7be74a12d7352df2,Sara McMann,KO/TKO,1,246,98.0,2013-08-03,UFC 163: Aldo vs Jung,168413032bb51ce0,women's bantamweight,80fa8218c99f9c58,Amanda Nunes,KO/TKO,1.0,128.0,False,True,True,True,0-120,<30,1
14aa21bc82cac57d,Iliarde Santos,1,32.643394934976044,1,2013-05-18,UFC on FX: Belfort vs. Rockhold,019b88d4ac875ae4,bantamweight,2f95a3c6d58b2aad,Iuri Alcantara,KO/TKO,1,151,77.0,2013-08-03,UFC 163: Aldo vs Jung,5f2065f737591226,flyweight,701e057d63c124d9,Ian McCall,Decision - Unanimous,3.0,900.0,False,True,False,False,0-120,30-34,1
c3bd649a9194e50c,Jeremy Larsen,2,28.999315537303218,2,2013-05-18,UFC on FX: Belfort vs. Rockhold,eacfc05c3e5ead5e,lightweight,7413b80dbb0f8f9f,Lucas Martins,KO/TKO,3,613,154.0,2013-10-19,UFC 166: Velasquez vs Dos Santos 3,f11ca082c924464c,featherweight,8fd808923cffff82,Andre Fili,KO/TKO,2.0,353.0,False,True,True,True,121-180,<30,2
00e11b5c8b7bfeeb,Luke Rockhold,1,28.583162217659137,1,2013-05-18,UFC on FX: Belfort vs. Rockhold,110d18c0953bde1d,middleweight,0ee783aa00e468f0,Vitor Belfort,KO/TKO,1,152,242.0,2014-01-15,UFC Fight Night: Rockhold vs Philippou,0f3e6876516edeaf,middleweight,5.56E+16,Constantinos Philippou,KO/TKO,1.0,151.0,True,False,True,False,181-270,<30,1
8349d55cdecd393a,Antonio Silva,4,33.69472963723477,2,2013-05-25,UFC 160: Velasquez vs Silva 2,d51757fe7dd89f2d,heavyweight,0ff11cc094e887bc,Cain Velasquez,KO/TKO,1,81,195.0,2013-12-06,UFC Fight Night: Hunt vs Bigfoot,fe52c91f751e8db6,heavyweight,eef9b891edbd4604,Mark Hunt,Decision - Majority,5.0,1500.0,False,True,False,False,181-270,30-34,2
2e25c1d983c26311,Colton Smith,2,25.779603011635867,1,2013-05-25,UFC 160: Velasquez vs Silva 2,3333fdbe86a763fb,welterweight,e1147d3d2dabe1ce,Robert Whittaker,KO/TKO,3,641,165.0,2013-11-06,UFC Fight Night: Fight for the Troops 3,0cd79ea89d5931d0,lightweight,c58f51dedb310998,Michael Chiesa,Submission,2.0,401.0,False,True,False,False,121-180,<30,1
7d96bc577e5178b2,Gray Maynard,13,34.04517453798768,2,2013-05-25,UFC 160: Velasquez vs Silva 2,9dd931fd20d6c886,lightweight,a26198ba5093147e,TJ Grant,KO/TKO,1,127,189.0,2013-11-30,The Ultimate Fighter: Team Rousey vs. Team Tate Finale,f0815638f558968d,lightweight,8355922d564b152c,Nate Diaz,KO/TKO,1.0,158.0,False,True,True,True,181-270,30-34,2
eef9b891edbd4604,Mark Hunt,6,39.17316906228611,1,2013-05-25,UFC 160: Velasquez vs Silva 2,19d6c7f5263c9398,heavyweight,63def5a5662a6917,Junior Dos Santos,KO/TKO,3,858,195.0,2013-12-06,UFC Fight Night: Hunt vs Bigfoot,fe52c91f751e8db6,heavyweight,8349d55cdecd393a,Antonio Silva,Decision - Majority,5.0,1500.0,False,True,False,False,181-270,35+,1
fa37628269132d1a,Godofredo Pepey,3,25.935660506502394,1,2013-06-08,UFC on FUEL TV: Nogueira vs. Werdum,d03618c86d395b43,featherweight,71002dbc1743b9a7,Felipe Arantes,KO/TKO,1,212,154.0,2013-11-09,UFC Fight Night: Belfort vs Henderson 2,0a70601cc9f2426f,featherweight,b8aef0faf4ce9b31,Sam Sicilia,KO/TKO,1.0,102.0,False,True,True,True,121-180,<30,1
5c1ca0c72b599a3c,Rafael Cavalcante,1,33.14989733059548,1,2013-06-08,UFC on FUEL TV: Nogueira vs. Werdum,2692ac9853970e08,light heavyweight,2924886ee9c4c527,Thiago Silva,KO/TKO,1,269,154.0,2013-11-09,UFC Fight Night: Belfort vs Henderson 2,c6c37a9e8990baba,light heavyweight,53278852bcd91e11,Igor Pokrajac,KO/TKO,1.0,78.0,True,False,True,False,121-180,30-34,1
658c3465581ae46b,Pat Barry,11,33.94113620807666,3,2013-06-15,UFC 161: Evans vs Henderson,27ff1bfeb2d50b38,heavyweight,ca2efc9d7d523c43,Shawn Jordan,KO/TKO,1,59,174.0,2013-12-06,UFC Fight Night: Hunt vs Bigfoot,45e6eec6b35d7dfe,heavyweight,60029bcf496bd707,Soa Palelei,KO/TKO,1.0,129.0,False,True,True,True,121-180,30-34,3+
1f454354805b6f75,Anderson Silva,17,38.22861054072553,1,2013-07-06,UFC 162: Silva vs Weidman,9a6a6716cdfadc98,middleweight,3a8176e15b9887c1,Chris Weidman,KO/TKO,2,378,175.0,2013-12-28,UFC 168: Weidman vs Silva 2,2a17686c6b5f334e,middleweight,3a8176e15b9887c1,Chris Weidman,KO/TKO,2.0,376.0,False,True,True,True,121-180,35+,1
8f3df4c579cfbb69,David Mitchell,4,33.700205338809035,1,2013-07-06,UFC 162: Silva vs Weidman,a7cc5dc1a5c1e643,welterweight,236a37d96d476164,Mike Pierce,KO/TKO,2,475,95.0,2013-10-09,UFC Fight Night: Maia vs Shields,3e610c7a2ab31acd,welterweight,7cdd3e5d3aa9cb39,Yan Cabral,Decision - Unanimous,3.0,900.0,False,True,False,False,0-120,30-34,1
5f87a5c00b3d17ed,Dennis Siver,16,34.47775496235455,2,2013-07-06,UFC 162: Silva vs Weidman,c3601529b7a7d489,featherweight,d247691a6c0e9034,Cub Swanson,KO/TKO,3,744,175.0,2013-12-28,UFC 168: Weidman vs Silva 2,f1a9c3187855155c,featherweight,cc6f9d1e89f3449a,Manvel Gamburyan,Overturned,3.0,900.0,False,True,False,False,121-180,30-34,2
15b1b21cd743d652,Rafaello Oliveira,7,31.44147843942505,2,2013-07-06,UFC 162: Silva vs Weidman,005723fb99440272,lightweight,64a50dad704d1d49,Edson Barboza,KO/TKO,2,404,231.0,2014-02-22,UFC 170: Rousey vs McMann,dc28c6e66f333d2a,lightweight,99bd87a300079ed9,Erik Koch,KO/TKO,1.0,84.0,False,True,True,True,181-270,30-34,2
fd5b6598a3b70c0a,Seth Baczynski,7,31.693360711841205,1,2013-07-06,UFC 162: Silva vs Weidman,faca931257ad2e92,welterweight,eee7dafac7d672b5,Brian Melancon,KO/TKO,1,299,123.0,2013-11-06,UFC Fight Night: Fight for the Troops 3,6017ccf5fa09da34,welterweight,84b3e7d38f2d2ec5,Neil Magny,Decision - Unanimous,3.0,900.0,True,False,False,False,121-180,30-34,1
fb8a3025ae722e64,Bobby Voelker,2,34.25325119780972,1,2013-07-27,UFC on FOX: Johnson vs Moraga,f747701638da90ae,welterweight,f2925e6db404bf1d,Robbie Lawler,KO/TKO,2,324,154.0,2013-12-28,UFC 168: Weidman vs Silva 2,49c0071ae52fc83a,welterweight,ed74afc8b5b47a61,William Macario,Decision - Unanimous,3.0,900.0,False,True,False,False,121-180,30-34,1
6a1901c62ab3870f,Jessica Andrade,1,21.83709787816564,1,2013-07-27,UFC on FOX: Johnson vs Moraga,c543563958093446,women's bantamweight,51a0c09cbe9b8472,Liz Carmouche,KO/TKO,2,537,91.0,2013-10-26,UFC Fight Night: Machida vs Munoz,5364d1537fc7d5aa,women's bantamweight,5dfe71ade71f3a4b,Rosi Sexton,Decision - Unanimous,3.0,900.0,True,False,False,False,0-120,<30,1
86f582852a5b240a,Mac Danzig,12,33.56605065023956,1,2013-07-27,UFC on FOX: Johnson vs Moraga,7ec61e2b0728e6d4,lightweight,ccd1299e0345e0ce,Melvin Guillard,KO/TKO,2,467,140.0,2013-12-14,UFC on FOX: Johnson vs. Benavidez 2,319d75c21fbb5d3f,lightweight,3bad7ef643840f67,Joe Lauzon,Decision - Unanimous,3.0,900.0,False,True,False,False,121-180,30-34,1
c451d67c09c55418,Chan Sung Jung,4,26.38193018480493,1,2013-08-03,UFC 163: Aldo vs Jung,72e1b3e1224f5314,featherweight,d0f3959b4a9747e6,Jose Aldo,KO/TKO,4,1020,1281.0,2017-02-04,UFC Fight Night: Bermudez vs. The Korean Zombie,8c220d4c96895a98,featherweight,6f242453c91a5af0,Dennis Bermudez,KO/TKO,1.0,149.0,True,False,True,False,541+,<30,1
b35ba64b6a2bbcb3,Jose Maria,1,31.578370978781656,1,2013-08-03,UFC 163: Aldo vs Jung,5f9b11f4cb3057f2,flyweight,c268b2cfebccf652,John Lineker,KO/TKO,2,363,98.0,2013-11-09,UFC Fight Night: Belfort vs Henderson 2,5cce3bc28ddb158f,flyweight,f53c1f4ceeed8c08,Dustin Ortiz,KO/TKO,3.0,799.0,False,True,True,True,0-120,30-34,1
b4ad3a06ee4d660c,Alistair Overeem,3,33.25119780971937,2,2013-08-17,UFC Fight Night: Shogun vs Sonnen,eefc526e320524e6,heavyweight,3236bf606fe9fa5b,Travis Browne,KO/TKO,1,248,168.0,2014-02-01,UFC 169: Barao vs Faber 2,651bdd9e17a58c5d,heavyweight,1ff9589f9065a9ed,Frank Mir,Decision - Unanimous,3.0,900.0,True,False,False,False,121-180,30-34,2
7bc96507e4b38d3b,Cody Donovan,2,32.48733744010951,1,2013-08-17,UFC Fight Night: Shogun vs Sonnen,5135e078b807f9a2,light heavyweight,50db8711c70196cd,Ovince Saint Preux,KO/TKO,1,127,91.0,2013-11-16,UFC 167: St-Pierre vs Hendricks,d8b864e673f53ec2,light heavyweight,fcd448a2fe1a23cc,Gian Villante,KO/TKO,2.0,382.0,False,True,True,True,0-120,30-34,1
f5990c11974d8e9c,Mike Pyle,12,37.91375770020534,3,2013-08-17,UFC Fight Night: Shogun vs Sonnen,85ee3b5995874141,welterweight,31123249b0bbf52e,Matt Brown,KO/TKO,1,29,189.0,2014-02-22,UFC 170: Rousey vs McMann,9988ff4d4197663b,welterweight,8f2939f5fd9cca1e,TJ Waldburger,KO/TKO,3.0,843.0,True,False,True,False,181-270,35+,3+
e56daf7725a0b5ab,Justin Edwards,5,30.587268993839835,1,2013-08-28,UFC Fight Night: Condit vs Kampmann 2,964eb53864554ed0,welterweight,638cfec7ec559d6e,Brandon Thatch,KO/TKO,1,83,140.0,2014-01-15,UFC Fight Night: Rockhold vs Philippou,bbb810f50d60b31a,lightweight,22aa91e402d0fe1f,Ramsey Nijem,Decision - Unanimous,3.0,900.0,False,True,False,False,121-180,30-34,1
c47df9303d318c67,Clay Guida,18,31.72895277207392,1,2013-08-31,UFC 164: Henderson vs Pettis 2,fef6b147d5fb90bd,featherweight,b5b684eac99ae0a3,Chad Mendes,KO/TKO,3,630,223.0,2014-04-11,UFC Fight Night: Minotauro vs Nelson,a2e1e35e4e84e08d,featherweight,80d918336163b80c,Tatsuya Kawajiri,Decision - Unanimous,3.0,900.0,True,False,False,False,181-270,30-34,1
1ff9589f9065a9ed,Frank Mir,22,34.27241615331965,7,2013-08-31,UFC 164: Henderson vs Pettis 2,aac887ea8a83d7a4,heavyweight,ad3f53c454cbbead,Josh Barnett,KO/TKO,1,116,154.0,2014-02-01,UFC 169: Barao vs Faber 2,651bdd9e17a58c5d,heavyweight,b4ad3a06ee4d660c,Alistair Overeem,Decision - Unanimous,3.0,900.0,False,True,False,False,121-180,30-34,3+
1091d4d957141094,Nikita Krylov,1,21.4839151266256,1,2013-08-31,UFC 164: Henderson vs Pettis 2,b4555cd5b5d2a53f,heavyweight,60029bcf496bd707,Soa Palelei,KO/TKO,3,694,147.0,2014-01-25,UFC on FOX: Henderson vs Thomson,e53c8a20819f9be6,heavyweight,03f982ca3735070c,Walt Harris,KO/TKO,1.0,25.0,True,False,True,False,121-180,<30,1
b102c26727306ab6,Jussier Formiga,3,28.39151266255989,2,2013-09-04,UFC Fight Night: Teixeira vs Bader,bbcb7b5ca439bebb,flyweight,80eacd4da0617c57,Joseph Benavidez,KO/TKO,1,187,200.0,2014-03-23,UFC Fight Night: Shogun vs Henderson 2,a5827bfce19e63ea,flyweight,0b64d0fed453ef7f,Scott Jorgensen,Submission,1.0,187.0,True,False,False,False,181-270,<30,2
c0ab242c40decc55,Ryan Bader,12,30.245037645448324,2,2013-09-04,UFC Fight Night: Teixeira vs Bader,8456a02bd3621837,light heavyweight,7ff97850e8c32bda,Glover Teixeira,KO/TKO,1,175,93.0,2013-12-06,UFC Fight Night: Hunt vs Bigfoot,bfc321f0b0a7bf40,light heavyweight,4b4753d19489297f,Anthony Perosh,Decision - Unanimous,3.0,900.0,True,False,False,False,0-120,30-34,2
acff437707625fc7,Yushin Okami,18,32.12320328542094,3,2013-09-04,UFC Fight Night: Teixeira vs Bader,9166d2f99369c06b,middleweight,7a703c565ccaa18f,Jacare Souza,KO/TKO,1,167,1479.0,2017-09-22,UFC Fight Night: Saint Preux vs. Okami,d1bee15e60ee6721,light heavyweight,50db8711c70196cd,Ovince Saint Preux,Submission,1.0,110.0,False,True,False,False,541+,30-34,3+
e5ecaf884b6da2bc,Chris Clements,3,37.61533196440794,1,2013-09-21,UFC 165: Jones vs Gustafsson,a95be3943ea0f691,welterweight,4a28cb716c19157a,Stephen Thompson,KO/TKO,2,387,412.0,2014-11-07,UFC Fight Night: Rockhold vs Bisping,681d77e5d5c0f0ee,welterweight,1e7483dbff40b84b,Vik Grujic,KO/TKO,1.0,186.0,True,False,True,False,366-540,35+,1
fc9a9559a05f2704,Eddie Wineland,5,29.23750855578371,1,2013-09-21,UFC 165: Jones vs Gustafsson,1019f330bdecfc65,interim bantamweight,2c99576fefe53c7c,Renan Barao,KO/TKO,2,335,126.0,2014-01-25,UFC on FOX: Henderson vs Thomson,97ad3419f2029ba1,bantamweight,b4eeac608fc82f88,Yves Jabouin,KO/TKO,2.0,556.0,True,False,True,False,121-180,<30,1
44bc27bfa76dcd9e,Renee Forte,3,26.48870636550308,1,2013-09-21,UFC 165: Jones vs Gustafsson,d3f9262901219944,lightweight,c21a036b4e012f1c,John Makdessi,KO/TKO,1,121,175.0,2014-03-15,UFC 171: Hendricks vs Lawler,364ed6aecfc8d16d,lightweight,97a6bbe6e6566a94,Francisco Trevino,Decision - Unanimous,3.0,900.0,False,True,False,False,121-180,<30,1
5866fc86183a9fb8,Erick Silva,6,29.300479123887747,1,2013-10-09,UFC Fight Night: Maia vs Shields,3fc3179cd800128e,welterweight,9bcf8603ceb25680,Dong Hyun Kim,KO/TKO,2,481,129.0,2014-02-15,UFC Fight Night: Machida vs Mousasi,dadde3eb4e5f43b4,welterweight,276c60b14b571dd4,Takenori Sato,KO/TKO,1.0,52.0,True,False,True,False,121-180,<30,1
129537073431e52e,Garett Whiteley,1,32.82135523613963,1,2013-10-09,UFC Fight Night: Maia vs Shields,79e7b986601fdd2a,lightweight,cd7763bcadb5d4c8,Alan Patrick,KO/TKO,1,234,98.0,2014-01-15,UFC Fight Night: Rockhold vs Philippou,1143d37503a9527d,lightweight,c77a953488e5607d,Vinc Pichel,Decision - Unanimous,3.0,900.0,False,True,False,False,0-120,30-34,1
bffeb123b21c9aad,Darrell Montague,1,25.960301163586585,1,2013-10-19,UFC 166: Velasquez vs Dos Santos 3,eba86a4ea6128840,flyweight,99506df1af6c8b3b,John Dodson,KO/TKO,1,253,203.0,2014-05-10,UFC Fight Night: Brown vs Silva,8ea70cfd5d3aa5ee,flyweight,98aa60cf58071fd6,Kyoji Horiguchi,Decision - Unanimous,3.0,900.0,False,True,False,False,181-270,<30,1
63def5a5662a6917,Junior Dos Santos,12,29.71937029431896,1,2013-10-19,UFC 166: Velasquez vs Dos Santos 3,0bdc4e7ce6687367,heavyweight,0ff11cc094e887bc,Cain Velasquez,KO/TKO,5,1389,420.0,2014-12-13,UFC on FOX: Dos Santos vs Miocic,2ab2753040f455e0,heavyweight,d28dee5c705991df,Stipe Miocic,Decision - Unanimous,5.0,1500.0,True,False,False,False,366-540,<30,1
a8e6a69796280f17,Nate Marquardt,16,34.49965776865161,3,2013-10-19,UFC 166: Velasquez vs Dos Santos 3,2a5fd0e2728967a5,welterweight,db1f2ed63b54b9a7,Hector Lombard,KO/TKO,1,108,252.0,2014-06-28,UFC Fight Night: Te Huna vs Marquardt,bfcabf1ab823942f,middleweight,f5431394fb284bb9,James Te Huna,Submission,1.0,274.0,True,False,False,False,181-270,30-34,3+
ca2efc9d7d523c43,Shawn Jordan,5,28.993839835728952,1,2013-10-19,UFC 166: Velasquez vs Dos Santos 3,ed53922429a19c99,heavyweight,270b89c00ef0c55c,Gabriel Gonzaga,KO/TKO,1,93,133.0,2014-03-01,UFC Fight Night: Kim vs Hathaway,82448697e7a44028,heavyweight,ba280572acfba13f,Matt Mitrione,KO/TKO,1.0,299.0,False,True,True,True,121-180,<30,1
8f2939f5fd9cca1e,TJ Waldburger,7,25.4839151266256,2,2013-10-19,UFC 166: Velasquez vs Dos Santos 3,2443d8aa86f0070d,welterweight,1e327b281ef6a745,Adlan Amagov,KO/TKO,1,180,126.0,2014-02-22,UFC 170: Rousey vs McMann,9988ff4d4197663b,welterweight,f5990c11974d8e9c,Mike Pyle,KO/TKO,3.0,843.0,False,True,True,True,121-180,<30,2
179f1948dc234f1f,Mark Munoz,12,35.709787816563995,3,2013-10-26,UFC Fight Night: Machida vs Munoz,49d065270f57ad99,middleweight,f7a7f7118d4b01b6,Lyoto Machida,KO/TKO,1,190,217.0,2014-05-31,UFC Fight Night: Munoz vs Mousasi,5d7c91acbcddda2f,middleweight,232c582f29f8f65e,Gegard Mousasi,Submission,1.0,237.0,False,True,False,False,181-270,35+,3+
ba043b03eb799063,Phil Harris,3,30.143737166324435,1,2013-10-26,UFC Fight Night: Machida vs Munoz,4c0718f12ca664bb,flyweight,c268b2cfebccf652,John Lineker,KO/TKO,1,171,133.0,2014-03-08,UFC Fight Night: Gustafsson vs Manuwa,443791a8c6790cf0,flyweight,b72a60a0cadff408,Louis Gaudinot,Overturned,1.0,73.0,False,True,False,False,121-180,30-34,1
bc3ec52ef70fc155,Ryan Jimmo,4,31.912388774811774,1,2013-10-26,UFC Fight Night: Machida vs Munoz,c33671cab408184b,light heavyweight,1e1dbd1cc5a7469e,Jimi Manuwa,KO/TKO,2,581,172.0,2014-04-16,UFC Fight Night: Bisping vs Kennedy,f0b117394e52996b,light heavyweight,cb52f9490c2dc069,Sean O'Connell,KO/TKO,1.0,267.0,True,False,True,False,121-180,30-34,1
3c0437fbeda06962,George Roop,10,31.98904859685147,3,2013-11-06,UFC Fight Night: Fight for the Troops 3,dc3deae609874677,bantamweight,7ea4a9f07df33a45,Francisco Rivera,KO/TKO,2,440,161.0,2014-04-16,UFC Fight Night: Bisping vs Kennedy,3427667c1a265fe5,bantamweight,fe91d254db77a7fc,Dustin Kimura,Decision - Unanimous,3.0,900.0,True,False,False,False,121-180,30-34,3+
1d239d571e342453,Germaine de Randamie,2,29.53593429158111,1,2013-11-06,UFC Fight Night: Fight for the Troops 3,add991cb839af4ed,women's bantamweight,80fa8218c99f9c58,Amanda Nunes,KO/TKO,1,236,493.0,2015-03-14,UFC 185: Pettis vs Dos Anjos,1cde536c460b1a0e,women's bantamweight,16b89be2f5c16fba,Larissa Pacheco,KO/TKO,2.0,422.0,True,False,True,False,366-540,<30,1
8f6a18831a120817,James Krause,2,27.42505133470226,1,2013-11-06,UFC Fight Night: Fight for the Troops 3,2bcb1b0b05e2c739,lightweight,887961364be5ceb3,King Green,KO/TKO,1,230,199.0,2014-05-24,UFC 173: Barao vs Dillashaw,164eb9071caf3fe8,lightweight,a54fc2d6fc224dc3,Jamie Varner,KO/TKO,1.0,300.0,True,False,True,False,181-270,<30,1
0dba4df5f34d5ff0,Rafael Natal,9,30.86652977412731,2,2013-11-06,UFC Fight Night: Fight for the Troops 3,26e876df6d498657,middleweight,3c660c90d48fc80d,Tim Kennedy,KO/TKO,1,280,185.0,2014-05-10,UFC Fight Night: Brown vs Silva,289004336bd71d34,middleweight,06f36cf4bd97ec77,Ed Herman,Decision - Unanimous,3.0,900.0,False,True,False,False,181-270,30-34,2
bd21a1e3d41c97ee,Ronny Markes,4,25.544147843942504,1,2013-11-06,UFC Fight Night: Fight for the Troops 3,b35f2071e6dd4b12,middleweight,f77c68bb4be8516d,Yoel Romero,KO/TKO,3,699,137.0,2014-03-23,UFC Fight Night: Shogun vs Henderson 2,283c0b3b7e425252,middleweight,dea070ed4a2a8281,Thiago Santos,KO/TKO,1.0,53.0,False,True,True,True,121-180,<30,1
1ccf4e7caff270df,Dan Henderson,11,43.21149897330596,1,2013-11-09,UFC Fight Night: Belfort vs Henderson 2,1d34e2f80cb91188,light heavyweight,0ee783aa00e468f0,Vitor Belfort,KO/TKO,1,77,134.0,2014-03-23,UFC Fight Night: Shogun vs Henderson 2,981e2f5a8e46a1f1,light heavyweight,140745cbbcb023ac,Mauricio Rua,KO/TKO,3.0,691.0,True,False,True,False,121-180,35+,1
fa37628269132d1a,Godofredo Pepey,4,26.357289527720738,2,2013-11-09,UFC Fight Night: Belfort vs Henderson 2,0a70601cc9f2426f,featherweight,b8aef0faf4ce9b31,Sam Sicilia,KO/TKO,1,102,134.0,2014-03-23,UFC Fight Night: Shogun vs Henderson 2,8f120352072bd5ed,featherweight,9f755fb04cc21499,Noad Lahat,KO/TKO,1.0,159.0,True,False,True,False,121-180,<30,2
53278852bcd91e11,Igor Pokrajac,11,34.85284052019165,2,2013-11-09,UFC Fight Night: Belfort vs Henderson 2,c6c37a9e8990baba,light heavyweight,5c1ca0c72b599a3c,Rafael Cavalcante,KO/TKO,1,78,406.0,2014-12-20,UFC Fight Night: Machida vs Dollaway,d92abff61b0ff5db,light heavyweight,ab943cd2c3c17825,Marcos Rogerio de Lima,KO/TKO,1.0,119.0,False,True,True,True,366-540,30-34,2
30a09e43f15f1d75,Paulo Thiago,11,32.78850102669404,2,2013-11-09,UFC Fight Night: Belfort vs Henderson 2,8de959ac3c3eeb85,welterweight,638cfec7ec559d6e,Brandon Thatch,KO/TKO,1,130,203.0,2014-05-31,UFC Fight Night: Miocic vs Maldonado,c16b1dc7577fc31c,welterweight,7a39bbac8cc0fa70,Gasan Umalatov,Decision - Unanimous,3.0,900.0,False,True,False,False,181-270,30-34,2
b71ce838b01f2cad,Rony Jason,4,29.637234770704996,1,2013-11-09,UFC Fight Night: Belfort vs Henderson 2,2e042964c6498e7a,featherweight,18968f97ad34f15c,Jeremy Stephens,KO/TKO,1,40,134.0,2014-03-23,UFC Fight Night: Shogun vs Henderson 2,995f0dcdcd5fe43c,featherweight,d188a3b817860ec6,Steven Siler,KO/TKO,1.0,77.0,True,False,True,False,121-180,<30,1
c1a5d3843596df92,Thiago Perpetuo,2,25.905544147843944,1,2013-11-09,UFC Fight Night: Belfort vs Henderson 2,e9bc416752cadd29,middleweight,16690d100f995f8f,Omari Akhmedov,KO/TKO,1,211,134.0,2014-03-23,UFC Fight Night: Shogun vs Henderson 2,5464d7ccb4177464,welterweight,6e0273f9478be71e,Kenny Robertson,Submission,1.0,105.0,False,True,False,False,121-180,<30,1
7bc96507e4b38d3b,Cody Donovan,3,32.73648186173853,2,2013-11-16,UFC 167: St-Pierre vs Hendricks,d8b864e673f53ec2,light heavyweight,fcd448a2fe1a23cc,Gian Villante,KO/TKO,2,382,245.0,2014-07-19,UFC Fight Night: McGregor vs Brandao,f6d6b660e1578744,light heavyweight,1091d4d957141094,Nikita Krylov,KO/TKO,1.0,297.0,False,True,True,True,181-270,30-34,2
dd37fd509af89f15,Josh Koscheck,23,35.96167008898015,3,2013-11-16,UFC 167: St-Pierre vs Hendricks,1f5c71dd2a0672ac,welterweight,effd9de9937996f8,Tyron Woodley,KO/TKO,1,278,469.0,2015-02-28,UFC 184: Rousey vs Zingano,618b581f14a37e06,welterweight,d81ac739417d7f53,Jake Ellenberger,Submission,2.0,560.0,False,True,False,False,366-540,35+,3+
7d96bc577e5178b2,Gray Maynard,14,34.562628336755644,3,2013-11-30,The Ultimate Fighter: Team Rousey vs. Team Tate Finale,f0815638f558968d,lightweight,8355922d564b152c,Nate Diaz,KO/TKO,1,158,259.0,2014-08-16,UFC Fight Night: Bader vs Saint Preux,efa3f3c8945cad0a,lightweight,4f732e58ed907eff,Ross Pearson,KO/TKO,2.0,395.0,False,True,True,True,181-270,30-34,3+
ffdeb4fbea09ce75,Jessica Rakoczy,1,36.629705681040384,1,2013-11-30,The Ultimate Fighter: Team Rousey vs. Team Tate Finale,fca7fbd0bafc480c,ultimate fighter 18 women's bantamweight tournament,3253b16d38ae087d,Julianna Pena,KO/TKO,1,299,511.0,2015-04-25,UFC 186: Johnson vs Horiguchi,71e123d40fff9edb,women's strawweight,46a2f24feb258ae0,Valerie Letourneau,Decision - Unanimous,3.0,900.0,False,True,False,False,366-540,35+,1
1ad381c8994c4e5b,Ben Wall,1,24.700889801505816,1,2013-12-06,UFC Fight Night: Hunt vs Bigfoot,2389557cfa02df78,welterweight,a2b12c3f3d60ff69,Alex Garcia,KO/TKO,1,43,155.0,2014-05-10,UFC Fight Night: Brown vs Silva,2b6c2cdccb2cc659,lightweight,9b198c73e3d0d289,Justin Salas,KO/TKO,1.0,161.0,False,True,True,True,121-180,<30,1
f5431394fb284bb9,James Te Huna,8,32.186173853524984,1,2013-12-06,UFC Fight Night: Hunt vs Bigfoot,b568f3700aa2c1f7,light heavyweight,140745cbbcb023ac,Mauricio Rua,KO/TKO,1,63,204.0,2014-06-28,UFC Fight Night: Te Huna vs Marquardt,bfcabf1ab823942f,middleweight,a8e6a69796280f17,Nate Marquardt,Submission,1.0,274.0,False,True,False,False,181-270,30-34,1
54578e5927adea53,Richie Vaculik,1,30.466803559206024,1,2013-12-06,UFC Fight Night: Hunt vs Bigfoot,e14b4f2c7b36d0b9,flyweight,9fa568ad2bf2cb0b,Justin Scoggins,KO/TKO,1,283,204.0,2014-06-28,UFC Fight Night: Te Huna vs Marquardt,2977a9b5c30d89c1,flyweight,57887765f831e228,Roldan Sangcha'an,Decision - Unanimous,3.0,900.0,True,False,False,False,181-270,30-34,1
80eacd4da0617c57,Joseph Benavidez,8,29.371663244353183,1,2013-12-14,UFC on FOX: Johnson vs. Benavidez 2,e6663b2c16df6191,flyweight,8a304bfd6bf04a57,Demetrious Johnson,KO/TKO,1,128,133.0,2014-04-26,UFC 172: Jones vs Teixeira,553a788a44b8e794,flyweight,c96d9178c9ed9e62,Tim Elliott,Submission,1.0,248.0,True,False,False,False,121-180,<30,1
1f454354805b6f75,Anderson Silva,18,38.70773442847365,2,2013-12-28,UFC 168: Weidman vs Silva 2,2a17686c6b5f334e,middleweight,3a8176e15b9887c1,Chris Weidman,KO/TKO,2,376,399.0,2015-01-31,UFC 183: Silva vs Diaz,f4e490d25bd62d39,middleweight,f57a8a52ca401ed9,Nick Diaz,Overturned,5.0,1500.0,False,True,False,False,366-540,35+,2
c2e3e67b5911bfb7,Diego Brandao,6,26.590006844626966,1,2013-12-28,UFC 168: Weidman vs Silva 2,5e4f358e0bcc2f15,featherweight,029eaff01e6bb8f0,Dustin Poirier,KO/TKO,1,294,203.0,2014-07-19,UFC Fight Night: McGregor vs Brandao,1e603e6aa6d1a750,featherweight,f4c49976c75c5ab2,Conor McGregor,KO/TKO,1.0,245.0,False,True,True,True,181-270,<30,1
d0a5ef38a7778ac2,Estevan Payan,2,31.79192334017796,1,2013-12-28,UFC 168: Weidman vs Silva 2,27635cc4d9fcac98,featherweight,960d6cae8879ba2b,Robert Peralta,KO/TKO,3,612,112.0,2014-04-19,UFC on FOX: Werdum vs Browne,3808db1e982cb103,featherweight,c17041f1bb5768d8,Alex White,KO/TKO,1.0,88.0,False,True,True,True,0-120,30-34,1
75e5fec9f72910ef,Gleison Tibau,21,30.2258726899384,2,2013-12-28,UFC 168: Weidman vs Silva 2,b1fd21231f0604e1,lightweight,511e82663651438d,Michael Johnson,KO/TKO,2,392,200.0,2014-07-16,UFC Fight Night: Cowboy vs Miller,b0271fa12935bf88,lightweight,50d2f0018bcf9eef,Pat Healy,Decision - Unanimous,3.0,900.0,True,False,False,False,181-270,30-34,2
ad3f53c454cbbead,Josh Barnett,7,36.13141683778234,2,2013-12-28,UFC 168: Weidman vs Silva 2,a060b6b0dfe275b7,heavyweight,3236bf606fe9fa5b,Travis Browne,KO/TKO,1,60,637.0,2015-09-26,UFC Fight Night: Barnett vs Nelson,34fd6ac116645ae6,heavyweight,3f7c14c7eca7195d,Roy Nelson,Decision - Unanimous,5.0,1500.0,True,False,False,False,541+,35+,2
5.56E+16,Constantinos Philippou,8,34.130047912388775,1,2014-01-15,UFC Fight Night: Rockhold vs Philippou,0f3e6876516edeaf,middleweight,00e11b5c8b7bfeeb,Luke Rockhold,KO/TKO,1,151,115.0,2014-05-10,UFC Fight Night: Brown vs Silva,2d14f73c374f2875,middleweight,9450848a71d53776,Lorenz Larkin,KO/TKO,1.0,227.0,True,False,True,False,0-120,30-34,1
b1a3e0aca758b322,Derek Brunson,3,30.031485284052017,1,2014-01-15,UFC Fight Night: Rockhold vs Philippou,7e3609b672c7ecf9,middleweight,f77c68bb4be8516d,Yoel Romero,KO/TKO,3,803,227.0,2014-08-30,UFC 177: Dillashaw vs Soto,bd83e4a6f216230f,middleweight,9450848a71d53776,Lorenz Larkin,Decision - Unanimous,3.0,900.0,True,False,False,False,181-270,30-34,1
7dcf06c1967801c1,Adriano Martins,2,31.110198494182068,1,2014-01-25,UFC on FOX: Henderson vs Thomson,ca8e482388e7ac82,lightweight,1d00756835ca67c9,Donald Cerrone,KO/TKO,1,280,162.0,2014-07-06,The Ultimate Fighter: Team Edgar vs. Team Penn Finale,2f91307892d163ce,lightweight,85d0fafb8b75d634,Juan Manuel Puig,KO/TKO,1.0,141.0,True,False,True,False,121-180,30-34,1
03f982ca3735070c,Walt Harris,2,30.628336755646817,1,2014-01-25,UFC on FOX: Henderson vs Thomson,e53c8a20819f9be6,heavyweight,1091d4d957141094,Nikita Krylov,KO/TKO,1,25,286.0,2014-11-07,UFC Fight Night: Rockhold vs Bisping,3e9f3ce3a01bb97f,heavyweight,60029bcf496bd707,Soa Palelei,KO/TKO,2.0,589.0,False,True,True,True,271-365,30-34,1
b4eeac608fc82f88,Yves Jabouin,7,34.65845311430527,2,2014-01-25,UFC on FOX: Henderson vs Thomson,97ad3419f2029ba1,bantamweight,fc9a9559a05f2704,Eddie Wineland,KO/TKO,2,556,140.0,2014-06-14,UFC 174: Johnson vs Bagautinov,5fe5c8cb69d8825e,bantamweight,bc7230f231701d66,Mike Easton,Decision - Unanimous,3.0,900.0,True,False,False,False,121-180,30-34,2
a54fc2d6fc224dc3,Jamie Varner,7,29.305954825462013,1,2014-02-01,UFC 169: Barao vs Faber 2,fe936088ec4dcb0d,lightweight,e14b5aa06eea9653,Abel Trujillo,KO/TKO,2,452,112.0,2014-05-24,UFC 173: Barao vs Dillashaw,164eb9071caf3fe8,lightweight,8f6a18831a120817,James Krause,KO/TKO,1.0,300.0,False,True,True,True,0-120,<30,1
78114b7199cef90c,Urijah Faber,9,34.72142368240931,1,2014-02-01,UFC 169: Barao vs Faber 2,4c9047d1c1bc1e29,bantamweight,2c99576fefe53c7c,Renan Barao,KO/TKO,1,222,154.0,2014-07-05,UFC 175: Weidman vs Machida,27c34f7a7e1c4d67,bantamweight,7aa3d6964eff4877,Alex Caceres,Submission,3.0,669.0,True,False,False,False,121-180,30-34,1
276c60b14b571dd4,Takenori Sato,1,28.689938398357288,1,2014-02-15,UFC Fight Night: Machida vs Mousasi,dadde3eb4e5f43b4,welterweight,5866fc86183a9fb8,Erick Silva,KO/TKO,1,52,217.0,2014-09-20,UFC Fight Night: Hunt vs Nelson,de2dad48d95305d7,welterweight,203c957eac95dd87,Hyun Gyu Lim,KO/TKO,1.0,78.0,False,True,True,True,181-270,<30,1
e51e5cb722bd47a8,Patrick Cummins,1,33.267624914442166,1,2014-02-22,UFC 170: Rousey vs McMann,b1a033020bd6d3f3,light heavyweight,d967f0128c323de6,Daniel Cormier,KO/TKO,1,79,105.0,2014-06-07,UFC Fight Night: Henderson vs Khabilov,0c2a634606639d71,light heavyweight,3a12a2f096a6d975,Roger Narvaez,KO/TKO,2.0,448.0,True,False,True,False,0-120,30-34,1
e1147d3d2dabe1ce,Robert Whittaker,4,23.175906913073238,1,2014-02-22,UFC 170: Rousey vs McMann,ab0d6346b7938a7f,welterweight,4a28cb716c19157a,Stephen Thompson,KO/TKO,1,223,126.0,2014-06-28,UFC Fight Night: Te Huna vs Marquardt,1f65f03f1225e061,welterweight,b7ad576b8ae115e6,Mike Rhodes,Decision - Unanimous,3.0,900.0,True,False,False,False,121-180,<30,1
7be74a12d7352df2,Sara McMann,2,33.412731006160165,1,2014-02-22,UFC 170: Rousey vs McMann,654127f5b9140be2,women's bantamweight,8bdac25ce0bb874d,Ronda Rousey,KO/TKO,1,66,175.0,2014-08-16,UFC Fight Night: Bader vs Saint Preux,03ba4f9ba7c934ad,women's bantamweight,729d4bd5a6cd0a97,Lauren Murphy,Decision - Split,3.0,900.0,True,False,False,False,121-180,30-34,1
ca2efc9d7d523c43,Shawn Jordan,6,29.357973990417523,2,2014-03-01,UFC Fight Night: Kim vs Hathaway,82448697e7a44028,heavyweight,ba280572acfba13f,Matt Mitrione,KO/TKO,1,299,168.0,2014-08-16,UFC Fight Night: Bader vs Saint Preux,2573a9a722f238f4,heavyweight,2c6e81426dd7573c,Jack May,KO/TKO,3.0,723.0,True,False,True,False,121-180,<30,2
1e1dbd1cc5a7469e,Jimi Manuwa,4,34.050650239561946,1,2014-03-08,UFC Fight Night: Gustafsson vs Manuwa,742fcd610f344810,light heavyweight,3c6976f8182d9527,Alexander Gustafsson,KO/TKO,2,378,399.0,2015-04-11,UFC Fight Night: Gonzaga vs Cro Cop 2,b2bb725b17ab51b8,light heavyweight,99df7d0a2a08a8a8,Jan Blachowicz,Decision - Unanimous,3.0,900.0,True,False,False,False,366-540,30-34,1
a9bcf8717dd12532,Mats Nilsson,1,30.255989048596852,1,2014-03-08,UFC Fight Night: Gustafsson vs Manuwa,406154260435c65a,middleweight,172c2135e70f87b7,Luke Barnatt,KO/TKO,1,264,301.0,2015-01-03,UFC 182: Jones vs Cormier,e4a9c93ff23eb5bb,welterweight,16690d100f995f8f,Omari Akhmedov,Decision - Unanimous,3.0,900.0,False,True,False,False,271-365,30-34,1
f9f07bb5a43535ed,Carlos Condit,10,29.883641341546884,1,2014-03-15,UFC 171: Hendricks vs Lawler,ba38b96f39db78c0,welterweight,effd9de9937996f8,Tyron Woodley,KO/TKO,2,420,441.0,2015-05-30,UFC Fight Night: Condit vs Alves,8801fbb87bdedbe3,welterweight,31ee470ef5dc8d7f,Thiago Alves,TKO - Doctor's Stoppage,2.0,600.0,True,False,False,False,366-540,<30,1
893d51aaf024eddd,Jimy Hettes,5,26.765229295003422,1,2014-03-15,UFC 171: Hendricks vs Lawler,639013929b61e834,featherweight,6f242453c91a5af0,Dennis Bermudez,KO/TKO,3,777,399.0,2015-04-18,UFC on FOX: Machida vs Rockhold,4785bf265d05d85f,featherweight,c2e3e67b5911bfb7,Diego Brandao,TKO - Doctor's Stoppage,1.0,300.0,False,True,False,False,366-540,<30,1
dbc17725b887860a,Cezar Ferreira,4,29.097878165639973,1,2014-03-23,UFC Fight Night: Shogun vs Henderson 2,eae8d2c30c0bb499,middleweight,5d7bdab5e03e3216,CB Dollaway,KO/TKO,1,39,97.0,2014-06-28,UFC Fight Night: Swanson vs Stephens,12bf24fa110513d0,middleweight,8a70ceb3edbe757b,Andrew Craig,Decision - Unanimous,3.0,900.0,True,False,False,False,0-120,<30,1
140745cbbcb023ac,Mauricio Rua,13,32.323066392881586,2,2014-03-23,UFC Fight Night: Shogun vs Henderson 2,981e2f5a8e46a1f1,light heavyweight,1ccf4e7caff270df,Dan Henderson,KO/TKO,3,691,230.0,2014-11-08,UFC Fight Night 56: Shogun vs Saint Preux,e8907b881151b79d,light heavyweight,50db8711c70196cd,Ovince Saint Preux,KO/TKO,1.0,34.0,False,True,True,True,181-270,30-34,2
9f755fb04cc21499,Noad Lahat,1,29.78781656399726,1,2014-03-23,UFC Fight Night: Shogun vs Henderson 2,8f120352072bd5ed,featherweight,fa37628269132d1a,Godofredo Pepey,KO/TKO,1,159,125.0,2014-07-26,UFC on FOX: Lawler vs Brown,55b3724a98c0469c,featherweight,d188a3b817860ec6,Steven Siler,Decision - Unanimous,3.0,900.0,True,False,False,False,121-180,<30,1
d188a3b817860ec6,Steven Siler,8,27.09924709103354,1,2014-03-23,UFC Fight Night: Shogun vs Henderson 2,995f0dcdcd5fe43c,featherweight,b71ce838b01f2cad,Rony Jason,KO/TKO,1,77,125.0,2014-07-26,UFC on FOX: Lawler vs Brown,55b3724a98c0469c,featherweight,9f755fb04cc21499,Noad Lahat,Decision - Unanimous,3.0,900.0,False,True,False,False,121-180,<30,1
ee9d73f4fee9cbdd,Antonio Rodrigo Nogueira,10,37.856262833675565,3,2014-04-11,UFC Fight Night: Minotauro vs Nelson,20d732758337f0a5,heavyweight,3f7c14c7eca7195d,Roy Nelson,KO/TKO,1,217,477.0,2015-08-01,UFC 190: Rousey vs Correia,b0367c907cc549c0,heavyweight,ebc1f40e00e0c481,Stefan Struve,Decision - Unanimous,3.0,900.0,False,True,False,False,366-540,35+,3+
08af939f41b5a57b,Beneil Dariush,2,24.930869267624914,1,2014-04-11,UFC Fight Night: Minotauro vs Nelson,beed8bc1f800de8f,lightweight,22aa91e402d0fe1f,Ramsey Nijem,KO/TKO,1,260,134.0,2014-08-23,UFC Fight Night: Henderson vs Dos Anjos,53fe9da9fb8d4f88,lightweight,5331b25a60417ffb,Anthony Rocco Martin,Submission,2.0,518.0,True,False,False,False,121-180,<30,1
f797f0c57a83353e,Trevor Smith,3,33.2621492128679,1,2014-04-11,UFC Fight Night: Minotauro vs Nelson,a523ac02533f8b4d,middleweight,cfb65863d5099327,Thales Leites,KO/TKO,1,45,99.0,2014-07-19,UFC Fight Night: McGregor vs Brandao,c805552171b20b68,middleweight,8abf70f79e9e27c2,Tor Troeng,Decision - Unanimous,3.0,900.0,True,False,False,False,0-120,30-34,1
3f52ce18fb98008f,Akira Corassani,4,31.63586584531143,1,2014-04-16,UFC Fight Night: Bisping vs Kennedy,3e6b5cb3c37bef3b,featherweight,029eaff01e6bb8f0,Dustin Poirier,KO/TKO,2,342,171.0,2014-10-04,UFC Fight Night: Nelson vs Story,ca16e203eb2bde60,featherweight,150ff4cc642270b9,Max Holloway,KO/TKO,1.0,191.0,False,True,True,True,121-180,30-34,1
501b07aec9b8fc2d,Sam Stout,18,29.97946611909651,1,2014-04-16,UFC Fight Night: Bisping vs Kennedy,3406cf3e28e30d1b,welterweight,b7ffa72aa148599a,KJ Noons,KO/TKO,1,30,332.0,2015-03-14,UFC 185: Pettis vs Dos Anjos,0337fa731f5b02c1,lightweight,4f732e58ed907eff,Ross Pearson,KO/TKO,2.0,393.0,False,True,True,True,271-365,<30,1
cb52f9490c2dc069,Sean O'Connell,1,30.62012320328542,1,2014-04-16,UFC Fight Night: Bisping vs Kennedy,f0b117394e52996b,light heavyweight,bc3ec52ef70fc155,Ryan Jimmo,KO/TKO,1,267,73.0,2014-06-28,UFC Fight Night: Te Huna vs Marquardt,25a28456f684503e,light heavyweight,fcd448a2fe1a23cc,Gian Villante,Decision - Split,3.0,900.0,False,True,False,False,0-120,30-34,1
ec2d13a87d3d9541,Sheldon Westcott,1,29.65366187542779,1,2014-04-16,UFC Fight Night: Bisping vs Kennedy,273f9520d75f3dac,tuf nations canada vs. australia middleweight tournament,34f88592c0ab7a54,Elias Theodorou,KO/TKO,2,581,360.0,2015-04-11,UFC Fight Night: Gonzaga vs Cro Cop 2,63c08ecea35e8bee,welterweight,9310418684bc896f,Pawel Pawlak,Decision - Unanimous,3.0,900.0,False,True,False,False,271-365,<30,1
2c6e81426dd7573c,Jack May,1,33.01300479123888,1,2014-04-19,UFC on FOX: Werdum vs Browne,a283975bf9355757,heavyweight,d3df1add9d9a7efb,Derrick Lewis,KO/TKO,1,263,119.0,2014-08-16,UFC Fight Night: Bader vs Saint Preux,2573a9a722f238f4,heavyweight,ca2efc9d7d523c43,Shawn Jordan,KO/TKO,3.0,723.0,False,True,True,True,0-120,30-34,1
2284092f8b63273b,Luke Zachrich,1,32.33127994524298,1,2014-04-19,UFC on FOX: Werdum vs Browne,7fe2f0213d641540,middleweight,0c5c66ddd1886b83,Caio Magalhaes,KO/TKO,1,44,77.0,2014-07-05,UFC 175: Weidman vs Machida,6445b14dbd24ac25,middleweight,d6d5da3c209884bc,Guilherme Vasconcelos,Decision - Unanimous,3.0,900.0,True,False,False,False,0-120,30-34,1
98f6da59d765ec94,Charlie Brenneman,10,33.20739219712526,4,2014-04-26,UFC 172: Jones vs Teixeira,e4fcad8261083dbf,lightweight,d1e7fc58d4225cdf,Danny Castillo,KO/TKO,2,321,196.0,2014-11-08,UFC Fight Night 56: Shogun vs Saint Preux,207f105716df54f9,lightweight,159da492e000afbf,Leandro Silva,Submission,1.0,255.0,False,True,False,False,181-270,30-34,3+
39330403ad27c2bb,Patrick Williams,1,32.63244353182751,1,2014-04-26,UFC 172: Jones vs Teixeira,82f00e723ed5f6ea,bantamweight,55f446032177b119,Chris Beal,KO/TKO,2,411,413.0,2015-06-13,UFC 188: Velasquez vs Werdum,c7bc785e99d3ee2a,bantamweight,80daefbed11ce998,Alejandro Perez,Submission,1.0,23.0,True,False,False,False,366-540,30-34,1
fc9a9559a05f2704,Eddie Wineland,7,29.869952087611225,2,2014-05-10,UFC Fight Night: Brown vs Silva,23e96ddeb14b5936,bantamweight,528c24b99fbaab79,Johnny Eduardo,KO/TKO,1,277,441.0,2015-07-25,UFC on FOX: Dillashaw vs. Barao II,23fd9d50a99665fe,bantamweight,5ef0088c1b19beeb,Bryan Caraway,Decision - Unanimous,3.0,900.0,False,True,False,False,366-540,<30,2
5866fc86183a9fb8,Erick Silva,8,29.883641341546884,2,2014-05-10,UFC Fight Night: Brown vs Silva,f8cceeabeb2afd4d,welterweight,31123249b0bbf52e,Matt Brown,KO/TKO,3,731,224.0,2014-12-20,UFC Fight Night: Machida vs Dollaway,647f6d2b9b784222,welterweight,b7ad576b8ae115e6,Mike Rhodes,Submission,1.0,75.0,True,False,False,False,181-270,<30,2
99bd87a300079ed9,Erik Koch,6,25.596167008898014,2,2014-05-10,UFC Fight Night: Brown vs Silva,3ee1a3216cf66b95,lightweight,5f99b2bafb10305f,Daron Cruickshank,KO/TKO,1,201,750.0,2016-05-29,UFC Fight Night: Almeida vs Garbrandt,5724a9cf463c8390,lightweight,784285b7ae7dd85f,Shane Campbell,Submission,2.0,482.0,True,False,False,False,541+,<30,2
9450848a71d53776,Lorenz Larkin,4,27.682409308692677,1,2014-05-10,UFC Fight Night: Brown vs Silva,2d14f73c374f2875,middleweight,5.56E+16,Constantinos Philippou,KO/TKO,1,227,112.0,2014-08-30,UFC 177: Dillashaw vs Soto,bd83e4a6f216230f,middleweight,b1a3e0aca758b322,Derek Brunson,Decision - Unanimous,3.0,900.0,False,True,False,False,0-120,<30,1
7e208569469c8bc8,Ruan Potts,1,36.20807665982204,1,2014-05-10,UFC Fight Night: Brown vs Silva,4ceadad9c2dd0a87,heavyweight,60029bcf496bd707,Soa Palelei,KO/TKO,1,140,112.0,2014-08-30,UFC 177: Dillashaw vs Soto,c303b8a07d0d06d2,heavyweight,c727c7d31c50c4cf,Anthony Hamilton,KO/TKO,2.0,557.0,False,True,True,True,0-120,35+,1
d81ac739417d7f53,Jake Ellenberger,12,29.155373032169745,2,2014-05-24,UFC 173: Barao vs Dillashaw,c3e3d5ef06a45616,welterweight,f2925e6db404bf1d,Robbie Lawler,KO/TKO,3,786,175.0,2014-11-15,UFC 180: Werdum vs Hunt,12eec1df1fd078a2,welterweight,8c0580d4fff106c1,Kelvin Gastelum,Submission,1.0,286.0,False,True,False,False,121-180,<30,2
a54fc2d6fc224dc3,Jamie Varner,8,29.61259411362081,2,2014-05-24,UFC 173: Barao vs Dillashaw,164eb9071caf3fe8,lightweight,8f6a18831a120817,James Krause,KO/TKO,1,300,203.0,2014-12-13,UFC on FOX: Dos Santos vs Miocic,deaeb2383bbd32bf,lightweight,519e4fe37ce9ff75,Drew Dober,Submission,1.0,112.0,False,True,False,False,181-270,<30,2
44470bfd9483c7ad,Katsunori Kikuno,2,32.56125941136208,1,2014-05-24,UFC 173: Barao vs Dillashaw,002c1562708ac307,lightweight,22a92d7f62195791,Tony Ferguson,KO/TKO,1,246,119.0,2014-09-20,UFC Fight Night: Hunt vs Nelson,7690e946d9d81f51,featherweight,b8aef0faf4ce9b31,Sam Sicilia,Submission,2.0,398.0,True,False,False,False,0-120,30-34,1
2c99576fefe53c7c,Renan Barao,8,27.310061601642712,1,2014-05-24,UFC 173: Barao vs Dillashaw,edcb573f1462846e,bantamweight,c849740a3ff51931,TJ Dillashaw,KO/TKO,5,1346,210.0,2014-12-20,UFC Fight Night: Machida vs Dollaway,53e818dd5abdf787,bantamweight,b8592b4a383696cd,Mitch Gagnon,Submission,3.0,833.0,True,False,False,False,181-270,<30,1
1fb80f46d3c105d9,Fabio Maldonado,8,34.20396988364134,1,2014-05-31,UFC Fight Night: Miocic vs Maldonado,09f9849d363433a7,heavyweight,d28dee5c705991df,Stipe Miocic,KO/TKO,1,35,147.0,2014-10-25,UFC 179: Aldo vs Mendes 2,2bfb60face19904d,light heavyweight,523f6ad11dbe9b53,Hans Stringer,KO/TKO,2.0,546.0,True,False,True,False,121-180,30-34,1
40ff198adda94b9f,Mark Eddiva,2,28.28473648186174,1,2014-05-31,UFC Fight Night: Miocic vs Maldonado,c556a9d615f11483,featherweight,6c7020b859c7a3ce,Edimilson Souza,KO/TKO,2,592,350.0,2015-05-16,UFC Fight Night: Edgar vs Faber,4702ef17c48bf1d1,featherweight,938ad489fb7a1f31,Levan Makashvili,Decision - Split,3.0,900.0,False,True,False,False,271-365,<30,1
b57edace7b647f07,Matt Hobar,1,27.394934976043807,1,2014-05-31,UFC Fight Night: Miocic vs Maldonado,f132535656f28648,bantamweight,6bd02119599741a4,Pedro Munhoz,KO/TKO,1,167,84.0,2014-08-23,UFC Fight Night: Henderson vs Dos Anjos,b2867869d4eb98ce,bantamweight,34c2b3656f88f7ef,Aaron Phillips,Decision - Unanimous,3.0,900.0,True,False,False,False,0-120,<30,1
9147679e1a4ad4a3,Richardson Moreira,1,30.16563997262149,1,2014-05-31,UFC Fight Night: Miocic vs Maldonado,ab27a211bcb9550b,heavyweight,ab943cd2c3c17825,Marcos Rogerio de Lima,KO/TKO,1,20,245.0,2015-01-31,UFC 183: Silva vs Diaz,5b0ebb843af7465e,middleweight,7c6e87729e824ef4,Ildemar Alcantara,Decision - Split,3.0,900.0,False,True,False,False,181-270,30-34,1
8bb6f4479685bbcc,Vaughan Lee,7,31.6249144421629,1,2014-05-31,UFC Fight Night: Munoz vs Mousasi,2133f8798f089140,bantamweight,2f95a3c6d58b2aad,Iuri Alcantara,KO/TKO,1,25,413.0,2015-07-18,UFC Fight Night: Bisping vs Leites,486fbba33876da4b,flyweight,6e7c758f5cdec01a,Paddy Holohan,Decision - Unanimous,3.0,900.0,False,True,False,False,366-540,30-34,1
33e00249ef08d3a4,Jake Lindsey,1,27.96167008898015,1,2014-06-07,UFC Fight Night: Henderson vs Khabilov,5eb07bffdc8b7acf,lightweight,53ec9cb470e1a4ea,Jon Tuck,KO/TKO,3,767,119.0,2014-10-04,UFC Fight Night: MacDonald vs Saffiedine,2d1f8ee74824f983,lightweight,55ee431411ccf07a,Olivier Aubin-Mercier,Submission,2.0,502.0,False,True,False,False,0-120,<30,1
3a12a2f096a6d975,Roger Narvaez,1,30.743326488706366,1,2014-06-07,UFC Fight Night: Henderson vs Khabilov,0c2a634606639d71,light heavyweight,e51e5cb722bd47a8,Patrick Cummins,KO/TKO,2,448,168.0,2014-11-22,UFC Fight Night: Edgar vs Swanson,55e9ea18b8a72b2e,middleweight,172c2135e70f87b7,Luke Barnatt,Decision - Split,3.0,900.0,True,False,False,False,121-180,30-34,1
1d36f1ac66cf689d,Josh Shockley,1,24.577686516084874,1,2014-06-14,UFC 174: Johnson vs Bagautinov,357ba2f1da89031b,lightweight,4ac1ecf8ce59ef23,Jason Saggo,KO/TKO,1,297,253.0,2015-02-22,UFC Fight Night: Bigfoot vs Mir,b6a609806d44659f,lightweight,19db7ac26308178f,Ivan Jorge,Decision - Unanimous,3.0,900.0,False,True,False,False,181-270,<30,1
633a45d131192ffe,Kajan Johnson,1,30.146475017111566,1,2014-06-14,UFC 174: Johnson vs Bagautinov,a84d032d7d217427,lightweight,9a2d3567abc02e34,Tae Hyun Bang,KO/TKO,3,721,336.0,2015-05-16,UFC Fight Night: Edgar vs Faber,97c302628f231da3,lightweight,7b310409440c9102,Zhang Lipeng,Decision - Unanimous,3.0,900.0,True,False,False,False,271-365,30-34,1
bc3ec52ef70fc155,Ryan Jimmo,6,32.544832306639286,2,2014-06-14,UFC 174: Johnson vs Bagautinov,db747a157e1f264b,light heavyweight,50db8711c70196cd,Ovince Saint Preux,KO/TKO,2,430,350.0,2015-05-30,UFC Fight Night: Condit vs Alves,6a9ea8e420a52a21,light heavyweight,b69f24c500d783e7,Francimar Barroso,Decision - Unanimous,3.0,900.0,False,True,False,False,271-365,30-34,2
d7adfcfdf7c6c1f8,Ian Entwistle,1,27.60574948665298,1,2014-06-28,UFC Fight Night: Te Huna vs Marquardt,ee532a38a0b93127,featherweight,193b9d1858bc4df3,Dan Hooker,KO/TKO,1,214,168.0,2014-12-13,UFC on FOX: Dos Santos vs Miocic,1b23096378482313,bantamweight,c5a126ace82a6025,Anthony Birchak,Submission,1.0,64.0,True,False,False,False,121-180,<30,1
ffc3e6daaa6da0b7,Johnny Bedford,5,31.474332648870636,1,2014-06-28,UFC Fight Night: Swanson vs Stephens,4eae10815ebe78e3,bantamweight,700a674c042b7a96,Cody Gibson,KO/TKO,1,38,77.0,2014-09-13,UFC Fight Night: Bigfoot vs Arlovski,6f19f24780c4f23f,bantamweight,94527830000ab715,Rani Yahya,Submission,2.0,424.0,False,True,False,False,0-120,30-34,1
a4dc47001f202bcd,Rodrigo de Lima,1,23.29637234770705,1,2014-06-28,UFC Fight Night: Te Huna vs Marquardt,2bb2a2652fe38809,welterweight,84b3e7d38f2d2ec5,Neil Magny,KO/TKO,2,452,231.0,2015-02-14,UFC Fight Night: Henderson vs Thatch,a4badfa86304f799,lightweight,83fd97284f4bb4a4,Efrain Escudero,Decision - Unanimous,3.0,900.0,False,True,False,False,181-270,<30,1
4c2d90e335e6df19,Alexis Davis,4,29.749486652977414,1,2014-07-05,UFC 175: Weidman vs Machida,5da7d95051699adb,women's bantamweight,8bdac25ce0bb874d,Ronda Rousey,KO/TKO,1,16,294.0,2015-04-25,UFC 186: Johnson vs Horiguchi,6b532f492e98d22f,women's bantamweight,36df8e119aec6175,Sarah Kaufman,Submission,2.0,487.0,True,False,False,False,271-365,<30,1
3c0437fbeda06962,George Roop,12,32.648870636550306,4,2014-07-05,UFC 175: Weidman vs Machida,c576e311ea337a32,bantamweight,05339613bf8e9808,Rob Font,KO/TKO,1,139,448.0,2015-09-26,UFC Fight Night: Barnett vs Nelson,e7e244a0bf244e61,bantamweight,48e093ea1f43a053,Takeya Mizugaki,Decision - Unanimous,3.0,900.0,False,True,False,False,366-540,30-34,3+
73c7cfa551289285,BJ Penn,23,35.56194387405886,3,2014-07-06,The Ultimate Fighter: Team Edgar vs. Team Penn Finale,bdcb43bf1daa790b,featherweight,f2688492b9a525a3,Frankie Edgar,KO/TKO,3,856,924.0,2017-01-15,UFC Fight Night: Rodriguez vs. Penn,5742025a09190829,featherweight,cbf5e6f231b55443,Yair Rodriguez,KO/TKO,2.0,324.0,False,True,True,True,541+,35+,3+
e9213f53ddeca978,Dhiego Lima,1,25.426420260095824,1,2014-07-06,The Ultimate Fighter: Team Edgar vs. Team Penn Finale,14a59abb3160ddaa,ultimate fighter 19 middleweight tournament,8cad40a75e5c97f5,Eddie Gordon,KO/TKO,1,71,125.0,2014-11-08,UFC Fight Night 56: Shogun vs Saint Preux,fadb129e71d8fc22,welterweight,ddf3e0ea10ea6d8c,Jorge de Oliveira,Decision - Unanimous,3.0,900.0,True,False,False,False,121-180,<30,1
e7fe5315b1efeb92,Guto Inocente,1,28.10403832991102,1,2014-07-06,The Ultimate Fighter: Team Edgar vs. Team Penn Finale,e7081f3a0a982f9d,heavyweight,d3df1add9d9a7efb,Derrick Lewis,KO/TKO,1,210,124.0,2014-11-07,UFC Fight Night: Rockhold vs Bisping,b1e7100c2ab1ab79,light heavyweight,4b4753d19489297f,Anthony Perosh,Submission,1.0,226.0,False,True,False,False,121-180,<30,1
85d0fafb8b75d634,Juan Manuel Puig,1,25.201916495550993,1,2014-07-06,The Ultimate Fighter: Team Edgar vs. Team Penn Finale,2f91307892d163ce,lightweight,7dcf06c1967801c1,Adriano Martins,KO/TKO,1,141,139.0,2014-11-22,UFC Fight Night: Edgar vs Swanson,1a637fbda4bdf575,featherweight,e93b04e308913c2e,Dooho Choi,KO/TKO,1.0,18.0,False,True,True,True,121-180,<30,1
7b39035fae7268b8,Matt Van Buren,1,28.06570841889117,1,2014-07-06,The Ultimate Fighter: Team Edgar vs. Team Penn Finale,8c5785de472dd9b2,ultimate fighter 19 light heavyweight tournament,5e4eec08896c9423,Corey Anderson,KO/TKO,1,61,196.0,2015-01-18,UFC Fight Night: McGregor vs Siver,4d3cd5ecf4276c92,light heavyweight,cb52f9490c2dc069,Sean O'Connell,KO/TKO,3.0,731.0,False,True,True,True,181-270,<30,1
c17041f1bb5768d8,Alex White,2,25.730321697467488,1,2014-07-16,UFC Fight Night: Cowboy vs Miller,0dff8509f6a861f1,featherweight,7413b80dbb0f8f9f,Lucas Martins,KO/TKO,3,728,143.0,2014-12-06,UFC 181: Hendricks vs Lawler II,bf1a7590c455bc7b,featherweight,cc900c6a71ed23f3,Clay Collard,Decision - Unanimous,3.0,900.0,False,True,False,False,121-180,<30,1
e18a19001a3f7c7d,Alptekin Ozkilic,3,28.303901437371664,1,2014-07-16,UFC Fight Night: Cowboy vs Miller,3c06557ddd86f8e8,flyweight,c268b2cfebccf652,John Lineker,KO/TKO,3,891,297.0,2015-05-09,UFC Fight Night: Miocic vs Hunt,398f4857f9692204,flyweight,840d2c82ea68b9aa,Ben Nguyen,KO/TKO,1.0,299.0,False,True,True,True,271-365,<30,1
e5c9de15bb58b1c6,Evan Dunham,13,32.57494866529774,2,2014-07-16,UFC Fight Night: Cowboy vs Miller,4e7c06f8b2b8c24b,lightweight,64a50dad704d1d49,Edson Barboza,KO/TKO,1,186,171.0,2015-01-03,UFC 182: Jones vs Cormier,b10a94377bce3e22,lightweight,a20d7dfaba74c067,Rodrigo Damm,Decision - Unanimous,3.0,900.0,True,False,False,False,121-180,30-34,2
f95381efb3051d81,Hugo Viana,5,31.802874743326488,2,2014-07-16,UFC Fight Night: Cowboy vs Miller,02a183fa803a33fe,bantamweight,cb696ebfb6598724,Aljamain Sterling,KO/TKO,3,830,381.0,2015-08-01,UFC 190: Rousey vs Correia,f7ffa11d592f4092,bantamweight,d05412b513b19621,Guido Cannetti,Decision - Unanimous,3.0,900.0,False,True,False,False,366-540,30-34,2
a7ddae0be8b78147,Jessamyn Duke,3,28.060232717316907,1,2014-07-16,UFC Fight Night: Cowboy vs Miller,9fc7fcbdb6587265,women's bantamweight,76984112f697631f,Leslie Smith,KO/TKO,1,144,374.0,2015-07-25,UFC on FOX: Dillashaw vs. Barao II,53efc226c8eaf768,women's bantamweight,dcbf01d605681ad1,Elizabeth Phillips,Decision - Unanimous,3.0,900.0,False,True,False,False,366-540,<30,1
d1941565abf50b16,Jim Miller,18,30.87748117727584,1,2014-07-16,UFC Fight Night: Cowboy vs Miller,c8998aa536614a5a,lightweight,1d00756835ca67c9,Donald Cerrone,KO/TKO,2,511,276.0,2015-04-18,UFC on FOX: Machida vs Rockhold,2bcb878e9d02b8f7,lightweight,08af939f41b5a57b,Beneil Dariush,Decision - Unanimous,3.0,900.0,False,True,False,False,271-365,30-34,1
9b198c73e3d0d289,Justin Salas,6,32.342231348391515,2,2014-07-16,UFC Fight Night: Cowboy vs Miller,c1bc2a42652f685c,lightweight,a36556bb1565e32d,Joe Proctor,KO/TKO,2,507,598.0,2016-03-05,UFC 196: McGregor vs Diaz,8295c37ad4b6187e,lightweight,4ac1ecf8ce59ef23,Jason Saggo,KO/TKO,1.0,271.0,False,True,True,True,541+,30-34,2
dfae5da5676e4194,Chris Dempsey,1,26.861054072553046,1,2014-07-19,UFC Fight Night: McGregor vs Brandao,85a58685504c63b4,light heavyweight,e9a3aeb207578eea,Ilir Latifi,KO/TKO,1,127,273.0,2015-04-18,UFC on FOX: Machida vs Rockhold,642a8cc1195c5198,middleweight,8cad40a75e5c97f5,Eddie Gordon,Decision - Split,3.0,900.0,True,False,False,False,271-365,<30,1
c2e3e67b5911bfb7,Diego Brandao,7,27.145790554414784,2,2014-07-19,UFC Fight Night: McGregor vs Brandao,1e603e6aa6d1a750,featherweight,f4c49976c75c5ab2,Conor McGregor,KO/TKO,1,245,273.0,2015-04-18,UFC on FOX: Machida vs Rockhold,4785bf265d05d85f,featherweight,893d51aaf024eddd,Jimy Hettes,TKO - Doctor's Stoppage,1.0,300.0,True,False,False,False,271-365,<30,2
bc8f6b42767e28df,Naoyuki Kotani,3,32.610540725530456,2,2014-07-19,UFC Fight Night: McGregor vs Brandao,611ccad0fc46ba51,lightweight,14ff46596ad80609,Norman Parke,KO/TKO,2,521,98.0,2014-10-25,UFC 179: Aldo vs Mendes 2,502d7cb01921170f,lightweight,7cdd3e5d3aa9cb39,Yan Cabral,Submission,2.0,486.0,False,True,False,False,0-120,30-34,2
73e09f837f3b5ecc,Rogerio Nogueira,7,38.14647501711157,1,2014-07-26,UFC on FOX: Lawler vs Brown,1f63949591ad61bd,light heavyweight,365fee2da473b177,Anthony Johnson,KO/TKO,1,44,371.0,2015-08-01,UFC 190: Rousey vs Correia,aa62b8f58fc09790,light heavyweight,140745cbbcb023ac,Mauricio Rua,Decision - Unanimous,3.0,900.0,False,True,False,False,366-540,35+,1
0c6d9ea8306c029e,Brad Tavares,10,26.652977412731005,1,2014-08-16,UFC Fight Night: Bader vs Saint Preux,852442b380088fa5,middleweight,c80095f6092271a7,Tim Boetsch,KO/TKO,2,498,140.0,2015-01-03,UFC 182: Jones vs Cormier,b2cda211e0e72811,middleweight,a8e6a69796280f17,Nate Marquardt,Decision - Unanimous,3.0,900.0,True,False,False,False,121-180,<30,1
7d96bc577e5178b2,Gray Maynard,15,35.27173169062286,4,2014-08-16,UFC Fight Night: Bader vs Saint Preux,efa3f3c8945cad0a,lightweight,4f732e58ed907eff,Ross Pearson,KO/TKO,2,395,231.0,2015-04-04,UFC Fight Night: Mendes vs Lamas,85dcf9425d3c4e56,lightweight,d06f8869449ba7bd,Alexander Yakovlev,Decision - Unanimous,3.0,900.0,False,True,False,False,181-270,35+,3+
fd5b6598a3b70c0a,Seth Baczynski,10,32.80492813141684,2,2014-08-16,UFC Fight Night: Bader vs Saint Preux,5df4632f6238e612,welterweight,cf65d56b0755ed3b,Alan Jouban,KO/TKO,1,263,238.0,2015-04-11,UFC Fight Night: Gonzaga vs Cro Cop 2,ec0a1c09d1b113b8,welterweight,f1fac969a1d70b08,Leon Edwards,KO/TKO,1.0,8.0,False,True,True,True,181-270,30-34,2
2676b28836a5a836,Benson Henderson,11,30.767967145790553,1,2014-08-23,UFC Fight Night: Henderson vs Dos Anjos,351532f2fe6804d1,lightweight,6a2f7c151031653d,Rafael Dos Anjos,KO/TKO,1,151,148.0,2015-01-18,UFC Fight Night: McGregor vs Siver,93569f4876c20488,lightweight,1d00756835ca67c9,Donald Cerrone,Decision - Unanimous,3.0,900.0,False,True,False,False,121-180,30-34,1
cc900c6a71ed23f3,Clay Collard,1,21.453798767967147,1,2014-08-23,UFC Fight Night: Henderson vs Dos Anjos,56fbc2a376569c13,catch weight,150ff4cc642270b9,Max Holloway,KO/TKO,3,827,105.0,2014-12-06,UFC 181: Hendricks vs Lawler II,bf1a7590c455bc7b,featherweight,c17041f1bb5768d8,Alex White,Decision - Unanimous,3.0,900.0,True,False,False,False,0-120,<30,1
9bcf8603ceb25680,Dong Hyun Kim,14,32.76386036960986,3,2014-08-23,UFC Fight Night: Bisping vs Le,7cde85d46dc0bebe,welterweight,effd9de9937996f8,Tyron Woodley,KO/TKO,1,61,273.0,2015-05-23,UFC 187: Johnson vs Cormier,c2f0a53cd67e1736,welterweight,6da99156486ed6c2,Joshua Burkman,Submission,3.0,733.0,True,False,False,False,271-365,30-34,3+
f5990c11974d8e9c,Mike Pyle,14,38.92950034223135,4,2014-08-23,UFC Fight Night: Henderson vs Dos Anjos,c7765a3255701267,welterweight,2aa49b3766a59bcd,Jordan Mein,KO/TKO,1,72,273.0,2015-05-23,UFC 187: Johnson vs Cormier,0c36a08b1bf60f45,welterweight,dc9572dd6ec74859,Colby Covington,Decision - Unanimous,3.0,900.0,False,True,False,False,271-365,35+,3+
4665f9f909cd7214,Shinsho Anzai,1,28.725530458590008,1,2014-08-23,UFC Fight Night: Bisping vs Le,d0ee52e17db605ab,welterweight,4b1d46a1b5c0fd11,Alberto Mina,KO/TKO,1,257,399.0,2015-09-26,UFC Fight Night: Barnett vs Nelson,74e86c7782cafe27,welterweight,fe5ca7ef93c3f6a7,Roger Zapata,TKO - Doctor's Stoppage,3.0,647.0,True,False,False,False,366-540,<30,1
a4e85a58fbce64b2,Joe Soto,1,27.44147843942505,1,2014-08-30,UFC 177: Dillashaw vs Soto,e8c16b26a4bfe163,bantamweight,c849740a3ff51931,TJ Dillashaw,KO/TKO,5,1340,280.0,2015-06-06,UFC Fight Night: Boetsch vs Henderson,cad44cd2466fb68f,bantamweight,c5a126ace82a6025,Anthony Birchak,KO/TKO,1.0,97.0,False,True,True,True,271-365,<30,1
22aa91e402d0fe1f,Ramsey Nijem,9,26.412046543463383,3,2014-08-30,UFC 177: Dillashaw vs Soto,1748b2b5aabe23a5,lightweight,f53d4f21d1b5f2dc,Diego Ferreira,KO/TKO,2,413,329.0,2015-07-25,UFC on FOX: Dillashaw vs. Barao II,23a75c0338d25abc,lightweight,66ab58d0b3783607,Andrew Holbrook,Decision - Split,3.0,900.0,False,True,False,False,271-365,<30,3+
7e208569469c8bc8,Ruan Potts,2,36.51471594798083,2,2014-08-30,UFC 177: Dillashaw vs Soto,c303b8a07d0d06d2,heavyweight,c727c7d31c50c4cf,Anthony Hamilton,KO/TKO,2,557,182.0,2015-02-28,UFC 184: Rousey vs Zingano,f3e1c02ce14bccfe,heavyweight,d3df1add9d9a7efb,Derrick Lewis,KO/TKO,2.0,498.0,False,True,True,True,181-270,35+,2
8ef4a91ac694b7ce,Shayna Baszler,1,34.05886379192334,1,2014-08-30,UFC 177: Dillashaw vs Soto,8452ff5ae6316931,women's bantamweight,673ea7dcc786b1b3,Bethe Correia,KO/TKO,2,416,203.0,2015-03-21,UFC Fight Night: Maia vs LaFlare,fe5427398fd9d9dc,women's bantamweight,80fa8218c99f9c58,Amanda Nunes,KO/TKO,1.0,116.0,False,True,True,True,181-270,30-34,1
b4ad3a06ee4d660c,Alistair Overeem,5,34.3025325119781,3,2014-09-05,UFC Fight Night: Jacare vs Mousasi,1520290d28b75b53,heavyweight,bd58d34e39b7b12a,Ben Rothwell,KO/TKO,1,139,99.0,2014-12-13,UFC on FOX: Dos Santos vs Miocic,002921976d27b7da,heavyweight,ebc1f40e00e0c481,Stefan Struve,KO/TKO,1.0,253.0,True,False,True,False,0-120,30-34,3+
d3df1add9d9a7efb,Derrick Lewis,3,29.574264202600958,1,2014-09-05,UFC Fight Night: Jacare vs Mousasi,fd4d5685c2e207b5,heavyweight,ba280572acfba13f,Matt Mitrione,KO/TKO,1,41,176.0,2015-02-28,UFC 184: Rousey vs Zingano,f3e1c02ce14bccfe,heavyweight,7e208569469c8bc8,Ruan Potts,KO/TKO,2.0,498.0,True,False,True,False,121-180,<30,1
a20d7dfaba74c067,Rodrigo Damm,6,34.587268993839835,1,2014-09-05,UFC Fight Night: Jacare vs Mousasi,1c980547431ddcef,lightweight,59279a7c978f7da0,Al Iaquinta,KO/TKO,3,746,120.0,2015-01-03,UFC 182: Jones vs Cormier,b10a94377bce3e22,lightweight,e5c9de15bb58b1c6,Evan Dunham,Decision - Unanimous,3.0,900.0,False,True,False,False,0-120,30-34,1
8349d55cdecd393a,Antonio Silva,6,34.997946611909654,3,2014-09-13,UFC Fight Night: Bigfoot vs Arlovski,61c9bbeb2806534b,heavyweight,3738e68d2261e60f,Andrei Arlovski,KO/TKO,1,179,162.0,2015-02-22,UFC Fight Night: Bigfoot vs Mir,223f9a750428e1d0,heavyweight,1ff9589f9065a9ed,Frank Mir,KO/TKO,1.0,100.0,False,True,True,True,121-180,30-34,3+
dbea8c1cb327ab3d,Igor Araujo,3,33.76865160848734,1,2014-09-13,UFC Fight Night: Bigfoot vs Arlovski,ebb9eeac1faf73ed,welterweight,6c7e25571490aa3b,George Sullivan,KO/TKO,2,451,305.0,2015-07-15,UFC Fight Night: Mir vs Duffee,5301d765d64f863e,welterweight,0d8011111be000b2,Sean Strickland,Decision - Unanimous,3.0,900.0,False,True,False,False,271-365,30-34,1
32c03df3c9760069,Wendell Oliveira Marques,1,31.28542094455852,1,2014-09-13,UFC Fight Night: Bigfoot vs Arlovski,033e4538b9014f91,welterweight,6d1bffff14897645,Santiago Ponzinibbio,KO/TKO,1,80,259.0,2015-05-30,UFC Fight Night: Condit vs Alves,61d6b591430b6e25,welterweight,9ce6d5a03af801b7,Darren Till,KO/TKO,2.0,397.0,False,True,True,True,181-270,30-34,1
0d0351c20169a499,Jon Delos Reyes,2,27.08829568788501,1,2014-09-20,UFC Fight Night: Hunt vs Nelson,c2a36e996bba3a4a,flyweight,98aa60cf58071fd6,Kyoji Horiguchi,KO/TKO,1,228,238.0,2015-05-16,UFC Fight Night: Edgar vs Faber,49749ee78bc54a48,flyweight,57887765f831e228,Roldan Sangcha'an,Submission,2.0,493.0,True,False,False,False,181-270,<30,1
3f7c14c7eca7195d,Roy Nelson,13,38.25051334702259,1,2014-09-20,UFC Fight Night: Hunt vs Nelson,ef3c1a2ac6510d26,heavyweight,eef9b891edbd4604,Mark Hunt,KO/TKO,2,480,175.0,2015-03-14,UFC 185: Pettis vs Dos Anjos,7685da6f627bd98f,heavyweight,b4ad3a06ee4d660c,Alistair Overeem,Decision - Unanimous,3.0,900.0,False,True,False,False,121-180,35+,1
3be081c29bf734d9,Takanori Gomi,9,35.99452429842574,1,2014-09-20,UFC Fight Night: Hunt vs Nelson,5ff0c4c6006f0873,lightweight,08e908ed6d18d6a0,Myles Jury,KO/TKO,1,92,308.0,2015-07-25,UFC on FOX: Dillashaw vs. Barao II,bb56f4e502512ad0,lightweight,3bad7ef643840f67,Joe Lauzon,KO/TKO,1.0,157.0,False,True,True,True,271-365,35+,1
80fa8218c99f9c58,Amanda Nunes,3,26.327173169062284,1,2014-09-27,UFC 178: Johnson vs Cariaso,b1b82605646eb850,women's bantamweight,3ecd936bd8814108,Cat Zingano,KO/TKO,3,681,175.0,2015-03-21,UFC Fight Night: Maia vs LaFlare,fe5427398fd9d9dc,women's bantamweight,8ef4a91ac694b7ce,Shayna Baszler,KO/TKO,1.0,116.0,True,False,True,False,121-180,<30,1
029eaff01e6bb8f0,Dustin Poirier,11,25.686516084873375,1,2014-09-27,UFC 178: Johnson vs Cariaso,6bcea00473e43a59,featherweight,f4c49976c75c5ab2,Conor McGregor,KO/TKO,1,106,189.0,2015-04-04,UFC Fight Night: Mendes vs Lamas,12c600dc64edb403,lightweight,f53d4f21d1b5f2dc,Diego Ferreira,KO/TKO,1.0,225.0,True,False,True,False,181-270,<30,1
48e093ea1f43a053,Takeya Mizugaki,10,30.781656399726216,1,2014-09-27,UFC 178: Johnson vs Cariaso,72656e864ca1c972,bantamweight,10f3ba6cd2f44a97,Dominick Cruz,KO/TKO,1,61,203.0,2015-04-18,UFC on FOX: Machida vs Rockhold,2230a5dbc0907859,bantamweight,cb696ebfb6598724,Aljamain Sterling,Submission,3.0,731.0,False,True,False,False,181-270,30-34,1
3c660c90d48fc80d,Tim Kennedy,4,35.07186858316222,1,2014-09-27,UFC 178: Johnson vs Cariaso,3e3db8c37096c260,middleweight,f77c68bb4be8516d,Yoel Romero,KO/TKO,3,658,805.0,2016-12-10,UFC 206: Holloway vs. Pettis,07b98dbf5d2c62a2,middleweight,8c0580d4fff106c1,Kelvin Gastelum,KO/TKO,3.0,765.0,False,True,True,True,541+,35+,1
3f52ce18fb98008f,Akira Corassani,5,32.10403832991102,2,2014-10-04,UFC Fight Night: Nelson vs Story,ca16e203eb2bde60,featherweight,150ff4cc642270b9,Max Holloway,KO/TKO,1,191,112.0,2015-01-24,UFC on FOX: Gustafsson vs Johnson,eb0775cf8ee7a4e6,featherweight,b8aef0faf4ce9b31,Sam Sicilia,KO/TKO,1.0,206.0,False,True,True,True,0-120,30-34,2
e9a3aeb207578eea,Ilir Latifi,4,32.186173853524984,1,2014-10-04,UFC Fight Night: Nelson vs Story,699a70c8fb3c0273,light heavyweight,99df7d0a2a08a8a8,Jan Blachowicz,KO/TKO,1,118,287.0,2015-07-18,UFC Fight Night: Bisping vs Leites,b0cb6a1da8e0da81,light heavyweight,523f6ad11dbe9b53,Hans Stringer,KO/TKO,1.0,56.0,True,False,True,False,271-365,30-34,1
5c2ce761399dc9c5,Marcin Bandel,1,24.982888432580424,1,2014-10-04,UFC Fight Night: Nelson vs Story,23692b9936363da3,lightweight,8f5c8850b2484173,Mairbek Taisumov,KO/TKO,1,61,189.0,2015-04-11,UFC Fight Night: Gonzaga vs Cro Cop 2,e8d336f4465e6640,lightweight,31a13532e724ca2b,Stevie Ray,KO/TKO,2.0,395.0,False,True,True,True,181-270,<30,1
8f0d576beba1cfcd,Matt Dwyer,1,24.79671457905544,1,2014-10-04,UFC Fight Night: MacDonald vs Saffiedine,4664432c0d592411,welterweight,ff6a1f63c254127e,Albert Tumenov,KO/TKO,1,63,141.0,2015-02-22,UFC Fight Night: Bigfoot vs Mir,ec659c4e19f62700,welterweight,ed74afc8b5b47a61,William Macario,KO/TKO,1.0,194.0,True,False,True,False,121-180,<30,1
39cc64bf0a269db9,Niklas Backstrom,2,25.117043121149898,1,2014-10-04,UFC Fight Night: Nelson vs Story,5ed0027812582ad9,featherweight,cfaf010d5b389c09,Mike Wilkinson,KO/TKO,1,79,259.0,2015-06-20,UFC Fight Night: Jedrzejczyk vs Penne,7045f8c1d5f6abff,featherweight,9f755fb04cc21499,Noad Lahat,Decision - Majority,3.0,900.0,False,True,False,False,181-270,<30,1
0749d968e932df53,Tarec Saffiedine,2,28.076659822039698,1,2014-10-04,UFC Fight Night: MacDonald vs Saffiedine,64542fe846b9aea9,welterweight,cbd5d3cdd862e90e,Rory MacDonald,KO/TKO,3,688,483.0,2016-01-30,UFC on FOX: Johnson vs. Bader,44c6d87116bb3a10,welterweight,d81ac739417d7f53,Jake Ellenberger,Decision - Unanimous,3.0,900.0,True,False,False,False,366-540,<30,1
523f6ad11dbe9b53,Hans Stringer,2,27.304585900068446,1,2014-10-25,UFC 179: Aldo vs Mendes 2,2bfb60face19904d,light heavyweight,1fb80f46d3c105d9,Fabio Maldonado,KO/TKO,2,546,266.0,2015-07-18,UFC Fight Night: Bisping vs Leites,b0cb6a1da8e0da81,light heavyweight,e9a3aeb207578eea,Ilir Latifi,KO/TKO,1.0,56.0,False,True,True,True,181-270,<30,1
ed74afc8b5b47a61,William Macario,3,23.318275154004105,1,2014-10-25,UFC 179: Aldo vs Mendes 2,d1b2ce8ee57307c0,welterweight,84b3e7d38f2d2ec5,Neil Magny,KO/TKO,3,760,120.0,2015-02-22,UFC Fight Night: Bigfoot vs Mir,ec659c4e19f62700,welterweight,8f0d576beba1cfcd,Matt Dwyer,KO/TKO,1.0,194.0,False,True,True,True,0-120,<30,1
92b62174c175ce19,Clint Hester,5,27.96167008898015,1,2014-11-07,UFC Fight Night: Rockhold vs Bisping,13c4251fb451f440,middleweight,e1147d3d2dabe1ce,Robert Whittaker,KO/TKO,2,463,267.0,2015-08-01,UFC 190: Rousey vs Correia,959de17703476f44,middleweight,4bcb6eb12b4ad4aa,Vitor Miranda,KO/TKO,2.0,458.0,False,True,True,True,181-270,<30,1
00debc804e2b1cd4,Dylan Andrews,4,34.978781656399725,1,2014-11-07,UFC Fight Night: Rockhold vs Bisping,920b8aae22c04f13,middleweight,d156513a19acf856,Sam Alvey,KO/TKO,1,136,183.0,2015-05-09,UFC Fight Night: Miocic vs Hunt,8a39075a9ffaa971,middleweight,34e552520a934063,Brad Scott,Submission,2.0,594.0,False,True,False,False,181-270,30-34,1
54578e5927adea53,Richie Vaculik,3,31.38672142368241,2,2014-11-07,UFC Fight Night: Rockhold vs Bisping,0f0473dde4b873ca,flyweight,d2bc285ead803db0,Louis Smolka,KO/TKO,3,618,372.0,2015-11-14,UFC 193: Rousey vs Holm,f602cc168383432f,flyweight,8a9c6c4301f6d088,Danny Martinez,Decision - Unanimous,3.0,900.0,False,True,False,False,366-540,30-34,2
4f732e58ed907eff,Ross Pearson,14,30.11362080766598,2,2014-11-07,UFC Fight Night: Rockhold vs Bisping,73954f3895cac499,lightweight,59279a7c978f7da0,Al Iaquinta,KO/TKO,2,399,127.0,2015-03-14,UFC 185: Pettis vs Dos Anjos,0337fa731f5b02c1,lightweight,501b07aec9b8fc2d,Sam Stout,KO/TKO,2.0,393.0,True,False,True,False,121-180,30-34,2
1e7483dbff40b84b,Vik Grujic,3,37.74948665297741,1,2014-11-07,UFC Fight Night: Rockhold vs Bisping,681d77e5d5c0f0ee,welterweight,e5ecaf884b6da2bc,Chris Clements,KO/TKO,1,186,183.0,2015-05-09,UFC Fight Night: Miocic vs Hunt,979269d4ab5784af,welterweight,494b0bfdbac74502,Brendan O'Reilly,Decision - Unanimous,3.0,900.0,False,True,False,False,181-270,35+,1
03f982ca3735070c,Walt Harris,3,31.411362080766597,2,2014-11-07,UFC Fight Night: Rockhold vs Bisping,3e9f3ce3a01bb97f,heavyweight,60029bcf496bd707,Soa Palelei,KO/TKO,2,589,533.0,2016-04-23,UFC 197: Jones vs Saint Preux,92049ba4483fc840,heavyweight,5713c1d2fac539ac,Cody East,KO/TKO,1.0,258.0,True,False,True,False,366-540,30-34,2
140745cbbcb023ac,Mauricio Rua,14,32.95277207392197,3,2014-11-08,UFC Fight Night 56: Shogun vs Saint Preux,e8907b881151b79d,light heavyweight,50db8711c70196cd,Ovince Saint Preux,KO/TKO,1,34,266.0,2015-08-01,UFC 190: Rousey vs Correia,aa62b8f58fc09790,light heavyweight,73e09f837f3b5ecc,Rogerio Nogueira,Decision - Unanimous,3.0,900.0,True,False,False,False,181-270,30-34,3+
f797f0c57a83353e,Trevor Smith,5,33.83983572895277,2,2014-11-08,UFC Fight Night 56: Shogun vs Saint Preux,208674403b0936d4,middleweight,0c5c66ddd1886b83,Caio Magalhaes,KO/TKO,1,31,246.0,2015-07-12,The Ultimate Fighter: American Top Team vs. Blackzilians Finale,44e3a7b4f4c7d95d,middleweight,d0c29452d3272603,Dan Miller,Decision - Unanimous,3.0,900.0,True,False,False,False,181-270,30-34,2
eef9b891edbd4604,Mark Hunt,9,40.648870636550306,2,2014-11-15,UFC 180: Werdum vs Hunt,03a200326e56d597,interim heavyweight,492b202d2064e7a9,Fabricio Werdum,KO/TKO,2,447,175.0,2015-05-09,UFC Fight Night: Miocic vs Hunt,57b986d06bde71c2,heavyweight,d28dee5c705991df,Stipe Miocic,KO/TKO,5.0,1367.0,False,True,True,True,121-180,35+,2
91ea901c458e95dd,Jared Rosholt,4,28.301163586584533,1,2014-11-22,UFC Fight Night: Edgar vs Swanson,2ff14dfede1d02dd,heavyweight,98c23cb6da5b3352,Aleksei Oleinik,KO/TKO,1,201,112.0,2015-03-14,UFC 185: Pettis vs Dos Anjos,0027e179b743c86c,heavyweight,3aa794cbe1e3484b,Josh Copeland,KO/TKO,3.0,792.0,True,False,True,False,0-120,<30,1
05b43e0ead3df345,Kailin Curran,1,23.616700889801507,1,2014-11-22,UFC Fight Night: Edgar vs Swanson,e7859b4e70d4a9c1,women's strawweight,4d5197f331c47290,Paige VanZant,KO/TKO,3,774,168.0,2015-05-09,UFC Fight Night: Miocic vs Hunt,d1c4c06780cbd36e,women's strawweight,26b63bc5c0c1f65d,Alex Chambers,Submission,3.0,795.0,False,True,False,False,121-180,<30,1
c727c7d31c50c4cf,Anthony Hamilton,3,34.64476386036961,1,2014-12-06,UFC 181: Hendricks vs Lawler II,58112f9fc0058e68,heavyweight,bda04c573563cc2e,Todd Duffee,KO/TKO,1,33,126.0,2015-04-11,UFC Fight Night: Gonzaga vs Cro Cop 2,a39d0adbeffe49de,heavyweight,470fedbc8563ac47,Daniel Omielanczuk,Decision - Unanimous,3.0,900.0,True,False,False,False,121-180,30-34,1
8cad40a75e5c97f5,Eddie Gordon,2,31.37577002053388,1,2014-12-06,UFC 181: Hendricks vs Lawler II,acc987adeab45bfc,middleweight,9deff9e3e8d94d47,Josh Samman,KO/TKO,2,488,133.0,2015-04-18,UFC on FOX: Machida vs Rockhold,642a8cc1195c5198,middleweight,dfae5da5676e4194,Chris Dempsey,Decision - Split,3.0,900.0,False,True,False,False,121-180,30-34,1
270b89c00ef0c55c,Gabriel Gonzaga,19,35.572895277207394,6,2014-12-13,UFC on FOX: Dos Santos vs Miocic,5a346087f4120fa3,heavyweight,ba280572acfba13f,Matt Mitrione,KO/TKO,1,119,119.0,2015-04-11,UFC Fight Night: Gonzaga vs Cro Cop 2,6a7892754af30685,heavyweight,c32fb8c0f6471a4d,Mirko Filipovic,KO/TKO,3.0,810.0,False,True,True,True,0-120,35+,3+
ebc1f40e00e0c481,Stefan Struve,14,26.817248459958932,5,2014-12-13,UFC on FOX: Dos Santos vs Miocic,002921976d27b7da,heavyweight,b4ad3a06ee4d660c,Alistair Overeem,KO/TKO,1,253,231.0,2015-08-01,UFC 190: Rousey vs Correia,b0367c907cc549c0,heavyweight,ee9d73f4fee9cbdd,Antonio Rodrigo Nogueira,Decision - Unanimous,3.0,900.0,True,False,False,False,181-270,<30,3+
81b8b3fb019dc69d,Antonio Dos Santos,1,26.414784394250514,1,2014-12-20,UFC Fight Night: Machida vs Dollaway,317e6940e8bf5290,middleweight,7e47047d0971d566,Daniel Sarafian,KO/TKO,2,361,182.0,2015-06-20,UFC Fight Night: Jedrzejczyk vs Penne,e00da416750f75a9,middleweight,06827d70c53ff0d9,Scott Askham,KO/TKO,1.0,172.0,False,True,True,True,181-270,<30,1
5d7bdab5e03e3216,CB Dollaway,15,31.362080766598222,3,2014-12-20,UFC Fight Night: Machida vs Dollaway,b57aaf04af8bdd34,middleweight,f7a7f7118d4b01b6,Lyoto Machida,KO/TKO,1,62,126.0,2015-04-25,UFC 186: Johnson vs Horiguchi,ccbbf1ccd4513551,middleweight,2b93ebd9f5417ad2,Michael Bisping,Decision - Unanimous,3.0,900.0,False,True,False,False,121-180,30-34,3+
52ba464d9068d871,Elias Silverio,4,28.243668720054757,1,2014-12-20,UFC Fight Night: Machida vs Dollaway,8040697ea2f36dbd,lightweight,7ea1f74cef32f906,Rashid Magomedov,KO/TKO,3,897,246.0,2015-08-23,UFC Fight Night: Holloway vs Oliveira,2d23ca9d8abc0c97,lightweight,784285b7ae7dd85f,Shane Campbell,Decision - Unanimous,3.0,900.0,False,True,False,False,181-270,<30,1
53278852bcd91e11,Igor Pokrajac,12,35.964407939767284,3,2014-12-20,UFC Fight Night: Machida vs Dollaway,d92abff61b0ff5db,light heavyweight,ab943cd2c3c17825,Marcos Rogerio de Lima,KO/TKO,1,119,477.0,2016-04-10,UFC Fight Night: Rothwell vs Dos Santos,26779cfb01372664,light heavyweight,99df7d0a2a08a8a8,Jan Blachowicz,Decision - Unanimous,3.0,900.0,False,True,False,False,366-540,35+,3+
92fa1401b7927da3,Jake Collier,1,26.151950718685832,1,2014-12-20,UFC Fight Night: Machida vs Dollaway,8a6ecf3dc2b17c19,middleweight,4bcb6eb12b4ad4aa,Vitor Miranda,KO/TKO,1,299,168.0,2015-06-06,UFC Fight Night: Boetsch vs Henderson,c39da8538d9c0321,middleweight,aa6e591c2a2cdecd,Ricardo Abreu,Decision - Split,3.0,900.0,True,False,False,False,121-180,<30,1
d1e7fc58d4225cdf,Danny Castillo,12,35.35934291581109,2,2015-01-03,UFC 182: Jones vs Cormier,cee94cd937bf64f2,lightweight,e5010b1b94ca5755,Paul Felder,KO/TKO,2,429,203.0,2015-07-25,UFC on FOX: Dillashaw vs. Barao II,6275b448b6c35f1f,lightweight,d1941565abf50b16,Jim Miller,Decision - Split,3.0,900.0,False,True,False,False,181-270,35+,2
13a0275fa13c4d26,Jared Cannonier,1,30.80082135523614,1,2015-01-03,UFC 182: Jones vs Cormier,c0ca05832f518fef,heavyweight,ca2efc9d7d523c43,Shawn Jordan,KO/TKO,1,177,463.0,2016-04-10,UFC Fight Night: Rothwell vs Dos Santos,a020b5b917c27bb8,heavyweight,9be6020024133293,Cyril Asker,KO/TKO,1.0,164.0,True,False,True,False,366-540,30-34,1
81801f57bd0a7c41,Marcus Brimage,7,29.744010951403148,2,2015-01-03,UFC 182: Jones vs Cormier,22e7485bceb841af,bantamweight,d8c7c61b176e3994,Cody Garbrandt,KO/TKO,3,890,196.0,2015-07-18,UFC Fight Night: Bisping vs Leites,9cbdbbc414d6dd83,bantamweight,9c907996820d2d69,Jimmie Rivera,KO/TKO,1.0,89.0,False,True,True,True,181-270,<30,2
5f87a5c00b3d17ed,Dennis Siver,19,36.01368925393566,3,2015-01-18,UFC Fight Night: McGregor vs Siver,3d468536e8904b93,featherweight,f4c49976c75c5ab2,Conor McGregor,KO/TKO,2,414,153.0,2015-06-20,UFC Fight Night: Jedrzejczyk vs Penne,c1322d09e8b6efca,featherweight,80d918336163b80c,Tatsuya Kawajiri,Decision - Unanimous,3.0,900.0,False,True,False,False,121-180,35+,3+
96c336b463e0662c,Frankie Perez,1,25.689253935660506,1,2015-01-18,UFC Fight Night: McGregor vs Siver,53d2d2de5c4cccf2,lightweight,1f4b04a926ef1287,Johnny Case,KO/TKO,3,714,217.0,2015-08-23,UFC Fight Night: Holloway vs Oliveira,3945b08be8d62861,lightweight,501b07aec9b8fc2d,Sam Stout,KO/TKO,1.0,54.0,True,False,True,False,181-270,<30,1
fc31f896cde2bc2e,John Howard,12,31.88501026694045,1,2015-01-18,UFC Fight Night: McGregor vs Siver,90e5169190971647,welterweight,9450848a71d53776,Lorenz Larkin,KO/TKO,1,137,174.0,2015-07-11,UFC 189: Mendes vs McGregor,2c5d329bdf182468,welterweight,99c7610aa74995d3,Cathal Pendred,Decision - Split,3.0,900.0,True,False,False,False,121-180,30-34,1
3c6976f8182d9527,Alexander Gustafsson,11,28.024640657084188,1,2015-01-24,UFC on FOX: Gustafsson vs Johnson,f47a32ec7dfda660,light heavyweight,365fee2da473b177,Anthony Johnson,KO/TKO,1,135,252.0,2015-10-03,UFC 192: Cormier vs Gustafsson,f5de8b2c81e91129,light heavyweight,d967f0128c323de6,Daniel Cormier,Decision - Split,5.0,1500.0,False,True,False,False,181-270,<30,1
4f11e9ce318ffbcb,Anthony Christodoulou,1,27.488021902806295,1,2015-01-24,UFC on FOX: Gustafsson vs Johnson,ee65977baeca3c85,lightweight,8f5c8850b2484173,Mairbek Taisumov,KO/TKO,2,338,196.0,2015-08-08,UFC Fight Night: Teixeira vs Saint Preux,503a9ac5679c9cf7,lightweight,df1eb4354d18a906,Scott Holtzman,Submission,3.0,760.0,False,True,False,False,181-270,<30,1
1ccf4e7caff270df,Dan Henderson,14,44.41889117043121,2,2015-01-24,UFC on FOX: Gustafsson vs Johnson,c910d2fe570b368a,middleweight,232c582f29f8f65e,Gegard Mousasi,KO/TKO,1,70,133.0,2015-06-06,UFC Fight Night: Boetsch vs Henderson,97febb293c99e5a8,middleweight,c80095f6092271a7,Tim Boetsch,KO/TKO,1.0,28.0,True,False,True,False,121-180,35+,2
e70de1859b7ee78e,Sultan Aliev,1,30.351813826146476,1,2015-01-24,UFC on FOX: Gustafsson vs Johnson,c565bf49fce2a4cd,welterweight,6e0273f9478be71e,Kenny Robertson,KO/TKO,1,162,693.0,2016-12-17,UFC on FOX: VanZant vs. Waterson,1ca4274019680d23,welterweight,fcce75a25c14a804,Bojan Velickovic,Decision - Split,3.0,900.0,True,False,False,False,541+,30-34,1
06f36cf4bd97ec77,Ed Herman,17,34.32991101984942,2,2015-01-31,UFC 183: Silva vs Diaz,b347480405118de5,middleweight,b1a3e0aca758b322,Derek Brunson,KO/TKO,1,36,351.0,2016-01-17,UFC Fight Night: Dillashaw vs Cruz,f8ad660497e49187,light heavyweight,c80095f6092271a7,Tim Boetsch,KO/TKO,2.0,399.0,True,False,True,False,271-365,30-34,2
3bad7ef643840f67,Joe Lauzon,18,30.694045174537987,3,2015-01-31,UFC 183: Silva vs Diaz,cbb4673397b5e96f,lightweight,59279a7c978f7da0,Al Iaquinta,KO/TKO,2,514,175.0,2015-07-25,UFC on FOX: Dillashaw vs. Barao II,bb56f4e502512ad0,lightweight,3be081c29bf734d9,Takanori Gomi,KO/TKO,1.0,157.0,True,False,True,False,121-180,30-34,3+
2aa49b3766a59bcd,Jordan Mein,5,25.308692676249144,2,2015-01-31,UFC 183: Silva vs Diaz,0a2f344e419bd4fd,welterweight,31ee470ef5dc8d7f,Thiago Alves,KO/TKO,2,339,679.0,2016-12-10,UFC 206: Holloway vs. Pettis,761a215d51a0442e,welterweight,103b06d8707895a9,Emil Meek,Decision - Unanimous,3.0,900.0,False,True,False,False,541+,<30,2
fe5a9547479396ab,Jim Alers,2,28.33675564681725,1,2015-02-14,UFC Fight Night: Henderson vs Thatch,b91807add93763c9,featherweight,4bd6b4800070b069,Chas Skelly,KO/TKO,2,599,308.0,2015-12-19,UFC on FOX: Dos Anjos vs. Cowboy 2,b2857e799319f931,featherweight,282fa667ff9c51ed,Cole Miller,Could Not Continue,2.0,394.0,False,True,False,False,271-365,<30,1
8349d55cdecd393a,Antonio Silva,7,35.441478439425055,4,2015-02-22,UFC Fight Night: Bigfoot vs Mir,223f9a750428e1d0,heavyweight,1ff9589f9065a9ed,Frank Mir,KO/TKO,1,100,160.0,2015-08-01,UFC 190: Rousey vs Correia,8baa6b8850262595,heavyweight,60029bcf496bd707,Soa Palelei,KO/TKO,2.0,341.0,True,False,True,False,121-180,35+,3+
dbc17725b887860a,Cezar Ferreira,6,30.017796030116358,2,2015-02-22,UFC Fight Night: Bigfoot vs Mir,1574bb7476c9e556,middleweight,d156513a19acf856,Sam Alvey,KO/TKO,1,214,140.0,2015-07-12,The Ultimate Fighter: American Top Team vs. Blackzilians Finale,11aac355349ecc94,welterweight,47b9e0e7703a4868,Jorge Masvidal,KO/TKO,1.0,262.0,False,True,True,True,121-180,30-34,2
8ce87f7e3a9baed2,Tiago dos Santos e Silva,2,27.865845311430526,1,2015-02-22,UFC Fight Night: Bigfoot vs Mir,a7ff11c5dfe65e86,featherweight,1971869b7e054261,Mike de la Torre,KO/TKO,1,179,195.0,2015-09-05,UFC 191: Johnson vs Dodson 2,777df8b5e28f42ff,featherweight,cc900c6a71ed23f3,Clay Collard,Decision - Split,3.0,900.0,True,False,False,False,181-270,<30,1
e9213f53ddeca978,Dhiego Lima,3,26.075290896646134,2,2015-02-28,UFC 184: Rousey vs Zingano,203b3098d892c3b1,welterweight,4b47e71384a9522f,Tim Means,KO/TKO,1,137,77.0,2015-05-16,UFC Fight Night: Edgar vs Faber,00684df5ed23e6ca,welterweight,e64b96c07d7ce999,Li Jingliang,KO/TKO,1.0,85.0,False,True,True,True,0-120,<30,2
303a05a7aa3ff761,Richard Walsh,3,26.24229979466119,1,2015-02-28,UFC 184: Rousey vs Zingano,9f4bc2063685211c,welterweight,cf65d56b0755ed3b,Alan Jouban,KO/TKO,1,139,259.0,2015-11-14,UFC 193: Rousey vs Holm,f281a6775bccb8df,welterweight,185fb0200a4605e6,Steve Kennedy,Decision - Unanimous,3.0,900.0,True,False,False,False,181-270,<30,1
d910665038efc639,Carla Esparza,2,27.42505133470226,1,2015-03-14,UFC 185: Pettis vs Dos Anjos,bd52e19f2fbefdde,women's strawweight,3d6749c4267da18f,Joanna Jedrzejczyk,KO/TKO,2,557,406.0,2016-04-23,UFC 197: Jones vs Saint Preux,2c0ece9f70a62408,women's strawweight,75a6a390fd5dca46,Juliana Lima,Decision - Unanimous,3.0,900.0,True,False,False,False,366-540,<30,1
501b07aec9b8fc2d,Sam Stout,19,30.888432580424368,2,2015-03-14,UFC 185: Pettis vs Dos Anjos,0337fa731f5b02c1,lightweight,4f732e58ed907eff,Ross Pearson,KO/TKO,2,393,162.0,2015-08-23,UFC Fight Night: Holloway vs Oliveira,3945b08be8d62861,lightweight,96c336b463e0662c,Frankie Perez,KO/TKO,1.0,54.0,False,True,True,True,121-180,30-34,2
de75d1c45a39e221,Sergio Pettis,5,21.568788501026695,1,2015-03-14,UFC 185: Pettis vs Dos Anjos,875304f54becda0e,flyweight,20999e27ddd94bda,Ryan Benoit,KO/TKO,2,394,203.0,2015-10-03,UFC 192: Cormier vs Gustafsson,278cd1803ccc004f,flyweight,b2e3aca4cd363477,Chris Cariaso,Decision - Unanimous,3.0,900.0,True,False,False,False,181-270,<30,1
44470bfd9483c7ad,Katsunori Kikuno,4,33.385352498288846,2,2015-03-21,UFC Fight Night: Maia vs LaFlare,7259a1046143e632,featherweight,6c7020b859c7a3ce,Edimilson Souza,KO/TKO,1,91,189.0,2015-09-26,UFC Fight Night: Barnett vs Nelson,1c5bed46920ab3e1,featherweight,c2e3e67b5911bfb7,Diego Brandao,KO/TKO,1.0,28.0,False,True,True,True,181-270,30-34,2
f53d4f21d1b5f2dc,Diego Ferreira,4,30.206707734428473,1,2015-04-04,UFC Fight Night: Mendes vs Lamas,12c600dc64edb403,lightweight,029eaff01e6bb8f0,Dustin Poirier,KO/TKO,1,225,301.0,2016-01-30,UFC on FOX: Johnson vs. Bader,b810951e39a0af1b,lightweight,55ee431411ccf07a,Olivier Aubin-Mercier,Decision - Unanimous,3.0,900.0,True,False,False,False,271-365,30-34,1
072a10e85f7d4bff,Milana Dudieva,2,25.66461327857632,1,2015-04-04,UFC Fight Night: Mendes vs Lamas,cc7afab68363e076,women's bantamweight,3253b16d38ae087d,Julianna Pena,KO/TKO,1,239,595.0,2016-11-19,UFC Fight Night: Mousasi vs. Hall 2,7fce3efc5d2add6e,women's bantamweight,c7d297714d9ab1a4,Marion Reneau,KO/TKO,3.0,783.0,False,True,True,True,541+,<30,1
3974fa35c917af1d,Ricardo Lamas,8,32.87063655030801,1,2015-04-04,UFC Fight Night: Mendes vs Lamas,bbebfc54abbb1d8b,featherweight,b5b684eac99ae0a3,Chad Mendes,KO/TKO,1,165,231.0,2015-11-21,UFC Fight Night: Magny vs Gastelum,34a39beb93225e2e,featherweight,82e7929bf6c2b689,Diego Sanchez,Decision - Unanimous,3.0,900.0,True,False,False,False,181-270,30-34,1
2f5cbecbbe18bac4,Shamil Abdurakhimov,1,33.58521560574949,1,2015-04-04,UFC Fight Night: Mendes vs Lamas,f9373ab59b7a853b,heavyweight,cc900af167fbedfd,Timothy Johnson,KO/TKO,1,297,323.0,2016-02-21,UFC Fight Night: Cowboy vs Cowboy,e508ba268cb295c0,heavyweight,c727c7d31c50c4cf,Anthony Hamilton,Decision - Unanimous,3.0,900.0,True,False,False,False,271-365,30-34,1
270b89c00ef0c55c,Gabriel Gonzaga,20,35.898699520876114,7,2015-04-11,UFC Fight Night: Gonzaga vs Cro Cop 2,6a7892754af30685,heavyweight,c32fb8c0f6471a4d,Mirko Filipovic,KO/TKO,3,810,244.0,2015-12-11,The Ultimate Fighter: Team McGregor vs. Team Faber Finale,a99c3328e25c51c7,heavyweight,22061ff217907c78,Konstantin Erokhin,Decision - Unanimous,3.0,900.0,True,False,False,False,181-270,35+,3+
5e4eec08896c9423,Corey Anderson,3,25.568788501026695,1,2015-04-18,UFC on FOX: Machida vs Rockhold,6b92396d42918366,light heavyweight,fcd448a2fe1a23cc,Gian Villante,KO/TKO,3,858,140.0,2015-09-05,UFC 191: Johnson vs Dodson 2,7e1ae27779ac6ba5,light heavyweight,99df7d0a2a08a8a8,Jan Blachowicz,Decision - Unanimous,3.0,900.0,True,False,False,False,121-180,<30,1
e51e5cb722bd47a8,Patrick Cummins,5,34.417522245037645,2,2015-04-18,UFC on FOX: Machida vs Rockhold,c19f394f3c237789,light heavyweight,50db8711c70196cd,Ovince Saint Preux,KO/TKO,1,294,105.0,2015-08-01,UFC 190: Rousey vs Correia,2116affb9c8f193b,light heavyweight,5c1ca0c72b599a3c,Rafael Cavalcante,KO/TKO,3.0,645.0,True,False,True,False,0-120,30-34,2
784285b7ae7dd85f,Shane Campbell,1,28.257357973990416,1,2015-04-25,UFC 186: Johnson vs Horiguchi,0c74e600ded0de97,catch weight,c21a036b4e012f1c,John Makdessi,KO/TKO,1,293,120.0,2015-08-23,UFC Fight Night: Holloway vs Oliveira,2d23ca9d8abc0c97,lightweight,52ba464d9068d871,Elias Silverio,Decision - Unanimous,3.0,900.0,True,False,False,False,0-120,<30,1
b4eeac608fc82f88,Yves Jabouin,9,35.90417522245038,3,2015-04-25,UFC 186: Johnson vs Horiguchi,78f1457371e2ef6b,bantamweight,2b074403b7c6cdb4,Thomas Almeida,KO/TKO,1,258,120.0,2015-08-23,UFC Fight Night: Holloway vs Oliveira,1bf7f647f309464e,bantamweight,71002dbc1743b9a7,Felipe Arantes,Submission,1.0,261.0,False,True,False,False,0-120,35+,3+
4b4753d19489297f,Anthony Perosh,11,42.59000684462697,3,2015-05-09,UFC Fight Night: Miocic vs Hunt,0fa31c9f7495810b,light heavyweight,cb52f9490c2dc069,Sean O'Connell,KO/TKO,1,56,189.0,2015-11-14,UFC 193: Rousey vs Holm,1dfbdd569585812f,light heavyweight,fcd448a2fe1a23cc,Gian Villante,KO/TKO,1.0,176.0,False,True,True,True,181-270,35+,3+
0c6d9ea8306c029e,Brad Tavares,12,27.381245722108144,2,2015-05-09,UFC Fight Night: Miocic vs Hunt,7ec24848cac6c5a1,middleweight,e1147d3d2dabe1ce,Robert Whittaker,KO/TKO,1,44,490.0,2016-09-10,UFC 203: Miocic vs. Overeem,c8ca99d1adc5448d,middleweight,0c5c66ddd1886b83,Caio Magalhaes,Decision - Split,3.0,900.0,True,False,False,False,366-540,<30,2
bdcbb976816fd256,Daniel Kelly,3,37.51950718685831,1,2015-05-09,UFC Fight Night: Miocic vs Hunt,f208b79b0d78045b,middleweight,d156513a19acf856,Sam Alvey,KO/TKO,1,49,189.0,2015-11-14,UFC 193: Rousey vs Holm,d5149f02b1ee7dc6,middleweight,6e92eb1242b46636,Steve Montgomery,Decision - Unanimous,3.0,900.0,True,False,False,False,181-270,35+,1
eef9b891edbd4604,Mark Hunt,10,41.12799452429842,3,2015-05-09,UFC Fight Night: Miocic vs Hunt,57b986d06bde71c2,heavyweight,d28dee5c705991df,Stipe Miocic,KO/TKO,5,1367,189.0,2015-11-14,UFC 193: Rousey vs Holm,27a6a6d4e3f8be75,heavyweight,8349d55cdecd393a,Antonio Silva,KO/TKO,1.0,221.0,True,False,True,False,181-270,35+,3+
e9213f53ddeca978,Dhiego Lima,4,26.286105407255306,3,2015-05-16,UFC Fight Night: Edgar vs Faber,00684df5ed23e6ca,welterweight,e64b96c07d7ce999,Li Jingliang,KO/TKO,1,85,783.0,2017-07-07,The Ultimate Fighter: Redemption Finale,5934de85b9c53e7c,ultimate fighter 25 welterweight tournament,dd992d569aaebee6,Jesse Taylor,Submission,2.0,343.0,False,True,False,False,541+,<30,3+
203c957eac95dd87,Hyun Gyu Lim,5,30.327173169062284,1,2015-05-16,UFC Fight Night: Edgar vs Faber,14a40f30e0cb22c9,welterweight,84b3e7d38f2d2ec5,Neil Magny,KO/TKO,2,384,462.0,2016-08-20,UFC 202: Diaz vs. McGregor 2,70f08a4771138817,welterweight,f2b6fdb20675b11c,Mike Perry,KO/TKO,1.0,218.0,False,True,True,True,366-540,30-34,1
c21a036b4e012f1c,John Makdessi,10,30.053388090349078,1,2015-05-23,UFC 187: Johnson vs Cormier,bee780601ad13583,lightweight,1d00756835ca67c9,Donald Cerrone,KO/TKO,2,584,203.0,2015-12-12,UFC 194: Aldo vs McGregor,064404b0aaf6f95d,lightweight,813550bc53b15fb0,Yancy Medeiros,Decision - Split,3.0,900.0,False,True,False,False,181-270,30-34,1
3236bf606fe9fa5b,Travis Browne,12,32.84873374401095,2,2015-05-23,UFC 187: Johnson vs Cormier,652a73f4bf7f1932,heavyweight,3738e68d2261e60f,Andrei Arlovski,KO/TKO,1,281,239.0,2016-01-17,UFC Fight Night: Dillashaw vs Cruz,762de3b0b32ba937,heavyweight,ba280572acfba13f,Matt Mitrione,KO/TKO,3.0,849.0,True,False,True,False,181-270,30-34,2
0ee783aa00e468f0,Vitor Belfort,20,38.1409993155373,3,2015-05-23,UFC 187: Johnson vs Cormier,318460613b6018e9,middleweight,3a8176e15b9887c1,Chris Weidman,KO/TKO,1,173,168.0,2015-11-07,UFC Fight Night: Belfort vs Henderson 3,93c4b798134c71d4,middleweight,1ccf4e7caff270df,Dan Henderson,KO/TKO,1.0,127.0,True,False,True,False,121-180,35+,3+
7413b80dbb0f8f9f,Lucas Martins,6,26.546201232032853,2,2015-05-30,UFC Fight Night: Condit vs Alves,e54fe354981fe3e7,featherweight,cbd3e590a85b18c5,Mirsad Bektic,KO/TKO,2,330,316.0,2016-04-10,UFC Fight Night: Rothwell vs Dos Santos,42afd8c4fc85f485,featherweight,1dafccb62a0f98ec,Robert Whiteford,Decision - Split,3.0,900.0,True,False,False,False,271-365,<30,2
7aa3d6964eff4877,Alex Caceres,12,26.9596167008898,1,2015-06-06,UFC Fight Night: Boetsch vs Henderson,c611e81778c0b1fc,bantamweight,7ea4a9f07df33a45,Francisco Rivera,KO/TKO,1,21,238.0,2016-01-30,UFC on FOX: Johnson vs. Bader,6066dc40bb3ce8db,featherweight,4638cc6479cc0afe,Masio Fullen,Decision - Unanimous,3.0,900.0,True,False,False,False,181-270,<30,1
d3df1add9d9a7efb,Derrick Lewis,5,30.324435318275153,2,2015-06-06,UFC Fight Night: Boetsch vs Henderson,5b0fcecc55bebd5c,heavyweight,ca2efc9d7d523c43,Shawn Jordan,KO/TKO,2,348,119.0,2015-10-03,UFC 192: Cormier vs Gustafsson,2b3b6e96cea0f757,heavyweight,202b0467521c9d6f,Viktor Pesta,KO/TKO,3.0,675.0,True,False,True,False,0-120,30-34,2
a4e85a58fbce64b2,Joe Soto,2,28.20807665982204,2,2015-06-06,UFC Fight Night: Boetsch vs Henderson,cad44cd2466fb68f,bantamweight,c5a126ace82a6025,Anthony Birchak,KO/TKO,1,97,210.0,2016-01-02,UFC 195: Lawler vs Condit,b46b27222e62aec1,bantamweight,64788ee44b062ded,Michinori Tanaka,Decision - Split,3.0,900.0,False,True,False,False,181-270,<30,2
8a59d346dc976a10,Thiago Tavares,16,30.573579739904176,4,2015-06-06,UFC Fight Night: Boetsch vs Henderson,29c7cb102ddd7ec4,featherweight,def8166ff24bd237,Brian Ortega,KO/TKO,3,850,154.0,2015-11-07,UFC Fight Night: Belfort vs Henderson 3,b21e4b6c4126c782,featherweight,c47df9303d318c67,Clay Guida,Submission,1.0,39.0,True,False,False,False,121-180,30-34,3+
c80095f6092271a7,Tim Boetsch,17,34.351813826146476,3,2015-06-06,UFC Fight Night: Boetsch vs Henderson,97febb293c99e5a8,middleweight,1ccf4e7caff270df,Dan Henderson,KO/TKO,1,28,225.0,2016-01-17,UFC Fight Night: Dillashaw vs Cruz,f8ad660497e49187,light heavyweight,06f36cf4bd97ec77,Ed Herman,KO/TKO,2.0,399.0,False,True,True,True,181-270,30-34,3+
813550bc53b15fb0,Yancy Medeiros,6,27.745379876796715,1,2015-06-06,UFC Fight Night: Boetsch vs Henderson,f930743af6564795,lightweight,029eaff01e6bb8f0,Dustin Poirier,KO/TKO,1,158,189.0,2015-12-12,UFC 194: Aldo vs McGregor,064404b0aaf6f95d,lightweight,c21a036b4e012f1c,John Makdessi,Decision - Split,3.0,900.0,True,False,False,False,181-270,<30,1
a8e6a69796280f17,Nate Marquardt,19,36.14784394250513,4,2015-06-13,UFC 188: Velasquez vs Werdum,dc93921bd9342341,middleweight,8c0580d4fff106c1,Kelvin Gastelum,KO/TKO,2,600,189.0,2015-12-19,UFC on FOX: Dos Anjos vs. Cowboy 2,3fc9fea36fc7ec37,middleweight,5d7bdab5e03e3216,CB Dollaway,KO/TKO,2.0,328.0,True,False,True,False,181-270,35+,3+
cd7763bcadb5d4c8,Alan Patrick,3,31.920602327173167,1,2015-06-20,UFC Fight Night: Jedrzejczyk vs Penne,0b98d84a2795f7f8,lightweight,8f5c8850b2484173,Mairbek Taisumov,KO/TKO,2,390,273.0,2016-03-19,UFC Fight Night: Hunt vs Mir,95d46f7a7e72f91c,lightweight,d024ed963e8bf7ea,Damien Brown,Decision - Unanimous,3.0,900.0,True,False,False,False,271-365,30-34,1
c742287ed86a09bc,Jessica Penne,2,32.38603696098563,1,2015-06-20,UFC Fight Night: Jedrzejczyk vs Penne,2f0cbf0502173a79,women's strawweight,3d6749c4267da18f,Joanna Jedrzejczyk,KO/TKO,3,862,350.0,2016-06-04,UFC 199: Rockhold vs. Bisping 2,e06f96f3484ad74a,women's strawweight,6a1901c62ab3870f,Jessica Andrade,KO/TKO,2.0,476.0,False,True,True,True,271-365,30-34,1
7c3c48cf54a2848e,Yuta Sasaki,3,25.700205338809035,1,2015-06-20,UFC Fight Night: Jedrzejczyk vs Penne,312c742e614f8993,bantamweight,8b1ed83b02303075,Taylor Lapilus,KO/TKO,2,386,323.0,2016-05-08,UFC Fight Night: Overeem vs Arlovski,5a9804cad2335272,flyweight,6ded9184b2284645,Willie Gates,Submission,2.0,510.0,True,False,False,False,271-365,<30,1
f7a7f7118d4b01b6,Lyoto Machida,21,37.07597535934291,2,2015-06-27,UFC Fight Night: Machida vs Romero,42d09ca167ecae07,middleweight,f77c68bb4be8516d,Yoel Romero,KO/TKO,3,698,854.0,2017-10-28,UFC Fight Night: Brunson vs. Machida,405c0b8d3960016d,middleweight,b1a3e0aca758b322,Derek Brunson,KO/TKO,1.0,150.0,False,True,True,True,541+,35+,2
6d1bffff14897645,Santiago Ponzinibbio,4,28.750171115674195,1,2015-06-27,UFC Fight Night: Machida vs Romero,87b0475688168a42,welterweight,9450848a71d53776,Lorenz Larkin,KO/TKO,2,487,166.0,2015-12-10,UFC Fight Night: Namajunas vs. VanZant,3636ca71c557c5e8,welterweight,69a400af4420cd6a,Andreas Stahl,KO/TKO,1.0,265.0,True,False,True,False,121-180,<30,1
e023fa2e648ea0f1,Steve Bosse,1,33.91101984941821,1,2015-06-27,UFC Fight Night: Machida vs Romero,7ad6511fb5fb28a4,middleweight,dea070ed4a2a8281,Thiago Santos,KO/TKO,1,29,266.0,2016-03-19,UFC Fight Night: Hunt vs Mir,cf13dd810b2bd061,light heavyweight,f5431394fb284bb9,James Te Huna,KO/TKO,1.0,52.0,True,False,True,False,181-270,30-34,1
6e92eb1242b46636,Steve Montgomery,1,24.520191649555098,1,2015-06-27,UFC Fight Night: Machida vs Romero,665e9a25c5d8c17f,welterweight,57bad6a84230f0c9,Tony Sims,KO/TKO,1,163,140.0,2015-11-14,UFC 193: Rousey vs Holm,d5149f02b1ee7dc6,middleweight,bdcbb976816fd256,Daniel Kelly,Decision - Unanimous,3.0,900.0,False,True,False,False,121-180,<30,1
c945adc22c2bfe8f,Brad Pickett,10,36.79397672826831,1,2015-07-11,UFC 189: Mendes vs McGregor,a9d8ddb49dbe414b,bantamweight,2b074403b7c6cdb4,Thomas Almeida,KO/TKO,2,329,231.0,2016-02-27,UFC Fight Night: Silva vs Bisping,7c20284c4c2dc9d3,bantamweight,7ea4a9f07df33a45,Francisco Rivera,Decision - Split,3.0,900.0,True,False,False,False,181-270,35+,1
b5b684eac99ae0a3,Chad Mendes,11,30.193018480492814,2,2015-07-11,UFC 189: Mendes vs McGregor,70290140b6a8e038,interim featherweight,f4c49976c75c5ab2,Conor McGregor,KO/TKO,2,597,153.0,2015-12-11,The Ultimate Fighter: Team McGregor vs. Team Faber Finale,18292c8eb20ae045,featherweight,f2688492b9a525a3,Frankie Edgar,KO/TKO,1.0,148.0,False,True,True,True,121-180,30-34,2
6f242453c91a5af0,Dennis Bermudez,10,28.57494866529774,1,2015-07-11,UFC 189: Mendes vs McGregor,4d3cbc7608c8958e,featherweight,18968f97ad34f15c,Jeremy Stephens,KO/TKO,3,632,225.0,2016-02-21,UFC Fight Night: Cowboy vs Cowboy,3bd5dbc1598c409d,featherweight,80d918336163b80c,Tatsuya Kawajiri,Decision - Unanimous,3.0,900.0,True,False,False,False,181-270,<30,1
cbd5d3cdd862e90e,Rory MacDonald,12,25.968514715947983,2,2015-07-11,UFC 189: Mendes vs McGregor,ecb4534c0066c5f3,welterweight,f2925e6db404bf1d,Robbie Lawler,KO/TKO,5,1260,343.0,2016-06-18,UFC Fight Night: MacDonald vs Thompson,75e21e2f5f3be42e,welterweight,4a28cb716c19157a,Stephen Thompson,Decision - Unanimous,5.0,1500.0,False,True,False,False,271-365,<30,2
dbc17725b887860a,Cezar Ferreira,7,30.401095140314855,3,2015-07-12,The Ultimate Fighter: American Top Team vs. Blackzilians Finale,11aac355349ecc94,welterweight,47b9e0e7703a4868,Jorge Masvidal,KO/TKO,1,262,279.0,2016-04-16,UFC on FOX: Teixeira vs Evans,3daf1c5fb854e626,middleweight,04b39f4e8eb59d7c,Oluwale Bamgbose,Decision - Unanimous,3.0,900.0,True,False,False,False,271-365,30-34,3+
d81ac739417d7f53,Jake Ellenberger,15,30.288843258042437,3,2015-07-12,The Ultimate Fighter: American Top Team vs. Blackzilians Finale,54a15700ab185420,welterweight,4a28cb716c19157a,Stephen Thompson,KO/TKO,1,269,202.0,2016-01-30,UFC on FOX: Johnson vs. Bader,44c6d87116bb3a10,welterweight,0749d968e932df53,Tarec Saffiedine,Decision - Unanimous,3.0,900.0,False,True,False,False,181-270,30-34,3+
1971869b7e054261,Mike de la Torre,4,28.802190280629706,1,2015-07-12,The Ultimate Fighter: American Top Team vs. Blackzilians Finale,8410fb6d495a2cc2,featherweight,4a1329cc8eb0928a,Maximo Blanco,KO/TKO,1,16,139.0,2015-11-28,UFC Fight Night: Henderson vs Masvidal,85168b8d99f7ce42,featherweight,a00ec21cfbba17b6,Yui Chul Nam,Decision - Split,3.0,900.0,True,False,False,False,121-180,<30,1
bda04c573563cc2e,Todd Duffee,5,29.60438056125941,2,2015-07-15,UFC Fight Night: Mir vs Duffee,3b83ec99accfd271,heavyweight,1ff9589f9065a9ed,Frank Mir,KO/TKO,1,73,1522.0,2019-09-14,UFC Fight Night: Cowboy vs. Gaethje,8ae79d7967681db8,heavyweight,6a11e325aa60ad02,Jeff Hughes,Could Not Continue,1.0,243.0,False,True,False,False,541+,<30,2
e51ee8ded927fc51,Chris de la Rocha,1,36.17522245037645,1,2015-07-18,UFC Fight Night: Bisping vs Leites,2e12db181792090f,heavyweight,470fedbc8563ac47,Daniel Omielanczuk,KO/TKO,1,48,316.0,2016-05-29,UFC Fight Night: Almeida vs Garbrandt,969970fbe24945d0,heavyweight,72ffecf712673af1,Adam Milstead,KO/TKO,2.0,541.0,False,True,True,True,271-365,35+,1
68c11c27d4d56572,Dominique Steele,1,27.49075975359343,1,2015-07-25,UFC on FOX: Dillashaw vs. Barao II,c1bfbf5447f21f37,middleweight,4ba8d454f762005d,Zak Cummings,KO/TKO,1,43,126.0,2015-11-28,UFC Fight Night: Henderson vs Masvidal,5a79d4b9a8f8352f,welterweight,98a6b2361045898f,Dong Hyun Ma,KO/TKO,3.0,627.0,True,False,True,False,121-180,<30,1
fcd448a2fe1a23cc,Gian Villante,6,29.932922655715263,1,2015-07-25,UFC on FOX: Dillashaw vs. Barao II,cd55220a7b1378c4,light heavyweight,4d44f37107f01b9b,Tom Lawlor,KO/TKO,2,327,112.0,2015-11-14,UFC 193: Rousey vs Holm,1dfbdd569585812f,light heavyweight,4b4753d19489297f,Anthony Perosh,KO/TKO,1.0,176.0,True,False,True,False,0-120,<30,1
2c99576fefe53c7c,Renan Barao,10,28.479123887748116,2,2015-07-25,UFC on FOX: Dillashaw vs. Barao II,f963d716384153ff,bantamweight,c849740a3ff51931,TJ Dillashaw,KO/TKO,4,935,309.0,2016-05-29,UFC Fight Night: Almeida vs Garbrandt,b2c3f1783a0c8530,featherweight,18968f97ad34f15c,Jeremy Stephens,Decision - Unanimous,3.0,900.0,False,True,False,False,271-365,<30,2
3be081c29bf734d9,Takanori Gomi,10,36.837782340862425,2,2015-07-25,UFC on FOX: Dillashaw vs. Barao II,bb56f4e502512ad0,lightweight,3bad7ef643840f67,Joe Lauzon,KO/TKO,1,157,350.0,2016-07-09,UFC 200: Tate vs Nunes,433e3fd8782b6e0e,lightweight,d1941565abf50b16,Jim Miller,KO/TKO,1.0,138.0,False,True,True,True,271-365,35+,2
673ea7dcc786b1b3,Bethe Correia,4,32.10951403148528,1,2015-08-01,UFC 190: Rousey vs Correia,60c62fb7bd17a8b3,women's bantamweight,8bdac25ce0bb874d,Ronda Rousey,KO/TKO,1,34,259.0,2016-04-16,UFC on FOX: Teixeira vs Evans,377c8eb085bb8e00,women's bantamweight,fc169c387b4b465d,Raquel Pennington,Decision - Split,3.0,900.0,False,True,False,False,181-270,30-34,1
92b62174c175ce19,Clint Hester,6,28.692676249144423,2,2015-08-01,UFC 190: Rousey vs Correia,959de17703476f44,middleweight,4bcb6eb12b4ad4aa,Vitor Miranda,KO/TKO,2,458,266.0,2016-04-23,UFC 197: Jones vs Saint Preux,c7e084949531a443,light heavyweight,ab943cd2c3c17825,Marcos Rogerio de Lima,Submission,1.0,275.0,False,True,False,False,181-270,<30,2
5c1ca0c72b599a3c,Rafael Cavalcante,4,35.29637234770705,2,2015-08-01,UFC 190: Rousey vs Correia,2116affb9c8f193b,light heavyweight,e51e5cb722bd47a8,Patrick Cummins,KO/TKO,3,645,189.0,2016-02-06,UFC Fight Night: Hendricks vs Thompson,37008594c087470c,light heavyweight,50db8711c70196cd,Ovince Saint Preux,Decision - Unanimous,3.0,900.0,False,True,False,False,181-270,35+,2
dfae5da5676e4194,Chris Dempsey,3,27.915126625598905,2,2015-08-08,UFC Fight Night: Teixeira vs Saint Preux,b0c2442c5a7c509a,light heavyweight,cd01f0b768a32475,Jonathan Wilson,KO/TKO,1,50,203.0,2016-02-27,UFC Fight Night: Silva vs Bisping,5bff1ece35abac7f,middleweight,06827d70c53ff0d9,Scott Askham,KO/TKO,1.0,285.0,False,True,True,True,181-270,<30,2
04b39f4e8eb59d7c,Oluwale Bamgbose,1,28.01095140314853,1,2015-08-08,UFC Fight Night: Teixeira vs Saint Preux,664e56d8a98e2b49,middleweight,65578a75fa7900e3,Uriah Hall,KO/TKO,1,152,197.0,2016-02-21,UFC Fight Night: Cowboy vs Cowboy,014a3acf91ada8af,middleweight,7e47047d0971d566,Daniel Sarafian,KO/TKO,1.0,60.0,True,False,True,False,181-270,<30,1
d156513a19acf856,Sam Alvey,5,29.256673511293634,1,2015-08-08,UFC Fight Night: Teixeira vs Saint Preux,9900550cc697eef2,middleweight,b1a3e0aca758b322,Derek Brunson,KO/TKO,1,139,315.0,2016-06-18,UFC Fight Night: MacDonald vs Thompson,b2039609019496d9,middleweight,34f88592c0ab7a54,Elias Theodorou,Decision - Unanimous,3.0,900.0,False,True,False,False,271-365,<30,1
6ded9184b2284645,Willie Gates,3,28.54483230663929,1,2015-08-08,UFC Fight Night: Teixeira vs Saint Preux,92f27d13fc502d33,flyweight,f53c1f4ceeed8c08,Dustin Ortiz,KO/TKO,3,778,274.0,2016-05-08,UFC Fight Night: Overeem vs Arlovski,5a9804cad2335272,flyweight,7c3c48cf54a2848e,Yuta Sasaki,Submission,2.0,510.0,False,True,False,False,271-365,<30,1
c03a5022f8439f2a,Chad Laprise,4,29.084188911704313,1,2015-08-23,UFC Fight Night: Holloway vs Oliveira,870a98d6f943d9b7,lightweight,a8283a4f415e1eb9,Francisco Trinaldo,KO/TKO,1,163,209.0,2016-03-19,UFC Fight Night: Hunt vs Mir,f7c9f7a6edca5299,lightweight,4f732e58ed907eff,Ross Pearson,Decision - Split,3.0,900.0,False,True,False,False,181-270,<30,1
07225ba28ae309b6,Charles Oliveira,14,25.848049281314168,3,2015-08-23,UFC Fight Night: Holloway vs Oliveira,05e2832cd5ffb7a6,featherweight,150ff4cc642270b9,Max Holloway,KO/TKO,1,99,118.0,2015-12-19,UFC on FOX: Dos Anjos vs. Cowboy 2,164f56eb25d6a9b4,featherweight,08e908ed6d18d6a0,Myles Jury,Submission,1.0,185.0,True,False,False,False,0-120,<30,3+
eeabcd4dc6619129,Daniel Jolly,1,30.967830253251197,1,2015-08-23,UFC Fight Night: Holloway vs Oliveira,22e5596f75d9d8e7,light heavyweight,67f272324a030d00,Misha Cirkunov,KO/TKO,1,285,531.0,2017-02-04,UFC Fight Night: Bermudez vs. The Korean Zombie,f3bb58f485dc2008,light heavyweight,749f572d1d3161fb,Khalil Rountree Jr.,KO/TKO,1.0,52.0,False,True,True,True,366-540,30-34,1
6da99156486ed6c2,Joshua Burkman,13,35.36755646817249,1,2015-08-23,UFC Fight Night: Holloway vs Oliveira,499557c33e67deaf,welterweight,9fa3bd637edd9aa2,Patrick Cote,KO/TKO,3,686,167.0,2016-02-06,UFC Fight Night: Hendricks vs Thompson,d0a8304574e65ec9,lightweight,b7ffa72aa148599a,KJ Noons,Decision - Unanimous,3.0,900.0,True,False,False,False,121-180,35+,1
1e1dbd1cc5a7469e,Jimi Manuwa,6,35.54551676933607,2,2015-09-05,UFC 191: Johnson vs Dodson 2,e0f8e1e8cbdd63da,light heavyweight,365fee2da473b177,Anthony Johnson,KO/TKO,2,328,399.0,2016-10-08,UFC 204: Bisping vs. Henderson,451d7d8c2a6bacb3,light heavyweight,50db8711c70196cd,Ovince Saint Preux,KO/TKO,2.0,458.0,True,False,True,False,366-540,35+,2
232c582f29f8f65e,Gegard Mousasi,7,30.151950718685832,1,2015-09-26,UFC Fight Night: Barnett vs Nelson,6712440cd01dffdb,middleweight,65578a75fa7900e3,Uriah Hall,KO/TKO,2,325,154.0,2016-02-27,UFC Fight Night: Silva vs Bisping,b45d0e0d2bba01e9,middleweight,cfb65863d5099327,Thales Leites,Decision - Unanimous,3.0,900.0,True,False,False,False,121-180,30-34,1
cf65d56b0755ed3b,Alan Jouban,5,33.85352498288843,1,2015-10-03,UFC 192: Cormier vs Gustafsson,2615d94ab16380f9,welterweight,ff6a1f63c254127e,Albert Tumenov,KO/TKO,1,175,168.0,2016-03-19,UFC Fight Night: Hunt vs Mir,ee31f081cf576273,welterweight,494b0bfdbac74502,Brendan O'Reilly,KO/TKO,1.0,135.0,True,False,True,False,121-180,30-34,1
275aca31f61ba28c,Islam Makhachev,2,23.93429158110883,1,2015-10-03,UFC 192: Cormier vs Gustafsson,678db400f85ae15c,lightweight,7dcf06c1967801c1,Adriano Martins,KO/TKO,1,106,350.0,2016-09-17,UFC Fight Night: Poirier vs. Johnson,144b0c1dd6c909f3,lightweight,c8097968da5e5f13,Chris Wade,Decision - Unanimous,3.0,900.0,True,False,False,False,271-365,<30,1
202b0467521c9d6f,Viktor Pesta,3,25.218343600273784,1,2015-10-03,UFC 192: Cormier vs Gustafsson,2b3b6e96cea0f757,heavyweight,d3df1add9d9a7efb,Derrick Lewis,KO/TKO,3,675,308.0,2016-08-06,UFC Fight Night: Rodriguez vs. Caceres,3fe9e895b2a45049,heavyweight,c9cf753cfdf77fc2,Marcin Tybura,KO/TKO,2.0,353.0,False,True,True,True,271-365,<30,1
c5a126ace82a6025,Anthony Birchak,3,29.478439425051334,1,2015-11-07,UFC Fight Night: Belfort vs Henderson 3,3c6659f1b09760ba,bantamweight,2b074403b7c6cdb4,Thomas Almeida,KO/TKO,1,264,243.0,2016-07-07,UFC Fight Night: Dos Anjos vs. Alvarez,95a0d706e1f4cfa2,bantamweight,8270c00fae24c922,Dileno Lopes,Decision - Split,3.0,900.0,True,False,False,False,181-270,<30,1
1ccf4e7caff270df,Dan Henderson,16,45.204654346338124,3,2015-11-07,UFC Fight Night: Belfort vs Henderson 3,93c4b798134c71d4,middleweight,0ee783aa00e468f0,Vitor Belfort,KO/TKO,1,127,210.0,2016-06-04,UFC 199: Rockhold vs. Bisping 2,c33cc8b85b9a202c,middleweight,db1f2ed63b54b9a7,Hector Lombard,KO/TKO,2.0,387.0,True,False,True,False,181-270,35+,3+
e51e5cb722bd47a8,Patrick Cummins,7,34.97330595482546,3,2015-11-07,UFC Fight Night: Belfort vs Henderson 3,2be2c9ddfbee0cd4,light heavyweight,7ff97850e8c32bda,Glover Teixeira,KO/TKO,2,372,189.0,2016-05-14,UFC 198: Werdum vs Miocic,375c2ecb6fe54cc6,light heavyweight,73e09f837f3b5ecc,Rogerio Nogueira,KO/TKO,1.0,292.0,False,True,True,True,181-270,30-34,3+
8c822811eedc11ad,Anton Zafir,1,28.514715947980836,1,2015-11-14,UFC 193: Rousey vs Holm,d20dc2d68305fc31,welterweight,c06a9b48d4132c8e,James Moontasri,KO/TKO,1,276,237.0,2016-07-08,The Ultimate Fighter: Team Joanna vs. Team Cl��udia Finale,b3b5bd50fa34342c,welterweight,e64b96c07d7ce999,Li Jingliang,KO/TKO,1.0,166.0,False,True,True,True,181-270,<30,1
8349d55cdecd393a,Antonio Silva,9,36.167008898015055,5,2015-11-14,UFC 193: Rousey vs Holm,27a6a6d4e3f8be75,heavyweight,eef9b891edbd4604,Mark Hunt,KO/TKO,1,221,176.0,2016-05-08,UFC Fight Night: Overeem vs Arlovski,d480d01418ae0143,heavyweight,ebc1f40e00e0c481,Stefan Struve,KO/TKO,1.0,16.0,False,True,True,True,121-180,35+,3+
1fcfc3709fe58151,Peter Sobotta,6,28.840520191649556,1,2015-11-14,UFC 193: Rousey vs Holm,77185ff8b4dade6a,welterweight,7339d340aa2889cb,Kyle Noke,KO/TKO,1,121,294.0,2016-09-03,UFC Fight Night: Arlovski vs. Barnett,69ecd4aa5a550f7b,welterweight,9d19d9e4aa2662e8,Nicolas Dalby,Decision - Unanimous,3.0,900.0,True,False,False,False,271-365,<30,1
8bdac25ce0bb874d,Ronda Rousey,7,28.78302532511978,1,2015-11-14,UFC 193: Rousey vs Holm,08af25ef4252b138,women's bantamweight,634e2fb70bde3fd5,Holly Holm,KO/TKO,2,359,412.0,2016-12-30,UFC 207: Nunes vs. Rousey,0aad210fbaa1db6c,women's bantamweight,80fa8218c99f9c58,Amanda Nunes,KO/TKO,1.0,48.0,False,True,True,True,366-540,<30,1
49f78022126bf4a4,Cesar Arzamendia,1,24.804928131416837,1,2015-11-21,UFC Fight Night: Magny vs Gastelum,84d89d2f36d07dc0,lightweight,edd02825c29028fe,Marco Polo Reyes,KO/TKO,1,222,252.0,2016-07-30,UFC 201: Lawler vs. Woodley,09c092dc766fa3f9,lightweight,d024ed963e8bf7ea,Damien Brown,KO/TKO,1.0,147.0,False,True,True,True,181-270,<30,1
436f970c9ea9169c,Gabriel Benitez,3,27.433264887063654,1,2015-11-21,UFC Fight Night: Magny vs Gastelum,f5eae75fc240aaa6,featherweight,8fd808923cffff82,Andre Fili,KO/TKO,1,193,301.0,2016-09-17,UFC Fight Night: Poirier vs. Johnson,4f6f7f1ad8954bb6,featherweight,b8aef0faf4ce9b31,Sam Sicilia,Submission,2.0,380.0,True,False,False,False,271-365,<30,1
2de91c2244ad7e89,Dominic Waters,2,26.63107460643395,1,2015-11-28,UFC Fight Night: Henderson vs Masvidal,6ec62f8822843edf,welterweight,9bcf8603ceb25680,Dong Hyun Kim,KO/TKO,1,191,162.0,2016-05-08,UFC Fight Night: Overeem vs Arlovski,6ccf478dca83757e,welterweight,f1fac969a1d70b08,Leon Edwards,Decision - Unanimous,3.0,900.0,False,True,False,False,121-180,<30,1
98a6b2361045898f,Dong Hyun Ma,1,27.21697467488022,1,2015-11-28,UFC Fight Night: Henderson vs Masvidal,5a79d4b9a8f8352f,welterweight,68c11c27d4d56572,Dominique Steele,KO/TKO,3,627,189.0,2016-06-04,UFC 199: Rockhold vs. Bisping 2,1cbb930fb77a3781,lightweight,edd02825c29028fe,Marco Polo Reyes,KO/TKO,3.0,712.0,False,True,True,True,181-270,<30,1
92fa1401b7927da3,Jake Collier,3,27.091033538672143,2,2015-11-28,UFC Fight Night: Henderson vs Masvidal,3266f569a6246d90,middleweight,aed06011bf62237b,Dongi Yang,KO/TKO,2,410,183.0,2016-05-29,UFC Fight Night: Almeida vs Garbrandt,09b8253a30360429,middleweight,8f2deefe8c5dfb5d,Alberto Uda,KO/TKO,2.0,366.0,True,False,True,False,181-270,<30,2
b8aef0faf4ce9b31,Sam Sicilia,10,29.82067077344285,2,2015-11-28,UFC Fight Night: Henderson vs Masvidal,a09bfdaa83d99efb,featherweight,e93b04e308913c2e,Dooho Choi,KO/TKO,1,93,294.0,2016-09-17,UFC Fight Night: Poirier vs. Johnson,4f6f7f1ad8954bb6,featherweight,436f970c9ea9169c,Gabriel Benitez,Submission,2.0,380.0,False,True,False,False,271-365,<30,2
5ea918ea81b7dee2,Yao Zhikui,3,24.804928131416837,1,2015-11-28,UFC Fight Night: Henderson vs Masvidal,3a932a4cacacc939,flyweight,0ccab7c889ede9ea,Fredy Serrano,KO/TKO,1,44,364.0,2016-11-26,UFC Fight Night: Whittaker vs. Brunson,0da0dc2c7eb29f58,flyweight,ec664422b22d9787,Jenel Lausa,Decision - Unanimous,3.0,900.0,False,True,False,False,271-365,<30,1
16690d100f995f8f,Omari Akhmedov,5,28.161533196440793,1,2015-12-10,UFC Fight Night: Namajunas vs. VanZant,1cc9816d18aa29d0,welterweight,1bcaac2d99b90fce,Sergio Moraes,KO/TKO,3,738,128.0,2016-04-16,UFC on FOX: Teixeira vs Evans,815fd4ebdc288e83,welterweight,8adcbd525fab8d9b,Elizeu Zaleski dos Santos,KO/TKO,3.0,783.0,False,True,True,True,121-180,<30,1
b5b684eac99ae0a3,Chad Mendes,12,30.611909650924023,3,2015-12-11,The Ultimate Fighter: Team McGregor vs. Team Faber Finale,18292c8eb20ae045,featherweight,f2688492b9a525a3,Frankie Edgar,KO/TKO,1,148,946.0,2018-07-14,UFC Fight Night: Dos Santos vs. Ivanov,c3939438ae7934df,featherweight,08e908ed6d18d6a0,Myles Jury,KO/TKO,1.0,172.0,True,False,True,False,541+,30-34,3+
b12fc8a41e82d3a2,Joby Sanchez,3,24.465434633812457,1,2015-12-11,The Ultimate Fighter: Team McGregor vs. Team Faber Finale,c5ce4f39269c842c,flyweight,c169545ab0825f44,Geane Herrera,KO/TKO,2,568,800.0,2018-02-18,UFC Fight Night: Cerrone vs. Medeiros,6f981a44898fb4ff,flyweight,546f8599a63c29da,Robert Sanchez,Submission,1.0,110.0,False,True,False,False,541+,<30,1
3a8176e15b9887c1,Chris Weidman,10,31.485284052019164,1,2015-12-12,UFC 194: Aldo vs McGregor,ff389a4326fc9255,middleweight,00e11b5c8b7bfeeb,Luke Rockhold,KO/TKO,4,1092,336.0,2016-11-12,UFC 205: Alvarez vs McGregor,f37d18b5c35145bf,middleweight,f77c68bb4be8516d,Yoel Romero,KO/TKO,3.0,624.0,False,True,True,True,271-365,30-34,1
a36556bb1565e32d,Joe Proctor,7,30.338124572210816,1,2015-12-12,UFC 194: Aldo vs McGregor,5edfc539cc58a28d,lightweight,31d7446b184e3305,Magomed Mustafaev,KO/TKO,1,114,497.0,2017-04-22,UFC Fight Night: Swanson vs. Lobov,7d4e11c2a9485320,welterweight,a331233f597090a5,Bryan Barberena,KO/TKO,1.0,210.0,False,True,True,True,366-540,30-34,1
d0f3959b4a9747e6,Jose Aldo,8,29.256673511293634,1,2015-12-12,UFC 194: Aldo vs McGregor,b302e12550278ffd,featherweight,f4c49976c75c5ab2,Conor McGregor,KO/TKO,1,13,210.0,2016-07-09,UFC 200: Tate vs Nunes,84c5035830ebb421,interim featherweight,f2688492b9a525a3,Frankie Edgar,Decision - Unanimous,5.0,1500.0,True,False,False,False,181-270,<30,1
ee9ebceabfd16fa7,Kevin Lee,6,23.26899383983573,1,2015-12-12,UFC 194: Aldo vs McGregor,fa2e2a035b36b9d6,lightweight,9c65736747ca92ec,Leonardo Santos,KO/TKO,1,206,133.0,2016-04-23,UFC 197: Jones vs Saint Preux,083a0283b7bc503b,lightweight,83fd97284f4bb4a4,Efrain Escudero,Decision - Unanimous,3.0,900.0,True,False,False,False,121-180,<30,1
5d7bdab5e03e3216,CB Dollaway,17,32.3586584531143,4,2015-12-19,UFC on FOX: Dos Anjos vs. Cowboy 2,3fc9fea36fc7ec37,middleweight,a8e6a69796280f17,Nate Marquardt,KO/TKO,2,328,566.0,2017-07-07,The Ultimate Fighter: Redemption Finale,7f3bd3b913df61f4,light heavyweight,06f36cf4bd97ec77,Ed Herman,Decision - Unanimous,3.0,900.0,True,False,False,False,541+,30-34,3+
1d00756835ca67c9,Donald Cerrone,19,32.72553045859001,2,2015-12-19,UFC on FOX: Dos Anjos vs. Cowboy 2,81f287d035190506,lightweight,6a2f7c151031653d,Rafael Dos Anjos,KO/TKO,1,66,64.0,2016-02-21,UFC Fight Night: Cowboy vs Cowboy,214fa13c3f230259,welterweight,57b10fca4f9c9a7a,Alex Oliveira,Submission,1.0,153.0,True,False,False,False,0-120,30-34,2
63def5a5662a6917,Junior Dos Santos,14,31.88501026694045,2,2015-12-19,UFC on FOX: Dos Anjos vs. Cowboy 2,1f0254eeb2025e4f,heavyweight,b4ad3a06ee4d660c,Alistair Overeem,KO/TKO,2,583,113.0,2016-04-10,UFC Fight Night: Rothwell vs Dos Santos,5f6b8e48e7d3b66f,heavyweight,bd58d34e39b7b12a,Ben Rothwell,Decision - Unanimous,5.0,1500.0,True,False,False,False,0-120,30-34,2
e5bda12faabfc850,Luis Henrique,1,22.327173169062284,1,2015-12-19,UFC on FOX: Dos Anjos vs. Cowboy 2,f7fd4b82e827c9c4,heavyweight,8d03ce87ca14e778,Francis Ngannou,KO/TKO,2,473,217.0,2016-07-23,UFC on FOX: Holm vs. Shevchenko,43fbc59edc7dfa9f,heavyweight,75afb06215a07341,Dmitrii Smoliakov,Submission,2.0,538.0,True,False,False,False,181-270,<30,1
3738e68d2261e60f,Andrei Arlovski,19,36.90896646132786,4,2016-01-02,UFC 195: Lawler vs Condit,f2916c10b7ecfcee,heavyweight,d28dee5c705991df,Stipe Miocic,KO/TKO,1,54,127.0,2016-05-08,UFC Fight Night: Overeem vs Arlovski,5838305c25a54ea1,heavyweight,b4ad3a06ee4d660c,Alistair Overeem,KO/TKO,2.0,372.0,False,True,True,True,121-180,35+,3+
484acc7b0f856ce9,Ben Saunders,11,32.76386036960986,2,2016-01-17,UFC Fight Night: Dillashaw vs Cruz,a7adbceeff234b61,welterweight,9fa3bd637edd9aa2,Patrick Cote,KO/TKO,2,374,364.0,2017-01-15,UFC Fight Night: Rodriguez vs. Penn,8edb831924d69dd9,welterweight,523fa774700d7d3f,Court McGee,Decision - Unanimous,3.0,900.0,True,False,False,False,271-365,30-34,2
0778f94eb5d588a5,Joey Gomez,1,29.492128678986994,1,2016-01-17,UFC Fight Night: Dillashaw vs Cruz,18cdc16fc7ab7ce1,bantamweight,05339613bf8e9808,Rob Font,KO/TKO,2,553,244.0,2016-09-17,UFC Fight Night: Poirier vs. Johnson,187681b2843174b5,bantamweight,36549928f90f1d36,Jose Quinonez,Decision - Unanimous,3.0,900.0,False,True,False,False,181-270,<30,1
cb52f9490c2dc069,Sean O'Connell,5,32.375085557837096,2,2016-01-17,UFC Fight Night: Dillashaw vs Cruz,2e0493171c4ee80f,light heavyweight,e9a3aeb207578eea,Ilir Latifi,KO/TKO,1,30,153.0,2016-06-18,UFC Fight Night: MacDonald vs Thompson,ad61d042c43451a8,light heavyweight,e023fa2e648ea0f1,Steve Bosse,Decision - Unanimous,3.0,900.0,False,True,False,False,121-180,30-34,2
c80095f6092271a7,Tim Boetsch,18,34.9678302532512,4,2016-01-17,UFC Fight Night: Dillashaw vs Cruz,f8ad660497e49187,light heavyweight,06f36cf4bd97ec77,Ed Herman,KO/TKO,2,399,178.0,2016-07-13,UFC Fight Night: McDonald vs. Lineker,0f73ee9121ec7539,middleweight,9deff9e3e8d94d47,Josh Samman,KO/TKO,2.0,529.0,True,False,True,False,121-180,30-34,3+
6c7e25571490aa3b,George Sullivan,5,34.8829568788501,1,2016-01-30,UFC on FOX: Johnson vs. Bader,6eb4b84c4b10854a,welterweight,d06f8869449ba7bd,Alexander Yakovlev,KO/TKO,1,239,728.0,2018-01-27,UFC Fight Night: Jacare vs. Brunson 2,4fcbee643660d679,welterweight,d8da10db80131bec,Niko Price,Submission,2.0,561.0,False,True,False,False,541+,30-34,1
8d9586726252dbf7,Kevin Casey,5,34.625598904859686,2,2016-01-30,UFC on FOX: Johnson vs. Bader,7bb335510a749419,middleweight,0dba4df5f34d5ff0,Rafael Natal,KO/TKO,3,817,126.0,2016-06-04,UFC 199: Rockhold vs. Bisping 2,e640fd983577d349,middleweight,28c55b4087a6f136,Elvis Mutapcic,Decision - Split,3.0,900.0,False,True,False,False,121-180,30-34,2
c0ab242c40decc55,Ryan Bader,18,32.648870636550306,3,2016-01-30,UFC on FOX: Johnson vs. Bader,4c7390e4d169f6ff,light heavyweight,365fee2da473b177,Anthony Johnson,KO/TKO,1,86,217.0,2016-09-03,UFC Fight Night: Arlovski vs. Barnett,5237736e6b37c609,light heavyweight,e9a3aeb207578eea,Ilir Latifi,KO/TKO,2.0,426.0,True,False,True,False,181-270,30-34,3+
3f11b5d4bd76a6d9,Damian Grabowski,1,35.73716632443532,1,2016-02-06,UFC Fight Night: Hendricks vs Thompson,640dbb5a89c0aad6,heavyweight,d3df1add9d9a7efb,Derrick Lewis,KO/TKO,1,137,175.0,2016-07-30,UFC 201: Lawler vs. Woodley,8495283a56311b4d,heavyweight,c727c7d31c50c4cf,Anthony Hamilton,KO/TKO,1.0,14.0,False,True,True,True,121-180,35+,1
0941df56f6ac954b,Johny Hendricks,16,32.40246406570842,1,2016-02-06,UFC Fight Night: Hendricks vs Thompson,3cbbf947fd0d2144,welterweight,4a28cb716c19157a,Stephen Thompson,KO/TKO,1,211,154.0,2016-07-09,UFC 200: Tate vs Nunes,8c2e4d3cc4b9e93a,welterweight,8c0580d4fff106c1,Kelvin Gastelum,Decision - Unanimous,3.0,900.0,False,True,False,False,121-180,30-34,1
ab850a77a0fa487d,Sean Spencer,7,28.618754277891856,1,2016-02-06,UFC Fight Night: Hendricks vs Thompson,d6e1205babf27a9d,welterweight,f5990c11974d8e9c,Mike Pyle,KO/TKO,3,865,217.0,2016-09-10,UFC 203: Miocic vs. Overeem,1c85f793ea4f9caa,welterweight,813550bc53b15fb0,Yancy Medeiros,Submission,2.0,349.0,False,True,False,False,181-270,<30,1
a2b12c3f3d60ff69,Alex Garcia,5,28.607802874743328,1,2016-02-21,UFC Fight Night: Cowboy vs Cowboy,607d22f0b3db4f1f,welterweight,0d8011111be000b2,Sean Strickland,KO/TKO,3,865,313.0,2016-12-30,UFC 207: Nunes vs. Rousey,31acf87e89a4a401,welterweight,f5990c11974d8e9c,Mike Pyle,KO/TKO,1.0,214.0,True,False,True,False,271-365,<30,1
3d5b1ce6097dbb49,Augusto Mendes,1,32.9719370294319,1,2016-02-21,UFC Fight Night: Cowboy vs Cowboy,2f15a2ed6cd4711f,catch weight,d8c7c61b176e3994,Cody Garbrandt,KO/TKO,1,258,329.0,2017-01-15,UFC Fight Night: Rodriguez vs. Penn,b60bbec8ec98941b,bantamweight,9ba2226646046b63,Frankie Saenz,Decision - Split,3.0,900.0,True,False,False,False,271-365,30-34,1
9c42a0de8e012870,Kelly Faszholz,1,30.869267624914443,1,2016-02-21,UFC Fight Night: Cowboy vs Cowboy,cc4a23ed2cbc8aa4,women's bantamweight,729d4bd5a6cd0a97,Lauren Murphy,KO/TKO,3,895,223.0,2016-10-01,UFC Fight Night: Lineker vs. Dodson,98e3b4d05ecc36a2,women's bantamweight,b9706f80d005036c,Ketlen Vieira,Decision - Split,3.0,900.0,False,True,False,False,181-270,30-34,1
1c86754617d9813a,Roan Carneiro,7,37.72210814510609,1,2016-02-21,UFC Fight Night: Cowboy vs Cowboy,eadb215519406e92,middleweight,b1a3e0aca758b322,Derek Brunson,KO/TKO,1,158,209.0,2016-09-17,UFC Fight Night: Poirier vs. Johnson,054f1423ba7c121e,welterweight,6e0273f9478be71e,Kenny Robertson,Decision - Split,3.0,900.0,True,False,False,False,181-270,35+,1
5866fc86183a9fb8,Erick Silva,12,31.704312114989733,3,2016-03-05,UFC 196: McGregor vs Diaz,90a5ddd6738605d9,welterweight,49858bf46dabf6fb,Nordine Taleb,KO/TKO,2,394,203.0,2016-09-24,UFC Fight Night: Cyborg vs. Lansberg,0e9b7e682e0a79f1,welterweight,9ccf8371fd80d45d,Luan Chagas,Submission,3.0,837.0,True,False,False,False,181-270,30-34,3+
902ec2cc48c8ae8a,Julian Erosa,2,26.595482546201232,1,2016-03-05,UFC 196: McGregor vs Diaz,6ecd93dbbaba7e10,featherweight,88cd34d836b4ebcd,Teruto Ishihara,KO/TKO,2,334,980.0,2018-11-10,UFC Fight Night: Korean Zombie vs. Rodriguez,79fb77a0b0294aec,lightweight,207773daeb4afa7b,Devonte Smith,KO/TKO,1.0,46.0,False,True,True,True,541+,<30,1
52e76bb4b3e852f3,Antonio Carlos Junior,5,26.00958247775496,1,2016-03-19,UFC Fight Night: Hunt vs Mir,b33d1e693e3c9958,middleweight,bdcbb976816fd256,Daniel Kelly,KO/TKO,3,696,182.0,2016-09-17,UFC Fight Night: Poirier vs. Johnson,c87d2569da8d4305,middleweight,cc98d857b148e33a,Leonardo Guimaraes,Submission,3.0,886.0,True,False,False,False,181-270,<30,1
494b0bfdbac74502,Brendan O'Reilly,3,28.736481861738536,1,2016-03-19,UFC Fight Night: Hunt vs Mir,ee31f081cf576273,welterweight,cf65d56b0755ed3b,Alan Jouban,KO/TKO,1,135,259.0,2016-12-03,The Ultimate Fighter: Tournament of Champions Finale,c5d48ca7c22f857e,lightweight,98a6b2361045898f,Dong Hyun Ma,Decision - Unanimous,3.0,900.0,False,True,False,False,181-270,<30,1
db1f2ed63b54b9a7,Hector Lombard,7,38.12457221081451,1,2016-03-19,UFC Fight Night: Hunt vs Mir,a26db2cee9eab1f9,welterweight,84b3e7d38f2d2ec5,Neil Magny,KO/TKO,3,646,77.0,2016-06-04,UFC 199: Rockhold vs. Bisping 2,c33cc8b85b9a202c,middleweight,1ccf4e7caff270df,Dan Henderson,KO/TKO,2.0,387.0,False,True,True,True,0-120,35+,1
9be6020024133293,Cyril Asker,1,30.2943189596167,1,2016-04-10,UFC Fight Night: Rothwell vs Dos Santos,a020b5b917c27bb8,heavyweight,13a0275fa13c4d26,Jared Cannonier,KO/TKO,1,164,280.0,2017-01-15,UFC Fight Night: Rodriguez vs. Penn,c1356395d6b055d7,heavyweight,75afb06215a07341,Dmitrii Smoliakov,KO/TKO,1.0,161.0,True,False,True,False,271-365,30-34,1
38c626ca912c7bac,Damir Hadzovic,1,29.672826830937716,1,2016-04-10,UFC Fight Night: Rothwell vs Dos Santos,79884c0df84662b9,lightweight,8f5c8850b2484173,Mairbek Taisumov,KO/TKO,1,224,413.0,2017-05-28,UFC Fight Night: Gustafsson vs. Teixeira,b166f1582946fbbc,lightweight,bf43fed8f29e1671,Marcin Held,KO/TKO,3.0,607.0,True,False,True,False,366-540,<30,1
523fa774700d7d3f,Court McGee,10,31.342915811088297,1,2016-04-16,UFC on FOX: Teixeira vs Evans,110e1d794443b736,welterweight,6d1bffff14897645,Santiago Ponzinibbio,KO/TKO,1,255,112.0,2016-08-06,UFC Fight Night: Rodriguez vs. Caceres,4a46b63c19cfa932,welterweight,68c11c27d4d56572,Dominique Steele,Decision - Unanimous,3.0,900.0,True,False,False,False,0-120,30-34,1
18e8b7070228e728,Darrell Horcher,1,28.720054757015742,1,2016-04-16,UFC on FOX: Teixeira vs Evans,781b4b6951df64fe,catch weight,032cc3922d871c7f,Khabib Nurmagomedov,KO/TKO,2,518,435.0,2017-06-25,UFC Fight Night: Chiesa vs. Lee,f7ae397fefa57c70,lightweight,065eb44700e641a4,Devin Powell,Decision - Split,3.0,900.0,True,False,False,False,366-540,<30,1
cc6f9d1e89f3449a,Manvel Gamburyan,14,34.940451745379875,2,2016-04-16,UFC on FOX: Teixeira vs Evans,249b75a787dccfe6,bantamweight,99506df1af6c8b3b,John Dodson,KO/TKO,1,37,217.0,2016-11-19,UFC Fight Night: Bader vs. Nogueira,02b39d683f027517,bantamweight,528c24b99fbaab79,Johnny Eduardo,KO/TKO,2.0,346.0,False,True,True,True,181-270,30-34,2
16690d100f995f8f,Omari Akhmedov,6,28.511978097193705,2,2016-04-16,UFC on FOX: Teixeira vs Evans,815fd4ebdc288e83,welterweight,8adcbd525fab8d9b,Elizeu Zaleski dos Santos,KO/TKO,3,783,224.0,2016-11-26,UFC Fight Night: Whittaker vs. Brunson,450760216f5643ca,welterweight,7339d340aa2889cb,Kyle Noke,Decision - Unanimous,3.0,900.0,True,False,False,False,181-270,<30,2
ee779c43a8926d52,Rashad Evans,20,36.558521560574945,2,2016-04-16,UFC on FOX: Teixeira vs Evans,e5a88d0e816fd0f1,light heavyweight,7ff97850e8c32bda,Glover Teixeira,KO/TKO,1,108,322.0,2017-03-04,UFC 209: Woodley vs. Thompson 2,e3ca9462ad0d7685,middleweight,bdcbb976816fd256,Daniel Kelly,Decision - Split,3.0,900.0,False,True,False,False,271-365,35+,2
8fd808923cffff82,Andre Fili,6,25.828884325804243,1,2016-04-23,UFC 197: Jones vs Saint Preux,43b416cf0c75dbd7,featherweight,cbf5e6f231b55443,Yair Rodriguez,KO/TKO,2,435,161.0,2016-10-01,UFC Fight Night: Lineker vs. Dodson,11b369120409d2aa,featherweight,ed209f6618c82e41,Hacran Dias,Decision - Unanimous,3.0,900.0,True,False,False,False,121-180,<30,1
5713c1d2fac539ac,Cody East,1,27.81656399726215,1,2016-04-23,UFC 197: Jones vs Saint Preux,92049ba4483fc840,heavyweight,03f982ca3735070c,Walt Harris,KO/TKO,1,258,161.0,2016-10-01,UFC Fight Night: Lineker vs. Dodson,4efbd869aa0211d2,heavyweight,fa6796c55d6c5440,Curtis Blaydes,KO/TKO,2.0,422.0,False,True,True,True,121-180,<30,1
056c493bbd76a918,Henry Cejudo,5,29.201916495550993,1,2016-04-23,UFC 197: Jones vs Saint Preux,20dda78057d17a5a,flyweight,8a304bfd6bf04a57,Demetrious Johnson,KO/TKO,1,169,224.0,2016-12-03,The Ultimate Fighter: Tournament of Champions Finale,5e1370a92ce8abb0,flyweight,80eacd4da0617c57,Joseph Benavidez,Decision - Split,3.0,900.0,False,True,False,False,181-270,<30,1
3738e68d2261e60f,Andrei Arlovski,20,37.256673511293634,5,2016-05-08,UFC Fight Night: Overeem vs Arlovski,5838305c25a54ea1,heavyweight,b4ad3a06ee4d660c,Alistair Overeem,KO/TKO,2,372,118.0,2016-09-03,UFC Fight Night: Arlovski vs. Barnett,a3b972117a3998ee,heavyweight,ad3f53c454cbbead,Josh Barnett,Submission,3.0,773.0,False,True,False,False,0-120,35+,3+
1536a25e16fc299b,Anna Elmose,1,31.586584531143053,1,2016-05-08,UFC Fight Night: Overeem vs Arlovski,692ceb2ac5fa4427,women's bantamweight,1d239d571e342453,Germaine de Randamie,KO/TKO,1,226,195.0,2016-11-19,UFC Fight Night: Mousasi vs. Hall 2,24411c5356903d11,women's strawweight,d4a31850a7457f1b,Amanda Cooper,Decision - Unanimous,3.0,900.0,False,True,False,False,181-270,30-34,1
8349d55cdecd393a,Antonio Silva,10,36.648870636550306,6,2016-05-08,UFC Fight Night: Overeem vs Arlovski,d480d01418ae0143,heavyweight,ebc1f40e00e0c481,Stefan Struve,KO/TKO,1,16,139.0,2016-09-24,UFC Fight Night: Cyborg vs. Lansberg,5c5ed0416e881faf,heavyweight,3f7c14c7eca7195d,Roy Nelson,KO/TKO,2.0,550.0,False,True,True,True,121-180,35+,3+
f215cfbd4ba3c270,Garreth McLellan,3,33.68377823408624,1,2016-05-08,UFC Fight Night: Overeem vs Arlovski,6d47170d069df8bb,middleweight,0e21976afc92e4d1,Magnus Cedenblad,KO/TKO,2,347,111.0,2016-08-27,UFC on FOX: Maia vs. Condit,f8df4cb5f22656c0,middleweight,77d7295d1b22c694,Alessio Di Chirico,Decision - Split,3.0,900.0,False,True,False,False,0-120,30-34,1
492b202d2064e7a9,Fabricio Werdum,11,38.789869952087614,2,2016-05-14,UFC 198: Werdum vs Miocic,e27504d07ebbc441,heavyweight,d28dee5c705991df,Stipe Miocic,KO/TKO,1,167,119.0,2016-09-10,UFC 203: Miocic vs. Overeem,409bcfacb259999a,heavyweight,3236bf606fe9fa5b,Travis Browne,Decision - Unanimous,3.0,900.0,True,False,False,False,0-120,35+,2
76984112f697631f,Leslie Smith,5,33.74127310061601,1,2016-05-14,UFC 198: Werdum vs Miocic,ee9e4f8523a484a6,catch weight,634bb0de2eb043b4,Cristiane Justino,KO/TKO,1,81,217.0,2016-12-17,UFC on FOX: VanZant vs. Waterson,d77ace7aadb2383e,women's bantamweight,578ef12674df1e6a,Irene Aldana,Decision - Unanimous,3.0,900.0,True,False,False,False,181-270,30-34,1
a8e6a69796280f17,Nate Marquardt,21,37.06776180698152,5,2016-05-14,UFC 198: Werdum vs Miocic,e99f92b92e90b228,middleweight,dea070ed4a2a8281,Thiago Santos,KO/TKO,1,219,140.0,2016-10-01,UFC Fight Night: Lineker vs. Dodson,ba7250ef080d1603,middleweight,eff47295daf721a6,Tamdan McCrory,KO/TKO,2.0,584.0,True,False,True,False,121-180,35+,3+
e51e5cb722bd47a8,Patrick Cummins,8,35.49075975359343,4,2016-05-14,UFC 198: Werdum vs Miocic,375c2ecb6fe54cc6,light heavyweight,73e09f837f3b5ecc,Rogerio Nogueira,KO/TKO,1,292,329.0,2017-04-08,UFC 210: Cormier vs. Johnson 2,e7ad1c3a763c7cae,light heavyweight,99df7d0a2a08a8a8,Jan Blachowicz,Decision - Unanimous,3.0,900.0,True,False,False,False,271-365,35+,3+
0ee783aa00e468f0,Vitor Belfort,22,39.11841204654346,4,2016-05-14,UFC 198: Werdum vs Miocic,80c4f70b7f7a1945,middleweight,7a703c565ccaa18f,Jacare Souza,KO/TKO,1,278,147.0,2016-10-08,UFC 204: Bisping vs. Henderson,ebc7ec239faf7b0b,middleweight,232c582f29f8f65e,Gegard Mousasi,KO/TKO,2.0,463.0,False,True,True,True,121-180,35+,3+
8f2deefe8c5dfb5d,Alberto Uda,1,31.805612594113622,1,2016-05-29,UFC Fight Night: Almeida vs Garbrandt,09b8253a30360429,middleweight,92fa1401b7927da3,Jake Collier,KO/TKO,2,366,83.0,2016-08-20,UFC 202: Diaz vs. McGregor 2,41eb39f532e148d9,middleweight,7acbb0972e75281a,Marvin Vettori,Submission,1.0,270.0,False,True,False,False,0-120,30-34,1
e51ee8ded927fc51,Chris de la Rocha,2,37.040383299110196,2,2016-05-29,UFC Fight Night: Almeida vs Garbrandt,969970fbe24945d0,heavyweight,72ffecf712673af1,Adam Milstead,KO/TKO,2,541,741.0,2018-06-09,UFC 225: Whittaker vs. Romero 2,140e810f952714ea,heavyweight,d1528ac5675558b1,Rashad Coulter,KO/TKO,2.0,533.0,True,False,True,False,541+,35+,2
2b074403b7c6cdb4,Thomas Almeida,5,24.829568788501028,1,2016-05-29,UFC Fight Night: Almeida vs Garbrandt,8d9b460143ae19bc,bantamweight,d8c7c61b176e3994,Cody Garbrandt,KO/TKO,1,173,174.0,2016-11-19,UFC Fight Night: Bader vs. Nogueira,ac656cebef8cf0a4,bantamweight,544d7460b3e44393,Albert Morales,KO/TKO,2.0,397.0,True,False,True,False,121-180,<30,1
c47df9303d318c67,Clay Guida,23,34.48870636550308,2,2016-06-04,UFC 199: Rockhold vs. Bisping 2,db1be0ca226d3a2f,featherweight,def8166ff24bd237,Brian Ortega,KO/TKO,3,880,386.0,2017-06-25,UFC Fight Night: Chiesa vs. Lee,9a79a4b97a0f1e24,lightweight,99bd87a300079ed9,Erik Koch,Decision - Unanimous,3.0,900.0,True,False,False,False,366-540,30-34,2
98a6b2361045898f,Dong Hyun Ma,2,27.734428473648187,2,2016-06-04,UFC 199: Rockhold vs. Bisping 2,1cbb930fb77a3781,lightweight,edd02825c29028fe,Marco Polo Reyes,KO/TKO,3,712,182.0,2016-12-03,The Ultimate Fighter: Tournament of Champions Finale,c5d48ca7c22f857e,lightweight,494b0bfdbac74502,Brendan O'Reilly,Decision - Unanimous,3.0,900.0,True,False,False,False,181-270,<30,2
db1f2ed63b54b9a7,Hector Lombard,8,38.33538672142368,2,2016-06-04,UFC 199: Rockhold vs. Bisping 2,c33cc8b85b9a202c,middleweight,1ccf4e7caff270df,Dan Henderson,KO/TKO,2,387,260.0,2017-02-19,UFC Fight Night: Lewis vs. Browne,a5d24caed8afbeef,middleweight,0941df56f6ac954b,Johny Hendricks,Decision - Unanimous,3.0,900.0,False,True,False,False,181-270,35+,2
6256b2b1562cb8e1,James Vick,6,29.27857631759069,1,2016-06-04,UFC 199: Rockhold vs. Bisping 2,2c65d5d20cc893e4,lightweight,08af939f41b5a57b,Beneil Dariush,KO/TKO,1,256,245.0,2017-02-04,UFC Fight Night: Bermudez vs. The Korean Zombie,94cecf4bd29793e1,lightweight,e14b5aa06eea9653,Abel Trujillo,Submission,3.0,649.0,True,False,False,False,181-270,<30,1
c742287ed86a09bc,Jessica Penne,3,33.34428473648186,2,2016-06-04,UFC 199: Rockhold vs. Bisping 2,e06f96f3484ad74a,women's strawweight,6a1901c62ab3870f,Jessica Andrade,KO/TKO,2,476,322.0,2017-04-22,UFC Fight Night: Swanson vs. Lobov,c0c587cb52de929b,women's strawweight,b76c6268dc1d3c05,Danielle Taylor,Decision - Unanimous,3.0,900.0,False,True,False,False,271-365,30-34,2
cd01f0b768a32475,Jonathan Wilson,2,28.88432580424367,1,2016-06-04,UFC 199: Rockhold vs. Bisping 2,5e794b8ef52c88cb,light heavyweight,b0bd0c5425668b8f,Henrique da Silva,KO/TKO,2,551,119.0,2016-10-01,UFC Fight Night: Lineker vs. Dodson,1cca8ba792f1e1d9,light heavyweight,cd13728ae1151f46,Ion Cutelaba,Decision - Unanimous,3.0,900.0,False,True,False,False,0-120,<30,1
887961364be5ceb3,King Green,6,29.73579739904175,1,2016-06-04,UFC 199: Rockhold vs. Bisping 2,e86a77b69d50a834,lightweight,029eaff01e6bb8f0,Dustin Poirier,KO/TKO,1,173,315.0,2017-04-15,UFC on FOX: Johnson vs. Reis,f24c296256faeff2,lightweight,7ea1f74cef32f906,Rashid Magomedov,Decision - Split,3.0,900.0,False,True,False,False,271-365,<30,1
00e11b5c8b7bfeeb,Luke Rockhold,7,31.630390143737166,2,2016-06-04,UFC 199: Rockhold vs. Bisping 2,812ff38f0ed409ca,middleweight,2b93ebd9f5417ad2,Michael Bisping,KO/TKO,1,216,469.0,2017-09-16,UFC Fight Night: Rockhold vs. Branch,24438a644b975751,middleweight,d2c55d1d2e67773b,David Branch,KO/TKO,2.0,545.0,True,False,True,False,366-540,30-34,2
9fa3bd637edd9aa2,Patrick Cote,20,36.30116358658453,2,2016-06-18,UFC Fight Night: MacDonald vs Thompson,4b8c8ae61251ff83,welterweight,1d00756835ca67c9,Donald Cerrone,KO/TKO,3,755,294.0,2017-04-08,UFC 210: Cormier vs. Johnson 2,a68672f66e12a3c2,welterweight,31ee470ef5dc8d7f,Thiago Alves,Decision - Unanimous,3.0,900.0,False,True,False,False,271-365,35+,2
eff47295daf721a6,Tamdan McCrory,8,29.61806981519507,1,2016-06-18,UFC Fight Night: MacDonald vs Thompson,68a93f8eb34f3251,middleweight,4e06913c91da5200,Krzysztof Jotko,KO/TKO,1,59,105.0,2016-10-01,UFC Fight Night: Lineker vs. Dodson,ba7250ef080d1603,middleweight,a8e6a69796280f17,Nate Marquardt,KO/TKO,2.0,584.0,False,True,True,True,0-120,<30,1
46a2f24feb258ae0,Valerie Letourneau,5,33.138945927446954,1,2016-06-18,UFC Fight Night: MacDonald vs Thompson,fe6da751f2a4859a,women's flyweight,12f91bfa8f1f723b,Joanne Wood,KO/TKO,3,764,175.0,2016-12-10,UFC 206: Holloway vs. Pettis,ca9804845b010845,women's strawweight,d50382dc0565a9e1,Viviane Pereira,Decision - Split,3.0,900.0,False,True,False,False,121-180,30-34,1
f5990c11974d8e9c,Mike Pyle,17,40.80219028062971,5,2016-07-07,UFC Fight Night: Dos Anjos vs. Alvarez,d18b33bdd37f4683,welterweight,4b1d46a1b5c0fd11,Alberto Mina,KO/TKO,2,377,176.0,2016-12-30,UFC 207: Nunes vs. Rousey,31acf87e89a4a401,welterweight,a2b12c3f3d60ff69,Alex Garcia,KO/TKO,1.0,214.0,False,True,True,True,121-180,35+,3+
6a2f7c151031653d,Rafael Dos Anjos,20,31.696098562628336,2,2016-07-07,UFC Fight Night: Dos Anjos vs. Alvarez,bb9020ac324fb706,lightweight,33a331684283900f,Eddie Alvarez,KO/TKO,1,229,121.0,2016-11-05,UFC Fight Night: Dos Anjos vs. Ferguson,9220acccebf14a46,lightweight,22a92d7f62195791,Tony Ferguson,Decision - Unanimous,5.0,1500.0,False,True,False,False,121-180,30-34,2
66ab58d0b3783607,Andrew Holbrook,2,30.417522245037645,1,2016-07-08,The Ultimate Fighter: Team Joanna vs. Team Cl��udia Finale,6c4b3cca92fcb9c7,lightweight,ae7fe94f117f98cf,Joaquim Silva,KO/TKO,1,34,141.0,2016-11-26,UFC Fight Night: Whittaker vs. Brunson,0d33d43bee65d98f,lightweight,a845f0735bc67405,Jake Matthews,Decision - Split,3.0,900.0,True,False,False,False,121-180,30-34,1
a845f0735bc67405,Jake Matthews,6,21.88637919233402,1,2016-07-08,The Ultimate Fighter: Team Joanna vs. Team Cl��udia Finale,b319a24919106555,lightweight,ee9ebceabfd16fa7,Kevin Lee,KO/TKO,1,246,141.0,2016-11-26,UFC Fight Night: Whittaker vs. Brunson,0d33d43bee65d98f,lightweight,66ab58d0b3783607,Andrew Holbrook,Decision - Split,3.0,900.0,False,True,False,False,121-180,<30,1
82e7929bf6c2b689,Diego Sanchez,24,34.521560574948666,1,2016-07-09,UFC 200: Tate vs Nunes,9d7a798f0c20c04a,lightweight,3bad7ef643840f67,Joe Lauzon,KO/TKO,1,86,119.0,2016-11-05,UFC Fight Night: Dos Anjos vs. Ferguson,c5a8e0098d1024ce,lightweight,bf43fed8f29e1671,Marcin Held,Decision - Unanimous,3.0,900.0,True,False,False,False,0-120,30-34,1
3be081c29bf734d9,Takanori Gomi,11,37.79603011635866,3,2016-07-09,UFC 200: Tate vs Nunes,433e3fd8782b6e0e,lightweight,d1941565abf50b16,Jim Miller,KO/TKO,1,138,343.0,2017-06-17,UFC Fight Night: Holm vs. Correia,fc2585e234e49dee,lightweight,53ec9cb470e1a4ea,Jon Tuck,Submission,1.0,72.0,False,True,False,False,271-365,35+,3+
dea070ed4a2a8281,Thiago Santos,8,32.50376454483231,1,2016-07-09,UFC 200: Tate vs Nunes,7679c5ee3514e119,middleweight,232c582f29f8f65e,Gegard Mousasi,KO/TKO,1,272,77.0,2016-09-24,UFC Fight Night: Cyborg vs. Lansberg,66b8f3426f36fdf7,middleweight,b9664eae2ac75262,Eric Spicely,Submission,1.0,178.0,False,True,False,False,0-120,30-34,1
3236bf606fe9fa5b,Travis Browne,14,33.97946611909651,3,2016-07-09,UFC 200: Tate vs Nunes,1a66e67add5d55ef,heavyweight,0ff11cc094e887bc,Cain Velasquez,KO/TKO,1,297,63.0,2016-09-10,UFC 203: Miocic vs. Overeem,409bcfacb259999a,heavyweight,492b202d2064e7a9,Fabricio Werdum,Decision - Unanimous,3.0,900.0,False,True,False,False,0-120,30-34,3+
840d2c82ea68b9aa,Ben Nguyen,3,27.942505133470227,1,2016-07-13,UFC Fight Night: McDonald vs. Lineker,a2fe63d064567d14,flyweight,d2bc285ead803db0,Louis Smolka,KO/TKO,2,581,136.0,2016-11-26,UFC Fight Night: Whittaker vs. Brunson,291d91378a96d1e8,flyweight,c169545ab0825f44,Geane Herrera,Decision - Unanimous,3.0,900.0,True,False,False,False,121-180,<30,1
cc7040fe76f0ef91,Devin Clark,1,26.253251197809718,1,2016-07-13,UFC Fight Night: McDonald vs. Lineker,0864112e968630ea,middleweight,2b6d855c6e280fb1,Alex Nicholson,KO/TKO,1,297,143.0,2016-12-03,The Ultimate Fighter: Tournament of Champions Finale,fe132ef2ab8ae9d2,light heavyweight,30ea504870f8597b,Josh Stansbury,Decision - Unanimous,3.0,900.0,True,False,False,False,121-180,<30,1
d6285cba1d1052e0,Bojan Mihajlovic,1,36.31485284052019,1,2016-07-23,UFC on FOX: Holm vs. Shevchenko,9d2f46b677246e41,heavyweight,8d03ce87ca14e778,Francis Ngannou,KO/TKO,1,94,176.0,2017-01-15,UFC Fight Night: Rodriguez vs. Penn,ae803440d778a12b,light heavyweight,2d447cc91bdaa545,Joachim Christensen,KO/TKO,3.0,725.0,False,True,True,True,121-180,35+,1
9ba2226646046b63,Frankie Saenz,5,35.945242984257355,1,2016-07-23,UFC on FOX: Holm vs. Shevchenko,8167500af262bba5,bantamweight,fc9a9559a05f2704,Eddie Wineland,KO/TKO,3,714,176.0,2017-01-15,UFC Fight Night: Rodriguez vs. Penn,b60bbec8ec98941b,bantamweight,3d5b1ce6097dbb49,Augusto Mendes,Decision - Split,3.0,900.0,False,True,False,False,121-180,35+,1
3f11b5d4bd76a6d9,Damian Grabowski,2,36.21629021218344,2,2016-07-30,UFC 201: Lawler vs. Woodley,8495283a56311b4d,heavyweight,c727c7d31c50c4cf,Anthony Hamilton,KO/TKO,1,14,357.0,2017-07-22,UFC Fight Night: Weidman vs. Gastelum,4f07c6724682cd00,heavyweight,01b352b6a9074d5c,Chase Sherman,Decision - Unanimous,3.0,900.0,False,True,False,False,271-365,35+,2
06f36cf4bd97ec77,Ed Herman,19,35.82477754962355,3,2016-07-30,UFC 201: Lawler vs. Woodley,ae6fb7829db7ecc7,light heavyweight,1091d4d957141094,Nikita Krylov,KO/TKO,2,340,342.0,2017-07-07,The Ultimate Fighter: Redemption Finale,7f3bd3b913df61f4,light heavyweight,5d7bdab5e03e3216,CB Dollaway,Decision - Unanimous,3.0,900.0,False,True,False,False,271-365,35+,3+
31123249b0bbf52e,Matt Brown,22,35.55099247091034,1,2016-07-30,UFC 201: Lawler vs. Woodley,82d057278298846f,welterweight,d81ac739417d7f53,Jake Ellenberger,KO/TKO,1,106,133.0,2016-12-10,UFC 206: Holloway vs. Pettis,96404a3b32791c8d,welterweight,1d00756835ca67c9,Donald Cerrone,KO/TKO,3.0,634.0,False,True,True,True,121-180,35+,1
f2925e6db404bf1d,Robbie Lawler,17,34.362765229295,2,2016-07-30,UFC 201: Lawler vs. Woodley,c67e5fec8e1876f0,welterweight,effd9de9937996f8,Tyron Woodley,KO/TKO,1,132,364.0,2017-07-29,UFC 214: Cormier vs. Jones 2,b8c967c742d3c107,welterweight,1d00756835ca67c9,Donald Cerrone,Decision - Unanimous,3.0,900.0,True,False,False,False,271-365,30-34,2
459e4dc69ec669b2,Jason Novelli,1,37.163586584531146,1,2016-08-06,UFC Fight Night: Rodriguez vs. Caceres,cb76509b5c2f2a90,lightweight,2747c60e42d9d75f,David Teymur,KO/TKO,2,385,91.0,2016-11-05,UFC Fight Night: Dos Anjos vs. Ferguson,c1e039419a671b9e,lightweight,edd02825c29028fe,Marco Polo Reyes,Decision - Split,3.0,900.0,False,True,False,False,0-120,35+,1
202b0467521c9d6f,Viktor Pesta,4,26.06160164271047,2,2016-08-06,UFC Fight Night: Rodriguez vs. Caceres,3fe9e895b2a45049,heavyweight,c9cf753cfdf77fc2,Marcin Tybura,KO/TKO,2,353,162.0,2017-01-15,UFC Fight Night: Rodriguez vs. Penn,1a81573425c585fb,heavyweight,98c23cb6da5b3352,Aleksei Oleinik,Submission,1.0,177.0,False,True,False,False,121-180,<30,2
7ff97850e8c32bda,Glover Teixeira,11,36.813141683778234,1,2016-08-20,UFC 202: Diaz vs. McGregor 2,c0329bd8d3b302c6,light heavyweight,365fee2da473b177,Anthony Johnson,KO/TKO,1,13,175.0,2017-02-11,UFC 208: Holm vs. De Randamie,244357514dd89bd6,light heavyweight,13a0275fa13c4d26,Jared Cannonier,Decision - Unanimous,3.0,900.0,True,False,False,False,121-180,35+,1
203c957eac95dd87,Hyun Gyu Lim,6,31.592060232717316,2,2016-08-20,UFC 202: Diaz vs. McGregor 2,70f08a4771138817,welterweight,f2b6fdb20675b11c,Mike Perry,KO/TKO,1,218,398.0,2017-09-22,UFC Fight Night: Saint Preux vs. Okami,e0e4ce7595b5c26a,welterweight,5140122c3eecd307,Daichi Abe,Decision - Unanimous,3.0,900.0,False,True,False,False,366-540,30-34,2
b0d6a1d8ac3d563d,Max Griffin,1,30.72416153319644,1,2016-08-20,UFC 202: Diaz vs. McGregor 2,0294253e4a5b4725,welterweight,dc9572dd6ec74859,Colby Covington,KO/TKO,3,738,77.0,2016-11-05,UFC Fight Night: Dos Anjos vs. Ferguson,23c6a428df1569bc,welterweight,8163cd7de0342652,Erick Montano,KO/TKO,1.0,54.0,True,False,True,False,0-120,30-34,1
84b3e7d38f2d2ec5,Neil Magny,15,29.048596851471594,1,2016-08-20,UFC 202: Diaz vs. McGregor 2,ec067e9c9efd7aa1,welterweight,9450848a71d53776,Lorenz Larkin,KO/TKO,1,248,132.0,2016-12-30,UFC 207: Nunes vs. Rousey,abf0f8234f6be37e,welterweight,0941df56f6ac954b,Johny Hendricks,Decision - Unanimous,3.0,900.0,True,False,False,False,121-180,<30,1
71f048adbfed5b49,Sabah Homasi,1,27.835728952772072,1,2016-08-20,UFC 202: Diaz vs. McGregor 2,a69a6da9560ed62c,welterweight,4b47e71384a9522f,Tim Means,KO/TKO,2,476,469.0,2017-12-02,UFC 218: Holloway vs. Aldo 2,6aea6d3e6944999c,welterweight,eae431e70064e046,Abdul Razak Alhassan,KO/TKO,1.0,261.0,False,True,True,True,366-540,<30,1
48e093ea1f43a053,Takeya Mizugaki,13,32.67898699520876,2,2016-08-20,UFC 202: Diaz vs. McGregor 2,dbc72a4092a0b296,bantamweight,d8c7c61b176e3994,Cody Garbrandt,KO/TKO,1,48,119.0,2016-12-17,UFC on FOX: VanZant vs. Waterson,ca6d4239726931f9,bantamweight,fc9a9559a05f2704,Eddie Wineland,KO/TKO,1.0,184.0,False,True,True,True,0-120,30-34,2
907e60fd13407e1e,Bec Rawlings,4,27.540041067761805,1,2016-08-27,UFC on FOX: Maia vs. Condit,0bf8bb9b4ef329f9,women's strawweight,4d5197f331c47290,Paige VanZant,KO/TKO,2,317,161.0,2017-02-04,UFC Fight Night: Bermudez vs. The Korean Zombie,ebe38ba75cbf2320,women's strawweight,31ef8b67e13495b3,Tecia Pennington,Decision - Unanimous,3.0,900.0,False,True,False,False,121-180,<30,1
51e86de150ee8be6,Thibault Gouti,3,29.49760438056126,1,2016-08-27,UFC on FOX: Maia vs. Condit,00742aea8da72a35,lightweight,c03a5022f8439f2a,Chad Laprise,KO/TKO,1,96,371.0,2017-09-02,UFC Fight Night: Volkov vs. Struve,b7ab4cd6ce7a71dd,lightweight,66ab58d0b3783607,Andrew Holbrook,KO/TKO,1.0,268.0,True,False,True,False,366-540,<30,1
e9a3aeb207578eea,Ilir Latifi,8,34.10266940451746,2,2016-09-03,UFC Fight Night: Arlovski vs. Barnett,5237736e6b37c609,light heavyweight,c0ab242c40decc55,Ryan Bader,KO/TKO,2,426,371.0,2017-09-09,UFC 215: Nunes vs Shevchenko 2,6afaf0ca45431a11,light heavyweight,49e96ff8ab781589,Tyson Pedro,Decision - Unanimous,3.0,900.0,True,False,False,False,366-540,30-34,2
4798e823ada58fe9,Veronica Hardy,1,20.84599589322382,1,2016-09-03,UFC Fight Night: Arlovski vs. Barnett,bd887c173d3050bf,women's bantamweight,fc6e681bf6658faf,Ashlee Evans-Smith,KO/TKO,3,766,623.0,2018-05-19,UFC Fight Night: Maia vs. Usman,6222cdc86b12d251,women's flyweight,05fa626cb33d15b8,Andrea Lee,Decision - Unanimous,3.0,900.0,False,True,False,False,541+,<30,1
b4ad3a06ee4d660c,Alistair Overeem,10,36.31759069130732,4,2016-09-10,UFC 203: Miocic vs. Overeem,19df0d0cb1269fa7,heavyweight,d28dee5c705991df,Stipe Miocic,KO/TKO,1,267,175.0,2017-03-04,UFC 209: Woodley vs. Thompson 2,c79b862be039d9f0,heavyweight,eef9b891edbd4604,Mark Hunt,KO/TKO,3.0,704.0,True,False,True,False,121-180,35+,3+
e45cfa47f504033a,Jason Gonzalez,1,26.532511978097194,1,2016-09-10,UFC 203: Miocic vs. Overeem,5d5abb5dade718de,lightweight,519e4fe37ce9ff75,Drew Dober,KO/TKO,1,105,140.0,2017-01-28,UFC on FOX: Shevchenko vs. Pena,6eb382e2c51fc4f5,lightweight,3ec1e4ba98c9c85a,JC Cottrell,Submission,1.0,234.0,True,False,False,False,121-180,<30,1
443f60bec7c3c3d5,Michael McBride,1,30.507871321013006,1,2016-09-10,UFC 203: Miocic vs. Overeem,9b1386a28b81bcd5,lightweight,6fb1ba67bef41b37,Nik Lentz,KO/TKO,2,557,224.0,2017-04-22,UFC Fight Night: Swanson vs. Lobov,cf18911df2052826,lightweight,df1eb4354d18a906,Scott Holtzman,Decision - Unanimous,3.0,900.0,False,True,False,False,181-270,30-34,1
029eaff01e6bb8f0,Dustin Poirier,16,27.66050650239562,2,2016-09-17,UFC Fight Night: Poirier vs. Johnson,692241119228cc82,lightweight,511e82663651438d,Michael Johnson,KO/TKO,1,95,147.0,2017-02-11,UFC 208: Holm vs. De Randamie,8b8f9485214f9e48,lightweight,d1941565abf50b16,Jim Miller,Decision - Majority,3.0,900.0,True,False,False,False,121-180,<30,2
65578a75fa7900e3,Uriah Hall,10,32.13141683778234,1,2016-09-17,UFC Fight Night: Poirier vs. Johnson,f4cdc944e27c2cd2,middleweight,b1a3e0aca758b322,Derek Brunson,KO/TKO,1,101,63.0,2016-11-19,UFC Fight Night: Mousasi vs. Hall 2,b5268a0c2df32a24,middleweight,232c582f29f8f65e,Gegard Mousasi,KO/TKO,1.0,277.0,False,True,True,True,0-120,30-34,1
2eeaefbfc7f9fcff,Lina Lansberg,1,34.535249828884325,1,2016-09-24,UFC Fight Night: Cyborg vs. Lansberg,76c5f66afe6ab192,catch weight,634bb0de2eb043b4,Cristiane Justino,KO/TKO,2,449,175.0,2017-03-18,UFC Fight Night: Manuwa vs. Anderson,0bb419537705fb04,women's bantamweight,3cf66c62d9069f43,Lucie Pudilova,Decision - Unanimous,3.0,900.0,True,False,False,False,121-180,30-34,1
b6e6c3b1dcaae0a1,Will Brooks,2,29.982203969883642,1,2016-10-01,UFC Fight Night: Lineker vs. Dodson,3a8cc4cda195d758,lightweight,57b10fca4f9c9a7a,Alex Oliveira,KO/TKO,3,810,189.0,2017-04-08,UFC 210: Cormier vs. Johnson 2,56c7c59c9bb3b610,lightweight,07225ba28ae309b6,Charles Oliveira,Submission,1.0,150.0,False,True,False,False,181-270,<30,1
a6cba6bb66c1a8c9,Danny Roberts,3,29.23750855578371,1,2016-10-08,UFC 204: Bisping vs. Henderson,85bec51d0bdf511f,welterweight,f2b6fdb20675b11c,Mike Perry,KO/TKO,3,880,281.0,2017-07-16,UFC Fight Night: Nelson vs. Ponzinibbio,1ccde17f48fb709e,welterweight,7dfb56f24fe5ddea,Bobby Nash,KO/TKO,2.0,539.0,True,False,True,False,271-365,<30,1
50db8711c70196cd,Ovince Saint Preux,11,33.503080082135526,1,2016-10-08,UFC 204: Bisping vs. Henderson,451d7d8c2a6bacb3,light heavyweight,1e1dbd1cc5a7469e,Jimi Manuwa,KO/TKO,2,458,119.0,2017-02-04,UFC Fight Night: Bermudez vs. The Korean Zombie,36220644401d85e1,light heavyweight,0845c81e37d3bcb3,Volkan Oezdemir,Decision - Split,3.0,900.0,False,True,False,False,0-120,30-34,1
0ee783aa00e468f0,Vitor Belfort,23,39.520876112251884,5,2016-10-08,UFC 204: Bisping vs. Henderson,ebc7ec239faf7b0b,middleweight,232c582f29f8f65e,Gegard Mousasi,KO/TKO,2,463,154.0,2017-03-11,UFC Fight Night: Belfort vs. Gastelum,58450502a93454c8,middleweight,8c0580d4fff106c1,Kelvin Gastelum,Overturned,1.0,232.0,False,True,False,False,121-180,35+,3+
d747eb273a40a920,Claudio Puelles,1,20.542094455852155,1,2016-11-05,UFC Fight Night: Dos Anjos vs. Ferguson,43a941e005a2d463,ultimate fighter latin america 3 lightweight tournament,9c44f290f5726d95,Martin Bravo,KO/TKO,2,415,560.0,2018-05-19,UFC Fight Night: Maia vs. Usman,866b2c2e354aa27b,lightweight,1b38a2b897f6209c,Felipe Silva,Submission,3.0,743.0,True,False,False,False,541+,<30,1
01fcef7e3d051722,Henry Briones,3,36.03832991101985,1,2016-11-05,UFC Fight Night: Dos Anjos vs. Ferguson,29df50b2ea446361,bantamweight,3a314d9fa7c6825d,Douglas Silva de Andrade,KO/TKO,3,753,273.0,2017-08-05,UFC Fight Night: Pettis vs. Moreno,19348172178f42ed,bantamweight,94527830000ab715,Rani Yahya,Submission,1.0,121.0,False,True,False,False,271-365,35+,1
b1b0729d27936f2f,Belal Muhammad,3,28.344969199178646,1,2016-11-12,UFC 205: Alvarez vs McGregor,1.45E+14,welterweight,6d4b63c767106d3a,Vicente Luque,KO/TKO,1,79,91.0,2017-02-11,UFC 208: Holm vs. De Randamie,f680e6ebe3bdfe3e,welterweight,c6aee362c7a7d482,Randy Brown,Decision - Unanimous,3.0,900.0,True,False,False,False,0-120,<30,1
3a8176e15b9887c1,Chris Weidman,11,32.40520191649555,2,2016-11-12,UFC 205: Alvarez vs McGregor,f37d18b5c35145bf,middleweight,f77c68bb4be8516d,Yoel Romero,KO/TKO,3,624,147.0,2017-04-08,UFC 210: Cormier vs. Johnson 2,87a969d51de6e179,middleweight,232c582f29f8f65e,Gegard Mousasi,KO/TKO,2.0,493.0,False,True,True,True,121-180,30-34,2
33a331684283900f,Eddie Alvarez,5,32.837782340862425,1,2016-11-12,UFC 205: Alvarez vs McGregor,1d7015553debd1c8,lightweight,f4c49976c75c5ab2,Conor McGregor,KO/TKO,2,484,182.0,2017-05-13,UFC 211: Miocic vs. Dos Santos,6fe9729cee57c680,lightweight,029eaff01e6bb8f0,Dustin Poirier,Could Not Continue,2.0,542.0,False,True,False,False,181-270,30-34,1
0dba4df5f34d5ff0,Rafael Natal,16,33.883641341546884,3,2016-11-12,UFC 205: Alvarez vs McGregor,8172d8d996335d0a,middleweight,c80095f6092271a7,Tim Boetsch,KO/TKO,1,202,252.0,2017-07-22,UFC Fight Night: Weidman vs. Gastelum,7e2bc09d866b3bd7,middleweight,cad24459b28592ca,Eryk Anders,KO/TKO,1.0,174.0,False,True,True,True,181-270,30-34,3+
544d7460b3e44393,Albert Morales,2,25.489390828199863,1,2016-11-19,UFC Fight Night: Bader vs. Nogueira,ac656cebef8cf0a4,bantamweight,2b074403b7c6cdb4,Thomas Almeida,KO/TKO,2,397,105.0,2017-03-04,UFC 209: Woodley vs. Thompson 2,2d4743a82fc55642,bantamweight,d0e50a3d1b250708,Andre Soukhamthath,Decision - Split,3.0,900.0,True,False,False,False,0-120,<30,1
e81dd0bb8a64b550,Charlie Ward,1,35.9233401779603,1,2016-11-19,UFC Fight Night: Mousasi vs. Hall 2,bd6909a463a1de2b,welterweight,eae431e70064e046,Abdul Razak Alhassan,KO/TKO,1,53,239.0,2017-07-16,UFC Fight Night: Nelson vs. Ponzinibbio,7e7fba47f511f8ad,welterweight,8a56ea383fd26e52,Galore Bofando,KO/TKO,1.0,130.0,False,True,True,True,181-270,35+,1
73e09f837f3b5ecc,Rogerio Nogueira,10,40.46543463381246,2,2016-11-19,UFC Fight Night: Bader vs. Nogueira,106088694fa0c682,light heavyweight,c0ab242c40decc55,Ryan Bader,KO/TKO,3,831,672.0,2018-09-22,UFC Fight Night: Marreta vs. Anders,1669773acd404217,light heavyweight,d156513a19acf856,Sam Alvey,KO/TKO,2.0,360.0,True,False,True,False,541+,35+,2
65578a75fa7900e3,Uriah Hall,11,32.303901437371664,2,2016-11-19,UFC Fight Night: Mousasi vs. Hall 2,b5268a0c2df32a24,middleweight,232c582f29f8f65e,Gegard Mousasi,KO/TKO,1,277,301.0,2017-09-16,UFC Fight Night: Rockhold vs. Branch,7094c05bf73eee81,middleweight,4e06913c91da5200,Krzysztof Jotko,KO/TKO,2.0,445.0,True,False,True,False,271-365,30-34,2
b1a3e0aca758b322,Derek Brunson,9,32.8952772073922,2,2016-11-26,UFC Fight Night: Whittaker vs. Brunson,6d04fbef6b8e4551,middleweight,e1147d3d2dabe1ce,Robert Whittaker,KO/TKO,1,247,77.0,2017-02-11,UFC 208: Holm vs. De Randamie,d29750cee389a0b9,middleweight,1f454354805b6f75,Anderson Silva,Decision - Unanimous,3.0,900.0,False,True,False,False,0-120,30-34,2
d81ac739417d7f53,Jake Ellenberger,18,31.685147159479808,4,2016-12-03,The Ultimate Fighter: Tournament of Champions Finale,27ff7028ec8c2161,welterweight,47b9e0e7703a4868,Jorge Masvidal,KO/TKO,1,245,140.0,2017-04-22,UFC Fight Night: Swanson vs. Lobov,3905e5dc489811d6,welterweight,f2b6fdb20675b11c,Mike Perry,KO/TKO,2.0,365.0,False,True,True,True,121-180,30-34,3+
67c1d46f4ed16f9e,Matt Schnell,1,26.882956878850102,1,2016-12-03,The Ultimate Fighter: Tournament of Champions Finale,63b35df1276b3d64,bantamweight,05339613bf8e9808,Rob Font,KO/TKO,1,227,140.0,2017-04-22,UFC Fight Night: Swanson vs. Lobov,6ccfbe3a7c5aa55e,flyweight,449c890bd90f3374,Hector Sandoval,KO/TKO,1.0,264.0,False,True,True,True,121-180,<30,1
1999ffb5cebc314f,Brian Camozzi,1,25.462012320328544,1,2016-12-09,UFC Fight Night: Lewis vs. Abdurakhimov,02e3699be1d8daa2,welterweight,c6aee362c7a7d482,Randy Brown,KO/TKO,2,385,211.0,2017-07-08,UFC 213: Romero vs. Whittaker,19eed5d9781b47ac,welterweight,c03a5022f8439f2a,Chad Laprise,KO/TKO,3.0,687.0,False,True,True,True,181-270,<30,1
88d7b6d8230e1f3f,Saparbeg Safarov,1,30.154688569472963,1,2016-12-09,UFC Fight Night: Lewis vs. Abdurakhimov,25cd989ac5569629,light heavyweight,fcd448a2fe1a23cc,Gian Villante,KO/TKO,2,474,428.0,2018-02-10,UFC 221: Romero vs. Rockhold,b6e086dd8093355d,light heavyweight,49e96ff8ab781589,Tyson Pedro,Submission,1.0,234.0,False,True,False,False,366-540,30-34,1
2f5cbecbbe18bac4,Shamil Abdurakhimov,4,35.26899383983573,2,2016-12-09,UFC Fight Night: Lewis vs. Abdurakhimov,cb1e57b5f8c92922,heavyweight,d3df1add9d9a7efb,Derrick Lewis,KO/TKO,4,1122,351.0,2017-11-25,UFC Fight Night: Bisping vs. Gastelum,4d5c3ddc740b89ca,heavyweight,01b352b6a9074d5c,Chase Sherman,KO/TKO,1.0,84.0,True,False,True,False,271-365,35+,2
cbb682f5fcc44bfc,Anthony Pettis,11,29.869952087611225,1,2016-12-10,UFC 206: Holloway vs. Pettis,977a758d869f9e7a,interim featherweight,150ff4cc642270b9,Max Holloway,KO/TKO,3,890,210.0,2017-07-08,UFC 213: Romero vs. Whittaker,1f49b59e4058568f,lightweight,d1941565abf50b16,Jim Miller,Decision - Unanimous,3.0,900.0,True,False,False,False,181-270,<30,1
c21a036b4e012f1c,John Makdessi,13,31.60574948665298,2,2016-12-10,UFC 206: Holloway vs. Pettis,071d488ec8ccf254,lightweight,f9b200db02b488d9,Lando Vannata,KO/TKO,1,100,371.0,2017-12-16,UFC Fight Night: Lawler vs. Dos Anjos,9a1a57b0abcd4599,lightweight,e14b5aa06eea9653,Abel Trujillo,Decision - Unanimous,3.0,900.0,True,False,False,False,366-540,30-34,2
31123249b0bbf52e,Matt Brown,23,35.9151266255989,2,2016-12-10,UFC 206: Holloway vs. Pettis,96404a3b32791c8d,welterweight,1d00756835ca67c9,Donald Cerrone,KO/TKO,3,634,336.0,2017-11-11,UFC Fight Night: Poirier vs. Pettis,b6b5ec324449befd,welterweight,82e7929bf6c2b689,Diego Sanchez,KO/TKO,1.0,224.0,True,False,True,False,271-365,35+,2
f5990c11974d8e9c,Mike Pyle,18,41.28405201916495,6,2016-12-30,UFC 207: Nunes vs. Rousey,31acf87e89a4a401,welterweight,a2b12c3f3d60ff69,Alex Garcia,KO/TKO,1,214,428.0,2018-03-03,UFC 222: Cyborg vs. Kunitskaya,c6c975ca66a7f91a,welterweight,47cd337b86b1af92,Zak Ottow,KO/TKO,1.0,154.0,False,True,True,True,366-540,35+,3+
73c7cfa551289285,BJ Penn,24,38.091718001368925,4,2017-01-15,UFC Fight Night: Rodriguez vs. Penn,5742025a09190829,featherweight,cbf5e6f231b55443,Yair Rodriguez,KO/TKO,2,324,161.0,2017-06-25,UFC Fight Night: Chiesa vs. Lee,3a4d2a933a3c7291,featherweight,5f87a5c00b3d17ed,Dennis Siver,Decision - Majority,3.0,900.0,False,True,False,False,121-180,35+,3+
d6285cba1d1052e0,Bojan Mihajlovic,2,36.79671457905544,2,2017-01-15,UFC Fight Night: Rodriguez vs. Penn,ae803440d778a12b,light heavyweight,2d447cc91bdaa545,Joachim Christensen,KO/TKO,3,725,230.0,2017-09-02,UFC Fight Night: Volkov vs. Struve,af5f287198f20eb4,light heavyweight,37e03538c960bac6,Abdul-Kerim Edilov,KO/TKO,2.0,452.0,False,True,True,True,181-270,35+,2
01b352b6a9074d5c,Chase Sherman,2,27.16495550992471,1,2017-01-15,UFC Fight Night: Rodriguez vs. Penn,3f7684492c9df05e,heavyweight,03f982ca3735070c,Walt Harris,KO/TKO,2,461,118.0,2017-05-13,UFC 211: Miocic vs. Dos Santos,f26657d5018ee428,heavyweight,d1528ac5675558b1,Rashad Coulter,KO/TKO,2.0,516.0,True,False,True,False,0-120,<30,1
75afb06215a07341,Dmitrii Smoliakov,2,34.4476386036961,1,2017-01-15,UFC Fight Night: Rodriguez vs. Penn,c1356395d6b055d7,heavyweight,9be6020024133293,Cyril Asker,KO/TKO,1,161,832.0,2019-04-27,UFC Fight Night: Jacare vs. Hermansson,c68e57c19c82d500,heavyweight,85073dbd1be65ed9,Greg Hardy,KO/TKO,1.0,135.0,False,True,True,True,541+,30-34,1
3738e68d2261e60f,Andrei Arlovski,22,37.98220396988364,6,2017-01-28,UFC on FOX: Shevchenko vs. Pena,a45596cda51a1816,heavyweight,8d03ce87ca14e778,Francis Ngannou,KO/TKO,1,92,140.0,2017-06-17,UFC Fight Night: Holm vs. Correia,205ad947e8c94901,heavyweight,c9cf753cfdf77fc2,Marcin Tybura,Decision - Unanimous,3.0,900.0,False,True,False,False,121-180,35+,3+
7dfb56f24fe5ddea,Bobby Nash,1,26.844626967830255,1,2017-01-28,UFC on FOX: Shevchenko vs. Pena,c5865afc31cb6c59,welterweight,e64b96c07d7ce999,Li Jingliang,KO/TKO,2,585,169.0,2017-07-16,UFC Fight Night: Nelson vs. Ponzinibbio,1ccde17f48fb709e,welterweight,a6cba6bb66c1a8c9,Danny Roberts,KO/TKO,2.0,539.0,False,True,True,True,121-180,<30,1
1d00756835ca67c9,Donald Cerrone,24,33.83709787816564,3,2017-01-28,UFC on FOX: Shevchenko vs. Pena,b91756d955e14d2e,welterweight,47b9e0e7703a4868,Jorge Masvidal,KO/TKO,2,360,182.0,2017-07-29,UFC 214: Cormier vs. Jones 2,b8c967c742d3c107,welterweight,f2925e6db404bf1d,Robbie Lawler,Decision - Unanimous,3.0,900.0,False,True,False,False,181-270,30-34,3+
917a5cb9821df261,Jeremy Kimball,1,26.069815195071868,1,2017-01-28,UFC on FOX: Shevchenko vs. Pena,99373dc33dfbf6e0,light heavyweight,ab943cd2c3c17825,Marcos Rogerio de Lima,KO/TKO,1,147,148.0,2017-06-25,UFC Fight Night: Chiesa vs. Lee,aebdb007f8d1348a,light heavyweight,30ea504870f8597b,Josh Stansbury,KO/TKO,1.0,81.0,True,False,True,False,121-180,<30,1
c727c7d31c50c4cf,Anthony Hamilton,8,36.8104038329911,2,2017-02-04,UFC Fight Night: Bermudez vs. The Korean Zombie,49e344834626c144,heavyweight,d761b3766e38c5db,Marcel Fortuna,KO/TKO,1,190,224.0,2017-09-16,UFC Fight Night: Rockhold vs. Branch,7864fc46de247f58,heavyweight,f86cb5f25d545e0e,Daniel Spitz,KO/TKO,1.0,24.0,False,True,True,True,181-270,35+,2
6f242453c91a5af0,Dennis Bermudez,13,30.146475017111566,2,2017-02-04,UFC Fight Night: Bermudez vs. The Korean Zombie,8c220d4c96895a98,featherweight,c451d67c09c55418,Chan Sung Jung,KO/TKO,1,149,168.0,2017-07-22,UFC Fight Night: Weidman vs. Gastelum,8028d5de087755dc,featherweight,92a9aa9c93192871,Darren Elkins,Decision - Split,3.0,900.0,False,True,False,False,121-180,30-34,2
045f25b3a4c08e81,Jack Marshman,2,27.170431211498972,1,2017-02-19,UFC Fight Night: Lewis vs. Browne,e59aabdfba9d6c45,middleweight,dea070ed4a2a8281,Thiago Santos,KO/TKO,2,441,147.0,2017-07-16,UFC Fight Night: Nelson vs. Ponzinibbio,86892d114b204bf3,middleweight,b59037262c8fe060,Ryan Janes,Decision - Unanimous,3.0,900.0,True,False,False,False,121-180,<30,1
3236bf606fe9fa5b,Travis Browne,16,34.59548254620123,4,2017-02-19,UFC Fight Night: Lewis vs. Browne,ab14dbff9d2ae41a,heavyweight,d3df1add9d9a7efb,Derrick Lewis,KO/TKO,2,492,139.0,2017-07-08,UFC 213: Romero vs. Whittaker,00b801e7e1679f2f,heavyweight,98c23cb6da5b3352,Aleksei Oleinik,Submission,2.0,524.0,False,True,False,False,121-180,30-34,3+
e5bda12faabfc850,Luis Henrique,4,23.534565366187543,2,2017-03-04,UFC 209: Woodley vs. Thompson 2,42ad1437a1280294,heavyweight,c9cf753cfdf77fc2,Marcin Tybura,KO/TKO,3,826,189.0,2017-09-09,UFC 215: Nunes vs Shevchenko 2,7020840980f723b9,heavyweight,7e511f8d842a109d,Arjan Bhullar,Decision - Unanimous,3.0,900.0,False,True,False,False,181-270,<30,2
eef9b891edbd4604,Mark Hunt,14,42.94866529774127,4,2017-03-04,UFC 209: Woodley vs. Thompson 2,c79b862be039d9f0,heavyweight,b4ad3a06ee4d660c,Alistair Overeem,KO/TKO,3,704,98.0,2017-06-10,UFC Fight Night: Lewis vs. Hunt,cd96998e837b0da1,heavyweight,d3df1add9d9a7efb,Derrick Lewis,KO/TKO,4.0,1131.0,True,False,True,False,0-120,35+,3+
cbd3e590a85b18c5,Mirsad Bektic,5,26.04517453798768,1,2017-03-04,UFC 209: Woodley vs. Thompson 2,3b536afcc9098925,featherweight,92a9aa9c93192871,Darren Elkins,KO/TKO,3,799,329.0,2018-01-27,UFC Fight Night: Jacare vs. Brunson 2,b8648b32caf36c5a,featherweight,fa37628269132d1a,Godofredo Pepey,KO/TKO,1.0,167.0,True,False,True,False,271-365,<30,1
eabf206b162b3b83,Paul Craig,2,29.267624914442163,1,2017-03-04,UFC 209: Woodley vs. Thompson 2,6db4d7827082d5b9,light heavyweight,49e96ff8ab781589,Tyson Pedro,KO/TKO,1,250,134.0,2017-07-16,UFC Fight Night: Nelson vs. Ponzinibbio,0f8b2f7299b5e114,light heavyweight,749f572d1d3161fb,Khalil Rountree Jr.,KO/TKO,1.0,296.0,False,True,True,True,121-180,<30,1
08af939f41b5a57b,Beneil Dariush,11,27.8466803559206,2,2017-03-11,UFC Fight Night: Belfort vs. Gastelum,b47e4f0982938e5b,lightweight,64a50dad704d1d49,Edson Barboza,KO/TKO,2,515,210.0,2017-10-07,UFC 216: Ferguson vs. Lee,2fed4f1d91767eb1,lightweight,e5c9de15bb58b1c6,Evan Dunham,Decision - Majority,3.0,900.0,False,True,False,False,181-270,<30,2
fcd448a2fe1a23cc,Gian Villante,10,31.561943874058862,2,2017-03-11,UFC Fight Night: Belfort vs. Gastelum,34524408fb4d6752,light heavyweight,140745cbbcb023ac,Mauricio Rua,KO/TKO,3,659,133.0,2017-07-22,UFC Fight Night: Weidman vs. Gastelum,76d6789779d3721c,light heavyweight,e51e5cb722bd47a8,Patrick Cummins,Decision - Split,3.0,900.0,False,True,False,False,121-180,30-34,2
5e4eec08896c9423,Corey Anderson,9,27.485284052019164,2,2017-03-18,UFC Fight Night: Manuwa vs. Anderson,00be3852000f8fe9,light heavyweight,1e1dbd1cc5a7469e,Jimi Manuwa,KO/TKO,1,185,231.0,2017-11-04,UFC 217: Bisping vs. St-Pierre,5cab50839f4a0d94,light heavyweight,50db8711c70196cd,Ovince Saint Preux,KO/TKO,3.0,685.0,False,True,True,True,181-270,<30,2
8f4eeaf7a0df7c1a,Teemu Packalen,3,29.82340862422998,1,2017-03-18,UFC Fight Night: Manuwa vs. Anderson,eee7f546c126ee8b,lightweight,32c355b04fc57f3a,Marc Diakiese,KO/TKO,1,30,903.0,2019-09-07,UFC 242: Khabib vs. Poirier,2c7b788effdc1b4c,lightweight,ee18ff42063174df,Ottman Azaitar,KO/TKO,1.0,213.0,False,True,True,True,541+,<30,1
66ab58d0b3783607,Andrew Holbrook,4,31.16769336071184,2,2017-04-08,UFC 210: Cormier vs. Johnson 2,8b4eeaa048361ba3,lightweight,84ff027394f7e470,Gregor Gillespie,KO/TKO,1,21,147.0,2017-09-02,UFC Fight Night: Volkov vs. Struve,b7ab4cd6ce7a71dd,lightweight,51e86de150ee8be6,Thibault Gouti,KO/TKO,1.0,268.0,False,True,True,True,121-180,30-34,2
40093d1d2d78394e,Charles Rosa,5,30.622861054072555,1,2017-04-08,UFC 210: Cormier vs. Johnson 2,ddb015ac5c067aa9,featherweight,98d961097baaf308,Shane Burgos,KO/TKO,3,719,923.0,2019-10-18,UFC Fight Night: Reyes vs. Weidman,076c98ac0561521f,featherweight,2dc1bc1a02961656,Manny Bermudez,Submission,1.0,166.0,True,False,False,False,541+,30-34,1
3a8176e15b9887c1,Chris Weidman,12,32.80766598220397,3,2017-04-08,UFC 210: Cormier vs. Johnson 2,87a969d51de6e179,middleweight,232c582f29f8f65e,Gegard Mousasi,KO/TKO,2,493,105.0,2017-07-22,UFC Fight Night: Weidman vs. Gastelum,5be97c1fa222093d,middleweight,8c0580d4fff106c1,Kelvin Gastelum,Submission,3.0,825.0,True,False,False,False,0-120,30-34,3+
fccf811c1e8b01c7,Andrew Sanchez,3,29.018480492813143,1,2017-04-15,UFC on FOX: Johnson vs. Reis,0673d8ab0add7a05,middleweight,d4c9dcd330403612,Anthony Smith,KO/TKO,3,832,230.0,2017-12-01,The Ultimate Fighter: A New World Champion Finale,b40bed83fc062380,middleweight,b59037262c8fe060,Ryan Janes,KO/TKO,3.0,658.0,False,True,True,True,181-270,<30,1
7a703c565ccaa18f,Jacare Souza,9,37.35523613963039,1,2017-04-15,UFC on FOX: Johnson vs. Reis,0459297e86a14981,middleweight,e1147d3d2dabe1ce,Robert Whittaker,KO/TKO,2,508,287.0,2018-01-27,UFC Fight Night: Jacare vs. Brunson 2,3a94bf34e62ae5fd,middleweight,b1a3e0aca758b322,Derek Brunson,KO/TKO,1.0,230.0,True,False,True,False,271-365,35+,1
39330403ad27c2bb,Patrick Williams,3,35.60301163586585,2,2017-04-15,UFC on FOX: Johnson vs. Reis,20be16a1db95156c,bantamweight,e979c76341f19b22,Tom Duquesnoy,KO/TKO,2,328,364.0,2018-04-14,UFC Fight Night: Poirier vs. Gaethje,4210f9b11debf1fc,bantamweight,96428b9e9bd048ea,Luke Sanders,Decision - Unanimous,3.0,900.0,False,True,False,False,271-365,35+,2
82e7929bf6c2b689,Diego Sanchez,26,35.30732375085558,2,2017-04-22,UFC Fight Night: Swanson vs. Lobov,2310fbcb6fdf3b47,lightweight,59279a7c978f7da0,Al Iaquinta,KO/TKO,1,98,203.0,2017-11-11,UFC Fight Night: Poirier vs. Pettis,b6b5ec324449befd,welterweight,31123249b0bbf52e,Matt Brown,KO/TKO,1.0,224.0,False,True,True,True,181-270,35+,2
d81ac739417d7f53,Jake Ellenberger,19,32.068446269678304,5,2017-04-22,UFC Fight Night: Swanson vs. Lobov,3905e5dc489811d6,welterweight,f2b6fdb20675b11c,Mike Perry,KO/TKO,2,365,405.0,2018-06-01,UFC Fight Night: Rivera vs. Moraes,b7c7707ccea492c7,welterweight,484acc7b0f856ce9,Ben Saunders,KO/TKO,1.0,116.0,False,True,True,True,366-540,30-34,3+
67c1d46f4ed16f9e,Matt Schnell,2,27.266255989048595,2,2017-04-22,UFC Fight Night: Swanson vs. Lobov,6ccfbe3a7c5aa55e,flyweight,449c890bd90f3374,Hector Sandoval,KO/TKO,1,264,168.0,2017-10-07,UFC 216: Ferguson vs. Lee,d97970009fbfca30,flyweight,ec71a892fada28c7,Marco Beltran,Decision - Unanimous,3.0,900.0,True,False,False,False,121-180,<30,2
4bd6b4800070b069,Chas Skelly,9,32.00547570157426,1,2017-05-13,UFC 211: Miocic vs. Dos Santos,9882c1dac77c0367,featherweight,bb1a2cdad6ff34db,Jason Knight,KO/TKO,3,639,546.0,2018-11-10,UFC Fight Night: Korean Zombie vs. Rodriguez,04d37c1c206c0efd,featherweight,d76ad9a08c4408ff,Bobby Moffett,Overturned,2.0,463.0,False,True,False,False,541+,30-34,1
63def5a5662a6917,Junior Dos Santos,16,33.28405201916495,3,2017-05-13,UFC 211: Miocic vs. Dos Santos,16a0352f3e19b931,heavyweight,d28dee5c705991df,Stipe Miocic,KO/TKO,1,142,427.0,2018-07-14,UFC Fight Night: Dos Santos vs. Ivanov,35ebaf80f8730b14,heavyweight,1788eee370f077b7,Blagoy Ivanov,Decision - Unanimous,5.0,1500.0,True,False,False,False,366-540,30-34,3+
edd02825c29028fe,Marco Polo Reyes,4,32.511978097193705,1,2017-05-13,UFC 211: Miocic vs. Dos Santos,567cefcaba821205,lightweight,6256b2b1562cb8e1,James Vick,KO/TKO,1,159,246.0,2018-01-14,UFC Fight Night: Stephens vs. Choi,4843f369dc8b5de5,lightweight,dccb63727f2f5f74,Matt Frevola,KO/TKO,1.0,60.0,True,False,True,False,181-270,30-34,1
d1528ac5675558b1,Rashad Coulter,1,35.45790554414784,1,2017-05-13,UFC 211: Miocic vs. Dos Santos,f26657d5018ee428,heavyweight,01b352b6a9074d5c,Chase Sherman,KO/TKO,2,516,189.0,2017-11-18,UFC Fight Night: Werdum vs. Tybura,6971094300073d47,heavyweight,c62fbc117d57b943,Tai Tuivasa,KO/TKO,1.0,275.0,False,True,True,True,181-270,35+,1
484acc7b0f856ce9,Ben Saunders,13,34.12457221081451,3,2017-05-28,UFC Fight Night: Gustafsson vs. Teixeira,8cdc9c13d75adb28,welterweight,1fcfc3709fe58151,Peter Sobotta,KO/TKO,2,449,272.0,2018-02-24,UFC Fight Night: Emmett vs. Stephens,093ebd3375591101,welterweight,cf65d56b0755ed3b,Alan Jouban,KO/TKO,2.0,458.0,False,True,True,True,271-365,30-34,3+
7ff97850e8c32bda,Glover Teixeira,13,37.582477754962355,2,2017-05-28,UFC Fight Night: Gustafsson vs. Teixeira,923d5041c3b6d763,light heavyweight,3c6976f8182d9527,Alexander Gustafsson,KO/TKO,5,1267,202.0,2017-12-16,UFC Fight Night: Lawler vs. Dos Anjos,e83046dd074ec0fa,light heavyweight,67f272324a030d00,Misha Cirkunov,KO/TKO,1.0,165.0,True,False,True,False,181-270,35+,2
bf43fed8f29e1671,Marcin Held,3,25.357973990417523,1,2017-05-28,UFC Fight Night: Gustafsson vs. Teixeira,b166f1582946fbbc,lightweight,38c626ca912c7bac,Damir Hadzovic,KO/TKO,3,607,146.0,2017-10-21,UFC Fight Night: Cerrone vs. Till,61070325bb440f58,lightweight,b7b84ccd221be298,Nasrat Haqparast,Decision - Unanimous,3.0,900.0,True,False,False,False,121-180,<30,1
67f272324a030d00,Misha Cirkunov,5,30.247775496235455,1,2017-05-28,UFC Fight Night: Gustafsson vs. Teixeira,79be3a6d483ad64a,light heavyweight,0845c81e37d3bcb3,Volkan Oezdemir,KO/TKO,1,28,202.0,2017-12-16,UFC Fight Night: Lawler vs. Dos Anjos,e83046dd074ec0fa,light heavyweight,7ff97850e8c32bda,Glover Teixeira,KO/TKO,1.0,165.0,False,True,True,True,181-270,30-34,1
5866fc86183a9fb8,Erick Silva,14,32.95003422313484,4,2017-06-03,UFC 212: Aldo vs. Holloway,6c9fdcb95393a49c,welterweight,813550bc53b15fb0,Yancy Medeiros,KO/TKO,2,421,196.0,2017-12-16,UFC Fight Night: Lawler vs. Dos Anjos,a6fbd8964400dd89,welterweight,2aa49b3766a59bcd,Jordan Mein,Decision - Unanimous,3.0,900.0,False,True,False,False,181-270,30-34,3+
528c24b99fbaab79,Johnny Eduardo,6,38.83367556468173,1,2017-06-03,UFC 212: Aldo vs. Holloway,36f0c6d7126e09ee,bantamweight,2fc7e9701642ca38,Matthew Lopez,KO/TKO,1,177,363.0,2018-06-01,UFC Fight Night: Rivera vs. Moraes,4b155647201d549e,bantamweight,329e403448756217,Nathaniel Wood,Submission,2.0,438.0,False,True,False,False,271-365,35+,1
d0f3959b4a9747e6,Jose Aldo,10,30.732375085557837,2,2017-06-03,UFC 212: Aldo vs. Holloway,9ed0c3acc436eb56,featherweight,150ff4cc642270b9,Max Holloway,KO/TKO,3,853,182.0,2017-12-02,UFC 218: Holloway vs. Aldo 2,21f7fc538ea646e8,featherweight,150ff4cc642270b9,Max Holloway,KO/TKO,3.0,891.0,False,True,True,True,181-270,30-34,2
ec71a892fada28c7,Marco Beltran,5,31.044490075290895,1,2017-06-03,UFC 212: Aldo vs. Holloway,6486579eee778b4d,flyweight,aa72b0f831d0bfe5,Deiveson Figueiredo,KO/TKO,2,600,126.0,2017-10-07,UFC 216: Ferguson vs. Lee,d97970009fbfca30,flyweight,67c1d46f4ed16f9e,Matt Schnell,Decision - Unanimous,3.0,900.0,False,True,False,False,121-180,30-34,1
04b39f4e8eb59d7c,Oluwale Bamgbose,4,29.831622176591377,2,2017-06-03,UFC 212: Aldo vs. Holloway,6b581bb1bc9289ef,middleweight,2e5c2aa8e4ab9d82,Paulo Costa,KO/TKO,2,366,196.0,2017-12-16,UFC Fight Night: Lawler vs. Dos Anjos,1e3c67921162561d,middleweight,77d7295d1b22c694,Alessio Di Chirico,KO/TKO,2.0,434.0,False,True,True,True,181-270,<30,2
d024ed963e8bf7ea,Damien Brown,4,32.45722108145106,1,2017-06-10,UFC Fight Night: Lewis vs. Hunt,165d3a571fcc5e3c,lightweight,c77a953488e5607d,Vinc Pichel,KO/TKO,1,217,161.0,2017-11-18,UFC Fight Night: Werdum vs. Tybura,823797bc6d532b52,lightweight,764342d39cdaa54a,Frank Camacho,Decision - Split,3.0,900.0,False,True,False,False,121-180,30-34,1
bdcbb976816fd256,Daniel Kelly,8,39.60848733744011,2,2017-06-10,UFC Fight Night: Lewis vs. Hunt,ad772f626b5dd31d,middleweight,b1a3e0aca758b322,Derek Brunson,KO/TKO,1,76,161.0,2017-11-18,UFC Fight Night: Werdum vs. Tybura,569e2c02f7699c0d,middleweight,34f88592c0ab7a54,Elias Theodorou,Decision - Unanimous,3.0,900.0,False,True,False,False,121-180,35+,2
d3df1add9d9a7efb,Derrick Lewis,12,32.336755646817245,3,2017-06-10,UFC Fight Night: Lewis vs. Hunt,cd96998e837b0da1,heavyweight,eef9b891edbd4604,Mark Hunt,KO/TKO,4,1131,253.0,2018-02-18,UFC Fight Night: Cerrone vs. Medeiros,f73dfeb48b09e6a6,heavyweight,c9cf753cfdf77fc2,Marcin Tybura,KO/TKO,3.0,768.0,True,False,True,False,181-270,30-34,3+
b0bd0c5425668b8f,Henrique da Silva,5,27.772758384668034,1,2017-06-10,UFC Fight Night: Lewis vs. Hunt,4507354cd97f10e5,light heavyweight,cd13728ae1151f46,Ion Cutelaba,KO/TKO,1,22,104.0,2017-09-22,UFC Fight Night: Saint Preux vs. Okami,690ab86bdd94149b,light heavyweight,4690d47bf725fd98,Gokhan Saki,KO/TKO,1.0,285.0,False,True,True,True,0-120,<30,1
4f732e58ed907eff,Ross Pearson,23,32.70362765229295,3,2017-06-10,UFC Fight Night: Lewis vs. Hunt,dc7ba55ca764cfbe,lightweight,193b9d1858bc4df3,Dan Hooker,KO/TKO,2,482,245.0,2018-02-10,UFC 221: Romero vs. Rockhold,e8f2902be7b350ad,lightweight,35faad160d346839,Mizuto Hirota,Decision - Unanimous,3.0,900.0,True,False,False,False,181-270,30-34,3+
673ea7dcc786b1b3,Bethe Correia,8,33.987679671457904,2,2017-06-17,UFC Fight Night: Holm vs. Correia,0096879f5708526b,women's bantamweight,634e2fb70bde3fd5,Holly Holm,KO/TKO,3,669,693.0,2019-05-11,UFC 237: Namajunas vs. Andrade,8cf4836e2b43c241,women's bantamweight,578ef12674df1e6a,Irene Aldana,Submission,3.0,804.0,False,True,False,False,541+,30-34,2
9be6020024133293,Cyril Asker,3,31.479808350444902,2,2017-06-17,UFC Fight Night: Holm vs. Correia,9072bf6135cad3e0,heavyweight,03f982ca3735070c,Walt Harris,KO/TKO,1,104,161.0,2017-11-25,UFC Fight Night: Bisping vs. Gastelum,34c39a5a5917e0ec,heavyweight,f1175ea3aafbf351,Hu Yaozong,Submission,2.0,453.0,True,False,False,False,121-180,30-34,2
0941df56f6ac954b,Johny Hendricks,20,33.78507871321013,2,2017-06-25,UFC Fight Night: Chiesa vs. Lee,0ad57af26ddc7930,middleweight,c80095f6092271a7,Tim Boetsch,KO/TKO,2,346,132.0,2017-11-04,UFC 217: Bisping vs. St-Pierre,0a46cb2887890502,middleweight,2e5c2aa8e4ab9d82,Paulo Costa,KO/TKO,2.0,383.0,False,True,True,True,121-180,30-34,2
5e84a859c6a82288,Michel Quinones,1,32.506502395619435,1,2017-06-25,UFC Fight Night: Chiesa vs. Lee,1e75ee0da189857b,featherweight,7026eca45f65377b,Jared Gordon,KO/TKO,2,564,139.0,2017-11-11,UFC Fight Night: Poirier vs. Pettis,60de5efe5b439c8b,lightweight,ed9d8ee3a4239b1c,Sage Northcutt,Decision - Unanimous,3.0,900.0,False,True,False,False,121-180,30-34,1
511e82663651438d,Michael Johnson,17,31.091033538672143,1,2017-07-07,The Ultimate Fighter: Redemption Finale,0d5356c506111a57,lightweight,9e8f6c728eb01124,Justin Gaethje,KO/TKO,2,588,191.0,2018-01-14,UFC Fight Night: Stephens vs. Choi,d85c76a61a820be9,featherweight,92a9aa9c93192871,Darren Elkins,Submission,2.0,442.0,False,True,False,False,181-270,30-34,1
1999ffb5cebc314f,Brian Camozzi,2,26.039698836413415,2,2017-07-08,UFC 213: Romero vs. Whittaker,19eed5d9781b47ac,welterweight,c03a5022f8439f2a,Chad Laprise,KO/TKO,3,687,225.0,2018-02-18,UFC Fight Night: Cerrone vs. Medeiros,4335683beee93652,welterweight,b997be68943010fc,Geoff Neal,Submission,1.0,168.0,False,True,False,False,181-270,<30,2
6ac9bc2953c47345,Gerald Meerschaert,3,29.555099247091032,1,2017-07-08,UFC 213: Romero vs. Whittaker,323fb015ca2444e3,middleweight,dea070ed4a2a8281,Thiago Santos,KO/TKO,2,424,146.0,2017-12-01,The Ultimate Fighter: A New World Champion Finale,52db9c816eb99800,middleweight,b9664eae2ac75262,Eric Spicely,KO/TKO,2.0,438.0,True,False,True,False,121-180,<30,1
984d15d5dc7bfcf9,James Bochnovic,1,28.396988364134156,1,2017-07-08,UFC 213: Romero vs. Whittaker,e1100fc357e61fba,light heavyweight,b27a1fcb56a3035a,Trevin Giles,KO/TKO,2,474,308.0,2018-05-12,UFC 224: Nunes vs. Pennington,5f1a828f8d4c3b01,middleweight,2ac4628c08ec5125,Markus Perez,Submission,1.0,268.0,False,True,False,False,271-365,<30,1
3df5493bb279226f,Amanda Lemos,1,30.151950718685832,1,2017-07-16,UFC Fight Night: Nelson vs. Ponzinibbio,d49d2c810583a56a,women's bantamweight,76984112f697631f,Leslie Smith,KO/TKO,2,473,888.0,2019-12-21,UFC Fight Night: Edgar vs. The Korean Zombie,60e1b3ac3182f5b3,women's strawweight,7559395ad833c074,Miranda Granger,Submission,1.0,223.0,True,False,False,False,541+,30-34,1
7dfb56f24fe5ddea,Bobby Nash,2,27.307323750855577,2,2017-07-16,UFC Fight Night: Nelson vs. Ponzinibbio,1ccde17f48fb709e,welterweight,a6cba6bb66c1a8c9,Danny Roberts,KO/TKO,2,539,132.0,2017-11-25,UFC Fight Night: Bisping vs. Gastelum,43ae6a9daa51ed93,welterweight,32490e80ddab1e5a,Song Kenan,KO/TKO,1.0,15.0,False,True,True,True,121-180,<30,2
fd55393021a8c255,Gunnar Nelson,10,28.966461327857633,1,2017-07-16,UFC Fight Night: Nelson vs. Ponzinibbio,8417a20d56fe6776,welterweight,6d1bffff14897645,Santiago Ponzinibbio,KO/TKO,1,82,510.0,2018-12-08,UFC 231: Holloway vs. Ortega,3a42dd84680f444b,welterweight,57b10fca4f9c9a7a,Alex Oliveira,Submission,2.0,557.0,True,False,False,False,366-540,<30,1
eabf206b162b3b83,Paul Craig,3,29.634496919917865,2,2017-07-16,UFC Fight Night: Nelson vs. Ponzinibbio,0f8b2f7299b5e114,light heavyweight,749f572d1d3161fb,Khalil Rountree Jr.,KO/TKO,1,296,244.0,2018-03-17,UFC Fight Night: Werdum vs. Volkov,714d6fc1eaca9624,light heavyweight,d802174b0c0c1f4e,Magomed Ankalaev,Submission,3.0,899.0,True,False,False,False,181-270,<30,2
31a13532e724ca2b,Stevie Ray,7,27.310061601642712,1,2017-07-16,UFC Fight Night: Nelson vs. Ponzinibbio,c62a90c19af6a0e2,lightweight,e5010b1b94ca5755,Paul Felder,KO/TKO,1,237,244.0,2018-03-17,UFC Fight Night: Werdum vs. Volkov,fe9ee00fa47dd7b3,lightweight,633a45d131192ffe,Kajan Johnson,Decision - Split,3.0,900.0,False,True,False,False,181-270,<30,1
4c7781da8c6cae93,Ryan LaFlare,8,33.80698151950719,1,2017-07-22,UFC Fight Night: Weidman vs. Gastelum,d0e5487f55c57ad2,welterweight,57b10fca4f9c9a7a,Alex Oliveira,KO/TKO,2,410,273.0,2018-04-21,UFC Fight Night: Barboza vs. Lee,ef86720364837f68,welterweight,a2b12c3f3d60ff69,Alex Garcia,Decision - Unanimous,3.0,900.0,True,False,False,False,271-365,30-34,1
cc900af167fbedfd,Timothy Johnson,6,32.3586584531143,1,2017-07-22,UFC Fight Night: Weidman vs. Gastelum,d83ae4a2e117b775,heavyweight,c482c8605455a213,Junior Albini,KO/TKO,1,171,196.0,2018-02-03,UFC Fight Night: Machida vs. Anders,0da43c3ec0e11650,heavyweight,ac29d508d78384c9,Marcelo Golm,Decision - Unanimous,3.0,900.0,True,False,False,False,181-270,30-34,1
bb1a2cdad6ff34db,Jason Knight,6,25.0403832991102,1,2017-07-29,UFC 214: Cormier vs. Jones 2,dffad417175400ba,featherweight,3974fa35c917af1d,Ricardo Lamas,KO/TKO,1,274,133.0,2017-12-09,UFC Fight Night: Swanson vs. Ortega,0a444f30cae13d8f,featherweight,436f970c9ea9169c,Gabriel Benitez,Decision - Unanimous,3.0,900.0,False,True,False,False,121-180,<30,1
1e1dbd1cc5a7469e,Jimi Manuwa,9,37.44284736481862,3,2017-07-29,UFC 214: Cormier vs. Jones 2,49694c2d00c581ed,light heavyweight,0845c81e37d3bcb3,Volkan Oezdemir,KO/TKO,1,42,231.0,2018-03-17,UFC Fight Night: Werdum vs. Volkov,5f19b0135414b454,light heavyweight,99df7d0a2a08a8a8,Jan Blachowicz,Decision - Unanimous,3.0,900.0,False,True,False,False,181-270,35+,3+
6da99156486ed6c2,Joshua Burkman,18,37.30047912388775,2,2017-07-29,UFC 214: Cormier vs. Jones 2,3636e085c098dbda,lightweight,519e4fe37ce9ff75,Drew Dober,KO/TKO,1,184,204.0,2018-02-18,UFC Fight Night: Cerrone vs. Medeiros,5edd1cd479f3919e,welterweight,cdb96af67d096b1e,Alex Morono,Submission,1.0,132.0,False,True,False,False,181-270,35+,2
b12a1d19ee383b7c,Tonya Evinger,1,36.15058179329227,1,2017-07-29,UFC 214: Cormier vs. Jones 2,79817ab0129c5598,women's featherweight,634bb0de2eb043b4,Cristiane Justino,KO/TKO,3,716,434.0,2018-10-06,UFC 229: Khabib vs. McGregor,e2e524bb5392a3ea,women's bantamweight,d4691518d012b9e7,Aspen Ladd,KO/TKO,1.0,206.0,False,True,True,True,366-540,35+,1
cf65d56b0755ed3b,Alan Jouban,10,35.6933607118412,2,2017-08-05,UFC Fight Night: Pettis vs. Moreno,cd54325a9a538837,welterweight,d8da10db80131bec,Niko Price,KO/TKO,1,104,203.0,2018-02-24,UFC Fight Night: Emmett vs. Stephens,093ebd3375591101,welterweight,484acc7b0f856ce9,Ben Saunders,KO/TKO,2.0,458.0,True,False,True,False,181-270,35+,2
34e552520a934063,Brad Scott,7,28.11498973305955,1,2017-08-05,UFC Fight Night: Pettis vs. Moreno,a3e4322f55454897,middleweight,0a1942069c9ad6b6,Jack Hermansson,KO/TKO,1,230,295.0,2018-05-27,UFC Fight Night: Thompson vs. Till,3e9ddcd30fdc5d85,welterweight,198994b47f395af0,Carlo Pedersoli Jr.,Decision - Split,3.0,900.0,False,True,False,False,271-365,<30,1
9c44f290f5726d95,Martin Bravo,2,23.871321013004792,1,2017-08-05,UFC Fight Night: Pettis vs. Moreno,2f9b9ef5f6833aa1,featherweight,2c2caf2f2bab9df5,Humberto Bandenay,KO/TKO,1,26,335.0,2018-07-06,The Ultimate Fighter: Undefeated Finale,674f3fa16e717ff1,featherweight,7aa3d6964eff4877,Alex Caceres,Decision - Split,3.0,900.0,False,True,False,False,271-365,<30,1
1b38a2b897f6209c,Felipe Silva,2,33.319644079397676,1,2017-09-02,UFC Fight Night: Volkov vs. Struve,b3bf1b6ad2d1a533,lightweight,8f5c8850b2484173,Mairbek Taisumov,KO/TKO,1,84,259.0,2018-05-19,UFC Fight Night: Maia vs. Usman,866b2c2e354aa27b,lightweight,d747eb273a40a920,Claudio Puelles,Submission,3.0,743.0,False,True,False,False,181-270,30-34,1
826475cc758e60e6,Rob Wilkinson,1,25.527720739219713,1,2017-09-02,UFC Fight Night: Volkov vs. Struve,75a978e0ecce2536,middleweight,aec185309b4843d0,Siyar Bahadurzada,KO/TKO,2,490,161.0,2018-02-10,UFC 221: Romero vs. Rockhold,1cd5d5e271b646a3,middleweight,1338e2c7480bdf9e,Israel Adesanya,KO/TKO,2.0,517.0,False,True,True,True,121-180,<30,1
ebc1f40e00e0c481,Stefan Struve,19,29.53867214236824,6,2017-09-02,UFC Fight Night: Volkov vs. Struve,cfc550960a7ec353,heavyweight,279566840aa55bf2,Alexander Volkov,KO/TKO,3,810,182.0,2018-03-03,UFC 222: Cyborg vs. Kunitskaya,bfb7d17161aec938,heavyweight,3738e68d2261e60f,Andrei Arlovski,Decision - Unanimous,3.0,900.0,False,True,False,False,181-270,<30,3+
5b2325cd70dbe2ea,Talita Bernardo,1,30.49965776865161,1,2017-09-02,UFC Fight Night: Volkov vs. Struve,0ac25b4180406ca1,women's bantamweight,c7d297714d9ab1a4,Marion Reneau,KO/TKO,3,894,134.0,2018-01-14,UFC Fight Night: Stephens vs. Choi,738e0ccad2c9224b,women's bantamweight,578ef12674df1e6a,Irene Aldana,Decision - Unanimous,3.0,900.0,False,True,False,False,121-180,30-34,1
5aedf14771ca82d2,Wilson Reis,10,32.6735112936345,1,2017-09-09,UFC 215: Nunes vs Shevchenko 2,fdde8777c7ae9769,flyweight,056c493bbd76a918,Henry Cejudo,KO/TKO,2,325,217.0,2018-04-14,UFC Fight Night: Poirier vs. Gaethje,15aee8ad5d9e9d58,flyweight,92437c6775b3f7d1,John Moraga,Decision - Unanimous,3.0,900.0,False,True,False,False,181-270,30-34,1
dc07493a87dc0a6e,Alex Reyes,1,30.95687885010267,1,2017-09-16,UFC Fight Night: Rockhold vs. Branch,3dd22a9a0ea68cc6,welterweight,f2b6fdb20675b11c,Mike Perry,KO/TKO,1,79,2191.0,2023-09-16,UFC Fight Night: Grasso vs. Shevchenko 2,58b2fdad7af9be02,lightweight,b39f7a6c2be17ee8,Charlie Campbell,KO/TKO,1.0,218.0,False,True,True,True,541+,30-34,1
c727c7d31c50c4cf,Anthony Hamilton,9,37.42368240930869,3,2017-09-16,UFC Fight Night: Rockhold vs. Branch,7864fc46de247f58,heavyweight,f86cb5f25d545e0e,Daniel Spitz,KO/TKO,1,24,63.0,2017-11-18,UFC Fight Night: Werdum vs. Tybura,51ec53f442d2cc9b,heavyweight,efa1f6b42c86793c,Adam Wieczorek,Decision - Unanimous,3.0,900.0,False,True,False,False,0-120,35+,3+
d2c55d1d2e67773b,David Branch,6,35.97262149212868,2,2017-09-16,UFC Fight Night: Rockhold vs. Branch,24438a644b975751,middleweight,00e11b5c8b7bfeeb,Luke Rockhold,KO/TKO,2,545,217.0,2018-04-21,UFC Fight Night: Barboza vs. Lee,62aab95c866a9c5b,middleweight,dea070ed4a2a8281,Thiago Santos,KO/TKO,1.0,150.0,True,False,True,False,181-270,35+,2
db1f2ed63b54b9a7,Hector Lombard,10,39.619438740588635,3,2017-09-16,UFC Fight Night: Rockhold vs. Branch,ff4cef86bef2d0aa,middleweight,d4c9dcd330403612,Anthony Smith,KO/TKO,3,753,168.0,2018-03-03,UFC 222: Cyborg vs. Kunitskaya,6c2f05c47f494e15,middleweight,5d7bdab5e03e3216,CB Dollaway,DQ,1.0,300.0,False,True,False,False,121-180,35+,3+
4e06913c91da5200,Krzysztof Jotko,9,28.076659822039698,1,2017-09-16,UFC Fight Night: Rockhold vs. Branch,7094c05bf73eee81,middleweight,65578a75fa7900e3,Uriah Hall,KO/TKO,2,445,210.0,2018-04-14,UFC Fight Night: Poirier vs. Gaethje,01c9acf719298187,middleweight,0c6d9ea8306c029e,Brad Tavares,KO/TKO,3.0,736.0,False,True,True,True,181-270,<30,1
1bcaac2d99b90fce,Sergio Moraes,9,35.15126625598905,1,2017-09-16,UFC Fight Night: Rockhold vs. Branch,4c1fd940e1619e68,welterweight,f1b2aa7853d1ed6e,Kamaru Usman,KO/TKO,1,168,140.0,2018-02-03,UFC Fight Night: Machida vs. Anders,eb0f7127f22457e9,welterweight,4b47e71384a9522f,Tim Means,Decision - Split,3.0,900.0,True,False,False,False,121-180,35+,1
87f19d19f4cb73f8,Bibulatov Magomed,2,29.125256673511295,1,2017-10-07,UFC 216: Ferguson vs. Lee,3f5f6c576046bf77,flyweight,92437c6775b3f7d1,John Moraga,KO/TKO,1,98,483.0,2019-02-02,UFC Fight Night: Assuncao vs. Moraes 2,8f8a6c578308d014,flyweight,07a2bdaa0afdd831,Rogerio Bontorin,Decision - Split,3.0,900.0,False,True,False,False,366-540,<30,1
42a7e90605df3c8a,Damian Stasiak,5,27.665982203969882,1,2017-10-21,UFC Fight Night: Cerrone vs. Till,4dcd6ff5e32a3779,bantamweight,7be14eaed4c74856,Brian Kelleher,KO/TKO,3,819,274.0,2018-07-22,UFC Fight Night: Shogun vs. Smith,43af04881587abbc,bantamweight,31bbd39c0a075d4e,Pingyuan Liu,Decision - Unanimous,3.0,900.0,False,True,False,False,271-365,<30,1
1d00756835ca67c9,Donald Cerrone,26,34.56536618754278,4,2017-10-21,UFC Fight Night: Cerrone vs. Till,aa7b1fca60a21f3a,welterweight,9ce6d5a03af801b7,Darren Till,KO/TKO,1,260,120.0,2018-02-18,UFC Fight Night: Cerrone vs. Medeiros,8f7a73d05387b159,welterweight,813550bc53b15fb0,Yancy Medeiros,KO/TKO,1.0,298.0,True,False,True,False,0-120,30-34,3+
2eeaefbfc7f9fcff,Lina Lansberg,3,35.60848733744011,2,2017-10-21,UFC Fight Night: Cerrone vs. Till,f3f252b9810cff0d,women's bantamweight,d4691518d012b9e7,Aspen Ladd,KO/TKO,2,453,218.0,2018-05-27,UFC Fight Night: Thompson vs. Till,b3096e8dd4e90718,women's bantamweight,016a8d958883167c,Gina Mazany,Decision - Unanimous,3.0,900.0,True,False,False,False,181-270,35+,2
0a1942069c9ad6b6,Jack Hermansson,5,29.38261464750171,1,2017-10-28,UFC Fight Night: Brunson vs. Machida,23ea24013d15c09c,middleweight,dea070ed4a2a8281,Thiago Santos,KO/TKO,1,299,196.0,2018-05-12,UFC 224: Nunes vs. Pennington,014f7dc96c90c199,middleweight,cfb65863d5099327,Thales Leites,KO/TKO,3.0,730.0,True,False,True,False,181-270,<30,1
f7a7f7118d4b01b6,Lyoto Machida,22,39.41409993155373,3,2017-10-28,UFC Fight Night: Brunson vs. Machida,405c0b8d3960016d,middleweight,b1a3e0aca758b322,Derek Brunson,KO/TKO,1,150,98.0,2018-02-03,UFC Fight Night: Machida vs. Anders,420dd305cd1d062f,middleweight,cad24459b28592ca,Eryk Anders,Decision - Split,5.0,1500.0,True,False,False,False,0-120,35+,3+
24656ef4d605c96f,Aiemann Zahabi,2,29.960301163586585,1,2017-11-04,UFC 217: Bisping vs. St-Pierre,56d8cc470841f454,bantamweight,1ae8f3c723aacff4,Ricardo Ramos,KO/TKO,3,718,546.0,2019-05-04,UFC Fight Night: Iaquinta vs. Cowboy,c936527df280b8b4,bantamweight,37098a6e6c27fb66,Vince Morales,Decision - Unanimous,3.0,900.0,False,True,False,False,541+,<30,1
d8c7c61b176e3994,Cody Garbrandt,7,26.32991101984942,1,2017-11-04,UFC 217: Bisping vs. St-Pierre,b3a304eadb9f7fb4,bantamweight,c849740a3ff51931,TJ Dillashaw,KO/TKO,2,461,273.0,2018-08-04,UFC 227: Dillashaw vs. Garbrandt 2,de32c5a78aaf89e9,bantamweight,c849740a3ff51931,TJ Dillashaw,KO/TKO,1.0,250.0,False,True,True,True,271-365,<30,1
5e4eec08896c9423,Corey Anderson,10,28.11772758384668,3,2017-11-04,UFC 217: Bisping vs. St-Pierre,5cab50839f4a0d94,light heavyweight,50db8711c70196cd,Ovince Saint Preux,KO/TKO,3,685,168.0,2018-04-21,UFC Fight Night: Barboza vs. Lee,a22add1024153ddb,light heavyweight,e51e5cb722bd47a8,Patrick Cummins,Decision - Unanimous,3.0,900.0,True,False,False,False,121-180,<30,3+
3d6749c4267da18f,Joanna Jedrzejczyk,9,30.21492128678987,1,2017-11-04,UFC 217: Bisping vs. St-Pierre,fc29884851f9cebb,women's strawweight,47b63240018d5d86,Rose Namajunas,KO/TKO,1,183,154.0,2018-04-07,UFC 223: Khabib vs. Iaquinta,829b3ee4145a1ae6,women's strawweight,47b63240018d5d86,Rose Namajunas,Decision - Unanimous,5.0,1500.0,False,True,False,False,121-180,30-34,1
654ae722109a0d31,Joe Duffy,6,29.711156741957563,1,2017-11-04,UFC 217: Bisping vs. St-Pierre,13635ba71963ad0c,lightweight,6256b2b1562cb8e1,James Vick,KO/TKO,2,599,497.0,2019-03-16,UFC Fight Night: Till vs. Masvidal,44ab00737c3fb890,lightweight,32c355b04fc57f3a,Marc Diakiese,Decision - Unanimous,3.0,900.0,False,True,False,False,366-540,<30,1
cbb682f5fcc44bfc,Anthony Pettis,13,30.78986995208761,2,2017-11-11,UFC Fight Night: Poirier vs. Pettis,b55605791a4d72b9,lightweight,029eaff01e6bb8f0,Dustin Poirier,KO/TKO,3,728,238.0,2018-07-07,UFC 226: Miocic vs. Cormier,d3f26e0fbf694375,lightweight,c58f51dedb310998,Michael Chiesa,Submission,2.0,352.0,True,False,False,False,181-270,30-34,2
82e7929bf6c2b689,Diego Sanchez,27,35.8631074606434,3,2017-11-11,UFC Fight Night: Poirier vs. Pettis,b6b5ec324449befd,welterweight,31123249b0bbf52e,Matt Brown,KO/TKO,1,224,301.0,2018-09-08,UFC 228: Woodley vs. Till,294a9e9780afa789,welterweight,3dd949593346dbc3,Craig White,Decision - Unanimous,3.0,900.0,True,False,False,False,271-365,35+,3+
3bad7ef643840f67,Joe Lauzon,25,33.47296372347707,4,2017-11-11,UFC Fight Night: Poirier vs. Pettis,935f559ab0521c27,lightweight,c47df9303d318c67,Clay Guida,KO/TKO,1,67,147.0,2018-04-07,UFC 223: Khabib vs. Iaquinta,bab65d16fa74fc5b,lightweight,feaf00f3373435d6,Chris Gruetzemacher,KO/TKO,2.0,600.0,False,True,True,True,121-180,30-34,3+
2fc7e9701642ca38,Matthew Lopez,4,30.806297056810404,1,2017-11-11,UFC Fight Night: Poirier vs. Pettis,151c597d2e609a4e,bantamweight,2f13e4020cea5b38,Raphael Assuncao,KO/TKO,3,710,154.0,2018-04-14,UFC Fight Night: Poirier vs. Gaethje,bd1e01de1f24962b,bantamweight,80daefbed11ce998,Alejandro Perez,KO/TKO,2.0,522.0,False,True,True,True,121-180,30-34,1
d1528ac5675558b1,Rashad Coulter,2,35.97535934291581,2,2017-11-18,UFC Fight Night: Werdum vs. Tybura,6971094300073d47,heavyweight,c62fbc117d57b943,Tai Tuivasa,KO/TKO,1,275,203.0,2018-06-09,UFC 225: Whittaker vs. Romero 2,140e810f952714ea,heavyweight,e51ee8ded927fc51,Chris de la Rocha,KO/TKO,2.0,533.0,False,True,True,True,181-270,35+,2
01b352b6a9074d5c,Chase Sherman,5,28.024640657084188,2,2017-11-25,UFC Fight Night: Bisping vs. Gastelum,4d5c3ddc740b89ca,heavyweight,2f5cbecbbe18bac4,Shamil Abdurakhimov,KO/TKO,1,84,147.0,2018-04-21,UFC Fight Night: Barboza vs. Lee,bef2a2e68fb4dfa8,heavyweight,ce1e867808ef5fce,Justin Willis,Decision - Unanimous,3.0,900.0,False,True,False,False,121-180,<30,2
47cd337b86b1af92,Zak Ottow,4,30.926762491444215,1,2017-11-25,UFC Fight Night: Bisping vs. Gastelum,52bae6f01ea9f926,welterweight,e64b96c07d7ce999,Li Jingliang,KO/TKO,1,177,98.0,2018-03-03,UFC 222: Cyborg vs. Kunitskaya,c6c975ca66a7f91a,welterweight,f5990c11974d8e9c,Mike Pyle,KO/TKO,1.0,154.0,True,False,True,False,0-120,30-34,1
fccf811c1e8b01c7,Andrew Sanchez,4,29.648186173853524,2,2017-12-01,The Ultimate Fighter: A New World Champion Finale,b40bed83fc062380,middleweight,b59037262c8fe060,Ryan Janes,KO/TKO,3,658,267.0,2018-08-25,UFC Fight Night: Gaethje vs. Vick,5e3779f7c1c39679,middleweight,2ac4628c08ec5125,Markus Perez,Decision - Unanimous,3.0,900.0,True,False,False,False,181-270,<30,2
b9664eae2ac75262,Eric Spicely,5,31.173169062286107,1,2017-12-01,The Ultimate Fighter: A New World Champion Finale,52db9c816eb99800,middleweight,6ac9bc2953c47345,Gerald Meerschaert,KO/TKO,2,438,177.0,2018-05-27,UFC Fight Night: Thompson vs. Till,20b5de395c0f1375,middleweight,a17ad5a5048e8c3f,Darren Stewart,KO/TKO,2.0,407.0,False,True,True,True,121-180,30-34,1
57b10fca4f9c9a7a,Alex Oliveira,11,29.779603011635867,1,2017-12-02,UFC 218: Holloway vs. Aldo 2,54c5284c1b792912,welterweight,813550bc53b15fb0,Yancy Medeiros,KO/TKO,3,722,133.0,2018-04-14,UFC Fight Night: Poirier vs. Gaethje,e18a8b333529cc09,welterweight,f9f07bb5a43535ed,Carlos Condit,Submission,2.0,497.0,True,False,False,False,121-180,<30,1
b4ad3a06ee4d660c,Alistair Overeem,13,37.544147843942504,5,2017-12-02,UFC 218: Holloway vs. Aldo 2,4712708adb1507aa,heavyweight,8d03ce87ca14e778,Francis Ngannou,KO/TKO,1,102,189.0,2018-06-09,UFC 225: Whittaker vs. Romero 2,7fd0f7b3866b2c75,heavyweight,fa6796c55d6c5440,Curtis Blaydes,KO/TKO,3.0,776.0,False,True,True,True,181-270,35+,3+
a9d6e047ce48ab63,Allen Crowder,1,28.06570841889117,1,2017-12-02,UFC 218: Holloway vs. Aldo 2,40d9b5b47acf260b,heavyweight,ce1e867808ef5fce,Justin Willis,KO/TKO,1,153,413.0,2019-01-19,UFC Fight Night: Cejudo vs. Dillashaw,8da2c348ba6001a0,heavyweight,85073dbd1be65ed9,Greg Hardy,DQ,2.0,448.0,True,False,False,False,366-540,<30,1
07225ba28ae309b6,Charles Oliveira,19,28.125941136208077,4,2017-12-02,UFC 218: Holloway vs. Aldo 2,c83487136636e9bf,lightweight,e5010b1b94ca5755,Paul Felder,KO/TKO,2,546,189.0,2018-06-09,UFC 225: Whittaker vs. Romero 2,e82d734674ce4d46,lightweight,c47df9303d318c67,Clay Guida,Submission,1.0,138.0,True,False,False,False,181-270,<30,3+
d0f3959b4a9747e6,Jose Aldo,11,31.23066392881588,3,2017-12-02,UFC 218: Holloway vs. Aldo 2,21f7fc538ea646e8,featherweight,150ff4cc642270b9,Max Holloway,KO/TKO,3,891,238.0,2018-07-28,UFC Fight Night: Alvarez vs. Poirier 2,6b47093b62155478,featherweight,18968f97ad34f15c,Jeremy Stephens,KO/TKO,1.0,259.0,True,False,True,False,181-270,30-34,3+
9e8f6c728eb01124,Justin Gaethje,2,29.048596851471594,1,2017-12-02,UFC 218: Holloway vs. Aldo 2,23e5acd1549b538a,lightweight,33a331684283900f,Eddie Alvarez,KO/TKO,3,839,133.0,2018-04-14,UFC Fight Night: Poirier vs. Gaethje,bfae2fb50efbdb0f,lightweight,029eaff01e6bb8f0,Dustin Poirier,KO/TKO,4.0,933.0,False,True,True,True,121-180,<30,1
71f048adbfed5b49,Sabah Homasi,2,29.11978097193703,2,2017-12-02,UFC 218: Holloway vs. Aldo 2,6aea6d3e6944999c,welterweight,eae431e70064e046,Abdul Razak Alhassan,KO/TKO,1,261,49.0,2018-01-20,UFC 220: Miocic vs. Ngannou,f91709b071e8295a,welterweight,eae431e70064e046,Abdul Razak Alhassan,KO/TKO,1.0,227.0,False,True,True,True,0-120,<30,2
cb696ebfb6598724,Aljamain Sterling,9,28.358658453114305,1,2017-12-09,UFC Fight Night: Swanson vs. Ortega,1aaa1a9ceecd6063,bantamweight,fea79f9bc8c68769,Marlon Moraes,KO/TKO,1,67,133.0,2018-04-21,UFC Fight Night: Barboza vs. Lee,6dd0874dec826397,bantamweight,ec52462a1b41f714,Brett Johns,Decision - Unanimous,3.0,900.0,True,False,False,False,121-180,<30,1
96428b9e9bd048ea,Luke Sanders,3,31.991786447638603,1,2017-12-09,UFC Fight Night: Swanson vs. Ortega,fbce8f52689bce87,bantamweight,d0e50a3d1b250708,Andre Soukhamthath,KO/TKO,2,366,126.0,2018-04-14,UFC Fight Night: Poirier vs. Gaethje,4210f9b11debf1fc,bantamweight,39330403ad27c2bb,Patrick Williams,Decision - Unanimous,3.0,900.0,True,False,False,False,121-180,30-34,1
a6cba6bb66c1a8c9,Danny Roberts,5,30.425735797399042,2,2017-12-16,UFC Fight Night: Lawler vs. Dos Anjos,71dc4379c738450f,welterweight,49858bf46dabf6fb,Nordine Taleb,KO/TKO,1,59,91.0,2018-03-17,UFC Fight Night: Werdum vs. Volkov,288c942b0ad152a6,welterweight,330bafba312face4,Oliver Enkamp,KO/TKO,1.0,132.0,True,False,True,False,0-120,30-34,2
67f272324a030d00,Misha Cirkunov,6,30.80082135523614,2,2017-12-16,UFC Fight Night: Lawler vs. Dos Anjos,e83046dd074ec0fa,light heavyweight,7ff97850e8c32bda,Glover Teixeira,KO/TKO,1,165,315.0,2018-10-27,UFC Fight Night: Oezdemir vs. Smith,a9a770bac1261af9,light heavyweight,e51e5cb722bd47a8,Patrick Cummins,Submission,1.0,160.0,True,False,False,False,271-365,30-34,2
3974fa35c917af1d,Ricardo Lamas,13,35.572895277207394,2,2017-12-16,UFC Fight Night: Lawler vs. Dos Anjos,6f350d91fb07a819,featherweight,fba03cd6cc28dc41,Josh Emmett,KO/TKO,1,273,175.0,2018-06-09,UFC 225: Whittaker vs. Romero 2,32990cbf8976d94b,featherweight,cbd3e590a85b18c5,Mirsad Bektic,Decision - Split,3.0,900.0,False,True,False,False,121-180,35+,2
e93b04e308913c2e,Dooho Choi,5,26.765229295003422,1,2018-01-14,UFC Fight Night: Stephens vs. Choi,51e684bfce8d94aa,featherweight,18968f97ad34f15c,Jeremy Stephens,KO/TKO,2,456,706.0,2019-12-21,UFC Fight Night: Edgar vs. The Korean Zombie,997ab1ea9fab5643,featherweight,f1d64ae34e088832,Charles Jourdain,KO/TKO,2.0,572.0,False,True,True,True,541+,<30,1
dccb63727f2f5f74,Matt Frevola,1,27.59479808350445,1,2018-01-14,UFC Fight Night: Stephens vs. Choi,4843f369dc8b5de5,lightweight,edd02825c29028fe,Marco Polo Reyes,KO/TKO,1,60,293.0,2018-11-03,UFC 230: Cormier vs. Lewis,df9aa51f6ccdfe02,lightweight,f9b200db02b488d9,Lando Vannata,Decision - Majority,3.0,900.0,False,True,False,False,271-365,<30,1
75e5fec9f72910ef,Gleison Tibau,27,34.288843258042434,3,2018-01-20,UFC 220: Miocic vs. Ngannou,b9726184624ac076,lightweight,275aca31f61ba28c,Islam Makhachev,KO/TKO,1,57,132.0,2018-06-01,UFC Fight Night: Rivera vs. Moraes,19fc916df1f0e6ff,lightweight,f046d724d2a84ac5,Desmond Green,Decision - Unanimous,3.0,900.0,False,True,False,False,121-180,30-34,3+
98d961097baaf308,Shane Burgos,4,26.84188911704312,1,2018-01-20,UFC 220: Miocic vs. Ngannou,5f617d6c19d3a281,featherweight,751de04455cfaac0,Calvin Kattar,KO/TKO,3,632,287.0,2018-11-03,UFC 230: Cormier vs. Lewis,3729ff914eaede07,featherweight,a7151778b3381036,Kurt Holobaugh,Submission,1.0,131.0,True,False,False,False,271-365,<30,1
2b074403b7c6cdb4,Thomas Almeida,8,26.47501711156742,2,2018-01-20,UFC 220: Miocic vs. Ngannou,889207e3c622a5aa,bantamweight,05339613bf8e9808,Rob Font,KO/TKO,2,444,1001.0,2020-10-17,UFC Fight Night: Ortega vs. The Korean Zombie,e4d0be5ae320c4ae,featherweight,f2477cf43c4975cc,Jonathan Martinez,Decision - Unanimous,3.0,900.0,False,True,False,False,541+,<30,2
0845c81e37d3bcb3,Volkan Oezdemir,4,28.33675564681725,1,2018-01-20,UFC 220: Miocic vs. Ngannou,9f96d11017f9c824,light heavyweight,d967f0128c323de6,Daniel Cormier,KO/TKO,2,420,280.0,2018-10-27,UFC Fight Night: Oezdemir vs. Smith,96b59d89ecac66d0,light heavyweight,d4c9dcd330403612,Anthony Smith,Submission,3.0,866.0,False,True,False,False,271-365,<30,1
bf0e700106d00e55,Austin Arnett,1,26.26694045174538,1,2018-01-27,UFC Fight Night: Jacare vs. Brunson 2,fa7cde1e2d3ae338,featherweight,65f09bacd3957381,Cory Sandhagen,KO/TKO,2,528,182.0,2018-07-28,UFC Fight Night: Alvarez vs. Poirier 2,11c851a73ffb55ba,featherweight,2c9d00968f818270,Hakeem Dawodu,Decision - Unanimous,3.0,900.0,False,True,False,False,181-270,<30,1
b1a3e0aca758b322,Derek Brunson,13,34.064339493497606,3,2018-01-27,UFC Fight Night: Jacare vs. Brunson 2,3a94bf34e62ae5fd,middleweight,7a703c565ccaa18f,Jacare Souza,KO/TKO,1,230,280.0,2018-11-03,UFC 230: Cormier vs. Lewis,e4e1d12441b90866,middleweight,1338e2c7480bdf9e,Israel Adesanya,KO/TKO,1.0,291.0,False,True,True,True,271-365,30-34,3+
c07efc18b231f170,Jordan Rinaldi,3,30.340862422997947,1,2018-01-27,UFC Fight Night: Jacare vs. Brunson 2,d571486369996a39,lightweight,84ff027394f7e470,Gregor Gillespie,KO/TKO,1,286,280.0,2018-11-03,UFC 230: Cormier vs. Lewis,78bb2b441917848c,featherweight,bb1a2cdad6ff34db,Jason Knight,Decision - Unanimous,3.0,900.0,True,False,False,False,271-365,30-34,1
d4c9dcd330403612,Anthony Smith,7,29.52498288843258,1,2018-02-03,UFC Fight Night: Machida vs. Anders,bc767f1eb6176dfb,middleweight,dea070ed4a2a8281,Thiago Santos,KO/TKO,2,363,126.0,2018-06-09,UFC 225: Whittaker vs. Romero 2,8f9b16f170dbdbb6,light heavyweight,ee779c43a8926d52,Rashad Evans,KO/TKO,1.0,53.0,True,False,True,False,121-180,<30,1
2fe9032955c2e013,Joseph Morales,2,23.45242984257358,1,2018-02-03,UFC Fight Night: Machida vs. Anders,1fd5bf36c42ff1a2,flyweight,aa72b0f831d0bfe5,Deiveson Figueiredo,KO/TKO,2,574,280.0,2018-11-10,UFC Fight Night: Korean Zombie vs. Rodriguez,3210723fbb018fa7,flyweight,a0c64f272b65d441,Eric Shelton,Decision - Split,3.0,900.0,False,True,False,False,271-365,<30,1
00e11b5c8b7bfeeb,Luke Rockhold,9,33.31690622861054,3,2018-02-10,UFC 221: Romero vs. Rockhold,9444cfe0c7c0f6a7,middleweight,f77c68bb4be8516d,Yoel Romero,KO/TKO,3,708,511.0,2019-07-06,UFC 239: Jones vs. Santos,531d9676d767da66,light heavyweight,99df7d0a2a08a8a8,Jan Blachowicz,KO/TKO,2.0,399.0,False,True,True,True,366-540,30-34,3+
7026eca45f65377b,Jared Gordon,3,29.451060917180012,1,2018-02-18,UFC Fight Night: Cerrone vs. Medeiros,07f234a488661125,lightweight,f53d4f21d1b5f2dc,Diego Ferreira,KO/TKO,1,118,300.0,2018-12-15,UFC Fight Night: Lee vs. Iaquinta,92fd2127f46b0cb7,lightweight,ae7fe94f117f98cf,Joaquim Silva,KO/TKO,3.0,759.0,False,True,True,True,271-365,<30,1
c9cf753cfdf77fc2,Marcin Tybura,6,32.276522929500345,1,2018-02-18,UFC Fight Night: Cerrone vs. Medeiros,f73dfeb48b09e6a6,heavyweight,d3df1add9d9a7efb,Derrick Lewis,KO/TKO,3,768,154.0,2018-07-22,UFC Fight Night: Shogun vs. Smith,8784ae31153178cd,heavyweight,ebc1f40e00e0c481,Stefan Struve,Decision - Unanimous,3.0,900.0,True,False,False,False,121-180,30-34,1
31ee470ef5dc8d7f,Thiago Alves,23,34.379192334017795,2,2018-02-18,UFC Fight Night: Cerrone vs. Medeiros,357a5bc5de4f545d,welterweight,f1928a52590c5532,Curtis Millender,KO/TKO,2,557,209.0,2018-09-15,UFC Fight Night: Hunt vs. Oleinik,dd0a3aedba5cee87,welterweight,e2ccd9a9ace60de7,Aleksei Kunchenko,Decision - Unanimous,3.0,900.0,False,True,False,False,181-270,30-34,2
990bd63726a577f8,Tim Williams,1,31.630390143737166,1,2018-02-18,UFC Fight Night: Cerrone vs. Medeiros,d07dd6239afe1cb0,middleweight,1cf7ccf64a5bf24e,Oskar Piechota,KO/TKO,1,114,188.0,2018-08-25,UFC Fight Night: Gaethje vs. Vick,3b701c0a0525341b,middleweight,cad24459b28592ca,Eryk Anders,KO/TKO,3.0,882.0,False,True,True,True,181-270,30-34,1
813550bc53b15fb0,Yancy Medeiros,12,30.45037645448323,2,2018-02-18,UFC Fight Night: Cerrone vs. Medeiros,8f7a73d05387b159,welterweight,1d00756835ca67c9,Donald Cerrone,KO/TKO,1,298,335.0,2019-01-19,UFC Fight Night: Cejudo vs. Dillashaw,0261adcfc6e49150,lightweight,84ff027394f7e470,Gregor Gillespie,KO/TKO,2.0,599.0,False,True,True,True,271-365,30-34,2
484acc7b0f856ce9,Ben Saunders,14,34.86926762491444,4,2018-02-24,UFC Fight Night: Emmett vs. Stephens,093ebd3375591101,welterweight,cf65d56b0755ed3b,Alan Jouban,KO/TKO,2,458,97.0,2018-06-01,UFC Fight Night: Rivera vs. Moraes,b7c7707ccea492c7,welterweight,d81ac739417d7f53,Jake Ellenberger,KO/TKO,1.0,116.0,True,False,True,False,0-120,30-34,3+
fba03cd6cc28dc41,Josh Emmett,6,32.97741273100616,1,2018-02-24,UFC Fight Night: Emmett vs. Stephens,519dcb290e6db845,featherweight,18968f97ad34f15c,Jeremy Stephens,KO/TKO,2,395,399.0,2019-03-30,UFC Fight Night: Barboza vs. Gaethje,5c70b175f08ca141,featherweight,511e82663651438d,Michael Johnson,KO/TKO,3.0,854.0,True,False,True,False,366-540,30-34,1
6370c1c1e12723d5,Marcin Prachnio,1,29.61533196440794,1,2018-02-24,UFC Fight Night: Emmett vs. Stephens,04970dfa4d531e39,light heavyweight,d156513a19acf856,Sam Alvey,KO/TKO,1,263,203.0,2018-09-15,UFC Fight Night: Hunt vs. Oleinik,1687e2cd061b7aec,light heavyweight,d802174b0c0c1f4e,Magomed Ankalaev,KO/TKO,1.0,189.0,False,True,True,True,181-270,<30,1
08af939f41b5a57b,Beneil Dariush,13,28.824093086926762,3,2018-03-03,UFC 222: Cyborg vs. Kunitskaya,9e21a8dea9663e26,lightweight,262a7d06203657e6,Alexander Hernandez,KO/TKO,1,42,252.0,2018-11-10,UFC Fight Night: Korean Zombie vs. Rodriguez,14cf0828d6e373ab,lightweight,d945aae53e3e54e6,Thiago Moises,Decision - Unanimous,3.0,900.0,True,False,False,False,181-270,<30,3+
f2688492b9a525a3,Frankie Edgar,23,36.37782340862423,1,2018-03-03,UFC 222: Cyborg vs. Kunitskaya,2361b51aa72e5551,featherweight,def8166ff24bd237,Brian Ortega,KO/TKO,1,284,49.0,2018-04-21,UFC Fight Night: Barboza vs. Lee,6d8ce1abde550bc6,featherweight,d247691a6c0e9034,Cub Swanson,Decision - Unanimous,3.0,900.0,True,False,False,False,0-120,35+,1
3143bf892608139a,Yana Santos,1,28.306639288158795,1,2018-03-03,UFC 222: Cyborg vs. Kunitskaya,4960379abe6ed525,women's featherweight,634bb0de2eb043b4,Cristiane Justino,KO/TKO,1,205,217.0,2018-10-06,UFC 229: Khabib vs. McGregor,21be9181725ab599,women's bantamweight,2eeaefbfc7f9fcff,Lina Lansberg,Decision - Unanimous,3.0,900.0,True,False,False,False,181-270,<30,1
492b202d2064e7a9,Fabricio Werdum,16,40.629705681040384,3,2018-03-17,UFC Fight Night: Werdum vs. Volkov,e835e9a4564db497,heavyweight,279566840aa55bf2,Alexander Volkov,KO/TKO,4,998,784.0,2020-05-09,UFC 249: Ferguson vs. Gaethje,593f3b051aa82b0f,heavyweight,98c23cb6da5b3352,Aleksei Oleinik,Decision - Split,3.0,900.0,False,True,False,False,541+,35+,3+
1fcfc3709fe58151,Peter Sobotta,9,31.17864476386037,2,2018-03-17,UFC Fight Night: Werdum vs. Volkov,e84fa12d87993ec5,welterweight,f1fac969a1d70b08,Leon Edwards,KO/TKO,3,899,861.0,2020-07-25,UFC Fight Night: Whittaker vs. Till,58e07add007685f8,welterweight,57b10fca4f9c9a7a,Alex Oliveira,Decision - Unanimous,3.0,900.0,False,True,False,False,541+,30-34,2
e5c9de15bb58b1c6,Evan Dunham,19,36.30116358658453,3,2018-04-07,UFC 223: Khabib vs. Iaquinta,8803935990adafc1,lightweight,55ee431411ccf07a,Olivier Aubin-Mercier,KO/TKO,1,53,168.0,2018-09-22,UFC Fight Night: Marreta vs. Anders,3d9398386c84109b,lightweight,a8283a4f415e1eb9,Francisco Trinaldo,KO/TKO,2.0,550.0,False,True,True,True,121-180,35+,3+
3bad7ef643840f67,Joe Lauzon,26,33.87542778918549,5,2018-04-07,UFC 223: Khabib vs. Iaquinta,bab65d16fa74fc5b,lightweight,feaf00f3373435d6,Chris Gruetzemacher,KO/TKO,2,600,559.0,2019-10-18,UFC Fight Night: Reyes vs. Weidman,57d989702ae72dc1,lightweight,87c0b1c696ddfb43,Jonathan Pearce,KO/TKO,1.0,93.0,True,False,True,False,541+,30-34,3+
66e98b3bb5fc5250,Dan Moret,1,31.394934976043807,1,2018-04-14,UFC Fight Night: Poirier vs. Gaethje,59363451049c929d,lightweight,23024fdfc966410a,Gilbert Burns,KO/TKO,2,359,329.0,2019-03-09,UFC Fight Night: Lewis vs. Dos Santos,6c9bf1d285cf5dd4,lightweight,c17041f1bb5768d8,Alex White,Decision - Unanimous,3.0,900.0,False,True,False,False,271-365,30-34,1
9e8f6c728eb01124,Justin Gaethje,3,29.412731006160165,2,2018-04-14,UFC Fight Night: Poirier vs. Gaethje,bfae2fb50efbdb0f,lightweight,029eaff01e6bb8f0,Dustin Poirier,KO/TKO,4,933,133.0,2018-08-25,UFC Fight Night: Gaethje vs. Vick,d6f6ac29008509db,lightweight,6256b2b1562cb8e1,James Vick,KO/TKO,1.0,87.0,True,False,True,False,121-180,<30,2
4e06913c91da5200,Krzysztof Jotko,10,28.65160848733744,2,2018-04-14,UFC Fight Night: Poirier vs. Gaethje,01c9acf719298187,middleweight,0c6d9ea8306c029e,Brad Tavares,KO/TKO,3,736,371.0,2019-04-20,UFC Fight Night: Overeem vs. Oleinik,e458ace6a440b738,middleweight,70fa1c64a2c439ef,Alen Amedovski,Decision - Unanimous,3.0,900.0,True,False,False,False,366-540,<30,2
2fc7e9701642ca38,Matthew Lopez,5,31.227926078028748,2,2018-04-14,UFC Fight Night: Poirier vs. Gaethje,bd1e01de1f24962b,bantamweight,80daefbed11ce998,Alejandro Perez,KO/TKO,2,522,238.0,2018-12-08,UFC 231: Holloway vs. Ortega,41feee2c08af2235,bantamweight,7b433309b0fd12aa,Brad Katona,Decision - Unanimous,3.0,900.0,False,True,False,False,181-270,30-34,2
9b1e3fb4f8cbd5b7,Ricky Rainey,1,34.79260780287474,1,2018-04-14,UFC Fight Night: Poirier vs. Gaethje,17c53d93d549cb03,welterweight,447f9858ae78f921,Muslim Salikhov,KO/TKO,2,552,230.0,2018-11-30,The Ultimate Fighter: Heavy Hitters Finale,c7df07266a9597d9,welterweight,4b47e71384a9522f,Tim Means,KO/TKO,1.0,78.0,False,True,True,True,181-270,30-34,1
d1941565abf50b16,Jim Miller,29,34.64202600958248,2,2018-04-21,UFC Fight Night: Barboza vs. Lee,0f88658e787815c8,lightweight,193b9d1858bc4df3,Dan Hooker,KO/TKO,1,180,140.0,2018-09-08,UFC 228: Woodley vs. Till,e40a5bd62ce710ac,lightweight,c17041f1bb5768d8,Alex White,Submission,1.0,89.0,True,False,False,False,121-180,30-34,2
dea070ed4a2a8281,Thiago Santos,14,34.286105407255306,2,2018-04-21,UFC Fight Night: Barboza vs. Lee,62aab95c866a9c5b,middleweight,d2c55d1d2e67773b,David Branch,KO/TKO,1,150,105.0,2018-08-04,UFC 227: Dillashaw vs. Garbrandt 2,3b03f8d3a55f3cb2,middleweight,3a46b268013afede,Kevin Holland,Decision - Unanimous,3.0,900.0,True,False,False,False,0-120,30-34,2
7be14eaed4c74856,Brian Kelleher,5,31.72895277207392,1,2018-05-12,UFC 224: Nunes vs. Pennington,b152646345037056,bantamweight,c268b2cfebccf652,John Lineker,KO/TKO,3,823,231.0,2018-12-29,UFC 232: Jones vs. Gustafsson 2,8ce926b4d38a55a0,bantamweight,cc1a8b4b38b92c6d,Montel Jackson,Submission,1.0,100.0,False,True,False,False,181-270,30-34,1
fc169c387b4b465d,Raquel Pennington,9,29.68104038329911,1,2018-05-12,UFC 224: Nunes vs. Pennington,3454f5c7203467aa,women's bantamweight,80fa8218c99f9c58,Amanda Nunes,KO/TKO,5,1356,182.0,2018-11-10,UFC Fight Night: Korean Zombie vs. Rodriguez,0a667143584a2d96,women's bantamweight,1d239d571e342453,Germaine de Randamie,Decision - Unanimous,3.0,900.0,False,True,False,False,181-270,<30,1
0d8011111be000b2,Sean Strickland,9,27.20328542094456,1,2018-05-12,UFC 224: Nunes vs. Pennington,6b325792b8fb1f46,welterweight,8adcbd525fab8d9b,Elizeu Zaleski dos Santos,KO/TKO,1,220,168.0,2018-10-27,UFC Fight Night: Oezdemir vs. Smith,6fd7f6f1deaef4e8,welterweight,49858bf46dabf6fb,Nordine Taleb,KO/TKO,2.0,490.0,True,False,True,False,121-180,<30,1
cfb65863d5099327,Thales Leites,20,36.67898699520876,1,2018-05-12,UFC 224: Nunes vs. Pennington,014f7dc96c90c199,middleweight,0a1942069c9ad6b6,Jack Hermansson,KO/TKO,3,730,133.0,2018-09-22,UFC Fight Night: Marreta vs. Anders,c5479f20e4db357d,middleweight,db1f2ed63b54b9a7,Hector Lombard,Decision - Unanimous,3.0,900.0,True,False,False,False,121-180,35+,1
c03a5022f8439f2a,Chad Laprise,9,31.822039698836413,2,2018-05-19,UFC Fight Night: Maia vs. Usman,47c140debc977214,welterweight,6d4b63c767106d3a,Vicente Luque,KO/TKO,1,256,203.0,2018-12-08,UFC 231: Holloway vs. Ortega,e909e34cdee01831,welterweight,e9213f53ddeca978,Dhiego Lima,KO/TKO,1.0,97.0,False,True,True,True,181-270,30-34,2
2c2caf2f2bab9df5,Humberto Bandenay,2,23.704312114989733,1,2018-05-19,UFC Fight Night: Maia vs. Usman,79c22394d9c2144d,featherweight,436f970c9ea9169c,Gabriel Benitez,KO/TKO,1,39,182.0,2018-11-17,UFC Fight Night: Magny vs. Ponzinibbio,85f85003fadf7a7b,featherweight,bf0e700106d00e55,Austin Arnett,Decision - Unanimous,3.0,900.0,False,True,False,False,181-270,<30,1
13a0275fa13c4d26,Jared Cannonier,7,34.17385352498289,2,2018-05-19,UFC Fight Night: Maia vs. Usman,1290d7eb0fefd3f3,light heavyweight,2e19380f34871c6a,Dominick Reyes,KO/TKO,1,175,168.0,2018-11-03,UFC 230: Cormier vs. Lewis,b4ec3e067604f90a,middleweight,d2c55d1d2e67773b,David Branch,KO/TKO,2.0,339.0,True,False,True,False,121-180,30-34,2
a851c35f58199231,Syuri Kondo,2,29.27310061601643,1,2018-05-19,UFC Fight Night: Maia vs. Usman,c571ac76ca45c1cb,women's strawweight,5c126c6aac3ef364,Poliana Botelho,KO/TKO,1,33,189.0,2018-11-24,UFC Fight Night: Blaydes vs. Ngannou 2,e8093d77f566fe51,women's strawweight,c41d426cc7326d1b,Yan Xiaonan,Decision - Unanimous,3.0,900.0,False,True,False,False,181-270,<30,1
3dd949593346dbc3,Craig White,1,27.904175222450377,1,2018-05-27,UFC Fight Night: Thompson vs. Till,426ca5caeb857f1e,welterweight,84b3e7d38f2d2ec5,Neil Magny,KO/TKO,1,272,104.0,2018-09-08,UFC 228: Woodley vs. Till,294a9e9780afa789,welterweight,82e7929bf6c2b689,Diego Sanchez,Decision - Unanimous,3.0,900.0,False,True,False,False,0-120,<30,1
b9664eae2ac75262,Eric Spicely,6,31.65776865160849,2,2018-05-27,UFC Fight Night: Thompson vs. Till,20b5de395c0f1375,middleweight,a17ad5a5048e8c3f,Darren Stewart,KO/TKO,2,407,391.0,2019-06-22,UFC Fight Night: Moicano vs. The Korean Zombie,f81f8cfe30e0a1e9,middleweight,483a953b18d73bb3,Deron Winn,Decision - Unanimous,3.0,900.0,False,True,False,False,366-540,30-34,2
f86cb5f25d545e0e,Daniel Spitz,3,27.835728952772072,1,2018-06-01,UFC Fight Night: Rivera vs. Moraes,f43f9861e73739c8,heavyweight,03f982ca3735070c,Walt Harris,KO/TKO,2,599,504.0,2019-10-18,UFC Fight Night: Reyes vs. Weidman,1e3d3545b6dd13a7,heavyweight,04c8b08b16a5b99e,Tanner Boser,Decision - Unanimous,3.0,900.0,False,True,False,False,366-540,<30,1
d81ac739417d7f53,Jake Ellenberger,20,33.177275838466805,6,2018-06-01,UFC Fight Night: Rivera vs. Moraes,b7c7707ccea492c7,welterweight,484acc7b0f856ce9,Ben Saunders,KO/TKO,1,116,85.0,2018-08-25,UFC Fight Night: Gaethje vs. Vick,aa91cb7567d6c48a,welterweight,a331233f597090a5,Bryan Barberena,KO/TKO,1.0,146.0,False,True,True,True,0-120,30-34,3+
81d9df19e255b8b6,Jarred Brooks,3,25.08145106091718,1,2018-06-01,UFC Fight Night: Rivera vs. Moraes,7969abc596485189,flyweight,d2036f31c035e0d1,Jose Torres,KO/TKO,2,475,99.0,2018-09-08,UFC 228: Woodley vs. Till,9399c772adc7bcab,flyweight,546f8599a63c29da,Robert Sanchez,Decision - Split,3.0,900.0,True,False,False,False,0-120,<30,1
9c907996820d2d69,Jimmie Rivera,6,28.922655715263517,1,2018-06-01,UFC Fight Night: Rivera vs. Moraes,69b147aaaafeb47d,bantamweight,fea79f9bc8c68769,Marlon Moraes,KO/TKO,1,33,99.0,2018-09-08,UFC 228: Woodley vs. Till,82342dc6be82778b,bantamweight,99506df1af6c8b3b,John Dodson,Decision - Unanimous,3.0,900.0,True,False,False,False,0-120,<30,1
b4ad3a06ee4d660c,Alistair Overeem,14,38.06160164271047,6,2018-06-09,UFC 225: Whittaker vs. Romero 2,7fd0f7b3866b2c75,heavyweight,fa6796c55d6c5440,Curtis Blaydes,KO/TKO,3,776,168.0,2018-11-24,UFC Fight Night: Blaydes vs. Ngannou 2,1c43b38c1f4bdbe2,heavyweight,f14cf73e51b29254,Sergei Pavlovich,KO/TKO,1.0,261.0,True,False,True,False,121-180,35+,3+
d1528ac5675558b1,Rashad Coulter,3,36.53114305270363,3,2018-06-09,UFC 225: Whittaker vs. Romero 2,140e810f952714ea,heavyweight,e51ee8ded927fc51,Chris de la Rocha,KO/TKO,2,533,168.0,2018-11-24,UFC Fight Night: Blaydes vs. Ngannou 2,438fbdd4cf27e324,light heavyweight,f1175ea3aafbf351,Hu Yaozong,Decision - Unanimous,3.0,900.0,True,False,False,False,121-180,35+,3+
c487223b0289bda9,Hector Aldana,1,29.848049281314168,1,2018-06-23,UFC Fight Night: Cowboy vs. Edwards,b125025990755616,welterweight,32490e80ddab1e5a,Song Kenan,KO/TKO,2,585,147.0,2018-11-17,UFC Fight Night: Magny vs. Ponzinibbio,629c0eb319e01374,welterweight,a12a8314adc1c1c9,Laureano Staropoli,Decision - Unanimous,3.0,900.0,False,True,False,False,121-180,<30,1
88cd34d836b4ebcd,Teruto Ishihara,8,26.91854893908282,1,2018-06-23,UFC Fight Night: Cowboy vs. Edwards,8167bd097a16062f,bantamweight,d661ce4da776fc20,Petr Yan,KO/TKO,1,208,231.0,2019-02-09,UFC 234: Adesanya vs. Silva,b247a1900cfae052,bantamweight,a7897d200692ab64,Kyung Ho Kang,Submission,1.0,239.0,False,True,False,False,181-270,<30,1
23024fdfc966410a,Gilbert Burns,9,31.964407939767284,1,2018-07-07,UFC 226: Miocic vs. Cormier,bd97a96ac8203457,lightweight,193b9d1858bc4df3,Dan Hooker,KO/TKO,1,148,154.0,2018-12-08,UFC 231: Holloway vs. Ortega,1fa8537d3992a09a,lightweight,55ee431411ccf07a,Olivier Aubin-Mercier,Decision - Unanimous,3.0,900.0,True,False,False,False,121-180,30-34,1
d28dee5c705991df,Stipe Miocic,15,35.88227241615332,2,2018-07-07,UFC 226: Miocic vs. Cormier,fccedc456048216b,heavyweight,d967f0128c323de6,Daniel Cormier,KO/TKO,1,273,406.0,2019-08-17,UFC 241: Cormier vs. Miocic 2,6921344f8e706d0f,heavyweight,d967f0128c323de6,Daniel Cormier,KO/TKO,4.0,1149.0,True,False,True,False,366-540,35+,2
65578a75fa7900e3,Uriah Hall,13,33.93292265571527,3,2018-07-07,UFC 226: Miocic vs. Cormier,c9e4aa12aaa7309e,middleweight,2e5c2aa8e4ab9d82,Paulo Costa,KO/TKO,2,458,175.0,2018-12-29,UFC 232: Jones vs. Gustafsson 2,4de25b19c4dedb14,middleweight,899923ff6ab13917,Bevon Lewis,KO/TKO,3.0,692.0,True,False,True,False,121-180,30-34,3+
a7151778b3381036,Kurt Holobaugh,2,31.8466803559206,1,2018-07-14,UFC Fight Night: Dos Santos vs. Ivanov,66ba984cc547e31a,featherweight,b9f28e7045fdfce7,Raoni Barcelos,KO/TKO,3,689,112.0,2018-11-03,UFC 230: Cormier vs. Lewis,3729ff914eaede07,featherweight,98d961097baaf308,Shane Burgos,Submission,1.0,131.0,False,True,False,False,0-120,30-34,1
08e908ed6d18d6a0,Myles Jury,11,29.700205338809035,1,2018-07-14,UFC Fight Night: Dos Santos vs. Ivanov,c3939438ae7934df,featherweight,b5b684eac99ae0a3,Chad Mendes,KO/TKO,1,172,218.0,2019-02-17,UFC Fight Night: Ngannou vs. Velasquez,0a4247ba4ae1cca5,featherweight,8fd808923cffff82,Andre Fili,Decision - Unanimous,3.0,900.0,False,True,False,False,181-270,<30,1
c6aee362c7a7d482,Randy Brown,7,28.016427104722794,1,2018-07-14,UFC Fight Night: Dos Santos vs. Ivanov,a3dd2249d046cf9d,welterweight,d8da10db80131bec,Niko Price,KO/TKO,2,369,343.0,2019-06-22,UFC Fight Night: Moicano vs. The Korean Zombie,4096b302747d47b3,welterweight,a331233f597090a5,Bryan Barberena,KO/TKO,3.0,774.0,True,False,True,False,271-365,<30,1
47cd337b86b1af92,Zak Ottow,6,31.55920602327173,2,2018-07-14,UFC Fight Night: Dos Santos vs. Ivanov,543de77637ad2a20,welterweight,ed9d8ee3a4239b1c,Sage Northcutt,KO/TKO,2,493,154.0,2018-12-15,UFC Fight Night: Lee vs. Iaquinta,c0ab927864bb6e98,welterweight,8be158ca1e5ea6a0,Dwight Grant,Decision - Split,3.0,900.0,True,False,False,False,121-180,30-34,2
140745cbbcb023ac,Mauricio Rua,18,36.65434633812457,4,2018-07-22,UFC Fight Night: Shogun vs. Smith,62389e8fb68f93a4,light heavyweight,d4c9dcd330403612,Anthony Smith,KO/TKO,1,89,132.0,2018-12-01,UFC Fight Night: Dos Santos vs. Tuivasa,20063242f6e40d31,light heavyweight,49e96ff8ab781589,Tyson Pedro,KO/TKO,3.0,643.0,True,False,True,False,121-180,35+,3+
af997f7611673880,Gadzhimurad Antigulov,3,31.463381245722108,1,2018-07-28,UFC Fight Night: Alvarez vs. Poirier 2,95f37dc43e808ebf,light heavyweight,cd13728ae1151f46,Ion Cutelaba,KO/TKO,1,265,266.0,2019-04-20,UFC Fight Night: Overeem vs. Oleinik,56f984ac83fb34cc,light heavyweight,0d65c432720accb9,Michal Oleksiejczuk,KO/TKO,1.0,44.0,False,True,True,True,181-270,30-34,1
18968f97ad34f15c,Jeremy Stephens,29,32.17522245037645,2,2018-07-28,UFC Fight Night: Alvarez vs. Poirier 2,6b47093b62155478,featherweight,d0f3959b4a9747e6,Jose Aldo,KO/TKO,1,259,217.0,2019-03-02,UFC 235: Jones vs. Smith,bac3ac8d7330d05d,featherweight,87aa9fb63d6b51a1,Zabit Magomedsharipov,Decision - Unanimous,3.0,900.0,False,True,False,False,181-270,30-34,2
1a31ef98efce7a79,Matheus Nicolau,4,25.555099247091032,1,2018-07-28,UFC Fight Night: Alvarez vs. Poirier 2,09ab925c4cfe0cc5,flyweight,f53c1f4ceeed8c08,Dustin Ortiz,KO/TKO,1,229,959.0,2021-03-13,UFC Fight Night: Edwards vs. Muhammad,01f262b68a6a2223,flyweight,5d1b7e3dd9e11074,Manel Kape,Decision - Split,3.0,900.0,True,False,False,False,541+,<30,1
d8c7c61b176e3994,Cody Garbrandt,8,27.077344284736483,2,2018-08-04,UFC 227: Dillashaw vs. Garbrandt 2,de32c5a78aaf89e9,bantamweight,c849740a3ff51931,TJ Dillashaw,KO/TKO,1,250,210.0,2019-03-02,UFC 235: Jones vs. Smith,39fa341fb9161d6f,bantamweight,6bd02119599741a4,Pedro Munhoz,KO/TKO,1.0,292.0,False,True,True,True,181-270,<30,2
2296125b6c362355,Wulijiburen,2,29.426420260095824,1,2018-08-04,UFC 227: Dillashaw vs. Garbrandt 2,8e971c1ec4b981cc,bantamweight,7c7332319c14094c,Marlon Vera,KO/TKO,2,593,189.0,2019-02-09,UFC 234: Adesanya vs. Silva,8e43d61ca6f2d904,bantamweight,f2477cf43c4975cc,Jonathan Martinez,Decision - Unanimous,3.0,900.0,False,True,False,False,181-270,<30,1
6256b2b1562cb8e1,James Vick,11,31.50171115674196,2,2018-08-25,UFC Fight Night: Gaethje vs. Vick,d6f6ac29008509db,lightweight,9e8f6c728eb01124,Justin Gaethje,KO/TKO,1,87,176.0,2019-02-17,UFC Fight Night: Ngannou vs. Velasquez,a212e4c197983ad1,lightweight,e5010b1b94ca5755,Paul Felder,Decision - Unanimous,3.0,900.0,False,True,False,False,121-180,30-34,2
d317a5e2b3f88c5f,Warlley Alves,9,27.638603696098563,1,2018-08-25,UFC Fight Night: Gaethje vs. Vick,62fecd327391557e,welterweight,8f6a18831a120817,James Krause,KO/TKO,2,448,259.0,2019-05-11,UFC 237: Namajunas vs. Andrade,2b038a467a89c73c,welterweight,1bcaac2d99b90fce,Sergio Moraes,KO/TKO,3.0,853.0,True,False,True,False,181-270,<30,1
d910665038efc639,Carla Esparza,8,30.913073237508556,2,2018-09-08,UFC 228: Woodley vs. Till,fd61e6146f3b2942,women's strawweight,b08012bbe542592a,Tatiana Suarez,KO/TKO,3,873,231.0,2019-04-27,UFC Fight Night: Jacare vs. Hermansson,f08ccad48500eb2b,women's strawweight,7dda2cf308f24a02,Virna Jandiroba,Decision - Unanimous,3.0,900.0,True,False,False,False,181-270,30-34,2
76ee3d666c648f6b,Charles Byrd,2,34.91033538672142,1,2018-09-08,UFC 228: Woodley vs. Till,7658965c2a700b39,middleweight,a17ad5a5048e8c3f,Darren Stewart,KO/TKO,2,437,175.0,2019-03-02,UFC 235: Jones vs. Smith,7a26c9407ef64e10,middleweight,4144798612ef96e5,Edmen Shahbazyan,KO/TKO,1.0,38.0,False,True,True,True,121-180,30-34,1
764342d39cdaa54a,Frank Camacho,4,29.308692676249144,1,2018-09-08,UFC 228: Woodley vs. Till,6caf9ebf42ddae2e,welterweight,b997be68943010fc,Geoff Neal,KO/TKO,2,383,266.0,2019-06-01,UFC Fight Night: Gustafsson vs. Smith,fedb6a1b15b05694,lightweight,2816ced060a21be3,Nick Hein,KO/TKO,2.0,596.0,True,False,True,False,181-270,<30,1
d7c3816669784109,Karolina Kowalkiewicz,8,32.89801505817933,1,2018-09-08,UFC 228: Woodley vs. Till,dbf786f9808c6a08,women's strawweight,6a1901c62ab3870f,Jessica Andrade,KO/TKO,1,118,203.0,2019-03-30,UFC Fight Night: Barboza vs. Gaethje,b70e72f23446520a,women's strawweight,eb04b9d31e938edb,Michelle Waterson-Gomez,Decision - Unanimous,3.0,900.0,False,True,False,False,181-270,30-34,1
d8da10db80131bec,Niko Price,7,28.941820670773442,1,2018-09-08,UFC 228: Woodley vs. Till,f3bebb48771a414a,welterweight,eae431e70064e046,Abdul Razak Alhassan,KO/TKO,1,43,182.0,2019-03-09,UFC Fight Night: Lewis vs. Dos Santos,aeb0322f619213b1,welterweight,4b47e71384a9522f,Tim Means,KO/TKO,1.0,290.0,True,False,True,False,181-270,<30,1
6370c1c1e12723d5,Marcin Prachnio,2,30.171115674195757,2,2018-09-15,UFC Fight Night: Hunt vs. Oleinik,1687e2cd061b7aec,light heavyweight,d802174b0c0c1f4e,Magomed Ankalaev,KO/TKO,1,189,707.0,2020-08-22,UFC Fight Night: Munhoz vs. Edgar,5d9a3bfdcd28abb8,light heavyweight,18b602842a24f7c5,Mike Rodriguez,KO/TKO,1.0,137.0,False,True,True,True,541+,30-34,2
198994b47f395af0,Carlo Pedersoli Jr.,2,25.28952772073922,1,2018-09-22,UFC Fight Night: Marreta vs. Anders,a409a5381f082e8f,welterweight,57b10fca4f9c9a7a,Alex Oliveira,KO/TKO,1,39,154.0,2019-02-23,UFC Fight Night: Blachowicz vs. Santos,fd438db3e60f062a,welterweight,8be158ca1e5ea6a0,Dwight Grant,KO/TKO,1.0,299.0,False,True,True,True,121-180,<30,1
01b352b6a9074d5c,Chase Sherman,7,28.84873374401095,3,2018-09-22,UFC Fight Night: Marreta vs. Anders,d7c7b312279104d2,heavyweight,441eacbe20e0e80b,Augusto Sakai,KO/TKO,3,843,599.0,2020-05-13,UFC Fight Night: Smith vs. Teixeira,b2ca310c9d0037d3,heavyweight,f9d0cae37dabfafc,Ike Villanueva,KO/TKO,2.0,349.0,True,False,True,False,541+,<30,3+
cad24459b28592ca,Eryk Anders,5,31.422313483915126,1,2018-09-22,UFC Fight Night: Marreta vs. Anders,7cdda45e7d52bf40,light heavyweight,dea070ed4a2a8281,Thiago Santos,KO/TKO,3,900,77.0,2018-12-08,UFC 231: Holloway vs. Ortega,7d679c16024f6f38,middleweight,34f88592c0ab7a54,Elias Theodorou,Decision - Split,3.0,900.0,False,True,False,False,0-120,30-34,1
e5c9de15bb58b1c6,Evan Dunham,20,36.761122518822724,4,2018-09-22,UFC Fight Night: Marreta vs. Anders,3d9398386c84109b,lightweight,a8283a4f415e1eb9,Francisco Trinaldo,KO/TKO,2,550,623.0,2020-06-06,UFC 250: Nunes vs. Spencer,20ba608a6e717f05,catch weight,4f140403000158b5,Herbert Burns,Submission,1.0,80.0,False,True,False,False,541+,35+,3+
2f1a257d6777096d,Luigi Vendramini,1,22.68309377138946,1,2018-09-22,UFC Fight Night: Marreta vs. Anders,1c6d3ef6beb9966e,welterweight,8adcbd525fab8d9b,Elizeu Zaleski dos Santos,KO/TKO,2,380,742.0,2020-10-03,UFC Fight Night: Holm vs. Aldana,d866afa89d62a4ae,lightweight,6eaec40f724852f4,Jessin Ayari,KO/TKO,1.0,72.0,True,False,True,False,541+,<30,1
d156513a19acf856,Sam Alvey,16,32.380561259411365,2,2018-09-22,UFC Fight Night: Marreta vs. Anders,1669773acd404217,light heavyweight,73e09f837f3b5ecc,Rogerio Nogueira,KO/TKO,2,360,140.0,2019-02-09,UFC 234: Adesanya vs. Silva,e4862c4f20117cb8,light heavyweight,70e1f8a821b72c8b,Jimmy Crute,KO/TKO,1.0,169.0,False,True,True,True,121-180,30-34,2
cd7763bcadb5d4c8,Alan Patrick,7,35.21697467488022,2,2018-10-06,UFC 229: Khabib vs. McGregor,c835ccffa472970e,lightweight,df1eb4354d18a906,Scott Holtzman,KO/TKO,3,822,707.0,2020-09-12,UFC Fight Night: Waterson vs. Hill,06910bddb0745856,lightweight,887961364be5ceb3,King Green,Decision - Unanimous,3.0,900.0,False,True,False,False,541+,35+,2
279566840aa55bf2,Alexander Volkov,5,29.949349760438057,1,2018-10-06,UFC 229: Khabib vs. McGregor,397ace87deeb8697,heavyweight,d3df1add9d9a7efb,Derrick Lewis,KO/TKO,3,889,399.0,2019-11-09,UFC Fight Night: Zabit vs. Kattar,3cd1f2c31b4e325a,heavyweight,85073dbd1be65ed9,Greg Hardy,Decision - Unanimous,3.0,900.0,True,False,False,False,366-540,<30,1
cbb682f5fcc44bfc,Anthony Pettis,15,31.690622861054074,3,2018-10-06,UFC 229: Khabib vs. McGregor,8f6dda53ea3b09c7,lightweight,22a92d7f62195791,Tony Ferguson,KO/TKO,2,600,168.0,2019-03-23,UFC Fight Night: Thompson vs. Pettis,56ae02578b1163ee,welterweight,4a28cb716c19157a,Stephen Thompson,KO/TKO,2.0,595.0,True,False,True,False,121-180,30-34,3+
4d8fa64202cee4c1,Jalin Turner,1,23.38672142368241,1,2018-10-06,UFC 229: Khabib vs. McGregor,48ea8a30f7b88cfc,welterweight,6d4b63c767106d3a,Vicente Luque,KO/TKO,1,232,126.0,2019-02-09,UFC 234: Adesanya vs. Silva,11c0ef97497303ef,lightweight,8fc9ae9c7527dfcb,Callan Potter,KO/TKO,1.0,53.0,True,False,True,False,121-180,<30,1
b12a1d19ee383b7c,Tonya Evinger,2,37.3388090349076,2,2018-10-06,UFC 229: Khabib vs. McGregor,e2e524bb5392a3ea,women's bantamweight,d4691518d012b9e7,Aspen Ladd,KO/TKO,1,206,238.0,2019-06-01,UFC Fight Night: Gustafsson vs. Smith,f993be991eea6016,women's bantamweight,2eeaefbfc7f9fcff,Lina Lansberg,Decision - Unanimous,3.0,900.0,False,True,False,False,181-270,35+,2
bebb4ae55ac2bf6f,Chris Fishgold,1,26.390143737166323,1,2018-10-27,UFC Fight Night: Oezdemir vs. Smith,bd0622b184ab4f28,featherweight,751de04455cfaac0,Calvin Kattar,KO/TKO,1,251,119.0,2019-02-23,UFC Fight Night: Blachowicz vs. Santos,c827f5212a34bf2e,featherweight,fbf0537e420e698e,Daniel Teymur,Submission,2.0,370.0,True,False,False,False,0-120,<30,1
49858bf46dabf6fb,Nordine Taleb,10,37.379876796714576,1,2018-10-27,UFC Fight Night: Oezdemir vs. Smith,6fd7f6f1deaef4e8,welterweight,0d8011111be000b2,Sean Strickland,KO/TKO,2,490,189.0,2019-05-04,UFC Fight Night: Iaquinta vs. Cowboy,003c84fc7c3fa028,welterweight,873626e5547b5235,Kyle Prepolec,Decision - Unanimous,3.0,900.0,True,False,False,False,181-270,35+,1
ef44e4ea9050f2ea,Te Edwards,1,28.125941136208077,1,2018-10-27,UFC Fight Night: Oezdemir vs. Smith,9d204f44a9988b93,lightweight,68c7ad953455c73f,Don Madge,KO/TKO,2,314,84.0,2019-01-19,UFC Fight Night: Cejudo vs. Dillashaw,2ea1f463620bcd3d,lightweight,6f242453c91a5af0,Dennis Bermudez,Decision - Unanimous,3.0,900.0,False,True,False,False,0-120,<30,1
484acc7b0f856ce9,Ben Saunders,17,35.559206023271734,5,2018-11-03,UFC 230: Cormier vs. Lewis,b8b2cdf962cc65a0,welterweight,4e0692ad070976e4,Lyman Good,KO/TKO,1,92,175.0,2019-04-27,UFC Fight Night: Jacare vs. Hermansson,80e68a6453e15ab9,welterweight,8abac218746e04ca,Takashi Sato,KO/TKO,2.0,378.0,False,True,True,True,121-180,35+,3+
3a8176e15b9887c1,Chris Weidman,14,34.379192334017795,4,2018-11-03,UFC 230: Cormier vs. Lewis,c037cdc1de53de8e,middleweight,7a703c565ccaa18f,Jacare Souza,KO/TKO,3,766,349.0,2019-10-18,UFC Fight Night: Reyes vs. Weidman,0d1d7cfb2a48d5ec,light heavyweight,2e19380f34871c6a,Dominick Reyes,KO/TKO,1.0,103.0,False,True,True,True,271-365,30-34,3+
d2c55d1d2e67773b,David Branch,8,37.10335386721424,3,2018-11-03,UFC 230: Cormier vs. Lewis,b4ec3e067604f90a,middleweight,13a0275fa13c4d26,Jared Cannonier,KO/TKO,2,339,147.0,2019-03-30,UFC Fight Night: Barboza vs. Gaethje,a0163cdde4ec785d,middleweight,0a1942069c9ad6b6,Jack Hermansson,Submission,1.0,49.0,False,True,False,False,121-180,35+,3+
b1a3e0aca758b322,Derek Brunson,14,34.83093771389459,4,2018-11-03,UFC 230: Cormier vs. Lewis,e4e1d12441b90866,middleweight,1338e2c7480bdf9e,Israel Adesanya,KO/TKO,1,291,182.0,2019-05-04,UFC Fight Night: Iaquinta vs. Cowboy,ad59540382d5b7f6,middleweight,34f88592c0ab7a54,Elias Theodorou,Decision - Unanimous,3.0,900.0,True,False,False,False,181-270,30-34,3+
c451d67c09c55418,Chan Sung Jung,6,31.652292950034223,2,2018-11-10,UFC Fight Night: Korean Zombie vs. Rodriguez,0ccd16201ac41ef8,featherweight,cbf5e6f231b55443,Yair Rodriguez,KO/TKO,5,1499,224.0,2019-06-22,UFC Fight Night: Moicano vs. The Korean Zombie,aec1339028f3416c,featherweight,b6452706b373eea1,Renato Moicano,KO/TKO,1.0,58.0,True,False,True,False,181-270,30-34,2
2244d9a2b64b8c3b,Hannah Cifers,1,26.373716632443532,1,2018-11-10,UFC Fight Night: Korean Zombie vs. Rodriguez,17f69a241aa952fd,women's strawweight,6a740daf1b279661,Maycee Barber,KO/TKO,2,421,112.0,2019-03-02,UFC 235: Jones vs. Smith,0405e4446e8f239a,women's strawweight,9673a497a9da119a,Polyana Viana,Decision - Split,3.0,900.0,True,False,False,False,0-120,<30,1
902ec2cc48c8ae8a,Julian Erosa,3,29.27857631759069,2,2018-11-10,UFC Fight Night: Korean Zombie vs. Rodriguez,79fb77a0b0294aec,lightweight,207773daeb4afa7b,Devonte Smith,KO/TKO,1,46,119.0,2019-03-09,UFC Fight Night: Lewis vs. Dos Santos,ddcfa590f4644240,featherweight,99bd51917728c25d,Grant Dawson,Decision - Unanimous,3.0,900.0,False,True,False,False,0-120,<30,2
92a9aa9c93192871,Darren Elkins,20,34.50513347022587,2,2018-11-17,UFC Fight Night: Magny vs. Ponzinibbio,f9ab603b763998f7,featherweight,3974fa35c917af1d,Ricardo Lamas,KO/TKO,3,849,238.0,2019-07-13,UFC Fight Night: De Randamie vs. Ladd,37a8c442fb38db75,featherweight,8866c6f509c19089,Ryan Hall,Decision - Unanimous,3.0,900.0,False,True,False,False,181-270,30-34,2
749f572d1d3161fb,Khalil Rountree Jr.,7,28.722792607802873,1,2018-11-17,UFC Fight Night: Magny vs. Ponzinibbio,51ce499611a5df68,light heavyweight,c21f26bbde777573,Johnny Walker,KO/TKO,1,117,147.0,2019-04-13,UFC 236: Holloway vs. Poirier 2,e0d92694d8a2d38b,light heavyweight,cad24459b28592ca,Eryk Anders,Decision - Unanimous,3.0,900.0,True,False,False,False,121-180,<30,1
84b3e7d38f2d2ec5,Neil Magny,20,31.290896646132786,2,2018-11-17,UFC Fight Night: Magny vs. Ponzinibbio,7e695ad026b2ec66,welterweight,6d1bffff14897645,Santiago Ponzinibbio,KO/TKO,4,1056,476.0,2020-03-07,UFC 248: Adesanya vs. Romero,d66a8591af39ca7b,welterweight,e64b96c07d7ce999,Li Jingliang,Decision - Unanimous,3.0,900.0,True,False,False,False,366-540,30-34,2
fa6796c55d6c5440,Curtis Blaydes,8,27.76454483230664,1,2018-11-24,UFC Fight Night: Blaydes vs. Ngannou 2,12e12307414dafc6,heavyweight,8d03ce87ca14e778,Francis Ngannou,KO/TKO,1,45,119.0,2019-03-23,UFC Fight Night: Thompson vs. Pettis,9532ebf4d9405e65,heavyweight,ce1e867808ef5fce,Justin Willis,Decision - Unanimous,3.0,900.0,True,False,False,False,0-120,<30,1
3bb2dc8e87b10a46,David Zawada,2,28.314852840520192,1,2018-11-24,UFC Fight Night: Blaydes vs. Ngannou 2,21992c366d3b4602,welterweight,e64b96c07d7ce999,Li Jingliang,KO/TKO,3,847,350.0,2019-11-09,UFC Fight Night: Zabit vs. Kattar,1af574c0814429ac,welterweight,029e1293e609fd74,Abubakar Nurmagomedov,Submission,1.0,170.0,True,False,False,False,271-365,<30,1
f14cf73e51b29254,Sergei Pavlovich,1,26.532511978097194,1,2018-11-24,UFC Fight Night: Blaydes vs. Ngannou 2,1c43b38c1f4bdbe2,heavyweight,b4ad3a06ee4d660c,Alistair Overeem,KO/TKO,1,261,147.0,2019-04-20,UFC Fight Night: Overeem vs. Oleinik,2a2b00e9bfd089cc,heavyweight,ac29d508d78384c9,Marcelo Golm,KO/TKO,1.0,66.0,True,False,True,False,121-180,<30,1
ab2b4ff41d6ebe0f,Alex Perez,4,26.694045174537987,1,2018-11-30,The Ultimate Fighter: Heavy Hitters Finale,1785c7fb722d3007,flyweight,80eacd4da0617c57,Joseph Benavidez,KO/TKO,1,259,120.0,2019-03-30,UFC Fight Night: Barboza vs. Gaethje,3db15d45e8490c22,bantamweight,f57dd0bfa8c17813,Mark De La Rosa,Decision - Unanimous,3.0,900.0,True,False,False,False,0-120,<30,1
192520689012c7e4,Suman Mokhtarian,1,26.466803559206024,1,2018-12-01,UFC Fight Night: Dos Santos vs. Tuivasa,0ac4f0c1b4d021f6,featherweight,94426bb170c88115,Sodiq Yusuff,KO/TKO,1,134,385.0,2019-12-21,UFC Fight Night: Edgar vs. The Korean Zombie,6ea23c2c30f85a89,featherweight,a68575214ecad140,SeungWoo Choi,Decision - Unanimous,3.0,900.0,False,True,False,False,366-540,<30,1
c62fbc117d57b943,Tai Tuivasa,4,25.711156741957563,1,2018-12-01,UFC Fight Night: Dos Santos vs. Tuivasa,b6bd31215bd7ec1f,heavyweight,63def5a5662a6917,Junior Dos Santos,KO/TKO,2,450,189.0,2019-06-08,UFC 238: Cejudo vs. Moraes,cd2ceb5530529c9f,heavyweight,1788eee370f077b7,Blagoy Ivanov,Decision - Unanimous,3.0,900.0,False,True,False,False,181-270,<30,1
49e96ff8ab781589,Tyson Pedro,6,27.20602327173169,1,2018-12-01,UFC Fight Night: Dos Santos vs. Tuivasa,20063242f6e40d31,light heavyweight,140745cbbcb023ac,Mauricio Rua,KO/TKO,3,643,1239.0,2022-04-23,UFC Fight Night: Lemos vs. Andrade,e8c57c6259193466,light heavyweight,f9d0cae37dabfafc,Ike Villanueva,KO/TKO,1.0,295.0,True,False,True,False,541+,<30,1
cc7040fe76f0ef91,Devin Clark,6,28.657084188911703,2,2018-12-08,UFC 231: Holloway vs. Ortega,19d1ae54681bc722,light heavyweight,333b9e5c723ac873,Aleksandar Rakic,KO/TKO,1,245,175.0,2019-06-01,UFC Fight Night: Gustafsson vs. Smith,a072481f307dc8aa,light heavyweight,025f0b1b58fbad01,Darko Stosic,Decision - Unanimous,3.0,900.0,True,False,False,False,121-180,<30,2
1e1dbd1cc5a7469e,Jimi Manuwa,11,38.80355920602327,4,2018-12-08,UFC 231: Holloway vs. Ortega,37a7dc68f3a0e65d,light heavyweight,dea070ed4a2a8281,Thiago Santos,KO/TKO,2,341,175.0,2019-06-01,UFC Fight Night: Gustafsson vs. Smith,138c8807fef52564,light heavyweight,333b9e5c723ac873,Aleksandar Rakic,KO/TKO,1.0,47.0,False,True,True,True,121-180,35+,3+
31f8081c7600da93,Kyle Nelson,1,27.63586584531143,1,2018-12-08,UFC 231: Holloway vs. Ortega,fdc97f9b88bdef7d,lightweight,f53d4f21d1b5f2dc,Diego Ferreira,KO/TKO,2,383,147.0,2019-05-04,UFC Fight Night: Iaquinta vs. Cowboy,a3731057c8775716,featherweight,5b8ba8f5512893b1,Matt Sayles,Submission,3.0,796.0,False,True,False,False,121-180,<30,1
193b9d1858bc4df3,Dan Hooker,11,28.83504449007529,1,2018-12-15,UFC Fight Night: Lee vs. Iaquinta,920b6f739a36e721,lightweight,64a50dad704d1d49,Edson Barboza,KO/TKO,3,739,217.0,2019-07-20,UFC Fight Night: Dos Anjos vs. Edwards,9d6b46a3cf5ec494,lightweight,6256b2b1562cb8e1,James Vick,KO/TKO,1.0,153.0,True,False,True,False,181-270,<30,1
7026eca45f65377b,Jared Gordon,4,30.272416153319643,2,2018-12-15,UFC Fight Night: Lee vs. Iaquinta,92fd2127f46b0cb7,lightweight,ae7fe94f117f98cf,Joaquim Silva,KO/TKO,3,759,196.0,2019-06-29,UFC Fight Night: Ngannou vs. Dos Santos,3f8c6e31ebbe54bc,lightweight,66e98b3bb5fc5250,Dan Moret,Decision - Unanimous,3.0,900.0,True,False,False,False,181-270,30-34,2
3c6976f8182d9527,Alexander Gustafsson,15,31.953456536618756,2,2018-12-29,UFC 232: Jones vs. Gustafsson 2,ceaae1db8ccde29c,light heavyweight,07f72a2a7591b409,Jon Jones,KO/TKO,3,722,154.0,2019-06-01,UFC Fight Night: Gustafsson vs. Smith,4f9939af9a1d40a3,light heavyweight,d4c9dcd330403612,Anthony Smith,Submission,4.0,1058.0,False,True,False,False,121-180,30-34,2
899923ff6ab13917,Bevon Lewis,1,27.652292950034223,1,2018-12-29,UFC 232: Jones vs. Gustafsson 2,4de25b19c4dedb14,middleweight,65578a75fa7900e3,Uriah Hall,KO/TKO,3,692,161.0,2019-06-08,UFC 238: Cejudo vs. Moraes,a255ed658a2ac9bb,middleweight,a17ad5a5048e8c3f,Darren Stewart,Decision - Unanimous,3.0,900.0,False,True,False,False,121-180,<30,1
634bb0de2eb043b4,Cristiane Justino,6,33.47296372347707,1,2018-12-29,UFC 232: Jones vs. Gustafsson 2,3278e45b30f7dd33,women's featherweight,80fa8218c99f9c58,Amanda Nunes,KO/TKO,1,51,210.0,2019-07-27,UFC 240: Holloway vs. Edgar,240e9389cca3bd18,women's featherweight,39d91e95949de3d9,Felicia Spencer,Decision - Unanimous,3.0,900.0,True,False,False,False,181-270,30-34,1
3a314d9fa7c6825d,Douglas Silva de Andrade,6,33.51950718685831,1,2018-12-29,UFC 232: Jones vs. Gustafsson 2,498e7b0800af226c,bantamweight,d661ce4da776fc20,Petr Yan,KO/TKO,2,600,322.0,2019-11-16,UFC Fight Night: Blachowicz vs. Jacare,80ce8f7d988d5e57,featherweight,2c99576fefe53c7c,Renan Barao,Decision - Unanimous,3.0,900.0,True,False,False,False,271-365,30-34,1
262a7d06203657e6,Alexander Hernandez,3,26.299794661190965,1,2019-01-19,UFC Fight Night: Cejudo vs. Dillashaw,3dd0951b8855137d,lightweight,1d00756835ca67c9,Donald Cerrone,KO/TKO,2,523,182.0,2019-07-20,UFC Fight Night: Dos Anjos vs. Edwards,c92308bbd6107b11,lightweight,a8283a4f415e1eb9,Francisco Trinaldo,Decision - Unanimous,3.0,900.0,True,False,False,False,181-270,<30,1
c849740a3ff51931,TJ Dillashaw,16,32.94729637234771,2,2019-01-19,UFC Fight Night: Cejudo vs. Dillashaw,85511ab7fd9ed061,flyweight,056c493bbd76a918,Henry Cejudo,KO/TKO,1,32,917.0,2021-07-24,UFC Fight Night: Sandhagen vs. Dillashaw,214b268e4a92f950,bantamweight,65f09bacd3957381,Cory Sandhagen,Decision - Split,5.0,1500.0,True,False,False,False,541+,30-34,2
acb36c908d415c4a,Vinicius Moreira,1,29.88911704312115,1,2019-01-19,UFC Fight Night: Cejudo vs. Dillashaw,8a9c8f1d53d8c664,light heavyweight,a495f599e787614f,Alonzo Menifield,KO/TKO,1,236,161.0,2019-06-29,UFC Fight Night: Ngannou vs. Dos Santos,c0982b3919cc74f0,light heavyweight,cad24459b28592ca,Eryk Anders,KO/TKO,1.0,78.0,False,True,True,True,121-180,<30,1
813550bc53b15fb0,Yancy Medeiros,13,31.367556468172484,3,2019-01-19,UFC Fight Night: Cejudo vs. Dillashaw,0261adcfc6e49150,lightweight,84ff027394f7e470,Gregor Gillespie,KO/TKO,2,599,392.0,2020-02-15,UFC Fight Night: Anderson vs. Blachowicz,eab100e978c730c5,lightweight,f9b200db02b488d9,Lando Vannata,Decision - Unanimous,3.0,900.0,False,True,False,False,366-540,30-34,3+
c482c8605455a213,Junior Albini,4,27.887748117727583,1,2019-02-02,UFC Fight Night: Assuncao vs. Moraes 2,491b7d974254596d,heavyweight,2cd428e9606856fd,Jairzinho Rozenstruik,KO/TKO,2,354,147.0,2019-06-29,UFC Fight Night: Ngannou vs. Dos Santos,9ba051e0f5674108,heavyweight,068f8a189a47fea6,Maurice Greene,KO/TKO,1.0,218.0,False,True,True,True,121-180,<30,1
ba1e6cb3d43f7430,Justin Ledet,5,30.34633812457221,1,2019-02-02,UFC Fight Night: Assuncao vs. Moraes 2,44cfd4330eb6e2bf,light heavyweight,c21f26bbde777573,Johnny Walker,KO/TKO,1,15,350.0,2020-01-18,UFC 246: McGregor vs. Cowboy,6087c50c5f95a677,light heavyweight,c2a670b22d2e196f,Aleksa Camur,Decision - Unanimous,3.0,900.0,False,True,False,False,271-365,30-34,1
b6452706b373eea1,Renato Moicano,7,29.702943189596166,1,2019-02-02,UFC Fight Night: Assuncao vs. Moraes 2,300f1489174a3ece,featherweight,d0f3959b4a9747e6,Jose Aldo,KO/TKO,2,344,140.0,2019-06-22,UFC Fight Night: Moicano vs. The Korean Zombie,aec1339028f3416c,featherweight,c451d67c09c55418,Chan Sung Jung,KO/TKO,1.0,58.0,False,True,True,True,121-180,<30,1
1ae8f3c723aacff4,Ricardo Ramos,4,23.50718685831622,1,2019-02-02,UFC Fight Night: Assuncao vs. Moraes 2,9192053a3884aadf,bantamweight,0fd5f4b838e890cc,Said Nurmagomedov,KO/TKO,1,148,147.0,2019-06-29,UFC Fight Night: Ngannou vs. Dos Santos,8f5d5dd10a167cc0,bantamweight,78f485f851891d68,Journey Newson,Decision - Unanimous,3.0,900.0,True,False,False,False,121-180,<30,1
8fc9ae9c7527dfcb,Callan Potter,1,34.6694045174538,1,2019-02-09,UFC 234: Adesanya vs. Silva,11c0ef97497303ef,lightweight,4d8fa64202cee4c1,Jalin Turner,KO/TKO,1,53,238.0,2019-10-05,UFC 243: Whittaker vs. Adesanya,578987d534a0d205,welterweight,c549573c0df4d676,Maki Pitolo,Decision - Unanimous,3.0,900.0,True,False,False,False,181-270,30-34,1
98a6b2361045898f,Dong Hyun Ma,6,30.417522245037645,3,2019-02-09,UFC 234: Adesanya vs. Silva,5ff8463edf8155c0,lightweight,207773daeb4afa7b,Devonte Smith,KO/TKO,1,233,175.0,2019-08-03,UFC Fight Night: Covington vs. Lawler,1d9f862a47540785,lightweight,df1eb4354d18a906,Scott Holtzman,TKO - Doctor's Stoppage,2.0,600.0,False,True,False,False,121-180,30-34,3+
d156513a19acf856,Sam Alvey,17,32.76386036960986,3,2019-02-09,UFC 234: Adesanya vs. Silva,e4862c4f20117cb8,light heavyweight,70e1f8a821b72c8b,Jimmy Crute,KO/TKO,1,169,161.0,2019-07-20,UFC Fight Night: Dos Anjos vs. Edwards,f711b3ec6bc3c407,light heavyweight,7279654c7674cd24,Klidson Abreu,Decision - Unanimous,3.0,900.0,False,True,False,False,121-180,30-34,3+
a331233f597090a5,Bryan Barberena,9,29.793292265571527,1,2019-02-17,UFC Fight Night: Ngannou vs. Velasquez,1521f94cafdfd783,welterweight,6d4b63c767106d3a,Vicente Luque,KO/TKO,3,894,125.0,2019-06-22,UFC Fight Night: Moicano vs. The Korean Zombie,4096b302747d47b3,welterweight,c6aee362c7a7d482,Randy Brown,KO/TKO,3.0,774.0,False,True,True,True,121-180,<30,1
2c99576fefe53c7c,Renan Barao,16,32.04654346338125,3,2019-02-17,UFC Fight Night: Ngannou vs. Velasquez,7fec3b1ec923ad24,bantamweight,96428b9e9bd048ea,Luke Sanders,KO/TKO,2,361,272.0,2019-11-16,UFC Fight Night: Blachowicz vs. Jacare,80ce8f7d988d5e57,featherweight,3a314d9fa7c6825d,Douglas Silva de Andrade,Decision - Unanimous,3.0,900.0,False,True,False,False,271-365,30-34,3+
fcd448a2fe1a23cc,Gian Villante,15,33.516769336071185,3,2019-02-23,UFC Fight Night: Blachowicz vs. Santos,34c649f3f43a919b,light heavyweight,0d65c432720accb9,Michal Oleksiejczuk,KO/TKO,1,94,490.0,2020-06-27,UFC Fight Night: Poirier vs. Hooker,9ce56acac775d386,heavyweight,068f8a189a47fea6,Maurice Greene,Submission,3.0,824.0,False,True,False,False,366-540,30-34,3+
99df7d0a2a08a8a8,Jan Blachowicz,11,35.997262149212865,1,2019-02-23,UFC Fight Night: Blachowicz vs. Santos,cb010b41cd20a1ed,light heavyweight,dea070ed4a2a8281,Thiago Santos,KO/TKO,3,639,133.0,2019-07-06,UFC 239: Jones vs. Santos,531d9676d767da66,light heavyweight,00e11b5c8b7bfeeb,Luke Rockhold,KO/TKO,2.0,399.0,True,False,True,False,121-180,35+,1
edd02825c29028fe,Marco Polo Reyes,6,34.2943189596167,2,2019-02-23,UFC Fight Night: Blachowicz vs. Santos,18d6df67968bf06b,lightweight,38c626ca912c7bac,Damir Hadzovic,KO/TKO,2,423,126.0,2019-06-29,UFC Fight Night: Ngannou vs. Dos Santos,966bf043577f8b6a,lightweight,519e4fe37ce9ff75,Drew Dober,KO/TKO,1.0,67.0,False,True,True,True,121-180,30-34,2
76ee3d666c648f6b,Charles Byrd,3,35.389459274469544,2,2019-03-02,UFC 235: Jones vs. Smith,7a26c9407ef64e10,middleweight,4144798612ef96e5,Edmen Shahbazyan,KO/TKO,1,38,462.0,2020-06-06,UFC 250: Nunes vs. Spencer,1c7ea3928c7d0ad8,middleweight,c549573c0df4d676,Maki Pitolo,KO/TKO,2.0,370.0,False,True,True,True,366-540,35+,2
d8c7c61b176e3994,Cody Garbrandt,9,27.652292950034223,3,2019-03-02,UFC 235: Jones vs. Smith,39fa341fb9161d6f,bantamweight,6bd02119599741a4,Pedro Munhoz,KO/TKO,1,292,462.0,2020-06-06,UFC 250: Nunes vs. Spencer,0ddf834a47533d15,bantamweight,2f13e4020cea5b38,Raphael Assuncao,KO/TKO,2.0,599.0,True,False,True,False,366-540,<30,3+
016a8d958883167c,Gina Mazany,4,30.532511978097194,1,2019-03-02,UFC 235: Jones vs. Smith,8adc6266a7c2fd40,women's bantamweight,9cdd2da1a9104a0b,Macy Chiasson,KO/TKO,1,109,469.0,2020-06-13,UFC Fight Night: Eye vs. Calvillo,97125cd6a94b6394,women's bantamweight,86d9dbe1bfcbade7,Julia Avila,KO/TKO,1.0,22.0,False,True,True,True,366-540,30-34,1
9e50097a89442158,Mickey Gall,6,27.107460643394933,1,2019-03-02,UFC 235: Jones vs. Smith,e3826e06d68ed4af,welterweight,82e7929bf6c2b689,Diego Sanchez,KO/TKO,2,553,154.0,2019-08-03,UFC Fight Night: Covington vs. Lawler,f4bd11655adeb078,welterweight,cbf1c7ba5408a66f,Salim Touahri,Decision - Unanimous,3.0,900.0,True,False,False,False,121-180,<30,1
67f272324a030d00,Misha Cirkunov,8,32.0082135523614,3,2019-03-02,UFC 235: Jones vs. Smith,7adaf85915993137,light heavyweight,c21f26bbde777573,Johnny Walker,KO/TKO,1,36,196.0,2019-09-14,UFC Fight Night: Cowboy vs. Gaethje,92b98afec5eb4e05,light heavyweight,70e1f8a821b72c8b,Jimmy Crute,Submission,1.0,218.0,True,False,False,False,181-270,30-34,3+
d3df1add9d9a7efb,Derrick Lewis,17,34.0807665982204,4,2019-03-09,UFC Fight Night: Lewis vs. Dos Santos,1b1792afe4457e83,heavyweight,63def5a5662a6917,Junior Dos Santos,KO/TKO,2,418,238.0,2019-11-02,UFC 244: Masvidal vs. Diaz,f870cacadb058733,heavyweight,1788eee370f077b7,Blagoy Ivanov,Decision - Split,3.0,900.0,True,False,False,False,181-270,30-34,3+
4b47e71384a9522f,Tim Means,19,35.04722792607803,1,2019-03-09,UFC Fight Night: Lewis vs. Dos Santos,aeb0322f619213b1,welterweight,d8da10db80131bec,Niko Price,KO/TKO,1,290,273.0,2019-12-07,UFC Fight Night: Overeem vs. Rozenstruik,57d04160f5438654,welterweight,31ee470ef5dc8d7f,Thiago Alves,Submission,1.0,158.0,True,False,False,False,271-365,35+,1
9ce6d5a03af801b7,Darren Till,8,26.223134839151268,1,2019-03-16,UFC Fight Night: Till vs. Masvidal,c6dd17ab89437805,welterweight,47b9e0e7703a4868,Jorge Masvidal,KO/TKO,2,485,231.0,2019-11-02,UFC 244: Masvidal vs. Diaz,7c40aa2cb6883a91,middleweight,8c0580d4fff106c1,Kelvin Gastelum,Decision - Split,3.0,900.0,True,False,False,False,181-270,<30,1
776a58a67665a171,Nad Narimani,3,31.920602327173167,1,2019-03-16,UFC Fight Night: Till vs. Masvidal,9763e27bf80abe42,featherweight,56fcb2c4d99f9d1b,Mike Grundy,KO/TKO,2,582,490.0,2020-07-18,UFC Fight Night: Figueiredo vs. Benavidez 2,bb881d4ee6dfbf86,catch weight,99bd51917728c25d,Grant Dawson,Decision - Unanimous,3.0,900.0,False,True,False,False,366-540,30-34,1
9ba2226646046b63,Frankie Saenz,9,38.60917180013689,2,2019-03-23,UFC Fight Night: Thompson vs. Pettis,971b3d35c302cf8f,bantamweight,7c7332319c14094c,Marlon Vera,KO/TKO,1,85,497.0,2020-08-01,UFC Fight Night: Brunson vs. Shahbazyan,94b48b98d0292720,bantamweight,f2477cf43c4975cc,Jonathan Martinez,KO/TKO,3.0,657.0,False,True,True,True,366-540,35+,2
6fd953151d981979,JJ Aldrich,5,26.477754962354553,1,2019-03-23,UFC Fight Night: Thompson vs. Pettis,55b53fdad307b708,women's flyweight,6a740daf1b279661,Maycee Barber,KO/TKO,2,481,203.0,2019-10-12,UFC Fight Night: Joanna vs. Waterson,64bee58391921b4b,women's flyweight,f923e012414c883e,Lauren Mueller,Decision - Unanimous,3.0,900.0,True,False,False,False,181-270,<30,1
4a28cb716c19157a,Stephen Thompson,14,36.10951403148528,1,2019-03-23,UFC Fight Night: Thompson vs. Pettis,56ae02578b1163ee,welterweight,cbb682f5fcc44bfc,Anthony Pettis,KO/TKO,2,595,224.0,2019-11-02,UFC 244: Masvidal vs. Diaz,28deed0ab55ca350,welterweight,6d4b63c767106d3a,Vicente Luque,Decision - Unanimous,3.0,900.0,True,False,False,False,181-270,35+,1
64a50dad704d1d49,Edson Barboza,21,33.1854893908282,2,2019-03-30,UFC Fight Night: Barboza vs. Gaethje,b309cdde35310875,lightweight,9e8f6c728eb01124,Justin Gaethje,KO/TKO,1,150,161.0,2019-09-07,UFC 242: Khabib vs. Poirier,357a34207d70da69,lightweight,e5010b1b94ca5755,Paul Felder,Decision - Split,3.0,900.0,False,True,False,False,121-180,30-34,2
511e82663651438d,Michael Johnson,21,32.818617385352496,2,2019-03-30,UFC Fight Night: Barboza vs. Gaethje,5c70b175f08ca141,featherweight,fba03cd6cc28dc41,Josh Emmett,KO/TKO,3,854,210.0,2019-10-26,UFC Fight Night: Maia vs. Askren,3162ae3ccbf785ac,lightweight,31a13532e724ca2b,Stevie Ray,Decision - Majority,3.0,900.0,False,True,False,False,181-270,30-34,2
98e946879ba20c0f,Boston Salmon,1,28.39425051334702,1,2019-04-13,UFC 236: Holloway vs. Poirier 2,2456c4550c26e5e8,bantamweight,b4537562f88ac582,Khalid Taha,KO/TKO,1,25,188.0,2019-10-18,UFC Fight Night: Reyes vs. Weidman,38d6c2538ce6ec4c,bantamweight,325ad0dd9126d3df,Randy Costa,KO/TKO,1.0,135.0,False,True,True,True,181-270,<30,1
98c23cb6da5b3352,Aleksei Oleinik,9,41.831622176591374,1,2019-04-20,UFC Fight Night: Overeem vs. Oleinik,470a3c1b89504258,heavyweight,b4ad3a06ee4d660c,Alistair Overeem,KO/TKO,1,285,91.0,2019-07-20,UFC Fight Night: Dos Anjos vs. Edwards,15ce105716441c54,heavyweight,03f982ca3735070c,Walt Harris,KO/TKO,1.0,12.0,False,True,True,True,0-120,35+,1
af997f7611673880,Gadzhimurad Antigulov,4,32.19164955509925,2,2019-04-20,UFC Fight Night: Overeem vs. Oleinik,56f984ac83fb34cc,light heavyweight,0d65c432720accb9,Michal Oleksiejczuk,KO/TKO,1,44,462.0,2020-07-25,UFC Fight Night: Whittaker vs. Till,74dae3d87a99cf5d,light heavyweight,eabf206b162b3b83,Paul Craig,Submission,1.0,126.0,False,True,False,False,366-540,30-34,2
c9cf753cfdf77fc2,Marcin Tybura,8,33.44284736481862,2,2019-04-20,UFC Fight Night: Overeem vs. Oleinik,0bc7e4852f75a06d,heavyweight,2f5cbecbbe18bac4,Shamil Abdurakhimov,KO/TKO,2,495,147.0,2019-09-14,UFC Fight Night: Cowboy vs. Gaethje,9d3a38cc18807e10,heavyweight,441eacbe20e0e80b,Augusto Sakai,KO/TKO,1.0,59.0,False,True,True,True,121-180,30-34,2
c814b4c899793af6,Rafael Fiziev,1,26.12457221081451,1,2019-04-20,UFC Fight Night: Overeem vs. Oleinik,75bc89630027c601,lightweight,31d7446b184e3305,Magomed Mustafaev,KO/TKO,1,86,189.0,2019-10-26,UFC Fight Night: Maia vs. Askren,1c91deb42b991d18,lightweight,c17041f1bb5768d8,Alex White,Decision - Unanimous,3.0,900.0,True,False,False,False,181-270,<30,1
484acc7b0f856ce9,Ben Saunders,18,36.03832991101985,6,2019-04-27,UFC Fight Night: Jacare vs. Hermansson,80e68a6453e15ab9,welterweight,8abac218746e04ca,Takashi Sato,KO/TKO,2,378,231.0,2019-12-14,UFC 245: Usman vs. Covington,98dd88d83f57c17a,welterweight,31123249b0bbf52e,Matt Brown,KO/TKO,2.0,595.0,False,True,True,True,181-270,35+,3+
539ed332b3078821,Sarah Moras,6,31.00889801505818,1,2019-05-04,UFC Fight Night: Iaquinta vs. Cowboy,3011439ecaf74180,women's bantamweight,9cdd2da1a9104a0b,Macy Chiasson,KO/TKO,2,442,126.0,2019-09-07,UFC 242: Khabib vs. Poirier,8e1ae2ae6694b131,women's bantamweight,eebc23626e38f5dc,Liana Jojua,KO/TKO,3.0,746.0,True,False,True,False,121-180,30-34,1
e2f6b2769aaedd6c,Serghei Spivac,1,24.27378507871321,1,2019-05-04,UFC Fight Night: Iaquinta vs. Cowboy,e939acbd9894c686,heavyweight,03f982ca3735070c,Walt Harris,KO/TKO,1,50,154.0,2019-10-05,UFC 243: Whittaker vs. Adesanya,8cd7ca0e7b861b3d,heavyweight,c62fbc117d57b943,Tai Tuivasa,Submission,2.0,494.0,True,False,False,False,121-180,<30,1
1f454354805b6f75,Anderson Silva,24,44.07392197125257,3,2019-05-11,UFC 237: Namajunas vs. Andrade,a08dffad240dc3d4,middleweight,13a0275fa13c4d26,Jared Cannonier,KO/TKO,1,287,539.0,2020-10-31,UFC Fight Night: Hall vs. Silva,039c645e8f3ac00f,middleweight,65578a75fa7900e3,Uriah Hall,KO/TKO,4.0,984.0,False,True,True,True,366-540,35+,3+
225def29ecfe0fc1,Carlos Huachin,1,22.93223819301848,1,2019-05-11,UFC 237: Namajunas vs. Andrade,1218cba28d4dce94,bantamweight,b9f28e7045fdfce7,Raoni Barcelos,KO/TKO,2,589,133.0,2019-09-21,UFC Fight Night: Rodriguez vs. Stephens,953c89aa931082e4,bantamweight,36549928f90f1d36,Jose Quinonez,Decision - Unanimous,3.0,900.0,False,True,False,False,121-180,<30,1
73e09f837f3b5ecc,Rogerio Nogueira,12,42.93771389459275,3,2019-05-11,UFC 237: Namajunas vs. Andrade,413a4c217ee0193f,light heavyweight,a67f5afa8d6a1b80,Ryan Spann,KO/TKO,1,127,441.0,2020-07-25,UFC Fight Night: Whittaker vs. Till,a3820f1eb82f2ba6,light heavyweight,140745cbbcb023ac,Mauricio Rua,Decision - Split,3.0,900.0,False,True,False,False,366-540,35+,3+
47b63240018d5d86,Rose Namajunas,9,26.863791923340177,1,2019-05-11,UFC 237: Namajunas vs. Andrade,07c00213ec388e07,women's strawweight,6a1901c62ab3870f,Jessica Andrade,KO/TKO,2,478,427.0,2020-07-11,UFC 251: Usman vs. Masvidal,e16f42a666e163d8,women's strawweight,6a1901c62ab3870f,Jessica Andrade,Decision - Split,3.0,900.0,True,False,False,False,366-540,<30,1
1bcaac2d99b90fce,Sergio Moraes,13,36.799452429842574,2,2019-05-11,UFC 237: Namajunas vs. Andrade,2b038a467a89c73c,welterweight,d317a5e2b3f88c5f,Warlley Alves,KO/TKO,3,853,189.0,2019-11-16,UFC Fight Night: Blachowicz vs. Jacare,aa232e53d285cc6d,welterweight,8f6a18831a120817,James Krause,KO/TKO,3.0,859.0,False,True,True,True,181-270,35+,2
a6cba6bb66c1a8c9,Danny Roberts,9,31.84394250513347,3,2019-05-18,UFC Fight Night: Dos Anjos vs. Lee,04c9ebe419195f8b,welterweight,595db60957de51d3,Michel Pereira,KO/TKO,1,107,175.0,2019-11-09,UFC Fight Night: Zabit vs. Kattar,071a1cd551b7b4d5,welterweight,7f0f171414d0a287,Zelim Imadaev,KO/TKO,2.0,594.0,True,False,True,False,121-180,30-34,3+
714e1e0681ddb703,Derrick Krantz,1,31.342915811088297,1,2019-05-18,UFC Fight Night: Dos Anjos vs. Lee,083a6edd8bb21bc8,welterweight,6d4b63c767106d3a,Vicente Luque,KO/TKO,1,232,105.0,2019-08-31,UFC Fight Night: Andrade vs. Zhang,676561d9690ce31d,welterweight,32490e80ddab1e5a,Song Kenan,Decision - Unanimous,3.0,900.0,False,True,False,False,0-120,30-34,1
902ec2cc48c8ae8a,Julian Erosa,5,29.796030116358658,3,2019-05-18,UFC Fight Night: Dos Anjos vs. Lee,115fa6f5f3e51bbb,featherweight,1291edf2d566a71a,Julio Arce,KO/TKO,3,709,406.0,2020-06-27,UFC Fight Night: Poirier vs. Hooker,8a8fea2c10512434,catch weight,4682bc59d5f55145,Sean Woodson,Submission,3.0,764.0,True,False,False,False,366-540,<30,3+
6fb1ba67bef41b37,Nik Lentz,23,34.75975359342916,1,2019-05-18,UFC Fight Night: Dos Anjos vs. Lee,5782666ca117fa5b,lightweight,07225ba28ae309b6,Charles Oliveira,KO/TKO,2,431,252.0,2020-01-25,UFC Fight Night: Blaydes vs. Dos Santos,ed94cdc0f2b97e15,featherweight,040a74bb0a465c54,Arnold Allen,Decision - Unanimous,3.0,900.0,False,True,False,False,181-270,30-34,1
c3f6db17cea09ca7,Danilo Belluardo,1,24.862422997946613,1,2019-06-01,UFC Fight Night: Gustafsson vs. Smith,a4e210bcdcc1bf5b,lightweight,58bbef3770bb2dfc,Joel Alvarez,KO/TKO,2,442,119.0,2019-09-28,UFC Fight Night: Hermansson vs. Cannonier,975840814b233bcd,lightweight,da0995f19b749cfa,Mark Madsen,KO/TKO,1.0,72.0,False,True,True,True,0-120,<30,1
31a13532e724ca2b,Stevie Ray,10,29.1854893908282,2,2019-06-01,UFC Fight Night: Gustafsson vs. Smith,e1bd72aba46f46a1,lightweight,9c65736747ca92ec,Leonardo Santos,KO/TKO,1,137,147.0,2019-10-26,UFC Fight Night: Maia vs. Askren,3162ae3ccbf785ac,lightweight,511e82663651438d,Michael Johnson,Decision - Majority,3.0,900.0,True,False,False,False,121-180,<30,2
d3fa5c5955397532,Grigory Popov,1,35.13757700205339,1,2019-06-08,UFC 238: Cejudo vs. Moraes,aa430402314b4459,bantamweight,fc9a9559a05f2704,Eddie Wineland,KO/TKO,2,587,154.0,2019-11-09,UFC Fight Night: Zabit vs. Kattar,f0418c2c989a5cde,bantamweight,113df4fde64735c6,Davey Grant,Decision - Split,3.0,900.0,False,True,False,False,121-180,35+,1
f72465a784c1b084,Jessica Eye,11,32.865160848733744,1,2019-06-08,UFC 238: Cejudo vs. Moraes,4127b45c3d546eef,women's flyweight,132deb59abae64b1,Valentina Shevchenko,KO/TKO,2,326,189.0,2019-12-14,UFC 245: Usman vs. Covington,35d0ef51fede263c,women's flyweight,36541f1e6c5d4955,Viviane Araujo,Decision - Unanimous,3.0,900.0,True,False,False,False,181-270,30-34,1
fea79f9bc8c68769,Marlon Moraes,6,31.11567419575633,1,2019-06-08,UFC 238: Cejudo vs. Moraes,cf4199c8517bc1fd,bantamweight,056c493bbd76a918,Henry Cejudo,KO/TKO,3,891,189.0,2019-12-14,UFC 245: Usman vs. Covington,b5ec939fd1edf048,bantamweight,d0f3959b4a9747e6,Jose Aldo,Decision - Split,3.0,900.0,True,False,False,False,181-270,30-34,1
3974fa35c917af1d,Ricardo Lamas,16,37.04859685147159,3,2019-06-08,UFC 238: Cejudo vs. Moraes,bf2a9732af50c84c,featherweight,751de04455cfaac0,Calvin Kattar,KO/TKO,1,246,448.0,2020-08-29,UFC Fight Night: Smith vs. Rakic,3a8e4b830750e9d4,featherweight,9abc648e76c4493a,Bill Algeo,Decision - Unanimous,3.0,900.0,True,False,False,False,366-540,35+,3+
a331233f597090a5,Bryan Barberena,10,30.135523613963038,2,2019-06-22,UFC Fight Night: Moicano vs. The Korean Zombie,4096b302747d47b3,welterweight,c6aee362c7a7d482,Randy Brown,KO/TKO,3,774,448.0,2020-09-12,UFC Fight Night: Waterson vs. Hill,463fc1fd1f17befb,welterweight,3c5005b66696d790,Anthony Ivy,Decision - Unanimous,3.0,900.0,True,False,False,False,366-540,30-34,2
eb29176b03dfa888,Matt Wiman,16,35.75633127994524,3,2019-06-22,UFC Fight Night: Moicano vs. The Korean Zombie,ab4862ea4cbd0750,lightweight,2844b047183a1adb,Luis Pena,KO/TKO,3,674,168.0,2019-12-07,UFC Fight Night: Overeem vs. Rozenstruik,a3f89ad71e1caa81,lightweight,af65aa688d13eedf,Joe Solecki,Decision - Unanimous,3.0,900.0,False,True,False,False,121-180,35+,3+
b6452706b373eea1,Renato Moicano,8,30.086242299794662,2,2019-06-22,UFC Fight Night: Moicano vs. The Korean Zombie,aec1339028f3416c,featherweight,c451d67c09c55418,Chan Sung Jung,KO/TKO,1,58,266.0,2020-03-14,UFC Fight Night: Lee vs. Oliveira,c26a3f4c08333886,lightweight,38c626ca912c7bac,Damir Hadzovic,Submission,1.0,44.0,True,False,False,False,181-270,30-34,2
3f7dab21b6c971bc,Dequan Townsend,1,33.13347022587269,1,2019-06-29,UFC Fight Night: Ngannou vs. Dos Santos,7ce7075951c9aa31,light heavyweight,ce632027bf2a871b,Dalcha Lungiambula,KO/TKO,3,642,210.0,2020-01-25,UFC Fight Night: Blaydes vs. Dos Santos,3fd3b871e83434c5,middleweight,899923ff6ab13917,Bevon Lewis,Decision - Unanimous,3.0,900.0,False,True,False,False,181-270,30-34,1
63def5a5662a6917,Junior Dos Santos,20,35.4113620807666,4,2019-06-29,UFC Fight Night: Ngannou vs. Dos Santos,4e71dbef18157288,heavyweight,8d03ce87ca14e778,Francis Ngannou,KO/TKO,1,71,210.0,2020-01-25,UFC Fight Night: Blaydes vs. Dos Santos,037d2f426c916ffc,heavyweight,fa6796c55d6c5440,Curtis Blaydes,KO/TKO,2.0,366.0,False,True,True,True,181-270,35+,3+
b102c26727306ab6,Jussier Formiga,14,34.20670773442848,3,2019-06-29,UFC Fight Night: Ngannou vs. Dos Santos,2418af6da44fd361,flyweight,80eacd4da0617c57,Joseph Benavidez,KO/TKO,2,587,259.0,2020-03-14,UFC Fight Night: Lee vs. Oliveira,b3c74554c871fbf8,flyweight,792be9a24df82ed6,Brandon Moreno,Decision - Unanimous,3.0,900.0,False,True,False,False,181-270,30-34,3+
edd02825c29028fe,Marco Polo Reyes,7,34.639288158795345,3,2019-06-29,UFC Fight Night: Ngannou vs. Dos Santos,966bf043577f8b6a,lightweight,519e4fe37ce9ff75,Drew Dober,KO/TKO,1,67,84.0,2019-09-21,UFC Fight Night: Rodriguez vs. Stephens,ad878cdd4fa36a3a,featherweight,31f8081c7600da93,Kyle Nelson,KO/TKO,1.0,96.0,False,True,True,True,0-120,30-34,3+
eabf206b162b3b83,Paul Craig,7,31.586584531143053,3,2019-06-29,UFC Fight Night: Ngannou vs. Dos Santos,c770192a9f3261cd,light heavyweight,a495f599e787614f,Alonzo Menifield,KO/TKO,1,199,84.0,2019-09-21,UFC Fight Night: Rodriguez vs. Stephens,8cf6b22995c9efb8,light heavyweight,acb36c908d415c4a,Vinicius Moreira,Submission,1.0,199.0,True,False,False,False,0-120,30-34,3+
acb36c908d415c4a,Vinicius Moreira,2,30.32991101984942,2,2019-06-29,UFC Fight Night: Ngannou vs. Dos Santos,c0982b3919cc74f0,light heavyweight,cad24459b28592ca,Eryk Anders,KO/TKO,1,78,84.0,2019-09-21,UFC Fight Night: Rodriguez vs. Stephens,8cf6b22995c9efb8,light heavyweight,eabf206b162b3b83,Paul Craig,Submission,1.0,199.0,False,True,False,False,0-120,30-34,2
80daefbed11ce998,Alejandro Perez,11,29.83983572895277,1,2019-07-06,UFC 239: Jones vs. Santos,00f4b6184f6315d0,bantamweight,efb96bf3e9ada36f,Song Yadong,KO/TKO,1,124,819.0,2021-10-02,UFC Fight Night: Santos vs. Walker,e7423a91a253b416,bantamweight,528c24b99fbaab79,Johnny Eduardo,Submission,2.0,553.0,True,False,False,False,541+,<30,1
0b31f87be71ebbb1,Ben Askren,2,34.965092402464066,1,2019-07-06,UFC 239: Jones vs. Santos,70af72a72b31fe4d,welterweight,47b9e0e7703a4868,Jorge Masvidal,KO/TKO,1,5,112.0,2019-10-26,UFC Fight Night: Maia vs. Askren,241a0833e1c76804,welterweight,427b5953ac8e3a27,Demian Maia,Submission,3.0,834.0,False,True,False,False,0-120,30-34,1
634e2fb70bde3fd5,Holly Holm,10,37.71663244353183,1,2019-07-06,UFC 239: Jones vs. Santos,69c06be4f87ccdab,women's bantamweight,80fa8218c99f9c58,Amanda Nunes,KO/TKO,1,250,196.0,2020-01-18,UFC 246: McGregor vs. Cowboy,36032308b7e86fd0,women's bantamweight,fc169c387b4b465d,Raquel Pennington,Decision - Unanimous,3.0,900.0,True,False,False,False,181-270,35+,1
00e11b5c8b7bfeeb,Luke Rockhold,10,34.71594798083505,4,2019-07-06,UFC 239: Jones vs. Santos,531d9676d767da66,light heavyweight,99df7d0a2a08a8a8,Jan Blachowicz,KO/TKO,2,399,1141.0,2022-08-20,UFC 278: Usman vs. Edwards,2de6652160cc7b9f,middleweight,2e5c2aa8e4ab9d82,Paulo Costa,Decision - Unanimous,3.0,900.0,False,True,False,False,541+,30-34,3+
d4691518d012b9e7,Aspen Ladd,4,24.366872005475702,1,2019-07-13,UFC Fight Night: De Randamie vs. Ladd,edc87836fd998929,women's bantamweight,1d239d571e342453,Germaine de Randamie,KO/TKO,1,16,147.0,2019-12-07,UFC Fight Night: Overeem vs. Rozenstruik,b5365d22172e414b,women's bantamweight,3143bf892608139a,Yana Santos,KO/TKO,3.0,633.0,True,False,True,False,121-180,<30,1
cbd3e590a85b18c5,Mirsad Bektic,8,28.40246406570842,2,2019-07-13,UFC Fight Night: De Randamie vs. Ladd,138cb102906573f2,featherweight,fba03cd6cc28dc41,Josh Emmett,KO/TKO,1,265,210.0,2020-02-08,UFC 247: Jones vs. Reyes,be822403f364fff3,featherweight,82a5152216251682,Dan Ige,Decision - Split,3.0,900.0,False,True,False,False,181-270,<30,2
31bbd39c0a075d4e,Pingyuan Liu,3,26.409308692676248,1,2019-07-13,UFC Fight Night: De Randamie vs. Ladd,ad63c30e22e63344,bantamweight,f2477cf43c4975cc,Jonathan Martinez,KO/TKO,3,834,161.0,2019-12-21,UFC Fight Night: Edgar vs. The Korean Zombie,f93f794247af708a,bantamweight,a7897d200692ab64,Kyung Ho Kang,Decision - Split,3.0,900.0,False,True,False,False,121-180,<30,1
5987b2458f4b5290,Ricky Simon,4,26.863791923340177,1,2019-07-13,UFC Fight Night: De Randamie vs. Ladd,75b1533cc3cafae9,bantamweight,78114b7199cef90c,Urijah Faber,KO/TKO,1,46,147.0,2019-12-07,UFC Fight Night: Overeem vs. Rozenstruik,b9ff9ebe19ae6358,bantamweight,05339613bf8e9808,Rob Font,Decision - Unanimous,3.0,900.0,False,True,False,False,121-180,<30,1
98c23cb6da5b3352,Aleksei Oleinik,10,42.0807665982204,2,2019-07-20,UFC Fight Night: Dos Anjos vs. Edwards,15ce105716441c54,heavyweight,03f982ca3735070c,Walt Harris,KO/TKO,1,12,182.0,2020-01-18,UFC 246: McGregor vs. Cowboy,702759500d47a059,heavyweight,068f8a189a47fea6,Maurice Greene,Submission,2.0,578.0,True,False,False,False,181-270,35+,2
6256b2b1562cb8e1,James Vick,13,32.40246406570842,3,2019-07-20,UFC Fight Night: Dos Anjos vs. Edwards,9d6b46a3cf5ec494,lightweight,193b9d1858bc4df3,Dan Hooker,KO/TKO,1,153,84.0,2019-10-12,UFC Fight Night: Joanna vs. Waterson,f3169b755afcdc5b,welterweight,d8da10db80131bec,Niko Price,KO/TKO,1.0,104.0,False,True,True,True,0-120,30-34,3+
83b00f7597e5ac83,Juan Adams,3,27.50718685831622,1,2019-07-20,UFC Fight Night: Dos Anjos vs. Edwards,88b1d4f951070f83,heavyweight,85073dbd1be65ed9,Greg Hardy,KO/TKO,1,45,203.0,2020-02-08,UFC 247: Jones vs. Reyes,57961c6adebfb13d,heavyweight,e13abac8089a801a,Justin Tafa,KO/TKO,1.0,119.0,False,True,True,True,181-270,<30,1
d8da10db80131bec,Niko Price,9,29.82340862422998,2,2019-07-27,UFC 240: Holloway vs. Edgar,e186bd5e556f1b5e,welterweight,b997be68943010fc,Geoff Neal,KO/TKO,2,459,77.0,2019-10-12,UFC Fight Night: Joanna vs. Waterson,f3169b755afcdc5b,welterweight,6256b2b1562cb8e1,James Vick,KO/TKO,1.0,104.0,True,False,True,False,0-120,<30,2
ae7fe94f117f98cf,Joaquim Silva,6,30.48870636550308,1,2019-08-03,UFC Fight Night: Covington vs. Lawler,dbbd17b6995f014b,lightweight,b7b84ccd221be298,Nasrat Haqparast,KO/TKO,2,336,686.0,2021-06-19,UFC Fight Night: Jung vs. Ige,1e9f081a84e7ec18,lightweight,814ff3018127e8fc,Ricky Glenn,KO/TKO,1.0,37.0,False,True,True,True,541+,30-34,1
82cbb809d5ee565c,Mara Romero Borella,4,33.16632443531827,1,2019-08-03,UFC Fight Night: Covington vs. Lawler,e3acb789f7dcd34c,women's flyweight,729d4bd5a6cd0a97,Lauren Murphy,KO/TKO,3,706,196.0,2020-02-15,UFC Fight Night: Anderson vs. Blachowicz,96919cf8d3e988ff,women's flyweight,80d8aed0ca9b00f3,Montana De La Rosa,Decision - Unanimous,3.0,900.0,False,True,False,False,181-270,30-34,1
e9a3aeb207578eea,Ilir Latifi,12,37.034907597535934,3,2019-08-10,UFC Fight Night: Shevchenko vs. Carmouche 2,f7cce33f6563dd72,light heavyweight,0845c81e37d3bcb3,Volkan Oezdemir,KO/TKO,2,571,182.0,2020-02-08,UFC 247: Jones vs. Reyes,cefb47bcc04f540e,heavyweight,d3df1add9d9a7efb,Derrick Lewis,Decision - Unanimous,3.0,900.0,False,True,False,False,181-270,35+,3+
d967f0128c323de6,Daniel Cormier,14,40.41067761806981,1,2019-08-17,UFC 241: Cormier vs. Miocic 2,6921344f8e706d0f,heavyweight,d28dee5c705991df,Stipe Miocic,KO/TKO,4,1149,364.0,2020-08-15,UFC 252: Miocic vs. Cormier 3,3bdacc82209b33f5,heavyweight,d28dee5c705991df,Stipe Miocic,Decision - Unanimous,5.0,1500.0,False,True,False,False,271-365,35+,1
207773daeb4afa7b,Devonte Smith,3,26.04791238877481,1,2019-08-17,UFC 241: Cormier vs. Miocic 2,2671de30a1736f51,lightweight,78e501478a36a018,Khama Worthy,KO/TKO,1,255,539.0,2021-02-06,UFC Fight Night: Overeem vs. Volkov,464cc19d42446da9,catch weight,304a21d0595e1a08,Justin Jaynes,TKO - Doctor's Stoppage,2.0,518.0,True,False,False,False,366-540,<30,1
436f970c9ea9169c,Gabriel Benitez,8,31.170431211498972,2,2019-08-17,UFC 241: Cormier vs. Miocic 2,ea43a5fe4ff9a3c4,featherweight,94426bb170c88115,Sodiq Yusuff,KO/TKO,1,254,270.0,2020-05-13,UFC Fight Night: Smith vs. Teixeira,918103d82ecbed75,lightweight,a0e6753c42698f13,Omar Morales,Decision - Unanimous,3.0,900.0,False,True,False,False,181-270,30-34,2
8adcbd525fab8d9b,Elizeu Zaleski dos Santos,9,32.720054757015745,1,2019-08-31,UFC Fight Night: Andrade vs. Zhang,55480808b1fa1f9c,welterweight,e64b96c07d7ce999,Li Jingliang,KO/TKO,3,891,196.0,2020-03-14,UFC Fight Night: Lee vs. Oliveira,9fc6aba53508dc48,welterweight,e2ccd9a9ace60de7,Aleksei Kunchenko,Decision - Unanimous,3.0,900.0,True,False,False,False,181-270,30-34,1
6a1901c62ab3870f,Jessica Andrade,16,27.9315537303217,2,2019-08-31,UFC Fight Night: Andrade vs. Zhang,357cf8a9b6737625,women's strawweight,1ebe20ebbfa15e29,Zhang Weili,KO/TKO,1,42,315.0,2020-07-11,UFC 251: Usman vs. Masvidal,e16f42a666e163d8,women's strawweight,47b63240018d5d86,Rose Namajunas,Decision - Split,3.0,900.0,False,True,False,False,271-365,<30,2
eebc23626e38f5dc,Liana Jojua,1,24.462696783025326,1,2019-09-07,UFC 242: Khabib vs. Poirier,8e1ae2ae6694b131,women's bantamweight,539ed332b3078821,Sarah Moras,KO/TKO,3,746,312.0,2020-07-15,UFC Fight Night: Kattar vs. Ige,dccea04cc3567955,women's flyweight,d7e40dca3ae125be,Diana Belbita,Submission,1.0,163.0,True,False,False,False,271-365,<30,1
2f5cbecbbe18bac4,Shamil Abdurakhimov,8,38.012320328542096,3,2019-09-07,UFC 242: Khabib vs. Poirier,066756ea40b134a7,heavyweight,fa6796c55d6c5440,Curtis Blaydes,KO/TKO,2,442,749.0,2021-09-25,UFC 266: Volkanovski vs. Ortega,f085f32bbb3220e1,heavyweight,d0aaedcf7ccd0b45,Chris Daukaus,KO/TKO,2.0,383.0,False,True,True,True,541+,35+,3+
1d00756835ca67c9,Donald Cerrone,33,36.46269678302532,5,2019-09-14,UFC Fight Night: Cowboy vs. Gaethje,490724f8b3658f67,lightweight,9e8f6c728eb01124,Justin Gaethje,KO/TKO,1,258,126.0,2020-01-18,UFC 246: McGregor vs. Cowboy,eed6c9aff2234b7a,welterweight,f4c49976c75c5ab2,Conor McGregor,KO/TKO,1.0,40.0,False,True,True,True,121-180,35+,3+
c9cf753cfdf77fc2,Marcin Tybura,9,33.84531143052703,3,2019-09-14,UFC Fight Night: Cowboy vs. Gaethje,9d3a38cc18807e10,heavyweight,441eacbe20e0e80b,Augusto Sakai,KO/TKO,1,59,168.0,2020-02-29,UFC Fight Night: Benavidez vs. Figueiredo,e30b9829e42aa4ca,heavyweight,e2f6b2769aaedd6c,Serghei Spivac,Decision - Unanimous,3.0,900.0,True,False,False,False,121-180,30-34,3+
70fa1c64a2c439ef,Alen Amedovski,2,31.477070499657767,1,2019-09-28,UFC Fight Night: Hermansson vs. Cannonier,9fa3623172adb4cd,middleweight,e9ac7bfb65c25497,John Phillips,KO/TKO,1,17,966.0,2022-05-21,UFC Fight Night: Holm vs. Vieira,cbdfb3c648d7bada,middleweight,8d20d76af3f213ce,Joseph Holmes,Submission,1.0,64.0,False,True,False,False,541+,30-34,1
0a1942069c9ad6b6,Jack Hermansson,10,31.299110198494184,2,2019-09-28,UFC Fight Night: Hermansson vs. Cannonier,476c31184332698e,middleweight,13a0275fa13c4d26,Jared Cannonier,KO/TKO,2,327,294.0,2020-07-18,UFC Fight Night: Figueiredo vs. Benavidez 2,fcfd2e6eed519cb9,middleweight,8c0580d4fff106c1,Kelvin Gastelum,Submission,1.0,78.0,True,False,False,False,271-365,30-34,2
749f572d1d3161fb,Khalil Rountree Jr.,9,29.585215605749486,2,2019-09-28,UFC Fight Night: Hermansson vs. Cannonier,b44531903be4729a,light heavyweight,cd13728ae1151f46,Ion Cutelaba,KO/TKO,1,155,483.0,2021-01-23,UFC 257: Poirier vs. McGregor,c597fd8bb66d54d8,light heavyweight,6370c1c1e12723d5,Marcin Prachnio,Decision - Unanimous,3.0,900.0,False,True,False,False,366-540,<30,2
e13abac8089a801a,Justin Tafa,1,25.809719370294317,1,2019-10-05,UFC 243: Whittaker vs. Adesanya,9dfac33cd3ae4afd,heavyweight,1eff7bc0f815b270,Yorgan De Castro,KO/TKO,1,130,126.0,2020-02-08,UFC 247: Jones vs. Reyes,57961c6adebfb13d,heavyweight,83b00f7597e5ac83,Juan Adams,KO/TKO,1.0,119.0,True,False,True,False,121-180,<30,1
e1147d3d2dabe1ce,Robert Whittaker,14,28.791238877481177,2,2019-10-05,UFC 243: Whittaker vs. Adesanya,2556b7520536ce1d,middleweight,1338e2c7480bdf9e,Israel Adesanya,KO/TKO,2,513,294.0,2020-07-25,UFC Fight Night: Whittaker vs. Till,11f715fa5e825e51,middleweight,9ce6d5a03af801b7,Darren Till,Decision - Unanimous,5.0,1500.0,True,False,False,False,271-365,<30,2
5f6f049d54728e88,Andre Ewell,4,31.72347707049966,1,2019-10-12,UFC Fight Night: Joanna vs. Waterson,70f01e9ff0b4e519,bantamweight,7c7332319c14094c,Marlon Vera,KO/TKO,3,797,119.0,2020-02-08,UFC 247: Jones vs. Reyes,326b843cb2b7fd94,bantamweight,f2477cf43c4975cc,Jonathan Martinez,Decision - Split,3.0,900.0,True,False,False,False,0-120,30-34,1
3a8176e15b9887c1,Chris Weidman,15,35.3347022587269,5,2019-10-18,UFC Fight Night: Reyes vs. Weidman,0d1d7cfb2a48d5ec,light heavyweight,2e19380f34871c6a,Dominick Reyes,KO/TKO,1,103,295.0,2020-08-08,UFC Fight Night: Lewis vs. Oleinik,22e10b23784e5efc,middleweight,16690d100f995f8f,Omari Akhmedov,Decision - Unanimous,3.0,900.0,True,False,False,False,271-365,35+,3+
38c7f72747f4f712,Gillian Robertson,6,24.421629021218344,1,2019-10-18,UFC Fight Night: Reyes vs. Weidman,7510b0c96f5707ea,women's flyweight,6a740daf1b279661,Maycee Barber,KO/TKO,1,184,246.0,2020-06-20,UFC Fight Night: Blaydes vs. Volkov,90715135a543b6e3,women's flyweight,5f179af5fffeb9f6,Cortney Casey,Submission,3.0,876.0,True,False,False,False,181-270,<30,1
87c0b1c696ddfb43,Jonathan Pearce,1,27.463381245722108,1,2019-10-18,UFC Fight Night: Reyes vs. Weidman,57d989702ae72dc1,lightweight,3bad7ef643840f67,Joe Lauzon,KO/TKO,1,93,407.0,2020-11-28,UFC Fight Night: Smith vs. Clark,4d56bcd82438e632,featherweight,eee0ef3e2b14816b,Kai Kamaka,KO/TKO,2.0,568.0,True,False,True,False,366-540,<30,1
068f8a189a47fea6,Maurice Greene,4,33.308692676249144,1,2019-10-26,UFC Fight Night: Maia vs. Askren,cc477d322638ba30,heavyweight,f14cf73e51b29254,Sergei Pavlovich,KO/TKO,1,131,84.0,2020-01-18,UFC 246: McGregor vs. Cowboy,702759500d47a059,heavyweight,98c23cb6da5b3352,Aleksei Oleinik,Submission,2.0,578.0,False,True,False,False,0-120,30-34,1
3738e68d2261e60f,Andrei Arlovski,31,40.7419575633128,7,2019-11-02,UFC 244: Masvidal vs. Diaz,83f7c3b91a402306,heavyweight,2cd428e9606856fd,Jairzinho Rozenstruik,KO/TKO,1,29,193.0,2020-05-13,UFC Fight Night: Smith vs. Teixeira,312946f6b72ebd51,heavyweight,53c943c873cffe90,Philipe Lins,Decision - Unanimous,3.0,900.0,True,False,False,False,181-270,35+,3+
0c6d9ea8306c029e,Brad Tavares,18,31.865845311430526,3,2019-11-02,UFC 244: Masvidal vs. Diaz,a3e8ef1ce72a7d02,middleweight,4144798612ef96e5,Edmen Shahbazyan,KO/TKO,1,147,448.0,2021-01-23,UFC 257: Poirier vs. McGregor,92f569a6d9374b86,middleweight,52e76bb4b3e852f3,Antonio Carlos Junior,Decision - Unanimous,3.0,900.0,True,False,False,False,366-540,30-34,3+
84ff027394f7e470,Gregor Gillespie,7,32.969199178644764,1,2019-11-02,UFC 244: Masvidal vs. Diaz,d5955b81c26230ff,lightweight,ee9ebceabfd16fa7,Kevin Lee,KO/TKO,1,167,553.0,2021-05-08,UFC Fight Night: Rodriguez vs. Waterson,295a0bf12a7373c0,lightweight,f53d4f21d1b5f2dc,Diego Ferreira,KO/TKO,2.0,591.0,True,False,True,False,541+,30-34,1
c21f26bbde777573,Johnny Walker,4,27.592060232717316,1,2019-11-02,UFC 244: Masvidal vs. Diaz,a2af14e9dba37b03,light heavyweight,5e4eec08896c9423,Corey Anderson,KO/TKO,1,127,133.0,2020-03-14,UFC Fight Night: Lee vs. Oliveira,5bba49d88db7430f,light heavyweight,1091d4d957141094,Nikita Krylov,Decision - Unanimous,3.0,900.0,False,True,False,False,121-180,<30,1
87a1dc546b1c5caf,Makwan Amirkhani,7,30.981519507186857,1,2019-11-02,UFC 244: Masvidal vs. Diaz,216fddf542707629,featherweight,98d961097baaf308,Shane Burgos,KO/TKO,3,872,252.0,2020-07-11,UFC 251: Usman vs. Masvidal,159646a9d2ae8ea5,featherweight,f7d73e452b064bf2,Danny Henry,Submission,1.0,195.0,True,False,False,False,181-270,30-34,1
ce632027bf2a871b,Dalcha Lungiambula,2,32.276522929500345,1,2019-11-09,UFC Fight Night: Zabit vs. Kattar,343749a2f7c5d78b,light heavyweight,d802174b0c0c1f4e,Magomed Ankalaev,KO/TKO,3,629,438.0,2021-01-20,UFC Fight Night: Chiesa vs. Magny,76b61ff4c9760f79,middleweight,2ac4628c08ec5125,Markus Perez,Decision - Unanimous,3.0,900.0,True,False,False,False,366-540,30-34,1
7f0f171414d0a287,Zelim Imadaev,2,24.788501026694046,1,2019-11-09,UFC Fight Night: Zabit vs. Kattar,071a1cd551b7b4d5,welterweight,a6cba6bb66c1a8c9,Danny Roberts,KO/TKO,2,594,301.0,2020-09-05,UFC Fight Night: Overeem vs. Sakai,0f279b25ccbecc76,welterweight,595db60957de51d3,Michel Pereira,Submission,3.0,879.0,False,True,False,False,271-365,<30,1
7026eca45f65377b,Jared Gordon,6,31.19233401779603,3,2019-11-16,UFC Fight Night: Blachowicz vs. Jacare,7afe2a15ae7359e9,lightweight,07225ba28ae309b6,Charles Oliveira,KO/TKO,1,86,242.0,2020-07-15,UFC Fight Night: Kattar vs. Ige,819f51ef9d945a46,featherweight,bebb4ae55ac2bf6f,Chris Fishgold,Decision - Unanimous,3.0,900.0,True,False,False,False,181-270,30-34,3+
b4ad3a06ee4d660c,Alistair Overeem,17,39.5564681724846,7,2019-12-07,UFC Fight Night: Overeem vs. Rozenstruik,e91f289f1b9f9519,heavyweight,2cd428e9606856fd,Jairzinho Rozenstruik,KO/TKO,5,1496,161.0,2020-05-16,UFC Fight Night: Overeem vs. Harris,ce0748519d5ea5c6,heavyweight,03f982ca3735070c,Walt Harris,KO/TKO,2.0,480.0,True,False,True,False,121-180,35+,3+
ebc1f40e00e0c481,Stefan Struve,23,31.800136892539356,7,2019-12-07,UFC Fight Night: Overeem vs. Rozenstruik,bbc8e8a69e9bd106,heavyweight,bd58d34e39b7b12a,Ben Rothwell,KO/TKO,2,597,322.0,2020-10-24,UFC 254: Khabib vs. Gaethje,6eaa4981d0335c8a,heavyweight,c62fbc117d57b943,Tai Tuivasa,KO/TKO,1.0,299.0,False,True,True,True,271-365,30-34,3+
3143bf892608139a,Yana Santos,4,30.069815195071868,2,2019-12-07,UFC Fight Night: Overeem vs. Rozenstruik,b5365d22172e414b,women's bantamweight,d4691518d012b9e7,Aspen Ladd,KO/TKO,3,633,245.0,2020-08-08,UFC Fight Night: Lewis vs. Oleinik,ad62675e819e92fc,women's bantamweight,a78a87d8c2bbb1cb,Julija Stoliarenko,Decision - Unanimous,3.0,900.0,True,False,False,False,181-270,30-34,2
dc9572dd6ec74859,Colby Covington,12,31.808350444900753,1,2019-12-14,UFC 245: Usman vs. Covington,82177c0f91d9618a,welterweight,f1b2aa7853d1ed6e,Kamaru Usman,KO/TKO,5,1450,280.0,2020-09-19,UFC Fight Night: Covington vs. Woodley,ca531425f5c042db,welterweight,effd9de9937996f8,Tyron Woodley,KO/TKO,5.0,1279.0,True,False,True,False,271-365,30-34,1
b9706f80d005036c,Ketlen Vieira,5,28.301163586584533,1,2019-12-14,UFC 245: Usman vs. Covington,c4eaeec8ac778b27,women's bantamweight,578ef12674df1e6a,Irene Aldana,KO/TKO,1,291,287.0,2020-09-26,UFC 253: Adesanya vs. Costa,e842c6f63fa2e27a,women's bantamweight,4234f0097c83fa62,Sijara Eubanks,Decision - Unanimous,3.0,900.0,True,False,False,False,271-365,<30,1
f2b6fdb20675b11c,Mike Perry,12,28.246406570841888,1,2019-12-14,UFC 245: Usman vs. Covington,ad5ef8d8678ff97f,welterweight,b997be68943010fc,Geoff Neal,KO/TKO,1,90,196.0,2020-06-27,UFC Fight Night: Poirier vs. Hooker,f2d9814936a6eb35,welterweight,9e50097a89442158,Mickey Gall,Decision - Unanimous,3.0,900.0,True,False,False,False,181-270,<30,1
1cf7ccf64a5bf24e,Oskar Piechota,5,29.88637919233402,1,2019-12-14,UFC 245: Usman vs. Covington,30523303e8d85c25,middleweight,64facb6cc564262d,Punahele Soriano,KO/TKO,1,197,189.0,2020-06-20,UFC Fight Night: Blaydes vs. Volkov,f044802db5688bbe,middleweight,8e9eb3fc86db0f7d,Marc-Andre Barriault,Overturned,2.0,590.0,False,True,False,False,181-270,<30,1
e93b04e308913c2e,Dooho Choi,6,28.698151950718685,2,2019-12-21,UFC Fight Night: Edgar vs. The Korean Zombie,997ab1ea9fab5643,featherweight,f1d64ae34e088832,Charles Jourdain,KO/TKO,2,572,1141.0,2023-02-04,UFC Fight Night: Lewis vs. Spivac,01e8868086004dd8,featherweight,31f8081c7600da93,Kyle Nelson,Decision - Majority,3.0,900.0,False,True,False,False,541+,<30,2
f2688492b9a525a3,Frankie Edgar,26,38.17932922655715,2,2019-12-21,UFC Fight Night: Edgar vs. The Korean Zombie,06f37329b223b451,featherweight,c451d67c09c55418,Chan Sung Jung,KO/TKO,1,198,245.0,2020-08-22,UFC Fight Night: Munhoz vs. Edgar,dfe14e13aa727a0c,bantamweight,6bd02119599741a4,Pedro Munhoz,Decision - Split,5.0,1500.0,True,False,False,False,181-270,35+,2
67c1d46f4ed16f9e,Matt Schnell,7,29.930184804928132,3,2019-12-21,UFC Fight Night: Edgar vs. The Korean Zombie,5a5a65d8df176506,flyweight,a0f0004aadf10b71,Alexandre Pantoja,KO/TKO,1,257,396.0,2021-01-20,UFC Fight Night: Chiesa vs. Magny,57e784028ef2c17d,flyweight,6e00cfffd54653c4,Tyson Nam,Decision - Split,3.0,900.0,True,False,False,False,366-540,<30,3+
18b602842a24f7c5,Mike Rodriguez,4,31.06091718001369,1,2019-12-21,UFC Fight Night: Edgar vs. The Korean Zombie,47e49e04e32be7e9,light heavyweight,74f9448b97bf8bec,Da Woon Jung,KO/TKO,1,64,245.0,2020-08-22,UFC Fight Night: Munhoz vs. Edgar,5d9a3bfdcd28abb8,light heavyweight,6370c1c1e12723d5,Marcin Prachnio,KO/TKO,1.0,137.0,True,False,True,False,181-270,30-34,1
1d00756835ca67c9,Donald Cerrone,34,36.80766598220397,6,2020-01-18,UFC 246: McGregor vs. Cowboy,eed6c9aff2234b7a,welterweight,f4c49976c75c5ab2,Conor McGregor,KO/TKO,1,40,112.0,2020-05-09,UFC 249: Ferguson vs. Gaethje,b9abcce29378e5cc,welterweight,cbb682f5fcc44bfc,Anthony Pettis,Decision - Unanimous,3.0,900.0,False,True,False,False,0-120,35+,3+
b7b84ccd221be298,Nasrat Haqparast,5,24.407939767282684,1,2020-01-18,UFC 246: McGregor vs. Cowboy,63dd38f0dcc2ee88,lightweight,519e4fe37ce9ff75,Drew Dober,KO/TKO,1,70,203.0,2020-08-08,UFC Fight Night: Lewis vs. Oleinik,26173f6491300eaa,lightweight,f8f1ec513bcfef43,Alexander Munoz,Decision - Unanimous,3.0,900.0,True,False,False,False,181-270,<30,1
2244d9a2b64b8c3b,Hannah Cifers,4,27.581108829568787,2,2020-01-25,UFC Fight Night: Blaydes vs. Dos Santos,b88b170a7fe40544,women's strawweight,f0feeb2192937424,Angela Hill,KO/TKO,2,566,126.0,2020-05-30,UFC Fight Night: Woodley vs. Burns,3640defb8294bd37,women's strawweight,7447e9f28508106a,Mackenzie Dern,Submission,1.0,156.0,False,True,False,False,121-180,<30,2
63def5a5662a6917,Junior Dos Santos,21,35.98631074606434,5,2020-01-25,UFC Fight Night: Blaydes vs. Dos Santos,037d2f426c916ffc,heavyweight,fa6796c55d6c5440,Curtis Blaydes,KO/TKO,2,366,203.0,2020-08-15,UFC 252: Miocic vs. Cormier 3,dc24c4759651c6ad,heavyweight,2cd428e9606856fd,Jairzinho Rozenstruik,KO/TKO,2.0,527.0,False,True,True,True,181-270,35+,3+
583ee11abddfc581,Nate Landwehr,1,31.63586584531143,1,2020-01-25,UFC Fight Night: Blaydes vs. Dos Santos,901dbd1e6463c4ba,featherweight,4f140403000158b5,Herbert Burns,KO/TKO,1,163,112.0,2020-05-16,UFC Fight Night: Overeem vs. Harris,f039c93516e48253,featherweight,92a9aa9c93192871,Darren Elkins,Decision - Unanimous,3.0,900.0,True,False,False,False,0-120,30-34,1
cdb96af67d096b1e,Alex Morono,10,29.481177275838466,1,2020-02-08,UFC 247: Jones vs. Reyes,ed499508be1e5532,welterweight,2558ae2e5671e318,Khaos Williams,KO/TKO,1,27,280.0,2020-11-14,UFC Fight Night: Felder vs. Dos Anjos,d80fd2ec736f7df2,welterweight,f748267c4ab6c127,Rhys McKee,Decision - Unanimous,3.0,900.0,True,False,False,False,271-365,<30,1
e872e9a9a902c045,Katlyn Cerminara,9,31.1129363449692,1,2020-02-08,UFC 247: Jones vs. Reyes,05cceae674c81b86,women's flyweight,132deb59abae64b1,Valentina Shevchenko,KO/TKO,3,663,112.0,2020-05-30,UFC Fight Night: Woodley vs. Burns,a41384da70013373,women's flyweight,d7338bcb141abd2c,Antonina Shevchenko,Decision - Unanimous,3.0,900.0,True,False,False,False,0-120,30-34,1
46e0d677f91bacc0,Miles Johns,2,25.861738535249827,1,2020-02-08,UFC 247: Jones vs. Reyes,d3f44fedc561d2d5,bantamweight,bc711b6dd95c1af6,Mario Bautista,KO/TKO,2,401,266.0,2020-10-31,UFC Fight Night: Hall vs. Silva,7e6f12a95c14f9de,bantamweight,0c258d1d8e16e5f1,Kevin Natividad,KO/TKO,3.0,771.0,True,False,True,False,181-270,<30,1
f57dd0bfa8c17813,Mark De La Rosa,6,25.45927446954141,1,2020-02-15,UFC Fight Night: Anderson vs. Blachowicz,8725dc88f2e0a6f3,flyweight,82b4e942781b1046,Raulian Paiva,KO/TKO,2,582,119.0,2020-06-13,UFC Fight Night: Eye vs. Calvillo,e36b8b88646f72f8,bantamweight,215a70f073a7b726,Jordan Espinosa,Decision - Unanimous,3.0,900.0,False,True,False,False,0-120,<30,1
329e403448756217,Nathaniel Wood,4,26.77344284736482,1,2020-02-15,UFC Fight Night: Anderson vs. Blachowicz,08426f06239d903c,bantamweight,99506df1af6c8b3b,John Dodson,KO/TKO,3,616,161.0,2020-07-25,UFC Fight Night: Whittaker vs. Till,67db05bac9165722,bantamweight,5fa2974cbd18e05c,John Castaneda,Decision - Unanimous,3.0,900.0,True,False,False,False,121-180,<30,1
6751eacd16bd59bc,Josh Culibao,1,25.749486652977414,1,2020-02-22,UFC Fight Night: Felder vs. Hooker,02bdb7a5b2986571,lightweight,4d8fa64202cee4c1,Jalin Turner,KO/TKO,2,481,224.0,2020-10-03,UFC Fight Night: Holm vs. Aldana,f4e262b04f4e94bd,featherweight,f1d64ae34e088832,Charles Jourdain,Decision - Split,3.0,900.0,False,True,False,False,181-270,<30,1
cf946e03ba2e7666,Kevin Aguilar,4,31.457905544147845,1,2020-02-22,UFC Fight Night: Felder vs. Hooker,f882cf76a8bce308,featherweight,aceffa19749c4dc0,Zubaira Tukhugov,KO/TKO,1,201,112.0,2020-06-13,UFC Fight Night: Eye vs. Calvillo,1109a8f2adc81ce0,lightweight,40093d1d2d78394e,Charles Rosa,Decision - Split,3.0,900.0,False,True,False,False,0-120,30-34,1
122ac9b816d8b71c,Shana Dobson,4,30.899383983572896,1,2020-02-22,UFC Fight Night: Felder vs. Hooker,102fb91414fd24ab,women's flyweight,b1e5bcaad32a3cac,Priscila Cachoeira,KO/TKO,1,40,182.0,2020-08-22,UFC Fight Night: Munhoz vs. Edgar,37a6fc5e69a7932d,women's flyweight,a08ddd04eaffd81d,Mariya Agapova,KO/TKO,2.0,398.0,True,False,True,False,181-270,30-34,1
003d82fa384ca1d0,Aalon Cruz,1,30.442162902121833,1,2020-02-29,UFC Fight Night: Benavidez vs. Figueiredo,0bcb04163f8d8ead,featherweight,be68b375707dcb85,Spike Carlyle,KO/TKO,1,85,371.0,2021-03-06,UFC 259: Blachowicz vs. Adesanya,e2abba69c3371618,lightweight,681399317dbf4701,Uros Medic,KO/TKO,1.0,100.0,False,True,True,True,366-540,30-34,1
cd13728ae1151f46,Ion Cutelaba,8,26.209445585215605,1,2020-02-29,UFC Fight Night: Benavidez vs. Figueiredo,f5b49f4c5a27e53b,light heavyweight,d802174b0c0c1f4e,Magomed Ankalaev,KO/TKO,1,38,238.0,2020-10-24,UFC 254: Khabib vs. Gaethje,eedcb6c5d163e581,light heavyweight,d802174b0c0c1f4e,Magomed Ankalaev,KO/TKO,1.0,259.0,False,True,True,True,181-270,<30,1
80eacd4da0617c57,Joseph Benavidez,19,35.58110882956879,2,2020-02-29,UFC Fight Night: Benavidez vs. Figueiredo,e8219ea7da46f67f,flyweight,aa72b0f831d0bfe5,Deiveson Figueiredo,KO/TKO,2,414,140.0,2020-07-18,UFC Fight Night: Figueiredo vs. Benavidez 2,4dc5039b21013b3a,flyweight,aa72b0f831d0bfe5,Deiveson Figueiredo,Submission,1.0,288.0,False,True,False,False,121-180,35+,2
d3f5d33d61cd00c9,Norma Dumont,1,29.412731006160165,1,2020-02-29,UFC Fight Night: Benavidez vs. Figueiredo,671f42536454e541,women's featherweight,a0e75f4a13eb73f1,Megan Anderson,KO/TKO,1,211,273.0,2020-11-28,UFC Fight Night: Smith vs. Clark,2a7909acde26a240,women's bantamweight,fc6e681bf6658faf,Ashlee Evans-Smith,Decision - Unanimous,3.0,900.0,True,False,False,False,271-365,<30,1
1588b787bda7b540,Tom Breese,6,28.427104722792606,1,2020-02-29,UFC Fight Night: Benavidez vs. Figueiredo,d9a218ac3e148541,middleweight,2f181c0467965b98,Brendan Allen,KO/TKO,1,287,224.0,2020-10-10,UFC Fight Night: Moraes vs. Sandhagen,7c4eb0b4845eb0ed,middleweight,9cd047a828dd7515,KB Bhullar,KO/TKO,1.0,102.0,True,False,True,False,181-270,<30,1
862b0b3375aa4b6e,Zarah Fairn,2,36.2217659137577,1,2020-02-29,UFC Fight Night: Benavidez vs. Figueiredo,8a85dffa80e6c7bd,women's featherweight,39d91e95949de3d9,Felicia Spencer,KO/TKO,1,217,1057.0,2023-01-21,UFC 283: Teixeira vs. Hill,fcf385ae75191b57,women's featherweight,68d35296f566792b,Josiane Nunes,Decision - Unanimous,3.0,900.0,False,True,False,False,541+,35+,1
7cbf7c78d3b34218,Drakkar Klose,7,31.994524298425734,1,2020-03-07,UFC 248: Adesanya vs. Romero,891470d896b1de5a,lightweight,08af939f41b5a57b,Beneil Dariush,KO/TKO,2,360,770.0,2022-04-16,UFC Fight Night: Luque vs. Muhammad,74c58b9d638c5eaa,lightweight,6a8928652fc01bee,Brandon Jenkins,KO/TKO,2.0,333.0,True,False,True,False,541+,30-34,1
d05412b513b19621,Guido Cannetti,6,40.21629021218344,1,2020-03-07,UFC 248: Adesanya vs. Romero,467e08195b29e857,bantamweight,3b0a516d2921e0d6,Batgerel Danaa,KO/TKO,1,181,539.0,2021-08-28,UFC Fight Night: Barboza vs. Chikadze,be4890f4aaadec28,bantamweight,c0386644627a7ee5,Mana Martinez,Decision - Split,3.0,900.0,False,True,False,False,366-540,35+,1
36549928f90f1d36,Jose Quinonez,8,29.609856262833677,1,2020-03-07,UFC 248: Adesanya vs. Romero,cd258394e8d58d04,bantamweight,b50a426a33da0012,Sean O'Malley,KO/TKO,1,122,273.0,2020-12-05,UFC Fight Night: Hermansson vs. Vettori,771d8ce136a12a13,bantamweight,d2bc285ead803db0,Louis Smolka,KO/TKO,2.0,435.0,False,True,True,True,271-365,<30,1
427b5953ac8e3a27,Demian Maia,32,42.351813826146476,2,2020-03-14,UFC Fight Night: Lee vs. Oliveira,5cee1d8f1e43d6f5,welterweight,23024fdfc966410a,Gilbert Burns,KO/TKO,1,154,455.0,2021-06-12,UFC 263: Adesanya vs. Vettori 2,43dfb2c1e5fecac9,welterweight,b1b0729d27936f2f,Belal Muhammad,Decision - Unanimous,3.0,900.0,False,True,False,False,366-540,35+,2
10f3ba6cd2f44a97,Dominick Cruz,7,35.167693360711844,1,2020-05-09,UFC 249: Ferguson vs. Gaethje,4e77cc2c8d604241,bantamweight,056c493bbd76a918,Henry Cejudo,KO/TKO,2,598,301.0,2021-03-06,UFC 259: Blachowicz vs. Adesanya,f4363f1317b47213,bantamweight,e7bba7ce4d6c7b07,Casey Kenney,Decision - Split,3.0,900.0,True,False,False,False,271-365,35+,1
2cd428e9606856fd,Jairzinho Rozenstruik,5,32.145106091718,1,2020-05-09,UFC 249: Ferguson vs. Gaethje,fcfaa28ed6888088,heavyweight,8d03ce87ca14e778,Francis Ngannou,KO/TKO,1,20,98.0,2020-08-15,UFC 252: Miocic vs. Cormier 3,dc24c4759651c6ad,heavyweight,63def5a5662a6917,Junior Dos Santos,KO/TKO,2.0,527.0,True,False,True,False,0-120,30-34,1
18968f97ad34f15c,Jeremy Stephens,33,33.95756331279945,3,2020-05-09,UFC 249: Ferguson vs. Gaethje,02f5621f480ad1d4,featherweight,751de04455cfaac0,Calvin Kattar,KO/TKO,2,469,434.0,2021-07-17,UFC Fight Night: Makhachev vs. Moises,72105dd82d964e7a,lightweight,72db2a14ffa73ece,Mateusz Gamrot,Submission,1.0,65.0,False,True,False,False,366-540,30-34,3+
22a92d7f62195791,Tony Ferguson,17,36.238193018480494,1,2020-05-09,UFC 249: Ferguson vs. Gaethje,d395828f5cb045a5,interim lightweight,9e8f6c728eb01124,Justin Gaethje,KO/TKO,5,1419,217.0,2020-12-12,UFC 256: Figueiredo vs. Moreno,b7b867eb3c3cf163,lightweight,07225ba28ae309b6,Charles Oliveira,Decision - Unanimous,3.0,900.0,False,True,False,False,181-270,35+,1
262a7d06203657e6,Alexander Hernandez,5,27.613963039014372,2,2020-05-13,UFC Fight Night: Smith vs. Teixeira,46c050a827ee83d6,lightweight,519e4fe37ce9ff75,Drew Dober,KO/TKO,2,565,171.0,2020-10-31,UFC Fight Night: Hall vs. Silva,95beb5ec32718faf,lightweight,feaf00f3373435d6,Chris Gruetzemacher,KO/TKO,1.0,106.0,True,False,True,False,121-180,<30,2
d4c9dcd330403612,Anthony Smith,13,31.797399041752225,2,2020-05-13,UFC Fight Night: Smith vs. Teixeira,8539c4b795d33a92,light heavyweight,7ff97850e8c32bda,Glover Teixeira,KO/TKO,5,1264,108.0,2020-08-29,UFC Fight Night: Smith vs. Rakic,1ff4586752ee8a93,light heavyweight,333b9e5c723ac873,Aleksandar Rakic,Decision - Unanimous,3.0,900.0,False,True,False,False,0-120,30-34,2
2af2f2e26c4c0402,Hunter Azure,2,28.197125256673512,1,2020-05-13,UFC Fight Night: Smith vs. Teixeira,3ce634d03af7e14c,featherweight,7be14eaed4c74856,Brian Kelleher,KO/TKO,2,520,115.0,2020-09-05,UFC Fight Night: Overeem vs. Sakai,7340b4cbdbac5863,bantamweight,56709e66f1c6008f,Cole Smith,Decision - Unanimous,3.0,900.0,True,False,False,False,0-120,<30,1
f9d0cae37dabfafc,Ike Villanueva,1,36.106776180698155,1,2020-05-13,UFC Fight Night: Smith vs. Teixeira,b2ca310c9d0037d3,heavyweight,01b352b6a9074d5c,Chase Sherman,KO/TKO,2,349,101.0,2020-08-22,UFC Fight Night: Munhoz vs. Edgar,0ccc86f7d0e84c3e,light heavyweight,c878270af633eb11,Jordan Wright,TKO - Doctor's Stoppage,1.0,91.0,False,True,False,False,0-120,35+,1
093e1f5bb73850be,Anthony Hernandez,3,26.576317590691307,1,2020-05-16,UFC Fight Night: Overeem vs. Harris,51461da4ba467901,middleweight,3a46b268013afede,Kevin Holland,KO/TKO,1,39,273.0,2021-02-13,UFC 258: Usman vs. Burns,96b1430379c0694a,middleweight,260e9e0d4954aea6,Rodolfo Vieira,Submission,2.0,413.0,True,False,False,False,271-365,<30,1
31123249b0bbf52e,Matt Brown,26,39.34565366187543,3,2020-05-16,UFC Fight Night: Overeem vs. Harris,adac148ee6fa3bf7,welterweight,82d4c957649faf9b,Miguel Baeza,KO/TKO,2,318,245.0,2021-01-16,UFC Fight Night: Holloway vs. Kattar,6b0da0b1cda7799f,welterweight,f9f07bb5a43535ed,Carlos Condit,Decision - Unanimous,3.0,900.0,False,True,False,False,181-270,35+,3+
03f982ca3735070c,Walt Harris,14,36.93360711841205,3,2020-05-16,UFC Fight Night: Overeem vs. Harris,ce0748519d5ea5c6,heavyweight,b4ad3a06ee4d660c,Alistair Overeem,KO/TKO,2,480,161.0,2020-10-24,UFC 254: Khabib vs. Gaethje,ccfe7b0d29c5440c,heavyweight,279566840aa55bf2,Alexander Volkov,KO/TKO,2.0,375.0,False,True,True,True,121-180,35+,3+
37098a6e6c27fb66,Vince Morales,4,29.54688569472964,1,2020-05-30,UFC Fight Night: Woodley vs. Burns,2300ad7f87080ad7,featherweight,45f0cc9d18f35137,Chris Gutierrez,KO/TKO,2,567,434.0,2021-08-07,UFC 265: Lewis vs. Gane,3d75081ce43774ca,bantamweight,dc3b9cf7641b7ab6,Drako Rodriguez,Decision - Unanimous,3.0,900.0,True,False,False,False,366-540,<30,1
fc9a9559a05f2704,Eddie Wineland,14,35.945242984257355,3,2020-06-06,UFC 250: Nunes vs. Spencer,58584ccd0f63e3f3,bantamweight,b50a426a33da0012,Sean O'Malley,KO/TKO,1,114,259.0,2021-02-20,UFC Fight Night: Blaydes vs. Lewis,990c2378caec68d4,bantamweight,5fa2974cbd18e05c,John Castaneda,KO/TKO,1.0,284.0,False,True,True,True,181-270,35+,3+
6ac9bc2953c47345,Gerald Meerschaert,11,32.46817248459959,2,2020-06-06,UFC 250: Nunes vs. Spencer,6fe8bce03a46350b,middleweight,2e585c701f72fe55,Ian Heinisch,KO/TKO,1,74,105.0,2020-09-19,UFC Fight Night: Covington vs. Woodley,498766b46b8b4a7f,middleweight,767755fd74662dbf,Khamzat Chimaev,KO/TKO,1.0,17.0,False,True,True,True,0-120,30-34,2
2f13e4020cea5b38,Raphael Assuncao,16,37.883641341546884,2,2020-06-06,UFC 250: Nunes vs. Spencer,0ddf834a47533d15,bantamweight,d8c7c61b176e3994,Cody Garbrandt,KO/TKO,2,599,560.0,2021-12-18,UFC Fight Night: Lewis vs. Daukaus,a43dcd04788d95c7,bantamweight,5987b2458f4b5290,Ricky Simon,KO/TKO,2.0,434.0,False,True,True,True,541+,35+,2
3c5005b66696d790,Anthony Ivy,1,30.38740588637919,1,2020-06-13,UFC Fight Night: Eye vs. Calvillo,58e72b1a38880ba9,welterweight,ae071698e1a3ccd4,Christian Aguilera,KO/TKO,1,59,91.0,2020-09-12,UFC Fight Night: Waterson vs. Hill,463fc1fd1f17befb,welterweight,a331233f597090a5,Bryan Barberena,Decision - Unanimous,3.0,900.0,False,True,False,False,0-120,30-34,1
016a8d958883167c,Gina Mazany,5,31.81656399726215,2,2020-06-13,UFC Fight Night: Eye vs. Calvillo,97125cd6a94b6394,women's bantamweight,86d9dbe1bfcbade7,Julia Avila,KO/TKO,1,22,168.0,2020-11-28,UFC Fight Night: Smith vs. Clark,711f00d287344c77,women's flyweight,01784fbc27c68b14,Rachael Ostovich,KO/TKO,3.0,850.0,True,False,True,False,121-180,30-34,2
79cb2a690b9ba5e8,Zarrukh Adashev,1,27.874058863791923,1,2020-06-13,UFC Fight Night: Eye vs. Calvillo,dfbb110855354039,bantamweight,6e00cfffd54653c4,Tyson Nam,KO/TKO,1,32,221.0,2021-01-20,UFC Fight Night: Chiesa vs. Magny,ddbe6fd66d7f9e35,flyweight,3cf18e01cb6cbde3,Sumudaerji,Decision - Unanimous,3.0,900.0,False,True,False,False,181-270,<30,1
764342d39cdaa54a,Frank Camacho,7,31.091033538672143,2,2020-06-20,UFC Fight Night: Blaydes vs. Volkov,7f0175f71481b63d,lightweight,304a21d0595e1a08,Justin Jaynes,KO/TKO,1,41,693.0,2022-05-14,UFC Fight Night: Blachowicz vs. Rakic,e240d6f77747ec46,lightweight,2e7878927067fdca,Manuel Torres,KO/TKO,1.0,207.0,False,True,True,True,541+,30-34,2
5f3805dda9661cba,Jason Witt,1,33.637234770705,1,2020-06-27,UFC Fight Night: Poirier vs. Hooker,67ed3ad521ef619c,welterweight,8abac218746e04ca,Takashi Sato,KO/TKO,1,48,126.0,2020-10-31,UFC Fight Night: Hall vs. Silva,696ff200d98fa878,welterweight,f9a20a17d712ef7c,Cole Williams,Submission,2.0,429.0,True,False,False,False,121-180,30-34,1
53c943c873cffe90,Philipe Lins,2,34.861054072553046,1,2020-06-27,UFC Fight Night: Poirier vs. Hooker,75570ea2da94a4fb,heavyweight,04c8b08b16a5b99e,Tanner Boser,KO/TKO,1,161,665.0,2022-04-23,UFC Fight Night: Lemos vs. Andrade,6a4ba72b084193b5,light heavyweight,6370c1c1e12723d5,Marcin Prachnio,Decision - Unanimous,3.0,900.0,True,False,False,False,541+,30-34,1
d0f3959b4a9747e6,Jose Aldo,16,33.83709787816564,4,2020-07-11,UFC 251: Usman vs. Masvidal,0f9be7ac405772f8,bantamweight,d661ce4da776fc20,Petr Yan,KO/TKO,5,1404,161.0,2020-12-19,UFC Fight Night: Thompson vs. Neal,014f1da2083ca174,bantamweight,7c7332319c14094c,Marlon Vera,Decision - Unanimous,3.0,900.0,True,False,False,False,121-180,30-34,3+
ea3dcc417c322064,Martin Day,2,31.665982203969882,1,2020-07-11,UFC 251: Usman vs. Masvidal,5d6fb4acfe5cc8a1,bantamweight,113df4fde64735c6,Davey Grant,KO/TKO,3,758,140.0,2020-11-28,UFC Fight Night: Smith vs. Clark,0c27552ea7bc8c8a,bantamweight,bbc9ab95fa766493,Anderson Dos Santos,Submission,1.0,275.0,False,True,False,False,121-180,30-34,1
0845c81e37d3bcb3,Volkan Oezdemir,9,30.809034907597535,2,2020-07-11,UFC 251: Usman vs. Masvidal,cd8cdb539deaa47f,light heavyweight,009341ed974bad72,Jiri Prochazka,KO/TKO,2,349,476.0,2021-10-30,UFC 267: Blachowicz vs. Teixeira,58b19ba734fe93a3,light heavyweight,d802174b0c0c1f4e,Magomed Ankalaev,Decision - Unanimous,3.0,900.0,False,True,False,False,366-540,30-34,2
79325a3c1a5c3bf4,Andreas Michailidis,1,31.991786447638603,1,2020-07-15,UFC Fight Night: Kattar vs. Ige,0e969ae805006d1f,light heavyweight,476fe566d2df676e,Modestas Bukauskas,KO/TKO,1,300,290.0,2021-05-01,UFC Fight Night: Reyes vs. Prochazka,78dc032441394331,middleweight,9cd047a828dd7515,KB Bhullar,Decision - Unanimous,3.0,900.0,True,False,False,False,271-365,30-34,1
1ae8f3c723aacff4,Ricardo Ramos,7,24.955509924709105,2,2020-07-15,UFC Fight Night: Kattar vs. Ige,f3efc6121c5323ff,featherweight,396fe87b84ac2e1c,Lerone Murphy,KO/TKO,1,258,311.0,2021-05-22,UFC Fight Night: Font vs. Garbrandt,ae0afbff5ba07a34,featherweight,9abc648e76c4493a,Bill Algeo,Decision - Unanimous,3.0,900.0,True,False,False,False,271-365,<30,2
c3218c810959d279,Khadis Ibragimov,3,25.16084873374401,1,2020-07-18,UFC Fight Night: Figueiredo vs. Benavidez 2,e5a9f75b1117d848,light heavyweight,327d5f279895110d,Roman Dolidze,KO/TKO,1,255,70.0,2020-09-26,UFC 253: Adesanya vs. Costa,e10481ee3fda7080,light heavyweight,687c15b2eddfaa63,Danilo Marques,Decision - Unanimous,3.0,900.0,False,True,False,False,0-120,<30,1
4c88a1db5a46c6a4,Jai Herbert,1,32.199863107460644,1,2020-07-25,UFC Fight Night: Whittaker vs. Till,3b209a2aee014ac2,lightweight,a8283a4f415e1eb9,Francisco Trinaldo,KO/TKO,3,690,336.0,2021-06-26,UFC Fight Night: Gane vs. Volkov,4341ebb5a56e6943,lightweight,b6452706b373eea1,Renato Moicano,Submission,2.0,574.0,False,True,False,False,271-365,30-34,1
92fa1401b7927da3,Jake Collier,7,31.748117727583846,3,2020-07-25,UFC Fight Night: Whittaker vs. Till,6cfab1da57d260f4,heavyweight,399afbabc02376b5,Tom Aspinall,KO/TKO,1,45,133.0,2020-12-05,UFC Fight Night: Hermansson vs. Vettori,c4d1c4b82cf34afb,heavyweight,fcd448a2fe1a23cc,Gian Villante,Decision - Unanimous,3.0,900.0,True,False,False,False,121-180,30-34,3+
f748267c4ab6c127,Rhys McKee,1,24.87337440109514,1,2020-07-25,UFC Fight Night: Whittaker vs. Till,573d3a6984cbcd29,welterweight,767755fd74662dbf,Khamzat Chimaev,KO/TKO,1,189,112.0,2020-11-14,UFC Fight Night: Felder vs. Dos Anjos,d80fd2ec736f7df2,welterweight,cdb96af67d096b1e,Alex Morono,Decision - Unanimous,3.0,900.0,False,True,False,False,0-120,<30,1
4144798612ef96e5,Edmen Shahbazyan,5,22.69678302532512,1,2020-08-01,UFC Fight Night: Brunson vs. Shahbazyan,0b88d0c76f9cd7e4,middleweight,b1a3e0aca758b322,Derek Brunson,KO/TKO,3,626,294.0,2021-05-22,UFC Fight Night: Font vs. Garbrandt,7f8340dfe4220c3e,middleweight,0a1942069c9ad6b6,Jack Hermansson,Decision - Unanimous,3.0,900.0,False,True,False,False,271-365,<30,1
c6aee362c7a7d482,Randy Brown,10,30.067077344284737,2,2020-08-01,UFC Fight Night: Brunson vs. Shahbazyan,2fb1abeb337e0ccc,welterweight,6d4b63c767106d3a,Vicente Luque,KO/TKO,2,596,266.0,2021-04-24,UFC 261: Usman vs. Masvidal 2,512af32553d9bd70,welterweight,57b10fca4f9c9a7a,Alex Oliveira,Submission,1.0,170.0,True,False,False,False,181-270,30-34,2
98c23cb6da5b3352,Aleksei Oleinik,13,43.134839151266256,3,2020-08-08,UFC Fight Night: Lewis vs. Oleinik,a2e34655a41ba45c,heavyweight,d3df1add9d9a7efb,Derrick Lewis,KO/TKO,2,321,196.0,2021-02-20,UFC Fight Night: Blaydes vs. Lewis,8f7328fe18806fb0,heavyweight,d0aaedcf7ccd0b45,Chris Daukaus,KO/TKO,1.0,115.0,False,True,True,True,181-270,35+,3+
b9437600497350f3,Joaquin Buckley,1,26.28336755646817,1,2020-08-08,UFC Fight Night: Lewis vs. Oleinik,05f6459d1f3ed13f,middleweight,3a46b268013afede,Kevin Holland,KO/TKO,3,632,63.0,2020-10-10,UFC Fight Night: Moraes vs. Sandhagen,ee57cbd0b68c689d,middleweight,257b0c8d6f199895,Impa Kasanganay,KO/TKO,2.0,423.0,True,False,True,False,0-120,<30,1
df1eb4354d18a906,Scott Holtzman,11,36.85694729637235,1,2020-08-08,UFC Fight Night: Lewis vs. Oleinik,cfb189e326553f0a,lightweight,08af939f41b5a57b,Beneil Dariush,KO/TKO,1,278,245.0,2021-04-10,UFC Fight Night: Vettori vs. Holland,998296216e7171ed,lightweight,72db2a14ffa73ece,Mateusz Gamrot,KO/TKO,2.0,382.0,False,True,True,True,181-270,35+,1
4dcfb28c011c11b2,Wellington Turman,3,24.046543463381244,1,2020-08-08,UFC Fight Night: Lewis vs. Oleinik,e8f4e8ff49678b44,middleweight,fccf811c1e8b01c7,Andrew Sanchez,KO/TKO,1,254,315.0,2021-06-19,UFC Fight Night: Jung vs. Ige,bb1ac382e0277b3f,middleweight,12ebd7d157e91701,Bruno Silva,KO/TKO,1.0,285.0,False,True,True,True,271-365,<30,1
4f140403000158b5,Herbert Burns,3,32.53388090349076,1,2020-08-15,UFC 252: Miocic vs. Cormier 3,0d9e9127c62811f9,featherweight,361d49960a196976,Daniel Pineda,KO/TKO,2,577,700.0,2022-07-16,UFC Fight Night: Ortega vs. Rodriguez,4dd2bcd2b025204e,featherweight,9abc648e76c4493a,Bill Algeo,KO/TKO,2.0,410.0,False,True,True,True,541+,30-34,1
63def5a5662a6917,Junior Dos Santos,22,36.54209445585216,6,2020-08-15,UFC 252: Miocic vs. Cormier 3,dc24c4759651c6ad,heavyweight,2cd428e9606856fd,Jairzinho Rozenstruik,KO/TKO,2,527,119.0,2020-12-12,UFC 256: Figueiredo vs. Moreno,fe3ff5b1d9135add,heavyweight,787bb1f087ccff8a,Ciryl Gane,KO/TKO,2.0,454.0,False,True,True,True,0-120,35+,3+
ac40f7e3cbecdda4,Parker Porter,1,35.31553730321698,1,2020-08-15,UFC 252: Miocic vs. Cormier 3,2e9ad55f2e2f7c56,heavyweight,d0aaedcf7ccd0b45,Chris Daukaus,KO/TKO,1,268,105.0,2020-11-28,UFC Fight Night: Smith vs. Clark,32a7da2f34ae3803,heavyweight,b5da8f7d05e85a55,Josh Parisian,Decision - Unanimous,3.0,900.0,True,False,False,False,0-120,35+,1
b50a426a33da0012,Sean O'Malley,5,25.809719370294317,1,2020-08-15,UFC 252: Miocic vs. Cormier 3,7200343d2e957cf3,bantamweight,7c7332319c14094c,Marlon Vera,KO/TKO,1,280,224.0,2021-03-27,UFC 260: Miocic vs. Ngannou,0aa335dbc4cb3473,bantamweight,2b074403b7c6cdb4,Thomas Almeida,KO/TKO,3.0,832.0,True,False,True,False,181-270,<30,1
8be158ca1e5ea6a0,Dwight Grant,4,35.937029431895965,1,2020-08-22,UFC Fight Night: Munhoz vs. Edgar,cfa0dbc7534f3545,welterweight,8a1f3b5c526cd6e6,Daniel Rodriguez,KO/TKO,1,144,245.0,2021-04-24,UFC 261: Usman vs. Masvidal 2,c5dfce1eaa2dc169,welterweight,348dff4e03bd18c6,Stefan Sekulic,Decision - Split,3.0,900.0,True,False,False,False,181-270,35+,1
6370c1c1e12723d5,Marcin Prachnio,3,32.106776180698155,3,2020-08-22,UFC Fight Night: Munhoz vs. Edgar,5d9a3bfdcd28abb8,light heavyweight,18b602842a24f7c5,Mike Rodriguez,KO/TKO,1,137,154.0,2021-01-23,UFC 257: Poirier vs. McGregor,c597fd8bb66d54d8,light heavyweight,749f572d1d3161fb,Khalil Rountree Jr.,Decision - Unanimous,3.0,900.0,True,False,False,False,121-180,30-34,3+
a08ddd04eaffd81d,Mariya Agapova,2,23.37577002053388,1,2020-08-22,UFC Fight Night: Munhoz vs. Edgar,37a6fc5e69a7932d,women's flyweight,122ac9b816d8b71c,Shana Dobson,KO/TKO,2,398,413.0,2021-10-09,UFC Fight Night: Dern vs. Rodriguez,38957d8eb185391c,women's flyweight,70d2329a92864fdb,Sabina Mazo,Submission,3.0,653.0,True,False,False,False,366-540,<30,1
a495f599e787614f,Alonzo Menifield,4,32.884325804243666,1,2020-09-05,UFC Fight Night: Overeem vs. Sakai,0e809b7e37681783,light heavyweight,50db8711c70196cd,Ovince Saint Preux,KO/TKO,2,547,203.0,2021-03-27,UFC 260: Miocic vs. Ngannou,48292a027df02443,light heavyweight,78a68f1dade6aaf7,Fabio Cherant,Submission,1.0,71.0,True,False,False,False,181-270,30-34,1
441eacbe20e0e80b,Augusto Sakai,5,29.32785763175907,1,2020-09-05,UFC Fight Night: Overeem vs. Sakai,24341a8cf1152c5c,heavyweight,b4ad3a06ee4d660c,Alistair Overeem,KO/TKO,5,1226,273.0,2021-06-05,UFC Fight Night: Rozenstruik vs. Sakai,2c0cddd12deb7450,heavyweight,2cd428e9606856fd,Jairzinho Rozenstruik,KO/TKO,1.0,299.0,False,True,True,True,271-365,<30,1
78e501478a36a018,Khama Worthy,3,33.91101984941821,1,2020-09-12,UFC Fight Night: Waterson vs. Hill,1ed8776f978a0155,lightweight,ee18ff42063174df,Ottman Azaitar,KO/TKO,1,93,196.0,2021-03-27,UFC 260: Miocic vs. Ngannou,390694c179f05c7f,lightweight,af9f42e6894047fc,Jamie Mullarkey,KO/TKO,1.0,46.0,False,True,True,True,181-270,30-34,1
31f8081c7600da93,Kyle Nelson,4,29.399041752224505,2,2020-09-12,UFC Fight Night: Waterson vs. Hill,c58aaabf2c5635d7,featherweight,aa171d55d4b5208f,Billy Quarantillo,KO/TKO,3,607,679.0,2022-07-23,UFC Fight Night: Blaydes vs. Aspinall,a1029686c3f1bead,lightweight,4c88a1db5a46c6a4,Jai Herbert,Decision - Unanimous,3.0,900.0,False,True,False,False,541+,<30,2
6ac9bc2953c47345,Gerald Meerschaert,12,32.75564681724846,3,2020-09-19,UFC Fight Night: Covington vs. Woodley,498766b46b8b4a7f,middleweight,767755fd74662dbf,Khamzat Chimaev,KO/TKO,1,17,210.0,2021-04-17,UFC Fight Night: Whittaker vs. Gastelum,627c0a50cff30405,middleweight,e17ac6410c8377f4,Bartosz Fabinski,Submission,1.0,120.0,True,False,False,False,181-270,30-34,3+
c9587d81e1d33925,Jerome Rivera,1,25.412731006160165,1,2020-09-19,UFC Fight Night: Covington vs. Woodley,579f3280456ad450,bantamweight,6e00cfffd54653c4,Tyson Nam,KO/TKO,2,334,123.0,2021-01-20,UFC Fight Night: Chiesa vs. Magny,4e451881e0e47b05,flyweight,cdadae5363b66eef,Francisco Figueiredo,Decision - Unanimous,3.0,900.0,False,True,False,False,121-180,<30,1
78f485f851891d68,Journey Newson,3,31.537303216974674,1,2020-09-19,UFC Fight Night: Covington vs. Woodley,42ecb9a94bebc24d,bantamweight,325ad0dd9126d3df,Randy Costa,KO/TKO,1,41,595.0,2022-05-07,UFC 274: Oliveira vs. Gaethje,430309e0f8a315d5,bantamweight,9e92e1ca498d7244,Fernie Garcia,Decision - Unanimous,3.0,900.0,True,False,False,False,541+,30-34,1
a67f5afa8d6a1b80,Ryan Spann,5,29.073237508555785,1,2020-09-19,UFC Fight Night: Covington vs. Woodley,1a484c452623181e,light heavyweight,c21f26bbde777573,Johnny Walker,KO/TKO,1,163,175.0,2021-03-13,UFC Fight Night: Edwards vs. Muhammad,4944437e73071671,light heavyweight,67f272324a030d00,Misha Cirkunov,KO/TKO,1.0,71.0,True,False,True,False,121-180,<30,1
49b130de1da2e1bf,Sarah Alpar,1,29.30321697467488,1,2020-09-19,UFC Fight Night: Covington vs. Woodley,bf614956b28f231c,women's bantamweight,6c8072b61c276e67,Jessica-Rose Clark,KO/TKO,3,861,364.0,2021-09-18,UFC Fight Night: Smith vs. Spann,0ce63c2148e70b4c,women's flyweight,669970f7feba8ecd,Erin Blanchfield,Decision - Unanimous,3.0,900.0,False,True,False,False,271-365,<30,1
effd9de9937996f8,Tyron Woodley,15,38.45311430527036,1,2020-09-19,UFC Fight Night: Covington vs. Woodley,ca531425f5c042db,welterweight,dc9572dd6ec74859,Colby Covington,KO/TKO,5,1279,189.0,2021-03-27,UFC 260: Miocic vs. Ngannou,39d188fa9b95d550,welterweight,6d4b63c767106d3a,Vicente Luque,Submission,1.0,236.0,False,True,False,False,181-270,35+,1
2e19380f34871c6a,Dominick Reyes,8,30.751540041067763,1,2020-09-26,UFC 253: Adesanya vs. Costa,4c12c9085200121f,light heavyweight,99df7d0a2a08a8a8,Jan Blachowicz,KO/TKO,2,576,217.0,2021-05-01,UFC Fight Night: Reyes vs. Prochazka,394802bb096b403e,light heavyweight,009341ed974bad72,Jiri Prochazka,KO/TKO,2.0,569.0,False,True,True,True,181-270,30-34,1
2e5c2aa8e4ab9d82,Paulo Costa,6,29.43463381245722,1,2020-09-26,UFC 253: Adesanya vs. Costa,fd76b75c28dc247a,middleweight,1338e2c7480bdf9e,Israel Adesanya,KO/TKO,2,539,392.0,2021-10-23,UFC Fight Night: Costa vs. Vettori,860be3cc82895177,light heavyweight,7acbb0972e75281a,Marvin Vettori,Decision - Unanimous,5.0,1500.0,False,True,False,False,366-540,<30,1
4cd8b03aee1d0138,Shane Young,4,27.156741957563312,1,2020-09-26,UFC 253: Adesanya vs. Costa,eed8c9955cad1e30,featherweight,5b86d491d63890c5,Ludovit Klein,KO/TKO,1,76,182.0,2021-03-27,UFC 260: Miocic vs. Ngannou,2220b73ece1730c3,featherweight,a0e6753c42698f13,Omar Morales,Decision - Unanimous,3.0,900.0,False,True,False,False,181-270,<30,1
5f3da9a9610d8969,Cameron Else,1,33.437371663244356,1,2020-10-03,UFC Fight Night: Holm vs. Aldana,c00a8682fb5b71bd,bantamweight,60425d07ef4b91a7,Kyler Phillips,KO/TKO,2,344,567.0,2022-04-23,UFC Fight Night: Lemos vs. Andrade,926977ec3ed0ebe1,bantamweight,7d420039bbfe7c1a,Aoriqileng,KO/TKO,1.0,168.0,False,True,True,True,541+,30-34,1
c9a94278df042f46,Alan Baudot,1,32.68993839835729,1,2020-10-10,UFC Fight Night: Moraes vs. Sandhagen,e4d831dc318e4e98,heavyweight,399afbabc02376b5,Tom Aspinall,KO/TKO,1,95,280.0,2021-07-17,UFC Fight Night: Makhachev vs. Moises,7d0874323bd1f768,heavyweight,d31a5546c0e9b213,Rodrigo Nascimento,Overturned,2.0,389.0,False,True,False,False,271-365,30-34,1
257b0c8d6f199895,Impa Kasanganay,2,26.729637234770706,1,2020-10-10,UFC Fight Night: Moraes vs. Sandhagen,ee57cbd0b68c689d,middleweight,b9437600497350f3,Joaquin Buckley,KO/TKO,2,423,182.0,2021-04-10,UFC Fight Night: Vettori vs. Holland,3209bcfaf95de90b,welterweight,a6c20202c701e5ca,Sasha Palatnikov,Submission,2.0,326.0,True,False,False,False,181-270,<30,1
9cd047a828dd7515,KB Bhullar,1,28.996577686516083,1,2020-10-10,UFC Fight Night: Moraes vs. Sandhagen,7c4eb0b4845eb0ed,middleweight,1588b787bda7b540,Tom Breese,KO/TKO,1,102,203.0,2021-05-01,UFC Fight Night: Reyes vs. Prochazka,78dc032441394331,middleweight,79325a3c1a5c3bf4,Andreas Michailidis,Decision - Unanimous,3.0,900.0,False,True,False,False,181-270,<30,1
2ac4628c08ec5125,Markus Perez,6,32.30116358658453,1,2020-10-10,UFC Fight Night: Moraes vs. Sandhagen,e64075c104471ff0,middleweight,0d7b51c9d2649a6e,Dricus Du Plessis,KO/TKO,1,202,102.0,2021-01-20,UFC Fight Night: Chiesa vs. Magny,76b61ff4c9760f79,middleweight,ce632027bf2a871b,Dalcha Lungiambula,Decision - Unanimous,3.0,900.0,False,True,False,False,0-120,30-34,1
fea79f9bc8c68769,Marlon Moraes,8,32.45722108145106,2,2020-10-10,UFC Fight Night: Moraes vs. Sandhagen,727ecd251325b6a8,bantamweight,65f09bacd3957381,Cory Sandhagen,KO/TKO,2,363,70.0,2020-12-19,UFC Fight Night: Thompson vs. Neal,8955ea3c7c332e6c,bantamweight,05339613bf8e9808,Rob Font,KO/TKO,1.0,227.0,False,True,True,True,0-120,30-34,2
d31a5546c0e9b213,Rodrigo Nascimento,2,27.871321013004792,1,2020-10-10,UFC Fight Night: Moraes vs. Sandhagen,1e525f9857019a2e,heavyweight,d0aaedcf7ccd0b45,Chris Daukaus,KO/TKO,1,45,280.0,2021-07-17,UFC Fight Night: Makhachev vs. Moises,7d0874323bd1f768,heavyweight,c9a94278df042f46,Alan Baudot,Overturned,2.0,389.0,False,True,False,False,271-365,<30,1
e872e9a9a902c045,Katlyn Cerminara,11,31.802874743326488,2,2020-10-17,UFC Fight Night: Ortega vs. The Korean Zombie,e7a915f39ecf6db0,women's flyweight,6a1901c62ab3870f,Jessica Andrade,KO/TKO,1,295,35.0,2020-11-21,UFC 255: Figueiredo vs. Perez,08ef2ed7393efd24,women's flyweight,98215d037be5bcb7,Cynthia Calvillo,Decision - Unanimous,3.0,900.0,True,False,False,False,0-120,30-34,2
ef1182eb28c17d4e,Mark Striegl,1,32.31759069130732,1,2020-10-17,UFC Fight Night: Ortega vs. The Korean Zombie,024a04f78b37b7d9,bantamweight,0fd5f4b838e890cc,Said Nurmagomedov,KO/TKO,1,51,490.0,2022-02-19,UFC Fight Night: Walker vs. Hill,2d8db91f91f68069,featherweight,4bd6b4800070b069,Chas Skelly,KO/TKO,2.0,421.0,False,True,True,True,366-540,30-34,1
476fe566d2df676e,Modestas Bukauskas,2,26.68309377138946,1,2020-10-17,UFC Fight Night: Ortega vs. The Korean Zombie,948da1b7ebbb06b3,light heavyweight,70e1f8a821b72c8b,Jimmy Crute,KO/TKO,1,121,161.0,2021-03-27,UFC 260: Miocic vs. Ngannou,6002c24f0b7f8cc7,light heavyweight,0d65c432720accb9,Michal Oleksiejczuk,Decision - Split,3.0,900.0,False,True,False,False,121-180,<30,1
cd13728ae1151f46,Ion Cutelaba,9,26.861054072553046,2,2020-10-24,UFC 254: Khabib vs. Gaethje,eedcb6c5d163e581,light heavyweight,d802174b0c0c1f4e,Magomed Ankalaev,KO/TKO,1,259,189.0,2021-05-01,UFC Fight Night: Reyes vs. Prochazka,ec8d93ae99a7799d,light heavyweight,e4277e87a789d687,Dustin Jacoby,Decision - Split,3.0,900.0,False,True,False,False,181-270,<30,2
d4270315cbcf2569,Jacob Malkoun,1,25.163586584531142,1,2020-10-24,UFC 254: Khabib vs. Gaethje,a2620cbef573a837,middleweight,547afe1017e72dbe,Phil Hawes,KO/TKO,1,18,175.0,2021-04-17,UFC Fight Night: Whittaker vs. Gastelum,a850ba762f3c5334,middleweight,eae431e70064e046,Abdul Razak Alhassan,Decision - Unanimous,3.0,900.0,True,False,False,False,121-180,<30,1
03f982ca3735070c,Walt Harris,15,37.374401095140314,4,2020-10-24,UFC 254: Khabib vs. Gaethje,ccfe7b0d29c5440c,heavyweight,279566840aa55bf2,Alexander Volkov,KO/TKO,2,375,224.0,2021-06-05,UFC Fight Night: Rozenstruik vs. Sakai,f187c7ec92f43828,heavyweight,c9cf753cfdf77fc2,Marcin Tybura,KO/TKO,1.0,246.0,False,True,True,True,181-270,35+,3+
feaf00f3373435d6,Chris Gruetzemacher,5,34.37645448323067,1,2020-10-31,UFC Fight Night: Hall vs. Silva,95beb5ec32718faf,lightweight,262a7d06203657e6,Alexander Hernandez,KO/TKO,1,106,273.0,2021-07-31,UFC Fight Night: Hall vs. Strickland,12ceec9431fb0827,lightweight,e132d47bd9efbbe0,Rafa Garcia,Decision - Unanimous,3.0,900.0,True,False,False,False,271-365,30-34,1
0c258d1d8e16e5f1,Kevin Natividad,1,27.581108829568787,1,2020-10-31,UFC Fight Night: Hall vs. Silva,7e6f12a95c14f9de,bantamweight,46e0d677f91bacc0,Miles Johns,KO/TKO,3,771,175.0,2021-04-24,UFC 261: Usman vs. Masvidal 2,eb5d62bda1581c62,bantamweight,3b0a516d2921e0d6,Batgerel Danaa,KO/TKO,1.0,50.0,False,True,True,True,121-180,<30,1
068f8a189a47fea6,Maurice Greene,7,34.32443531827516,2,2020-10-31,UFC Fight Night: Hall vs. Silva,d763ad79532b27ff,heavyweight,85073dbd1be65ed9,Greg Hardy,KO/TKO,2,372,189.0,2021-05-08,UFC Fight Night: Rodriguez vs. Waterson,3f71ac21472f994c,heavyweight,ab943cd2c3c17825,Marcos Rogerio de Lima,Decision - Unanimous,3.0,900.0,False,True,False,False,181-270,30-34,2
f6e5972c9d16c40e,Victor Rodriguez,1,28.1533196440794,1,2020-10-31,UFC Fight Night: Hall vs. Silva,4e566bd7094b49da,bantamweight,0232cabbc30a2372,Adrian Yanez,KO/TKO,1,166,203.0,2021-05-22,UFC Fight Night: Font vs. Garbrandt,b381dc272b32ce03,flyweight,294aa73dbf37d281,Bruno Silva,KO/TKO,1.0,60.0,False,True,True,True,181-270,<30,1
f0fad0e9f3b65752,Jamey Simmons,1,28.15605749486653,1,2020-11-07,UFC Fight Night: Santos vs. Teixeira,0fed97329b78b887,featherweight,9560ff14eb3129f7,Giga Chikadze,KO/TKO,1,231,273.0,2021-08-07,UFC 265: Lewis vs. Gane,af9927b5589e708b,bantamweight,f6bcbd91b114ff58,Johnny Munoz,Submission,2.0,455.0,False,True,False,False,271-365,<30,1
3d074044a33825e7,Ramiz Brahimaj,1,27.972621492128678,1,2020-11-07,UFC Fight Night: Santos vs. Teixeira,55019da3a4bd5d54,welterweight,b0d6a1d8ac3d563d,Max Griffin,KO/TKO,3,723,287.0,2021-08-21,UFC Fight Night: Cannonier vs. Gastelum,47a157222b2c9092,welterweight,a6c20202c701e5ca,Sasha Palatnikov,Submission,1.0,153.0,True,False,False,False,271-365,<30,1
eae431e70064e046,Abdul Razak Alhassan,7,35.26078028747433,1,2020-11-14,UFC Fight Night: Felder vs. Dos Anjos,30eb24f7904c2128,welterweight,2558ae2e5671e318,Khaos Williams,KO/TKO,1,30,154.0,2021-04-17,UFC Fight Night: Whittaker vs. Gastelum,a850ba762f3c5334,middleweight,d4270315cbcf2569,Jacob Malkoun,Decision - Unanimous,3.0,900.0,False,True,False,False,121-180,35+,1
2f181c0467965b98,Brendan Allen,4,24.88158795345654,1,2020-11-14,UFC Fight Night: Felder vs. Dos Anjos,fa6e8fa6c3f05e31,catch weight,0d8011111be000b2,Sean Strickland,KO/TKO,2,392,161.0,2021-04-24,UFC 261: Usman vs. Masvidal 2,f5dd0a24a7dba53c,middleweight,37d5b176d438d2a5,Karl Roberson,Submission,1.0,295.0,True,False,False,False,121-180,<30,1
6551c64fbcd1a467,Ariane da Silva,5,26.819986310746064,1,2020-11-21,UFC 255: Figueiredo vs. Perez,a485281be8e9d2e2,women's flyweight,d7338bcb141abd2c,Antonina Shevchenko,KO/TKO,2,573,196.0,2021-06-05,UFC Fight Night: Rozenstruik vs. Sakai,1a50d5c7e1e5c058,women's flyweight,80d8aed0ca9b00f3,Montana De La Rosa,KO/TKO,2.0,567.0,False,True,True,True,181-270,<30,1
6e15f63b6c2e2c15,Brandon Royval,3,28.265571526351813,1,2020-11-21,UFC 255: Figueiredo vs. Perez,8d5ea3bf3be7cb91,flyweight,792be9a24df82ed6,Brandon Moreno,KO/TKO,1,299,273.0,2021-08-21,UFC Fight Night: Cannonier vs. Gastelum,0b47788da6de735e,flyweight,a0f0004aadf10b71,Alexandre Pantoja,Submission,2.0,406.0,False,True,False,False,271-365,<30,1
c878270af633eb11,Jordan Wright,2,29.125256673511295,1,2020-11-21,UFC 255: Figueiredo vs. Perez,6c1b38dd918793ff,middleweight,b9437600497350f3,Joaquin Buckley,KO/TKO,2,318,175.0,2021-05-15,UFC 262: Oliveira vs. Chandler,5573d46130d6b967,middleweight,830f60497fab345a,Jamie Pickett,KO/TKO,1.0,64.0,True,False,True,False,121-180,<30,1
afe8d5b39ff7fca2,Louis Cosce,1,25.23750855578371,1,2020-11-21,UFC 255: Figueiredo vs. Perez,91afc389191d41fb,welterweight,a6c20202c701e5ca,Sasha Palatnikov,KO/TKO,3,767,665.0,2022-09-17,UFC Fight Night: Sandhagen vs. Song,46b9acec12a35d37,welterweight,b27a1fcb56a3035a,Trevin Giles,Decision - Unanimous,3.0,900.0,False,True,False,False,541+,<30,1
140745cbbcb023ac,Mauricio Rua,22,38.98973305954826,5,2020-11-21,UFC 255: Figueiredo vs. Perez,1671723154d8e324,light heavyweight,eabf206b162b3b83,Paul Craig,KO/TKO,2,516,532.0,2022-05-07,UFC 274: Oliveira vs. Gaethje,c020ccbd7cdefb6e,light heavyweight,50db8711c70196cd,Ovince Saint Preux,Decision - Split,3.0,900.0,False,True,False,False,366-540,35+,3+
eee0ef3e2b14816b,Kai Kamaka,2,25.897330595482547,1,2020-11-28,UFC Fight Night: Smith vs. Clark,4d56bcd82438e632,featherweight,87c0b1c696ddfb43,Jonathan Pearce,KO/TKO,2,568,154.0,2021-05-01,UFC Fight Night: Reyes vs. Prochazka,d72f9b3ac742a9e3,featherweight,d31cbcdd7d69536d,TJ Brown,Decision - Split,3.0,900.0,False,True,False,False,121-180,<30,1
dee294e9717012c2,Malcolm Gordon,2,30.529774127310063,1,2020-11-28,UFC Fight Night: Smith vs. Clark,8868957c1735bcf0,flyweight,3cf18e01cb6cbde3,Sumudaerji,KO/TKO,1,44,231.0,2021-07-17,UFC Fight Night: Makhachev vs. Moises,49876b12d440af40,flyweight,cdadae5363b66eef,Francisco Figueiredo,Decision - Unanimous,3.0,900.0,True,False,False,False,181-270,30-34,1
29af297d9f1de0f8,Damon Jackson,5,32.32580424366872,1,2020-12-05,UFC Fight Night: Hermansson vs. Vettori,b1be8b41b1a4fd85,featherweight,54f64b5e283b0ce7,Ilia Topuria,KO/TKO,1,158,308.0,2021-10-09,UFC Fight Night: Dern vs. Rodriguez,df16b9c2fc9722e9,featherweight,40093d1d2d78394e,Charles Rosa,Decision - Unanimous,3.0,900.0,True,False,False,False,271-365,30-34,1
304a21d0595e1a08,Justin Jaynes,3,31.32101300479124,1,2020-12-05,UFC Fight Night: Hermansson vs. Vettori,46860358da8b8d82,lightweight,436f970c9ea9169c,Gabriel Benitez,KO/TKO,1,246,63.0,2021-02-06,UFC Fight Night: Overeem vs. Volkov,464cc19d42446da9,catch weight,207773daeb4afa7b,Devonte Smith,TKO - Doctor's Stoppage,2.0,518.0,False,True,False,False,0-120,30-34,1
50db8711c70196cd,Ovince Saint Preux,23,37.661875427789184,2,2020-12-05,UFC Fight Night: Hermansson vs. Vettori,8d4a475e48722fea,light heavyweight,5444c5a201d3ee5a,Jamahal Hill,KO/TKO,2,517,203.0,2021-06-26,UFC Fight Night: Gane vs. Volkov,d40eae4425092219,heavyweight,04c8b08b16a5b99e,Tanner Boser,KO/TKO,2.0,451.0,False,True,True,True,181-270,35+,2
361d49960a196976,Daniel Pineda,9,35.351129363449694,2,2020-12-12,UFC 256: Figueiredo vs. Moreno,022bdd58cc6e571d,featherweight,d247691a6c0e9034,Cub Swanson,KO/TKO,2,412,196.0,2021-06-26,UFC Fight Night: Gane vs. Volkov,4622ec182e7fed6b,featherweight,8fd808923cffff82,Andre Fili,Could Not Continue,2.0,346.0,False,True,False,False,181-270,35+,2
7a703c565ccaa18f,Jacare Souza,15,41.01574264202601,2,2020-12-12,UFC 256: Figueiredo vs. Moreno,4a172a5191cb8e60,middleweight,3a46b268013afede,Kevin Holland,KO/TKO,1,105,154.0,2021-05-15,UFC 262: Oliveira vs. Chandler,ca22bafab913aae7,middleweight,886264a0c9f4ea5e,Andre Muniz,Submission,1.0,239.0,False,True,False,False,121-180,35+,2
b6452706b373eea1,Renato Moicano,10,31.561943874058862,3,2020-12-12,UFC 256: Figueiredo vs. Moreno,cb7616f92a9a4e5b,lightweight,c814b4c899793af6,Rafael Fiziev,KO/TKO,1,245,196.0,2021-06-26,UFC Fight Night: Gane vs. Volkov,4341ebb5a56e6943,lightweight,4c88a1db5a46c6a4,Jai Herbert,Submission,2.0,574.0,True,False,False,False,181-270,30-34,3+
85073dbd1be65ed9,Greg Hardy,8,32.394250513347025,1,2020-12-19,UFC Fight Night: Thompson vs. Neal,cd150cd28738a7c5,heavyweight,c9cf753cfdf77fc2,Marcin Tybura,KO/TKO,2,571,203.0,2021-07-10,UFC 264: Poirier vs. McGregor 3,53b480b44b0b51f1,heavyweight,c62fbc117d57b943,Tai Tuivasa,KO/TKO,1.0,67.0,False,True,True,True,181-270,30-34,1
fea79f9bc8c68769,Marlon Moraes,9,32.648870636550306,3,2020-12-19,UFC Fight Night: Thompson vs. Neal,8955ea3c7c332e6c,bantamweight,05339613bf8e9808,Rob Font,KO/TKO,1,227,280.0,2021-09-25,UFC 266: Volkanovski vs. Ortega,bc276e0f07e30a54,bantamweight,c03520b5c88ed6b4,Merab Dvalishvili,KO/TKO,2.0,565.0,False,True,True,True,271-365,30-34,3+
866fd7b1a6c90e7f,Dusko Todorovic,2,26.663928815879533,1,2021-01-16,UFC Fight Night: Holloway vs. Kattar,358f816aff469270,middleweight,64facb6cc564262d,Punahele Soriano,KO/TKO,1,288,140.0,2021-06-05,UFC Fight Night: Rozenstruik vs. Sakai,9252ad2304fd9a26,middleweight,d1c65d2cf2925ddd,Gregory Rodrigues,Decision - Unanimous,3.0,900.0,False,True,False,False,121-180,<30,1
b9437600497350f3,Joaquin Buckley,4,26.72416153319644,2,2021-01-16,UFC Fight Night: Holloway vs. Kattar,775c1f401815bbd8,middleweight,77d7295d1b22c694,Alessio Di Chirico,KO/TKO,1,132,245.0,2021-09-18,UFC Fight Night: Smith vs. Spann,401f5f4714132d50,middleweight,61fb8098ccf81c7f,Antonio Arroyo,KO/TKO,3.0,746.0,True,False,True,False,181-270,<30,2
6d1bffff14897645,Santiago Ponzinibbio,12,34.30800821355236,2,2021-01-16,UFC Fight Night: Holloway vs. Kattar,aeb7ff8ce6e1beac,welterweight,e64b96c07d7ce999,Li Jingliang,KO/TKO,1,265,140.0,2021-06-05,UFC Fight Night: Rozenstruik vs. Sakai,5c0e5d850d8e661f,welterweight,82d4c957649faf9b,Miguel Baeza,Decision - Unanimous,3.0,900.0,True,False,False,False,121-180,30-34,2
49ee5024966efc0d,Mounir Lazzez,2,33.18001368925393,1,2021-01-20,UFC Fight Night: Chiesa vs. Magny,dd34dd337e637767,welterweight,d317a5e2b3f88c5f,Warlley Alves,KO/TKO,1,155,451.0,2022-04-16,UFC Fight Night: Luque vs. Muhammad,559031e51ced0b53,welterweight,1497e735d9f2560a,Ange Loosa,Decision - Unanimous,3.0,900.0,True,False,False,False,366-540,30-34,1
9dedfdd91070ddd8,Victoria Leonardo,1,30.926762491444215,1,2021-01-20,UFC Fight Night: Chiesa vs. Magny,ae38fb2a6b6a0cc1,women's flyweight,34ff304266360297,Manon Fiorot,KO/TKO,2,548,199.0,2021-08-07,UFC 265: Lewis vs. Gane,cce232c1b1b2e4a0,women's flyweight,a4a80dd7336ffd59,Melissa Gatto,TKO - Doctor's Stoppage,2.0,600.0,False,True,False,False,181-270,30-34,1
beecb672a279223e,Amanda Ribas,5,27.411362080766597,1,2021-01-23,UFC 257: Poirier vs. McGregor,cd08b68f0bafafbf,women's strawweight,cd2c4d30c6e13b47,Marina Rodriguez,KO/TKO,2,354,280.0,2021-10-30,UFC 267: Blachowicz vs. Teixeira,d84968d7e9fcb4f3,women's strawweight,7dda2cf308f24a02,Virna Jandiroba,Decision - Unanimous,3.0,900.0,True,False,False,False,271-365,<30,1
fccf811c1e8b01c7,Andrew Sanchez,9,32.79397672826831,3,2021-01-23,UFC 257: Poirier vs. McGregor,65352221c0bfe52d,middleweight,ea7e5bc78d9de658,Makhmud Muradov,KO/TKO,3,779,266.0,2021-10-16,UFC Fight Night: Ladd vs. Dumont,fefa96b6d939ffea,middleweight,12ebd7d157e91701,Bruno Silva,KO/TKO,3.0,755.0,False,True,True,True,181-270,30-34,3+
f4c49976c75c5ab2,Conor McGregor,13,32.5284052019165,1,2021-01-23,UFC 257: Poirier vs. McGregor,3d3e7dc7b4bf2bc4,lightweight,029eaff01e6bb8f0,Dustin Poirier,KO/TKO,2,452,168.0,2021-07-10,UFC 264: Poirier vs. McGregor 3,7d0ce28ce8a77eb1,lightweight,029eaff01e6bb8f0,Dustin Poirier,TKO - Doctor's Stoppage,1.0,300.0,False,True,False,False,121-180,30-34,1
193b9d1858bc4df3,Dan Hooker,16,30.94318959616701,2,2021-01-23,UFC 257: Poirier vs. McGregor,a5075f4eaee6036f,lightweight,4b93a88f3b1de35b,Michael Chandler,KO/TKO,1,150,245.0,2021-09-25,UFC 266: Volkanovski vs. Ortega,b3c23fb2d71bba51,lightweight,b7b84ccd221be298,Nasrat Haqparast,Decision - Unanimous,3.0,900.0,True,False,False,False,181-270,30-34,2
f2688492b9a525a3,Frankie Edgar,28,39.31006160164271,3,2021-02-06,UFC Fight Night: Overeem vs. Volkov,9ef858837dfc65eb,bantamweight,65f09bacd3957381,Cory Sandhagen,KO/TKO,1,28,273.0,2021-11-06,UFC 268: Usman vs. Covington 2,c634ed84212723ca,bantamweight,7c7332319c14094c,Marlon Vera,KO/TKO,3.0,830.0,False,True,True,True,271-365,35+,3+
c9587d81e1d33925,Jerome Rivera,3,25.796030116358658,2,2021-02-06,UFC Fight Night: Overeem vs. Volkov,3ac61bcb406e1a0c,featherweight,6d68c1afe954f121,Ode Osbourne,KO/TKO,1,26,154.0,2021-07-10,UFC 264: Poirier vs. McGregor 3,ac0a1d87e9ff4085,flyweight,55fa6ce3e522c8bb,Zhalgas Zhumagulov,Submission,1.0,122.0,False,True,False,False,121-180,<30,2
23024fdfc966410a,Gilbert Burns,16,34.57084188911704,2,2021-02-13,UFC 258: Usman vs. Burns,be94e5b7a35ce5f2,welterweight,f1b2aa7853d1ed6e,Kamaru Usman,KO/TKO,3,634,147.0,2021-07-10,UFC 264: Poirier vs. McGregor 3,8245791a3d3403c6,welterweight,4a28cb716c19157a,Stephen Thompson,Decision - Unanimous,3.0,900.0,True,False,False,False,121-180,30-34,2
98c23cb6da5b3352,Aleksei Oleinik,14,43.671457905544145,4,2021-02-20,UFC Fight Night: Blaydes vs. Lewis,8f7328fe18806fb0,heavyweight,d0aaedcf7ccd0b45,Chris Daukaus,KO/TKO,1,115,119.0,2021-06-19,UFC Fight Night: Jung vs. Ige,6fd9a013cea5a403,heavyweight,e2f6b2769aaedd6c,Serghei Spivac,Decision - Unanimous,3.0,900.0,False,True,False,False,0-120,35+,3+
fa6796c55d6c5440,Curtis Blaydes,13,30.00684462696783,2,2021-02-20,UFC Fight Night: Blaydes vs. Lewis,b12bc15f384ecc42,heavyweight,d3df1add9d9a7efb,Derrick Lewis,KO/TKO,2,386,217.0,2021-09-25,UFC 266: Volkanovski vs. Ortega,f4df74046a1c4364,heavyweight,2cd428e9606856fd,Jairzinho Rozenstruik,Decision - Unanimous,3.0,900.0,True,False,False,False,181-270,30-34,2
dc3b9cf7641b7ab6,Drako Rodriguez,1,24.681724845995895,1,2021-02-20,UFC Fight Night: Blaydes vs. Lewis,b9cd4910f0ecff45,bantamweight,24656ef4d605c96f,Aiemann Zahabi,KO/TKO,1,185,168.0,2021-08-07,UFC 265: Lewis vs. Gane,3d75081ce43774ca,bantamweight,37098a6e6c27fb66,Vince Morales,Decision - Unanimous,3.0,900.0,False,True,False,False,121-180,<30,1
fc9a9559a05f2704,Eddie Wineland,15,36.65434633812457,4,2021-02-20,UFC Fight Night: Blaydes vs. Lewis,990c2378caec68d4,bantamweight,5fa2974cbd18e05c,John Castaneda,KO/TKO,1,284,483.0,2022-06-18,UFC Fight Night: Kattar vs. Emmett,8b5c760f34daafe0,bantamweight,bf7ad5628363eec9,Cody Stamann,KO/TKO,1.0,59.0,False,True,True,True,366-540,35+,3+
2b68d9f125d07b42,Jared Vanderaa,1,28.777549623545518,1,2021-02-20,UFC Fight Night: Blaydes vs. Lewis,c3b6aa47e7532a7b,heavyweight,e2f6b2769aaedd6c,Serghei Spivac,KO/TKO,2,572,91.0,2021-05-22,UFC Fight Night: Font vs. Garbrandt,559c0c3d752f327a,heavyweight,e13abac8089a801a,Justin Tafa,Decision - Unanimous,3.0,900.0,True,False,False,False,0-120,<30,1
583ee11abddfc581,Nate Landwehr,3,32.709103353867214,2,2021-02-20,UFC Fight Night: Blaydes vs. Lewis,e175c1a0bff30187,featherweight,902ec2cc48c8ae8a,Julian Erosa,KO/TKO,1,56,238.0,2021-10-16,UFC Fight Night: Ladd vs. Dumont,a2e1116a9fe84aa9,featherweight,5b86d491d63890c5,Ludovit Klein,Submission,3.0,742.0,True,False,False,False,181-270,30-34,2
9014c02eff8b3d62,Carlos Ulberg,1,30.327173169062284,1,2021-03-06,UFC 259: Blachowicz vs. Adesanya,d170f6580e1c244f,light heavyweight,8667caa0451d245b,Kennedy Nzechukwu,KO/TKO,2,499,343.0,2022-02-12,UFC 271: Adesanya vs. Whittaker 2,3bebd99d5f94bec7,light heavyweight,78a68f1dade6aaf7,Fabio Cherant,Decision - Unanimous,3.0,900.0,True,False,False,False,271-365,30-34,1
dab8cfbb6b1db10a,Livinha Souza,5,29.987679671457904,1,2021-03-06,UFC 259: Blachowicz vs. Adesanya,50ef636148fa6fac,women's strawweight,3df5493bb279226f,Amanda Lemos,KO/TKO,1,219,231.0,2021-10-23,UFC Fight Night: Costa vs. Vettori,61d9eff5fa4c8578,women's strawweight,4a57ebb14315b251,Randa Markos,Decision - Unanimous,3.0,900.0,False,True,False,False,181-270,<30,1
bc711b6dd95c1af6,Mario Bautista,4,27.679671457905545,1,2021-03-06,UFC 259: Blachowicz vs. Adesanya,c096342c57a6f2c4,bantamweight,ec23c1be628d8057,Trevin Jones,KO/TKO,2,347,350.0,2022-02-19,UFC Fight Night: Walker vs. Hill,8cd583f6d10692bc,bantamweight,01fed6f61ebea01f,Jay Perrin,Decision - Unanimous,3.0,900.0,True,False,False,False,271-365,<30,1
07a2bdaa0afdd831,Rogerio Bontorin,4,28.862422997946613,1,2021-03-06,UFC 259: Blachowicz vs. Adesanya,873306ad79b62f5e,flyweight,853eb0dd5c0e2149,Kai Kara-France,KO/TKO,1,295,70.0,2021-05-15,UFC 262: Oliveira vs. Chandler,969aa613824c5dfe,bantamweight,67c1d46f4ed16f9e,Matt Schnell,Overturned,3.0,900.0,False,True,False,False,0-120,<30,1
da816417a579a0bd,Gavin Tucker,6,34.7378507871321,1,2021-03-13,UFC Fight Night: Edwards vs. Muhammad,d15a87087b6f1452,featherweight,82a5152216251682,Dan Ige,KO/TKO,1,22,875.0,2023-08-05,UFC Fight Night: Sandhagen vs. Font,79bfba62da6242a6,featherweight,f166e93d04a8c274,Diego Lopes,Submission,1.0,98.0,False,True,False,False,541+,30-34,1
5f3805dda9661cba,Jason Witt,3,34.34633812457221,2,2021-03-13,UFC Fight Night: Edwards vs. Muhammad,d0ebb0551377a1c1,welterweight,4aa58269d0664b5b,Matthew Semelsberger,KO/TKO,1,16,140.0,2021-07-31,UFC Fight Night: Hall vs. Strickland,9eef9b7967991296,welterweight,a331233f597090a5,Bryan Barberena,Decision - Majority,3.0,900.0,True,False,False,False,121-180,30-34,2
f2477cf43c4975cc,Jonathan Martinez,7,26.89664613278576,1,2021-03-13,UFC Fight Night: Edwards vs. Muhammad,70aa6b8f863e6861,bantamweight,113df4fde64735c6,Davey Grant,KO/TKO,2,483,224.0,2021-10-23,UFC Fight Night: Costa vs. Vettori,7151ae256e6c181b,bantamweight,41498c2d1a87b154,Zviad Lazishvili,Decision - Unanimous,3.0,900.0,True,False,False,False,181-270,<30,1
2804ce8dadab5770,Marcelo Rojo,1,32.695414099931554,1,2021-03-13,UFC Fight Night: Edwards vs. Muhammad,bb7ce8a6ba7f7cc5,featherweight,f1d64ae34e088832,Charles Jourdain,KO/TKO,3,871,336.0,2022-02-12,UFC 271: Adesanya vs. Whittaker 2,a0ba726da4a50458,bantamweight,60425d07ef4b91a7,Kyler Phillips,Submission,3.0,708.0,False,True,False,False,271-365,30-34,1
67f272324a030d00,Misha Cirkunov,10,34.039698836413415,4,2021-03-13,UFC Fight Night: Edwards vs. Muhammad,4944437e73071671,light heavyweight,a67f5afa8d6a1b80,Ryan Spann,KO/TKO,1,71,203.0,2021-10-02,UFC Fight Night: Santos vs. Walker,dba710edbc3c29ff,middleweight,4e06913c91da5200,Krzysztof Jotko,Decision - Split,3.0,900.0,False,True,False,False,181-270,30-34,3+
93b62c5f2ba18e51,Gustavo Lopez,3,31.72895277207392,1,2021-03-20,UFC Fight Night: Brunson vs. Holland,afc86d1076c4c3a9,bantamweight,0232cabbc30a2372,Adrian Yanez,KO/TKO,3,627,182.0,2021-09-18,UFC Fight Night: Smith vs. Spann,178756c3cb23b884,bantamweight,1897b7b913736a7c,Alatengheili,Decision - Unanimous,3.0,900.0,False,True,False,False,181-270,30-34,1
f703250471acaf96,Harry Hunsucker,1,32.20807665982204,1,2021-03-20,UFC Fight Night: Brunson vs. Holland,9e45cc594a5a2506,heavyweight,c62fbc117d57b943,Tai Tuivasa,KO/TKO,1,49,273.0,2021-12-18,UFC Fight Night: Lewis vs. Daukaus,fc0927c657c51622,heavyweight,e13abac8089a801a,Justin Tafa,KO/TKO,1.0,113.0,False,True,True,True,271-365,30-34,1
0b362247806341e5,JP Buys,1,24.8870636550308,1,2021-03-20,UFC Fight Night: Brunson vs. Holland,55bf7f19a132e0fc,flyweight,294aa73dbf37d281,Bruno Silva,KO/TKO,2,476,182.0,2021-09-18,UFC Fight Night: Smith vs. Spann,dc870fab1e0f15e1,bantamweight,cc1a8b4b38b92c6d,Montel Jackson,Decision - Unanimous,3.0,900.0,False,True,False,False,181-270,<30,1
8c39367b53eadf8a,Jesse Strader,1,29.809719370294317,1,2021-03-20,UFC Fight Night: Brunson vs. Holland,b8a0047c927faa75,bantamweight,cc1a8b4b38b92c6d,Montel Jackson,KO/TKO,1,118,336.0,2022-02-19,UFC Fight Night: Walker vs. Hill,ea63f56779100678,bantamweight,c7c39e2fb70248b3,Chad Anheliger,KO/TKO,3.0,813.0,False,True,True,True,271-365,<30,1
9c65736747ca92ec,Leonardo Santos,9,41.11978097193703,1,2021-03-20,UFC Fight Night: Brunson vs. Holland,a043e279434d5c8c,lightweight,99bd51917728c25d,Grant Dawson,KO/TKO,3,899,259.0,2021-12-04,UFC Fight Night: Font vs. Aldo,5d64044b985004e7,lightweight,c47df9303d318c67,Clay Guida,Submission,2.0,381.0,False,True,False,False,181-270,35+,1
32490e80ddab1e5a,Song Kenan,6,31.028062970568104,1,2021-03-20,UFC Fight Night: Brunson vs. Holland,edac9fd482177a64,welterweight,b0d6a1d8ac3d563d,Max Griffin,KO/TKO,1,140,714.0,2023-03-04,UFC 285: Jones vs. Gane,ed9f8f702585ed44,welterweight,442c9011034ae1fd,Ian Machado Garry,KO/TKO,3.0,862.0,False,True,True,True,541+,30-34,1
46d0a888d87d91ac,Abu Azaitar,2,35.04722792607803,1,2021-03-27,UFC 260: Miocic vs. Ngannou,41622791b276ad9e,middleweight,8e9eb3fc86db0f7d,Marc-Andre Barriault,KO/TKO,3,896,938.0,2023-10-21,UFC 294: Makhachev vs. Volkanovski 2,43de9ff6064361e1,middleweight,4e6738062d469256,Sedriques Dumas,Decision - Unanimous,3.0,900.0,False,True,False,False,541+,35+,1
78e501478a36a018,Khama Worthy,4,34.4476386036961,2,2021-03-27,UFC 260: Miocic vs. Ngannou,390694c179f05c7f,lightweight,af9f42e6894047fc,Jamie Mullarkey,KO/TKO,1,46,210.0,2021-10-23,UFC Fight Night: Costa vs. Vettori,6d7eecf4acecda2a,lightweight,4c88a1db5a46c6a4,Jai Herbert,KO/TKO,1.0,167.0,False,True,True,True,181-270,30-34,2
d28dee5c705991df,Stipe Miocic,18,38.60369609856263,3,2021-03-27,UFC 260: Miocic vs. Ngannou,b1eff235241e719b,heavyweight,8d03ce87ca14e778,Francis Ngannou,KO/TKO,2,352,1330.0,2024-11-16,UFC 309: Jones vs. Miocic,b35e47f2f58ef026,heavyweight,07f72a2a7591b409,Jon Jones,KO/TKO,3.0,869.0,False,True,True,True,541+,35+,3+
df1eb4354d18a906,Scott Holtzman,12,37.52772073921971,2,2021-04-10,UFC Fight Night: Vettori vs. Holland,998296216e7171ed,lightweight,72db2a14ffa73ece,Mateusz Gamrot,KO/TKO,2,382,602.0,2022-12-03,UFC Fight Night: Thompson vs. Holland,7bd6969c4ed979f9,lightweight,c47df9303d318c67,Clay Guida,Decision - Split,3.0,900.0,False,True,False,False,541+,35+,2
3a8176e15b9887c1,Chris Weidman,17,36.851471594798085,6,2021-04-24,UFC 261: Usman vs. Masvidal 2,1820fed0fbcf6294,middleweight,65578a75fa7900e3,Uriah Hall,KO/TKO,1,17,847.0,2023-08-19,UFC 292: Sterling vs. O'Malley,1a95cc401f68f4c8,middleweight,0c6d9ea8306c029e,Brad Tavares,Decision - Unanimous,3.0,900.0,False,True,False,False,541+,35+,3+
6a1901c62ab3870f,Jessica Andrade,19,29.579739904175224,3,2021-04-24,UFC 261: Usman vs. Masvidal 2,34d2632fd26e7078,women's flyweight,132deb59abae64b1,Valentina Shevchenko,KO/TKO,2,499,154.0,2021-09-25,UFC 266: Volkanovski vs. Ortega,f4a2806f77ac1cdc,women's flyweight,98215d037be5bcb7,Cynthia Calvillo,KO/TKO,1.0,294.0,True,False,True,False,121-180,<30,3+
47b9e0e7703a4868,Jorge Masvidal,20,36.446269678302535,1,2021-04-24,UFC 261: Usman vs. Masvidal 2,6a5eb525331fa1fc,welterweight,f1b2aa7853d1ed6e,Kamaru Usman,KO/TKO,2,362,315.0,2022-03-05,UFC 272: Covington vs. Masvidal,d03d0abf331df751,welterweight,dc9572dd6ec74859,Colby Covington,Decision - Unanimous,5.0,1500.0,False,True,False,False,271-365,35+,1
0c258d1d8e16e5f1,Kevin Natividad,2,28.060232717316907,2,2021-04-24,UFC 261: Usman vs. Masvidal 2,eb5d62bda1581c62,bantamweight,3b0a516d2921e0d6,Batgerel Danaa,KO/TKO,1,50,574.0,2022-11-19,UFC Fight Night: Nzechukwu vs. Cutelaba,0f2983fe7753403f,bantamweight,cd3d7e37ff2d679c,Ricky Turcios,Decision - Split,3.0,900.0,False,True,False,False,541+,<30,2
ec0dcceace7d25a3,Liang Na,1,24.7419575633128,1,2021-04-24,UFC 261: Usman vs. Masvidal 2,a3cde349c8e018fb,women's strawweight,c0d5c0c95c59050b,Ariane Carnelossi,KO/TKO,2,388,413.0,2022-06-11,UFC 275: Teixeira vs. Prochazka,f466cd99d02644e9,women's strawweight,b4880ef2f838d4e1,Silvana Gomez Juarez,KO/TKO,1.0,82.0,False,True,True,True,366-540,<30,1
1ebe20ebbfa15e29,Zhang Weili,6,31.696098562628336,1,2021-04-24,UFC 261: Usman vs. Masvidal 2,6d8da45352344964,women's strawweight,47b63240018d5d86,Rose Namajunas,KO/TKO,1,78,196.0,2021-11-06,UFC 268: Usman vs. Covington 2,19722043e7eb4e39,women's strawweight,47b63240018d5d86,Rose Namajunas,Decision - Split,5.0,1500.0,False,True,False,False,181-270,30-34,1
d247691a6c0e9034,Cub Swanson,20,37.49486652977413,1,2021-05-01,UFC Fight Night: Reyes vs. Prochazka,2f82e8079ba354f4,featherweight,9560ff14eb3129f7,Giga Chikadze,KO/TKO,1,63,231.0,2021-12-18,UFC Fight Night: Lewis vs. Daukaus,2a5484a6d5e7a2da,featherweight,92a9aa9c93192871,Darren Elkins,KO/TKO,1.0,132.0,True,False,True,False,181-270,35+,1
2e19380f34871c6a,Dominick Reyes,9,31.345653661875428,2,2021-05-01,UFC Fight Night: Reyes vs. Prochazka,394802bb096b403e,light heavyweight,009341ed974bad72,Jiri Prochazka,KO/TKO,2,569,560.0,2022-11-12,UFC 281: Adesanya vs. Pereira,6f22afbc5f8e0bd3,light heavyweight,a67f5afa8d6a1b80,Ryan Spann,KO/TKO,1.0,80.0,False,True,True,True,541+,30-34,2
f53d4f21d1b5f2dc,Diego Ferreira,12,36.30116358658453,2,2021-05-08,UFC Fight Night: Rodriguez vs. Waterson,295a0bf12a7373c0,lightweight,84ff027394f7e470,Gregor Gillespie,KO/TKO,2,591,224.0,2021-12-18,UFC Fight Night: Lewis vs. Daukaus,730f14ccff80f3b0,lightweight,72db2a14ffa73ece,Mateusz Gamrot,KO/TKO,2.0,506.0,False,True,True,True,181-270,35+,2
1d00756835ca67c9,Donald Cerrone,37,38.110882956878854,7,2021-05-08,UFC Fight Night: Rodriguez vs. Waterson,db2c805201a3116e,welterweight,cdb96af67d096b1e,Alex Morono,KO/TKO,1,280,420.0,2022-07-02,UFC 276: Adesanya vs. Cannonier,459bc7c0b47719c3,welterweight,d1941565abf50b16,Jim Miller,Submission,2.0,392.0,False,True,False,False,366-540,35+,3+
016a8d958883167c,Gina Mazany,7,32.73648186173853,3,2021-05-15,UFC 262: Oliveira vs. Chandler,bfd672cac0726a9a,women's flyweight,b1e5bcaad32a3cac,Priscila Cachoeira,KO/TKO,2,591,350.0,2022-04-30,UFC Fight Night: Font vs. Vera,80cf37627a129145,women's flyweight,568bbad0eaced57c,Shanna Young,KO/TKO,2.0,491.0,False,True,True,True,271-365,30-34,3+
830f60497fab345a,Jamie Pickett,2,32.709103353867214,1,2021-05-15,UFC 262: Oliveira vs. Chandler,5573d46130d6b967,middleweight,c878270af633eb11,Jordan Wright,KO/TKO,1,64,161.0,2021-10-23,UFC Fight Night: Costa vs. Vettori,85f920746c58d0a6,middleweight,a12a8314adc1c1c9,Laureano Staropoli,Decision - Unanimous,3.0,900.0,True,False,False,False,121-180,30-34,1
4b93a88f3b1de35b,Michael Chandler,2,35.058179329226554,1,2021-05-15,UFC 262: Oliveira vs. Chandler,fef29aa73bd5b907,lightweight,07225ba28ae309b6,Charles Oliveira,KO/TKO,2,319,175.0,2021-11-06,UFC 268: Usman vs. Covington 2,999a0fad4c82148d,lightweight,9e8f6c728eb01124,Justin Gaethje,Decision - Unanimous,3.0,900.0,False,True,False,False,121-180,35+,1
98d961097baaf308,Shane Burgos,9,30.157426420260094,2,2021-05-15,UFC 262: Oliveira vs. Chandler,6655a8da2655f2d0,featherweight,64a50dad704d1d49,Edson Barboza,KO/TKO,3,676,175.0,2021-11-06,UFC 268: Usman vs. Covington 2,a260238fdb9c47cf,featherweight,aa171d55d4b5208f,Billy Quarantillo,Decision - Unanimous,3.0,900.0,True,False,False,False,121-180,30-34,2
c41d426cc7326d1b,Yan Xiaonan,7,31.9315537303217,1,2021-05-22,UFC Fight Night: Font vs. Garbrandt,16369fa06392f6a0,women's strawweight,d910665038efc639,Carla Esparza,KO/TKO,2,478,287.0,2022-03-05,UFC 272: Covington vs. Masvidal,9321b3c90ea5ca6c,women's strawweight,cd2c4d30c6e13b47,Marina Rodriguez,Decision - Split,3.0,900.0,False,True,False,False,271-365,30-34,1
6551c64fbcd1a467,Ariane da Silva,6,27.356605065023956,2,2021-06-05,UFC Fight Night: Rozenstruik vs. Sakai,1a50d5c7e1e5c058,women's flyweight,80d8aed0ca9b00f3,Montana De La Rosa,KO/TKO,2,567,105.0,2021-09-18,UFC Fight Night: Smith vs. Spann,ceaf7ed5ade30d9f,women's flyweight,297a2b35444c245b,Mandy Bohm,Decision - Unanimous,3.0,900.0,True,False,False,False,0-120,<30,2
441eacbe20e0e80b,Augusto Sakai,6,30.075290896646134,2,2021-06-05,UFC Fight Night: Rozenstruik vs. Sakai,2c0cddd12deb7450,heavyweight,2cd428e9606856fd,Jairzinho Rozenstruik,KO/TKO,1,299,189.0,2021-12-11,UFC 269: Oliveira vs. Poirier,50f2539c73b98eec,heavyweight,c62fbc117d57b943,Tai Tuivasa,KO/TKO,2.0,326.0,False,True,True,True,181-270,30-34,2
d25240135aee03e5,Tabatha Ricci,1,26.286105407255306,1,2021-06-05,UFC Fight Night: Rozenstruik vs. Sakai,419d1e29668b57fb,women's flyweight,34ff304266360297,Manon Fiorot,KO/TKO,2,480,140.0,2021-10-23,UFC Fight Night: Costa vs. Vettori,1fe58cdab57d233b,women's strawweight,37d752ec41ed84bb,Maria Oliveira,Decision - Unanimous,3.0,900.0,True,False,False,False,121-180,<30,1
5444c5a201d3ee5a,Jamahal Hill,4,30.067077344284737,1,2021-06-12,UFC 263: Adesanya vs. Vettori 2,4560734220b96851,light heavyweight,eabf206b162b3b83,Paul Craig,KO/TKO,1,119,175.0,2021-12-04,UFC Fight Night: Font vs. Aldo,b3847772199e2639,light heavyweight,70e1f8a821b72c8b,Jimmy Crute,KO/TKO,1.0,48.0,True,False,True,False,121-180,30-34,1
dccb63727f2f5f74,Matt Frevola,6,31.003422313483917,2,2021-06-12,UFC 263: Adesanya vs. Vettori 2,d4ad90ac58429b64,lightweight,809bd1a871491508,Terrance McKinney,KO/TKO,1,7,224.0,2022-01-22,UFC 270: Ngannou vs. Gane,5da7168ac2ff0e1d,lightweight,cda1099995b46cc2,Genaro Valdez,KO/TKO,1.0,195.0,True,False,True,False,181-270,30-34,2
ae7fe94f117f98cf,Joaquim Silva,7,32.3668720054757,2,2021-06-19,UFC Fight Night: Jung vs. Ige,1e9f081a84e7ec18,lightweight,814ff3018127e8fc,Ricky Glenn,KO/TKO,1,37,469.0,2022-10-01,UFC Fight Night: Dern vs. Yan,ecc56a86a1eead9d,lightweight,5580771f383e141f,Jesse Ronson,KO/TKO,2.0,488.0,True,False,True,False,366-540,30-34,2
902ec2cc48c8ae8a,Julian Erosa,8,31.88501026694045,4,2021-06-19,UFC Fight Night: Jung vs. Ige,d3c0dfa57950aefd,featherweight,a68575214ecad140,SeungWoo Choi,KO/TKO,1,97,77.0,2021-09-04,UFC Fight Night: Brunson vs. Till,3f76035e52e8819b,catch weight,f1d64ae34e088832,Charles Jourdain,Submission,3.0,776.0,True,False,False,False,0-120,30-34,3+
4dcfb28c011c11b2,Wellington Turman,4,24.908966461327857,2,2021-06-19,UFC Fight Night: Jung vs. Ige,bb1ac382e0277b3f,middleweight,12ebd7d157e91701,Bruno Silva,KO/TKO,1,285,70.0,2021-08-28,UFC Fight Night: Barboza vs. Chikadze,58d5e4afc2dd35d1,middleweight,d156513a19acf856,Sam Alvey,Decision - Split,3.0,900.0,True,False,False,False,0-120,<30,2
687c15b2eddfaa63,Danilo Marques,3,35.49897330595483,1,2021-06-26,UFC Fight Night: Gane vs. Volkov,85099c6378ff87c5,light heavyweight,8667caa0451d245b,Kennedy Nzechukwu,KO/TKO,3,620,224.0,2022-02-05,UFC Fight Night: Hermansson vs. Strickland,e82f15afac3dac93,light heavyweight,41e83a89929d1327,Jailton Almeida,KO/TKO,1.0,177.0,False,True,True,True,181-270,35+,1
f9d0cae37dabfafc,Ike Villanueva,4,37.22655715263518,2,2021-06-26,UFC Fight Night: Gane vs. Volkov,d988760df61f027c,light heavyweight,6370c1c1e12723d5,Marcin Prachnio,KO/TKO,2,356,119.0,2021-10-23,UFC Fight Night: Costa vs. Vettori,e078d18fa9ed100d,light heavyweight,8c57c7b8c3bab0eb,Nicolae Negumereanu,KO/TKO,1.0,78.0,False,True,True,True,0-120,35+,2
50db8711c70196cd,Ovince Saint Preux,24,38.217659137577,3,2021-06-26,UFC Fight Night: Gane vs. Volkov,d40eae4425092219,heavyweight,04c8b08b16a5b99e,Tanner Boser,KO/TKO,2,451,315.0,2022-05-07,UFC 274: Oliveira vs. Gaethje,c020ccbd7cdefb6e,light heavyweight,140745cbbcb023ac,Mauricio Rua,Decision - Split,3.0,900.0,True,False,False,False,271-365,35+,3+
d317a5e2b3f88c5f,Warlley Alves,13,30.47501711156742,2,2021-06-26,UFC Fight Night: Gane vs. Volkov,81de3929330076d2,welterweight,d66a46de8d705353,Jeremiah Wells,KO/TKO,2,330,574.0,2023-01-21,UFC 283: Teixeira vs. Hill,f09c3d8a26806761,welterweight,9d19d9e4aa2662e8,Nicolas Dalby,Decision - Split,3.0,900.0,False,True,False,False,541+,30-34,2
85073dbd1be65ed9,Greg Hardy,9,32.95003422313484,2,2021-07-10,UFC 264: Poirier vs. McGregor 3,53b480b44b0b51f1,heavyweight,c62fbc117d57b943,Tai Tuivasa,KO/TKO,1,67,238.0,2022-03-05,UFC 272: Covington vs. Masvidal,cda06ff86cfe4f5f,heavyweight,e2f6b2769aaedd6c,Serghei Spivac,KO/TKO,1.0,136.0,False,True,True,True,181-270,30-34,2
9c27f3217891f3f0,Kris Moutinho,1,28.917180013689254,1,2021-07-10,UFC 264: Poirier vs. McGregor 3,dbcc5b5d568efa8b,bantamweight,b50a426a33da0012,Sean O'Malley,KO/TKO,3,873,245.0,2022-03-12,UFC Fight Night: Santos vs. Ankalaev,b400c29fbeee0206,bantamweight,d05412b513b19621,Guido Cannetti,KO/TKO,1.0,127.0,False,True,True,True,181-270,<30,1
8866c6f509c19089,Ryan Hall,5,36.37782340862423,1,2021-07-10,UFC 264: Poirier vs. McGregor 3,07468b6347ac5e3d,featherweight,54f64b5e283b0ce7,Ilia Topuria,KO/TKO,1,287,154.0,2021-12-11,UFC 269: Oliveira vs. Poirier,537a5aa4c248830e,featherweight,34e516ab361afb1c,Darrick Minner,Decision - Unanimous,3.0,900.0,True,False,False,False,121-180,35+,1
b27a1fcb56a3035a,Trevin Giles,8,28.92539356605065,1,2021-07-10,UFC 264: Poirier vs. McGregor 3,858feabaf429a963,middleweight,0d7b51c9d2649a6e,Dricus Du Plessis,KO/TKO,2,401,196.0,2022-01-22,UFC 270: Ngannou vs. Gane,453283e947919ff7,welterweight,c32aeb1a59e6272d,Michael Morales,KO/TKO,1.0,246.0,False,True,True,True,181-270,<30,1
3143bf892608139a,Yana Santos,7,31.66050650239562,3,2021-07-10,UFC 264: Poirier vs. McGregor 3,3740c8033e31c90d,women's bantamweight,578ef12674df1e6a,Irene Aldana,KO/TKO,1,275,623.0,2023-03-25,UFC Fight Night: Vera vs. Sandhagen,1c2d0db1c9eed052,women's bantamweight,634e2fb70bde3fd5,Holly Holm,Decision - Unanimous,3.0,900.0,False,True,False,False,541+,30-34,3+
436f970c9ea9169c,Gabriel Benitez,11,33.086926762491444,3,2021-07-17,UFC Fight Night: Makhachev vs. Moises,940701effe1d2b6c,featherweight,aa171d55d4b5208f,Billy Quarantillo,KO/TKO,3,820,217.0,2022-02-19,UFC Fight Night: Walker vs. Hill,25da52bc590ef664,featherweight,ffe9703408fb5964,David Onama,KO/TKO,1.0,264.0,False,True,True,True,181-270,30-34,3+
1235b31de15d0c6e,Montserrat Conejo Ruiz,2,28.449007529089666,1,2021-07-17,UFC Fight Night: Makhachev vs. Moises,c5e71fbf22f669f7,women's strawweight,3df5493bb279226f,Amanda Lemos,KO/TKO,1,35,756.0,2023-08-12,UFC Fight Night: Luque vs. Dos Anjos,ca2aa660bea0cb60,women's strawweight,bc7d1ad49fcb2d08,Jaqueline Amorim,KO/TKO,3.0,821.0,False,True,True,True,541+,<30,1
9fe7af8b3fbe00a0,Preston Parsons,1,26.00684462696783,1,2021-07-17,UFC Fight Night: Makhachev vs. Moises,8151659b2bc16f0e,welterweight,8a1f3b5c526cd6e6,Daniel Rodriguez,KO/TKO,1,227,280.0,2022-04-23,UFC Fight Night: Lemos vs. Andrade,e4d946470fd150fe,welterweight,d9a56ecb6e94f02e,Evan Elder,Decision - Unanimous,3.0,900.0,True,False,False,False,271-365,<30,1
5f6f049d54728e88,Andre Ewell,8,33.50581793292265,2,2021-07-24,UFC Fight Night: Sandhagen vs. Dillashaw,cade0268dec56f3d,bantamweight,1291edf2d566a71a,Julio Arce,KO/TKO,2,525,147.0,2021-12-18,UFC Fight Night: Lewis vs. Daukaus,b4f88d65b47c2a39,featherweight,f1d64ae34e088832,Charles Jourdain,Decision - Unanimous,3.0,900.0,False,True,False,False,121-180,30-34,2
34e516ab361afb1c,Darrick Minner,4,31.238877481177276,1,2021-07-24,UFC Fight Night: Sandhagen vs. Dillashaw,1bde9cb65d31cc76,featherweight,92a9aa9c93192871,Darren Elkins,KO/TKO,2,528,140.0,2021-12-11,UFC 269: Oliveira vs. Poirier,537a5aa4c248830e,featherweight,8866c6f509c19089,Ryan Hall,Decision - Unanimous,3.0,900.0,False,True,False,False,121-180,30-34,1
ac7c765882f2c68c,Elise Reed,1,28.632443531827516,1,2021-07-24,UFC Fight Night: Sandhagen vs. Dillashaw,c13474b85d3ced32,women's flyweight,4234f0097c83fa62,Sijara Eubanks,KO/TKO,1,229,238.0,2022-03-19,UFC Fight Night: Volkov vs. Aspinall,5e378c52f26935d6,women's strawweight,3351aa64aa83c4d9,Cory McKenna,Decision - Split,3.0,900.0,True,False,False,False,181-270,<30,1
325ad0dd9126d3df,Randy Costa,4,27.04996577686516,1,2021-07-24,UFC Fight Night: Sandhagen vs. Dillashaw,43c391b251337c9b,bantamweight,0232cabbc30a2372,Adrian Yanez,KO/TKO,2,431,140.0,2021-12-11,UFC 269: Oliveira vs. Poirier,8bcdcfb0f93f1409,bantamweight,1a08b01fdabb6ae2,Tony Kelley,KO/TKO,2.0,555.0,False,True,True,True,121-180,<30,1
047a91d3d9c79b05,Collin Anglin,1,28.44079397672827,1,2021-07-31,UFC Fight Night: Hall vs. Strickland,6671b567c4eb9982,featherweight,a52bc1e62cf0b7c6,Melsik Baghdasaryan,KO/TKO,2,410,105.0,2021-11-13,UFC Fight Night: Holloway vs. Rodriguez,a27a355f52883f3e,featherweight,4682bc59d5f55145,Sean Woodson,KO/TKO,1.0,270.0,False,True,True,True,0-120,<30,1
5dd180c8b3196786,Gloria de Paula,2,26.140999315537304,1,2021-07-31,UFC Fight Night: Hall vs. Strickland,b4622ca7cf0e8506,women's strawweight,4959f10a62f3fec3,Cheyanne Vlismas,KO/TKO,1,60,203.0,2022-02-19,UFC Fight Night: Walker vs. Hill,33cc40fc1da409d3,women's strawweight,d7e40dca3ae125be,Diana Belbita,Decision - Unanimous,3.0,900.0,True,False,False,False,181-270,<30,1
62f7097c04311193,Niklas Stolze,2,28.588637919233403,1,2021-07-31,UFC Fight Night: Hall vs. Strickland,e3ecb94228c2739f,welterweight,c730a0be691dc081,Jared Gooden,KO/TKO,1,68,308.0,2022-06-04,UFC Fight Night: Volkov vs. Rozenstruik,ed32da52aff68944,lightweight,c2299ec916bc7c56,Benoit Saint Denis,Submission,2.0,392.0,False,True,False,False,271-365,<30,1
2c010b26a3306969,Orion Cosce,1,27.044490075290895,1,2021-07-31,UFC Fight Night: Hall vs. Strickland,fb9095887dca34c7,welterweight,8e382b585a92affe,Phil Rowe,KO/TKO,2,561,364.0,2022-07-30,UFC 277: Pena vs. Nunes 2,66f7bb31d24b3b36,welterweight,9edf2c9082cc2cd8,Blood Diamond,Decision - Unanimous,3.0,900.0,True,False,False,False,271-365,<30,1
d3df1add9d9a7efb,Derrick Lewis,22,36.49555099247091,5,2021-08-07,UFC 265: Lewis vs. Gane,bf732e22055e8634,interim heavyweight,787bb1f087ccff8a,Ciryl Gane,KO/TKO,3,851,133.0,2021-12-18,UFC Fight Night: Lewis vs. Daukaus,4b7ec02b39fc6f70,heavyweight,d0aaedcf7ccd0b45,Chris Daukaus,KO/TKO,1.0,216.0,True,False,True,False,121-180,35+,3+
6d68c1afe954f121,Ode Osbourne,3,29.57700205338809,1,2021-08-07,UFC 265: Lewis vs. Gane,85c5dd604d5b3634,flyweight,5d1b7e3dd9e11074,Manel Kape,KO/TKO,1,284,91.0,2021-11-06,UFC 268: Usman vs. Covington 2,8081cb92f71401c6,flyweight,077e3ace32b72be9,CJ Vergara,Decision - Unanimous,3.0,900.0,True,False,False,False,0-120,<30,1
78a68f1dade6aaf7,Fabio Cherant,2,26.7378507871321,1,2021-08-21,UFC Fight Night: Cannonier vs. Gastelum,5e2ce5aa3a92c2df,light heavyweight,5da33b8fbfa5ee95,William Knight,KO/TKO,1,238,175.0,2022-02-12,UFC 271: Adesanya vs. Whittaker 2,3bebd99d5f94bec7,light heavyweight,9014c02eff8b3d62,Carlos Ulberg,Decision - Unanimous,3.0,900.0,False,True,False,False,121-180,<30,1
37c5366d18ed6c05,Roosevelt Roberts,8,27.523613963039015,1,2021-08-21,UFC Fight Night: Cannonier vs. Gastelum,8badcb2134c1cdaf,lightweight,e4a47b07044ddd72,Ignacio Bahamondes,KO/TKO,3,895,812.0,2023-11-11,UFC 295: Prochazka vs. Pereira,480c4dbd2e792d86,lightweight,849c5d9979df5357,Mateusz Rebecki,Submission,1.0,188.0,False,True,False,False,541+,<30,1
77d7295d1b22c694,Alessio Di Chirico,10,31.709787816564,1,2021-08-28,UFC Fight Night: Barboza vs. Chikadze,e24c8aab497b4fe1,middleweight,eae431e70064e046,Abdul Razak Alhassan,KO/TKO,1,17,371.0,2022-09-03,UFC Fight Night: Gane vs. Tuivasa,1a191251620a84ca,middleweight,9d83f6da776ff7d6,Roman Kopylov,KO/TKO,3.0,669.0,False,True,True,True,366-540,30-34,1
64a50dad704d1d49,Edson Barboza,26,35.60027378507871,3,2021-08-28,UFC Fight Night: Barboza vs. Chikadze,5cd1869013741767,featherweight,9560ff14eb3129f7,Giga Chikadze,KO/TKO,3,704,189.0,2022-03-05,UFC 272: Covington vs. Masvidal,abd45edc07a8d9e3,featherweight,d9c6f19f958643e9,Bryce Mitchell,Decision - Unanimous,3.0,900.0,False,True,False,False,181-270,35+,3+
ce175eaafe867d1f,Micheal Gillmore,1,34.42026009582478,1,2021-08-28,UFC Fight Night: Barboza vs. Chikadze,ad3aa9520131ff2e,middleweight,5f61780fe5e9b6d0,Andre Petroski,KO/TKO,3,792,182.0,2022-02-26,UFC Fight Night: Makhachev vs. Green,c5d5fcf290cc029e,welterweight,3d074044a33825e7,Ramiz Brahimaj,Submission,1.0,122.0,False,True,False,False,181-270,30-34,1
476fe566d2df676e,Modestas Bukauskas,4,27.564681724845997,2,2021-09-04,UFC Fight Night: Brunson vs. Till,ad81be01a461c936,light heavyweight,749f572d1d3161fb,Khalil Rountree Jr.,KO/TKO,2,450,525.0,2023-02-11,UFC 284: Makhachev vs. Volkanovski,ca2672e68fedf4b7,light heavyweight,49e96ff8ab781589,Tyson Pedro,Decision - Unanimous,3.0,900.0,True,False,False,False,366-540,<30,2
e2f6b2769aaedd6c,Serghei Spivac,7,26.611909650924023,2,2021-09-04,UFC Fight Night: Brunson vs. Till,b977ffcc6428046f,heavyweight,399afbabc02376b5,Tom Aspinall,KO/TKO,1,150,182.0,2022-03-05,UFC 272: Covington vs. Masvidal,cda06ff86cfe4f5f,heavyweight,85073dbd1be65ed9,Greg Hardy,KO/TKO,1.0,136.0,True,False,True,False,181-270,<30,2
6a8928652fc01bee,Brandon Jenkins,1,29.968514715947983,1,2021-09-18,UFC Fight Night: Smith vs. Spann,85e5498808346d6b,lightweight,a13d755965a4ec9f,Rongzhu,KO/TKO,3,875,210.0,2022-04-16,UFC Fight Night: Luque vs. Muhammad,74c58b9d638c5eaa,lightweight,7cbf7c78d3b34218,Drakkar Klose,KO/TKO,2.0,333.0,False,True,True,True,181-270,<30,1
de45aaae23dfa392,Christos Giagos,10,31.652292950034223,1,2021-09-18,UFC Fight Night: Smith vs. Spann,13a8ddb1c3f55ed4,lightweight,eae48ff31db420c2,Arman Tsarukyan,KO/TKO,1,129,280.0,2022-06-25,UFC Fight Night: Tsarukyan vs. Gamrot,029a12d36a4687e1,lightweight,d945aae53e3e54e6,Thiago Moises,Submission,1.0,185.0,False,True,False,False,271-365,30-34,1
601964f9654f911a,Tony Gravely,4,29.973990417522245,1,2021-09-18,UFC Fight Night: Smith vs. Spann,576b795e33ddd62d,bantamweight,6e9f40c706f91f32,Nate Maness,KO/TKO,2,430,126.0,2022-01-22,UFC 270: Ngannou vs. Gane,9687021e5c4d092a,bantamweight,72ea1984c52019b5,Saimon Oliveira,Decision - Unanimous,3.0,900.0,True,False,False,False,121-180,<30,1
98215d037be5bcb7,Cynthia Calvillo,10,34.20396988364134,1,2021-09-25,UFC 266: Volkanovski vs. Ortega,f4a2806f77ac1cdc,women's flyweight,6a1901c62ab3870f,Jessica Andrade,KO/TKO,1,294,49.0,2021-11-13,UFC Fight Night: Holloway vs. Rodriguez,c0518d213b67e754,women's flyweight,05fa626cb33d15b8,Andrea Lee,KO/TKO,2.0,600.0,False,True,True,True,0-120,30-34,1
729d4bd5a6cd0a97,Lauren Murphy,12,38.16563997262149,1,2021-09-25,UFC 266: Volkanovski vs. Ortega,7233b2a56438d77a,women's flyweight,132deb59abae64b1,Valentina Shevchenko,KO/TKO,4,1140,294.0,2022-07-16,UFC Fight Night: Ortega vs. Rodriguez,4965d8eab468b839,women's flyweight,b96619b3acd7d9da,Miesha Tate,Decision - Unanimous,3.0,900.0,True,False,False,False,271-365,35+,1
fea79f9bc8c68769,Marlon Moraes,10,33.4154688569473,4,2021-09-25,UFC 266: Volkanovski vs. Ortega,bc276e0f07e30a54,bantamweight,c03520b5c88ed6b4,Merab Dvalishvili,KO/TKO,2,565,168.0,2022-03-12,UFC Fight Night: Santos vs. Ankalaev,9b46a662b8fa1d8d,bantamweight,efb96bf3e9ada36f,Song Yadong,KO/TKO,1.0,126.0,False,True,True,True,121-180,30-34,3+
2f5cbecbbe18bac4,Shamil Abdurakhimov,9,40.062970568104035,4,2021-09-25,UFC 266: Volkanovski vs. Ortega,f085f32bbb3220e1,heavyweight,d0aaedcf7ccd0b45,Chris Daukaus,KO/TKO,2,383,175.0,2022-03-19,UFC Fight Night: Volkov vs. Aspinall,ae989e21c3839b49,heavyweight,f14cf73e51b29254,Sergei Pavlovich,KO/TKO,1.0,243.0,False,True,True,True,121-180,35+,3+
d7338bcb141abd2c,Antonina Shevchenko,7,36.865160848733744,1,2021-10-02,UFC Fight Night: Santos vs. Walker,6832e9e62da0f9d3,women's flyweight,04835018f90b118c,Casey O'Neill,KO/TKO,2,587,280.0,2022-07-09,UFC Fight Night: Dos Anjos vs. Fiziev,81cbb709dedc914d,women's flyweight,5f179af5fffeb9f6,Cortney Casey,Decision - Split,3.0,900.0,True,False,False,False,271-365,35+,1
207773daeb4afa7b,Devonte Smith,5,28.175222450376456,2,2021-10-02,UFC Fight Night: Santos vs. Walker,dfa2f5c821a52c63,lightweight,af9f42e6894047fc,Jamie Mullarkey,KO/TKO,2,471,154.0,2022-03-05,UFC 272: Covington vs. Masvidal,36d9337a27b71ba9,lightweight,5b86d491d63890c5,Ludovit Klein,Decision - Split,3.0,900.0,False,True,False,False,121-180,<30,2
d80ee110748171ac,Mike Breeden,1,32.44900752908966,1,2021-10-02,UFC Fight Night: Santos vs. Walker,a00b4e82f9d4f92c,lightweight,262a7d06203657e6,Alexander Hernandez,KO/TKO,1,80,210.0,2022-04-30,UFC Fight Night: Font vs. Vera,9217ecc287ac482d,lightweight,a29db9cd4f9ccea5,Natan Levy,Decision - Unanimous,3.0,900.0,False,True,False,False,181-270,30-34,1
568bbad0eaced57c,Shanna Young,2,30.614647501711158,1,2021-10-02,UFC Fight Night: Santos vs. Walker,c1e5859053263811,women's bantamweight,5e6294b37bbef029,Stephanie Egger,KO/TKO,2,442,210.0,2022-04-30,UFC Fight Night: Font vs. Vera,80cf37627a129145,women's flyweight,016a8d958883167c,Gina Mazany,KO/TKO,2.0,491.0,True,False,True,False,181-270,30-34,1
318572f6f74b760d,Charlie Ontiveros,2,30.26694045174538,1,2021-10-09,UFC Fight Night: Dern vs. Rodriguez,ddb927b0dfcfac2a,lightweight,97cf1a2c7c5e7889,Steve Garcia,KO/TKO,2,411,308.0,2022-08-13,UFC Fight Night: Vera vs. Cruz,f858f91453555291,lightweight,436f970c9ea9169c,Gabriel Benitez,KO/TKO,1.0,213.0,False,True,True,True,271-365,30-34,1
2b68d9f125d07b42,Jared Vanderaa,3,29.409993155373034,2,2021-10-09,UFC Fight Night: Dern vs. Rodriguez,777c65184aa63894,heavyweight,c0badf3243907e59,Alexandr Romanov,KO/TKO,2,583,126.0,2022-02-12,UFC 271: Adesanya vs. Whittaker 2,81c22cfa22002ea4,heavyweight,3738e68d2261e60f,Andrei Arlovski,Decision - Split,3.0,900.0,False,True,False,False,121-180,<30,2
cc351e408bbb7d43,Brandon Davis,8,31.44147843942505,1,2021-10-16,UFC Fight Night: Ladd vs. Dumont,cf020c71f1dbfa0b,bantamweight,3b0a516d2921e0d6,Batgerel Danaa,KO/TKO,1,121,364.0,2022-10-15,UFC Fight Night: Grasso vs. Araujo,8252a314c778b8e6,bantamweight,c0386644627a7ee5,Mana Martinez,Decision - Split,3.0,900.0,False,True,False,False,271-365,30-34,1
a2ccf35a88346a91,Erick Gonzalez,1,29.738535249828885,1,2021-10-16,UFC Fight Night: Ladd vs. Dumont,d9ca00b3c62a874d,lightweight,d1941565abf50b16,Jim Miller,KO/TKO,2,314,294.0,2022-08-06,UFC Fight Night: Santos vs. Hill,b530bb13aac1e48b,lightweight,809bd1a871491508,Terrance McKinney,Submission,1.0,137.0,False,True,False,False,271-365,<30,1
31bb0772f21cabd8,Daniel Lacerda,1,25.38261464750171,1,2021-10-23,UFC Fight Night: Costa vs. Vettori,acec5f4c6fee1ae2,flyweight,008ea710276c9606,Jeff Molina,KO/TKO,2,346,189.0,2022-04-30,UFC Fight Night: Font vs. Vera,7e4b7a70838e5ba4,flyweight,cdadae5363b66eef,Francisco Figueiredo,Submission,1.0,78.0,False,True,False,False,181-270,<30,1
f9d0cae37dabfafc,Ike Villanueva,5,37.5523613963039,3,2021-10-23,UFC Fight Night: Costa vs. Vettori,e078d18fa9ed100d,light heavyweight,8c57c7b8c3bab0eb,Nicolae Negumereanu,KO/TKO,1,78,182.0,2022-04-23,UFC Fight Night: Lemos vs. Andrade,e8c57c6259193466,light heavyweight,49e96ff8ab781589,Tyson Pedro,KO/TKO,1.0,295.0,False,True,True,True,181-270,35+,3+
285ae0b4a68221f4,JunYong Park,5,30.652977412731005,1,2021-10-23,UFC Fight Night: Costa vs. Vettori,88256dd5a9aef1cc,middleweight,d1c65d2cf2925ddd,Gregory Rodrigues,KO/TKO,2,493,210.0,2022-05-21,UFC Fight Night: Holm vs. Vieira,4a789cdd5aaf4439,middleweight,cad24459b28592ca,Eryk Anders,Decision - Split,3.0,900.0,True,False,False,False,181-270,30-34,1
87a1dc546b1c5caf,Makwan Amirkhani,11,32.97467488021903,2,2021-10-30,UFC 267: Blachowicz vs. Teixeira,156f2425a937b22f,featherweight,396fe87b84ac2e1c,Lerone Murphy,KO/TKO,2,314,140.0,2022-03-19,UFC Fight Night: Volkov vs. Aspinall,6e705b2365bc03fa,featherweight,56fcb2c4d99f9d1b,Mike Grundy,Submission,1.0,57.0,True,False,False,False,121-180,30-34,2
79325a3c1a5c3bf4,Andreas Michailidis,3,33.30321697467488,2,2021-11-06,UFC 268: Usman vs. Covington 2,385101e8ad828c39,middleweight,e5549c82bfb5582d,Alex Pereira,KO/TKO,2,318,210.0,2022-06-04,UFC Fight Night: Volkov vs. Rozenstruik,a09447d185a62251,welterweight,8f765fd5775a8873,Rinat Fakhretdinov,Decision - Unanimous,3.0,900.0,False,True,False,False,181-270,30-34,2
4144798612ef96e5,Edmen Shahbazyan,7,23.96167008898015,2,2021-11-06,UFC 268: Usman vs. Covington 2,095a351dd6f09f7e,middleweight,881bf86d4cba8578,Nassourdine Imavov,KO/TKO,2,592,399.0,2022-12-10,UFC 282: Blachowicz vs. Ankalaev,4e9d76ed54f1f352,middleweight,ce632027bf2a871b,Dalcha Lungiambula,KO/TKO,2.0,581.0,True,False,True,False,366-540,<30,2
f2688492b9a525a3,Frankie Edgar,29,40.05749486652977,4,2021-11-06,UFC 268: Usman vs. Covington 2,c634ed84212723ca,bantamweight,7c7332319c14094c,Marlon Vera,KO/TKO,3,830,371.0,2022-11-12,UFC 281: Adesanya vs. Pereira,09afa6ce4747a1a2,bantamweight,45f0cc9d18f35137,Chris Gutierrez,KO/TKO,1.0,121.0,False,True,True,True,366-540,35+,3+
547afe1017e72dbe,Phil Hawes,4,32.82683093771389,1,2021-11-06,UFC 268: Usman vs. Covington 2,fa3b28ff3585b4a0,middleweight,5442f1bc4b47eaf3,Chris Curtis,KO/TKO,1,267,224.0,2022-06-18,UFC Fight Night: Kattar vs. Emmett,897d9e21c59d0633,middleweight,483a953b18d73bb3,Deron Winn,KO/TKO,2.0,565.0,True,False,True,False,181-270,30-34,1
98215d037be5bcb7,Cynthia Calvillo,11,34.338124572210816,2,2021-11-13,UFC Fight Night: Holloway vs. Rodriguez,c0518d213b67e754,women's flyweight,05fa626cb33d15b8,Andrea Lee,KO/TKO,2,600,273.0,2022-08-13,UFC Fight Night: Vera vs. Cruz,8986373b4a6e90b6,women's flyweight,d343df8ba11f4c4e,Nina Nunes,Decision - Split,3.0,900.0,False,True,False,False,271-365,30-34,2
1291edf2d566a71a,Julio Arce,7,32.04654346338125,1,2021-11-13,UFC Fight Night: Holloway vs. Rodriguez,73c97d5c314f1270,bantamweight,efb96bf3e9ada36f,Song Yadong,KO/TKO,2,395,147.0,2022-04-09,UFC 273: Volkanovski vs. The Korean Zombie,313c36ce9bde6cf6,bantamweight,b67d6bacc68d4c92,Daniel Santos,Decision - Unanimous,3.0,900.0,True,False,False,False,121-180,30-34,1
8667caa0451d245b,Kennedy Nzechukwu,5,29.418206707734427,1,2021-11-13,UFC Fight Night: Holloway vs. Rodriguez,81bb4d9b214adf4b,light heavyweight,74f9448b97bf8bec,Da Woon Jung,KO/TKO,1,184,112.0,2022-03-05,UFC 272: Covington vs. Masvidal,ee278a5a25744cac,light heavyweight,8c57c7b8c3bab0eb,Nicolae Negumereanu,Decision - Split,3.0,900.0,False,True,False,False,0-120,<30,1
82d4c957649faf9b,Miguel Baeza,5,29.22381930184805,1,2021-11-13,UFC Fight Night: Holloway vs. Rodriguez,8636b67096df4b27,welterweight,2558ae2e5671e318,Khaos Williams,KO/TKO,3,662,154.0,2022-04-16,UFC Fight Night: Luque vs. Muhammad,7c5fc3fc7be4a997,welterweight,33efaf2d0941cfcf,Andre Fialho,KO/TKO,1.0,279.0,False,True,True,True,121-180,<30,1
d945aae53e3e54e6,Thiago Moises,8,26.64476386036961,1,2021-11-13,UFC Fight Night: Holloway vs. Rodriguez,0273dbd5dedbdbe0,lightweight,58bbef3770bb2dfc,Joel Alvarez,KO/TKO,1,181,224.0,2022-06-25,UFC Fight Night: Tsarukyan vs. Gamrot,029a12d36a4687e1,lightweight,de45aaae23dfa392,Christos Giagos,Submission,1.0,185.0,True,False,False,False,181-270,<30,1
37ed1ab2f8b819f4,Brad Riddell,5,30.17932922655715,1,2021-12-04,UFC Fight Night: Font vs. Aldo,a38648a1c190f9be,lightweight,c814b4c899793af6,Rafael Fiziev,KO/TKO,3,740,210.0,2022-07-02,UFC 276: Adesanya vs. Cannonier,98411542ca0e847d,lightweight,4d8fa64202cee4c1,Jalin Turner,Submission,1.0,45.0,False,True,False,False,181-270,30-34,1
2f181c0467965b98,Brendan Allen,7,25.935660506502394,2,2021-12-04,UFC Fight Night: Font vs. Aldo,9e5bbbacf1d92cb4,middleweight,5442f1bc4b47eaf3,Chris Curtis,KO/TKO,2,418,63.0,2022-02-05,UFC Fight Night: Hermansson vs. Strickland,0730c4e6fb247fa1,light heavyweight,d156513a19acf856,Sam Alvey,Submission,2.0,430.0,True,False,False,False,0-120,<30,2
70e1f8a821b72c8b,Jimmy Crute,7,25.752224503764545,1,2021-12-04,UFC Fight Night: Font vs. Aldo,b3847772199e2639,light heavyweight,5444c5a201d3ee5a,Jamahal Hill,KO/TKO,1,48,434.0,2023-02-11,UFC 284: Makhachev vs. Volkanovski,ec03739c836fadc8,light heavyweight,a495f599e787614f,Alonzo Menifield,Decision - Majority,3.0,900.0,False,True,False,False,366-540,<30,1
d2bc285ead803db0,Louis Smolka,16,30.38740588637919,1,2021-12-04,UFC Fight Night: Font vs. Aldo,1ce1a43ef68ffc7d,bantamweight,37098a6e6c27fb66,Vince Morales,KO/TKO,1,122,161.0,2022-05-14,UFC Fight Night: Blachowicz vs. Rakic,43543a2c1c7a7135,bantamweight,113df4fde64735c6,Davey Grant,KO/TKO,3.0,649.0,False,True,True,True,121-180,30-34,1
55fa6ce3e522c8bb,Zhalgas Zhumagulov,4,33.26488706365503,1,2021-12-04,UFC Fight Night: Font vs. Aldo,376dddfa82debbf4,flyweight,5d1b7e3dd9e11074,Manel Kape,KO/TKO,1,242,182.0,2022-06-04,UFC Fight Night: Volkov vs. Rozenstruik,7e20b0536fbbd560,flyweight,008ea710276c9606,Jeff Molina,Decision - Split,3.0,900.0,False,True,False,False,181-270,30-34,1
441eacbe20e0e80b,Augusto Sakai,7,30.5927446954141,3,2021-12-11,UFC 269: Oliveira vs. Poirier,50f2539c73b98eec,heavyweight,c62fbc117d57b943,Tai Tuivasa,KO/TKO,2,326,238.0,2022-08-06,UFC Fight Night: Santos vs. Hill,044d210d7b1eb519,heavyweight,e2f6b2769aaedd6c,Serghei Spivac,KO/TKO,2.0,522.0,False,True,True,True,181-270,30-34,3+
d8c7c61b176e3994,Cody Garbrandt,12,30.431211498973305,4,2021-12-11,UFC 269: Oliveira vs. Poirier,795aa42785a46643,flyweight,853eb0dd5c0e2149,Kai Kara-France,KO/TKO,1,201,448.0,2023-03-04,UFC 285: Jones vs. Gane,ec490d4224d3bc78,bantamweight,ec23c1be628d8057,Trevin Jones,Decision - Unanimous,3.0,900.0,True,False,False,False,366-540,30-34,3+
c878270af633eb11,Jordan Wright,4,30.17932922655715,2,2021-12-11,UFC 269: Oliveira vs. Poirier,9039762cb9f4abdb,middleweight,12ebd7d157e91701,Bruno Silva,KO/TKO,1,88,133.0,2022-04-23,UFC Fight Night: Lemos vs. Andrade,992e84bf59837e21,catch weight,8e9eb3fc86db0f7d,Marc-Andre Barriault,Submission,1.0,156.0,False,True,False,False,121-180,30-34,2
325ad0dd9126d3df,Randy Costa,5,27.433264887063654,2,2021-12-11,UFC 269: Oliveira vs. Poirier,8bcdcfb0f93f1409,bantamweight,1a08b01fdabb6ae2,Tony Kelley,KO/TKO,2,555,294.0,2022-10-01,UFC Fight Night: Dern vs. Yan,6c79db79da9ae874,bantamweight,d05412b513b19621,Guido Cannetti,Submission,1.0,64.0,False,True,False,False,271-365,<30,2
82b4e942781b1046,Raulian Paiva,6,26.151950718685832,1,2021-12-11,UFC 269: Oliveira vs. Poirier,8c01b7dccc4d0926,bantamweight,b50a426a33da0012,Sean O'Malley,KO/TKO,1,282,196.0,2022-06-25,UFC Fight Night: Tsarukyan vs. Gamrot,a457331c27bce6d5,bantamweight,2f6a993c7f547c13,Sergey Morozov,Decision - Unanimous,3.0,900.0,False,True,False,False,181-270,<30,1
d0aaedcf7ccd0b45,Chris Daukaus,5,32.2299794661191,1,2021-12-18,UFC Fight Night: Lewis vs. Daukaus,4b7ec02b39fc6f70,heavyweight,d3df1add9d9a7efb,Derrick Lewis,KO/TKO,1,216,98.0,2022-03-26,UFC Fight Night: Blaydes vs. Daukaus,c4e866d9dd606faa,heavyweight,fa6796c55d6c5440,Curtis Blaydes,KO/TKO,2.0,317.0,False,True,True,True,0-120,30-34,1
92a9aa9c93192871,Darren Elkins,25,37.59069130732375,3,2021-12-18,UFC Fight Night: Lewis vs. Daukaus,2a5484a6d5e7a2da,featherweight,d247691a6c0e9034,Cub Swanson,KO/TKO,1,132,133.0,2022-04-30,UFC Fight Night: Font vs. Vera,760e3f292b834637,featherweight,2ebfbe72ed703925,Tristan Connelly,Decision - Unanimous,3.0,900.0,True,False,False,False,121-180,35+,3+
f53d4f21d1b5f2dc,Diego Ferreira,13,36.91444216290212,3,2021-12-18,UFC Fight Night: Lewis vs. Daukaus,730f14ccff80f3b0,lightweight,72db2a14ffa73ece,Mateusz Gamrot,KO/TKO,2,506,518.0,2023-05-20,UFC Fight Night: Dern vs. Hill,12683e06369d1a83,lightweight,511e82663651438d,Michael Johnson,KO/TKO,2.0,410.0,True,False,True,False,366-540,35+,3+
f703250471acaf96,Harry Hunsucker,2,32.955509924709105,2,2021-12-18,UFC Fight Night: Lewis vs. Daukaus,fc0927c657c51622,heavyweight,e13abac8089a801a,Justin Tafa,KO/TKO,1,113,245.0,2022-08-20,UFC 278: Usman vs. Edwards,5abcf9f282983acc,light heavyweight,49e96ff8ab781589,Tyson Pedro,KO/TKO,1.0,65.0,False,True,True,True,181-270,30-34,2
b5da8f7d05e85a55,Josh Parisian,3,32.473648186173854,1,2021-12-18,UFC Fight Night: Lewis vs. Daukaus,a760d0f5de2e1aaa,heavyweight,1a9480fc288e55d7,Don'Tale Mayes,KO/TKO,3,806,189.0,2022-06-25,UFC Fight Night: Tsarukyan vs. Gamrot,c57c8e22a3e8dde2,heavyweight,c9a94278df042f46,Alan Baudot,KO/TKO,2.0,484.0,True,False,True,False,181-270,30-34,1
2f13e4020cea5b38,Raphael Assuncao,17,39.41683778234086,3,2021-12-18,UFC Fight Night: Lewis vs. Daukaus,a43dcd04788d95c7,bantamweight,5987b2458f4b5290,Ricky Simon,KO/TKO,2,434,301.0,2022-10-15,UFC Fight Night: Grasso vs. Araujo,96d4fe315722d1c1,bantamweight,eb8d8c2a95cfccb8,Victor Henry,Decision - Unanimous,3.0,900.0,True,False,False,False,271-365,35+,3+
cda1099995b46cc2,Genaro Valdez,1,30.017796030116358,1,2022-01-22,UFC 270: Ngannou vs. Gane,5da7168ac2ff0e1d,lightweight,dccb63727f2f5f74,Matt Frevola,KO/TKO,1,195,315.0,2022-12-03,UFC Fight Night: Thompson vs. Holland,30abc50a2e71c576,lightweight,a29db9cd4f9ccea5,Natan Levy,Decision - Unanimous,3.0,900.0,False,True,False,False,271-365,30-34,1
776d4262c4da38bf,Pete Rodriguez,1,25.190965092402465,1,2022-01-22,UFC 270: Ngannou vs. Gane,0669231ebe3dd560,welterweight,6b453bc35a823c3f,Jack Della Maddalena,KO/TKO,1,179,266.0,2022-10-15,UFC Fight Night: Grasso vs. Araujo,84b04e8d6b251c54,welterweight,0641c21bec209472,Mike Jackson,KO/TKO,1.0,93.0,True,False,True,False,181-270,<30,1
b27a1fcb56a3035a,Trevin Giles,9,29.462012320328544,2,2022-01-22,UFC 270: Ngannou vs. Gane,453283e947919ff7,welterweight,c32aeb1a59e6272d,Michael Morales,KO/TKO,1,246,238.0,2022-09-17,UFC Fight Night: Sandhagen vs. Song,46b9acec12a35d37,welterweight,afe8d5b39ff7fca2,Louis Cosce,Decision - Unanimous,3.0,900.0,True,False,False,False,181-270,<30,2
a53d30163304aa6e,Carlston Harris,3,34.57905544147844,1,2022-02-05,UFC Fight Night: Hermansson vs. Strickland,6b4c2cc27855506a,welterweight,01afe0916a40c7c5,Shavkat Rakhmonov,KO/TKO,1,250,399.0,2023-03-11,UFC Fight Night: Yan vs. Dvalishvili,ccb5e29cd0347110,welterweight,c730a0be691dc081,Jared Gooden,Decision - Unanimous,3.0,900.0,True,False,False,False,366-540,30-34,1
2526be54e6a0e62a,Denys Bondar,1,29.609856262833677,1,2022-02-05,UFC Fight Night: Hermansson vs. Strickland,1765fc442ea03873,flyweight,dee294e9717012c2,Malcolm Gordon,KO/TKO,1,82,497.0,2023-06-17,UFC Fight Night: Vettori vs. Cannonier,8ea12c7360fa0f6b,flyweight,798e48f9e7f6ba22,Carlos Hernandez,Decision - Unanimous,3.0,899.0,False,True,False,False,366-540,<30,1
5f3805dda9661cba,Jason Witt,5,35.24709103353867,3,2022-02-05,UFC Fight Night: Hermansson vs. Strickland,342779192b116314,welterweight,8e382b585a92affe,Phil Rowe,KO/TKO,2,435,189.0,2022-08-13,UFC Fight Night: Vera vs. Cruz,7f9a331bc3100afd,catch weight,876f478f796495f7,Josh Quinlan,KO/TKO,1.0,129.0,False,True,True,True,181-270,35+,3+
8e9eb3fc86db0f7d,Marc-Andre Barriault,7,31.964407939767284,1,2022-02-05,UFC Fight Night: Hermansson vs. Strickland,f9ab966e63968c15,middleweight,c68c68efaa5ca6ef,Chidi Njokuani,KO/TKO,1,16,77.0,2022-04-23,UFC Fight Night: Lemos vs. Andrade,992e84bf59837e21,catch weight,c878270af633eb11,Jordan Wright,Submission,1.0,156.0,True,False,False,False,0-120,30-34,1
b1a3e0aca758b322,Derek Brunson,20,38.10814510609172,5,2022-02-12,UFC 271: Adesanya vs. Whittaker 2,18a1617ee7356352,middleweight,13a0275fa13c4d26,Jared Cannonier,KO/TKO,2,569,385.0,2023-03-04,UFC 285: Jones vs. Gane,c2fc4c1e0c769655,middleweight,0d7b51c9d2649a6e,Dricus Du Plessis,KO/TKO,2.0,599.0,False,True,True,True,366-540,35+,3+
d3df1add9d9a7efb,Derrick Lewis,24,37.01300479123888,6,2022-02-12,UFC 271: Adesanya vs. Whittaker 2,bb42336d6417914c,heavyweight,c62fbc117d57b943,Tai Tuivasa,KO/TKO,2,400,168.0,2022-07-30,UFC 277: Pena vs. Nunes 2,52f87252af59e23b,heavyweight,f14cf73e51b29254,Sergei Pavlovich,KO/TKO,1.0,55.0,False,True,True,True,121-180,35+,3+
436f970c9ea9169c,Gabriel Benitez,12,33.68104038329911,4,2022-02-19,UFC Fight Night: Walker vs. Hill,25da52bc590ef664,featherweight,ffe9703408fb5964,David Onama,KO/TKO,1,264,175.0,2022-08-13,UFC Fight Night: Vera vs. Cruz,f858f91453555291,lightweight,318572f6f74b760d,Charlie Ontiveros,KO/TKO,1.0,213.0,True,False,True,False,121-180,30-34,3+
c21f26bbde777573,Johnny Walker,8,29.89185489390828,2,2022-02-19,UFC Fight Night: Walker vs. Hill,f7865e5a6d009a87,light heavyweight,5444c5a201d3ee5a,Jamahal Hill,KO/TKO,1,175,203.0,2022-09-10,UFC 279: Diaz vs. Ferguson,d869eaea38426f06,light heavyweight,cd13728ae1151f46,Ion Cutelaba,Submission,1.0,277.0,True,False,False,False,181-270,<30,2
37f560436d745c18,Nikolas Motta,1,29.02943189596167,1,2022-02-19,UFC Fight Night: Walker vs. Hill,958799d957945a3a,lightweight,d1941565abf50b16,Jim Miller,KO/TKO,2,418,210.0,2022-09-17,UFC Fight Night: Sandhagen vs. Song,8a044e5400b4318f,lightweight,87e2468b986ebb79,Cameron VanCamp,KO/TKO,1.0,229.0,True,False,True,False,181-270,<30,1
58bbef3770bb2dfc,Joel Alvarez,6,28.98836413415469,1,2022-02-26,UFC Fight Night: Makhachev vs. Green,8515f07911765f89,lightweight,eae48ff31db420c2,Arman Tsarukyan,KO/TKO,2,417,511.0,2023-07-22,UFC Fight Night: Aspinall vs. Tybura,319b96f615a0a154,lightweight,32c355b04fc57f3a,Marc Diakiese,Submission,2.0,566.0,True,False,False,False,366-540,<30,1
887961364be5ceb3,King Green,19,35.46611909650924,2,2022-02-26,UFC Fight Night: Makhachev vs. Green,2f4d42e0b9696f71,catch weight,275aca31f61ba28c,Islam Makhachev,KO/TKO,1,203,294.0,2022-12-17,UFC Fight Night: Cannonier vs. Strickland,c335f44e4f3515ea,lightweight,519e4fe37ce9ff75,Drew Dober,KO/TKO,2.0,465.0,False,True,True,True,271-365,35+,2
af9f42e6894047fc,Jamie Mullarkey,5,27.548254620123203,1,2022-03-05,UFC 272: Covington vs. Masvidal,fce6ab43b7d09aa4,lightweight,4d8fa64202cee4c1,Jalin Turner,KO/TKO,2,346,126.0,2022-07-09,UFC Fight Night: Dos Anjos vs. Fiziev,a103b30f6898de7e,lightweight,511e82663651438d,Michael Johnson,Decision - Split,3.0,900.0,True,False,False,False,121-180,<30,1
37d5b176d438d2a5,Karl Roberson,9,31.43600273785079,1,2022-03-12,UFC Fight Night: Santos vs. Ankalaev,23eec2d9cb2d78cd,light heavyweight,749f572d1d3161fb,Khalil Rountree Jr.,KO/TKO,2,325,119.0,2022-07-09,UFC Fight Night: Dos Anjos vs. Fiziev,478bc7d1288e043e,light heavyweight,8667caa0451d245b,Kennedy Nzechukwu,KO/TKO,3.0,739.0,False,True,True,True,0-120,30-34,1
9c27f3217891f3f0,Kris Moutinho,2,29.587953456536617,2,2022-03-12,UFC Fight Night: Santos vs. Ankalaev,b400c29fbeee0206,bantamweight,d05412b513b19621,Guido Cannetti,KO/TKO,1,127,1190.0,2025-06-14,UFC Fight Night: Usman vs. Buckley,f6454f2e508626ec,bantamweight,2e45d08b3f2f02c8,Malcolm Wellmaker,KO/TKO,1.0,157.0,False,True,True,True,541+,<30,2
6aae253467e8f9ce,Tafon Nchukwi,4,27.408624229979466,1,2022-03-12,UFC Fight Night: Santos vs. Ankalaev,f10c2c84652ef573,light heavyweight,e90a2f22417af68e,Azamat Murzakanov,KO/TKO,3,644,105.0,2022-06-25,UFC Fight Night: Tsarukyan vs. Gamrot,28be3fbe5c377380,light heavyweight,9014c02eff8b3d62,Carlos Ulberg,KO/TKO,1.0,75.0,False,True,True,True,0-120,<30,1
809bd1a871491508,Terrance McKinney,3,27.488021902806295,1,2022-03-12,UFC Fight Night: Santos vs. Ankalaev,463fac0e48505b62,lightweight,519e4fe37ce9ff75,Drew Dober,KO/TKO,1,197,147.0,2022-08-06,UFC Fight Night: Santos vs. Hill,b530bb13aac1e48b,lightweight,a2ccf35a88346a91,Erick Gonzalez,Submission,1.0,137.0,True,False,False,False,121-180,<30,1
193b9d1858bc4df3,Dan Hooker,19,32.09308692676249,3,2022-03-19,UFC Fight Night: Volkov vs. Aspinall,ce3d94186567a684,featherweight,040a74bb0a465c54,Arnold Allen,KO/TKO,1,153,238.0,2022-11-12,UFC 281: Adesanya vs. Pereira,77c78d0a71b10692,lightweight,d747eb273a40a920,Claudio Puelles,KO/TKO,2.0,546.0,True,False,True,False,181-270,30-34,3+
4c88a1db5a46c6a4,Jai Herbert,4,33.84804928131417,2,2022-03-19,UFC Fight Night: Volkov vs. Aspinall,a200b5dcbdd2506e,lightweight,54f64b5e283b0ce7,Ilia Topuria,KO/TKO,2,367,126.0,2022-07-23,UFC Fight Night: Blaydes vs. Aspinall,a1029686c3f1bead,lightweight,31f8081c7600da93,Kyle Nelson,Decision - Unanimous,3.0,900.0,True,False,False,False,121-180,30-34,2
528b071cf3da7c56,Luana Carolina,5,28.76933607118412,1,2022-03-19,UFC Fight Night: Volkov vs. Aspinall,5a878a6bebc973d7,women's flyweight,51018a31ddf31eb2,Molly McCann,KO/TKO,3,712,364.0,2023-03-18,UFC 286: Edwards vs. Usman 3,8a3e7085e8e5a6e9,women's flyweight,12f91bfa8f1f723b,Joanne Wood,Decision - Split,3.0,900.0,False,True,False,False,271-365,<30,1
2f5cbecbbe18bac4,Shamil Abdurakhimov,10,40.54209445585216,5,2022-03-19,UFC Fight Night: Volkov vs. Aspinall,ae989e21c3839b49,heavyweight,f14cf73e51b29254,Sergei Pavlovich,KO/TKO,1,243,308.0,2023-01-21,UFC 283: Teixeira vs. Hill,fffdc57255274be1,heavyweight,41e83a89929d1327,Jailton Almeida,KO/TKO,2.0,476.0,False,True,True,True,271-365,35+,3+
3b0a516d2921e0d6,Batgerel Danaa,5,32.72553045859001,1,2022-03-26,UFC Fight Night: Blaydes vs. Daukaus,d0b7a79d3e7f3362,bantamweight,45f0cc9d18f35137,Chris Gutierrez,KO/TKO,2,454,77.0,2022-06-11,UFC 275: Teixeira vs. Prochazka,029f5c36820fdc09,bantamweight,a7897d200692ab64,Kyung Ho Kang,Decision - Unanimous,3.0,900.0,False,True,False,False,0-120,30-34,1
d0aaedcf7ccd0b45,Chris Daukaus,6,32.498288843258045,2,2022-03-26,UFC Fight Night: Blaydes vs. Daukaus,c4e866d9dd606faa,heavyweight,fa6796c55d6c5440,Curtis Blaydes,KO/TKO,2,317,259.0,2022-12-10,UFC 282: Blachowicz vs. Ankalaev,1779cc4ae925df01,heavyweight,2cd428e9606856fd,Jairzinho Rozenstruik,KO/TKO,1.0,23.0,False,True,True,True,181-270,30-34,2
c451d67c09c55418,Chan Sung Jung,11,35.063655030800824,3,2022-04-09,UFC 273: Volkanovski vs. The Korean Zombie,dc0ab34f1952cb48,featherweight,e1248941344b3288,Alexander Volkanovski,KO/TKO,4,945,504.0,2023-08-26,UFC Fight Night: Holloway vs. The Korean Zombie,96704d7ba3a452d9,featherweight,150ff4cc642270b9,Max Holloway,KO/TKO,3.0,623.0,False,True,True,True,366-540,35+,3+
9e50097a89442158,Mickey Gall,11,30.21218343600274,2,2022-04-09,UFC 273: Volkanovski vs. The Korean Zombie,7458a37feabf8788,welterweight,dd6103dd7127db1d,Mike Malott,KO/TKO,1,221,784.0,2024-06-01,UFC 302: Makhachev vs. Poirier,7d9bb6fda0ea1ee0,welterweight,f4d92416da98804b,Bassil Hafez,Decision - Unanimous,3.0,900.0,False,True,False,False,541+,30-34,2
82d4c957649faf9b,Miguel Baeza,6,29.645448323066393,2,2022-04-16,UFC Fight Night: Luque vs. Muhammad,7c5fc3fc7be4a997,welterweight,33efaf2d0941cfcf,Andre Fialho,KO/TKO,1,279,784.0,2024-06-08,UFC Fight Night: Cannonier vs. Imavov,393f9bc7b51791a6,welterweight,64facb6cc564262d,Punahele Soriano,Decision - Unanimous,3.0,900.0,False,True,False,False,541+,<30,2
5da33b8fbfa5ee95,William Knight,6,34.03422313483915,1,2022-04-16,UFC Fight Night: Luque vs. Muhammad,b09f8cd4cbd7ba56,heavyweight,cc7040fe76f0ef91,Devin Clark,KO/TKO,3,801,308.0,2023-02-18,UFC Fight Night: Andrade vs. Blanchfield,dc6f69f923744948,light heavyweight,6370c1c1e12723d5,Marcin Prachnio,Decision - Unanimous,3.0,900.0,False,True,False,False,271-365,30-34,1
8be158ca1e5ea6a0,Dwight Grant,7,37.60438056125941,2,2022-04-23,UFC Fight Night: Lemos vs. Andrade,9b8a82276f06829f,welterweight,90da09db03e41748,Sergey Khandozhko,KO/TKO,2,555,84.0,2022-07-16,UFC Fight Night: Ortega vs. Rodriguez,9f3326195672c2b9,middleweight,71505842fb6455c3,Dustin Stoltzfus,Decision - Unanimous,3.0,900.0,False,True,False,False,0-120,35+,2
8fd808923cffff82,Andre Fili,18,31.8466803559206,2,2022-04-30,UFC Fight Night: Font vs. Vera,632c2d4ed12f2bdf,featherweight,791c8437b341fba5,Joanderson Brito,KO/TKO,1,41,140.0,2022-09-17,UFC Fight Night: Sandhagen vs. Song,adb78db5ba8ccc0f,featherweight,9abc648e76c4493a,Bill Algeo,Decision - Split,3.0,900.0,True,False,False,False,121-180,30-34,2
f998f5c102250d6e,Yohan Lainesse,1,29.70841889117043,1,2022-04-30,UFC Fight Night: Font vs. Vera,5b731da9e4be4391,welterweight,5eb50529a8418b77,Gabe Green,KO/TKO,2,542,133.0,2022-09-10,UFC 279: Diaz vs. Ferguson,86d57e8ef2191316,welterweight,326a001926ffb7ec,Darian Weeks,Decision - Split,3.0,900.0,True,False,False,False,121-180,<30,1
87e2468b986ebb79,Cameron VanCamp,1,29.026694045174537,1,2022-05-07,UFC 274: Oliveira vs. Gaethje,397dd9a8694ef413,welterweight,33efaf2d0941cfcf,Andre Fialho,KO/TKO,1,155,133.0,2022-09-17,UFC Fight Night: Sandhagen vs. Song,8a044e5400b4318f,lightweight,37f560436d745c18,Nikolas Motta,KO/TKO,1.0,229.0,False,True,True,True,121-180,<30,1
22a92d7f62195791,Tony Ferguson,20,38.23134839151266,2,2022-05-07,UFC 274: Oliveira vs. Gaethje,a2ebb5f86eb64f22,lightweight,4b93a88f3b1de35b,Michael Chandler,KO/TKO,2,317,126.0,2022-09-10,UFC 279: Diaz vs. Ferguson,7e8fd03e070d0c25,welterweight,8355922d564b152c,Nate Diaz,Submission,4.0,1072.0,False,True,False,False,121-180,35+,2
333b9e5c723ac873,Aleksandar Rakic,8,30.26694045174538,1,2022-05-14,UFC Fight Night: Blachowicz vs. Rakic,5c281439d20184f1,light heavyweight,99df7d0a2a08a8a8,Jan Blachowicz,KO/TKO,3,671,700.0,2024-04-13,UFC 300: Pereira vs. Hill,eda1e8c285a0a788,light heavyweight,009341ed974bad72,Jiri Prochazka,KO/TKO,2.0,497.0,False,True,True,True,541+,30-34,1
866fd7b1a6c90e7f,Dusko Todorovic,5,28.005475701574266,2,2022-05-21,UFC Fight Night: Holm vs. Vieira,f682118709b4143e,middleweight,c68c68efaa5ca6ef,Chidi Njokuani,KO/TKO,1,288,147.0,2022-10-15,UFC Fight Night: Grasso vs. Araujo,759c55755d70f7ba,middleweight,c878270af633eb11,Jordan Wright,KO/TKO,2.0,492.0,True,False,True,False,121-180,<30,2
ac7c765882f2c68c,Elise Reed,3,29.456536618754278,2,2022-05-21,UFC Fight Night: Holm vs. Vieira,bc7228d30ff5be46,women's strawweight,e94085e821bd81de,Sam Hughes,KO/TKO,3,832,112.0,2022-09-10,UFC 279: Diaz vs. Ferguson,a5cf273faa3982b7,women's strawweight,3f4c3bc822bea45d,Melissa Martinez,Decision - Unanimous,3.0,900.0,True,False,False,False,0-120,<30,2
a0e6753c42698f13,Omar Morales,6,36.591375770020534,1,2022-05-21,UFC Fight Night: Holm vs. Vieira,534c07488396e124,lightweight,681399317dbf4701,Uros Medic,KO/TKO,2,485,301.0,2023-03-18,UFC 286: Edwards vs. Usman 3,cdaf65287d9a0ecb,lightweight,fd406a32a6fb3a29,Chris Duncan,Decision - Split,3.0,900.0,False,True,False,False,271-365,35+,1
2cd428e9606856fd,Jairzinho Rozenstruik,10,34.21492128678987,2,2022-06-04,UFC Fight Night: Volkov vs. Rozenstruik,7a635063e5f1699b,heavyweight,279566840aa55bf2,Alexander Volkov,KO/TKO,1,132,189.0,2022-12-10,UFC 282: Blachowicz vs. Ankalaev,1779cc4ae925df01,heavyweight,d0aaedcf7ccd0b45,Chris Daukaus,KO/TKO,1.0,23.0,True,False,True,False,181-270,30-34,2
f6bcbd91b114ff58,Johnny Munoz,3,29.295003422313485,1,2022-06-04,UFC Fight Night: Volkov vs. Rozenstruik,43d7d4b67be48553,bantamweight,601964f9654f911a,Tony Gravely,KO/TKO,1,68,154.0,2022-11-05,UFC Fight Night: Rodriguez vs. Lemos,31cb98ce37fd87dd,bantamweight,1a54231796e24a3f,Liudvik Sholinian,Decision - Unanimous,3.0,900.0,True,False,False,False,121-180,<30,1
5bf31a46becc1204,Michael Trizano,6,30.425735797399042,1,2022-06-04,UFC Fight Night: Volkov vs. Rozenstruik,344d60564cd136ff,featherweight,710f0f8c5d5c9d41,Lucas Almeida,KO/TKO,3,655,161.0,2022-11-12,UFC 281: Adesanya vs. Pereira,7f93b2f38497caec,featherweight,a68575214ecad140,SeungWoo Choi,KO/TKO,1.0,291.0,True,False,True,False,121-180,30-34,1
33efaf2d0941cfcf,Andre Fialho,4,28.177960301163587,1,2022-06-11,UFC 275: Teixeira vs. Prochazka,d7a7ba46c4f075d7,welterweight,a845f0735bc67405,Jake Matthews,KO/TKO,2,444,161.0,2022-11-19,UFC Fight Night: Nzechukwu vs. Cutelaba,c317f85a8266313e,welterweight,447f9858ae78f921,Muslim Salikhov,KO/TKO,3.0,663.0,False,True,True,True,121-180,<30,1
ec0dcceace7d25a3,Liang Na,2,25.872689938398356,2,2022-06-11,UFC 275: Teixeira vs. Prochazka,f466cd99d02644e9,women's strawweight,b4880ef2f838d4e1,Silvana Gomez Juarez,KO/TKO,1,82,441.0,2023-08-26,UFC Fight Night: Holloway vs. The Korean Zombie,23865dfc8361ac62,women's flyweight,6fd953151d981979,JJ Aldrich,KO/TKO,2.0,589.0,False,True,True,True,366-540,<30,2
97cf1a2c7c5e7889,Steve Garcia,3,30.053388090349078,1,2022-06-11,UFC 275: Teixeira vs. Prochazka,4a116a55ffaa0d64,lightweight,8c1ca54b5089d199,Maheshate,KO/TKO,1,74,140.0,2022-10-29,UFC Fight Night: Kattar vs. Allen,86dff1593d8b9a1f,featherweight,971246648e162f0d,Chase Hooper,KO/TKO,1.0,92.0,True,False,True,False,121-180,30-34,1
523fa774700d7d3f,Court McGee,20,37.51403148528405,2,2022-06-18,UFC Fight Night: Kattar vs. Emmett,9a92d376fba2379d,welterweight,d66a46de8d705353,Jeremiah Wells,KO/TKO,1,94,329.0,2023-05-13,UFC Fight Night: Rozenstruik vs. Almeida,f2ced83baf0457fc,welterweight,31123249b0bbf52e,Matt Brown,KO/TKO,1.0,249.0,False,True,True,True,271-365,35+,2
d0e1b42d41dab603,Julian Marquez,5,32.11225188227242,1,2022-06-18,UFC Fight Night: Kattar vs. Emmett,5095f6290670009d,middleweight,d1c65d2cf2925ddd,Gregory Rodrigues,KO/TKO,1,198,259.0,2023-03-04,UFC 285: Jones vs. Gane,c29e2c49e1e417c8,middleweight,8e9eb3fc86db0f7d,Marc-Andre Barriault,KO/TKO,2.0,552.0,False,True,True,True,181-270,30-34,1
d6c0cdd7e467c440,Kyle Daukaus,6,29.30321697467488,1,2022-06-18,UFC Fight Night: Kattar vs. Emmett,e8a5e53ffd33c0f9,middleweight,327d5f279895110d,Roman Dolidze,KO/TKO,1,73,168.0,2022-12-03,UFC Fight Night: Thompson vs. Holland,ca0f0a35a1fcb453,middleweight,cad24459b28592ca,Eryk Anders,KO/TKO,2.0,465.0,False,True,True,True,121-180,<30,1
0b362247806341e5,JP Buys,3,26.151950718685832,2,2022-06-25,UFC Fight Night: Tsarukyan vs. Gamrot,8cc43d79b61efc25,flyweight,7f6ed67d3ed3c036,Cody Durden,KO/TKO,1,68,413.0,2023-08-12,UFC Fight Night: Luque vs. Dos Anjos,2c160a1d1fdbf0b0,bantamweight,c0ac37a4a1133da9,Marcus McGhee,KO/TKO,1.0,139.0,False,True,True,True,366-540,<30,2
6aae253467e8f9ce,Tafon Nchukwi,5,27.696098562628336,2,2022-06-25,UFC Fight Night: Tsarukyan vs. Gamrot,28be3fbe5c377380,light heavyweight,9014c02eff8b3d62,Carlos Ulberg,KO/TKO,1,75,413.0,2023-08-12,UFC Fight Night: Luque vs. Dos Anjos,560a971c6ab8b854,middleweight,009c4420727149ea,AJ Dobson,Decision - Unanimous,3.0,900.0,False,True,False,False,366-540,<30,2
f2925e6db404bf1d,Robbie Lawler,24,40.284736481861735,3,2022-07-02,UFC 276: Adesanya vs. Cannonier,12a33d16e1d4e2d9,welterweight,a331233f597090a5,Bryan Barberena,KO/TKO,2,587,371.0,2023-07-08,UFC 290: Volkanovski vs. Rodriguez,20d8f6b4b7c8bae7,welterweight,d8da10db80131bec,Niko Price,KO/TKO,1.0,38.0,True,False,True,False,366-540,35+,3+
0d8011111be000b2,Sean Strickland,16,31.342915811088297,2,2022-07-02,UFC 276: Adesanya vs. Cannonier,0308bcdd00cc72e2,middleweight,e5549c82bfb5582d,Alex Pereira,KO/TKO,1,156,168.0,2022-12-17,UFC Fight Night: Cannonier vs. Strickland,4ea48bf2407b405d,middleweight,13a0275fa13c4d26,Jared Cannonier,Decision - Split,5.0,1500.0,False,True,False,False,121-180,30-34,2
2b68d9f125d07b42,Jared Vanderaa,6,30.157426420260094,3,2022-07-09,UFC Fight Night: Dos Anjos vs. Fiziev,cd63b4144a45b611,heavyweight,01b352b6a9074d5c,Chase Sherman,KO/TKO,3,790,112.0,2022-10-29,UFC Fight Night: Kattar vs. Allen,5b6bdaf89e493674,heavyweight,fc08099550072fe4,Waldo Cortes-Acosta,Decision - Unanimous,3.0,900.0,False,True,False,False,0-120,30-34,3+
6a2f7c151031653d,Rafael Dos Anjos,32,37.700205338809035,3,2022-07-09,UFC Fight Night: Dos Anjos vs. Fiziev,be69cbf1f1671c8e,lightweight,c814b4c899793af6,Rafael Fiziev,KO/TKO,5,1218,147.0,2022-12-03,UFC Fight Night: Thompson vs. Holland,f17813d03fcd8e7a,welterweight,a331233f597090a5,Bryan Barberena,Submission,2.0,500.0,True,False,False,False,121-180,35+,3+
147e70aa6cc48cfc,Tresean Gore,2,28.04928131416838,1,2022-07-09,UFC Fight Night: Dos Anjos vs. Fiziev,04e1ff7aeda2a018,middleweight,f14f644d41ade29f,Cody Brundage,KO/TKO,1,230,112.0,2022-10-29,UFC Fight Night: Kattar vs. Allen,6a7db3750822d7be,middleweight,ca43de99b07b6b40,Josh Fremd,Submission,2.0,349.0,True,False,False,False,0-120,<30,1
def8166ff24bd237,Brian Ortega,11,31.397672826830938,1,2022-07-16,UFC Fight Night: Ortega vs. Rodriguez,7503d5c892f238fb,featherweight,cbf5e6f231b55443,Yair Rodriguez,KO/TKO,1,251,588.0,2024-02-24,UFC Fight Night: Moreno vs. Royval 2,3b05a4ced6dd74f5,featherweight,cbf5e6f231b55443,Yair Rodriguez,Submission,3.0,658.0,True,False,False,False,541+,30-34,1
74f9448b97bf8bec,Da Woon Jung,6,28.605065023956193,1,2022-07-16,UFC Fight Night: Ortega vs. Rodriguez,a5d2f0fed3ce2899,light heavyweight,e4277e87a789d687,Dustin Jacoby,KO/TKO,1,193,203.0,2023-02-04,UFC Fight Night: Lewis vs. Spivac,7a1abc0230af730c,light heavyweight,cc7040fe76f0ef91,Devin Clark,Decision - Unanimous,3.0,900.0,False,True,False,False,181-270,<30,1
ce632027bf2a871b,Dalcha Lungiambula,6,34.959616700889804,2,2022-07-16,UFC Fight Night: Ortega vs. Rodriguez,ebefe958473b3843,middleweight,64facb6cc564262d,Punahele Soriano,KO/TKO,2,328,147.0,2022-12-10,UFC 282: Blachowicz vs. Ankalaev,4e9d76ed54f1f352,middleweight,4144798612ef96e5,Edmen Shahbazyan,KO/TKO,2.0,581.0,False,True,True,True,121-180,30-34,2
4f140403000158b5,Herbert Burns,4,34.450376454483234,2,2022-07-16,UFC Fight Night: Ortega vs. Rodriguez,4dd2bcd2b025204e,featherweight,9abc648e76c4493a,Bill Algeo,KO/TKO,2,410,623.0,2024-03-30,UFC Fight Night: Blanchfield vs. Fiorot,976abc27a4e5e26a,featherweight,1291edf2d566a71a,Julio Arce,KO/TKO,2.0,420.0,False,True,True,True,541+,30-34,2
447f9858ae78f921,Muslim Salikhov,7,38.09993155373032,1,2022-07-16,UFC Fight Night: Ortega vs. Rodriguez,dd456668731bd52a,welterweight,e64b96c07d7ce999,Li Jingliang,KO/TKO,2,578,126.0,2022-11-19,UFC Fight Night: Nzechukwu vs. Cutelaba,c317f85a8266313e,welterweight,33efaf2d0941cfcf,Andre Fialho,KO/TKO,3.0,663.0,True,False,True,False,121-180,35+,1
26e3f3928b1891d9,Hannah Goldy,4,30.17932922655715,1,2022-07-23,UFC Fight Night: Blaydes vs. Aspinall,a57969d4ba7d4a79,women's flyweight,51018a31ddf31eb2,Molly McCann,KO/TKO,1,232,427.0,2023-09-23,UFC Fight Night: Fiziev vs. Gamrot,adb411b0f418ce33,women's strawweight,43a59ce3bb40449e,Mizuki,Decision - Unanimous,3.0,900.0,False,True,False,False,366-540,30-34,1
87a1dc546b1c5caf,Makwan Amirkhani,13,33.70294318959617,3,2022-07-23,UFC Fight Night: Blaydes vs. Aspinall,3d35f25d9792a69a,featherweight,87c0b1c696ddfb43,Jonathan Pearce,KO/TKO,2,550,238.0,2023-03-18,UFC 286: Edwards vs. Usman 3,13f5be7a2ea5577e,featherweight,b8a85389d115e35a,Jack Shore,Submission,2.0,567.0,False,True,False,False,181-270,30-34,3+
399afbabc02376b5,Tom Aspinall,6,29.281314168377822,1,2022-07-23,UFC Fight Night: Blaydes vs. Aspinall,d0fb381cacbb0446,heavyweight,fa6796c55d6c5440,Curtis Blaydes,KO/TKO,1,15,364.0,2023-07-22,UFC Fight Night: Aspinall vs. Tybura,90e46589a18064bc,heavyweight,c9cf753cfdf77fc2,Marcin Tybura,KO/TKO,1.0,73.0,True,False,True,False,271-365,<30,1
a01a62132460a98d,Adam Fugitt,1,33.544147843942504,1,2022-07-30,UFC 277: Pena vs. Nunes 2,e492dc60d8e44866,welterweight,c32aeb1a59e6272d,Michael Morales,KO/TKO,3,669,189.0,2023-02-04,UFC Fight Night: Lewis vs. Spivac,c63d8062c89c4c33,welterweight,21b5c82c1b89dab1,Yusaku Kinoshita,KO/TKO,1.0,276.0,True,False,True,False,181-270,30-34,1
d4c9dcd330403612,Anthony Smith,18,34.00958247775496,3,2022-07-30,UFC 277: Pena vs. Nunes 2,058c2724dec1add1,light heavyweight,d802174b0c0c1f4e,Magomed Ankalaev,KO/TKO,2,489,287.0,2023-05-13,UFC Fight Night: Rozenstruik vs. Almeida,c501576b8ec35758,light heavyweight,c21f26bbde777573,Johnny Walker,Decision - Unanimous,3.0,900.0,False,True,False,False,271-365,30-34,3+
d3df1add9d9a7efb,Derrick Lewis,25,37.47296372347707,7,2022-07-30,UFC 277: Pena vs. Nunes 2,52f87252af59e23b,heavyweight,f14cf73e51b29254,Sergei Pavlovich,KO/TKO,1,55,189.0,2023-02-04,UFC Fight Night: Lewis vs. Spivac,caeeb398f73d213a,heavyweight,e2f6b2769aaedd6c,Serghei Spivac,Submission,1.0,185.0,False,True,False,False,181-270,35+,3+
260bd4cef10b033f,Ihor Potieria,1,26.168377823408623,1,2022-07-30,UFC 277: Pena vs. Nunes 2,1ed550f094ca7745,light heavyweight,8c57c7b8c3bab0eb,Nicolae Negumereanu,KO/TKO,2,513,175.0,2023-01-21,UFC 283: Teixeira vs. Hill,a3ef3d05ddd80a94,light heavyweight,140745cbbcb023ac,Mauricio Rua,KO/TKO,1.0,245.0,True,False,True,False,121-180,<30,1
853eb0dd5c0e2149,Kai Kara-France,10,29.34428473648186,1,2022-07-30,UFC 277: Pena vs. Nunes 2,5a1ce88ec1f75160,interim flyweight,792be9a24df82ed6,Brandon Moreno,KO/TKO,3,874,308.0,2023-06-03,UFC Fight Night: Kara-France vs. Albazi,d7ae0993c7a378ee,flyweight,6d35bf94f7d30241,Amir Albazi,Decision - Split,5.0,1500.0,False,True,False,False,271-365,<30,1
029afd138865d20a,Rafael Alves,3,31.707049965776864,1,2022-07-30,UFC 277: Pena vs. Nunes 2,81a18de517a3336a,lightweight,519e4fe37ce9ff75,Drew Dober,KO/TKO,3,690,210.0,2023-02-25,UFC Fight Night: Muniz vs. Allen,02615499125b4b5d,lightweight,ca28cdf526d6b6e9,Nurullo Aliev,Decision - Majority,3.0,900.0,False,True,False,False,181-270,30-34,1
441eacbe20e0e80b,Augusto Sakai,8,31.24435318275154,4,2022-08-06,UFC Fight Night: Santos vs. Hill,044d210d7b1eb519,heavyweight,e2f6b2769aaedd6c,Serghei Spivac,KO/TKO,2,522,203.0,2023-02-25,UFC Fight Night: Muniz vs. Allen,d6357dab7ccdf2db,heavyweight,1a9480fc288e55d7,Don'Tale Mayes,Decision - Unanimous,3.0,900.0,True,False,False,False,181-270,30-34,3+
4333a8e70a672eb7,Brogan Walker,1,34.00958247775496,1,2022-08-06,UFC Fight Night: Santos vs. Hill,2b11aa4b90b1dd41,women's flyweight,aa0c573da7119292,Juliana Miller,KO/TKO,3,837,259.0,2023-04-22,UFC Fight Night: Pavlovich vs. Blaydes,20c0f50c11509301,women's flyweight,abcf2cc6efc42031,Iasmin Lucindo,Decision - Unanimous,3.0,900.0,False,True,False,False,181-270,30-34,1
8abac218746e04ca,Takashi Sato,6,32.158795345653665,1,2022-08-06,UFC Fight Night: Santos vs. Hill,4adef20ce69217be,welterweight,f626118b6da0e020,Bryan Battle,KO/TKO,1,44,287.0,2023-05-20,UFC Fight Night: Dern vs. Hill,8502f245aabd64ac,welterweight,40f3cb27fc7305a1,Themba Gorimbo,Decision - Unanimous,3.0,900.0,False,True,False,False,271-365,30-34,1
6d4b63c767106d3a,Vicente Luque,19,30.691307323750856,1,2022-08-06,UFC Fight Night: Santos vs. Hill,a6b328733d610e2b,welterweight,b997be68943010fc,Geoff Neal,KO/TKO,3,721,371.0,2023-08-12,UFC Fight Night: Luque vs. Dos Anjos,e346f2b7af63e804,welterweight,6a2f7c151031653d,Rafael Dos Anjos,Decision - Unanimous,5.0,1500.0,True,False,False,False,366-540,30-34,1
56f7d7ee06be4aab,Zac Pauga,1,34.444900752908964,1,2022-08-06,UFC Fight Night: Santos vs. Hill,36f38c2534ef646b,heavyweight,da7f113b5ea39c43,Mohammed Usman,KO/TKO,2,336,196.0,2023-02-18,UFC Fight Night: Andrade vs. Blanchfield,3f837b469ba33c7c,light heavyweight,c878270af633eb11,Jordan Wright,Decision - Unanimous,3.0,900.0,True,False,False,False,181-270,30-34,1
6551c64fbcd1a467,Ariane da Silva,8,28.54483230663929,3,2022-08-13,UFC Fight Night: Vera vs. Cruz,abd50fad1e7b030b,women's bantamweight,b1e5bcaad32a3cac,Priscila Cachoeira,KO/TKO,1,65,210.0,2023-03-11,UFC Fight Night: Yan vs. Dvalishvili,8e5ce3308c0e2046,women's flyweight,6fd953151d981979,JJ Aldrich,Decision - Unanimous,3.0,900.0,True,False,False,False,181-270,<30,3+
cc7040fe76f0ef91,Devin Clark,14,32.336755646817245,3,2022-08-13,UFC Fight Night: Vera vs. Cruz,d19e010f071a4b45,light heavyweight,e90a2f22417af68e,Azamat Murzakanov,KO/TKO,3,678,175.0,2023-02-04,UFC Fight Night: Lewis vs. Spivac,7a1abc0230af730c,light heavyweight,74f9448b97bf8bec,Da Woon Jung,Decision - Unanimous,3.0,900.0,True,False,False,False,121-180,30-34,3+
6d68c1afe954f121,Ode Osbourne,6,30.5927446954141,2,2022-08-13,UFC Fight Night: Vera vs. Cruz,0823f97be9c3a62e,flyweight,6e00cfffd54653c4,Tyson Nam,KO/TKO,1,179,196.0,2023-02-25,UFC Fight Night: Muniz vs. Allen,63670e1b8f164d4a,catch weight,814e5233e2acf2ee,Charles Johnson,Decision - Split,3.0,900.0,True,False,False,False,181-270,30-34,2
31bb0772f21cabd8,Daniel Lacerda,3,26.206707734428473,2,2022-08-20,UFC 278: Usman vs. Edwards,06d6cde7479711ee,flyweight,dc7927cd622676a7,Victor Altamirano,KO/TKO,1,219,217.0,2023-03-25,UFC Fight Night: Vera vs. Sandhagen,16bd47ba50891833,flyweight,077e3ace32b72be9,CJ Vergara,KO/TKO,2.0,544.0,False,True,True,True,181-270,<30,2
f1b2aa7853d1ed6e,Kamaru Usman,16,35.27720739219713,1,2022-08-20,UFC 278: Usman vs. Edwards,f70c817388602681,welterweight,f1fac969a1d70b08,Leon Edwards,KO/TKO,5,1444,210.0,2023-03-18,UFC 286: Edwards vs. Usman 3,c483ac06b1e33c3b,welterweight,f1fac969a1d70b08,Leon Edwards,Decision - Majority,5.0,1500.0,False,True,False,False,181-270,35+,1
71505842fb6455c3,Dustin Stoltzfus,5,30.80082135523614,1,2022-09-03,UFC Fight Night: Gane vs. Tuivasa,cf9035f2fc2e232f,middleweight,36b8f265bcd1b7a4,Abus Magomedov,KO/TKO,1,19,455.0,2023-12-02,UFC Fight Night: Dariush vs. Tsarukyan,02713b2d25f74d43,middleweight,64facb6cc564262d,Punahele Soriano,Submission,2.0,550.0,True,False,False,False,366-540,30-34,1
b909a9a9688b5284,Gabriel Miranda,1,32.4435318275154,1,2022-09-03,UFC Fight Night: Gane vs. Tuivasa,3e2f00991f511607,lightweight,c2299ec916bc7c56,Benoit Saint Denis,KO/TKO,2,316,371.0,2023-09-09,UFC 293: Adesanya vs. Strickland,5d481ff494bf40da,featherweight,4cd8b03aee1d0138,Shane Young,Submission,1.0,59.0,True,False,False,False,366-540,30-34,1
c62fbc117d57b943,Tai Tuivasa,12,29.467488021902806,2,2022-09-03,UFC Fight Night: Gane vs. Tuivasa,810c9da07970c4a6,heavyweight,787bb1f087ccff8a,Ciryl Gane,KO/TKO,3,863,91.0,2022-12-03,UFC Fight Night: Thompson vs. Holland,972e17c1b98fca06,heavyweight,f14cf73e51b29254,Sergei Pavlovich,KO/TKO,1.0,54.0,False,True,True,True,0-120,<30,2
92fa1401b7927da3,Jake Collier,12,33.87542778918549,4,2022-09-10,UFC 279: Diaz vs. Ferguson,bf334cb4e63f3430,heavyweight,7a5e8c94a86f9895,Chris Barnett,KO/TKO,2,444,231.0,2023-04-29,UFC Fight Night: Song vs. Simon,5d11b618f24082dd,heavyweight,8eb046f83e82bf26,Martin Buday,Decision - Unanimous,3.0,900.0,False,True,False,False,181-270,30-34,3+
830f60497fab345a,Jamie Pickett,6,34.03148528405202,2,2022-09-10,UFC 279: Diaz vs. Ferguson,77acb96700e89c92,middleweight,0112352cb32f5026,Denis Tiuliulin,KO/TKO,2,592,175.0,2023-03-04,UFC 285: Jones vs. Gane,2b9daf452ab40b9b,middleweight,35673bf5204524ee,Bo Nickal,Submission,1.0,174.0,False,True,False,False,121-180,30-34,2
9cdd2da1a9104a0b,Macy Chiasson,9,31.123887748117728,1,2022-09-10,UFC 279: Diaz vs. Ferguson,989b8d362742f40b,catch weight,578ef12674df1e6a,Irene Aldana,KO/TKO,3,741,553.0,2024-03-16,UFC Fight Night: Tuivasa vs. Tybura,2f414494f2b6f426,women's bantamweight,91dac5e69e28d5b5,Pannie Kianzad,Submission,1.0,234.0,True,False,False,False,541+,30-34,1
c68c68efaa5ca6ef,Chidi Njokuani,3,33.711156741957566,1,2022-09-17,UFC Fight Night: Sandhagen vs. Song,bd06f1c2d7e6c4a0,middleweight,d1c65d2cf2925ddd,Gregory Rodrigues,KO/TKO,2,387,189.0,2023-03-25,UFC Fight Night: Vera vs. Sandhagen,2f382615155e32b9,middleweight,6b7c7460855dbbb9,Albert Duraev,Decision - Split,3.0,900.0,False,True,False,False,181-270,30-34,1
b8bbdeff718dbb7d,Pat Sabatini,5,31.854893908281998,1,2022-09-17,UFC Fight Night: Sandhagen vs. Song,f521ecde1e96a1bd,featherweight,29af297d9f1de0f8,Damon Jackson,KO/TKO,1,69,273.0,2023-06-17,UFC Fight Night: Vettori vs. Cannonier,76fd6919d828d5c2,featherweight,710f0f8c5d5c9d41,Lucas Almeida,Submission,2.0,408.0,True,False,False,False,271-365,30-34,1
5fa2974cbd18e05c,John Castaneda,4,30.78713210130048,1,2022-10-01,UFC Fight Night: Dern vs. Yan,63f6af6d5f7b82ad,catch weight,b67d6bacc68d4c92,Daniel Santos,KO/TKO,2,568,245.0,2023-06-03,UFC Fight Night: Kara-France vs. Albazi,c98f62eb74e69bcb,bantamweight,a54660deb6a8489c,Muin Gafurov,Decision - Unanimous,3.0,900.0,True,False,False,False,181-270,30-34,1
a78a87d8c2bbb1cb,Julija Stoliarenko,6,29.481177275838466,1,2022-10-01,UFC Fight Night: Dern vs. Yan,ad59e2de1ab5c8d2,catch weight,af9efbfd63d39734,Chelsea Chandler,KO/TKO,1,255,294.0,2023-07-22,UFC Fight Night: Aspinall vs. Tybura,743a04674ab72ee0,women's flyweight,51018a31ddf31eb2,Molly McCann,Submission,1.0,115.0,True,False,False,False,271-365,<30,1
d247691a6c0e9034,Cub Swanson,22,38.95140314852841,2,2022-10-15,UFC Fight Night: Grasso vs. Araujo,1af23e7aa71a1d17,bantamweight,f2477cf43c4975cc,Jonathan Martinez,KO/TKO,2,559,301.0,2023-08-12,UFC Fight Night: Luque vs. Dos Anjos,1b1fd32485861655,featherweight,2c9d00968f818270,Hakeem Dawodu,Decision - Unanimous,3.0,900.0,True,False,False,False,271-365,35+,2
c878270af633eb11,Jordan Wright,6,31.02258726899384,3,2022-10-15,UFC Fight Night: Grasso vs. Araujo,759c55755d70f7ba,middleweight,866fd7b1a6c90e7f,Dusko Todorovic,KO/TKO,2,492,126.0,2023-02-18,UFC Fight Night: Andrade vs. Blanchfield,3f837b469ba33c7c,light heavyweight,56f7d7ee06be4aab,Zac Pauga,Decision - Unanimous,3.0,900.0,False,True,False,False,121-180,30-34,3+
45f7cb591c3ab00b,Sean Brady,6,29.911019849418206,1,2022-10-22,UFC 280: Oliveira vs. Makhachev,d325a1483d78ae75,welterweight,b1b0729d27936f2f,Belal Muhammad,KO/TKO,2,587,406.0,2023-12-02,UFC Fight Night: Dariush vs. Tsarukyan,39c4ae4624052f9f,welterweight,8c0580d4fff106c1,Kelvin Gastelum,Submission,3.0,703.0,True,False,False,False,366-540,<30,1
751de04455cfaac0,Calvin Kattar,12,34.5927446954141,1,2022-10-29,UFC Fight Night: Kattar vs. Allen,a554a72bb0377213,featherweight,040a74bb0a465c54,Arnold Allen,KO/TKO,2,308,532.0,2024-04-13,UFC 300: Pereira vs. Hill,d95f21817a56eb05,featherweight,cb696ebfb6598724,Aljamain Sterling,Decision - Unanimous,3.0,900.0,False,True,False,False,366-540,30-34,1
971246648e162f0d,Chase Hooper,6,23.12662559890486,1,2022-10-29,UFC Fight Night: Kattar vs. Allen,86dff1593d8b9a1f,featherweight,97cf1a2c7c5e7889,Steve Garcia,KO/TKO,1,92,203.0,2023-05-20,UFC Fight Night: Dern vs. Hill,eca400aeeb2763d1,lightweight,036e96c1c12b8a59,Nick Fiore,Decision - Unanimous,3.0,900.0,True,False,False,False,181-270,<30,1
547afe1017e72dbe,Phil Hawes,6,33.804243668720055,2,2022-10-29,UFC Fight Night: Kattar vs. Allen,f32d918ee06cb83b,middleweight,327d5f279895110d,Roman Dolidze,KO/TKO,1,249,189.0,2023-05-06,UFC 288: Sterling vs. Cejudo,d22de60b7a3d908c,middleweight,b07aed698fba8624,Ikram Aliskerov,KO/TKO,1.0,130.0,False,True,True,True,181-270,30-34,2
d05cb1e8d1b885d8,Jinh Yu Frey,6,37.46201232032854,1,2022-11-05,UFC Fight Night: Rodriguez vs. Lemos,5475f5b6bad40989,women's strawweight,9673a497a9da119a,Polyana Viana,KO/TKO,1,47,210.0,2023-06-03,UFC Fight Night: Kara-France vs. Albazi,dfc62aa72446e4a8,women's strawweight,ac7c765882f2c68c,Elise Reed,Decision - Unanimous,3.0,900.0,False,True,False,False,181-270,35+,1
cd2c4d30c6e13b47,Marina Rodriguez,10,35.520876112251884,1,2022-11-05,UFC Fight Night: Rodriguez vs. Lemos,abfc03893551ae73,women's strawweight,3df5493bb279226f,Amanda Lemos,KO/TKO,3,654,182.0,2023-05-06,UFC 288: Sterling vs. Cejudo,5f44d6d9e6bbecff,women's strawweight,7dda2cf308f24a02,Virna Jandiroba,Decision - Unanimous,3.0,900.0,False,True,False,False,181-270,35+,1
d747eb273a40a920,Claudio Puelles,7,26.559890485968516,2,2022-11-12,UFC 281: Adesanya vs. Pereira,77c78d0a71b10692,lightweight,193b9d1858bc4df3,Dan Hooker,KO/TKO,2,546,469.0,2024-02-24,UFC Fight Night: Moreno vs. Royval 2,a376f6d5806d0c90,lightweight,1e4f273069fb9e85,Fares Ziam,Decision - Split,3.0,900.0,False,True,False,False,366-540,<30,2
2e19380f34871c6a,Dominick Reyes,10,32.878850102669404,3,2022-11-12,UFC 281: Adesanya vs. Pereira,6f22afbc5f8e0bd3,light heavyweight,a67f5afa8d6a1b80,Ryan Spann,KO/TKO,1,80,574.0,2024-06-08,UFC Fight Night: Cannonier vs. Imavov,2d12ae4683bbf433,light heavyweight,e4277e87a789d687,Dustin Jacoby,KO/TKO,1.0,120.0,True,False,True,False,541+,30-34,3+
1338e2c7480bdf9e,Israel Adesanya,14,33.308692676249144,1,2022-11-12,UFC 281: Adesanya vs. Pereira,04f32bb0c0d3a8cc,middleweight,e5549c82bfb5582d,Alex Pereira,KO/TKO,5,1321,147.0,2023-04-08,UFC 287: Pereira vs. Adesanya 2,fe143cb868adfded,middleweight,e5549c82bfb5582d,Alex Pereira,KO/TKO,2.0,561.0,True,False,True,False,121-180,30-34,1
ee18ff42063174df,Ottman Azaitar,3,32.72553045859001,1,2022-11-12,UFC 281: Adesanya vs. Pereira,40707ddc9fdea500,lightweight,dccb63727f2f5f74,Matt Frevola,KO/TKO,1,150,245.0,2023-07-15,UFC Fight Night: Holm vs. Bueno Silva,b52dccbe69864d2a,lightweight,3920d0cc288f9b0d,Francisco Prado,KO/TKO,1.0,245.0,False,True,True,True,181-270,30-34,1
a68575214ecad140,SeungWoo Choi,8,30.023271731690624,1,2022-11-12,UFC 281: Adesanya vs. Pereira,7f93b2f38497caec,featherweight,5bf31a46becc1204,Michael Trizano,KO/TKO,1,291,287.0,2023-08-26,UFC Fight Night: Holloway vs. The Korean Zombie,b65b37c0e00074d9,featherweight,082eba4cd80f736f,Jarno Errens,Decision - Unanimous,3.0,900.0,True,False,False,False,271-365,30-34,1
33efaf2d0941cfcf,Andre Fialho,5,28.618754277891856,2,2022-11-19,UFC Fight Night: Nzechukwu vs. Cutelaba,c317f85a8266313e,welterweight,447f9858ae78f921,Muslim Salikhov,KO/TKO,3,663,182.0,2023-05-20,UFC Fight Night: Dern vs. Hill,73700c8c5107f719,welterweight,b9437600497350f3,Joaquin Buckley,KO/TKO,2.0,555.0,False,True,True,True,181-270,<30,2
a6cba6bb66c1a8c9,Danny Roberts,13,35.351129363449694,4,2022-11-19,UFC Fight Night: Nzechukwu vs. Cutelaba,d0c01840c72429c6,welterweight,6b453bc35a823c3f,Jack Della Maddalena,KO/TKO,1,204,245.0,2023-07-22,UFC Fight Night: Aspinall vs. Tybura,d54ebd2a3435a357,welterweight,2975297f505e9447,Jonny Parsons,KO/TKO,2.0,597.0,False,True,True,True,181-270,35+,3+
cd13728ae1151f46,Ion Cutelaba,14,28.930869267624914,3,2022-11-19,UFC Fight Night: Nzechukwu vs. Cutelaba,c33257dd0605c7de,light heavyweight,8667caa0451d245b,Kennedy Nzechukwu,KO/TKO,2,362,147.0,2023-04-15,UFC Fight Night: Holloway vs. Allen,995e79b951da945b,light heavyweight,04c8b08b16a5b99e,Tanner Boser,KO/TKO,1.0,125.0,True,False,True,False,121-180,<30,3+
59c438c81fbf3ece,Tereza Bleda,1,20.969199178644764,1,2022-11-19,UFC Fight Night: Nzechukwu vs. Cutelaba,33719a2d9c69ed17,women's flyweight,262d32ebda89efc4,Natalia Silva,KO/TKO,3,687,210.0,2023-06-17,UFC Fight Night: Vettori vs. Cannonier,9cfb84817a43b63c,women's flyweight,a6eb54ae17a551be,Gabriella Fernandes,Decision - Unanimous,3.0,900.0,True,False,False,False,181-270,<30,1
efc67b07eed39794,Istela Nunes,3,30.362765229295004,1,2022-12-03,UFC Fight Night: Thompson vs. Holland,2cec230248d7eb97,women's strawweight,40cb680ae1cd331f,Yazmin Jauregui,KO/TKO,2,546,224.0,2023-07-15,UFC Fight Night: Holm vs. Bueno Silva,eb30c9c975e15436,women's strawweight,6c9b66b43663f2f7,Viktoriia Dudakova,KO/TKO,1.0,34.0,False,True,True,True,181-270,30-34,1
0a1942069c9ad6b6,Jack Hermansson,16,34.48049281314169,3,2022-12-03,UFC Fight Night: Thompson vs. Holland,a71764d5da04e3bc,middleweight,327d5f279895110d,Roman Dolidze,KO/TKO,2,546,434.0,2024-02-10,UFC Fight Night: Hermansson vs. Pyfer,406f2aacd1d1faf9,middleweight,c1085e1701b13eca,Joe Pyfer,Decision - Unanimous,5.0,1500.0,True,False,False,False,366-540,30-34,3+
3a46b268013afede,Kevin Holland,17,30.075290896646134,1,2022-12-03,UFC Fight Night: Thompson vs. Holland,a419e6df765aa755,welterweight,4a28cb716c19157a,Stephen Thompson,KO/TKO,4,1200,126.0,2023-04-08,UFC 287: Pereira vs. Adesanya 2,3165b03ddc6d3b6e,welterweight,6d1bffff14897645,Santiago Ponzinibbio,KO/TKO,3.0,796.0,True,False,True,False,121-180,30-34,1
d6c0cdd7e467c440,Kyle Daukaus,7,29.763175906913073,2,2022-12-03,UFC Fight Night: Thompson vs. Holland,ca0f0a35a1fcb453,middleweight,cad24459b28592ca,Eryk Anders,KO/TKO,2,465,994.0,2025-08-23,UFC Fight Night: Walker vs. Zhang,130e622d4d2aee3e,middleweight,595db60957de51d3,Michel Pereira,KO/TKO,1.0,43.0,True,False,True,False,541+,<30,2
67c1d46f4ed16f9e,Matt Schnell,12,32.88158795345654,4,2022-12-03,UFC Fight Night: Thompson vs. Holland,5a8f7afc5ea69537,flyweight,1a31ef98efce7a79,Matheus Nicolau,KO/TKO,2,404,455.0,2024-03-02,UFC Fight Night: Rozenstruik vs. Gaziev,024beecfd3f0ed7a,flyweight,32ab52e5de93092d,Steve Erceg,KO/TKO,2.0,326.0,False,True,True,True,366-540,30-34,3+
d8da10db80131bec,Niko Price,15,33.177275838466805,3,2022-12-03,UFC Fight Night: Thompson vs. Holland,7fbf09533c59e43f,welterweight,8e382b585a92affe,Phil Rowe,KO/TKO,3,806,217.0,2023-07-08,UFC 290: Volkanovski vs. Rodriguez,20d8f6b4b7c8bae7,welterweight,f2925e6db404bf1d,Robbie Lawler,KO/TKO,1.0,38.0,False,True,True,True,181-270,30-34,3+
c62fbc117d57b943,Tai Tuivasa,13,29.71663244353183,3,2022-12-03,UFC Fight Night: Thompson vs. Holland,972e17c1b98fca06,heavyweight,f14cf73e51b29254,Sergei Pavlovich,KO/TKO,1,54,280.0,2023-09-09,UFC 293: Adesanya vs. Strickland,e4ed294e16e16d81,heavyweight,279566840aa55bf2,Alexander Volkov,Submission,2.0,577.0,False,True,False,False,271-365,<30,3+
cdb96af67d096b1e,Alex Morono,17,32.31759069130732,2,2022-12-10,UFC 282: Blachowicz vs. Ankalaev,11f65de5348e4bc4,catch weight,6d1bffff14897645,Santiago Ponzinibbio,KO/TKO,3,749,154.0,2023-05-13,UFC Fight Night: Rozenstruik vs. Almeida,838a022ca5d99cc1,welterweight,4b47e71384a9522f,Tim Means,Submission,2.0,429.0,True,False,False,False,121-180,30-34,2
262a7d06203657e6,Alexander Hernandez,10,30.190280629705683,3,2022-12-10,UFC 282: Blachowicz vs. Ankalaev,a1a5d06b0e7ada62,featherweight,aa171d55d4b5208f,Billy Quarantillo,KO/TKO,2,570,70.0,2023-02-18,UFC Fight Night: Andrade vs. Blanchfield,682ff095649c9a5c,lightweight,d1941565abf50b16,Jim Miller,Decision - Unanimous,3.0,900.0,True,False,False,False,0-120,30-34,3+
d0aaedcf7ccd0b45,Chris Daukaus,7,33.20739219712526,3,2022-12-10,UFC 282: Blachowicz vs. Ankalaev,1779cc4ae925df01,heavyweight,2cd428e9606856fd,Jairzinho Rozenstruik,KO/TKO,1,23,245.0,2023-08-12,UFC Fight Night: Luque vs. Dos Anjos,c57a4810c932b296,light heavyweight,749f572d1d3161fb,Khalil Rountree Jr.,KO/TKO,1.0,160.0,False,True,True,True,181-270,30-34,3+
b9437600497350f3,Joaquin Buckley,9,28.621492128678987,3,2022-12-10,UFC 282: Blachowicz vs. Ankalaev,a346180c8b109469,middleweight,5442f1bc4b47eaf3,Chris Curtis,KO/TKO,2,469,161.0,2023-05-20,UFC Fight Night: Dern vs. Hill,73700c8c5107f719,welterweight,33efaf2d0941cfcf,Andre Fialho,KO/TKO,2.0,555.0,True,False,True,False,121-180,<30,3+
3fa97913cfd205d3,Alessandro Costa,1,26.885694729637233,1,2022-12-17,UFC Fight Night: Cannonier vs. Strickland,d95eeba3de7ecac5,flyweight,6d35bf94f7d30241,Amir Albazi,KO/TKO,3,733,182.0,2023-06-17,UFC Fight Night: Vettori vs. Cannonier,bc1be168c064f028,flyweight,09e62c450e754913,Jimmy Flick,KO/TKO,2.0,363.0,True,False,True,False,181-270,<30,1
f14f644d41ade29f,Cody Brundage,4,28.588637919233403,1,2022-12-17,UFC Fight Night: Cannonier vs. Strickland,e0444752d18fda7f,middleweight,0d65c432720accb9,Michal Oleksiejczuk,KO/TKO,1,196,133.0,2023-04-29,UFC Fight Night: Song vs. Simon,37ae5c09d6f03f33,middleweight,260e9e0d4954aea6,Rodolfo Vieira,Submission,2.0,388.0,False,True,False,False,121-180,<30,1
902ec2cc48c8ae8a,Julian Erosa,12,33.379876796714576,5,2022-12-17,UFC Fight Night: Cannonier vs. Strickland,9c1a2ac64c98d2f6,featherweight,7aa3d6964eff4877,Alex Caceres,KO/TKO,1,184,133.0,2023-04-29,UFC Fight Night: Song vs. Simon,e0e2c1fc1a178d89,featherweight,d2f43cfaf8ca3560,Fernando Padilla,KO/TKO,1.0,101.0,False,True,True,True,121-180,30-34,3+
887961364be5ceb3,King Green,20,36.271047227926076,3,2022-12-17,UFC Fight Night: Cannonier vs. Strickland,c335f44e4f3515ea,lightweight,519e4fe37ce9ff75,Drew Dober,KO/TKO,2,465,126.0,2023-04-22,UFC Fight Night: Pavlovich vs. Blaydes,640d52630f4f8a61,lightweight,7026eca45f65377b,Jared Gordon,Could Not Continue,1.0,275.0,False,True,False,False,121-180,35+,3+
972c456ff38b2015,Claudio Ribeiro,1,30.494182067077343,1,2023-01-14,UFC Fight Night: Strickland vs. Imavov,5305049e4215d263,middleweight,eae431e70064e046,Abdul Razak Alhassan,KO/TKO,2,328,112.0,2023-05-06,UFC 288: Sterling vs. Cejudo,93fb6c7e590487f9,middleweight,8d20d76af3f213ce,Joseph Holmes,KO/TKO,2.0,501.0,True,False,True,False,0-120,30-34,1
29af297d9f1de0f8,Damon Jackson,10,34.43394934976044,2,2023-01-14,UFC Fight Night: Strickland vs. Imavov,c88a7dbe7717d2da,featherweight,82a5152216251682,Dan Ige,KO/TKO,2,553,203.0,2023-08-05,UFC Fight Night: Sandhagen vs. Font,1b0d5e65fdfc62cf,featherweight,aa171d55d4b5208f,Billy Quarantillo,Decision - Unanimous,3.0,900.0,False,True,False,False,181-270,30-34,2
09e62c450e754913,Jimmy Flick,2,32.35318275154004,1,2023-01-14,UFC Fight Night: Strickland vs. Imavov,b6723b9c6ff4d594,flyweight,814e5233e2acf2ee,Charles Johnson,KO/TKO,1,273,154.0,2023-06-17,UFC Fight Night: Vettori vs. Cannonier,bc1be168c064f028,flyweight,3fa97913cfd205d3,Alessandro Costa,KO/TKO,2.0,363.0,False,True,True,True,121-180,30-34,1
64facb6cc564262d,Punahele Soriano,6,30.143737166324435,1,2023-01-14,UFC Fight Night: Strickland vs. Imavov,d4420be78065de03,middleweight,9d83f6da776ff7d6,Roman Kopylov,KO/TKO,2,499,322.0,2023-12-02,UFC Fight Night: Dariush vs. Tsarukyan,02713b2d25f74d43,middleweight,71505842fb6455c3,Dustin Stoltzfus,Submission,2.0,550.0,False,True,False,False,271-365,30-34,1
b9f28e7045fdfce7,Raoni Barcelos,9,35.70704996577687,1,2023-01-14,UFC Fight Night: Strickland vs. Imavov,a4c7d59d340794c0,bantamweight,2b6fc1c02736833d,Umar Nurmagomedov,KO/TKO,1,280,203.0,2023-08-05,UFC Fight Night: Sandhagen vs. Font,e5cb9dfc1189d77d,bantamweight,60425d07ef4b91a7,Kyler Phillips,Decision - Unanimous,3.0,900.0,False,True,False,False,181-270,35+,1
d1c65d2cf2925ddd,Gregory Rodrigues,6,30.926762491444215,1,2023-01-21,UFC 283: Teixeira vs. Hill,5ad8aa57c8d69680,middleweight,1e719d4b676dc19a,Brunno Ferreira,KO/TKO,1,253,210.0,2023-08-19,UFC 292: Sterling vs. O'Malley,f995ed679ef8bdf4,middleweight,0112352cb32f5026,Denis Tiuliulin,KO/TKO,1.0,103.0,True,False,True,False,181-270,30-34,1
eabf206b162b3b83,Paul Craig,15,35.15126625598905,4,2023-01-21,UFC 283: Teixeira vs. Hill,2d1ac675e6c1e6ea,light heavyweight,c21f26bbde777573,Johnny Walker,KO/TKO,1,136,182.0,2023-07-22,UFC Fight Night: Aspinall vs. Tybura,8104fe27bdc46914,middleweight,886264a0c9f4ea5e,Andre Muniz,KO/TKO,2.0,580.0,True,False,True,False,181-270,35+,3+
72ea1984c52019b5,Saimon Oliveira,2,31.753593429158112,1,2023-01-21,UFC 283: Teixeira vs. Hill,1d35e4c0941d1397,bantamweight,850266b3dc4e506e,Daniel Marcos,KO/TKO,2,438,798.0,2025-03-29,UFC Fight Night: Moreno vs. Erceg,55376d5c205fa844,bantamweight,9a97acbfd5a08bfa,David Martinez,KO/TKO,1.0,278.0,False,True,True,True,541+,30-34,1
809bd1a871491508,Terrance McKinney,5,28.35044490075291,2,2023-01-21,UFC 283: Teixeira vs. Hill,911b73db91738da6,lightweight,eb393afdbe3293d5,Ismael Bonfim,KO/TKO,2,437,175.0,2023-07-15,UFC Fight Night: Holm vs. Bueno Silva,e4620f3fa451a3a4,lightweight,ff62013d2fce6d13,Nazim Sadykhov,Submission,2.0,367.0,False,True,False,False,121-180,<30,2
57186c150c645200,Jeka Saragih,1,28.093086926762492,1,2023-02-04,UFC Fight Night: Lewis vs. Spivac,b1b20c686dfe3204,road to  1 lightweight tournament,a72a2a769fa5a2be,Anshul Jubli,KO/TKO,2,524,287.0,2023-11-18,UFC Fight Night: Allen vs. Craig,f0fe73e650b746f2,featherweight,11583163f45c7b31,Lucas Alexander,KO/TKO,1.0,91.0,True,False,True,False,271-365,<30,1
148bb103cfbf123e,Toshiomi Kazama,1,25.724845995893222,1,2023-02-04,UFC Fight Night: Lewis vs. Spivac,a8067e65eb737a09,road to  1 bantamweight tournament,d8c811df0386d5e8,Rinya Nakamura,KO/TKO,1,33,203.0,2023-08-26,UFC Fight Night: Holloway vs. The Korean Zombie,48231fbd1af53674,bantamweight,1effd880e1f1bb30,Garrett Armfield,KO/TKO,1.0,256.0,False,True,True,True,181-270,<30,1
21b5c82c1b89dab1,Yusaku Kinoshita,1,22.455852156057496,1,2023-02-04,UFC Fight Night: Lewis vs. Spivac,c63d8062c89c4c33,welterweight,a01a62132460a98d,Adam Fugitt,KO/TKO,1,276,203.0,2023-08-26,UFC Fight Night: Holloway vs. The Korean Zombie,977250a28d3b8a3f,welterweight,fa07345cc9db5cc9,Billy Ray Goff,KO/TKO,1.0,229.0,False,True,True,True,181-270,<30,1
ac40f7e3cbecdda4,Parker Porter,6,37.80698151950719,2,2023-02-11,UFC 284: Makhachev vs. Volkanovski,da22d5a717ae9e35,heavyweight,e13abac8089a801a,Justin Tafa,KO/TKO,1,66,84.0,2023-05-06,UFC 288: Sterling vs. Cejudo,2372578d3f554c65,heavyweight,eaa9402e5a7990ad,Braxton Smith,KO/TKO,1.0,130.0,True,False,True,False,0-120,35+,2
51c655162e462ceb,Shannon Ross,1,33.752224503764545,1,2023-02-11,UFC 284: Makhachev vs. Volkanovski,16dbe70eb7007f17,flyweight,102a8fdf8cbf7467,Kleydson Rodrigues,KO/TKO,1,59,147.0,2023-07-08,UFC 290: Volkanovski vs. Rodriguez,420f7e6530dbc727,flyweight,c051c2e12d692b8a,Jesus Aguilar,KO/TKO,1.0,17.0,False,True,True,True,121-180,30-34,1
50db8711c70196cd,Ovince Saint Preux,26,39.865845311430526,4,2023-02-18,UFC Fight Night: Andrade vs. Blanchfield,3d46d635f9ae5e68,light heavyweight,53c943c873cffe90,Philipe Lins,KO/TKO,1,49,392.0,2024-03-16,UFC Fight Night: Tuivasa vs. Tybura,35f9beb94b4ef9e2,light heavyweight,8667caa0451d245b,Kennedy Nzechukwu,Decision - Split,3.0,900.0,True,False,False,False,366-540,35+,3+
3e708ce33b6b18e6,Victor Martinez,1,31.61122518822724,1,2023-02-25,UFC Fight Night: Muniz vs. Allen,a7f66f13f953352f,lightweight,ac026518a9b4dc0f,Jordan Leavitt,KO/TKO,1,147,448.0,2024-05-18,UFC Fight Night: Barboza vs. Murphy,b5df5a0a0bda9256,lightweight,6c3b2525436cf5d4,Tom Nolan,KO/TKO,1.0,230.0,False,True,True,True,366-540,30-34,1
d0e1b42d41dab603,Julian Marquez,6,32.82135523613963,2,2023-03-04,UFC 285: Jones vs. Gane,c29e2c49e1e417c8,middleweight,8e9eb3fc86db0f7d,Marc-Andre Barriault,KO/TKO,2,552,462.0,2024-06-08,UFC Fight Night: Cannonier vs. Imavov,3b12094dd48c2dc5,middleweight,23dec7c47cb418f8,Zachary Reese,KO/TKO,1.0,20.0,False,True,True,True,366-540,30-34,2
32490e80ddab1e5a,Song Kenan,7,32.982888432580424,2,2023-03-04,UFC 285: Jones vs. Gane,ed9f8f702585ed44,welterweight,442c9011034ae1fd,Ian Machado Garry,KO/TKO,3,862,175.0,2023-08-26,UFC Fight Night: Holloway vs. The Korean Zombie,da6b863cf684e0ae,welterweight,40a456a25d52ee65,Rolando Bedoya,Decision - Unanimous,3.0,900.0,True,False,False,False,121-180,30-34,2
c0badf3243907e59,Alexandr Romanov,7,32.24640657084189,1,2023-03-11,UFC Fight Night: Yan vs. Dvalishvili,3b561a154aa2bbb2,heavyweight,279566840aa55bf2,Alexander Volkov,KO/TKO,1,136,112.0,2023-07-01,UFC Fight Night: Strickland vs. Magomedov,bd2e14ee959f9b77,heavyweight,1788eee370f077b7,Blagoy Ivanov,Decision - Unanimous,3.0,900.0,True,False,False,False,0-120,30-34,1
866fd7b1a6c90e7f,Dusko Todorovic,7,28.829568788501028,3,2023-03-18,UFC 286: Edwards vs. Usman 3,38094db8e3539cba,middleweight,a93f94c923c3a9cb,Christian Leroy Duncan,KO/TKO,1,112,602.0,2024-11-09,UFC Fight Night: Magny vs. Prates,ea6427379a83bd01,middleweight,841695e02c99a521,Mansur Abdul-Malik,KO/TKO,1.0,164.0,False,True,True,True,541+,<30,3+
dee294e9717012c2,Malcolm Gordon,6,32.82956878850103,2,2023-03-18,UFC 286: Edwards vs. Usman 3,6068385c48de6801,flyweight,60a42bf82447c919,Jake Hadley,KO/TKO,1,61,308.0,2024-01-20,UFC 297: Strickland vs. Du Plessis,ab105e5a56b5ee90,flyweight,09e62c450e754913,Jimmy Flick,Submission,2.0,377.0,False,True,False,False,271-365,30-34,2
8b6e5dc2ba1edbe7,Sam Patterson,1,26.88021902806297,1,2023-03-18,UFC 286: Edwards vs. Usman 3,9f8cf5ac0807d64e,lightweight,c739c2995a275314,Yanal Ashmouz,KO/TKO,1,75,308.0,2024-01-20,UFC 297: Strickland vs. Du Plessis,a10e2d5416972b9c,welterweight,f998f5c102250d6e,Yohan Lainesse,Submission,1.0,123.0,True,False,False,False,271-365,<30,1
31bb0772f21cabd8,Daniel Lacerda,4,26.80082135523614,3,2023-03-25,UFC Fight Night: Vera vs. Sandhagen,16bd47ba50891833,flyweight,077e3ace32b72be9,CJ Vergara,KO/TKO,2,544,175.0,2023-09-16,UFC Fight Night: Grasso vs. Shevchenko 2,5d3e046b6bcd49f5,flyweight,5ef94841c4bc3f86,Edgar Chairez,Overturned,1.0,227.0,False,True,False,False,121-180,<30,3+
0232cabbc30a2372,Adrian Yanez,6,29.35523613963039,1,2023-04-08,UFC 287: Pereira vs. Adesanya 2,678d27af287476f8,bantamweight,05339613bf8e9808,Rob Font,KO/TKO,1,177,189.0,2023-10-14,UFC Fight Night: Yusuff vs. Barboza,0d6d212fcdf47f2e,bantamweight,f2477cf43c4975cc,Jonathan Martinez,KO/TKO,2.0,446.0,False,True,True,True,181-270,<30,1
e5549c82bfb5582d,Alex Pereira,5,35.75359342915811,1,2023-04-08,UFC 287: Pereira vs. Adesanya 2,fe143cb868adfded,middleweight,1338e2c7480bdf9e,Israel Adesanya,KO/TKO,2,561,112.0,2023-07-29,UFC 291: Poirier vs. Gaethje 2,800a35b3a7e52308,light heavyweight,99df7d0a2a08a8a8,Jan Blachowicz,Decision - Split,3.0,900.0,True,False,False,False,0-120,35+,1
6ac9bc2953c47345,Gerald Meerschaert,18,35.304585900068446,4,2023-04-08,UFC 287: Pereira vs. Adesanya 2,28e3d939eb043664,middleweight,c1085e1701b13eca,Joe Pyfer,KO/TKO,1,195,133.0,2023-08-19,UFC 292: Sterling vs. O'Malley,9f7c28381b6913c8,middleweight,5f61780fe5e9b6d0,Andre Petroski,Decision - Split,3.0,900.0,False,True,False,False,121-180,35+,3+
6d1bffff14897645,Santiago Ponzinibbio,17,36.53114305270363,3,2023-04-08,UFC 287: Pereira vs. Adesanya 2,3165b03ddc6d3b6e,welterweight,3a46b268013afede,Kevin Holland,KO/TKO,3,796,462.0,2024-07-13,UFC Fight Night: Namajunas vs. Cortez,dff8e4ef87d69516,welterweight,447f9858ae78f921,Muslim Salikhov,Decision - Split,3.0,900.0,False,True,False,False,366-540,35+,3+
0a73acff6325c1e2,Shayilan Nuerdanbieke,5,28.928131416837783,1,2023-04-08,UFC 287: Pereira vs. Adesanya 2,0810cdbeb9dd4d02,featherweight,97cf1a2c7c5e7889,Steve Garcia,KO/TKO,2,336,434.0,2024-06-15,UFC Fight Night: Perez vs. Taira,94f5b35b2b6c72b1,featherweight,20bccc9bb4ceb23e,Melquizael Costa,Submission,3.0,710.0,False,True,False,False,366-540,<30,1
aa171d55d4b5208f,Billy Quarantillo,8,34.34907597535934,1,2023-04-15,UFC Fight Night: Holloway vs. Allen,83c81018bb3aeebf,featherweight,64a50dad704d1d49,Edson Barboza,KO/TKO,1,157,112.0,2023-08-05,UFC Fight Night: Sandhagen vs. Font,1b0d5e65fdfc62cf,featherweight,29af297d9f1de0f8,Damon Jackson,Decision - Unanimous,3.0,900.0,True,False,False,False,0-120,30-34,1
7138a15258dabf20,Bruna Brasil,1,29.60164271047228,1,2023-04-15,UFC Fight Night: Holloway vs. Allen,5de3a1bbcf705b58,women's strawweight,cffb87059e645bd1,Denise Gomes,KO/TKO,2,462,98.0,2023-07-22,UFC Fight Night: Aspinall vs. Tybura,c81d1facf185467d,women's strawweight,9c442aaf149ea982,Shauna Bannon,Decision - Unanimous,3.0,900.0,True,False,False,False,0-120,<30,1
1a31ef98efce7a79,Matheus Nicolau,9,30.269678302532512,2,2023-04-15,UFC Fight Night: Holloway vs. Allen,bbde45b2c766bb67,flyweight,6e15f63b6c2e2c15,Brandon Royval,KO/TKO,1,129,378.0,2024-04-27,UFC Fight Night: Nicolau vs. Perez,a0cae57eae875820,flyweight,ab2b4ff41d6ebe0f,Alex Perez,KO/TKO,2.0,436.0,False,True,True,True,366-540,30-34,2
04c8b08b16a5b99e,Tanner Boser,9,31.701574264202602,1,2023-04-15,UFC Fight Night: Holloway vs. Allen,995e79b951da945b,light heavyweight,cd13728ae1151f46,Ion Cutelaba,KO/TKO,1,125,112.0,2023-08-05,UFC Fight Night: Sandhagen vs. Font,2c0496a5f39ab8a4,light heavyweight,c2a670b22d2e196f,Aleksa Camur,Decision - Unanimous,3.0,900.0,True,False,False,False,0-120,30-34,1
0c6d9ea8306c029e,Brad Tavares,22,35.3347022587269,4,2023-04-22,UFC Fight Night: Pavlovich vs. Blaydes,d00d5ef4ae0ac01b,middleweight,12ebd7d157e91701,Bruno Silva,KO/TKO,1,215,119.0,2023-08-19,UFC 292: Sterling vs. O'Malley,1a95cc401f68f4c8,middleweight,3a8176e15b9887c1,Chris Weidman,Decision - Unanimous,3.0,900.0,True,False,False,False,0-120,35+,3+
fa6796c55d6c5440,Curtis Blaydes,17,32.172484599589325,3,2023-04-22,UFC Fight Night: Pavlovich vs. Blaydes,856468ba24a37fcc,heavyweight,f14cf73e51b29254,Sergei Pavlovich,KO/TKO,1,188,322.0,2024-03-09,UFC 299: O'Malley vs. Vera 2,0133019a4f1055ee,heavyweight,41e83a89929d1327,Jailton Almeida,KO/TKO,2.0,336.0,True,False,True,False,271-365,30-34,3+
94527830000ab715,Rani Yahya,20,38.60643394934976,1,2023-04-22,UFC Fight Night: Pavlovich vs. Blaydes,034cbbec91f67852,bantamweight,cc1a8b4b38b92c6d,Montel Jackson,KO/TKO,1,222,371.0,2024-04-27,UFC Fight Night: Nicolau vs. Perez,55231cc4112334b4,bantamweight,eb8d8c2a95cfccb8,Victor Henry,KO/TKO,3.0,756.0,False,True,True,True,366-540,35+,1
814ff3018127e8fc,Ricky Glenn,9,34.026009582477755,1,2023-04-22,UFC Fight Night: Pavlovich vs. Blaydes,16628e25a043043a,lightweight,de45aaae23dfa392,Christos Giagos,KO/TKO,1,95,168.0,2023-10-07,UFC Fight Night: Dawson vs. Green,68095e551ff6bbfd,lightweight,519e4fe37ce9ff75,Drew Dober,KO/TKO,1.0,156.0,False,True,True,True,121-180,30-34,1
902ec2cc48c8ae8a,Julian Erosa,13,33.74401095140315,6,2023-04-29,UFC Fight Night: Song vs. Simon,e0e2c1fc1a178d89,featherweight,d2f43cfaf8ca3560,Fernando Padilla,KO/TKO,1,101,329.0,2024-03-23,UFC Fight Night: Ribas vs. Namajunas,8c8337ce8437fe2e,featherweight,1ae8f3c723aacff4,Ricardo Ramos,Submission,1.0,135.0,True,False,False,False,271-365,30-34,3+
5987b2458f4b5290,Ricky Simon,11,30.65845311430527,2,2023-04-29,UFC Fight Night: Song vs. Simon,2b1ac5d8f98639bf,bantamweight,efb96bf3e9ada36f,Song Yadong,KO/TKO,5,1270,259.0,2024-01-13,UFC Fight Night: Ankalaev vs. Walker 2,a8239866e1222eae,bantamweight,bc711b6dd95c1af6,Mario Bautista,Decision - Unanimous,3.0,900.0,False,True,False,False,181-270,30-34,2
519e4fe37ce9ff75,Drew Dober,21,34.54346338124572,1,2023-05-06,UFC 288: Sterling vs. Cejudo,3f8b4aeb3baf4724,lightweight,dccb63727f2f5f74,Matt Frevola,KO/TKO,1,248,154.0,2023-10-07,UFC Fight Night: Dawson vs. Green,68095e551ff6bbfd,lightweight,814ff3018127e8fc,Ricky Glenn,KO/TKO,1.0,156.0,True,False,True,False,121-180,30-34,1
6a1901c62ab3870f,Jessica Andrade,24,31.61122518822724,4,2023-05-06,UFC 288: Sterling vs. Cejudo,11a5a852313d1f5b,women's strawweight,c41d426cc7326d1b,Yan Xiaonan,KO/TKO,1,140,91.0,2023-08-05,UFC Fight Night: Sandhagen vs. Font,ec2358459ffbe7de,women's strawweight,b08012bbe542592a,Tatiana Suarez,Submission,2.0,391.0,False,True,False,False,0-120,30-34,3+
547afe1017e72dbe,Phil Hawes,7,34.32169746748802,3,2023-05-06,UFC 288: Sterling vs. Cejudo,d22de60b7a3d908c,middleweight,b07aed698fba8624,Ikram Aliskerov,KO/TKO,1,130,252.0,2024-01-13,UFC Fight Night: Ankalaev vs. Walker 2,d0d99889c6abd8e1,middleweight,1e719d4b676dc19a,Brunno Ferreira,KO/TKO,1.0,295.0,False,True,True,True,181-270,30-34,3+
523fa774700d7d3f,Court McGee,21,38.41478439425051,3,2023-05-13,UFC Fight Night: Rozenstruik vs. Almeida,f2ced83baf0457fc,welterweight,31123249b0bbf52e,Matt Brown,KO/TKO,1,249,329.0,2024-04-06,UFC Fight Night: Allen vs. Curtis 2,0b9cd718d7e329e8,welterweight,cdb96af67d096b1e,Alex Morono,Decision - Unanimous,3.0,900.0,False,True,False,False,271-365,35+,3+
8a1f3b5c526cd6e6,Daniel Rodriguez,10,36.36413415468857,1,2023-05-13,UFC Fight Night: Rozenstruik vs. Almeida,b0f4c7788782e26e,welterweight,442c9011034ae1fd,Ian Machado Garry,KO/TKO,1,177,406.0,2024-06-22,UFC Fight Night: Whittaker vs. Aliskerov,8ddd53a7ed3754d5,middleweight,8c0580d4fff106c1,Kelvin Gastelum,Decision - Unanimous,3.0,900.0,False,True,False,False,366-540,35+,1
5eb50529a8418b77,Gabe Green,5,30.028747433264886,1,2023-05-13,UFC Fight Night: Rozenstruik vs. Almeida,81fda78adcaedbc7,welterweight,f626118b6da0e020,Bryan Battle,KO/TKO,1,14,735.0,2025-05-17,UFC Fight Night: Burns vs. Morales,a9a6cca4bbf7a5db,lightweight,72f890c5d421e705,Matheus Camilo,Submission,2.0,523.0,True,False,False,False,541+,30-34,1
260bd4cef10b033f,Ihor Potieria,3,26.954140999315538,2,2023-05-13,UFC Fight Night: Rozenstruik vs. Almeida,dae2484418631ff5,light heavyweight,9014c02eff8b3d62,Carlos Ulberg,KO/TKO,1,129,203.0,2023-12-02,UFC Fight Night: Dariush vs. Tsarukyan,0dc2fc8d39e226a3,light heavyweight,69898645d600abdb,Rodolfo Bellato,KO/TKO,2.0,557.0,False,True,True,True,181-270,<30,2
33efaf2d0941cfcf,Andre Fialho,6,29.117043121149898,3,2023-05-20,UFC Fight Night: Dern vs. Hill,73700c8c5107f719,welterweight,b9437600497350f3,Joaquin Buckley,KO/TKO,2,555,126.0,2023-09-23,UFC Fight Night: Fiziev vs. Gamrot,b3c7a5a97978d156,welterweight,4b47e71384a9522f,Tim Means,KO/TKO,3.0,675.0,False,True,True,True,121-180,<30,3+
4144798612ef96e5,Edmen Shahbazyan,9,25.49486652977413,3,2023-05-20,UFC Fight Night: Dern vs. Hill,3638ee66c7d34fe0,middleweight,093e1f5bb73850be,Anthony Hernandez,KO/TKO,3,661,308.0,2024-03-23,UFC Fight Night: Ribas vs. Namajunas,d564e3a6c77d0c85,middleweight,009c4420727149ea,AJ Dobson,KO/TKO,1.0,273.0,True,False,True,False,271-365,<30,3+
8c1ca54b5089d199,Maheshate,3,23.46611909650924,1,2023-05-20,UFC Fight Night: Dern vs. Hill,49bd9a2f1fbebd1f,lightweight,19c591115a58982c,Viacheslav Borshchev,KO/TKO,2,457,343.0,2024-04-27,UFC Fight Night: Nicolau vs. Perez,0976778a6e6cf8a8,lightweight,436f970c9ea9169c,Gabriel Benitez,Decision - Split,3.0,900.0,True,False,False,False,271-365,<30,1
511e82663651438d,Michael Johnson,28,36.95824777549623,3,2023-05-20,UFC Fight Night: Dern vs. Hill,12683e06369d1a83,lightweight,f53d4f21d1b5f2dc,Diego Ferreira,KO/TKO,2,410,266.0,2024-02-10,UFC Fight Night: Hermansson vs. Pyfer,5304956aada097e8,lightweight,65db4065e2bc107d,Darrius Flowers,Decision - Unanimous,3.0,900.0,True,False,False,False,181-270,35+,3+
9dedfdd91070ddd8,Victoria Leonardo,4,33.2539356605065,2,2023-05-20,UFC Fight Night: Dern vs. Hill,744cbe6e49d4f41c,women's flyweight,262d32ebda89efc4,Natalia Silva,KO/TKO,1,178,462.0,2024-08-24,UFC Fight Night: Cannonier vs. Borralho,d4127baf74b0e791,women's flyweight,2997e7fe3c9d3d4a,Wang Cong,KO/TKO,1.0,62.0,False,True,True,True,366-540,30-34,2
3738e68d2261e60f,Andrei Arlovski,40,44.32580424366872,8,2023-06-03,UFC Fight Night: Kara-France vs. Albazi,5459c3bb88d031f9,heavyweight,1a9480fc288e55d7,Don'Tale Mayes,KO/TKO,2,497,224.0,2024-01-13,UFC Fight Night: Ankalaev vs. Walker 2,6f13fe34cb3ca906,heavyweight,fc08099550072fe4,Waldo Cortes-Acosta,Decision - Unanimous,3.0,900.0,False,True,False,False,181-270,35+,3+
af9f42e6894047fc,Jamie Mullarkey,8,28.79397672826831,2,2023-06-03,UFC Fight Night: Kara-France vs. Albazi,ad7bd4b3ee923498,lightweight,8d11d9c13e2ccdf7,Muhammad Naimov,KO/TKO,2,479,98.0,2023-09-09,UFC 293: Adesanya vs. Strickland,0aae15358d8606b9,lightweight,c21a036b4e012f1c,John Makdessi,Decision - Unanimous,3.0,900.0,True,False,False,False,0-120,<30,2
a75a48bfe776b2c2,Jesse Butler,1,31.025325119780973,1,2023-06-03,UFC Fight Night: Kara-France vs. Albazi,e2f4cd4a9a579488,lightweight,d1941565abf50b16,Jim Miller,KO/TKO,1,23,371.0,2024-06-08,UFC Fight Night: Cannonier vs. Imavov,4c0adccb34c1d995,bantamweight,7b433309b0fd12aa,Brad Katona,Decision - Unanimous,3.0,900.0,False,True,False,False,366-540,30-34,1
6fc506e1099afe20,Luan Lacerda,2,30.401095140314855,1,2023-06-03,UFC Fight Night: Kara-France vs. Albazi,72bb7605e340a8fe,bantamweight,da22387a0407a2dc,Da'Mon Blackshear,KO/TKO,2,534,1015.0,2026-03-14,UFC Fight Night: Emmett vs. Vallejos,32d371462c539bee,bantamweight,ec3bd30378d63dd1,Hecher Sosa,Decision - Unanimous,3.0,900.0,False,True,False,False,541+,30-34,1
7d420039bbfe7c1a,Aoriqileng,5,29.95756331279945,1,2023-06-10,UFC 289: Nunes vs. Aldana,e24b65cd8721349a,bantamweight,24656ef4d605c96f,Aiemann Zahabi,KO/TKO,1,64,119.0,2023-10-07,UFC Fight Night: Dawson vs. Green,df146b0592259e5d,bantamweight,f6bcbd91b114ff58,Johnny Munoz,Decision - Unanimous,3.0,900.0,True,False,False,False,0-120,<30,1
08af939f41b5a57b,Beneil Dariush,22,34.09445585215606,4,2023-06-10,UFC 289: Nunes vs. Aldana,40e8bf8ce508c436,lightweight,07225ba28ae309b6,Charles Oliveira,KO/TKO,1,250,175.0,2023-12-02,UFC Fight Night: Dariush vs. Tsarukyan,9feb9500b0fedfcd,lightweight,eae48ff31db420c2,Arman Tsarukyan,KO/TKO,1.0,64.0,False,True,True,True,121-180,30-34,3+
09e62c450e754913,Jimmy Flick,3,32.77481177275838,2,2023-06-17,UFC Fight Night: Vettori vs. Cannonier,bc1be168c064f028,flyweight,3fa97913cfd205d3,Alessandro Costa,KO/TKO,2,363,217.0,2024-01-20,UFC 297: Strickland vs. Du Plessis,ab105e5a56b5ee90,flyweight,dee294e9717012c2,Malcolm Gordon,Submission,2.0,377.0,True,False,False,False,181-270,30-34,2
ae7fe94f117f98cf,Joaquim Silva,9,34.36002737850787,3,2023-06-17,UFC Fight Night: Vettori vs. Cannonier,6c2199524d762b11,lightweight,eae48ff31db420c2,Arman Tsarukyan,KO/TKO,3,805,168.0,2023-12-02,UFC Fight Night: Dariush vs. Tsarukyan,20bfa549cb2cabe7,lightweight,c47df9303d318c67,Clay Guida,Decision - Unanimous,3.0,900.0,True,False,False,False,121-180,30-34,3+
37f560436d745c18,Nikolas Motta,3,30.351813826146476,2,2023-06-17,UFC Fight Night: Vettori vs. Cannonier,98458778348ea5d7,lightweight,2e7878927067fdca,Manuel Torres,KO/TKO,1,110,154.0,2023-11-18,UFC Fight Night: Allen vs. Craig,6e5a3d6b6ed84ac3,lightweight,cfc3e7bb44685289,Trey Ogden,Overturned,3.0,791.0,False,True,False,False,121-180,30-34,2
beecb672a279223e,Amanda Ribas,9,29.82614647501711,2,2023-06-24,UFC Fight Night: Emmett vs. Topuria,07cb64236ae7aaea,women's flyweight,6a740daf1b279661,Maycee Barber,KO/TKO,2,522,147.0,2023-11-18,UFC Fight Night: Allen vs. Craig,bd4d2522cb0d1a23,women's strawweight,a3a542074109b347,Luana Pinheiro,KO/TKO,3.0,833.0,True,False,True,False,121-180,<30,2
f2f140ce7532e327,Gabriel Santos,2,26.56810403832991,1,2023-06-24,UFC Fight Night: Emmett vs. Topuria,582806c33ce6dcf6,featherweight,ffe9703408fb5964,David Onama,KO/TKO,2,553,441.0,2024-09-07,UFC Fight Night: Burns vs. Brady,6e9876d2be2bbd02,featherweight,3f11fd1751fa83b1,Yizha,Decision - Unanimous,3.0,900.0,True,False,False,False,366-540,<30,1
8c169fbe1ac33637,Loik Radzhabov,2,32.766598220396986,1,2023-06-24,UFC Fight Night: Emmett vs. Topuria,8b296724a6844865,lightweight,849c5d9979df5357,Mateusz Rebecki,KO/TKO,2,456,252.0,2024-03-02,UFC Fight Night: Rozenstruik vs. Gaziev,ba8f219260e212f8,lightweight,597499ac7a5aac62,Abdul-Kareem Al-Selwady,KO/TKO,3.0,649.0,True,False,True,False,181-270,30-34,1
36b8f265bcd1b7a4,Abus Magomedov,2,32.82683093771389,1,2023-07-01,UFC Fight Night: Strickland vs. Magomedov,f557405652165aa3,middleweight,0d8011111be000b2,Sean Strickland,KO/TKO,2,560,126.0,2023-11-04,UFC Fight Night: Almeida vs. Lewis,7d474fbf31894108,middleweight,4126a78111c0855a,Caio Borralho,Decision - Unanimous,3.0,900.0,False,True,False,False,121-180,30-34,1
1e719d4b676dc19a,Brunno Ferreira,2,30.652977412731005,1,2023-07-01,UFC Fight Night: Strickland vs. Magomedov,288f7fb936c1523c,middleweight,49d2a08964c5eb11,Nursulton Ruziboev,KO/TKO,1,77,196.0,2024-01-13,UFC Fight Night: Ankalaev vs. Walker 2,d0d99889c6abd8e1,middleweight,547afe1017e72dbe,Phil Hawes,KO/TKO,1.0,295.0,True,False,True,False,181-270,30-34,1
7772b283d288dbe2,Guram Kutateladze,3,31.477070499657767,1,2023-07-01,UFC Fight Night: Strickland vs. Magomedov,454265014520a3f8,lightweight,48a9a128784d53d1,Elves Brener,KO/TKO,3,797,399.0,2024-08-03,UFC Fight Night: Sandhagen vs. Nurmagomedov,77df662671ce11c5,lightweight,6d38e41efa47a72d,Jordan Vucenic,Decision - Unanimous,3.0,900.0,True,False,False,False,366-540,30-34,1
7b3503352cd53abb,Westin Wilson,1,34.431211498973305,1,2023-07-01,UFC Fight Night: Strickland vs. Magomedov,f5a6acc99bc5c634,featherweight,791c8437b341fba5,Joanderson Brito,KO/TKO,1,174,196.0,2024-01-13,UFC Fight Night: Ankalaev vs. Walker 2,0494ebcee93e717b,featherweight,52ef95b5860fb28c,Jean Silva,KO/TKO,1.0,252.0,False,True,True,True,181-270,30-34,1
d8da10db80131bec,Niko Price,16,33.77138945927447,4,2023-07-08,UFC 290: Volkanovski vs. Rodriguez,20d8f6b4b7c8bae7,welterweight,f2925e6db404bf1d,Robbie Lawler,KO/TKO,1,38,329.0,2024-06-01,UFC 302: Makhachev vs. Poirier,b5d5b8e06ccb70a3,welterweight,cdb96af67d096b1e,Alex Morono,Decision - Unanimous,3.0,900.0,True,False,False,False,271-365,30-34,3+
e1147d3d2dabe1ce,Robert Whittaker,20,32.54757015742642,3,2023-07-08,UFC 290: Volkanovski vs. Rodriguez,4ec5d9bd1442e6c1,middleweight,0d7b51c9d2649a6e,Dricus Du Plessis,KO/TKO,2,443,224.0,2024-02-17,UFC 298: Volkanovski vs. Topuria,01432891260084a4,middleweight,2e5c2aa8e4ab9d82,Paulo Costa,Decision - Unanimous,3.0,900.0,True,False,False,False,181-270,30-34,3+
51c655162e462ceb,Shannon Ross,2,34.15468856947297,2,2023-07-08,UFC 290: Volkanovski vs. Rodriguez,420f7e6530dbc727,flyweight,c051c2e12d692b8a,Jesus Aguilar,KO/TKO,1,17,154.0,2023-12-09,UFC Fight Night: Song vs. Gutierrez,35addc4646509286,flyweight,b671bdf981ad527d,HyunSung Park,KO/TKO,2.0,539.0,False,True,True,True,121-180,30-34,2
f3ca6908f78efebe,Terrence Mitchell,1,33.51950718685831,1,2023-07-08,UFC 290: Volkanovski vs. Rodriguez,dbf8a4b0870a47d1,bantamweight,3c8a5200436e19f3,Cameron Saaiman,KO/TKO,1,190,70.0,2023-09-16,UFC Fight Night: Grasso vs. Shevchenko 2,c0ca4c201d086ea8,bantamweight,fe2babf95de24fb1,Raul Rosas Jr.,KO/TKO,1.0,54.0,False,True,True,True,0-120,30-34,1
7a47e068f8017019,Val Woodburn,1,29.908281998631075,1,2023-07-08,UFC 290: Volkanovski vs. Rodriguez,1ffe6e8df6dbefd2,middleweight,35673bf5204524ee,Bo Nickal,KO/TKO,1,38,224.0,2024-02-17,UFC 298: Volkanovski vs. Topuria,9ddaa62cc806958d,welterweight,6b56e94a59b7b134,Oban Elliott,Decision - Unanimous,3.0,900.0,False,True,False,False,181-270,<30,1
cbf5e6f231b55443,Yair Rodriguez,14,30.751540041067763,1,2023-07-08,UFC 290: Volkanovski vs. Rodriguez,4b12a4b48755cd6b,featherweight,e1248941344b3288,Alexander Volkanovski,KO/TKO,3,859,231.0,2024-02-24,UFC Fight Night: Moreno vs. Royval 2,3b05a4ced6dd74f5,featherweight,def8166ff24bd237,Brian Ortega,Submission,3.0,658.0,False,True,False,False,181-270,30-34,1
40cb680ae1cd331f,Yazmin Jauregui,3,24.355920602327174,1,2023-07-08,UFC 290: Volkanovski vs. Rodriguez,ef270d8cf29d071b,women's strawweight,cffb87059e645bd1,Denise Gomes,KO/TKO,1,20,231.0,2024-02-24,UFC Fight Night: Moreno vs. Royval 2,6e4acb2aaa2cee56,women's strawweight,e94085e821bd81de,Sam Hughes,Decision - Unanimous,3.0,900.0,True,False,False,False,181-270,<30,1
efc67b07eed39794,Istela Nunes,4,30.976043805612594,2,2023-07-15,UFC Fight Night: Holm vs. Bueno Silva,eb30c9c975e15436,women's strawweight,6c9b66b43663f2f7,Viktoriia Dudakova,KO/TKO,1,34,630.0,2025-04-05,UFC Fight Night: Emmett vs. Murphy,fd088ce1481315a5,women's strawweight,4e30e4250cb08b61,Loma Lookboonmee,Decision - Unanimous,3.0,900.0,False,True,False,False,541+,30-34,2
ee18ff42063174df,Ottman Azaitar,4,33.39630390143737,2,2023-07-15,UFC Fight Night: Holm vs. Bueno Silva,b52dccbe69864d2a,lightweight,3920d0cc288f9b0d,Francisco Prado,KO/TKO,1,245,518.0,2024-12-14,UFC Fight Night: Covington vs. Buckley,9c24c03131d5b49a,lightweight,511e82663651438d,Michael Johnson,KO/TKO,2.0,423.0,False,True,True,True,366-540,30-34,2
886264a0c9f4ea5e,Andre Muniz,7,33.42368240930869,1,2023-07-22,UFC Fight Night: Aspinall vs. Tybura,8104fe27bdc46914,middleweight,eabf206b162b3b83,Paul Craig,KO/TKO,2,580,140.0,2023-12-09,UFC Fight Night: Song vs. Gutierrez,1afc4f372a125c74,middleweight,285ae0b4a68221f4,JunYong Park,Decision - Split,3.0,900.0,True,False,False,False,121-180,30-34,1
c9cf753cfdf77fc2,Marcin Tybura,18,37.6974674880219,4,2023-07-22,UFC Fight Night: Aspinall vs. Tybura,90e46589a18064bc,heavyweight,399afbabc02376b5,Tom Aspinall,KO/TKO,1,73,238.0,2024-03-16,UFC Fight Night: Tuivasa vs. Tybura,8bc0c220f7dcefa7,heavyweight,c62fbc117d57b943,Tai Tuivasa,Submission,1.0,248.0,True,False,False,False,181-270,35+,3+
972c456ff38b2015,Claudio Ribeiro,3,31.030800821355236,2,2023-07-29,UFC 291: Poirier vs. Gaethje 2,5116f9398bfca446,middleweight,9d83f6da776ff7d6,Roman Kopylov,KO/TKO,2,333,217.0,2024-03-02,UFC Fight Night: Rozenstruik vs. Gaziev,3ea7d69a1238f26a,middleweight,a93f94c923c3a9cb,Christian Leroy Duncan,KO/TKO,2.0,417.0,False,True,True,True,181-270,30-34,2
029eaff01e6bb8f0,Dustin Poirier,29,34.521560574948666,3,2023-07-29,UFC 291: Poirier vs. Gaethje 2,c27e33ee8ef53866,lightweight,9e8f6c728eb01124,Justin Gaethje,KO/TKO,2,360,224.0,2024-03-09,UFC 299: O'Malley vs. Vera 2,6e73ebbd089aff5e,lightweight,c2299ec916bc7c56,Benoit Saint Denis,KO/TKO,2.0,452.0,True,False,True,False,181-270,30-34,3+
ab943cd2c3c17825,Marcos Rogerio de Lima,17,38.091718001368925,1,2023-07-29,UFC 291: Poirier vs. Gaethje 2,eff6ec2b2f1fb27b,heavyweight,d3df1add9d9a7efb,Derrick Lewis,KO/TKO,1,33,203.0,2024-02-17,UFC 298: Volkanovski vs. Topuria,1456a3f96ac7e35b,heavyweight,c15fa95b9a12fde4,Junior Tafa,KO/TKO,2.0,374.0,True,False,True,False,181-270,35+,1
4aa58269d0664b5b,Matthew Semelsberger,9,30.677618069815196,1,2023-07-29,UFC 291: Poirier vs. Gaethje 2,3de326b65aa6245d,welterweight,681399317dbf4701,Uros Medic,KO/TKO,3,756,168.0,2024-01-13,UFC Fight Night: Ankalaev vs. Walker 2,5f622d812b8f407f,welterweight,9fe7af8b3fbe00a0,Preston Parsons,Decision - Unanimous,3.0,900.0,False,True,False,False,121-180,30-34,1
8667caa0451d245b,Kennedy Nzechukwu,10,31.143052703627653,2,2023-08-05,UFC Fight Night: Sandhagen vs. Font,2c54be25b09fce50,light heavyweight,e4277e87a789d687,Dustin Jacoby,KO/TKO,1,82,224.0,2024-03-16,UFC Fight Night: Tuivasa vs. Tybura,35f9beb94b4ef9e2,light heavyweight,50db8711c70196cd,Ovince Saint Preux,Decision - Split,3.0,900.0,False,True,False,False,181-270,30-34,2
5d495dec23d7c68e,Francis Marshall,3,24.4435318275154,1,2023-08-12,UFC Fight Night: Luque vs. Dos Anjos,9479ba3cdcb1e513,featherweight,a57cb948c4c70a47,Isaac Dulgarian,KO/TKO,1,288,378.0,2024-08-24,UFC Fight Night: Cannonier vs. Borralho,560f1e26c2a6690a,lightweight,c4d039123e62f6a9,Dennis Buzukja,Decision - Split,3.0,900.0,True,False,False,False,366-540,<30,1
aa0c573da7119292,Juliana Miller,3,27.263518138261464,1,2023-08-12,UFC Fight Night: Luque vs. Dos Anjos,e3573545220ca4ea,women's flyweight,5078e1dacf9d25f4,Luana Santos,KO/TKO,1,221,630.0,2025-05-03,UFC Fight Night: Sandhagen vs. Figueiredo,469f887278324e63,women's flyweight,38c5817ade8a8014,Ivana Petrovic,Decision - Unanimous,3.0,900.0,True,False,False,False,541+,<30,1
d80ee110748171ac,Mike Breeden,3,34.30800821355236,2,2023-08-12,UFC Fight Night: Luque vs. Dos Anjos,9576d9cba5cf5c4e,lightweight,809bd1a871491508,Terrance McKinney,KO/TKO,1,85,70.0,2023-10-21,UFC 294: Makhachev vs. Volkanovski 2,75c5f923f966b53b,lightweight,a72a2a769fa5a2be,Anshul Jubli,KO/TKO,3.0,780.0,True,False,True,False,0-120,30-34,2
1235b31de15d0c6e,Montserrat Conejo Ruiz,3,30.518822724161534,2,2023-08-12,UFC Fight Night: Luque vs. Dos Anjos,ca2aa660bea0cb60,women's strawweight,bc7d1ad49fcb2d08,Jaqueline Amorim,KO/TKO,3,821,84.0,2023-11-04,UFC Fight Night: Almeida vs. Lewis,9e2bb8d5961b44d4,women's strawweight,de594b35c45c2e9a,Eduarda Moura,KO/TKO,2.0,434.0,False,True,True,True,0-120,30-34,2
cb696ebfb6598724,Aljamain Sterling,19,34.050650239561946,2,2023-08-19,UFC 292: Sterling vs. O'Malley,ee796ecb4ee8680b,bantamweight,b50a426a33da0012,Sean O'Malley,KO/TKO,2,351,238.0,2024-04-13,UFC 300: Pereira vs. Hill,d95f21817a56eb05,featherweight,751de04455cfaac0,Calvin Kattar,Decision - Unanimous,3.0,900.0,True,False,False,False,181-270,30-34,2
0112352cb32f5026,Denis Tiuliulin,4,35.25530458590007,1,2023-08-19,UFC 292: Sterling vs. O'Malley,f995ed679ef8bdf4,middleweight,d1c65d2cf2925ddd,Gregory Rodrigues,KO/TKO,1,103,91.0,2023-11-18,UFC Fight Night: Allen vs. Craig,16109688429c09de,middleweight,a93f94c923c3a9cb,Christian Leroy Duncan,KO/TKO,2.0,564.0,False,True,True,True,0-120,35+,1
c68c68efaa5ca6ef,Chidi Njokuani,5,34.65023956194388,2,2023-08-26,UFC Fight Night: Holloway vs. The Korean Zombie,293c5f4c9aca5c54,middleweight,0d65c432720accb9,Michal Oleksiejczuk,KO/TKO,1,256,217.0,2024-03-30,UFC Fight Night: Blanchfield vs. Fiorot,eb9f9f61507497a5,welterweight,f748267c4ab6c127,Rhys McKee,Decision - Split,3.0,900.0,True,False,False,False,181-270,30-34,2
ec0dcceace7d25a3,Liang Na,3,27.080082135523615,3,2023-08-26,UFC Fight Night: Holloway vs. The Korean Zombie,23865dfc8361ac62,women's flyweight,6fd953151d981979,JJ Aldrich,KO/TKO,2,589,245.0,2024-04-27,UFC Fight Night: Nicolau vs. Perez,1631f70535ae5dcc,women's flyweight,38c5817ade8a8014,Ivana Petrovic,Submission,3.0,689.0,False,True,False,False,181-270,<30,3+
0c25d0a5e8cdbf19,Lukasz Brzeski,3,31.274469541409992,1,2023-08-26,UFC Fight Night: Holloway vs. The Korean Zombie,bfc9989751bd0d04,heavyweight,fc08099550072fe4,Waldo Cortes-Acosta,KO/TKO,1,181,224.0,2024-04-06,UFC Fight Night: Allen vs. Curtis 2,ff5a8078ea85bbc7,heavyweight,f5779a2303ed76ec,Valter Walker,Decision - Unanimous,3.0,900.0,True,False,False,False,181-270,30-34,1
148bb103cfbf123e,Toshiomi Kazama,2,26.28062970568104,2,2023-08-26,UFC Fight Night: Holloway vs. The Korean Zombie,48231fbd1af53674,bantamweight,1effd880e1f1bb30,Garrett Armfield,KO/TKO,1,256,350.0,2024-08-10,UFC Fight Night: Tybura vs. Spivac 2,1332c1037c955d82,bantamweight,68b8ebdfce9dbb61,Charalampos Grigoriou,Submission,2.0,415.0,True,False,False,False,271-365,<30,2
fd7ab338e4953644,Manolo Zecchini,1,26.861054072553046,1,2023-09-02,UFC Fight Night: Gane vs. Spivac,0d41a3fa5efef91b,featherweight,5b03b61f9d90125e,Morgan Charriere,KO/TKO,1,231,945.0,2026-04-04,UFC Fight Night: Moicano vs. Duncan,c27bec45d5a29a2c,featherweight,6b0a6def604de298,Tommy McMillen,KO/TKO,1.0,237.0,False,True,True,True,541+,<30,1
e2f6b2769aaedd6c,Serghei Spivac,11,28.605065023956193,3,2023-09-02,UFC Fight Night: Gane vs. Spivac,ea006bae605e2a6b,heavyweight,787bb1f087ccff8a,Ciryl Gane,KO/TKO,2,524,343.0,2024-08-10,UFC Fight Night: Tybura vs. Spivac 2,84973bbdffaf0d0e,heavyweight,c9cf753cfdf77fc2,Marcin Tybura,Submission,1.0,104.0,True,False,False,False,271-365,<30,3+
d945aae53e3e54e6,Thiago Moises,11,28.44626967830253,2,2023-09-02,UFC Fight Night: Gane vs. Spivac,dfa8fd0b82b37fa1,lightweight,c2299ec916bc7c56,Benoit Saint Denis,KO/TKO,2,584,196.0,2024-03-16,UFC Fight Night: Tuivasa vs. Tybura,537b3cef39d2d573,lightweight,e99eb0ef25885de5,Mitch Ramirez,KO/TKO,3.0,615.0,True,False,True,False,181-270,<30,2
eb70e786bbdf1d16,Yanis Ghemmouri,1,28.605065023956193,1,2023-09-02,UFC Fight Night: Gane vs. Spivac,1c29c53ff032c5c1,featherweight,e1d40e8782d80bc2,William Gomis,KO/TKO,3,740,301.0,2024-06-29,UFC 303: Pereira vs. Prochazka 2,5f8a92f10e5451ce,bantamweight,6e743a33d56bdaa4,Payton Talbott,KO/TKO,1.0,19.0,False,True,True,True,271-365,<30,1
82529ce93cd9a2cf,Anton Turkalj,3,27.247091033538673,1,2023-09-09,UFC 293: Adesanya vs. Strickland,3e1c27f17433f9e4,light heavyweight,49e96ff8ab781589,Tyson Pedro,KO/TKO,1,132,203.0,2024-03-30,UFC Fight Night: Blanchfield vs. Fiorot,697e38075fd41819,light heavyweight,6e8f1bcdda94ff45,Ibo Aslan,KO/TKO,3.0,692.0,False,True,True,True,181-270,<30,1
be9bdec19b7e9ffe,Austen Lane,2,35.832991101984945,1,2023-09-09,UFC 293: Adesanya vs. Strickland,f9d2137f380e66bf,heavyweight,e13abac8089a801a,Justin Tafa,KO/TKO,1,82,231.0,2024-04-27,UFC Fight Night: Nicolau vs. Perez,dae70ccdf9e7475e,heavyweight,25f9a5f3e8a52618,Jhonata Diniz,KO/TKO,2.0,432.0,False,True,True,True,181-270,35+,1
a9da3158dd2c2b5a,Jack Jenkins,3,29.848049281314168,1,2023-09-09,UFC 293: Adesanya vs. Strickland,09a7f0979a58e6ea,featherweight,e0c6edcb5b5d0b90,Chepe Mariscal,KO/TKO,2,499,343.0,2024-08-17,UFC 305: Du Plessis vs. Adesanya,bfff6cf22c1c569c,featherweight,4f140403000158b5,Herbert Burns,KO/TKO,3.0,648.0,True,False,True,False,271-365,<30,1
dc07493a87dc0a6e,Alex Reyes,2,36.955509924709105,2,2023-09-16,UFC Fight Night: Grasso vs. Shevchenko 2,58b2fdad7af9be02,lightweight,b39f7a6c2be17ee8,Charlie Campbell,KO/TKO,1,218,336.0,2024-08-17,UFC 305: Du Plessis vs. Adesanya,ce75f5ecbc0d3dfd,lightweight,6c3b2525436cf5d4,Tom Nolan,Decision - Unanimous,3.0,900.0,False,True,False,False,271-365,35+,2
ca43de99b07b6b40,Josh Fremd,5,29.66735112936345,1,2023-09-16,UFC Fight Night: Grasso vs. Shevchenko 2,7a0813ec0fadc84e,middleweight,9d83f6da776ff7d6,Roman Kopylov,KO/TKO,2,584,301.0,2024-07-13,UFC Fight Night: Namajunas vs. Cortez,d8e8d41282fc90dc,middleweight,5f61780fe5e9b6d0,Andre Petroski,Decision - Unanimous,3.0,900.0,False,True,False,False,271-365,<30,1
eb04b9d31e938edb,Michelle Waterson-Gomez,14,37.711156741957566,1,2023-09-23,UFC Fight Night: Fiziev vs. Gamrot,d8335b728604b222,women's strawweight,cd2c4d30c6e13b47,Marina Rodriguez,KO/TKO,2,462,280.0,2024-06-29,UFC 303: Pereira vs. Prochazka 2,2517029ff9c1a1a2,women's strawweight,38c7f72747f4f712,Gillian Robertson,Decision - Unanimous,3.0,900.0,False,True,False,False,271-365,35+,1
c814b4c899793af6,Rafael Fiziev,9,30.55167693360712,2,2023-09-23,UFC Fight Night: Fiziev vs. Gamrot,23a604f460289271,lightweight,72db2a14ffa73ece,Mateusz Gamrot,KO/TKO,2,423,532.0,2025-03-08,UFC 313: Pereira vs. Ankalaev,a2f31cf3a28a7730,lightweight,9e8f6c728eb01124,Justin Gaethje,Decision - Unanimous,3.0,900.0,False,True,False,False,366-540,30-34,2
99bd51917728c25d,Grant Dawson,10,29.626283367556468,1,2023-10-07,UFC Fight Night: Dawson vs. Green,1aa4c2fa5ffaff00,lightweight,887961364be5ceb3,King Green,KO/TKO,1,33,238.0,2024-06-01,UFC 302: Makhachev vs. Poirier,cf306c4714530f31,lightweight,af65aa688d13eedf,Joe Solecki,Decision - Unanimous,3.0,900.0,True,False,False,False,181-270,<30,1
48812daf291a4e23,Mateus Mendonca,2,24.720054757015742,1,2023-10-07,UFC Fight Night: Dawson vs. Green,eb7b0a6f06dbdb4f,flyweight,6e9f40c706f91f32,Nate Maness,KO/TKO,1,280,140.0,2024-02-24,UFC Fight Night: Moreno vs. Royval 2,d1d3b6ab8a56e973,flyweight,c051c2e12d692b8a,Jesus Aguilar,Decision - Split,3.0,900.0,False,True,False,False,121-180,<30,1
814ff3018127e8fc,Ricky Glenn,10,34.48596851471595,2,2023-10-07,UFC Fight Night: Dawson vs. Green,68095e551ff6bbfd,lightweight,519e4fe37ce9ff75,Drew Dober,KO/TKO,1,156,315.0,2024-08-17,UFC 305: Du Plessis vs. Adesanya,ea824ac4b8ed8a35,welterweight,32490e80ddab1e5a,Song Kenan,Decision - Unanimous,3.0,900.0,False,True,False,False,271-365,30-34,2
0232cabbc30a2372,Adrian Yanez,7,29.872689938398356,2,2023-10-14,UFC Fight Night: Yusuff vs. Barboza,0d6d212fcdf47f2e,bantamweight,f2477cf43c4975cc,Jonathan Martinez,KO/TKO,2,446,217.0,2024-05-18,UFC Fight Night: Barboza vs. Murphy,5dcade01fc840da6,bantamweight,65cdf4ec31143d86,Vinicius Salvador,KO/TKO,1.0,167.0,True,False,True,False,181-270,<30,2
5f61780fe5e9b6d0,Andre Petroski,6,32.33949349760438,1,2023-10-14,UFC Fight Night: Yusuff vs. Barboza,6acd1c591170f597,middleweight,595db60957de51d3,Michel Pereira,KO/TKO,1,66,168.0,2024-03-30,UFC Fight Night: Blanchfield vs. Fiorot,ce33085fc5205bab,middleweight,d4270315cbcf2569,Jacob Malkoun,KO/TKO,2.0,339.0,False,True,True,True,121-180,30-34,1
d7fe8c6b7d2872e5,Brendon Marotte,1,27.753593429158112,1,2023-10-14,UFC Fight Night: Yusuff vs. Barboza,7f7d2abc21f171ca,lightweight,809bd1a871491508,Terrance McKinney,KO/TKO,1,20,329.0,2024-09-07,UFC Fight Night: Burns vs. Brady,abfd5ac6cf186d8a,featherweight,a57cb948c4c70a47,Isaac Dulgarian,Submission,2.0,559.0,False,True,False,False,271-365,<30,1
e1248941344b3288,Alexander Volkanovski,15,35.058179329226554,1,2023-10-21,UFC 294: Makhachev vs. Volkanovski 2,0ea435ddf02deb60,lightweight,275aca31f61ba28c,Islam Makhachev,KO/TKO,1,186,119.0,2024-02-17,UFC 298: Volkanovski vs. Topuria,bec3154a11df3299,featherweight,54f64b5e283b0ce7,Ilia Topuria,KO/TKO,2.0,512.0,False,True,True,True,0-120,35+,1
a72a2a769fa5a2be,Anshul Jubli,2,28.76933607118412,1,2023-10-21,UFC 294: Makhachev vs. Volkanovski 2,75c5f923f966b53b,lightweight,d80ee110748171ac,Mike Breeden,KO/TKO,3,780,476.0,2025-02-08,UFC 312: Du Plessis vs. Strickland 2,4218d1d1ce6d322c,lightweight,17734443a833cdf7,Quillan Salkilld,KO/TKO,1.0,19.0,False,True,True,True,366-540,<30,1
d317a5e2b3f88c5f,Warlley Alves,15,32.79397672826831,3,2023-10-21,UFC 294: Makhachev vs. Volkanovski 2,7024385b5107bd4b,middleweight,b07aed698fba8624,Ikram Aliskerov,KO/TKO,1,127,210.0,2024-05-18,UFC Fight Night: Barboza vs. Murphy,fc2bdd67c1a056a4,middleweight,36b8f265bcd1b7a4,Abus Magomedov,Decision - Unanimous,3.0,900.0,False,True,False,False,181-270,30-34,3+
01641ba5df0c69b0,Gabriel Bonfim,3,26.206707734428473,1,2023-11-04,UFC Fight Night: Almeida vs. Lewis,3a81276a9641c6a1,welterweight,9d19d9e4aa2662e8,Nicolas Dalby,KO/TKO,2,573,252.0,2024-07-13,UFC Fight Night: Namajunas vs. Cortez,dad759ec50508147,welterweight,1497e735d9f2560a,Ange Loosa,Decision - Unanimous,3.0,900.0,True,False,False,False,181-270,<30,1
ca36633b80be4a78,Kaynan Kruschewsky,1,32.58590006844627,1,2023-11-04,UFC Fight Night: Almeida vs. Lewis,ff8f92cf8fb1b76c,catch weight,48a9a128784d53d1,Elves Brener,KO/TKO,1,241,259.0,2024-07-20,UFC Fight Night: Lemos vs. Jandiroba,9eaa33f874bbb999,lightweight,a7151778b3381036,Kurt Holobaugh,Decision - Unanimous,3.0,900.0,False,True,False,False,181-270,30-34,1
476fe566d2df676e,Modestas Bukauskas,7,29.730321697467488,3,2023-11-04,UFC Fight Night: Almeida vs. Lewis,6532b71560ae39e0,light heavyweight,71171fc96445bf65,Vitor Petrino,KO/TKO,2,363,266.0,2024-07-27,UFC 304: Edwards vs. Muhammad 2,026bb9fd1b3f239d,light heavyweight,6370c1c1e12723d5,Marcin Prachnio,Submission,3.0,792.0,True,False,False,False,181-270,<30,3+
c4d039123e62f6a9,Dennis Buzukja,2,26.11088295687885,1,2023-11-11,UFC 295: Prochazka vs. Pereira,1cf69de0eea46877,featherweight,e00a3dee329a51f7,Jamall Emmers,KO/TKO,1,49,140.0,2024-03-30,UFC Fight Night: Blanchfield vs. Fiorot,f59cefe16905d62c,featherweight,36e78278a77006d4,Connor Matthews,KO/TKO,3.0,622.0,True,False,True,False,121-180,<30,1
009341ed974bad72,Jiri Prochazka,4,31.07460643394935,1,2023-11-11,UFC 295: Prochazka vs. Pereira,b1f2ec122beda7a5,light heavyweight,e5549c82bfb5582d,Alex Pereira,KO/TKO,2,548,154.0,2024-04-13,UFC 300: Pereira vs. Hill,eda1e8c285a0a788,light heavyweight,333b9e5c723ac873,Aleksandar Rakic,KO/TKO,2.0,497.0,True,False,True,False,121-180,30-34,1
7447e9f28508106a,Mackenzie Dern,12,30.633812457221083,1,2023-11-11,UFC 295: Prochazka vs. Pereira,6fd67582d8adb1c7,women's strawweight,6a1901c62ab3870f,Jessica Andrade,KO/TKO,2,495,98.0,2024-02-17,UFC 298: Volkanovski vs. Topuria,2aeb3ec2d8c05dc8,women's strawweight,3df5493bb279226f,Amanda Lemos,Decision - Unanimous,3.0,900.0,False,True,False,False,0-120,30-34,1
dccb63727f2f5f74,Matt Frevola,10,33.41820670773443,3,2023-11-11,UFC 295: Prochazka vs. Pereira,9fe98de1eac21f2e,lightweight,c2299ec916bc7c56,Benoit Saint Denis,KO/TKO,1,91,322.0,2024-09-28,UFC Fight Night: Moicano vs. Saint Denis,d806aacf5b6ba7f6,lightweight,1e4f273069fb9e85,Fares Ziam,KO/TKO,3.0,779.0,False,True,True,True,271-365,30-34,3+
b8bbdeff718dbb7d,Pat Sabatini,7,33.00479123887748,2,2023-11-11,UFC 295: Prochazka vs. Pereira,128ab9aa4802c73f,featherweight,f166e93d04a8c274,Diego Lopes,KO/TKO,1,90,336.0,2024-10-12,UFC Fight Night: Royval vs. Taira,69a5895fde58432c,featherweight,87c0b1c696ddfb43,Jonathan Pearce,Submission,1.0,246.0,True,False,False,False,271-365,30-34,2
f14cf73e51b29254,Sergei Pavlovich,8,31.496235455167692,2,2023-11-11,UFC 295: Prochazka vs. Pereira,db49619221b282af,interim heavyweight,399afbabc02376b5,Tom Aspinall,KO/TKO,1,69,224.0,2024-06-22,UFC Fight Night: Whittaker vs. Aliskerov,cd3bb8a2824fbf22,heavyweight,279566840aa55bf2,Alexander Volkov,Decision - Unanimous,3.0,900.0,False,True,False,False,181-270,30-34,2
0112352cb32f5026,Denis Tiuliulin,5,35.50444900752909,2,2023-11-18,UFC Fight Night: Allen vs. Craig,16109688429c09de,middleweight,a93f94c923c3a9cb,Christian Leroy Duncan,KO/TKO,2,564,259.0,2024-08-03,UFC Fight Night: Sandhagen vs. Nurmagomedov,e6851877e33d343f,middleweight,4e6738062d469256,Sedriques Dumas,Decision - Unanimous,3.0,900.0,False,True,False,False,181-270,35+,2
a3a542074109b347,Luana Pinheiro,4,30.99794661190965,1,2023-11-18,UFC Fight Night: Allen vs. Craig,bd4d2522cb0d1a23,women's strawweight,beecb672a279223e,Amanda Ribas,KO/TKO,3,833,182.0,2024-05-18,UFC Fight Night: Barboza vs. Murphy,2a43df4cc047a28b,women's strawweight,f0feeb2192937424,Angela Hill,Submission,2.0,552.0,False,True,False,False,181-270,30-34,1
11583163f45c7b31,Lucas Alexander,3,28.309377138945926,1,2023-11-18,UFC Fight Night: Allen vs. Craig,f0fe73e650b746f2,featherweight,57186c150c645200,Jeka Saragih,KO/TKO,1,91,441.0,2025-02-01,UFC Fight Night: Adesanya vs. Imavov,750257171ad29a2c,featherweight,fb37795db81f93f3,Bogdan Grad,KO/TKO,2.0,562.0,False,True,True,True,366-540,<30,1
08af939f41b5a57b,Beneil Dariush,23,34.573579739904176,5,2023-12-02,UFC Fight Night: Dariush vs. Tsarukyan,9feb9500b0fedfcd,lightweight,eae48ff31db420c2,Arman Tsarukyan,KO/TKO,1,64,574.0,2025-06-28,UFC 317: Topuria vs. Oliveira,1ea9ad3b6e1cba79,lightweight,b6452706b373eea1,Renato Moicano,Decision - Unanimous,3.0,900.0,True,False,False,False,541+,30-34,3+
260bd4cef10b033f,Ihor Potieria,4,27.509924709103355,3,2023-12-02,UFC Fight Night: Dariush vs. Tsarukyan,0dc2fc8d39e226a3,light heavyweight,69898645d600abdb,Rodolfo Bellato,KO/TKO,2,557,70.0,2024-02-10,UFC Fight Night: Hermansson vs. Pyfer,17050a7b673dc49d,middleweight,f96856f9d69fd7e4,Robert Bryczek,Decision - Unanimous,3.0,900.0,True,False,False,False,0-120,<30,3+
af65aa688d13eedf,Joe Solecki,7,30.26420260095825,1,2023-12-02,UFC Fight Night: Dariush vs. Tsarukyan,d0602cdc04d2c159,lightweight,7cbf7c78d3b34218,Drakkar Klose,KO/TKO,1,101,182.0,2024-06-01,UFC 302: Makhachev vs. Poirier,cf306c4714530f31,lightweight,99bd51917728c25d,Grant Dawson,Decision - Unanimous,3.0,900.0,False,True,False,False,181-270,30-34,1
887961364be5ceb3,King Green,24,37.229295003422315,4,2023-12-02,UFC Fight Night: Dariush vs. Tsarukyan,03eecf1926d9c77c,lightweight,4d8fa64202cee4c1,Jalin Turner,KO/TKO,1,169,133.0,2024-04-13,UFC 300: Pereira vs. Hill,efdad54c8550e6e0,lightweight,d1941565abf50b16,Jim Miller,Decision - Unanimous,3.0,900.0,True,False,False,False,121-180,35+,3+
23dec7c47cb418f8,Zachary Reese,1,29.691991786447637,1,2023-12-02,UFC Fight Night: Dariush vs. Tsarukyan,0320a6a967069571,middleweight,f14f644d41ade29f,Cody Brundage,KO/TKO,1,109,189.0,2024-06-08,UFC Fight Night: Cannonier vs. Imavov,3b12094dd48c2dc5,middleweight,d0e1b42d41dab603,Julian Marquez,KO/TKO,1.0,20.0,True,False,True,False,181-270,<30,1
d4c9dcd330403612,Anthony Smith,21,35.370294318959616,4,2023-12-09,UFC Fight Night: Song vs. Gutierrez,91093a019d32af2e,light heavyweight,749f572d1d3161fb,Khalil Rountree Jr.,KO/TKO,3,656,147.0,2024-05-04,UFC 301: Pantoja vs. Erceg,a8718a3419a11e15,light heavyweight,71171fc96445bf65,Vitor Petrino,Submission,1.0,120.0,True,False,False,False,121-180,35+,3+
798e48f9e7f6ba22,Carlos Hernandez,4,30.12183436002738,1,2023-12-09,UFC Fight Night: Song vs. Gutierrez,84f6de7c99779e5f,flyweight,4461d7e47375a895,Tatsuro Taira,KO/TKO,2,355,203.0,2024-06-29,UFC 303: Pereira vs. Prochazka 2,7856621db043423d,flyweight,2f43a3e82661fa99,Rei Tsuruya,Decision - Unanimous,3.0,900.0,False,True,False,False,181-270,30-34,1
af9f42e6894047fc,Jamie Mullarkey,10,29.311430527036276,3,2023-12-09,UFC Fight Night: Song vs. Gutierrez,acc57a9c114b694a,lightweight,b7b84ccd221be298,Nasrat Haqparast,KO/TKO,1,104,147.0,2024-05-04,UFC 301: Pantoja vs. Erceg,b9de363e6b406853,lightweight,9c393e836a852f30,Mauricio Ruffy,KO/TKO,1.0,282.0,False,True,True,True,121-180,<30,3+
20bccc9bb4ceb23e,Melquizael Costa,3,27.23340177960301,1,2023-12-09,UFC Fight Night: Song vs. Gutierrez,5ac1725f775c6f00,lightweight,97cf1a2c7c5e7889,Steve Garcia,KO/TKO,2,361,189.0,2024-06-15,UFC Fight Night: Perez vs. Taira,94f5b35b2b6c72b1,featherweight,0a73acff6325c1e2,Shayilan Nuerdanbieke,Submission,3.0,710.0,True,False,False,False,181-270,<30,1
7be14eaed4c74856,Brian Kelleher,16,37.32511978097194,2,2023-12-16,UFC 296: Edwards vs. Covington,f8a8871d167fc929,bantamweight,d8c7c61b176e3994,Cody Garbrandt,KO/TKO,1,222,217.0,2024-07-20,UFC Fight Night: Lemos vs. Jandiroba,40c18c6d64463809,bantamweight,700a674c042b7a96,Cody Gibson,Submission,1.0,238.0,False,True,False,False,181-270,35+,2
d9c6f19f958643e9,Bryce Mitchell,9,29.19917864476386,1,2023-12-16,UFC 296: Edwards vs. Covington,3b21a9f48bac4a44,featherweight,fba03cd6cc28dc41,Josh Emmett,KO/TKO,1,117,357.0,2024-12-07,UFC 310: Pantoja vs. Asakura,0292b9c31c0089ac,featherweight,242d36d241b43c12,Kron Gracie,KO/TKO,3.0,639.0,True,False,True,False,271-365,<30,1
710f0f8c5d5c9d41,Lucas Almeida,3,32.87337440109514,1,2023-12-16,UFC 296: Edwards vs. Covington,abb6e2169ba580d2,featherweight,8fd808923cffff82,Andre Fili,KO/TKO,1,212,182.0,2024-06-15,UFC Fight Night: Perez vs. Taira,78a7bf038e56881d,featherweight,0e46690e55a8df75,Timmy Cuamba,Decision - Unanimous,3.0,900.0,True,False,False,False,181-270,30-34,1
8eb046f83e82bf26,Martin Buday,5,32.09582477754962,1,2023-12-16,UFC 296: Edwards vs. Covington,fce6522f42b48f18,heavyweight,6747ccd6d1acd266,Shamil Gaziev,KO/TKO,2,356,196.0,2024-06-29,UFC 303: Pereira vs. Prochazka 2,3bbc222130d9dac7,heavyweight,3738e68d2261e60f,Andrei Arlovski,Decision - Split,3.0,900.0,True,False,False,False,181-270,30-34,1
53c10176e3bc7416,Felipe Bunes,1,34.20670773442848,1,2024-01-13,UFC Fight Night: Ankalaev vs. Walker 2,fd29123ff92789e4,flyweight,17e97649403ba428,Joshua Van,KO/TKO,2,571,364.0,2025-01-11,UFC Fight Night: Dern vs. Ribas 2,8a3281b0d7c168af,flyweight,84f727cf0166d6f2,Jose Johnson,Submission,1.0,124.0,True,False,False,False,271-365,30-34,1
96924b0019b3aff1,Gaston Bolanos,2,31.329226557152634,1,2024-01-13,UFC Fight Night: Ankalaev vs. Walker 2,03de7404decde12f,bantamweight,c0ac37a4a1133da9,Marcus McGhee,KO/TKO,2,509,301.0,2024-11-09,UFC Fight Night: Magny vs. Prates,e6685759ed2af90d,bantamweight,8173f134396cb971,Cortavious Romious,Decision - Unanimous,3.0,900.0,True,False,False,False,271-365,30-34,1
c21f26bbde777573,Johnny Walker,13,31.789185489390828,3,2024-01-13,UFC Fight Night: Ankalaev vs. Walker 2,f2b407019b2a5c15,light heavyweight,d802174b0c0c1f4e,Magomed Ankalaev,KO/TKO,2,462,161.0,2024-06-22,UFC Fight Night: Whittaker vs. Aliskerov,9d5f562e0572058c,light heavyweight,0845c81e37d3bcb3,Volkan Oezdemir,KO/TKO,1.0,148.0,False,True,True,True,121-180,30-34,3+
6c3b2525436cf5d4,Tom Nolan,1,23.849418206707735,1,2024-01-13,UFC Fight Night: Ankalaev vs. Walker 2,5344e76e26503716,lightweight,37f560436d745c18,Nikolas Motta,KO/TKO,1,63,126.0,2024-05-18,UFC Fight Night: Barboza vs. Murphy,b5df5a0a0bda9256,lightweight,3e708ce33b6b18e6,Victor Martinez,KO/TKO,1.0,230.0,True,False,True,False,121-180,<30,1
7b3503352cd53abb,Westin Wilson,2,34.9678302532512,2,2024-01-13,UFC Fight Night: Ankalaev vs. Walker 2,0494ebcee93e717b,featherweight,52ef95b5860fb28c,Jean Silva,KO/TKO,1,252,154.0,2024-06-15,UFC Fight Night: Perez vs. Taira,e47523ac32bfa24c,featherweight,57186c150c645200,Jeka Saragih,Submission,1.0,109.0,True,False,False,False,121-180,30-34,2
dd6103dd7127db1d,Mike Malott,4,32.20260095824778,1,2024-01-20,UFC 297: Strickland vs. Du Plessis,97817609ed46baa0,welterweight,84b3e7d38f2d2ec5,Neil Magny,KO/TKO,3,885,287.0,2024-11-02,UFC Fight Night: Moreno vs. Albazi,d29a82322bb083d9,welterweight,b27a1fcb56a3035a,Trevin Giles,Decision - Unanimous,3.0,900.0,True,False,False,False,271-365,30-34,1
9673a497a9da119a,Polyana Viana,10,31.600273785078713,1,2024-01-20,UFC 297: Strickland vs. Du Plessis,dff2685afd98ed9e,women's strawweight,38c7f72747f4f712,Gillian Robertson,KO/TKO,2,492,462.0,2025-04-26,UFC Fight Night: Machado Garry vs. Prates,e7b3ca036835b7c2,women's strawweight,bc7d1ad49fcb2d08,Jaqueline Amorim,Submission,2.0,409.0,False,True,False,False,366-540,30-34,1
b12fb759e02378de,Gilbert Urbina,3,27.83025325119781,1,2024-02-03,UFC Fight Night: Dolidze vs. Imavov,330d86bfaa4155fe,welterweight,feedf3053472fe56,Charles Radtke,KO/TKO,1,287,553.0,2025-08-09,UFC Fight Night: Dolidze vs. Hernandez,7d923267c44dd93b,welterweight,681399317dbf4701,Uros Medic,KO/TKO,1.0,63.0,False,True,True,True,541+,<30,1
a78a87d8c2bbb1cb,Julija Stoliarenko,8,30.822724161533195,2,2024-02-03,UFC Fight Night: Dolidze vs. Imavov,c28d40498150de90,women's flyweight,528b071cf3da7c56,Luana Carolina,KO/TKO,3,892,553.0,2025-08-09,UFC Fight Night: Dolidze vs. Hernandez,6ef50ed03b116b60,women's flyweight,a6eb54ae17a551be,Gabriella Fernandes,Decision - Unanimous,3.0,900.0,False,True,False,False,541+,30-34,2
447f9858ae78f921,Muslim Salikhov,10,39.65229295003422,2,2024-02-03,UFC Fight Night: Dolidze vs. Imavov,af6d56860ba4d259,welterweight,c6aee362c7a7d482,Randy Brown,KO/TKO,1,197,161.0,2024-07-13,UFC Fight Night: Namajunas vs. Cortez,dff8e4ef87d69516,welterweight,6d1bffff14897645,Santiago Ponzinibbio,Decision - Split,3.0,900.0,True,False,False,False,121-180,35+,2
8fd808923cffff82,Andre Fili,22,33.6290212183436,3,2024-02-10,UFC Fight Night: Hermansson vs. Pyfer,25259e230be9cdc9,featherweight,82a5152216251682,Dan Ige,KO/TKO,1,163,140.0,2024-06-29,UFC 303: Pereira vs. Prochazka 2,08489fdfb56ee19c,featherweight,d247691a6c0e9034,Cub Swanson,Decision - Split,3.0,900.0,True,False,False,False,121-180,30-34,3+
0c6d9ea8306c029e,Brad Tavares,24,36.139630390143736,5,2024-02-10,UFC Fight Night: Hermansson vs. Pyfer,e7938bac3ec8b442,middleweight,d1c65d2cf2925ddd,Gregory Rodrigues,KO/TKO,3,655,245.0,2024-10-12,UFC Fight Night: Royval vs. Taira,6fa2dae90bda4742,middleweight,285ae0b4a68221f4,JunYong Park,Decision - Split,3.0,900.0,False,True,False,False,181-270,35+,3+
b27a1fcb56a3035a,Trevin Giles,13,31.512662559890487,3,2024-02-10,UFC Fight Night: Hermansson vs. Pyfer,246fef4b19c3a7ed,welterweight,7ee0fd831c0fe7c3,Carlos Prates,KO/TKO,2,543,266.0,2024-11-02,UFC Fight Night: Moreno vs. Albazi,d29a82322bb083d9,welterweight,dd6103dd7127db1d,Mike Malott,Decision - Unanimous,3.0,900.0,False,True,False,False,181-270,30-34,3+
e1248941344b3288,Alexander Volkanovski,16,35.383983572895275,2,2024-02-17,UFC 298: Volkanovski vs. Topuria,bec3154a11df3299,featherweight,54f64b5e283b0ce7,Ilia Topuria,KO/TKO,2,512,420.0,2025-04-12,UFC 314: Volkanovski vs. Lopes,e733f148060bef2a,featherweight,f166e93d04a8c274,Diego Lopes,Decision - Unanimous,5.0,1500.0,True,False,False,False,366-540,35+,2
49edd0d90f60fb7d,Brendson Ribeiro,1,27.44147843942505,1,2024-02-17,UFC 298: Volkanovski vs. Topuria,aeb3e4d9710207a4,light heavyweight,8a65fd9ba31fd3f7,Zhang Mingyang,KO/TKO,1,101,126.0,2024-06-22,UFC Fight Night: Whittaker vs. Aliskerov,0ac2da3dbaf2fce2,light heavyweight,6e344b71421103da,Magomed Gadzhiyasulov,Decision - Majority,3.0,900.0,False,True,False,False,121-180,<30,1
876f478f796495f7,Josh Quinlan,3,31.028062970568104,1,2024-02-17,UFC 298: Volkanovski vs. Topuria,ef13ed466e0b42d8,welterweight,b7c5eb7cdbac6a63,Danny Barlow,KO/TKO,3,678,119.0,2024-06-15,UFC Fight Night: Perez vs. Taira,ab7bc93bdf4132c4,welterweight,a01a62132460a98d,Adam Fugitt,Decision - Split,3.0,900.0,False,True,False,False,0-120,30-34,1
c15fa95b9a12fde4,Junior Tafa,3,27.405886379192335,1,2024-02-17,UFC 298: Volkanovski vs. Topuria,1456a3f96ac7e35b,heavyweight,ab943cd2c3c17825,Marcos Rogerio de Lima,KO/TKO,2,374,182.0,2024-08-17,UFC 305: Du Plessis vs. Adesanya,ea4ff1d77928b029,heavyweight,f5779a2303ed76ec,Valter Walker,Submission,1.0,296.0,False,True,False,False,181-270,<30,1
21b813b919776d90,Erik Silva,2,36.94455852156057,1,2024-02-24,UFC Fight Night: Moreno vs. Royval 2,50dae6b76c9c6490,featherweight,8d11d9c13e2ccdf7,Muhammad Naimov,KO/TKO,1,44,735.0,2026-02-28,UFC Fight Night: Moreno vs. Kavanagh,581292ffe5b09344,featherweight,5d495dec23d7c68e,Francis Marshall,Submission,1.0,149.0,False,True,False,False,541+,35+,1
d1053e55f00e53fe,AJ Cunningham,1,29.4839151266256,1,2024-03-02,UFC Fight Night: Rozenstruik vs. Gaziev,4e566db7d26df001,lightweight,5b86d491d63890c5,Ludovit Klein,KO/TKO,1,276,378.0,2025-03-15,UFC Fight Night: Vettori vs. Dolidze 2,29d9c5a3f2b78903,bantamweight,a474aade8eb3a8f0,SuYoung You,Decision - Unanimous,3.0,900.0,False,True,False,False,366-540,<30,1
597499ac7a5aac62,Abdul-Kareem Al-Selwady,1,28.895277207392198,1,2024-03-02,UFC Fight Night: Rozenstruik vs. Gaziev,ba8f219260e212f8,lightweight,8c169fbe1ac33637,Loik Radzhabov,KO/TKO,3,649,749.0,2026-03-21,UFC Fight Night: Evloev vs. Murphy,bbe0f3653de9f6a8,lightweight,52b6bf4528130e86,Shem Rock,Decision - Unanimous,3.0,900.0,True,False,False,False,541+,<30,1
b6c37948cb226e8c,Benardo Sopaj,1,23.433264887063654,1,2024-03-02,UFC Fight Night: Rozenstruik vs. Gaziev,cde2f88251b73305,bantamweight,18d01f7f8338ae72,Vinicius Oliveira,KO/TKO,3,881,322.0,2025-01-18,UFC 311: Makhachev vs. Moicano,95ba27bea09cd84e,bantamweight,cd3d7e37ff2d679c,Ricky Turcios,Decision - Unanimous,3.0,900.0,True,False,False,False,271-365,<30,1
67c1d46f4ed16f9e,Matt Schnell,13,34.12731006160164,5,2024-03-02,UFC Fight Night: Rozenstruik vs. Gaziev,024beecfd3f0ed7a,flyweight,32ab52e5de93092d,Steve Erceg,KO/TKO,2,326,189.0,2024-09-07,UFC Fight Night: Burns vs. Brady,fe59646ebad8b6e4,bantamweight,7f6ed67d3ed3c036,Cody Durden,Submission,2.0,329.0,False,True,False,False,181-270,30-34,3+
6747ccd6d1acd266,Shamil Gaziev,2,34.05612594113621,1,2024-03-02,UFC Fight Night: Rozenstruik vs. Gaziev,838fd9d2b14e0790,heavyweight,2cd428e9606856fd,Jairzinho Rozenstruik,KO/TKO,4,1200,154.0,2024-08-03,UFC Fight Night: Sandhagen vs. Nurmagomedov,637f792270a0c746,heavyweight,1a9480fc288e55d7,Don'Tale Mayes,Decision - Unanimous,3.0,900.0,True,False,False,False,121-180,30-34,1
c2299ec916bc7c56,Benoit Saint Denis,7,28.22450376454483,1,2024-03-09,UFC 299: O'Malley vs. Vera 2,6e73ebbd089aff5e,lightweight,029eaff01e6bb8f0,Dustin Poirier,KO/TKO,2,452,203.0,2024-09-28,UFC Fight Night: Moicano vs. Saint Denis,7ca4c91bab696b89,lightweight,b6452706b373eea1,Renato Moicano,TKO - Doctor's Stoppage,2.0,600.0,False,True,False,False,181-270,<30,1
23024fdfc966410a,Gilbert Burns,22,37.637234770705,3,2024-03-09,UFC 299: O'Malley vs. Vera 2,68f7f992603192c6,welterweight,6b453bc35a823c3f,Jack Della Maddalena,KO/TKO,3,823,182.0,2024-09-07,UFC Fight Night: Burns vs. Brady,ee9ade72b44dfa06,welterweight,45f7cb591c3ab00b,Sean Brady,Decision - Unanimous,5.0,1500.0,False,True,False,False,181-270,35+,3+
41e83a89929d1327,Jailton Almeida,7,32.70362765229295,1,2024-03-09,UFC 299: O'Malley vs. Vera 2,0133019a4f1055ee,heavyweight,fa6796c55d6c5440,Curtis Blaydes,KO/TKO,2,336,84.0,2024-06-01,UFC 302: Makhachev vs. Poirier,c0af8cf5befb2dcf,heavyweight,c0badf3243907e59,Alexandr Romanov,Submission,1.0,147.0,True,False,False,False,0-120,30-34,1
e99eb0ef25885de5,Mitch Ramirez,1,31.364818617385353,1,2024-03-16,UFC Fight Night: Tuivasa vs. Tybura,537b3cef39d2d573,lightweight,d945aae53e3e54e6,Thiago Moises,KO/TKO,3,615,483.0,2025-07-12,UFC Fight Night: Lewis vs. Teixeira,7f33fbdc35afd721,lightweight,fb3e61720be4690c,Mike Davis,KO/TKO,2.0,548.0,False,True,True,True,366-540,30-34,1
3c8a5200436e19f3,Cameron Saaiman,5,23.255304585900067,1,2024-03-23,UFC Fight Night: Ribas vs. Namajunas,127be512f86618b2,bantamweight,6e743a33d56bdaa4,Payton Talbott,KO/TKO,2,321,399.0,2025-04-26,UFC Fight Night: Machado Garry vs. Prates,c2c20a04a78d9143,bantamweight,2e45d08b3f2f02c8,Malcolm Wellmaker,KO/TKO,1.0,119.0,False,True,True,True,366-540,<30,1
5f61780fe5e9b6d0,Andre Petroski,7,32.799452429842574,2,2024-03-30,UFC Fight Night: Blanchfield vs. Fiorot,ce33085fc5205bab,middleweight,d4270315cbcf2569,Jacob Malkoun,KO/TKO,2,339,105.0,2024-07-13,UFC Fight Night: Namajunas vs. Cortez,d8e8d41282fc90dc,middleweight,ca43de99b07b6b40,Josh Fremd,Decision - Unanimous,3.0,900.0,True,False,False,False,0-120,30-34,2
9abc648e76c4493a,Bill Algeo,9,34.8062970568104,1,2024-03-30,UFC Fight Night: Blanchfield vs. Fiorot,91aa08e910fb4412,featherweight,31f8081c7600da93,Kyle Nelson,KO/TKO,1,240,112.0,2024-07-20,UFC Fight Night: Lemos vs. Jandiroba,ec8bc554a0646638,featherweight,e93b04e308913c2e,Dooho Choi,KO/TKO,2.0,518.0,False,True,True,True,0-120,30-34,1
36e78278a77006d4,Connor Matthews,1,31.83025325119781,1,2024-03-30,UFC Fight Night: Blanchfield vs. Fiorot,f59cefe16905d62c,featherweight,c4d039123e62f6a9,Dennis Buzukja,KO/TKO,3,622,322.0,2025-02-15,UFC Fight Night: Cannonier vs. Rodrigues,2a493f15e079a7ff,featherweight,7d6ceff6747f2de2,Jose Delgado,KO/TKO,1.0,178.0,False,True,True,True,271-365,30-34,1
4f140403000158b5,Herbert Burns,5,36.15605749486653,3,2024-03-30,UFC Fight Night: Blanchfield vs. Fiorot,976abc27a4e5e26a,featherweight,1291edf2d566a71a,Julio Arce,KO/TKO,2,420,140.0,2024-08-17,UFC 305: Du Plessis vs. Adesanya,bfff6cf22c1c569c,featherweight,a9da3158dd2c2b5a,Jack Jenkins,KO/TKO,3.0,648.0,False,True,True,True,121-180,35+,3+
e00a3dee329a51f7,Jamall Emmers,7,34.68309377138946,1,2024-03-30,UFC Fight Night: Blanchfield vs. Fiorot,636b01ee49925e49,featherweight,583ee11abddfc581,Nate Landwehr,KO/TKO,1,283,364.0,2025-03-29,UFC Fight Night: Moreno vs. Erceg,e2e2537a345367d4,featherweight,b909a9a9688b5284,Gabriel Miranda,KO/TKO,1.0,246.0,True,False,True,False,271-365,30-34,1
4e6738062d469256,Sedriques Dumas,4,28.648870636550306,1,2024-03-30,UFC Fight Night: Blanchfield vs. Fiorot,e30250daa73005a8,middleweight,49d2a08964c5eb11,Nursulton Ruziboev,KO/TKO,1,198,126.0,2024-08-03,UFC Fight Night: Sandhagen vs. Nurmagomedov,e6851877e33d343f,middleweight,0112352cb32f5026,Denis Tiuliulin,Decision - Unanimous,3.0,900.0,True,False,False,False,121-180,<30,1
6d4b63c767106d3a,Vicente Luque,21,32.33949349760438,2,2024-03-30,UFC Fight Night: Blanchfield vs. Fiorot,de12349f334c964e,welterweight,b9437600497350f3,Joaquin Buckley,KO/TKO,2,497,252.0,2024-12-07,UFC 310: Pantoja vs. Asakura,4914f7bd073c6359,welterweight,40f3cb27fc7305a1,Themba Gorimbo,Submission,1.0,52.0,True,False,False,False,181-270,30-34,2
a817e238b2747404,Dylan Budka,1,24.227241615331966,1,2024-04-06,UFC Fight Night: Allen vs. Curtis 2,3cf5e0ebb5f8322c,middleweight,64d47ef881a437a4,Cesar Almeida,KO/TKO,2,433,154.0,2024-09-07,UFC Fight Night: Burns vs. Brady,f734b497add754af,middleweight,5f61780fe5e9b6d0,Andre Petroski,Decision - Unanimous,3.0,900.0,False,True,False,False,121-180,<30,1
bd532e9a2b93870c,Melissa Mullins,2,32.70636550308008,1,2024-04-06,UFC Fight Night: Allen vs. Curtis 2,1685eecc7ef37fb5,women's bantamweight,f2b3f4ef3f780168,Nora Cornolle,KO/TKO,2,486,217.0,2024-11-09,UFC Fight Night: Magny vs. Prates,32f2965b4f4c4ebf,women's bantamweight,9f5e3c20ce40b344,Klaudia Sygula,KO/TKO,2.0,380.0,True,False,True,False,181-270,30-34,1
333b9e5c723ac873,Aleksandar Rakic,9,32.18343600273785,2,2024-04-13,UFC 300: Pereira vs. Hill,eda1e8c285a0a788,light heavyweight,009341ed974bad72,Jiri Prochazka,KO/TKO,2,497,196.0,2024-10-26,UFC 308: Topuria vs. Holloway,b09f54654b0f95f5,light heavyweight,d802174b0c0c1f4e,Magomed Ankalaev,Decision - Unanimous,3.0,900.0,False,True,False,False,181-270,30-34,2
4d8fa64202cee4c1,Jalin Turner,12,28.906228610540726,2,2024-04-13,UFC 300: Pereira vs. Hill,18824fa5c15c212f,lightweight,b6452706b373eea1,Renato Moicano,KO/TKO,2,551,329.0,2025-03-08,UFC 313: Pereira vs. Ankalaev,a3cd6a65aaa9f104,lightweight,e4a47b07044ddd72,Ignacio Bahamondes,Submission,1.0,149.0,False,True,False,False,271-365,<30,2
5444c5a201d3ee5a,Jamahal Hill,9,32.903490759753595,2,2024-04-13,UFC 300: Pereira vs. Hill,e4931f3ab3bf4141,light heavyweight,e5549c82bfb5582d,Alex Pereira,KO/TKO,1,194,280.0,2025-01-18,UFC 311: Makhachev vs. Moicano,959fea398ffa5778,light heavyweight,009341ed974bad72,Jiri Prochazka,KO/TKO,3.0,781.0,False,True,True,True,271-365,30-34,2
9e8f6c728eb01124,Justin Gaethje,13,35.4113620807666,3,2024-04-13,UFC 300: Pereira vs. Hill,cf5e8f98159c3971,lightweight,150ff4cc642270b9,Max Holloway,KO/TKO,5,1499,329.0,2025-03-08,UFC 313: Pereira vs. Ankalaev,a2f31cf3a28a7730,lightweight,c814b4c899793af6,Rafael Fiziev,Decision - Unanimous,3.0,900.0,True,False,False,False,271-365,35+,3+
94426bb170c88115,Sodiq Yusuff,9,30.902121834360027,1,2024-04-13,UFC 300: Pereira vs. Hill,538ca98010ed00ec,featherweight,f166e93d04a8c274,Diego Lopes,KO/TKO,1,89,399.0,2025-05-17,UFC Fight Night: Burns vs. Morales,dcb27eef6441268c,lightweight,480779d7f9a424d3,Mairon Santos,Decision - Unanimous,3.0,900.0,False,True,False,False,366-540,30-34,1
be9bdec19b7e9ffe,Austen Lane,3,36.46543463381246,2,2024-04-27,UFC Fight Night: Nicolau vs. Perez,dae70ccdf9e7475e,heavyweight,25f9a5f3e8a52618,Jhonata Diniz,KO/TKO,2,432,175.0,2024-10-19,UFC Fight Night: Hernandez vs. Pereira,32b8c6c4b735d712,heavyweight,140567899d98978a,Robelis Despaigne,Decision - Unanimous,3.0,900.0,True,False,False,False,121-180,35+,2
1a31ef98efce7a79,Matheus Nicolau,10,31.304585900068446,3,2024-04-27,UFC Fight Night: Nicolau vs. Perez,a0cae57eae875820,flyweight,ab2b4ff41d6ebe0f,Alex Perez,KO/TKO,2,436,175.0,2024-10-19,UFC Fight Night: Hernandez vs. Pereira,c61923255389e67c,flyweight,8d3273573b85be09,Asu Almabayev,Decision - Unanimous,3.0,900.0,False,True,False,False,121-180,30-34,3+
a67f5afa8d6a1b80,Ryan Spann,12,32.67624914442163,2,2024-04-27,UFC Fight Night: Nicolau vs. Perez,f41e83de703acf85,light heavyweight,ef5dcb10d2bd4b0f,Bogdan Guskov,KO/TKO,2,496,161.0,2024-10-05,UFC 307: Pereira vs. Rountree Jr.,58dec0a39cdefa3f,light heavyweight,50db8711c70196cd,Ovince Saint Preux,Submission,1.0,95.0,True,False,False,False,121-180,30-34,2
4b47e71384a9522f,Tim Means,29,40.18343600273785,2,2024-04-27,UFC Fight Night: Nicolau vs. Perez,6ea77cb62aa2f276,welterweight,681399317dbf4701,Uros Medic,KO/TKO,1,129,161.0,2024-10-05,UFC 307: Pereira vs. Rountree Jr.,84b3577229880760,welterweight,523fa774700d7d3f,Court McGee,Submission,1.0,199.0,False,True,False,False,121-180,35+,2
af9f42e6894047fc,Jamie Mullarkey,11,29.713894592744694,4,2024-05-04,UFC 301: Pantoja vs. Erceg,b9de363e6b406853,lightweight,9c393e836a852f30,Mauricio Ruffy,KO/TKO,1,282,637.0,2026-01-31,UFC 325: Volkanovski vs. Lopes 2,32e9bc4d0a19a923,lightweight,17734443a833cdf7,Quillan Salkilld,Submission,1.0,182.0,False,True,False,False,541+,<30,3+
34b96d52db1d26e6,Kevin Borjas,2,26.409308692676248,1,2024-05-04,UFC 301: Pantoja vs. Erceg,fe0f1b418e6d3ecb,flyweight,3fa97913cfd205d3,Alessandro Costa,KO/TKO,2,395,329.0,2025-03-29,UFC Fight Night: Moreno vs. Erceg,5ba7dd466e30169f,flyweight,f2900678e98f6d6a,Ronaldo Rodriguez,Decision - Unanimous,3.0,900.0,True,False,False,False,271-365,<30,1
eabf206b162b3b83,Paul Craig,18,36.435318275154,5,2024-05-04,UFC 301: Pantoja vs. Erceg,2db0998b24c11ea0,middleweight,4126a78111c0855a,Caio Borralho,KO/TKO,2,430,196.0,2024-11-16,UFC 309: Jones vs. Miocic,cfd3e62c638fbd1f,middleweight,35673bf5204524ee,Bo Nickal,Decision - Unanimous,3.0,900.0,False,True,False,False,181-270,35+,3+
a495f599e787614f,Alonzo Menifield,13,36.563997262149215,2,2024-05-11,UFC Fight Night: Lewis vs. Nascimento,a049c12f43914449,light heavyweight,9014c02eff8b3d62,Carlos Ulberg,KO/TKO,1,12,84.0,2024-08-03,UFC Fight Night: Sandhagen vs. Nurmagomedov,fbbb703581440496,light heavyweight,e90a2f22417af68e,Azamat Murzakanov,KO/TKO,2.0,498.0,False,True,True,True,0-120,35+,2
849c5d9979df5357,Mateusz Rebecki,4,31.51813826146475,1,2024-05-11,UFC Fight Night: Lewis vs. Nascimento,6c67aa7063717a0c,lightweight,f53d4f21d1b5f2dc,Diego Ferreira,KO/TKO,3,891,168.0,2024-10-26,UFC 308: Topuria vs. Holloway,919e3c5cc6999cb3,catch weight,bf2c8e01b07d3eb1,Myktybek Orolbai,Decision - Split,3.0,900.0,True,False,False,False,121-180,30-34,1
d31a5546c0e9b213,Rodrigo Nascimento,7,31.45516769336071,2,2024-05-11,UFC Fight Night: Lewis vs. Nascimento,6f0f84075fa1a4b0,heavyweight,d3df1add9d9a7efb,Derrick Lewis,KO/TKO,3,649,175.0,2024-11-02,UFC Fight Night: Moreno vs. Albazi,de084f0d65421cfa,heavyweight,c0badf3243907e59,Alexandr Romanov,Decision - Unanimous,3.0,900.0,False,True,False,False,121-180,30-34,2
809bd1a871491508,Terrance McKinney,9,29.65366187542779,3,2024-05-11,UFC Fight Night: Lewis vs. Nascimento,8d9bcbb48888a5a3,lightweight,323d4ca260dfa0ba,Esteban Ribovics,KO/TKO,1,37,266.0,2025-02-01,UFC Fight Night: Adesanya vs. Imavov,e97e71a593e4c28d,lightweight,38c626ca912c7bac,Damir Hadzovic,KO/TKO,1.0,121.0,True,False,True,False,181-270,<30,3+
a53d30163304aa6e,Carlston Harris,6,36.85968514715948,2,2024-05-18,UFC Fight Night: Barboza vs. Murphy,85ddb65429a9d517,welterweight,2558ae2e5671e318,Khaos Williams,KO/TKO,1,90,238.0,2025-01-11,UFC Fight Night: Dern vs. Ribas 2,ce4fc800a7456d18,welterweight,6d1bffff14897645,Santiago Ponzinibbio,KO/TKO,3.0,793.0,False,True,True,True,181-270,35+,2
4f3064faf17aa711,Tamires Vidal,3,25.809719370294317,1,2024-05-18,UFC Fight Night: Barboza vs. Murphy,3aea9c60d25fc93b,women's bantamweight,a4a80dd7336ffd59,Melissa Gatto,KO/TKO,3,637,154.0,2024-10-19,UFC Fight Night: Hernandez vs. Pereira,fc73ecbd83b7f159,women's bantamweight,f9ab66e67240db7b,Joselyne Edwards,Submission,3.0,873.0,False,True,False,False,121-180,<30,1
feedf3053472fe56,Charles Radtke,3,33.91649555099247,1,2024-06-08,UFC Fight Night: Cannonier vs. Imavov,8afe89f5c451b372,welterweight,7ee0fd831c0fe7c3,Carlos Prates,KO/TKO,1,287,154.0,2024-11-09,UFC Fight Night: Magny vs. Prates,6b9ed3867dd42b3b,welterweight,4aa58269d0664b5b,Matthew Semelsberger,KO/TKO,1.0,51.0,True,False,True,False,121-180,30-34,1
e4277e87a789d687,Dustin Jacoby,14,36.17796030116359,1,2024-06-08,UFC Fight Night: Cannonier vs. Imavov,2d12ae4683bbf433,light heavyweight,2e19380f34871c6a,Dominick Reyes,KO/TKO,1,120,189.0,2024-12-14,UFC Fight Night: Covington vs. Buckley,7b1bc4ff776f12c1,light heavyweight,71171fc96445bf65,Vitor Petrino,KO/TKO,3.0,824.0,True,False,True,False,181-270,35+,1
71505842fb6455c3,Dustin Stoltzfus,7,32.563997262149215,2,2024-06-08,UFC Fight Night: Cannonier vs. Imavov,dcc0c53100fa1dd2,middleweight,1e719d4b676dc19a,Brunno Ferreira,KO/TKO,1,291,147.0,2024-11-02,UFC Fight Night: Moreno vs. Albazi,6ad594777cce2d7d,middleweight,8e9eb3fc86db0f7d,Marc-Andre Barriault,KO/TKO,1.0,268.0,True,False,True,False,121-180,30-34,2
13a0275fa13c4d26,Jared Cannonier,17,40.2299794661191,3,2024-06-08,UFC Fight Night: Cannonier vs. Imavov,052f53e006b28132,middleweight,881bf86d4cba8578,Nassourdine Imavov,KO/TKO,4,994,77.0,2024-08-24,UFC Fight Night: Cannonier vs. Borralho,15805ae1eea3343e,middleweight,4126a78111c0855a,Caio Borralho,Decision - Unanimous,5.0,1500.0,False,True,False,False,0-120,35+,3+
d0e1b42d41dab603,Julian Marquez,7,34.08624229979466,3,2024-06-08,UFC Fight Night: Cannonier vs. Imavov,3b12094dd48c2dc5,middleweight,23dec7c47cb418f8,Zachary Reese,KO/TKO,1,20,266.0,2025-03-01,UFC Fight Night: Kape vs. Almabayev,6bdf0756fb57aced,middleweight,f14f644d41ade29f,Cody Brundage,KO/TKO,1.0,285.0,False,True,True,True,181-270,30-34,3+
ab2b4ff41d6ebe0f,Alex Perez,12,32.23545516769336,2,2024-06-15,UFC Fight Night: Perez vs. Taira,7f14be4e45bca6bd,flyweight,4461d7e47375a895,Tatsuro Taira,KO/TKO,2,479,525.0,2025-11-22,UFC Fight Night: Tsarukyan vs. Hooker,443f30a4a856584a,flyweight,8d3273573b85be09,Asu Almabayev,Submission,3.0,622.0,False,True,False,False,366-540,30-34,2
6d48a2df51749d91,Antonio Trocoli,1,33.544147843942504,1,2024-06-22,UFC Fight Night: Whittaker vs. Aliskerov,fbbf5391ea25521b,middleweight,06734ca9d88dec3a,Shara Magomedov,KO/TKO,3,747,140.0,2024-11-09,UFC Fight Night: Magny vs. Prates,582846744e379178,middleweight,147e70aa6cc48cfc,Tresean Gore,Submission,1.0,83.0,False,True,False,False,121-180,30-34,1
b07aed698fba8624,Ikram Aliskerov,3,31.540041067761805,1,2024-06-22,UFC Fight Night: Whittaker vs. Aliskerov,eba46dbf9cdd83c0,middleweight,e1147d3d2dabe1ce,Robert Whittaker,KO/TKO,1,109,308.0,2025-04-26,UFC Fight Night: Machado Garry vs. Prates,62fbdd4f0bcd3c2a,middleweight,886264a0c9f4ea5e,Andre Muniz,KO/TKO,1.0,294.0,True,False,True,False,271-365,30-34,1
c21f26bbde777573,Johnny Walker,14,32.2299794661191,4,2024-06-22,UFC Fight Night: Whittaker vs. Aliskerov,9d5f562e0572058c,light heavyweight,0845c81e37d3bcb3,Volkan Oezdemir,KO/TKO,1,148,427.0,2025-08-23,UFC Fight Night: Walker vs. Zhang,2eecf0c36192e40c,light heavyweight,8a65fd9ba31fd3f7,Zhang Mingyang,KO/TKO,2.0,457.0,True,False,True,False,366-540,30-34,3+
f1d64ae34e088832,Charles Jourdain,14,28.588637919233403,1,2024-06-29,UFC 303: Pereira vs. Prochazka 2,2b7883b304b3df1c,featherweight,52ef95b5860fb28c,Jean Silva,KO/TKO,2,382,126.0,2024-11-02,UFC Fight Night: Moreno vs. Albazi,24581e2b39fe3319,bantamweight,eb8d8c2a95cfccb8,Victor Henry,Submission,2.0,523.0,True,False,False,False,121-180,<30,1
009341ed974bad72,Jiri Prochazka,6,31.707049965776864,2,2024-06-29,UFC 303: Pereira vs. Prochazka 2,bca5d01f8775f852,light heavyweight,e5549c82bfb5582d,Alex Pereira,KO/TKO,2,313,203.0,2025-01-18,UFC 311: Makhachev vs. Moicano,959fea398ffa5778,light heavyweight,5444c5a201d3ee5a,Jamahal Hill,KO/TKO,3.0,781.0,True,False,True,False,181-270,30-34,2
8e9eb3fc86db0f7d,Marc-Andre Barriault,13,34.36002737850787,2,2024-06-29,UFC 303: Pereira vs. Prochazka 2,daa6b47be304ec86,middleweight,c1085e1701b13eca,Joe Pyfer,KO/TKO,1,85,126.0,2024-11-02,UFC Fight Night: Moreno vs. Albazi,6ad594777cce2d7d,middleweight,71505842fb6455c3,Dustin Stoltzfus,KO/TKO,1.0,268.0,False,True,True,True,121-180,30-34,2
da22387a0407a2dc,Da'Mon Blackshear,6,29.919233401779604,1,2024-07-13,UFC Fight Night: Namajunas vs. Cortez,5eebde8fb4d67259,bantamweight,cc1a8b4b38b92c6d,Montel Jackson,KO/TKO,1,18,119.0,2024-11-09,UFC Fight Night: Magny vs. Prates,6fd1edb58d271f7c,bantamweight,bf7ad5628363eec9,Cody Stamann,Submission,1.0,259.0,True,False,False,False,0-120,<30,1
17e97649403ba428,Joshua Van,4,22.757015742642025,1,2024-07-13,UFC Fight Night: Namajunas vs. Cortez,80108a70c4afa6c2,flyweight,814e5233e2acf2ee,Charles Johnson,KO/TKO,3,620,63.0,2024-09-14,UFC 306: Riyadh Season Noche UFC,dae8ad2e03aa4a9a,flyweight,5ef94841c4bc3f86,Edgar Chairez,Decision - Unanimous,3.0,900.0,True,False,False,False,0-120,<30,1
7f6ed67d3ed3c036,Cody Durden,10,33.31143052703628,1,2024-07-20,UFC Fight Night: Lemos vs. Jandiroba,94541dd979e0b4bd,flyweight,294aa73dbf37d281,Bruno Silva,KO/TKO,2,478,49.0,2024-09-07,UFC Fight Night: Burns vs. Brady,fe59646ebad8b6e4,bantamweight,67c1d46f4ed16f9e,Matt Schnell,Submission,2.0,329.0,True,False,False,False,0-120,30-34,1
d008d785f6347dc2,JeongYeong Lee,3,28.684462696783026,1,2024-07-20,UFC Fight Night: Lemos vs. Jandiroba,6e6567a98ea78891,featherweight,41cc71cbf210e0fe,Hyder Amil,KO/TKO,1,65,294.0,2025-05-10,UFC 315: Muhammad vs. Della Maddalena,0e0a4282cd6c86d7,featherweight,b67d6bacc68d4c92,Daniel Santos,Decision - Unanimous,3.0,900.0,False,True,False,False,271-365,<30,1
a68575214ecad140,SeungWoo Choi,10,31.709787816564,2,2024-07-20,UFC Fight Night: Lemos vs. Jandiroba,120ec60ad18cf6c5,featherweight,97cf1a2c7c5e7889,Steve Garcia,KO/TKO,1,96,238.0,2025-03-15,UFC Fight Night: Vettori vs. Dolidze 2,36db86c39ed09997,featherweight,239d8e5359022f3b,Kevin Vallejos,KO/TKO,1.0,189.0,False,True,True,True,181-270,30-34,2
fa6796c55d6c5440,Curtis Blaydes,19,33.437371663244356,4,2024-07-27,UFC 304: Edwards vs. Muhammad 2,ec434314c5438fc7,interim heavyweight,399afbabc02376b5,Tom Aspinall,KO/TKO,1,60,329.0,2025-06-21,UFC Fight Night: Hill vs. Rountree Jr.,8e5744c664fec3e9,heavyweight,739fd4fbb5d862f4,Rizvan Kuniev,Decision - Split,3.0,900.0,True,False,False,False,271-365,30-34,3+
0c25d0a5e8cdbf19,Lukasz Brzeski,5,32.19438740588638,2,2024-07-27,UFC 304: Edwards vs. Muhammad 2,a5558e8fec59a687,heavyweight,0d5cc0170c1a7e71,Mick Parkin,KO/TKO,1,203,133.0,2024-12-07,UFC 310: Pantoja vs. Asakura,eb94412f15c62650,heavyweight,8667caa0451d245b,Kennedy Nzechukwu,KO/TKO,1.0,291.0,False,True,True,True,121-180,30-34,2
a495f599e787614f,Alonzo Menifield,14,36.79397672826831,3,2024-08-03,UFC Fight Night: Sandhagen vs. Nurmagomedov,fbbb703581440496,light heavyweight,e90a2f22417af68e,Azamat Murzakanov,KO/TKO,2,498,203.0,2025-02-22,UFC Fight Night: Cejudo vs. Song,c0d8a231d2f1d1af,light heavyweight,6add18754930182b,Julius Walker,Decision - Split,3.0,900.0,True,False,False,False,181-270,35+,3+
48a9a128784d53d1,Elves Brener,5,26.850102669404517,1,2024-08-03,UFC Fight Night: Sandhagen vs. Nurmagomedov,de767dd5216bcad9,lightweight,58bbef3770bb2dfc,Joel Alvarez,KO/TKO,3,816,364.0,2025-08-02,UFC Fight Night: Taira vs. Park,878941394f9e3538,lightweight,323d4ca260dfa0ba,Esteban Ribovics,Decision - Unanimous,3.0,900.0,False,True,False,False,271-365,<30,1
3753714927f18437,Mohammad Yahya,2,30.198494182067076,1,2024-08-03,UFC Fight Night: Sandhagen vs. Nurmagomedov,1cd63899011c4bf6,lightweight,ec13c393d029297d,Kaue Fernandes,KO/TKO,1,285,357.0,2025-07-26,UFC Fight Night: Whittaker vs. De Ridder,23ddf51ce630028d,featherweight,69037fc7730e4225,Steven Nguyen,KO/TKO,2.0,600.0,False,True,True,True,271-365,30-34,1
32ab52e5de93092d,Steve Erceg,5,29.059548254620122,1,2024-08-17,UFC 305: Du Plessis vs. Adesanya,bf8c5effd23f69c4,flyweight,853eb0dd5c0e2149,Kai Kara-France,KO/TKO,1,244,224.0,2025-03-29,UFC Fight Night: Moreno vs. Erceg,33e301872e2b5680,flyweight,792be9a24df82ed6,Brandon Moreno,Decision - Unanimous,5.0,1500.0,False,True,False,False,181-270,<30,1
7facc9c45d792985,Kaan Ofli,1,31.1813826146475,1,2024-08-24,UFC Fight Night: Cannonier vs. Borralho,bad06a5380d762b8,ultimate fighter 32 featherweight tournament,480779d7f9a424d3,Mairon Santos,KO/TKO,2,390,161.0,2025-02-01,UFC Fight Night: Adesanya vs. Imavov,940f586104bf8bc8,featherweight,8d11d9c13e2ccdf7,Muhammad Naimov,Decision - Unanimous,3.0,900.0,False,True,False,False,121-180,30-34,1
84b3e7d38f2d2ec5,Neil Magny,33,37.059548254620125,3,2024-08-24,UFC Fight Night: Cannonier vs. Borralho,ae50a1a655b1a8f6,welterweight,c32aeb1a59e6272d,Michael Morales,KO/TKO,1,279,77.0,2024-11-09,UFC Fight Night: Magny vs. Prates,73f451d894a1d4ca,welterweight,7ee0fd831c0fe7c3,Carlos Prates,KO/TKO,1.0,290.0,False,True,True,True,0-120,35+,3+
0cd0456d6029cec2,Robert Valentin,1,29.401779603011637,1,2024-08-24,UFC Fight Night: Cannonier vs. Borralho,5c5523a6bf83e44f,ultimate fighter 32 middleweight tournament,d5bab53a1a603aac,Ryan Loder,KO/TKO,2,409,224.0,2025-04-05,UFC Fight Night: Emmett vs. Murphy,d1368ca941c1fefc,middleweight,fbb60f24af5d5a02,Torrez Finney,Decision - Split,3.0,900.0,False,True,False,False,181-270,<30,1
31f8081c7600da93,Kyle Nelson,10,33.385352498288846,3,2024-09-07,UFC Fight Night: Burns vs. Brady,453e6f2665c85fd7,featherweight,97cf1a2c7c5e7889,Steve Garcia,KO/TKO,1,239,567.0,2026-03-28,UFC Fight Night: Adesanya vs. Pyfer,a76e14495e61cf19,lightweight,809bd1a871491508,Terrance McKinney,KO/TKO,1.0,24.0,False,True,True,True,541+,30-34,3+
2e7878927067fdca,Manuel Torres,4,29.475701574264203,1,2024-09-14,UFC 306: Riyadh Season Noche UFC,3733d100f7bd5590,lightweight,e4a47b07044ddd72,Ignacio Bahamondes,KO/TKO,1,242,196.0,2025-03-29,UFC Fight Night: Moreno vs. Erceg,8fc8d66ad0074ab0,lightweight,519e4fe37ce9ff75,Drew Dober,KO/TKO,1.0,105.0,True,False,True,False,181-270,<30,1
b909a9a9688b5284,Gabriel Miranda,3,34.51334702258727,2,2024-09-28,UFC Fight Night: Moicano vs. Saint Denis,f114929ed709606e,featherweight,5b03b61f9d90125e,Morgan Charriere,KO/TKO,2,327,182.0,2025-03-29,UFC Fight Night: Moreno vs. Erceg,e2e2537a345367d4,featherweight,e00a3dee329a51f7,Jamall Emmers,KO/TKO,1.0,246.0,False,True,True,True,181-270,30-34,2
dda15dbfafb792df,Kevin Jousset,3,31.408624229979466,1,2024-09-28,UFC Fight Night: Moicano vs. Saint Denis,45f00a42a17f8e2a,welterweight,f626118b6da0e020,Bryan Battle,KO/TKO,2,527,133.0,2025-02-08,UFC 312: Du Plessis vs. Strickland 2,8bc8bb0021337de7,welterweight,f782f953bfe7b5f2,Jonathan Micallef,Decision - Unanimous,3.0,900.0,False,True,False,False,121-180,30-34,1
3a46b268013afede,Kevin Holland,23,31.915126625598905,2,2024-10-05,UFC 307: Pereira vs. Rountree Jr.,5931cd9cf5da5f75,middleweight,327d5f279895110d,Roman Dolidze,KO/TKO,1,300,105.0,2025-01-18,UFC 311: Makhachev vs. Moicano,69d63c057aebffaf,middleweight,d549cefc7c54ab78,Reinier de Ridder,Submission,1.0,211.0,False,True,False,False,0-120,30-34,2
749f572d1d3161fb,Khalil Rountree Jr.,16,34.60643394934976,3,2024-10-05,UFC 307: Pereira vs. Rountree Jr.,8c5e06c71f392f33,light heavyweight,e5549c82bfb5582d,Alex Pereira,KO/TKO,4,1172,259.0,2025-06-21,UFC Fight Night: Hill vs. Rountree Jr.,03bc32bdb5a33496,light heavyweight,5444c5a201d3ee5a,Jamahal Hill,Decision - Unanimous,5.0,1500.0,True,False,False,False,181-270,30-34,3+
4a28cb716c19157a,Stephen Thompson,21,41.648186173853524,2,2024-10-05,UFC 307: Pereira vs. Rountree Jr.,69bca5091b2a31f6,welterweight,b9437600497350f3,Joaquin Buckley,KO/TKO,3,737,280.0,2025-07-12,UFC Fight Night: Lewis vs. Teixeira,2a03bc4c491b4c9a,welterweight,01641ba5df0c69b0,Gabriel Bonfim,Decision - Split,3.0,900.0,False,True,False,False,271-365,35+,2
077e3ace32b72be9,CJ Vergara,7,33.319644079397676,1,2024-10-12,UFC Fight Night: Royval vs. Taira,f1cc9169813c4a3e,flyweight,7d0a1968b38ca439,Ramazan Temirov,KO/TKO,1,170,168.0,2025-03-29,UFC Fight Night: Moreno vs. Erceg,ab4a91a59c01d6b6,flyweight,5ef94841c4bc3f86,Edgar Chairez,Submission,1.0,150.0,False,True,False,False,121-180,30-34,1
e132d47bd9efbbe0,Rafa Garcia,8,30.187542778918548,1,2024-10-12,UFC Fight Night: Royval vs. Taira,98c29ba02cee5ba3,lightweight,99bd51917728c25d,Grant Dawson,KO/TKO,2,402,168.0,2025-03-29,UFC Fight Night: Moreno vs. Erceg,7e3fc760b26b6ae4,lightweight,c77a953488e5607d,Vinc Pichel,Decision - Unanimous,3.0,900.0,True,False,False,False,121-180,30-34,1
0f3a990526c5e706,Sean Sharaf,1,31.255304585900067,1,2024-10-12,UFC Fight Night: Royval vs. Taira,85854504ce1aa97a,heavyweight,c15fa95b9a12fde4,Junior Tafa,KO/TKO,2,435,427.0,2025-12-13,UFC Fight Night: Royval vs. Kape,a2523a8565fe4361,heavyweight,e56cee1ad697db04,Steven Asplund,KO/TKO,2.0,529.0,False,True,True,True,366-540,30-34,1
595db60957de51d3,Michel Pereira,12,31.0362765229295,1,2024-10-19,UFC Fight Night: Hernandez vs. Pereira,a2f2c64f9fb3fb1c,middleweight,093e1f5bb73850be,Anthony Hernandez,KO/TKO,5,1342,189.0,2025-04-26,UFC Fight Night: Machado Garry vs. Prates,9bbd45774fb4a6eb,middleweight,36b8f265bcd1b7a4,Abus Magomedov,Decision - Unanimous,3.0,900.0,False,True,False,False,181-270,30-34,1
369ea36e450ae62a,Armen Petrosyan,6,33.97946611909651,1,2024-10-26,UFC 308: Topuria vs. Holloway,108434acbbd75d26,middleweight,06734ca9d88dec3a,Shara Magomedov,KO/TKO,2,592,133.0,2025-03-08,UFC 313: Pereira vs. Ankalaev,e61cb905f6152183,middleweight,1e719d4b676dc19a,Brunno Ferreira,Submission,2.0,567.0,False,True,False,False,121-180,30-34,1
150ff4cc642270b9,Max Holloway,30,32.8952772073922,1,2024-10-26,UFC 308: Topuria vs. Holloway,ebf7cea27b83c432,featherweight,54f64b5e283b0ce7,Ilia Topuria,KO/TKO,3,694,266.0,2025-07-19,UFC 318: Holloway vs. Poirier 3,d7507e2741fd4d05,lightweight,029eaff01e6bb8f0,Dustin Poirier,Decision - Unanimous,5.0,1500.0,True,False,False,False,181-270,30-34,1
09a4447655fd4b7b,Rafael Cerqueira,1,34.61738535249829,1,2024-10-26,UFC 308: Topuria vs. Holloway,781a2ea50f5ae68f,light heavyweight,6e8f1bcdda94ff45,Ibo Aslan,KO/TKO,1,51,119.0,2025-02-22,UFC Fight Night: Cejudo vs. Song,b6475543ab6d20c9,light heavyweight,476fe566d2df676e,Modestas Bukauskas,KO/TKO,1.0,132.0,False,True,True,True,0-120,30-34,1
8e9eb3fc86db0f7d,Marc-Andre Barriault,14,34.704996577686515,3,2024-11-02,UFC Fight Night: Moreno vs. Albazi,6ad594777cce2d7d,middleweight,71505842fb6455c3,Dustin Stoltzfus,KO/TKO,1,268,189.0,2025-05-10,UFC 315: Muhammad vs. Della Maddalena,6ecfa439ef900bcc,middleweight,12ebd7d157e91701,Bruno Silva,KO/TKO,1.0,87.0,True,False,True,False,181-270,30-34,3+
866fd7b1a6c90e7f,Dusko Todorovic,8,30.477754962354553,4,2024-11-09,UFC Fight Night: Magny vs. Prates,ea6427379a83bd01,middleweight,841695e02c99a521,Mansur Abdul-Malik,KO/TKO,1,164,203.0,2025-05-31,UFC Fight Night: Blanchfield vs. Barber,ad68450307a21ab1,middleweight,23dec7c47cb418f8,Zachary Reese,Decision - Unanimous,3.0,900.0,False,True,False,False,181-270,30-34,3+
9f5e3c20ce40b344,Klaudia Sygula,1,25.861738535249827,1,2024-11-09,UFC Fight Night: Magny vs. Prates,32f2965b4f4c4ebf,women's bantamweight,bd532e9a2b93870c,Melissa Mullins,KO/TKO,2,380,224.0,2025-06-21,UFC Fight Night: Hill vs. Rountree Jr.,2bfc0212f2cae65b,women's bantamweight,103e2e33a60683e1,Irina Alekseeva,Decision - Unanimous,3.0,900.0,True,False,False,False,181-270,<30,1
84b3e7d38f2d2ec5,Neil Magny,34,37.270362765229294,4,2024-11-09,UFC Fight Night: Magny vs. Prates,73f451d894a1d4ca,welterweight,7ee0fd831c0fe7c3,Carlos Prates,KO/TKO,1,290,266.0,2025-08-02,UFC Fight Night: Taira vs. Park,ac57250e3de89d5d,welterweight,8adcbd525fab8d9b,Elizeu Zaleski dos Santos,KO/TKO,2.0,579.0,True,False,True,False,181-270,35+,3+
6967153c7edb4d87,Ozzy Diaz,1,34.0041067761807,1,2024-11-23,UFC Fight Night: Yan vs. Figueiredo,56d2c00dfd391fcf,light heavyweight,8a65fd9ba31fd3f7,Zhang Mingyang,KO/TKO,1,145,105.0,2025-03-08,UFC 313: Pereira vs. Ankalaev,96c2f85b46e98e91,middleweight,312f7d7b2b2f7de4,Djorden Santos,Decision - Unanimous,3.0,900.0,True,False,False,False,0-120,30-34,1
32feae6d9a1e5047,Quang Le,2,33.100616016427104,1,2024-11-23,UFC Fight Night: Yan vs. Figueiredo,f5f28a8b472b8012,bantamweight,86bace9e4ad85542,Xiao Long,KO/TKO,3,688,161.0,2025-05-03,UFC Fight Night: Sandhagen vs. Figueiredo,97b32ff27fd457a8,bantamweight,96924b0019b3aff1,Gaston Bolanos,Submission,2.0,414.0,True,False,False,False,121-180,30-34,1
d4c9dcd330403612,Anthony Smith,24,36.3668720054757,5,2024-12-07,UFC 310: Pantoja vs. Asakura,97caf8fca9d9603b,light heavyweight,2e19380f34871c6a,Dominick Reyes,KO/TKO,2,586,140.0,2025-04-26,UFC Fight Night: Machado Garry vs. Prates,a526a72ade275f46,light heavyweight,8a65fd9ba31fd3f7,Zhang Mingyang,KO/TKO,1.0,243.0,False,True,True,True,121-180,35+,3+
0c25d0a5e8cdbf19,Lukasz Brzeski,6,32.558521560574945,3,2024-12-07,UFC 310: Pantoja vs. Asakura,eb94412f15c62650,heavyweight,8667caa0451d245b,Kennedy Nzechukwu,KO/TKO,1,291,224.0,2025-07-19,UFC 318: Holloway vs. Poirier 3,182ee320edb1b5ed,heavyweight,a67f5afa8d6a1b80,Ryan Spann,Submission,1.0,167.0,False,True,False,False,181-270,30-34,3+
583ee11abddfc581,Nate Landwehr,9,36.50376454483231,3,2024-12-07,UFC 310: Pantoja vs. Asakura,089388c9f00ce9c6,featherweight,e93b04e308913c2e,Dooho Choi,KO/TKO,3,801,217.0,2025-07-12,UFC Fight Night: Lewis vs. Teixeira,4e5d4a36eaaa3a78,featherweight,5b03b61f9d90125e,Morgan Charriere,KO/TKO,3.0,627.0,False,True,True,True,181-270,35+,3+
294aa73dbf37d281,Bruno Silva,8,34.74880219028063,1,2024-12-14,UFC Fight Night: Covington vs. Buckley,1a635a5e4551e7d5,flyweight,5d1b7e3dd9e11074,Manel Kape,KO/TKO,3,717,175.0,2025-06-07,UFC 316: Dvalishvili vs. O'Malley 2,b6a87389bdc36a00,flyweight,17e97649403ba428,Joshua Van,KO/TKO,3.0,841.0,False,True,True,True,121-180,30-34,1
7cbf7c78d3b34218,Drakkar Klose,12,36.766598220396986,2,2024-12-14,UFC Fight Night: Covington vs. Buckley,b0be38110c2d8b84,lightweight,58bbef3770bb2dfc,Joel Alvarez,KO/TKO,1,168,245.0,2025-08-16,UFC 319: Du Plessis vs. Chimaev,bc63f1b2e52f603e,lightweight,64a50dad704d1d49,Edson Barboza,Decision - Unanimous,3.0,900.0,True,False,False,False,181-270,35+,2
71171fc96445bf65,Vitor Petrino,6,27.29637234770705,1,2024-12-14,UFC Fight Night: Covington vs. Buckley,7b1bc4ff776f12c1,light heavyweight,e4277e87a789d687,Dustin Jacoby,KO/TKO,3,824,210.0,2025-07-12,UFC Fight Night: Lewis vs. Teixeira,4b75d3b7738cb278,heavyweight,be9bdec19b7e9ffe,Austen Lane,Submission,1.0,256.0,True,False,False,False,181-270,<30,1
a53d30163304aa6e,Carlston Harris,7,37.51129363449692,3,2025-01-11,UFC Fight Night: Dern vs. Ribas 2,ce4fc800a7456d18,welterweight,6d1bffff14897645,Santiago Ponzinibbio,KO/TKO,3,793,504.0,2026-05-30,UFC Fight Night: Song vs. Figueiredo,c1c9dfd0c0952f18,welterweight,a845f0735bc67405,Jake Matthews,Decision - Unanimous,3.0,900.0,False,True,False,False,366-540,35+,3+
5442f1bc4b47eaf3,Chris Curtis,10,37.49486652977413,1,2025-01-11,UFC Fight Night: Dern vs. Ribas 2,aa38e39397dbea72,middleweight,9d83f6da776ff7d6,Roman Kopylov,KO/TKO,3,899,182.0,2025-07-12,UFC Fight Night: Lewis vs. Teixeira,236f811290163dca,welterweight,b0d6a1d8ac3d563d,Max Griffin,Decision - Split,3.0,900.0,True,False,False,False,181-270,35+,1
681399317dbf4701,Uros Medic,7,31.71526351813826,1,2025-01-11,UFC Fight Night: Dern vs. Ribas 2,32cc31b76b32ade1,welterweight,64facb6cc564262d,Punahele Soriano,KO/TKO,1,31,210.0,2025-08-09,UFC Fight Night: Dolidze vs. Hernandez,7d923267c44dd93b,welterweight,b12fb759e02378de,Gilbert Urbina,KO/TKO,1.0,63.0,True,False,True,False,181-270,30-34,1
5444c5a201d3ee5a,Jamahal Hill,10,33.67008898015058,3,2025-01-18,UFC 311: Makhachev vs. Moicano,959fea398ffa5778,light heavyweight,009341ed974bad72,Jiri Prochazka,KO/TKO,3,781,154.0,2025-06-21,UFC Fight Night: Hill vs. Rountree Jr.,03bc32bdb5a33496,light heavyweight,749f572d1d3161fb,Khalil Rountree Jr.,Decision - Unanimous,5.0,1500.0,False,True,False,False,121-180,30-34,3+
e2f6b2769aaedd6c,Serghei Spivac,13,29.984941820670773,4,2025-01-18,UFC 311: Makhachev vs. Moicano,54d48b33e7240452,heavyweight,41e83a89929d1327,Jailton Almeida,KO/TKO,1,293,140.0,2025-06-07,UFC 316: Dvalishvili vs. O'Malley 2,ac977a0389682124,heavyweight,fc08099550072fe4,Waldo Cortes-Acosta,Decision - Unanimous,3.0,900.0,False,True,False,False,121-180,<30,3+
23dec7c47cb418f8,Zachary Reese,4,30.822724161533195,2,2025-01-18,UFC 311: Makhachev vs. Moicano,938081fae11dcbbf,middleweight,3bc3f60b21cddc6a,Azamat Bekoev,KO/TKO,1,184,133.0,2025-05-31,UFC Fight Night: Blanchfield vs. Barber,ad68450307a21ab1,middleweight,866fd7b1a6c90e7f,Dusko Todorovic,Decision - Unanimous,3.0,900.0,True,False,False,False,121-180,30-34,2
1338e2c7480bdf9e,Israel Adesanya,18,35.53182751540041,2,2025-02-01,UFC Fight Night: Adesanya vs. Imavov,85e79748b75eb30e,middleweight,881bf86d4cba8578,Nassourdine Imavov,KO/TKO,2,330,420.0,2026-03-28,UFC Fight Night: Adesanya vs. Pyfer,85e94a6c071fd9fa,middleweight,c1085e1701b13eca,Joe Pyfer,KO/TKO,2.0,558.0,False,True,True,True,366-540,35+,2
764d39074a352e33,Thomas Petersen,3,29.845311430527037,1,2025-02-01,UFC Fight Night: Adesanya vs. Imavov,43bbaf06603b0f0c,heavyweight,6747ccd6d1acd266,Shamil Gaziev,KO/TKO,1,192,91.0,2025-05-03,UFC Fight Night: Sandhagen vs. Figueiredo,c445401709421fa4,heavyweight,1a9480fc288e55d7,Don'Tale Mayes,Decision - Unanimous,3.0,900.0,True,False,False,False,0-120,<30,1
36e78278a77006d4,Connor Matthews,2,32.71184120465435,2,2025-02-15,UFC Fight Night: Cannonier vs. Rodrigues,2a493f15e079a7ff,featherweight,7d6ceff6747f2de2,Jose Delgado,KO/TKO,1,178,91.0,2025-05-17,UFC Fight Night: Burns vs. Morales,d6e2bc6e6c0cc4fe,featherweight,70380ccdc81915b8,Yadier del Valle,Submission,1.0,174.0,False,True,False,False,0-120,30-34,2
d1c65d2cf2925ddd,Gregory Rodrigues,10,32.99657768651608,2,2025-02-15,UFC Fight Night: Cannonier vs. Rodrigues,365e2d891b98b86d,middleweight,13a0275fa13c4d26,Jared Cannonier,KO/TKO,4,921,133.0,2025-06-28,UFC 317: Topuria vs. Oliveira,958522de54ccc536,middleweight,0a1942069c9ad6b6,Jack Hermansson,KO/TKO,1.0,261.0,True,False,True,False,121-180,30-34,2
9508cc6184cb2450,Eric McConico,1,34.79260780287474,1,2025-02-22,UFC Fight Night: Cejudo vs. Song,e9dfc2f009a77a8d,middleweight,49d2a08964c5eb11,Nursulton Ruziboev,KO/TKO,2,333,168.0,2025-08-09,UFC Fight Night: Dolidze vs. Hernandez,857e8facd8ff7c36,light heavyweight,f14f644d41ade29f,Cody Brundage,Decision - Split,3.0,900.0,True,False,False,False,121-180,30-34,1
bbab3baf66128ae2,Javid Basharat,6,29.462012320328544,1,2025-02-22,UFC Fight Night: Cejudo vs. Song,bc6d70ab959dce70,bantamweight,5987b2458f4b5290,Ricky Simon,KO/TKO,1,238,350.0,2026-02-07,UFC Fight Night: Bautista vs. Oliveira,86df0e75f41784d8,bantamweight,51ec9dc3b4964f19,Gianni Vazquez,Decision - Unanimous,3.0,900.0,True,False,False,False,271-365,<30,1
7eaa5e31c2dd86aa,Nick Klein,1,29.45927446954141,1,2025-02-22,UFC Fight Night: Cejudo vs. Song,e011819e721c4a2a,middleweight,841695e02c99a521,Mansur Abdul-Malik,KO/TKO,2,504,161.0,2025-08-02,UFC Fight Night: Taira vs. Park,b3c695728e177fd4,middleweight,22e07d3da1aa3475,Andrey Pulyaev,KO/TKO,2.0,391.0,False,True,True,True,121-180,<30,1
0f1efce7d2571d10,Nikolay Veretennikov,2,35.17043121149897,1,2025-02-22,UFC Fight Night: Cejudo vs. Song,615f7f894bafad82,catch weight,32c3ee378671a5d9,Austin Vanderford,KO/TKO,2,553,147.0,2025-07-19,UFC 318: Holloway vs. Poirier 3,df2ed8b509fbdbdc,welterweight,3920d0cc288f9b0d,Francisco Prado,Decision - Split,3.0,900.0,True,False,False,False,121-180,35+,1
09a4447655fd4b7b,Rafael Cerqueira,2,34.94318959616701,2,2025-02-22,UFC Fight Night: Cejudo vs. Song,b6475543ab6d20c9,light heavyweight,476fe566d2df676e,Modestas Bukauskas,KO/TKO,1,132,168.0,2025-08-09,UFC Fight Night: Dolidze vs. Hernandez,3d6571790c21527c,light heavyweight,6add18754930182b,Julius Walker,Decision - Unanimous,3.0,900.0,False,True,False,False,121-180,30-34,2
8d3273573b85be09,Asu Almabayev,5,31.096509240246405,1,2025-03-01,UFC Fight Night: Kape vs. Almabayev,9d8a37f130db13e5,flyweight,5d1b7e3dd9e11074,Manel Kape,KO/TKO,3,736,147.0,2025-07-26,UFC Fight Night: Whittaker vs. De Ridder,887c61da1a78a5e1,flyweight,88be62d6c1e6dadb,Jose Ochoa,Decision - Unanimous,3.0,900.0,True,False,False,False,121-180,30-34,1
be9bdec19b7e9ffe,Austen Lane,5,37.308692676249144,3,2025-03-01,UFC Fight Night: Kape vs. Almabayev,a857acedb53ee959,heavyweight,39d309957c5c210d,Mario Pinto,KO/TKO,2,339,133.0,2025-07-12,UFC Fight Night: Lewis vs. Teixeira,4b75d3b7738cb278,heavyweight,71171fc96445bf65,Vitor Petrino,Submission,1.0,256.0,False,True,False,False,121-180,35+,3+
cdb96af67d096b1e,Alex Morono,23,34.559890485968516,3,2025-03-08,UFC 313: Pereira vs. Ankalaev,cab4937435d081d0,welterweight,28d421729451c8ca,Carlos Leal,KO/TKO,1,256,336.0,2026-02-07,UFC Fight Night: Bautista vs. Oliveira,f964d2dda87f25f0,welterweight,70dd69b6a703257e,Daniil Donchenko,Decision - Unanimous,3.0,900.0,False,True,False,False,271-365,30-34,3+
887961364be5ceb3,King Green,27,38.49418206707735,5,2025-03-08,UFC 313: Pereira vs. Ankalaev,231968c02cdfe65e,lightweight,9c393e836a852f30,Mauricio Ruffy,KO/TKO,1,127,280.0,2025-12-13,UFC Fight Night: Royval vs. Kape,fc4ab243d21b795d,catch weight,07bc580bdf3eb9c8,Lance Gibson Jr.,Decision - Split,3.0,900.0,True,False,False,False,271-365,35+,3+
8adcbd525fab8d9b,Elizeu Zaleski dos Santos,17,38.25872689938399,2,2025-03-15,UFC Fight Night: Vettori vs. Dolidze 2,c83133ee114945ed,welterweight,c68c68efaa5ca6ef,Chidi Njokuani,KO/TKO,2,439,140.0,2025-08-02,UFC Fight Night: Taira vs. Park,ac57250e3de89d5d,welterweight,84b3e7d38f2d2ec5,Neil Magny,KO/TKO,2.0,579.0,False,True,True,True,121-180,35+,2
a67f5afa8d6a1b80,Ryan Spann,14,33.55783709787816,3,2025-03-15,UFC Fight Night: Vettori vs. Dolidze 2,74bc22b367cca118,heavyweight,fc08099550072fe4,Waldo Cortes-Acosta,KO/TKO,2,588,126.0,2025-07-19,UFC 318: Holloway vs. Poirier 3,182ee320edb1b5ed,heavyweight,0c25d0a5e8cdbf19,Lukasz Brzeski,Submission,1.0,167.0,True,False,False,False,121-180,30-34,3+
519e4fe37ce9ff75,Drew Dober,25,36.440793976728266,2,2025-03-29,UFC Fight Night: Moreno vs. Erceg,8fc8d66ad0074ab0,lightweight,2e7878927067fdca,Manuel Torres,KO/TKO,1,105,343.0,2026-03-07,UFC 326: Holloway vs. Oliveira 2,f02c0adc4ae629c6,lightweight,511e82663651438d,Michael Johnson,KO/TKO,2.0,413.0,True,False,True,False,271-365,35+,2
baa9be02c3e3e038,Jose Medina,2,33.86721423682409,1,2025-03-29,UFC Fight Night: Moreno vs. Erceg,64fe6e61a24dbf39,middleweight,2f815ed5f8278ba6,Ateba Gautier,KO/TKO,1,212,168.0,2025-09-13,UFC Fight Night: Lopes vs. Silva,07a378b257aad5a9,,866fd7b1a6c90e7f,Dusko Todorovic,Submission,1.0,261.0,False,True,False,False,121-180,30-34,1
29162be25ebef5f0,Luis Gurule,1,31.38398357289528,1,2025-04-05,UFC Fight Night: Emmett vs. Murphy,de9422207df2de64,flyweight,6d68c1afe954f121,Ode Osbourne,KO/TKO,2,414,161.0,2025-09-13,UFC Fight Night: Lopes vs. Silva,3dc1a6335d890650,,c051c2e12d692b8a,Jesus Aguilar,Decision - Unanimous,3.0,900.0,False,True,False,False,121-180,30-34,1
1091d4d957141094,Nikita Krylov,19,33.097878165639976,2,2025-04-12,UFC 314: Volkanovski vs. Lopes,b2d731415bd367df,light heavyweight,2e19380f34871c6a,Dominick Reyes,KO/TKO,1,144,105.0,2025-07-26,UFC Fight Night: Whittaker vs. De Ridder,77f960d82cda0b76,light heavyweight,ef5dcb10d2bd4b0f,Bogdan Guskov,KO/TKO,1.0,258.0,False,True,True,True,0-120,30-34,2
4e6738062d469256,Sedriques Dumas,6,29.683778234086244,2,2025-04-12,UFC 314: Volkanovski vs. Lopes,4bbda6c1f6cf9d4e,middleweight,0d65c432720accb9,Michal Oleksiejczuk,KO/TKO,1,169,378.0,2026-04-25,UFC Fight Night: Sterling vs. Zalal,ef1cd6371a3f18e0,middleweight,3eeec2f53cebdf12,Jackson McVey,Submission,1.0,134.0,False,True,False,False,366-540,<30,2
147e70aa6cc48cfc,Tresean Gore,5,30.809034907597535,2,2025-04-12,UFC 314: Volkanovski vs. Lopes,b87d6f71d901355b,middleweight,9384e71bca6c409d,Marco Tulio,KO/TKO,2,496,112.0,2025-08-02,UFC Fight Night: Taira vs. Park,45781930d64da456,middleweight,260e9e0d4954aea6,Rodolfo Vieira,Decision - Unanimous,3.0,900.0,False,True,False,False,0-120,30-34,2
9d19d9e4aa2662e8,Nicolas Dalby,14,40.440793976728266,1,2025-04-26,UFC Fight Night: Machado Garry vs. Prates,fbf83609dc96f32e,welterweight,c6aee362c7a7d482,Randy Brown,KO/TKO,2,399,210.0,2025-11-22,UFC Fight Night: Tsarukyan vs. Hooker,c49485cedb878cf0,welterweight,de26d906f2874dd4,Saygid Izagakhmaev,Decision - Split,3.0,900.0,True,False,False,False,181-270,35+,1
aa72b0f831d0bfe5,Deiveson Figueiredo,19,37.374401095140314,1,2025-05-03,UFC Fight Night: Sandhagen vs. Figueiredo,9b3bade95e1dd484,bantamweight,65f09bacd3957381,Cory Sandhagen,KO/TKO,2,548,266.0,2026-01-24,UFC 324: Gaethje vs. Pimblett,6c9f4799990c3c33,bantamweight,2b6fc1c02736833d,Umar Nurmagomedov,Decision - Unanimous,3.0,900.0,False,True,False,False,181-270,35+,1
d5bab53a1a603aac,Ryan Loder,2,33.91101984941821,1,2025-05-03,UFC Fight Night: Sandhagen vs. Figueiredo,77ed474dfc5359ea,middleweight,3bc3f60b21cddc6a,Azamat Bekoev,KO/TKO,1,164,203.0,2025-11-22,UFC Fight Night: Tsarukyan vs. Hooker,335064c3380e2f10,middleweight,6a96ad1bc34fb113,Ismail Naurdiev,KO/TKO,1.0,86.0,False,True,True,True,181-270,30-34,1
feedf3053472fe56,Charles Radtke,5,34.836413415468854,2,2025-05-10,UFC 315: Muhammad vs. Della Maddalena,2521234a4bf7c615,welterweight,dd6103dd7127db1d,Mike Malott,KO/TKO,2,326,336.0,2026-04-11,UFC 327: Prochazka vs. Ulberg,5b49c3d36907c6df,welterweight,3920d0cc288f9b0d,Francisco Prado,Decision - Unanimous,3.0,900.0,True,False,False,False,271-365,30-34,2
23024fdfc966410a,Gilbert Burns,24,38.82546201232033,4,2025-05-17,UFC Fight Night: Burns vs. Morales,a81ad236a2f221f2,welterweight,c32aeb1a59e6272d,Michael Morales,KO/TKO,1,219,336.0,2026-04-18,UFC Fight Night: Burns vs. Malott,32054bf2b36b0e47,,dd6103dd7127db1d,Mike Malott,KO/TKO,3.0,728.0,False,True,True,True,271-365,35+,3+
d945aae53e3e54e6,Thiago Moises,15,30.151950718685832,3,2025-05-17,UFC Fight Night: Burns vs. Morales,8ba31cf0b3164b72,lightweight,7026eca45f65377b,Jared Gordon,KO/TKO,1,217,336.0,2026-04-18,UFC Fight Night: Burns vs. Malott,a661c0bee7c8d5af,,b2a78df161bd67f9,Gauge Young,Decision - Split,3.0,900.0,False,True,False,False,271-365,30-34,3+
0abcf6bc47191219,Bruno Lopes,2,32.101300479123886,1,2025-05-31,UFC Fight Night: Blanchfield vs. Barber,7aaa810540132a4b,light heavyweight,e4277e87a789d687,Dustin Jacoby,KO/TKO,1,110,301.0,2026-03-28,UFC Fight Night: Adesanya vs. Pyfer,dbf1ee1a1912c735,light heavyweight,b4b496ec2197ee3e,Navajo Stirling,KO/TKO,2.0,545.0,False,True,True,True,271-365,30-34,1
49edd0d90f60fb7d,Brendson Ribeiro,5,28.744695414099933,2,2025-06-07,UFC 316: Dvalishvili vs. O'Malley 2,01100a90b584215d,light heavyweight,e90a2f22417af68e,Azamat Murzakanov,KO/TKO,1,205,91.0,2025-09-06,UFC Fight Night: Imavov vs. Borralho,4080b4310d82b42d,light heavyweight,46e2011d92463b7e,Oumar Sy,KO/TKO,1.0,282.0,False,True,True,True,0-120,<30,2
294aa73dbf37d281,Bruno Silva,9,35.227926078028744,2,2025-06-07,UFC 316: Dvalishvili vs. O'Malley 2,b6a87389bdc36a00,flyweight,17e97649403ba428,Joshua Van,KO/TKO,3,841,280.0,2026-03-14,UFC Fight Night: Emmett vs. Vallejos,fc9168fd102e2e66,flyweight,814e5233e2acf2ee,Charles Johnson,Decision - Split,3.0,900.0,False,True,False,False,271-365,35+,2
7f6ed67d3ed3c036,Cody Durden,13,34.21218343600274,2,2025-06-14,UFC Fight Night: Usman vs. Buckley,b39b8ff0d7de211a,flyweight,88be62d6c1e6dadb,Jose Ochoa,KO/TKO,2,311,266.0,2026-03-07,UFC 326: Holloway vs. Oliveira 2,f661ef429055f8c1,flyweight,17cb6d8e8187f304,Nyamjargal Tumendemberel,Decision - Unanimous,3.0,900.0,False,True,False,False,181-270,30-34,2
9c27f3217891f3f0,Kris Moutinho,3,32.84599589322382,3,2025-06-14,UFC Fight Night: Usman vs. Buckley,f6454f2e508626ec,bantamweight,2e45d08b3f2f02c8,Malcolm Wellmaker,KO/TKO,1,157,259.0,2026-02-28,UFC Fight Night: Moreno vs. Kavanagh,25ab195cefbce1d0,bantamweight,7debc13b36343605,Cristian Quinonez,Decision - Unanimous,3.0,900.0,False,True,False,False,181-270,30-34,3+
07225ba28ae309b6,Charles Oliveira,35,35.696098562628336,5,2025-06-28,UFC 317: Topuria vs. Oliveira,7a64d63e12618ba7,lightweight,54f64b5e283b0ce7,Ilia Topuria,KO/TKO,1,147,252.0,2026-03-07,UFC 326: Holloway vs. Oliveira 2,f030febede41c661,lightweight,150ff4cc642270b9,Max Holloway,Decision - Unanimous,5.0,1500.0,True,False,False,False,181-270,35+,3+
41cc71cbf210e0fe,Hyder Amil,4,35.08555783709788,1,2025-06-28,UFC 317: Topuria vs. Oliveira,2f523b757f7f33a2,featherweight,7d6ceff6747f2de2,Jose Delgado,KO/TKO,1,26,133.0,2025-11-08,UFC Fight Night: Bonfim vs. Brown,e3d657dd88864ba7,featherweight,e00a3dee329a51f7,Jamall Emmers,Decision - Unanimous,3.0,900.0,False,True,False,False,121-180,35+,1
0a1942069c9ad6b6,Jack Hermansson,18,37.04859685147159,4,2025-06-28,UFC 317: Topuria vs. Oliveira,958522de54ccc536,middleweight,d1c65d2cf2925ddd,Gregory Rodrigues,KO/TKO,1,261,147.0,2025-11-22,UFC Fight Night: Tsarukyan vs. Hooker,8ed609d80e135d94,welterweight,bf2c8e01b07d3eb1,Myktybek Orolbai,KO/TKO,1.0,166.0,False,True,True,True,121-180,35+,3+
583ee11abddfc581,Nate Landwehr,10,37.097878165639976,4,2025-07-12,UFC Fight Night: Lewis vs. Teixeira,4e5d4a36eaaa3a78,featherweight,5b03b61f9d90125e,Morgan Charriere,KO/TKO,3,627,273.0,2026-04-11,UFC 327: Prochazka vs. Ulberg,60949f33201415ca,featherweight,d247691a6c0e9034,Cub Swanson,KO/TKO,1.0,246.0,False,True,True,True,271-365,35+,3+
17923f676f100e16,Tallison Teixeira,2,25.596167008898014,1,2025-07-12,UFC Fight Night: Lewis vs. Teixeira,0adfc21045c02555,heavyweight,d3df1add9d9a7efb,Derrick Lewis,KO/TKO,1,35,203.0,2026-01-31,UFC 325: Volkanovski vs. Lopes 2,67765535bd0b6bdf,heavyweight,c62fbc117d57b943,Tai Tuivasa,Decision - Unanimous,3.0,900.0,True,False,False,False,181-270,<30,1
a01a62132460a98d,Adam Fugitt,5,36.51471594798083,2,2025-07-19,UFC 318: Holloway vs. Poirier 3,37bc72d5d211b189,welterweight,e803242fb2e41112,Islam Dulatov,KO/TKO,1,246,189.0,2026-01-24,UFC 324: Gaethje vs. Pimblett,210fc45074fba464,welterweight,0859524157a19045,Ty Miller,KO/TKO,1.0,299.0,False,True,True,True,181-270,35+,2
0cd0456d6029cec2,Robert Valentin,3,30.302532511978097,2,2025-07-19,UFC 318: Holloway vs. Poirier 3,72e477b41f44e358,middleweight,2f815ed5f8278ba6,Ateba Gautier,KO/TKO,1,70,273.0,2026-04-18,UFC Fight Night: Burns vs. Malott,9fab4b0ad082f670,,cd0dfd9846bd03b9,Julien Leblanc,Submission,1.0,142.0,True,False,False,False,271-365,30-34,2
28d421729451c8ca,Carlos Leal,3,31.227926078028748,1,2025-07-26,UFC Fight Night: Whittaker vs. De Ridder,7c075e3383198e14,welterweight,447f9858ae78f921,Muslim Salikhov,KO/TKO,1,42,210.0,2026-02-21,UFC Fight Night: Strickland vs. Hernandez,202d3277e569ad03,welterweight,c68c68efaa5ca6ef,Chidi Njokuani,Decision - Unanimous,3.0,900.0,True,False,False,False,181-270,30-34,1
1091d4d957141094,Nikita Krylov,20,33.385352498288846,3,2025-07-26,UFC Fight Night: Whittaker vs. De Ridder,77f960d82cda0b76,light heavyweight,ef5dcb10d2bd4b0f,Bogdan Guskov,KO/TKO,1,258,182.0,2026-01-24,UFC 324: Gaethje vs. Pimblett,780cab0cd07589e4,light heavyweight,476fe566d2df676e,Modestas Bukauskas,KO/TKO,3.0,897.0,True,False,True,False,181-270,30-34,3+
cad24459b28592ca,Eryk Anders,19,38.3025325119781,2,2025-08-09,UFC Fight Night: Dolidze vs. Hernandez,75a84211f50c53f5,middleweight,a93f94c923c3a9cb,Christian Leroy Duncan,KO/TKO,1,233,217.0,2026-03-14,UFC Fight Night: Emmett vs. Vallejos,cff81d681a01ae18,middleweight,0c6d9ea8306c029e,Brad Tavares,Decision - Unanimous,3.0,900.0,True,False,False,False,181-270,35+,2
b1e5bcaad32a3cac,Priscila Cachoeira,12,36.9719370294319,1,2025-08-09,UFC Fight Night: Dolidze vs. Hernandez,aef44145740741b3,women's bantamweight,f9ab66e67240db7b,Joselyne Edwards,KO/TKO,1,144,182.0,2026-02-07,UFC Fight Night: Bautista vs. Oliveira,2bbfbb234c255249,women's bantamweight,9f5e3c20ce40b344,Klaudia Sygula,Decision - Unanimous,3.0,900.0,False,True,False,False,181-270,35+,1
5537efc6e496dd84,Aaron Pico,1,28.895277207392198,1,2025-08-16,UFC 319: Du Plessis vs. Chimaev,9fa6a029f7f8241c,featherweight,396fe87b84ac2e1c,Lerone Murphy,KO/TKO,1,201,238.0,2026-04-11,UFC 327: Prochazka vs. Ulberg,10ab34056720b6b4,featherweight,98a58c26c5b1ed17,Patricio Pitbull,Decision - Unanimous,3.0,900.0,True,False,False,False,181-270,<30,1
971246648e162f0d,Chase Hooper,12,25.924709103353866,2,2025-08-16,UFC 319: Du Plessis vs. Chimaev,1d8dc0fb5d47357f,lightweight,262a7d06203657e6,Alexander Hernandez,KO/TKO,1,298,224.0,2026-03-28,UFC Fight Night: Adesanya vs. Pyfer,689384b01b40ef5c,lightweight,07bc580bdf3eb9c8,Lance Gibson Jr.,KO/TKO,1.0,176.0,False,True,True,True,181-270,<30,2
b997be68943010fc,Geoff Neal,13,34.9678302532512,1,2025-08-16,UFC 319: Du Plessis vs. Chimaev,42585ce706c086de,welterweight,7ee0fd831c0fe7c3,Carlos Prates,KO/TKO,1,299,189.0,2026-02-21,UFC Fight Night: Strickland vs. Hernandez,dd12bf51c5ed7f1e,welterweight,681399317dbf4701,Uros Medic,KO/TKO,1.0,79.0,False,True,True,True,181-270,30-34,1
6ac9bc2953c47345,Gerald Meerschaert,24,37.661875427789184,5,2025-08-16,UFC 319: Du Plessis vs. Chimaev,5b880d10b0ed7acc,middleweight,0d65c432720accb9,Michal Oleksiejczuk,KO/TKO,1,183,259.0,2026-05-02,UFC Fight Night: Della Maddalena vs. Prates,edff38661bf2866b,middleweight,d4270315cbcf2569,Jacob Malkoun,Decision - Unanimous,3.0,900.0,False,True,False,False,181-270,35+,3+
bb2c3c3a466224af,Lone'er Kavanagh,3,26.206707734428473,1,2025-08-23,UFC Fight Night: Walker vs. Zhang,1ab1ed99a4bc5494,flyweight,814e5233e2acf2ee,Charles Johnson,KO/TKO,2,575,189.0,2026-02-28,UFC Fight Night: Moreno vs. Kavanagh,1330b5c21269fe92,flyweight,792be9a24df82ed6,Brandon Moreno,Decision - Unanimous,5.0,1500.0,True,False,False,False,181-270,<30,1
595db60957de51d3,Michel Pereira,14,31.87953456536619,2,2025-08-23,UFC Fight Night: Walker vs. Zhang,130e622d4d2aee3e,middleweight,d6c0cdd7e467c440,Kyle Daukaus,KO/TKO,1,43,182.0,2026-02-21,UFC Fight Night: Strickland vs. Hernandez,372d1dee0db8dbee,middleweight,23dec7c47cb418f8,Zach Reese,Decision - Split,3.0,900.0,True,False,False,False,181-270,30-34,2
8a65fd9ba31fd3f7,Zhang Mingyang,4,27.019849418206707,1,2025-08-23,UFC Fight Night: Walker vs. Zhang,2eecf0c36192e40c,light heavyweight,c21f26bbde777573,Johnny Walker,KO/TKO,2,457,280.0,2026-05-30,UFC Fight Night: Song vs. Figueiredo,a23d84f15207e459,light heavyweight,a495f599e787614f,Alonzo Menifield,KO/TKO,1.0,255.0,False,True,True,True,271-365,<30,1
4bdedbdeedff7d1d,Bolaji Oki,4,29.809719370294317,1,2025-09-06,UFC Fight Night: Imavov vs. Borralho,69b31593175f77ec,lightweight,f6ad6a1e4d600e0d,Mason Jones,KO/TKO,2,498,189.0,2026-03-14,UFC Fight Night: Emmett vs. Vallejos,c769dd861357af9f,lightweight,5870c541798124ae,Manoel Sousa,KO/TKO,3.0,852.0,False,True,True,True,181-270,<30,1
0c6d9ea8306c029e,Brad Tavares,27,37.711156741957566,6,2025-09-06,UFC Fight Night: Imavov vs. Borralho,b3253e2c2d111030,middleweight,f96856f9d69fd7e4,Robert Bryczek,KO/TKO,3,703,189.0,2026-03-14,UFC Fight Night: Emmett vs. Vallejos,cff81d681a01ae18,middleweight,cad24459b28592ca,Eryk Anders,Decision - Unanimous,3.0,900.0,False,True,False,False,181-270,35+,3+
49edd0d90f60fb7d,Brendson Ribeiro,6,28.993839835728952,3,2025-09-06,UFC Fight Night: Imavov vs. Borralho,4080b4310d82b42d,light heavyweight,46e2011d92463b7e,Oumar Sy,KO/TKO,1,282,210.0,2026-04-04,UFC Fight Night: Moicano vs. Duncan,ad487d1c6141d90a,light heavyweight,95aff2fd8d09a5f0,Abdul Rakhman Yakhyaev,Submission,1.0,172.0,False,True,False,False,181-270,<30,3+
2dbc60c52de126d8,Harry Hardwick,1,30.937713894592743,1,2025-09-06,UFC Fight Night: Imavov vs. Borralho,5cd2dd6075fadcce,lightweight,ec13c393d029297d,Kaue Fernandes,KO/TKO,1,201,189.0,2026-03-14,UFC Fight Night: Emmett vs. Vallejos,e0acd0cf4930671b,featherweight,6eedb757f13b9978,Marwan Rahiki,KO/TKO,2.0,600.0,False,True,True,True,181-270,30-34,1
c9cf753cfdf77fc2,Marcin Tybura,23,39.82477754962355,5,2025-09-06,UFC Fight Night: Imavov vs. Borralho,23dbe713c4294c66,heavyweight,7d8435c56043b0ae,Ante Delija,KO/TKO,1,123,203.0,2026-03-28,UFC Fight Night: Adesanya vs. Pyfer,08d4e3864c44f8a5,heavyweight,bc7f4b2d4c2724a2,Tyrell Fortune,Decision - Unanimous,3.0,900.0,False,True,False,False,181-270,35+,3+
3fa97913cfd205d3,Alessandro Costa,5,29.626283367556468,2,2025-09-13,UFC Fight Night: Lopes vs. Silva,a1e193425e716b42,,5e9ca8dd7d783a75,Alden Coria,KO/TKO,3,647,203.0,2026-04-04,UFC Fight Night: Moicano vs. Duncan,af2a9d47ca8115e4,flyweight,2bd98ab77a8daa75,Stewart Nicoll,KO/TKO,2.0,596.0,True,False,True,False,181-270,<30,2
52ef95b5860fb28c,Jean Silva,6,28.711841204654345,1,2025-09-13,UFC Fight Night: Lopes vs. Silva,de1a3734be60e6a1,,f166e93d04a8c274,Diego Lopes,KO/TKO,2,588,133.0,2026-01-24,UFC 324: Gaethje vs. Pimblett,836a188a90e479a5,featherweight,040a74bb0a465c54,Arnold Allen,Decision - Unanimous,3.0,900.0,True,False,False,False,121-180,<30,1
c6aee362c7a7d482,Randy Brown,21,35.337440109514034,3,2025-11-08,UFC Fight Night: Bonfim vs. Brown,4e224ebb6394611d,welterweight,01641ba5df0c69b0,Gabriel Bonfim,KO/TKO,2,400,154.0,2026-04-11,UFC 327: Prochazka vs. Ulberg,b4e16fb13153efdc,welterweight,3a46b268013afede,Kevin Holland,Decision - Unanimous,3.0,900.0,False,True,False,False,121-180,35+,3+
a495f599e787614f,Alonzo Menifield,17,38.09719370294319,4,2025-11-22,UFC Fight Night: Tsarukyan vs. Hooker,870d374f8d9af65a,light heavyweight,0845c81e37d3bcb3,Volkan Oezdemir,KO/TKO,1,87,189.0,2026-05-30,UFC Fight Night: Song vs. Figueiredo,a23d84f15207e459,light heavyweight,8a65fd9ba31fd3f7,Zhang Mingyang,KO/TKO,1.0,255.0,True,False,True,False,181-270,35+,3+
6747ccd6d1acd266,Shamil Gaziev,5,35.780971937029435,2,2025-11-22,UFC Fight Night: Tsarukyan vs. Hooker,e8307c7686c42d8c,heavyweight,fc08099550072fe4,Waldo Cortes Acosta,KO/TKO,1,82,161.0,2026-05-02,UFC Fight Night: Della Maddalena vs. Prates,a564219e7a964aa6,heavyweight,d0fd0d9ee560dae7,Brando Pericic,KO/TKO,2.0,524.0,False,True,True,True,121-180,35+,2
814e5233e2acf2ee,Charles Johnson,13,35.03901437371663,1,2026-01-24,UFC 324: Gaethje vs. Pimblett,b5aafe149bec4306,flyweight,ab2b4ff41d6ebe0f,Alex Perez,KO/TKO,1,196,49.0,2026-03-14,UFC Fight Night: Emmett vs. Vallejos,fc9168fd102e2e66,flyweight,294aa73dbf37d281,Bruno Silva,Decision - Split,3.0,900.0,True,False,False,False,0-120,35+,1
f14f644d41ade29f,Cody Brundage,14,31.71252566735113,2,2026-01-31,UFC 325: Volkanovski vs. Lopes 2,47362cae6ba0e077,middleweight,8ebc3a8da015d70c,Cam Rowston,KO/TKO,2,548,35.0,2026-03-07,UFC 326: Holloway vs. Oliveira 2,9c8d5dbd8905a715,middleweight,ad5cb64af10fc946,Donte Johnson,Decision - Split,3.0,900.0,False,True,False,False,0-120,30-34,2
d8da10db80131bec,Niko Price,20,36.3586584531143,5,2026-02-07,UFC Fight Night: Bautista vs. Oliveira,abefaf1807941ee4,welterweight,0f1efce7d2571d10,Nikolay Veretennikov,KO/TKO,1,102,49.0,2026-03-28,UFC Fight Night: Adesanya vs. Pyfer,6102e7a6dcbc62f0,welterweight,c58f51dedb310998,Michael Chiesa,Submission,1.0,63.0,False,True,False,False,0-120,35+,3+
b4443fae47e7eb9d,Wes Schultz,1,29.555099247091032,1,2026-02-28,UFC Fight Night: Moreno vs. Kavanagh,c6a85b67fdd2ef3d,middleweight,fdd22e895a70e4a8,Damian Pinas,KO/TKO,1,150,63.0,2026-05-02,UFC Fight Night: Della Maddalena vs. Prates,827c64369b374989,middleweight,3261aa79bf6caa64,Ben Johnston,Submission,3.0,710.0,True,False,False,False,0-120,<30,1
cdb7b38b1b357f26,Louie Sutherland,1,32.11225188227242,1,2026-03-21,UFC Fight Night: Evloev vs. Murphy,bfd17ed83ec5b598,heavyweight,d0fd0d9ee560dae7,Brando Pericic,KO/TKO,1,108,42.0,2026-05-02,UFC Fight Night: Della Maddalena vs. Prates,2afaa97901d5587c,heavyweight,c62fbc117d57b943,Tai Tuivasa,Decision - Unanimous,3.0,900.0,True,False,False,False,0-120,30-34,1
