fighter_id,fighter_name,extreme_rows,extreme_fights,mean_abs_reach_edge,max_abs_reach_edge,share_of_extreme_rows
84b3e7d38f2d2ec5,Neil Magny,27,27,17.309629629629622,27.939999999999998,0.0060756075607560755
07225ba28ae309b6,Charles Oliveira,20,20,10.287000000000004,15.240000000000009,0.004500450045004501
3a46b268013afede,Kevin Holland,19,19,15.77473684210527,22.860000000000014,0.004275427542754276
50db8711c70196cd,Ovince Saint Preux,19,19,11.897894736842096,17.78,0.004275427542754276
07f72a2a7591b409,Jon Jones,17,17,20.021176470588248,30.480000000000018,0.003825382538253825
ebc1f40e00e0c481,Stefan Struve,17,17,17.780000000000012,30.480000000000018,0.003825382538253825
22a92d7f62195791,Tony Ferguson,17,17,13.14823529411764,25.400000000000006,0.003825382538253825
64a50dad704d1d49,Edson Barboza,17,17,10.907058823529407,15.240000000000009,0.003825382538253825
d3df1add9d9a7efb,Derrick Lewis,16,16,11.588750000000003,17.78,0.0036003600360036
eef9b891edbd4604,Mark Hunt,15,15,19.13466666666667,30.480000000000018,0.0033753375337533752
6a2f7c151031653d,Rafael Dos Anjos,15,15,12.699999999999985,25.399999999999977,0.0033753375337533752
d28dee5c705991df,Stipe Miocic,15,15,12.699999999999992,20.319999999999993,0.0033753375337533752
193b9d1858bc4df3,Dan Hooker,15,15,11.175999999999997,17.78,0.0033753375337533752
0941df56f6ac954b,Johny Hendricks,14,14,13.607142857142865,27.939999999999998,0.0031503150315031502
ee9ebceabfd16fa7,Kevin Lee,14,14,15.058571428571437,25.400000000000006,0.0031503150315031502
6f242453c91a5af0,Dennis Bermudez,14,14,13.062857142857156,20.32000000000002,0.0031503150315031502
1d00756835ca67c9,Donald Cerrone,14,14,8.164285714285699,12.699999999999989,0.0031503150315031502
3f7c14c7eca7195d,Roy Nelson,13,13,17.193846153846167,27.940000000000026,0.0029252925292529252
8d03ce87ca14e778,Francis Ngannou,13,13,13.28615384615384,25.400000000000006,0.0029252925292529252
4b47e71384a9522f,Tim Means,13,13,9.964615384615383,15.240000000000009,0.0029252925292529252
6a1901c62ab3870f,Jessica Andrade,13,13,10.550769230769237,15.240000000000009,0.0029252925292529252
6bd02119599741a4,Pedro Munhoz,13,13,11.332307692307703,15.240000000000009,0.0029252925292529252
c58f51dedb310998,Michael Chiesa,13,13,10.355384615384613,15.240000000000009,0.0029252925292529252
d967f0128c323de6,Daniel Cormier,12,12,17.145000000000003,30.480000000000018,0.0027002700270027003
e51fcd9cd84c0b93,Michel Prazeres,12,12,16.933333333333326,25.400000000000006,0.0027002700270027003
7be14eaed4c74856,Brian Kelleher,12,12,11.853333333333346,22.860000000000014,0.0027002700270027003
1338e2c7480bdf9e,Israel Adesanya,12,12,14.604999999999988,22.859999999999985,0.0027002700270027003
8c0580d4fff106c1,Kelvin Gastelum,12,12,13.758333333333333,22.859999999999985,0.0027002700270027003
c21a036b4e012f1c,John Makdessi,12,12,12.488333333333335,17.78,0.0027002700270027003
cb696ebfb6598724,Aljamain Sterling,12,12,12.065000000000003,17.78,0.0027002700270027003
2f95a3c6d58b2aad,Iuri Alcantara,12,12,11.006666666666673,15.240000000000009,0.0027002700270027003
7a703c565ccaa18f,Jacare Souza,11,11,12.930909090909099,22.860000000000014,0.0024752475247524753
8fd808923cffff82,Andre Fili,11,11,12.46909090909092,22.860000000000014,0.0024752475247524753
ba280572acfba13f,Matt Mitrione,11,11,13.161818181818184,22.860000000000014,0.0024752475247524753
3a8176e15b9887c1,Chris Weidman,11,11,13.392727272727278,17.78,0.0024752475247524753
7aa3d6964eff4877,Alex Caceres,11,11,10.85272727272726,17.78,0.0024752475247524753
b1a3e0aca758b322,Derek Brunson,11,11,10.852727272727282,17.78,0.0024752475247524753
bf7ad5628363eec9,Cody Stamann,11,11,12.7,17.78,0.0024752475247524753
8355922d564b152c,Nate Diaz,11,11,12.699999999999989,15.23999999999998,0.0024752475247524753
150ff4cc642270b9,Max Holloway,11,11,9.467272727272734,12.700000000000017,0.0024752475247524753
c80095f6092271a7,Tim Boetsch,11,11,10.159999999999998,12.700000000000017,0.0024752475247524753
ab943cd2c3c17825,Marcos Rogerio de Lima,10,10,11.684000000000001,22.860000000000014,0.0022502250225022503
8667caa0451d245b,Kennedy Nzechukwu,10,10,17.27199999999999,22.859999999999985,0.0022502250225022503
b5b684eac99ae0a3,Chad Mendes,10,10,13.462000000000018,20.32000000000002,0.0022502250225022503
e9a3aeb207578eea,Ilir Latifi,10,10,14.732000000000008,20.32000000000002,0.0022502250225022503
427b5953ac8e3a27,Demian Maia,10,10,11.938000000000002,20.319999999999993,0.0022502250225022503
65578a75fa7900e3,Uriah Hall,10,10,12.700000000000003,20.319999999999993,0.0022502250225022503
98c23cb6da5b3352,Aleksei Oleinik,10,10,12.445999999999987,20.319999999999993,0.0022502250225022503
a4de54ea806fb525,Ray Borg,10,10,11.683999999999987,20.319999999999993,0.0022502250225022503
b4ad3a06ee4d660c,Alistair Overeem,10,10,10.413999999999993,20.319999999999993,0.0022502250225022503
c6aee362c7a7d482,Randy Brown,10,10,14.224000000000007,20.319999999999993,0.0022502250225022503
3c6976f8182d9527,Alexander Gustafsson,10,10,10.922000000000002,17.78,0.0022502250225022503
c21f26bbde777573,Johnny Walker,10,10,12.700000000000003,17.78,0.0022502250225022503
282fa667ff9c51ed,Cole Miller,10,10,11.175999999999984,15.23999999999998,0.0022502250225022503
63def5a5662a6917,Junior Dos Santos,10,10,9.651999999999992,15.23999999999998,0.0022502250225022503
b0d6a1d8ac3d563d,Max Griffin,10,10,10.413999999999996,15.23999999999998,0.0022502250225022503
2f13e4020cea5b38,Raphael Assuncao,10,10,10.16000000000001,12.700000000000017,0.0022502250225022503
d1941565abf50b16,Jim Miller,10,10,9.398,12.699999999999989,0.0022502250225022503
6256b2b1562cb8e1,James Vick,9,9,13.264444444444438,25.400000000000006,0.0020252025202520253
cc1a8b4b38b92c6d,Montel Jackson,9,9,15.804444444444442,22.860000000000014,0.0020252025202520253
23024fdfc966410a,Gilbert Burns,9,9,11.571111111111106,22.859999999999985,0.0020252025202520253
dea070ed4a2a8281,Thiago Santos,9,9,10.724444444444451,20.32000000000002,0.0020252025202520253
179f1948dc234f1f,Mark Munoz,9,9,12.98222222222222,20.319999999999993,0.0020252025202520253
511e82663651438d,Michael Johnson,9,9,9.031111111111095,20.319999999999993,0.0020252025202520253
5f6f049d54728e88,Andre Ewell,9,9,14.957777777777771,20.319999999999993,0.0020252025202520253
cc7040fe76f0ef91,Devin Clark,9,9,11.006666666666668,20.319999999999993,0.0020252025202520253
31123249b0bbf52e,Matt Brown,9,9,10.160000000000004,17.78,0.0020252025202520253
484acc7b0f856ce9,Ben Saunders,9,9,11.2888888888889,17.78,0.0020252025202520253
813550bc53b15fb0,Yancy Medeiros,9,9,11.006666666666664,17.78,0.0020252025202520253
902ab9197b83d0db,Phil Davis,9,9,11.853333333333328,17.78,0.0020252025202520253
9cdd2da1a9104a0b,Macy Chiasson,9,9,13.264444444444441,17.78,0.0020252025202520253
4f732e58ed907eff,Ross Pearson,9,9,10.72444444444445,15.240000000000009,0.0020252025202520253
5e4eec08896c9423,Corey Anderson,9,9,9.877777777777778,15.240000000000009,0.0020252025202520253
d81ac739417d7f53,Jake Ellenberger,9,9,10.44222222222222,15.240000000000009,0.0020252025202520253
dbc17725b887860a,Cezar Ferreira,9,9,11.00666666666667,15.240000000000009,0.0020252025202520253
57b10fca4f9c9a7a,Alex Oliveira,9,9,11.853333333333328,15.23999999999998,0.0020252025202520253
b4c6c904a9ffc5e8,Ashley Yoder,9,9,12.699999999999989,15.23999999999998,0.0020252025202520253
b8aef0faf4ce9b31,Sam Sicilia,9,9,11.853333333333325,15.23999999999998,0.0020252025202520253
2c99576fefe53c7c,Renan Barao,9,9,9.313333333333341,12.700000000000017,0.0020252025202520253
51018a31ddf31eb2,Molly McCann,8,8,14.287500000000005,25.400000000000006,0.0018001800180018
a20f234df70f2182,Ji Yeon Kim,8,8,16.8275,25.400000000000006,0.0018001800180018
f4c49976c75c5ab2,Conor McGregor,8,8,13.652500000000007,25.400000000000006,0.0018001800180018
f14cf73e51b29254,Sergei Pavlovich,8,8,15.557500000000019,22.860000000000014,0.0018001800180018
52e76bb4b3e852f3,Antonio Carlos Junior,8,8,13.652499999999996,22.859999999999985,0.0018001800180018
bdcbb976816fd256,Daniel Kelly,8,8,13.65249999999999,22.859999999999985,0.0018001800180018
db1f2ed63b54b9a7,Hector Lombard,8,8,12.382499999999997,22.859999999999985,0.0018001800180018
7ff97850e8c32bda,Glover Teixeira,8,8,9.842500000000005,20.32000000000002,0.0018001800180018
a8283a4f415e1eb9,Francisco Trinaldo,8,8,15.239999999999991,20.319999999999993,0.0018001800180018
c849740a3ff51931,TJ Dillashaw,8,8,9.842500000000001,20.319999999999993,0.0018001800180018
fa6796c55d6c5440,Curtis Blaydes,8,8,11.112499999999997,20.319999999999993,0.0018001800180018
3738e68d2261e60f,Andrei Arlovski,8,8,10.794999999999987,17.78,0.0018001800180018
4d8fa64202cee4c1,Jalin Turner,8,8,13.65250000000001,17.78,0.0018001800180018
59279a7c978f7da0,Al Iaquinta,8,8,11.747499999999988,17.78,0.0018001800180018
6fb1ba67bef41b37,Nik Lentz,8,8,12.7,17.78,0.0018001800180018
7026eca45f65377b,Jared Gordon,8,8,13.334999999999997,17.78,0.0018001800180018
7acbb0972e75281a,Marvin Vettori,8,8,11.747499999999995,17.78,0.0018001800180018
cfb65863d5099327,Thales Leites,8,8,10.160000000000004,17.78,0.0018001800180018
98d961097baaf308,Shane Burgos,8,8,12.064999999999998,15.240000000000009,0.0018001800180018
b1b0729d27936f2f,Belal Muhammad,8,8,8.890000000000004,15.240000000000009,0.0018001800180018
b2e3aca4cd363477,Chris Cariaso,8,8,11.1125,15.240000000000009,0.0018001800180018
d8c7c61b176e3994,Cody Garbrandt,8,8,11.747500000000006,15.240000000000009,0.0018001800180018
f2b6fdb20675b11c,Mike Perry,8,8,10.4775,15.240000000000009,0.0018001800180018
31ee470ef5dc8d7f,Thiago Alves,8,8,12.382499999999986,15.23999999999998,0.0018001800180018
78114b7199cef90c,Urijah Faber,8,8,8.89,15.23999999999998,0.0018001800180018
6c2030e0a143a94b,Chris Camozzi,8,8,8.89,12.699999999999989,0.0018001800180018
a67f5afa8d6a1b80,Ryan Spann,8,8,9.524999999999999,12.699999999999989,0.0018001800180018
0d8011111be000b2,Sean Strickland,8,8,8.255000000000003,10.159999999999997,0.0018001800180018
2816ced060a21be3,Nick Hein,7,7,14.151428571428587,25.400000000000006,0.0015751575157515751
8349d55cdecd393a,Antonio Silva,7,7,14.514285714285714,25.400000000000006,0.0015751575157515751
c2e3e67b5911bfb7,Diego Brandao,7,7,18.50571428571428,25.400000000000006,0.0015751575157515751
c62fbc117d57b943,Tai Tuivasa,7,7,14.877142857142859,22.860000000000014,0.0015751575157515751
830f60497fab345a,Jamie Pickett,7,7,10.885714285714272,22.859999999999985,0.0015751575157515751
e64b96c07d7ce999,Li Jingliang,7,7,10.885714285714284,22.859999999999985,0.0015751575157515751
140745cbbcb023ac,Mauricio Rua,7,7,10.160000000000005,20.32000000000002,0.0015751575157515751
d4c9dcd330403612,Anthony Smith,7,7,11.611428571428576,20.32000000000002,0.0015751575157515751
029eaff01e6bb8f0,Dustin Poirier,7,7,9.797142857142859,20.319999999999993,0.0015751575157515751
365fee2da473b177,Anthony Johnson,7,7,12.700000000000001,20.319999999999993,0.0015751575157515751
94527830000ab715,Rani Yahya,7,7,12.337142857142855,20.319999999999993,0.0015751575157515751
056c493bbd76a918,Henry Cejudo,7,7,11.611428571428572,17.78,0.0015751575157515751
58bbef3770bb2dfc,Joel Alvarez,7,7,10.522857142857154,17.78,0.0015751575157515751
a7897d200692ab64,Kyung Ho Kang,7,7,12.337142857142842,17.78,0.0015751575157515751
b27a1fcb56a3035a,Trevin Giles,7,7,10.522857142857143,17.78,0.0015751575157515751
c742287ed86a09bc,Jessica Penne,7,7,12.700000000000005,17.78,0.0015751575157515751
e1147d3d2dabe1ce,Robert Whittaker,7,7,13.062857142857158,17.78,0.0015751575157515751
05339613bf8e9808,Rob Font,7,7,11.248571428571434,15.240000000000009,0.0015751575157515751
49e96ff8ab781589,Tyson Pedro,7,7,10.160000000000005,15.240000000000009,0.0015751575157515751
4a28cb716c19157a,Stephen Thompson,7,7,11.248571428571429,15.240000000000009,0.0015751575157515751
cdb96af67d096b1e,Alex Morono,7,7,9.797142857142859,15.240000000000009,0.0015751575157515751
2676b28836a5a836,Benson Henderson,7,7,10.159999999999984,15.23999999999998,0.0015751575157515751
38c7f72747f4f712,Gillian Robertson,7,7,11.248571428571418,15.23999999999998,0.0015751575157515751
efb96bf3e9ada36f,Song Yadong,7,7,10.159999999999997,15.23999999999998,0.0015751575157515751
f1b2aa7853d1ed6e,Kamaru Usman,7,7,11.248571428571422,15.23999999999998,0.0015751575157515751
0dba4df5f34d5ff0,Rafael Natal,7,7,9.43428571428573,12.700000000000017,0.0015751575157515751
492b202d2064e7a9,Fabricio Werdum,7,7,9.071428571428568,12.700000000000017,0.0015751575157515751
5f179af5fffeb9f6,Cortney Casey,7,7,9.797142857142859,12.700000000000017,0.0015751575157515751
d0f3959b4a9747e6,Jose Aldo,7,7,9.797142857142868,12.700000000000017,0.0015751575157515751
5444c5a201d3ee5a,Jamahal Hill,7,7,9.071428571428571,12.699999999999989,0.0015751575157515751
6d4b63c767106d3a,Vicente Luque,7,7,9.071428571428571,12.699999999999989,0.0015751575157515751
d1e7fc58d4225cdf,Danny Castillo,7,7,9.797142857142855,12.699999999999989,0.0015751575157515751
f0feeb2192937424,Angela Hill,7,7,9.071428571428571,12.699999999999989,0.0015751575157515751
c268b2cfebccf652,John Lineker,7,7,8.345714285714289,10.159999999999997,0.0015751575157515751
cbb682f5fcc44bfc,Anthony Pettis,7,7,8.345714285714289,10.159999999999997,0.0015751575157515751
f7a7f7118d4b01b6,Lyoto Machida,6,6,11.853333333333333,25.400000000000006,0.0013501350135013501
02f2a9702ba3d167,Artem Lobov,6,6,15.663333333333341,22.860000000000014,0.0013501350135013501
18b602842a24f7c5,Mike Rodriguez,6,6,15.663333333333332,22.860000000000014,0.0013501350135013501
633a45d131192ffe,Kajan Johnson,6,6,12.699999999999998,22.860000000000014,0.0013501350135013501
673ea7dcc786b1b3,Bethe Correia,6,6,11.429999999999998,22.859999999999985,0.0013501350135013501
55f80a8aeffcdb33,Dustin Pague,6,6,16.086666666666677,20.32000000000002,0.0013501350135013501
af997f7611673880,Gadzhimurad Antigulov,6,6,14.393333333333322,20.319999999999993,0.0013501350135013501
04c8b08b16a5b99e,Tanner Boser,6,6,12.276666666666666,17.78,0.0013501350135013501
279566840aa55bf2,Alexander Volkov,6,6,11.429999999999993,17.78,0.0013501350135013501
2844b047183a1adb,Luis Pena,6,6,12.699999999999998,17.78,0.0013501350135013501
6ac9bc2953c47345,Gerald Meerschaert,6,6,11.006666666666675,17.78,0.0013501350135013501
6bf5a7d3e081ade2,Anthony Njokuani,6,6,12.276666666666666,17.78,0.0013501350135013501
92a9aa9c93192871,Darren Elkins,6,6,11.006666666666675,17.78,0.0013501350135013501
9c65736747ca92ec,Leonardo Santos,6,6,11.429999999999998,17.78,0.0013501350135013501
cf9d24e4bd0cf2ce,Mark Bocek,6,6,11.85333333333333,17.78,0.0013501350135013501
1091d4d957141094,Nikita Krylov,6,6,10.159999999999991,15.240000000000009,0.0013501350135013501
3236bf606fe9fa5b,Travis Browne,6,6,10.583333333333337,15.240000000000009,0.0013501350135013501
787bb1f087ccff8a,Ciryl Gane,6,6,10.583333333333337,15.240000000000009,0.0013501350135013501
87a1dc546b1c5caf,Makwan Amirkhani,6,6,9.313333333333338,15.240000000000009,0.0013501350135013501
886264a0c9f4ea5e,Andre Muniz,6,6,10.583333333333343,15.240000000000009,0.0013501350135013501
a845f0735bc67405,Jake Matthews,6,6,9.313333333333333,15.240000000000009,0.0013501350135013501
bd58d34e39b7b12a,Ben Rothwell,6,6,11.430000000000007,15.240000000000009,0.0013501350135013501
c451d67c09c55418,Chan Sung Jung,6,6,10.160000000000002,15.240000000000009,0.0013501350135013501
c96d9178c9ed9e62,Tim Elliott,6,6,10.16000000000001,15.240000000000009,0.0013501350135013501
f1d64ae34e088832,Charles Jourdain,6,6,12.276666666666676,15.240000000000009,0.0013501350135013501
f53d4f21d1b5f2dc,Diego Ferreira,6,6,9.73666666666667,15.240000000000009,0.0013501350135013501
80daefbed11ce998,Alejandro Perez,6,6,9.736666666666665,15.23999999999998,0.0013501350135013501
96428b9e9bd048ea,Luke Sanders,6,6,10.583333333333329,15.23999999999998,0.0013501350135013501
9bcf8603ceb25680,Dong Hyun Kim,6,6,10.159999999999997,15.23999999999998,0.0013501350135013501
9e8f6c728eb01124,Justin Gaethje,6,6,11.429999999999984,15.23999999999998,0.0013501350135013501
1f454354805b6f75,Anderson Silva,6,6,10.16000000000001,12.700000000000017,0.0013501350135013501
47b9e0e7703a4868,Jorge Masvidal,6,6,9.73666666666667,12.700000000000017,0.0013501350135013501
7c7332319c14094c,Marlon Vera,6,6,10.16000000000001,12.700000000000017,0.0013501350135013501
a6cba6bb66c1a8c9,Danny Roberts,6,6,9.736666666666673,12.700000000000017,0.0013501350135013501
03f982ca3735070c,Walt Harris,6,6,8.889999999999986,12.699999999999989,0.0013501350135013501
1291edf2d566a71a,Julio Arce,6,6,9.73666666666666,12.699999999999989,0.0013501350135013501
1ae8f3c723aacff4,Ricardo Ramos,6,6,11.00666666666666,12.699999999999989,0.0013501350135013501
31a13532e724ca2b,Stevie Ray,6,6,9.73666666666665,12.699999999999989,0.0013501350135013501
53ec9cb470e1a4ea,Jon Tuck,6,6,8.889999999999986,12.699999999999989,0.0013501350135013501
c0badf3243907e59,Alexandr Romanov,6,6,10.159999999999997,12.699999999999989,0.0013501350135013501
c47df9303d318c67,Clay Guida,6,6,9.736666666666665,12.699999999999989,0.0013501350135013501
d156513a19acf856,Sam Alvey,6,6,8.89,12.699999999999989,0.0013501350135013501
d2bc285ead803db0,Louis Smolka,6,6,9.313333333333333,12.699999999999989,0.0013501350135013501
fc9a9559a05f2704,Eddie Wineland,6,6,8.89,12.699999999999989,0.0013501350135013501
519e4fe37ce9ff75,Drew Dober,6,6,8.889999999999992,10.160000000000025,0.0013501350135013501
65f09bacd3957381,Cory Sandhagen,6,6,8.043333333333342,10.160000000000025,0.0013501350135013501
cf65d56b0755ed3b,Alan Jouban,6,6,8.89000000000001,10.160000000000025,0.0013501350135013501
08af939f41b5a57b,Beneil Dariush,6,6,8.466666666666669,10.159999999999997,0.0013501350135013501
49858bf46dabf6fb,Nordine Taleb,6,6,8.89,10.159999999999997,0.0013501350135013501
64facb6cc564262d,Punahele Soriano,6,6,8.89,10.159999999999997,0.0013501350135013501
80fa8218c99f9c58,Amanda Nunes,6,6,8.043333333333337,10.159999999999997,0.0013501350135013501
9c907996820d2d69,Jimmie Rivera,6,6,8.043333333333337,10.159999999999997,0.0013501350135013501
0ee783aa00e468f0,Vitor Belfort,5,5,12.192000000000002,25.400000000000006,0.0011251125112511251
1eacf73d6a0055dc,Cheick Kongo,5,5,19.812,25.400000000000006,0.0011251125112511251
658c3465581ae46b,Pat Barry,5,5,20.32,25.400000000000006,0.0011251125112511251
b8592b4a383696cd,Mitch Gagnon,5,5,14.224000000000007,25.400000000000006,0.0011251125112511251
c0ab242c40decc55,Ryan Bader,5,5,14.223999999999995,25.400000000000006,0.0011251125112511251
2c483cf443f38ece,Vanessa Demopoulos,5,5,17.779999999999983,25.399999999999977,0.0011251125112511251
5755960ebd0b16f6,Ivan Menjivar,5,5,13.207999999999998,22.859999999999985,0.0011251125112511251
8e5bfd4e82352340,Pablo Garza,5,5,16.763999999999992,22.859999999999985,0.0011251125112511251
43563a32c3f10e95,Cyrille Diabate,5,5,16.25600000000001,20.32000000000002,0.0011251125112511251
4c88a1db5a46c6a4,Jai Herbert,5,5,14.73200000000001,20.32000000000002,0.0011251125112511251
1bcaac2d99b90fce,Sergio Moraes,5,5,13.208000000000004,20.319999999999993,0.0011251125112511251
2e5c2aa8e4ab9d82,Paulo Costa,5,5,14.732000000000005,20.319999999999993,0.0011251125112511251
45f0cc9d18f35137,Chris Gutierrez,5,5,11.683999999999997,20.319999999999993,0.0011251125112511251
6d68c1afe954f121,Ode Osbourne,5,5,13.207999999999988,20.319999999999993,0.0011251125112511251
8e5d953bdb9ae5e7,Loopy Godinez,5,5,12.192000000000002,20.319999999999993,0.0011251125112511251
98f6da59d765ec94,Charlie Brenneman,5,5,12.699999999999989,20.319999999999993,0.0011251125112511251
a2b12c3f3d60ff69,Alex Garcia,5,5,11.684000000000003,20.319999999999993,0.0011251125112511251
203c957eac95dd87,Hyun Gyu Lim,5,5,13.208000000000004,17.78,0.0011251125112511251
2e585c701f72fe55,Ian Heinisch,5,5,13.208000000000009,17.78,0.0011251125112511251
483a953b18d73bb3,Deron Winn,5,5,12.19199999999999,17.78,0.0011251125112511251
60029bcf496bd707,Soa Palelei,5,5,13.716000000000003,17.78,0.0011251125112511251
8ddf9c51c5fdea75,Rousimar Palhares,5,5,11.175999999999998,17.78,0.0011251125112511251
b1e5bcaad32a3cac,Priscila Cachoeira,5,5,10.668000000000001,17.78,0.0011251125112511251
eabf206b162b3b83,Paul Craig,5,5,12.7,17.78,0.0011251125112511251
eb29176b03dfa888,Matt Wiman,5,5,12.191999999999997,17.78,0.0011251125112511251
f77c68bb4be8516d,Yoel Romero,5,5,12.700000000000017,17.78,0.0011251125112511251
016a8d958883167c,Gina Mazany,5,5,9.652000000000005,15.240000000000009,0.0011251125112511251
045f25b3a4c08e81,Jack Marshman,5,5,10.668000000000006,15.240000000000009,0.0011251125112511251
13a0275fa13c4d26,Jared Cannonier,5,5,9.652000000000005,15.240000000000009,0.0011251125112511251
1788eee370f077b7,Blagoy Ivanov,5,5,12.192000000000018,15.240000000000009,0.0011251125112511251
31f8081c7600da93,Kyle Nelson,5,5,10.160000000000002,15.240000000000009,0.0011251125112511251
3591d0d5d382a381,Francis Carmont,5,5,11.176000000000005,15.240000000000009,0.0011251125112511251
5987b2458f4b5290,Ricky Simon,5,5,11.175999999999998,15.240000000000009,0.0011251125112511251
9673a497a9da119a,Polyana Viana,5,5,12.192000000000007,15.240000000000009,0.0011251125112511251
a4e85a58fbce64b2,Joe Soto,5,5,12.192000000000002,15.240000000000009,0.0011251125112511251
aa72b0f831d0bfe5,Deiveson Figueiredo,5,5,9.144000000000005,15.240000000000009,0.0011251125112511251
af9f42e6894047fc,Jamie Mullarkey,5,5,10.668000000000006,15.240000000000009,0.0011251125112511251
cd7763bcadb5d4c8,Alan Patrick,5,5,12.700000000000006,15.240000000000009,0.0011251125112511251
d0314416a7f26527,Michael McDonald,5,5,10.668000000000001,15.240000000000009,0.0011251125112511251
d317a5e2b3f88c5f,Warlley Alves,5,5,10.668000000000001,15.240000000000009,0.0011251125112511251
f2688492b9a525a3,Frankie Edgar,5,5,9.652000000000005,15.240000000000009,0.0011251125112511251
f9b200db02b488d9,Lando Vannata,5,5,11.683999999999997,15.240000000000009,0.0011251125112511251
f9d0cae37dabfafc,Ike Villanueva,5,5,11.684000000000015,15.240000000000009,0.0011251125112511251
f9f07bb5a43535ed,Carlos Condit,5,5,11.175999999999998,15.240000000000009,0.0011251125112511251
068f8a189a47fea6,Maurice Greene,5,5,11.175999999999993,15.23999999999998,0.0011251125112511251
0c6d9ea8306c029e,Brad Tavares,5,5,11.175999999999993,15.23999999999998,0.0011251125112511251
325ad0dd9126d3df,Randy Costa,5,5,10.667999999999983,15.23999999999998,0.0011251125112511251
4a57ebb14315b251,Randa Markos,5,5,10.159999999999986,15.23999999999998,0.0011251125112511251
71002dbc1743b9a7,Felipe Arantes,5,5,11.175999999999982,15.23999999999998,0.0011251125112511251
7339d340aa2889cb,Kyle Noke,5,5,9.651999999999997,15.23999999999998,0.0011251125112511251
8a1f3b5c526cd6e6,Daniel Rodriguez,5,5,9.144,15.23999999999998,0.0011251125112511251
e5010b1b94ca5755,Paul Felder,5,5,12.699999999999989,15.23999999999998,0.0011251125112511251
f2925e6db404bf1d,Robbie Lawler,5,5,11.684000000000003,15.23999999999998,0.0011251125112511251
00e11b5c8b7bfeeb,Luke Rockhold,5,5,9.14400000000001,12.700000000000017,0.0011251125112511251
33a331684283900f,Eddie Alvarez,5,5,9.652000000000005,12.700000000000017,0.0011251125112511251
902ec2cc48c8ae8a,Julian Erosa,5,5,11.176000000000005,12.700000000000017,0.0011251125112511251
92fa1401b7927da3,Jake Collier,5,5,9.144000000000005,12.700000000000017,0.0011251125112511251
9ba2226646046b63,Frankie Saenz,5,5,9.652000000000015,12.700000000000017,0.0011251125112511251
d247691a6c0e9034,Cub Swanson,5,5,10.667999999999996,12.700000000000017,0.0011251125112511251
fc169c387b4b465d,Raquel Pennington,5,5,11.176000000000005,12.700000000000017,0.0011251125112511251
0845c81e37d3bcb3,Volkan Oezdemir,5,5,10.159999999999997,12.699999999999989,0.0011251125112511251
22aa91e402d0fe1f,Ramsey Nijem,5,5,9.651999999999997,12.699999999999989,0.0011251125112511251
232c582f29f8f65e,Gegard Mousasi,5,5,9.144,12.699999999999989,0.0011251125112511251
2c9d00968f818270,Hakeem Dawodu,5,5,8.635999999999978,12.699999999999989,0.0011251125112511251
32490e80ddab1e5a,Song Kenan,5,5,9.144,12.699999999999989,0.0011251125112511251
361d49960a196976,Daniel Pineda,5,5,9.651999999999997,12.699999999999989,0.0011251125112511251
38c626ca912c7bac,Damir Hadzovic,5,5,9.651999999999992,12.699999999999989,0.0011251125112511251
3a314d9fa7c6825d,Douglas Silva de Andrade,5,5,9.144,12.699999999999989,0.0011251125112511251
49a74b9fb2e45fdf,Neil Seery,5,5,9.651999999999997,12.699999999999989,0.0011251125112511251
634e2fb70bde3fd5,Holly Holm,5,5,9.144,12.699999999999989,0.0011251125112511251
8e1f36476ef02a6a,Jennifer Maia,5,5,10.667999999999996,12.699999999999989,0.0011251125112511251
9fa3bd637edd9aa2,Patrick Cote,5,5,10.667999999999996,12.699999999999989,0.0011251125112511251
a0e75f4a13eb73f1,Megan Anderson,5,5,9.651999999999997,12.699999999999989,0.0011251125112511251
aceffa19749c4dc0,Zubaira Tukhugov,5,5,11.175999999999993,12.699999999999989,0.0011251125112511251
acff437707625fc7,Yushin Okami,5,5,10.667999999999996,12.699999999999989,0.0011251125112511251
b50a426a33da0012,Sean O'Malley,5,5,9.144,12.699999999999989,0.0011251125112511251
b93c06d09d1c4ac0,Steven Peterson,5,5,9.651999999999987,12.699999999999989,0.0011251125112511251
d661ce4da776fc20,Petr Yan,5,5,9.651999999999997,12.699999999999989,0.0011251125112511251
de75d1c45a39e221,Sergio Pettis,5,5,10.667999999999996,12.699999999999989,0.0011251125112511251
fba03cd6cc28dc41,Josh Emmett,5,5,8.635999999999978,12.699999999999989,0.0011251125112511251
fd5b6598a3b70c0a,Seth Baczynski,5,5,10.667999999999996,12.699999999999989,0.0011251125112511251
14ff46596ad80609,Norman Parke,5,5,8.127999999999986,10.160000000000025,0.0011251125112511251
c878270af633eb11,Jordan Wright,5,5,8.128000000000004,10.160000000000025,0.0011251125112511251
eae431e70064e046,Abdul Razak Alhassan,5,5,8.636000000000013,10.160000000000025,0.0011251125112511251
132deb59abae64b1,Valentina Shevchenko,5,5,8.128000000000004,10.159999999999997,0.0011251125112511251
436f970c9ea9169c,Gabriel Benitez,5,5,8.128000000000004,10.159999999999997,0.0011251125112511251
523fa774700d7d3f,Court McGee,5,5,8.128000000000004,10.159999999999997,0.0011251125112511251
5ef0088c1b19beeb,Bryan Caraway,5,5,8.128000000000004,10.159999999999997,0.0011251125112511251
6f7c616b98e18c29,Claudio Silva,5,5,8.128000000000004,10.159999999999997,0.0011251125112511251
82e7929bf6c2b689,Diego Sanchez,5,5,8.128000000000004,10.159999999999997,0.0011251125112511251
a8e6a69796280f17,Nate Marquardt,5,5,8.128000000000004,10.159999999999997,0.0011251125112511251
ac40f7e3cbecdda4,Parker Porter,5,5,9.144,10.159999999999997,0.0011251125112511251
b102c26727306ab6,Jussier Formiga,5,5,8.128000000000004,10.159999999999997,0.0011251125112511251
b959e8c7fd8390d2,Kyle Kingsbury,5,5,8.636000000000001,10.159999999999997,0.0011251125112511251
b96619b3acd7d9da,Miesha Tate,5,5,8.636000000000001,10.159999999999997,0.0011251125112511251
d8da10db80131bec,Niko Price,5,5,8.128000000000004,10.159999999999997,0.0011251125112511251
e51e5cb722bd47a8,Patrick Cummins,5,5,8.636000000000001,10.159999999999997,0.0011251125112511251
fea79f9bc8c68769,Marlon Moraes,5,5,8.636000000000001,10.159999999999997,0.0011251125112511251
33b2f68ef95252e0,Miguel Torres,4,4,23.49499999999999,33.01999999999998,0.0009000900090009
48d1f690b763934c,Chael Sonnen,4,4,13.97000000000002,27.940000000000026,0.0009000900090009
3351aa64aa83c4d9,Cory McKenna,4,4,15.875000000000014,25.400000000000006,0.0009000900090009
470fedbc8563ac47,Daniel Omielanczuk,4,4,17.779999999999987,25.400000000000006,0.0009000900090009
725b1abc9a39d873,AJ Fletcher,4,4,22.225,25.400000000000006,0.0009000900090009
ccdd90bd1fc7dab6,Vladimir Matyushenko,4,4,13.335,25.400000000000006,0.0009000900090009
f626118b6da0e020,Bryan Battle,4,4,13.335000000000015,25.400000000000006,0.0009000900090009
6370c1c1e12723d5,Marcin Prachnio,4,4,13.335000000000015,22.860000000000014,0.0009000900090009
7a39bbac8cc0fa70,Gasan Umalatov,4,4,12.699999999999996,22.859999999999985,0.0009000900090009
2f5cbecbbe18bac4,Shamil Abdurakhimov,4,4,11.430000000000007,20.32000000000002,0.0009000900090009
da816417a579a0bd,Gavin Tucker,4,4,14.605000000000018,20.32000000000002,0.0009000900090009
369ea36e450ae62a,Armen Petrosyan,4,4,13.334999999999994,20.319999999999993,0.0009000900090009
4682bc59d5f55145,Sean Woodson,4,4,15.875,20.319999999999993,0.0009000900090009
528b071cf3da7c56,Luana Carolina,4,4,14.604999999999997,20.319999999999993,0.0009000900090009
6fd953151d981979,JJ Aldrich,4,4,13.969999999999999,20.319999999999993,0.0009000900090009
9450848a71d53776,Lorenz Larkin,4,4,13.970000000000006,20.319999999999993,0.0009000900090009
b72a60a0cadff408,Louis Gaudinot,4,4,11.429999999999986,20.319999999999993,0.0009000900090009
cd13728ae1151f46,Ion Cutelaba,4,4,15.239999999999995,20.319999999999993,0.0009000900090009
d25240135aee03e5,Tabatha Ricci,4,4,15.240000000000002,20.319999999999993,0.0009000900090009
0e21976afc92e4d1,Magnus Cedenblad,4,4,13.335,17.78,0.0009000900090009
1a7745388839e52b,John Maguire,4,4,14.605000000000004,17.78,0.0009000900090009
1ff9589f9065a9ed,Frank Mir,4,4,14.605000000000004,17.78,0.0009000900090009
285ae0b4a68221f4,JunYong Park,4,4,12.700000000000017,17.78,0.0009000900090009
2e19380f34871c6a,Dominick Reyes,4,4,11.429999999999993,17.78,0.0009000900090009
3a24769a4855040a,Diego Nunes,4,4,10.160000000000004,17.78,0.0009000900090009
447f9858ae78f921,Muslim Salikhov,4,4,11.429999999999993,17.78,0.0009000900090009
764342d39cdaa54a,Frank Camacho,4,4,12.699999999999989,17.78,0.0009000900090009
7b433309b0fd12aa,Brad Katona,4,4,13.334999999999994,17.78,0.0009000900090009
b4192a975027aab6,Maryna Moroz,4,4,10.160000000000004,17.78,0.0009000900090009
b4eeac608fc82f88,Yves Jabouin,4,4,14.604999999999997,17.78,0.0009000900090009
b71ce838b01f2cad,Rony Jason,4,4,14.60499999999999,17.78,0.0009000900090009
c727c7d31c50c4cf,Anthony Hamilton,4,4,13.970000000000006,17.78,0.0009000900090009
ca2efc9d7d523c43,Shawn Jordan,4,4,13.335,17.78,0.0009000900090009
cb139171ed1b69fe,Kenny Florian,4,4,12.064999999999998,17.78,0.0009000900090009
d023ae89a2a4a41e,Matthew Riddle,4,4,13.335,17.78,0.0009000900090009
d512d9f204059f57,Joe Riggs,4,4,13.969999999999992,17.78,0.0009000900090009
d945aae53e3e54e6,Thiago Moises,4,4,10.794999999999987,17.78,0.0009000900090009
e4a47b07044ddd72,Ignacio Bahamondes,4,4,10.795000000000002,17.78,0.0009000900090009
f14f644d41ade29f,Cody Brundage,4,4,11.43,17.78,0.0009000900090009
f86cb5f25d545e0e,Daniel Spitz,4,4,14.604999999999997,17.78,0.0009000900090009
fc31f896cde2bc2e,John Howard,4,4,10.160000000000004,17.78,0.0009000900090009
fe91d254db77a7fc,Dustin Kimura,4,4,13.970000000000006,17.78,0.0009000900090009
270b89c00ef0c55c,Gabriel Gonzaga,4,4,10.160000000000004,15.240000000000009,0.0009000900090009
67c1d46f4ed16f9e,Matt Schnell,4,4,10.16000000000001,15.240000000000009,0.0009000900090009
6aae253467e8f9ce,Tafon Nchukwi,4,4,11.43,15.240000000000009,0.0009000900090009
70d2329a92864fdb,Sabina Mazo,4,4,10.795000000000009,15.240000000000009,0.0009000900090009
749f572d1d3161fb,Khalil Rountree Jr.,4,4,9.525000000000006,15.240000000000009,0.0009000900090009
767755fd74662dbf,Khamzat Chimaev,4,4,10.795000000000002,15.240000000000009,0.0009000900090009
7c6e87729e824ef4,Ildemar Alcantara,4,4,12.065000000000005,15.240000000000009,0.0009000900090009
84ff027394f7e470,Gregor Gillespie,4,4,10.160000000000004,15.240000000000009,0.0009000900090009
99df7d0a2a08a8a8,Jan Blachowicz,4,4,11.430000000000007,15.240000000000009,0.0009000900090009
a331233f597090a5,Bryan Barberena,4,4,9.525000000000006,15.240000000000009,0.0009000900090009
ab2b4ff41d6ebe0f,Alex Perez,4,4,10.160000000000004,15.240000000000009,0.0009000900090009
bc7230f231701d66,Mike Easton,4,4,10.16000000000001,15.240000000000009,0.0009000900090009
c9cf753cfdf77fc2,Marcin Tybura,4,4,11.430000000000007,15.240000000000009,0.0009000900090009
d024ed963e8bf7ea,Damien Brown,4,4,12.699999999999996,15.240000000000009,0.0009000900090009
dbac0a413af64bbe,Felipe Colares,4,4,11.430000000000007,15.240000000000009,0.0009000900090009
de45aaae23dfa392,Christos Giagos,4,4,10.795000000000002,15.240000000000009,0.0009000900090009
e00a3dee329a51f7,Jamall Emmers,4,4,13.335000000000008,15.240000000000009,0.0009000900090009
eebc23626e38f5dc,Liana Jojua,4,4,12.065000000000012,15.240000000000009,0.0009000900090009
f9ab66e67240db7b,Joselyne Edwards,4,4,10.16000000000001,15.240000000000009,0.0009000900090009
0ff11cc094e887bc,Cain Velasquez,4,4,12.699999999999989,15.23999999999998,0.0009000900090009
2be6596a9db33bf5,Jason MacDonald,4,4,13.334999999999987,15.23999999999998,0.0009000900090009
35faad160d346839,Mizuto Hirota,4,4,11.429999999999993,15.23999999999998,0.0009000900090009
39330403ad27c2bb,Patrick Williams,4,4,13.334999999999987,15.23999999999998,0.0009000900090009
3be081c29bf734d9,Takanori Gomi,4,4,10.159999999999982,15.23999999999998,0.0009000900090009
4d44f37107f01b9b,Tom Lawlor,4,4,12.06499999999999,15.23999999999998,0.0009000900090009
84ac950d4c1722dd,Duane Ludwig,4,4,13.334999999999987,15.23999999999998,0.0009000900090009
85073dbd1be65ed9,Greg Hardy,4,4,13.334999999999987,15.23999999999998,0.0009000900090009
866fd7b1a6c90e7f,Dusko Todorovic,4,4,12.06499999999999,15.23999999999998,0.0009000900090009
c482c8605455a213,Junior Albini,4,4,12.06499999999999,15.23999999999998,0.0009000900090009
c68c68efaa5ca6ef,Chidi Njokuani,4,4,13.969999999999985,15.23999999999998,0.0009000900090009
cbd5d3cdd862e90e,Rory MacDonald,4,4,13.334999999999987,15.23999999999998,0.0009000900090009
d4f364dd076bb0e2,Cung Le,4,4,12.699999999999989,15.23999999999998,0.0009000900090009
f046d724d2a84ac5,Desmond Green,4,4,10.794999999999987,15.23999999999998,0.0009000900090009
f1928a52590c5532,Curtis Millender,4,4,10.159999999999997,15.23999999999998,0.0009000900090009
01b352b6a9074d5c,Chase Sherman,4,4,8.890000000000008,12.700000000000017,0.0009000900090009
0b64d0fed453ef7f,Scott Jorgensen,4,4,9.525000000000013,12.700000000000017,0.0009000900090009
294aa73dbf37d281,Bruno Silva,4,4,9.525000000000006,12.700000000000017,0.0009000900090009
8c57c7b8c3bab0eb,Nicolae Negumereanu,4,4,10.795000000000002,12.700000000000017,0.0009000900090009
971246648e162f0d,Chase Hooper,4,4,10.795000000000009,12.700000000000017,0.0009000900090009
b6452706b373eea1,Renato Moicano,4,4,9.525000000000006,12.700000000000017,0.0009000900090009
b6c4451cb13c9303,Andy Ogle,4,4,10.795000000000009,12.700000000000017,0.0009000900090009
b9437600497350f3,Joaquin Buckley,4,4,9.525000000000006,12.700000000000017,0.0009000900090009
32c355b04fc57f3a,Marc Diakiese,4,4,10.159999999999997,12.699999999999989,0.0009000900090009
4498b382c65a7faa,Roxanne Modafferi,4,4,10.794999999999995,12.699999999999989,0.0009000900090009
48e093ea1f43a053,Takeya Mizugaki,4,4,9.524999999999999,12.699999999999989,0.0009000900090009
497ba5b12a4bfc47,Jason Brilz,4,4,9.524999999999999,12.699999999999989,0.0009000900090009
595db60957de51d3,Michel Pereira,4,4,9.525000000000006,12.699999999999989,0.0009000900090009
6e00cfffd54653c4,Tyson Nam,4,4,9.524999999999999,12.699999999999989,0.0009000900090009
98215d037be5bcb7,Cynthia Calvillo,4,4,8.89,12.699999999999989,0.0009000900090009
99bcdf5eac39898f,Jordan Johnson,4,4,10.159999999999997,12.699999999999989,0.0009000900090009
a9e260472d321361,Jasmine Jasudavicius,4,4,8.89,12.699999999999989,0.0009000900090009
b997be68943010fc,Geoff Neal,4,4,9.524999999999999,12.699999999999989,0.0009000900090009
b9f28e7045fdfce7,Raoni Barcelos,4,4,8.89,12.699999999999989,0.0009000900090009
d1c65d2cf2925ddd,Gregory Rodrigues,4,4,9.524999999999999,12.699999999999989,0.0009000900090009
d31cbcdd7d69536d,TJ Brown,4,4,8.89,12.699999999999989,0.0009000900090009
e5c9de15bb58b1c6,Evan Dunham,4,4,10.159999999999982,12.699999999999989,0.0009000900090009
2558ae2e5671e318,Khaos Williams,4,4,8.890000000000015,10.160000000000025,0.0009000900090009
8abac218746e04ca,Takashi Sato,4,4,9.525000000000013,10.160000000000025,0.0009000900090009
9fa568ad2bf2cb0b,Justin Scoggins,4,4,8.890000000000008,10.160000000000025,0.0009000900090009
12585614e0ed2626,Nick Maximov,4,4,8.89,10.159999999999997,0.0009000900090009
236a37d96d476164,Mike Pierce,4,4,8.89,10.159999999999997,0.0009000900090009
3253b16d38ae087d,Julianna Pena,4,4,8.255000000000003,10.159999999999997,0.0009000900090009
4a1329cc8eb0928a,Maximo Blanco,4,4,9.524999999999999,10.159999999999997,0.0009000900090009
501b07aec9b8fc2d,Sam Stout,4,4,8.254999999999981,10.159999999999997,0.0009000900090009
5f04e3d58d9ce982,Yves Edwards,4,4,8.254999999999988,10.159999999999997,0.0009000900090009
5f87a5c00b3d17ed,Dennis Siver,4,4,8.254999999999988,10.159999999999997,0.0009000900090009
6a740daf1b279661,Maycee Barber,4,4,8.89,10.159999999999997,0.0009000900090009
73e09f837f3b5ecc,Rogerio Nogueira,4,4,9.524999999999999,10.159999999999997,0.0009000900090009
80eacd4da0617c57,Joseph Benavidez,4,4,8.89,10.159999999999997,0.0009000900090009
ae7fe94f117f98cf,Joaquim Silva,4,4,8.255000000000003,10.159999999999997,0.0009000900090009
beecb672a279223e,Amanda Ribas,4,4,8.254999999999981,10.159999999999997,0.0009000900090009
ce632027bf2a871b,Dalcha Lungiambula,4,4,8.89,10.159999999999997,0.0009000900090009
d0aaedcf7ccd0b45,Chris Daukaus,4,4,9.524999999999999,10.159999999999997,0.0009000900090009
dc9572dd6ec74859,Colby Covington,4,4,10.159999999999997,10.159999999999997,0.0009000900090009
e9213f53ddeca978,Dhiego Lima,4,4,8.89,10.159999999999997,0.0009000900090009
f57dd0bfa8c17813,Mark De La Rosa,4,4,9.524999999999999,10.159999999999997,0.0009000900090009
fcd448a2fe1a23cc,Gian Villante,4,4,8.89,10.159999999999997,0.0009000900090009
fd55393021a8c255,Gunnar Nelson,4,4,8.255000000000003,10.159999999999997,0.0009000900090009
feaf00f3373435d6,Chris Gruetzemacher,4,4,9.524999999999999,10.159999999999997,0.0009000900090009
8adcbd525fab8d9b,Elizeu Zaleski dos Santos,4,4,7.619999999999997,7.6200000000000045,0.0009000900090009
7559395ad833c074,Miranda Granger,3,3,16.933333333333337,25.400000000000006,0.0006750675067506751
92aafa8f4b26269b,Walel Watson,3,3,21.166666666666668,25.400000000000006,0.0006750675067506751
1a9480fc288e55d7,Don'Tale Mayes,3,3,14.393333333333336,22.860000000000014,0.0006750675067506751
2c5a0b8317f8f27a,Roque Martinez,3,3,16.086666666666673,22.860000000000014,0.0006750675067506751
91ea901c458e95dd,Jared Rosholt,3,3,16.933333333333337,22.860000000000014,0.0006750675067506751
bc8f6b42767e28df,Naoyuki Kotani,3,3,16.933333333333348,22.860000000000014,0.0006750675067506751
ee779c43a8926d52,Rashad Evans,3,3,15.24,22.860000000000014,0.0006750675067506751
2c010b26a3306969,Orion Cosce,3,3,15.23999999999999,22.859999999999985,0.0006750675067506751
a12a8314adc1c1c9,Laureano Staropoli,3,3,15.23999999999999,22.859999999999985,0.0006750675067506751
a7ddae0be8b78147,Jessamyn Duke,3,3,20.319999999999993,22.859999999999985,0.0006750675067506751
e5bda12faabfc850,Luis Henrique,3,3,15.23999999999999,22.859999999999985,0.0006750675067506751
ef7fa30364cbe7f2,Hatsu Hioki,3,3,12.69999999999998,22.859999999999985,0.0006750675067506751
2ac4628c08ec5125,Markus Perez,3,3,11.853333333333344,20.32000000000002,0.0006750675067506751
32be4b7f7de1c905,Chico Camus,3,3,16.933333333333348,20.32000000000002,0.0006750675067506751
6b453bc35a823c3f,Jack Della Maddalena,3,3,13.546666666666681,20.32000000000002,0.0006750675067506751
6d1bffff14897645,Santiago Ponzinibbio,3,3,15.240000000000009,20.32000000000002,0.0006750675067506751
234f3767ff0e5701,Kendall Grove,3,3,16.933333333333326,20.319999999999993,0.0006750675067506751
4aa58269d0664b5b,Matthew Semelsberger,3,3,13.546666666666662,20.319999999999993,0.0006750675067506751
4ba8d454f762005d,Zak Cummings,3,3,14.393333333333336,20.319999999999993,0.0006750675067506751
79cb2a690b9ba5e8,Zarrukh Adashev,3,3,11.853333333333333,20.319999999999993,0.0006750675067506751
928ae2e5b5f7a9ec,Justine Kish,3,3,16.086666666666662,20.319999999999993,0.0006750675067506751
c5af5750e8bae4f0,Kyle Bochniak,3,3,11.853333333333316,20.319999999999993,0.0006750675067506751
e17ac6410c8377f4,Bartosz Fabinski,3,3,11.853333333333333,20.319999999999993,0.0006750675067506751
e6c5908910cc26e4,Lavar Johnson,3,3,16.086666666666662,20.319999999999993,0.0006750675067506751
ffc3e6daaa6da0b7,Johnny Bedford,3,3,12.699999999999998,20.319999999999993,0.0006750675067506751
025f0b1b58fbad01,Darko Stosic,3,3,11.853333333333333,17.78,0.0006750675067506751
0749d968e932df53,Tarec Saffiedine,3,3,16.086666666666655,17.78,0.0006750675067506751
08e908ed6d18d6a0,Myles Jury,3,3,11.00666666666666,17.78,0.0006750675067506751
26e3f3928b1891d9,Hannah Goldy,3,3,15.24,17.78,0.0006750675067506751
2eeaefbfc7f9fcff,Lina Lansberg,3,3,12.700000000000008,17.78,0.0006750675067506751
46baf0f57edfa4df,Joey Beltran,3,3,16.086666666666662,17.78,0.0006750675067506751
4bf6b225ff6099c4,Domingo Pilarte,3,3,14.393333333333326,17.78,0.0006750675067506751
4e6738062d469256,Sedriques Dumas,3,3,11.00666666666667,17.78,0.0006750675067506751
5331b25a60417ffb,Anthony Rocco Martin,3,3,11.006666666666652,17.78,0.0006750675067506751
5580771f383e141f,Jesse Ronson,3,3,11.853333333333333,17.78,0.0006750675067506751
568bbad0eaced57c,Shanna Young,3,3,11.00666666666667,17.78,0.0006750675067506751
6506c1d34da9c013,Georges St-Pierre,3,3,11.853333333333333,17.78,0.0006750675067506751
681399317dbf4701,Uros Medic,3,3,13.546666666666672,17.78,0.0006750675067506751
6ded9184b2284645,Willie Gates,3,3,15.24,17.78,0.0006750675067506751
700a674c042b7a96,Cody Gibson,3,3,11.853333333333333,17.78,0.0006750675067506751
849c5d9979df5357,Mateusz Rebecki,3,3,13.546666666666672,17.78,0.0006750675067506751
8d20d76af3f213ce,Joseph Holmes,3,3,13.546666666666653,17.78,0.0006750675067506751
91acd6910b802a9e,Chris Lytle,3,3,15.24,17.78,0.0006750675067506751
9560ff14eb3129f7,Giga Chikadze,3,3,12.699999999999998,17.78,0.0006750675067506751
a17ad5a5048e8c3f,Darren Stewart,3,3,13.546666666666662,17.78,0.0006750675067506751
aec185309b4843d0,Siyar Bahadurzada,3,3,11.00666666666667,17.78,0.0006750675067506751
b76c6268dc1d3c05,Danielle Taylor,3,3,17.78,17.78,0.0006750675067506751
ba5e253af86db1a8,Terrion Ware,3,3,11.00666666666667,17.78,0.0006750675067506751
c03a5022f8439f2a,Chad Laprise,3,3,12.699999999999998,17.78,0.0006750675067506751
cfaf010d5b389c09,Mike Wilkinson,3,3,14.393333333333345,17.78,0.0006750675067506751
d31a5546c0e9b213,Rodrigo Nascimento,3,3,13.546666666666662,17.78,0.0006750675067506751
d7e40dca3ae125be,Diana Belbita,3,3,16.086666666666673,17.78,0.0006750675067506751
e4277e87a789d687,Dustin Jacoby,3,3,13.546666666666662,17.78,0.0006750675067506751
01784fbc27c68b14,Rachael Ostovich,3,3,12.700000000000008,15.240000000000009,0.0006750675067506751
029afd138865d20a,Rafael Alves,3,3,12.699999999999998,15.240000000000009,0.0006750675067506751
04b39f4e8eb59d7c,Oluwale Bamgbose,3,3,12.700000000000008,15.240000000000009,0.0006750675067506751
0a1942069c9ad6b6,Jack Hermansson,3,3,11.853333333333344,15.240000000000009,0.0006750675067506751
0a73acff6325c1e2,Shayilan Nuerdanbieke,3,3,11.00666666666667,15.240000000000009,0.0006750675067506751
0fd5f4b838e890cc,Said Nurmagomedov,3,3,11.00666666666668,15.240000000000009,0.0006750675067506751
135d124172a0bea3,Damir Ismagulov,3,3,11.00666666666667,15.240000000000009,0.0006750675067506751
1b38a2b897f6209c,Felipe Silva,3,3,12.700000000000017,15.240000000000009,0.0006750675067506751
1e1dbd1cc5a7469e,Jimi Manuwa,3,3,11.00666666666667,15.240000000000009,0.0006750675067506751
2244d9a2b64b8c3b,Hannah Cifers,3,3,11.853333333333344,15.240000000000009,0.0006750675067506751
2de91c2244ad7e89,Dominic Waters,3,3,11.853333333333333,15.240000000000009,0.0006750675067506751
2f181c0467965b98,Brendan Allen,3,3,10.160000000000005,15.240000000000009,0.0006750675067506751
329e403448756217,Nathaniel Wood,3,3,11.853333333333344,15.240000000000009,0.0006750675067506751
40093d1d2d78394e,Charles Rosa,3,3,11.00666666666667,15.240000000000009,0.0006750675067506751
4148802ae4a50768,Daniel Zellhuber,3,3,14.393333333333345,15.240000000000009,0.0006750675067506751
473ce3aa581251a2,Dan Hardy,3,3,11.853333333333333,15.240000000000009,0.0006750675067506751
4dcfb28c011c11b2,Wellington Turman,3,3,11.853333333333344,15.240000000000009,0.0006750675067506751
55fa6ce3e522c8bb,Zhalgas Zhumagulov,3,3,11.00666666666668,15.240000000000009,0.0006750675067506751
6c7e25571490aa3b,George Sullivan,3,3,11.00666666666668,15.240000000000009,0.0006750675067506751
6c8072b61c276e67,Jessica-Rose Clark,3,3,11.00666666666667,15.240000000000009,0.0006750675067506751
72ffecf712673af1,Adam Milstead,3,3,11.00666666666667,15.240000000000009,0.0006750675067506751
7bd94b60d7521e4a,John Albert,3,3,11.00666666666667,15.240000000000009,0.0006750675067506751
7f955f71fa2ce7ac,Alessio Sakara,3,3,10.160000000000005,15.240000000000009,0.0006750675067506751
81801f57bd0a7c41,Marcus Brimage,3,3,10.160000000000005,15.240000000000009,0.0006750675067506751
81d9df19e255b8b6,Jarred Brooks,3,3,12.700000000000008,15.240000000000009,0.0006750675067506751
83fd97284f4bb4a4,Efrain Escudero,3,3,11.00666666666667,15.240000000000009,0.0006750675067506751
97cf1a2c7c5e7889,Steve Garcia,3,3,11.853333333333333,15.240000000000009,0.0006750675067506751
c32aeb1a59e6272d,Michael Morales,3,3,11.853333333333333,15.240000000000009,0.0006750675067506751
c7d297714d9ab1a4,Marion Reneau,3,3,11.00666666666667,15.240000000000009,0.0006750675067506751
c7d7fda69ec410d3,Kamuela Kirk,3,3,11.00666666666667,15.240000000000009,0.0006750675067506751
c9587d81e1d33925,Jerome Rivera,3,3,11.853333333333333,15.240000000000009,0.0006750675067506751
d43a048a880efdff,Chris Leben,3,3,11.00666666666668,15.240000000000009,0.0006750675067506751
e8b731feff72294b,Alexa Grasso,3,3,10.159999999999988,15.240000000000009,0.0006750675067506751
e90a2f22417af68e,Azamat Murzakanov,3,3,12.699999999999998,15.240000000000009,0.0006750675067506751
ec52462a1b41f714,Brett Johns,3,3,13.546666666666672,15.240000000000009,0.0006750675067506751
efa1f6b42c86793c,Adam Wieczorek,3,3,14.393333333333345,15.240000000000009,0.0006750675067506751
f7467152fd9f18a2,Taila Santos,3,3,11.853333333333333,15.240000000000009,0.0006750675067506751
f748267c4ab6c127,Rhys McKee,3,3,11.00666666666667,15.240000000000009,0.0006750675067506751
0d65c432720accb9,Michal Oleksiejczuk,3,3,13.546666666666653,15.23999999999998,0.0006750675067506751
2b68d9f125d07b42,Jared Vanderaa,3,3,11.853333333333316,15.23999999999998,0.0006750675067506751
5b407acfe0ef9b76,Nick Osipczak,3,3,11.853333333333325,15.23999999999998,0.0006750675067506751
64788ee44b062ded,Michinori Tanaka,3,3,12.699999999999989,15.23999999999998,0.0006750675067506751
73c7cfa551289285,BJ Penn,3,3,12.69999999999998,15.23999999999998,0.0006750675067506751
78f485f851891d68,Journey Newson,3,3,14.393333333333317,15.23999999999998,0.0006750675067506751
7d96bc577e5178b2,Gray Maynard,3,3,11.853333333333325,15.23999999999998,0.0006750675067506751
8be158ca1e5ea6a0,Dwight Grant,3,3,11.00666666666666,15.23999999999998,0.0006750675067506751
8f5c8850b2484173,Mairbek Taisumov,3,3,11.00666666666666,15.23999999999998,0.0006750675067506751
ba1e6cb3d43f7430,Justin Ledet,3,3,11.006666666666652,15.23999999999998,0.0006750675067506751
cc6f9d1e89f3449a,Manvel Gamburyan,3,3,11.853333333333325,15.23999999999998,0.0006750675067506751
d05cb1e8d1b885d8,Jinh Yu Frey,3,3,11.853333333333325,15.23999999999998,0.0006750675067506751
e13abac8089a801a,Justin Tafa,3,3,15.23999999999998,15.23999999999998,0.0006750675067506751
e51ee8ded927fc51,Chris de la Rocha,3,3,11.853333333333325,15.23999999999998,0.0006750675067506751
fa37628269132d1a,Godofredo Pepey,3,3,11.006666666666652,15.23999999999998,0.0006750675067506751
0c9c0a43d3f3f49d,Marcelo Guimaraes,3,3,11.006666666666689,12.700000000000017,0.0006750675067506751
1588b787bda7b540,Tom Breese,3,3,9.313333333333333,12.700000000000017,0.0006750675067506751
18968f97ad34f15c,Jeremy Stephens,3,3,9.313333333333341,12.700000000000017,0.0006750675067506751
3623bd267a2eef2e,Yaotzin Meza,3,3,10.160000000000005,12.700000000000017,0.0006750675067506751
3974fa35c917af1d,Ricardo Lamas,3,3,11.00666666666668,12.700000000000017,0.0006750675067506751
528c24b99fbaab79,Johnny Eduardo,3,3,11.00666666666667,12.700000000000017,0.0006750675067506751
539ed332b3078821,Sarah Moras,3,3,12.700000000000008,12.700000000000017,0.0006750675067506751
61fb8098ccf81c7f,Antonio Arroyo,3,3,9.313333333333333,12.700000000000017,0.0006750675067506751
67f272324a030d00,Misha Cirkunov,3,3,11.00666666666667,12.700000000000017,0.0006750675067506751
6f018c039b4d5d80,Jon Fitch,3,3,10.160000000000005,12.700000000000017,0.0006750675067506751
7691a80e6ca3e55b,Jon Madsen,3,3,11.00666666666668,12.700000000000017,0.0006750675067506751
792be9a24df82ed6,Brandon Moreno,3,3,9.313333333333341,12.700000000000017,0.0006750675067506751
7e47047d0971d566,Daniel Sarafian,3,3,11.00666666666668,12.700000000000017,0.0006750675067506751
88cd34d836b4ebcd,Teruto Ishihara,3,3,11.00666666666667,12.700000000000017,0.0006750675067506751
8bb6f4479685bbcc,Vaughan Lee,3,3,10.160000000000016,12.700000000000017,0.0006750675067506751
917a5cb9821df261,Jeremy Kimball,3,3,10.160000000000005,12.700000000000017,0.0006750675067506751
99bd87a300079ed9,Erik Koch,3,3,11.00666666666667,12.700000000000017,0.0006750675067506751
ac7c765882f2c68c,Elise Reed,3,3,10.159999999999997,12.700000000000017,0.0006750675067506751
c730a0be691dc081,Jared Gooden,3,3,10.160000000000016,12.700000000000017,0.0006750675067506751
d747eb273a40a920,Claudio Puelles,3,3,10.160000000000005,12.700000000000017,0.0006750675067506751
df1eb4354d18a906,Scott Holtzman,3,3,10.160000000000005,12.700000000000017,0.0006750675067506751
ec23c1be628d8057,Trevin Jones,3,3,9.313333333333341,12.700000000000017,0.0006750675067506751
f29a6350c69f4a33,Miranda Maverick,3,3,9.313333333333341,12.700000000000017,0.0006750675067506751
fbf0537e420e698e,Daniel Teymur,3,3,10.160000000000005,12.700000000000017,0.0006750675067506751
fbf0947399d14323,Ken Stone,3,3,9.313333333333341,12.700000000000017,0.0006750675067506751
009341ed974bad72,Jiri Prochazka,3,3,10.159999999999988,12.699999999999989,0.0006750675067506751
032cc3922d871c7f,Khabib Nurmagomedov,3,3,10.159999999999988,12.699999999999989,0.0006750675067506751
0a97691039c4bbfb,Mark Hominick,3,3,11.00666666666666,12.699999999999989,0.0006750675067506751
0d506315895efffc,Sean Pierson,3,3,10.159999999999997,12.699999999999989,0.0006750675067506751
12ebd7d157e91701,Bruno Silva,3,3,9.313333333333333,12.699999999999989,0.0006750675067506751
1fb80f46d3c105d9,Fabio Maldonado,3,3,11.00666666666666,12.699999999999989,0.0006750675067506751
275aca31f61ba28c,Islam Makhachev,3,3,11.853333333333325,12.699999999999989,0.0006750675067506751
2b93ebd9f5417ad2,Michael Bisping,3,3,10.159999999999997,12.699999999999989,0.0006750675067506751
2cd428e9606856fd,Jairzinho Rozenstruik,3,3,10.159999999999997,12.699999999999989,0.0006750675067506751
2e25c1d983c26311,Colton Smith,3,3,10.159999999999997,12.699999999999989,0.0006750675067506751
2fc7e9701642ca38,Matthew Lopez,3,3,10.159999999999997,12.699999999999989,0.0006750675067506751
34f88592c0ab7a54,Elias Theodorou,3,3,10.159999999999997,12.699999999999989,0.0006750675067506751
3c660c90d48fc80d,Tim Kennedy,3,3,9.313333333333333,12.699999999999989,0.0006750675067506751
3f7dab21b6c971bc,Dequan Townsend,3,3,10.159999999999997,12.699999999999989,0.0006750675067506751
46a2f24feb258ae0,Valerie Letourneau,3,3,9.313333333333333,12.699999999999989,0.0006750675067506751
4b93a88f3b1de35b,Michael Chandler,3,3,10.159999999999997,12.699999999999989,0.0006750675067506751
53278852bcd91e11,Igor Pokrajac,3,3,10.159999999999997,12.699999999999989,0.0006750675067506751
55f446032177b119,Chris Beal,3,3,11.00666666666666,12.699999999999989,0.0006750675067506751
5b5307450405abf0,Rick Story,3,3,11.00666666666666,12.699999999999989,0.0006750675067506751
5d7bdab5e03e3216,CB Dollaway,3,3,11.00666666666666,12.699999999999989,0.0006750675067506751
5f3805dda9661cba,Jason Witt,3,3,9.313333333333313,12.699999999999989,0.0006750675067506751
60425d07ef4b91a7,Kyler Phillips,3,3,11.00666666666666,12.699999999999989,0.0006750675067506751
6da99156486ed6c2,Joshua Burkman,3,3,10.159999999999997,12.699999999999989,0.0006750675067506751
6e9f40c706f91f32,Nate Maness,3,3,9.313333333333333,12.699999999999989,0.0006750675067506751
6ef65b6a152e49d5,Philip De Fries,3,3,10.159999999999997,12.699999999999989,0.0006750675067506751
8b1ed83b02303075,Taylor Lapilus,3,3,11.853333333333325,12.699999999999989,0.0006750675067506751
9cfbfae5fa1fdd93,Geraldo de Freitas,3,3,9.313333333333333,12.699999999999989,0.0006750675067506751
9deff9e3e8d94d47,Josh Samman,3,3,9.313333333333333,12.699999999999989,0.0006750675067506751
9f842be1a5337be6,Michihiro Omigawa,3,3,9.313333333333333,12.699999999999989,0.0006750675067506751
aa171d55d4b5208f,Billy Quarantillo,3,3,11.853333333333333,12.699999999999989,0.0006750675067506751
af62f99eb7606308,Erik Perez,3,3,11.00666666666666,12.699999999999989,0.0006750675067506751
ccf5dc41417e9daf,Juan Espino,3,3,11.006666666666652,12.699999999999989,0.0006750675067506751
cf946e03ba2e7666,Kevin Aguilar,3,3,10.159999999999988,12.699999999999989,0.0006750675067506751
d0e50a3d1b250708,Andre Soukhamthath,3,3,9.313333333333333,12.699999999999989,0.0006750675067506751
d3f5d33d61cd00c9,Norma Dumont,3,3,11.00666666666666,12.699999999999989,0.0006750675067506751
d9c6f19f958643e9,Bryce Mitchell,3,3,10.159999999999988,12.699999999999989,0.0006750675067506751
def8166ff24bd237,Brian Ortega,3,3,9.313333333333333,12.699999999999989,0.0006750675067506751
e5549c82bfb5582d,Alex Pereira,3,3,9.313333333333333,12.699999999999989,0.0006750675067506751
e56daf7725a0b5ab,Justin Edwards,3,3,11.00666666666666,12.699999999999989,0.0006750675067506751
e5ecaf884b6da2bc,Chris Clements,3,3,10.159999999999988,12.699999999999989,0.0006750675067506751
e979c76341f19b22,Tom Duquesnoy,3,3,10.159999999999997,12.699999999999989,0.0006750675067506751
f1fac969a1d70b08,Leon Edwards,3,3,10.159999999999997,12.699999999999989,0.0006750675067506751
f2477cf43c4975cc,Jonathan Martinez,3,3,10.160000000000005,12.699999999999989,0.0006750675067506751
f59f1d3a2ff13edd,Eric Schafer,3,3,9.313333333333333,12.699999999999989,0.0006750675067506751
0112352cb32f5026,Denis Tiuliulin,3,3,8.466666666666669,10.160000000000025,0.0006750675067506751
441eacbe20e0e80b,Augusto Sakai,3,3,9.313333333333333,10.160000000000025,0.0006750675067506751
59583ff832fe9d68,Krzysztof Soszynski,3,3,9.313333333333341,10.160000000000025,0.0006750675067506751
814e5233e2acf2ee,Charles Johnson,3,3,8.466666666666669,10.160000000000025,0.0006750675067506751
b9664eae2ac75262,Eric Spicely,3,3,8.466666666666669,10.160000000000025,0.0006750675067506751
d188a3b817860ec6,Steven Siler,3,3,8.46666666666666,10.160000000000025,0.0006750675067506751
10f3ba6cd2f44a97,Dominick Cruz,3,3,8.466666666666669,10.159999999999997,0.0006750675067506751
14aa21bc82cac57d,Iliarde Santos,3,3,8.466666666666669,10.159999999999997,0.0006750675067506751
19c591115a58982c,Viacheslav Borshchev,3,3,9.313333333333333,10.159999999999997,0.0006750675067506751
215a70f073a7b726,Jordan Espinosa,3,3,9.313333333333333,10.159999999999997,0.0006750675067506751
23459ee7e373b98f,Jared Hamman,3,3,9.313333333333333,10.159999999999997,0.0006750675067506751
24656ef4d605c96f,Aiemann Zahabi,3,3,8.466666666666669,10.159999999999997,0.0006750675067506751
29af297d9f1de0f8,Damon Jackson,3,3,9.313333333333333,10.159999999999997,0.0006750675067506751
39d91e95949de3d9,Felicia Spencer,3,3,9.313333333333333,10.159999999999997,0.0006750675067506751
3bb2dc8e87b10a46,David Zawada,3,3,8.466666666666669,10.159999999999997,0.0006750675067506751
3f52ce18fb98008f,Akira Corassani,3,3,8.466666666666669,10.159999999999997,0.0006750675067506751
4126a78111c0855a,Caio Borralho,3,3,9.313333333333333,10.159999999999997,0.0006750675067506751
49ee5024966efc0d,Mounir Lazzez,3,3,9.313333333333333,10.159999999999997,0.0006750675067506751
4e30e4250cb08b61,Loma Lookboonmee,3,3,8.466666666666669,10.159999999999997,0.0006750675067506751
5431dccc09118234,Lance Benoist,3,3,9.313333333333333,10.159999999999997,0.0006750675067506751
578ef12674df1e6a,Irene Aldana,3,3,9.313333333333333,10.159999999999997,0.0006750675067506751
5b8ba8f5512893b1,Matt Sayles,3,3,8.466666666666669,10.159999999999997,0.0006750675067506751
5bf31a46becc1204,Michael Trizano,3,3,8.466666666666669,10.159999999999997,0.0006750675067506751
5e6294b37bbef029,Stephanie Egger,3,3,8.466666666666669,10.159999999999997,0.0006750675067506751
5f99b2bafb10305f,Daron Cruickshank,3,3,8.466666666666669,10.159999999999997,0.0006750675067506751
669970f7feba8ecd,Erin Blanchfield,3,3,9.313333333333324,10.159999999999997,0.0006750675067506751
68d4a891e5cf2029,Tracy Cortez,3,3,8.466666666666669,10.159999999999997,0.0006750675067506751
6e0273f9478be71e,Kenny Robertson,3,3,8.466666666666669,10.159999999999997,0.0006750675067506751
701e057d63c124d9,Ian McCall,3,3,8.466666666666669,10.159999999999997,0.0006750675067506751
751de04455cfaac0,Calvin Kattar,3,3,8.466666666666669,10.159999999999997,0.0006750675067506751
809bd1a871491508,Terrance McKinney,3,3,8.466666666666649,10.159999999999997,0.0006750675067506751
82b4e942781b1046,Raulian Paiva,3,3,8.466666666666669,10.159999999999997,0.0006750675067506751
8cad40a75e5c97f5,Eddie Gordon,3,3,8.466666666666669,10.159999999999997,0.0006750675067506751
94426bb170c88115,Sodiq Yusuff,3,3,9.313333333333333,10.159999999999997,0.0006750675067506751
99bd51917728c25d,Grant Dawson,3,3,8.466666666666669,10.159999999999997,0.0006750675067506751
9e50097a89442158,Mickey Gall,3,3,8.466666666666669,10.159999999999997,0.0006750675067506751
aa5b4eff51bdc7d1,Gilbert Melendez,3,3,8.466666666666649,10.159999999999997,0.0006750675067506751
b08012bbe542592a,Tatiana Suarez,3,3,8.466666666666649,10.159999999999997,0.0006750675067506751
b67d6bacc68d4c92,Daniel Santos,3,3,9.313333333333333,10.159999999999997,0.0006750675067506751
b6e6c3b1dcaae0a1,Will Brooks,3,3,9.313333333333333,10.159999999999997,0.0006750675067506751
b7b84ccd221be298,Nasrat Haqparast,3,3,8.466666666666669,10.159999999999997,0.0006750675067506751
bc711b6dd95c1af6,Mario Bautista,3,3,8.466666666666669,10.159999999999997,0.0006750675067506751
c03520b5c88ed6b4,Merab Dvalishvili,3,3,9.313333333333333,10.159999999999997,0.0006750675067506751
c77a953488e5607d,Vinc Pichel,3,3,8.466666666666669,10.159999999999997,0.0006750675067506751
c945adc22c2bfe8f,Brad Pickett,3,3,9.313333333333333,10.159999999999997,0.0006750675067506751
cbf5e6f231b55443,Yair Rodriguez,3,3,8.466666666666669,10.159999999999997,0.0006750675067506751
dd37fd509af89f15,Josh Koscheck,3,3,8.466666666666669,10.159999999999997,0.0006750675067506751
dfae5da5676e4194,Chris Dempsey,3,3,8.466666666666669,10.159999999999997,0.0006750675067506751
e45cfa47f504033a,Jason Gonzalez,3,3,8.466666666666669,10.159999999999997,0.0006750675067506751
f998f5c102250d6e,Yohan Lainesse,3,3,8.466666666666669,10.159999999999997,0.0006750675067506751
ffe9703408fb5964,David Onama,3,3,9.313333333333333,10.159999999999997,0.0006750675067506751
0232cabbc30a2372,Adrian Yanez,3,3,7.619999999999995,7.6200000000000045,0.0006750675067506751
20999e27ddd94bda,Ryan Benoit,3,3,7.6200000000000045,7.6200000000000045,0.0006750675067506751
333b9e5c723ac873,Aleksandar Rakic,3,3,7.6200000000000045,7.6200000000000045,0.0006750675067506751
37098a6e6c27fb66,Vince Morales,3,3,7.619999999999995,7.6200000000000045,0.0006750675067506751
3df5493bb279226f,Amanda Lemos,3,3,7.6200000000000045,7.6200000000000045,0.0006750675067506751
4304992c2acc187b,Bart Palaszewski,3,3,7.619999999999986,7.6200000000000045,0.0006750675067506751
601964f9654f911a,Tony Gravely,3,3,7.6200000000000045,7.6200000000000045,0.0006750675067506751
7ea4a9f07df33a45,Francisco Rivera,3,3,7.619999999999995,7.6200000000000045,0.0006750675067506751
a0f0004aadf10b71,Alexandre Pantoja,3,3,7.6200000000000045,7.6200000000000045,0.0006750675067506751
ac026518a9b4dc0f,Jordan Leavitt,3,3,7.6200000000000045,7.6200000000000045,0.0006750675067506751
d0e1b42d41dab603,Julian Marquez,3,3,7.6200000000000045,7.6200000000000045,0.0006750675067506751
e2f6b2769aaedd6c,Serghei Spivac,3,3,7.6200000000000045,7.6200000000000045,0.0006750675067506751
52ba464d9068d871,Elias Silverio,3,3,7.619999999999976,7.619999999999976,0.0006750675067506751
9b7694d064a8a0ad,Rustam Khabilov,3,3,7.619999999999976,7.619999999999976,0.0006750675067506751
01afe0916a40c7c5,Shavkat Rakhmonov,2,2,16.50999999999999,25.400000000000006,0.00045004500450045
40f3cb27fc7305a1,Themba Gorimbo,2,2,17.780000000000015,25.400000000000006,0.00045004500450045
8a304bfd6bf04a57,Demetrious Johnson,2,2,16.50999999999999,25.400000000000006,0.00045004500450045
d6285cba1d1052e0,Bojan Mihajlovic,2,2,16.510000000000005,25.400000000000006,0.00045004500450045
37d752ec41ed84bb,Maria Oliveira,2,2,22.859999999999985,25.399999999999977,0.00045004500450045
008dc37cca279def,Sean McCorkle,2,2,15.240000000000009,22.860000000000014,0.00045004500450045
37d5b176d438d2a5,Karl Roberson,2,2,16.50999999999999,22.859999999999985,0.00045004500450045
8e382b585a92affe,Phil Rowe,2,2,16.50999999999999,22.859999999999985,0.00045004500450045
4461d7e47375a895,Tatsuro Taira,2,2,13.970000000000013,20.32000000000002,0.00045004500450045
54f64b5e283b0ce7,Ilia Topuria,2,2,13.970000000000013,20.32000000000002,0.00045004500450045
984d15d5dc7bfcf9,James Bochnovic,2,2,19.05000000000001,20.32000000000002,0.00045004500450045
98aa60cf58071fd6,Kyoji Horiguchi,2,2,13.969999999999999,20.32000000000002,0.00045004500450045
a68575214ecad140,SeungWoo Choi,2,2,13.970000000000013,20.32000000000002,0.00045004500450045
c051c2e12d692b8a,Jesus Aguilar,2,2,15.240000000000009,20.32000000000002,0.00045004500450045
fdf18227faa596dd,Chad Griggs,2,2,17.780000000000015,20.32000000000002,0.00045004500450045
06a80a685ea98573,Irwin Rivera,2,2,19.049999999999997,20.319999999999993,0.00045004500450045
8cb76103cd8a1562,Nick Pace,2,2,15.239999999999995,20.319999999999993,0.00045004500450045
950d0ef5c17157c5,Maxim Grishin,2,2,16.510000000000005,20.319999999999993,0.00045004500450045
a93f94c923c3a9cb,Christian Leroy Duncan,2,2,16.50999999999999,20.319999999999993,0.00045004500450045
dcbf01d605681ad1,Elizabeth Phillips,2,2,13.969999999999999,20.319999999999993,0.00045004500450045
003d82fa384ca1d0,Aalon Cruz,2,2,17.78,17.78,0.00045004500450045
1497e735d9f2560a,Ange Loosa,2,2,13.969999999999999,17.78,0.00045004500450045
1999ffb5cebc314f,Brian Camozzi,2,2,12.700000000000003,17.78,0.00045004500450045
30a09e43f15f1d75,Paulo Thiago,2,2,12.700000000000003,17.78,0.00045004500450045
318572f6f74b760d,Charlie Ontiveros,2,2,12.700000000000003,17.78,0.00045004500450045
35b3772629e27a49,Kevin Croom,2,2,17.78,17.78,0.00045004500450045
37c5366d18ed6c05,Roosevelt Roberts,2,2,12.699999999999989,17.78,0.00045004500450045
3c8a5200436e19f3,Cameron Saaiman,2,2,12.700000000000003,17.78,0.00045004500450045
3f1d23b01c552a13,Michael Graves,2,2,13.969999999999999,17.78,0.00045004500450045
4665f9f909cd7214,Shinsho Anzai,2,2,12.699999999999989,17.78,0.00045004500450045
4b1d46a1b5c0fd11,Alberto Mina,2,2,12.700000000000003,17.78,0.00045004500450045
60ba33c3f555a7a3,Josh Grispi,2,2,15.240000000000009,17.78,0.00045004500450045
68d35296f566792b,Josiane Nunes,2,2,15.239999999999995,17.78,0.00045004500450045
72db2a14ffa73ece,Mateusz Gamrot,2,2,13.969999999999999,17.78,0.00045004500450045
76729a829623e266,Henry Martinez,2,2,12.700000000000003,17.78,0.00045004500450045
77d7295d1b22c694,Alessio Di Chirico,2,2,13.969999999999999,17.78,0.00045004500450045
80779d7441af1b52,Christian Morecraft,2,2,12.700000000000003,17.78,0.00045004500450045
893d51aaf024eddd,Jimy Hettes,2,2,15.240000000000009,17.78,0.00045004500450045
9dedfdd91070ddd8,Victoria Leonardo,2,2,15.239999999999995,17.78,0.00045004500450045
b5da8f7d05e85a55,Josh Parisian,2,2,13.969999999999999,17.78,0.00045004500450045
b9415726dc3ec526,Rodney Wallace,2,2,12.700000000000003,17.78,0.00045004500450045
bc3ec52ef70fc155,Ryan Jimmo,2,2,16.510000000000005,17.78,0.00045004500450045
bc7d1ad49fcb2d08,Jaqueline Amorim,2,2,13.969999999999999,17.78,0.00045004500450045
c7c39e2fb70248b3,Chad Anheliger,2,2,16.510000000000005,17.78,0.00045004500450045
c96e2ae6021144a1,Damacio Page,2,2,13.970000000000013,17.78,0.00045004500450045
cbd6f1abf955e628,Dave Herman,2,2,13.970000000000013,17.78,0.00045004500450045
d2c55d1d2e67773b,David Branch,2,2,16.510000000000005,17.78,0.00045004500450045
edad57b3dddf2168,Jared Papazian,2,2,12.700000000000003,17.78,0.00045004500450045
f215cfbd4ba3c270,Garreth McLellan,2,2,12.700000000000003,17.78,0.00045004500450045
f3ca6908f78efebe,Terrence Mitchell,2,2,17.78,17.78,0.00045004500450045
f53c1f4ceeed8c08,Dustin Ortiz,2,2,15.240000000000009,17.78,0.00045004500450045
fe2babf95de24fb1,Raul Rosas Jr.,2,2,13.969999999999999,17.78,0.00045004500450045
0978385b2bd9ef9b,Nick Aguirre,2,2,12.700000000000003,15.240000000000009,0.00045004500450045
15ec018d144710db,Nathan Coy,2,2,13.970000000000013,15.240000000000009,0.00045004500450045
1d4bbaabd8b60173,Stanislav Nedkov,2,2,15.240000000000009,15.240000000000009,0.00045004500450045
210935fd21670f6d,Rich Attonito,2,2,13.970000000000013,15.240000000000009,0.00045004500450045
24b033b3daf1c9df,Luiz Cane,2,2,12.700000000000003,15.240000000000009,0.00045004500450045
262d32ebda89efc4,Natalia Silva,2,2,11.430000000000007,15.240000000000009,0.00045004500450045
28f3c2258a1d8874,John Hathaway,2,2,11.430000000000007,15.240000000000009,0.00045004500450045
322a56923b396b4d,DaMarques Johnson,2,2,11.430000000000007,15.240000000000009,0.00045004500450045
37ed1ab2f8b819f4,Brad Riddell,2,2,11.430000000000007,15.240000000000009,0.00045004500450045
52c2ae6d2f2d2613,Youssef Zalal,2,2,11.430000000000007,15.240000000000009,0.00045004500450045
59c438c81fbf3ece,Tereza Bleda,2,2,13.970000000000013,15.240000000000009,0.00045004500450045
5aedf14771ca82d2,Wilson Reis,2,2,11.430000000000007,15.240000000000009,0.00045004500450045
6e7506127408aa9e,Nadia Kassem,2,2,11.429999999999993,15.240000000000009,0.00045004500450045
784285b7ae7dd85f,Shane Campbell,2,2,11.430000000000007,15.240000000000009,0.00045004500450045
7be63795363029e8,Cody McKenzie,2,2,12.700000000000003,15.240000000000009,0.00045004500450045
7e208569469c8bc8,Ruan Potts,2,2,12.700000000000003,15.240000000000009,0.00045004500450045
7e511f8d842a109d,Arjan Bhullar,2,2,13.969999999999999,15.240000000000009,0.00045004500450045
80d8aed0ca9b00f3,Montana De La Rosa,2,2,11.430000000000007,15.240000000000009,0.00045004500450045
887961364be5ceb3,King Green,2,2,13.969999999999999,15.240000000000009,0.00045004500450045
8c39367b53eadf8a,Jesse Strader,2,2,13.969999999999999,15.240000000000009,0.00045004500450045
8f2939f5fd9cca1e,TJ Waldburger,2,2,11.430000000000007,15.240000000000009,0.00045004500450045
901cddcbfa079097,Will Campuzano,2,2,12.700000000000017,15.240000000000009,0.00045004500450045
92437c6775b3f7d1,John Moraga,2,2,11.430000000000007,15.240000000000009,0.00045004500450045
a01a62132460a98d,Adam Fugitt,2,2,12.700000000000017,15.240000000000009,0.00045004500450045
a08ddd04eaffd81d,Mariya Agapova,2,2,13.969999999999999,15.240000000000009,0.00045004500450045
a0c64f272b65d441,Eric Shelton,2,2,11.430000000000007,15.240000000000009,0.00045004500450045
c06a9b48d4132c8e,James Moontasri,2,2,13.969999999999999,15.240000000000009,0.00045004500450045
ce1e867808ef5fce,Justin Willis,2,2,13.970000000000013,15.240000000000009,0.00045004500450045
dccb63727f2f5f74,Matt Frevola,2,2,12.700000000000003,15.240000000000009,0.00045004500450045
e4ba58725825412d,Dan Argueta,2,2,11.430000000000007,15.240000000000009,0.00045004500450045
1641ef250e9de19b,Sarah Frota,2,2,15.23999999999998,15.23999999999998,0.00045004500450045
207773daeb4afa7b,Devonte Smith,2,2,12.699999999999989,15.23999999999998,0.00045004500450045
2d447cc91bdaa545,Joachim Christensen,2,2,11.429999999999993,15.23999999999998,0.00045004500450045
442c9011034ae1fd,Ian Machado Garry,2,2,11.429999999999993,15.23999999999998,0.00045004500450045
5866fc86183a9fb8,Erick Silva,2,2,12.699999999999989,15.23999999999998,0.00045004500450045
687c15b2eddfaa63,Danilo Marques,2,2,13.969999999999985,15.23999999999998,0.00045004500450045
6cadfd8f1d9e7685,Che Mills,2,2,12.699999999999989,15.23999999999998,0.00045004500450045
70fa1c64a2c439ef,Alen Amedovski,2,2,11.429999999999993,15.23999999999998,0.00045004500450045
7447e9f28508106a,Mackenzie Dern,2,2,11.429999999999978,15.23999999999998,0.00045004500450045
777dea713da2441d,Valmir Lazaro,2,2,11.429999999999993,15.23999999999998,0.00045004500450045
7bc96507e4b38d3b,Cody Donovan,2,2,11.429999999999993,15.23999999999998,0.00045004500450045
83b00f7597e5ac83,Juan Adams,2,2,13.969999999999985,15.23999999999998,0.00045004500450045
9014c02eff8b3d62,Carlos Ulberg,2,2,11.429999999999993,15.23999999999998,0.00045004500450045
98a6b2361045898f,Dong Hyun Ma,2,2,12.699999999999989,15.23999999999998,0.00045004500450045
b4880ef2f838d4e1,Silvana Gomez Juarez,2,2,12.699999999999989,15.23999999999998,0.00045004500450045
b7d524c77c27389b,Marcus Davis,2,2,11.429999999999978,15.23999999999998,0.00045004500450045
b7ffa72aa148599a,KJ Noons,2,2,11.429999999999978,15.23999999999998,0.00045004500450045
c2a670b22d2e196f,Aleksa Camur,2,2,12.699999999999989,15.23999999999998,0.00045004500450045
dab8cfbb6b1db10a,Livinha Souza,2,2,15.23999999999998,15.23999999999998,0.00045004500450045
e14b5aa06eea9653,Abel Trujillo,2,2,15.23999999999998,15.23999999999998,0.00045004500450045
f3a078277b3b8ff4,Masanori Kanehara,2,2,11.429999999999993,15.23999999999998,0.00045004500450045
029e1293e609fd74,Abubakar Nurmagomedov,2,2,10.16000000000001,12.700000000000017,0.00045004500450045
16690d100f995f8f,Omari Akhmedov,2,2,10.16000000000001,12.700000000000017,0.00045004500450045
1d239d571e342453,Germaine de Randamie,2,2,11.430000000000007,12.700000000000017,0.00045004500450045
260e9e0d4954aea6,Rodolfo Vieira,2,2,10.16000000000001,12.700000000000017,0.00045004500450045
353de740bb6c7e75,Mike Russow,2,2,11.430000000000021,12.700000000000017,0.00045004500450045
4100c7a09497ad41,Kay Hansen,2,2,12.700000000000003,12.700000000000017,0.00045004500450045
42a7e90605df3c8a,Damian Stasiak,2,2,11.430000000000021,12.700000000000017,0.00045004500450045
53c943c873cffe90,Philipe Lins,2,2,10.16000000000001,12.700000000000017,0.00045004500450045
5da33b8fbfa5ee95,William Knight,2,2,10.16000000000001,12.700000000000017,0.00045004500450045
6809c31286b08d97,Tom Watson,2,2,11.430000000000021,12.700000000000017,0.00045004500450045
8163cd7de0342652,Erick Montano,2,2,10.16000000000001,12.700000000000017,0.00045004500450045
82a5152216251682,Dan Ige,2,2,11.430000000000007,12.700000000000017,0.00045004500450045
8a8a84b743ae7699,Dennis Hallman,2,2,11.430000000000007,12.700000000000017,0.00045004500450045
8cb78f3a6c2a08f7,Leah Letson,2,2,10.16000000000001,12.700000000000017,0.00045004500450045
8fc9ae9c7527dfcb,Callan Potter,2,2,10.16000000000001,12.700000000000017,0.00045004500450045
9a2d3567abc02e34,Tae Hyun Bang,2,2,11.430000000000007,12.700000000000017,0.00045004500450045
a78a87d8c2bbb1cb,Julija Stoliarenko,2,2,11.430000000000007,12.700000000000017,0.00045004500450045
b12a1d19ee383b7c,Tonya Evinger,2,2,11.430000000000021,12.700000000000017,0.00045004500450045
cfc3e7bb44685289,Trey Ogden,2,2,10.16000000000001,12.700000000000017,0.00045004500450045
d4691518d012b9e7,Aspen Ladd,2,2,11.430000000000021,12.700000000000017,0.00045004500450045
e1248941344b3288,Alexander Volkanovski,2,2,11.430000000000007,12.700000000000017,0.00045004500450045
eae48ff31db420c2,Arman Tsarukyan,2,2,10.16000000000001,12.700000000000017,0.00045004500450045
f00ac08ab056af5d,Tagir Ulanbekov,2,2,11.430000000000021,12.700000000000017,0.00045004500450045
f50d95223751e6ca,Russell Doane,2,2,10.16000000000001,12.700000000000017,0.00045004500450045
ff6a1f63c254127e,Albert Tumenov,2,2,10.16000000000001,12.700000000000017,0.00045004500450045
009c4420727149ea,AJ Dobson,2,2,10.159999999999997,12.699999999999989,0.00045004500450045
040a74bb0a465c54,Arnold Allen,2,2,10.159999999999982,12.699999999999989,0.00045004500450045
05fa626cb33d15b8,Andrea Lee,2,2,11.429999999999993,12.699999999999989,0.00045004500450045
06f36cf4bd97ec77,Ed Herman,2,2,10.159999999999997,12.699999999999989,0.00045004500450045
0bc697c5936a2d0a,Trevor Peek,2,2,10.159999999999982,12.699999999999989,0.00045004500450045
0de720c0f1d4ab9c,Danny Chavez,2,2,12.699999999999989,12.699999999999989,0.00045004500450045
1e4f273069fb9e85,Fares Ziam,2,2,10.159999999999997,12.699999999999989,0.00045004500450045
2747c60e42d9d75f,David Teymur,2,2,10.159999999999982,12.699999999999989,0.00045004500450045
2af2f2e26c4c0402,Hunter Azure,2,2,10.159999999999997,12.699999999999989,0.00045004500450045
2ebfbe72ed703925,Tristan Connelly,2,2,10.159999999999997,12.699999999999989,0.00045004500450045
304a21d0595e1a08,Justin Jaynes,2,2,10.159999999999997,12.699999999999989,0.00045004500450045
396fe87b84ac2e1c,Lerone Murphy,2,2,10.159999999999982,12.699999999999989,0.00045004500450045
3c921b1a30fdcbdd,Mike Ricci,2,2,10.159999999999997,12.699999999999989,0.00045004500450045
3cf66c62d9069f43,Lucie Pudilova,2,2,10.159999999999997,12.699999999999989,0.00045004500450045
4130a743d9d22163,Alan Belcher,2,2,11.429999999999993,12.699999999999989,0.00045004500450045
66ab58d0b3783607,Andrew Holbrook,2,2,10.159999999999982,12.699999999999989,0.00045004500450045
6dd758d34da8d254,Ron Stallings,2,2,11.429999999999993,12.699999999999989,0.00045004500450045
70e1f8a821b72c8b,Jimmy Crute,2,2,10.159999999999997,12.699999999999989,0.00045004500450045
74f9448b97bf8bec,Da Woon Jung,2,2,10.159999999999997,12.699999999999989,0.00045004500450045
75e5fec9f72910ef,Gleison Tibau,2,2,10.159999999999997,12.699999999999989,0.00045004500450045
7f6ef4e1227600bc,Wagner Prado,2,2,11.429999999999993,12.699999999999989,0.00045004500450045
862b0b3375aa4b6e,Zarah Fairn,2,2,11.429999999999993,12.699999999999989,0.00045004500450045
899923ff6ab13917,Bevon Lewis,2,2,12.699999999999989,12.699999999999989,0.00045004500450045
a2ccf35a88346a91,Erick Gonzalez,2,2,11.429999999999993,12.699999999999989,0.00045004500450045
a4a80dd7336ffd59,Melissa Gatto,2,2,11.429999999999993,12.699999999999989,0.00045004500450045
a566371ba2ad7152,Josh Thomson,2,2,12.699999999999989,12.699999999999989,0.00045004500450045
a7151778b3381036,Kurt Holobaugh,2,2,10.159999999999997,12.699999999999989,0.00045004500450045
a7d687e6ecb30981,Rob Broughton,2,2,12.699999999999989,12.699999999999989,0.00045004500450045
ad56b3f00ca38dfd,Mark Godbeer,2,2,10.159999999999982,12.699999999999989,0.00045004500450045
b45d6b73f4ca4467,Andre Winner,2,2,10.159999999999982,12.699999999999989,0.00045004500450045
bbc9ab95fa766493,Anderson Dos Santos,2,2,10.159999999999982,12.699999999999989,0.00045004500450045
c0d5c0c95c59050b,Ariane Carnelossi,2,2,10.159999999999997,12.699999999999989,0.00045004500450045
d05412b513b19621,Guido Cannetti,2,2,12.699999999999989,12.699999999999989,0.00045004500450045
d50382dc0565a9e1,Viviane Pereira,2,2,10.159999999999982,12.699999999999989,0.00045004500450045
d761b3766e38c5db,Marcel Fortuna,2,2,11.429999999999993,12.699999999999989,0.00045004500450045
d7c3816669784109,Karolina Kowalkiewicz,2,2,10.159999999999997,12.699999999999989,0.00045004500450045
e2b8186b618b00c4,Shamar Bailey,2,2,11.429999999999993,12.699999999999989,0.00045004500450045
e7bba7ce4d6c7b07,Casey Kenney,2,2,10.159999999999997,12.699999999999989,0.00045004500450045
4bcb6eb12b4ad4aa,Vitor Miranda,2,2,8.890000000000015,10.160000000000025,0.00045004500450045
5eb50529a8418b77,Gabe Green,2,2,8.890000000000015,10.160000000000025,0.00045004500450045
654ae722109a0d31,Joe Duffy,2,2,8.890000000000015,10.160000000000025,0.00045004500450045
75353550928a7921,Muhammad Mokaev,2,2,8.890000000000015,10.160000000000025,0.00045004500450045
80dbeb1dd5b53e64,Nam Phan,2,2,8.89,10.160000000000025,0.00045004500450045
90e0985df05e51bc,Ray Rodriguez,2,2,8.890000000000015,10.160000000000025,0.00045004500450045
92b62174c175ce19,Clint Hester,2,2,8.890000000000015,10.160000000000025,0.00045004500450045
972c456ff38b2015,Claudio Ribeiro,2,2,8.89,10.160000000000025,0.00045004500450045
b26d3e3746fb4024,Brian Bowles,2,2,8.890000000000015,10.160000000000025,0.00045004500450045
b8bbdeff718dbb7d,Pat Sabatini,2,2,10.16000000000001,10.160000000000025,0.00045004500450045
cd2e5a390821fb48,TJ Laramie,2,2,8.890000000000015,10.160000000000025,0.00045004500450045
dc7927cd622676a7,Victor Altamirano,2,2,8.890000000000015,10.160000000000025,0.00045004500450045
dd6103dd7127db1d,Mike Malott,2,2,8.890000000000015,10.160000000000025,0.00045004500450045
01fcef7e3d051722,Henry Briones,2,2,8.89,10.159999999999997,0.00045004500450045
06827d70c53ff0d9,Scott Askham,2,2,8.89,10.159999999999997,0.00045004500450045
07a2bdaa0afdd831,Rogerio Bontorin,2,2,8.89,10.159999999999997,0.00045004500450045
0d0351c20169a499,Jon Delos Reyes,2,2,8.89,10.159999999999997,0.00045004500450045
113df4fde64735c6,Davey Grant,2,2,8.89,10.159999999999997,0.00045004500450045
11583163f45c7b31,Lucas Alexander,2,2,8.889999999999986,10.159999999999997,0.00045004500450045
122ac9b816d8b71c,Shana Dobson,2,2,8.89,10.159999999999997,0.00045004500450045
12f91bfa8f1f723b,Joanne Wood,2,2,8.89,10.159999999999997,0.00045004500450045
1cf7ccf64a5bf24e,Oskar Piechota,2,2,8.89,10.159999999999997,0.00045004500450045
1de9ad94de18eeaf,Nicco Montano,2,2,10.159999999999997,10.159999999999997,0.00045004500450045
1e7483dbff40b84b,Vik Grujic,2,2,8.889999999999986,10.159999999999997,0.00045004500450045
22edaf53ad59a967,Daniel Roberts,2,2,8.89,10.159999999999997,0.00045004500450045
28c55b4087a6f136,Elvis Mutapcic,2,2,8.89,10.159999999999997,0.00045004500450045
35e1f9984ed64206,Ryan MacDonald,2,2,8.89,10.159999999999997,0.00045004500450045
36549928f90f1d36,Jose Quinonez,2,2,8.89,10.159999999999997,0.00045004500450045
37f560436d745c18,Nikolas Motta,2,2,8.889999999999986,10.159999999999997,0.00045004500450045
3bad7ef643840f67,Joe Lauzon,2,2,8.89,10.159999999999997,0.00045004500450045
3c0437fbeda06962,George Roop,2,2,8.89,10.159999999999997,0.00045004500450045
3d074044a33825e7,Ramiz Brahimaj,2,2,8.89,10.159999999999997,0.00045004500450045
3dd949593346dbc3,Craig White,2,2,10.159999999999997,10.159999999999997,0.00045004500450045
3e61082025db8137,Yosdenis Cedeno,2,2,8.89,10.159999999999997,0.00045004500450045
3ecd936bd8814108,Cat Zingano,2,2,8.89,10.159999999999997,0.00045004500450045
3f11b5d4bd76a6d9,Damian Grabowski,2,2,8.89,10.159999999999997,0.00045004500450045
41e83a89929d1327,Jailton Almeida,2,2,8.89,10.159999999999997,0.00045004500450045
4234f0097c83fa62,Sijara Eubanks,2,2,8.89,10.159999999999997,0.00045004500450045
45e738622ea2c02c,Timur Valiev,2,2,8.89,10.159999999999997,0.00045004500450045
46fd223e3ced39b3,Ryan Couture,2,2,8.889999999999986,10.159999999999997,0.00045004500450045
494b0bfdbac74502,Brendan O'Reilly,2,2,10.159999999999997,10.159999999999997,0.00045004500450045
4bd6b4800070b069,Chas Skelly,2,2,8.89,10.159999999999997,0.00045004500450045
4f140403000158b5,Herbert Burns,2,2,8.889999999999986,10.159999999999997,0.00045004500450045
55ed59d541f8b90c,Rolando Dy,2,2,8.89,10.159999999999997,0.00045004500450045
55ee431411ccf07a,Olivier Aubin-Mercier,2,2,8.889999999999986,10.159999999999997,0.00045004500450045
57bf89d42364d39e,Issei Tamura,2,2,8.889999999999986,10.159999999999997,0.00045004500450045
5904b0b38dc6718d,Cody Pfister,2,2,10.159999999999997,10.159999999999997,0.00045004500450045
5b86d491d63890c5,Ludovit Klein,2,2,8.89,10.159999999999997,0.00045004500450045
5c126c6aac3ef364,Poliana Botelho,2,2,8.89,10.159999999999997,0.00045004500450045
5ea918ea81b7dee2,Yao Zhikui,2,2,8.89,10.159999999999997,0.00045004500450045
5fa2974cbd18e05c,John Castaneda,2,2,8.89,10.159999999999997,0.00045004500450045
638cfec7ec559d6e,Brandon Thatch,2,2,10.159999999999997,10.159999999999997,0.00045004500450045
6751eacd16bd59bc,Josh Culibao,2,2,8.889999999999986,10.159999999999997,0.00045004500450045
773f7feacf96153e,Benito Lopez,2,2,8.889999999999986,10.159999999999997,0.00045004500450045
853eb0dd5c0e2149,Kai Kara-France,2,2,10.159999999999997,10.159999999999997,0.00045004500450045
8765559b6a29a421,Gaetano Pirrello,2,2,8.89,10.159999999999997,0.00045004500450045
87aa9fb63d6b51a1,Zabit Magomedsharipov,2,2,8.889999999999986,10.159999999999997,0.00045004500450045
89a407032911e27e,Brendan Schaub,2,2,10.159999999999997,10.159999999999997,0.00045004500450045
8c8c92a12621d7e0,Chris Cope,2,2,8.89,10.159999999999997,0.00045004500450045
8f3df4c579cfbb69,David Mitchell,2,2,10.159999999999997,10.159999999999997,0.00045004500450045
8f4eeaf7a0df7c1a,Teemu Packalen,2,2,8.89,10.159999999999997,0.00045004500450045
917e53fa0adea0d3,Leonard Garcia,2,2,10.159999999999997,10.159999999999997,0.00045004500450045
99c7610aa74995d3,Cathal Pendred,2,2,8.89,10.159999999999997,0.00045004500450045
9ada30894bf04e19,David Dvorak,2,2,8.89,10.159999999999997,0.00045004500450045
9d19d9e4aa2662e8,Nicolas Dalby,2,2,8.89,10.159999999999997,0.00045004500450045
a26198ba5093147e,TJ Grant,2,2,8.89,10.159999999999997,0.00045004500450045
a495f599e787614f,Alonzo Menifield,2,2,8.89,10.159999999999997,0.00045004500450045
ab850a77a0fa487d,Sean Spencer,2,2,8.89,10.159999999999997,0.00045004500450045
b3d21b2610dcfaeb,Emily Whitmire,2,2,8.889999999999986,10.159999999999997,0.00045004500450045
bebb4ae55ac2bf6f,Chris Fishgold,2,2,10.159999999999997,10.159999999999997,0.00045004500450045
c76ec2bc3a57666a,Mitch Clarke,2,2,8.889999999999986,10.159999999999997,0.00045004500450045
ca43de99b07b6b40,Josh Fremd,2,2,8.89,10.159999999999997,0.00045004500450045
cdadae5363b66eef,Francisco Figueiredo,2,2,8.89,10.159999999999997,0.00045004500450045
d06f8869449ba7bd,Alexander Yakovlev,2,2,8.89,10.159999999999997,0.00045004500450045
d1528ac5675558b1,Rashad Coulter,2,2,10.159999999999997,10.159999999999997,0.00045004500450045
da7f113b5ea39c43,Mohammed Usman,2,2,8.89,10.159999999999997,0.00045004500450045
e023fa2e648ea0f1,Steve Bosse,2,2,8.89,10.159999999999997,0.00045004500450045
e25bcbcdaf6537a1,Reza Madadi,2,2,8.889999999999986,10.159999999999997,0.00045004500450045
e94085e821bd81de,Sam Hughes,2,2,8.89,10.159999999999997,0.00045004500450045
ea3dcc417c322064,Martin Day,2,2,8.889999999999986,10.159999999999997,0.00045004500450045
ec71a892fada28c7,Marco Beltran,2,2,10.159999999999997,10.159999999999997,0.00045004500450045
ee18ff42063174df,Ottman Azaitar,2,2,8.89,10.159999999999997,0.00045004500450045
f2f140ce7532e327,Gabriel Santos,2,2,8.889999999999986,10.159999999999997,0.00045004500450045
f5431394fb284bb9,James Te Huna,2,2,8.89,10.159999999999997,0.00045004500450045
f9081770e28ea2e1,Reginaldo Vieira,2,2,8.89,10.159999999999997,0.00045004500450045
f95381efb3051d81,Hugo Viana,2,2,10.159999999999997,10.159999999999997,0.00045004500450045
fe435e440b5de0ff,Jake Shields,2,2,8.89,10.159999999999997,0.00045004500450045
fea8acf9bfcf09ec,Simeon Thoresen,2,2,10.159999999999997,10.159999999999997,0.00045004500450045
ff62013d2fce6d13,Nazim Sadykhov,2,2,8.89,10.159999999999997,0.00045004500450045
03c9994c5b8958ec,John Cholish,2,2,7.6200000000000045,7.6200000000000045,0.00045004500450045
2b6fc1c02736833d,Umar Nurmagomedov,2,2,7.6200000000000045,7.6200000000000045,0.00045004500450045
330bafba312face4,Oliver Enkamp,2,2,7.6200000000000045,7.6200000000000045,0.00045004500450045
34e516ab361afb1c,Darrick Minner,2,2,7.6200000000000045,7.6200000000000045,0.00045004500450045
36b8f265bcd1b7a4,Abus Magomedov,2,2,7.6200000000000045,7.6200000000000045,0.00045004500450045
3b0a516d2921e0d6,Batgerel Danaa,2,2,7.61999999999999,7.6200000000000045,0.00045004500450045
3d6749c4267da18f,Joanna Jedrzejczyk,2,2,7.6200000000000045,7.6200000000000045,0.00045004500450045
40a456a25d52ee65,Rolando Bedoya,2,2,7.6200000000000045,7.6200000000000045,0.00045004500450045
45f7cb591c3ab00b,Sean Brady,2,2,7.6200000000000045,7.6200000000000045,0.00045004500450045
4690d47bf725fd98,Gokhan Saki,2,2,7.6200000000000045,7.6200000000000045,0.00045004500450045
47b63240018d5d86,Rose Namajunas,2,2,7.6200000000000045,7.6200000000000045,0.00045004500450045
4e06913c91da5200,Krzysztof Jotko,2,2,7.6200000000000045,7.6200000000000045,0.00045004500450045
5fceb45939fc0c8a,Tom Niinimaki,2,2,7.6200000000000045,7.6200000000000045,0.00045004500450045
71505842fb6455c3,Dustin Stoltzfus,2,2,7.6200000000000045,7.6200000000000045,0.00045004500450045
72ea1984c52019b5,Saimon Oliveira,2,2,7.6200000000000045,7.6200000000000045,0.00045004500450045
78e501478a36a018,Khama Worthy,2,2,7.6200000000000045,7.6200000000000045,0.00045004500450045
798e48f9e7f6ba22,Carlos Hernandez,2,2,7.6200000000000045,7.6200000000000045,0.00045004500450045
7a5e8c94a86f9895,Chris Barnett,2,2,7.6200000000000045,7.6200000000000045,0.00045004500450045
7be74a12d7352df2,Sara McMann,2,2,7.6200000000000045,7.6200000000000045,0.00045004500450045
7dcf06c1967801c1,Adriano Martins,2,2,7.6200000000000045,7.6200000000000045,0.00045004500450045
7dfb56f24fe5ddea,Bobby Nash,2,2,7.6200000000000045,7.6200000000000045,0.00045004500450045
7f6ed67d3ed3c036,Cody Durden,2,2,7.6200000000000045,7.6200000000000045,0.00045004500450045
840d2c82ea68b9aa,Ben Nguyen,2,2,7.6200000000000045,7.6200000000000045,0.00045004500450045
8b69839f3555a67b,Martin Kampmann,2,2,7.6200000000000045,7.6200000000000045,0.00045004500450045
8bdac25ce0bb874d,Ronda Rousey,2,2,7.6200000000000045,7.6200000000000045,0.00045004500450045
8f0d576beba1cfcd,Matt Dwyer,2,2,7.6200000000000045,7.6200000000000045,0.00045004500450045
99506df1af6c8b3b,John Dodson,2,2,7.6200000000000045,7.6200000000000045,0.00045004500450045
9be6020024133293,Cyril Asker,2,2,7.6200000000000045,7.6200000000000045,0.00045004500450045
9c669abd35b2522f,Greg Soto,2,2,7.6200000000000045,7.6200000000000045,0.00045004500450045
9ce6d5a03af801b7,Darren Till,2,2,7.6200000000000045,7.6200000000000045,0.00045004500450045
9fe7af8b3fbe00a0,Preston Parsons,2,2,7.6200000000000045,7.6200000000000045,0.00045004500450045
a2ea77e974c5889f,Carlos Felipe,2,2,7.6200000000000045,7.6200000000000045,0.00045004500450045
a36556bb1565e32d,Joe Proctor,2,2,7.6200000000000045,7.6200000000000045,0.00045004500450045
a851c35f58199231,Syuri Kondo,2,2,7.61999999999999,7.6200000000000045,0.00045004500450045
b0bd0c5425668b8f,Henrique da Silva,2,2,7.6200000000000045,7.6200000000000045,0.00045004500450045
b12fc8a41e82d3a2,Joby Sanchez,2,2,7.6200000000000045,7.6200000000000045,0.00045004500450045
b69f24c500d783e7,Francimar Barroso,2,2,7.6200000000000045,7.6200000000000045,0.00045004500450045
c549573c0df4d676,Maki Pitolo,2,2,7.6200000000000045,7.6200000000000045,0.00045004500450045
cc8c623cca88f54f,Mayra Bueno Silva,2,2,7.61999999999999,7.6200000000000045,0.00045004500450045
d23ccf4a6c221284,Karlos Vemola,2,2,7.6200000000000045,7.6200000000000045,0.00045004500450045
d4270315cbcf2569,Jacob Malkoun,2,2,7.6200000000000045,7.6200000000000045,0.00045004500450045
dee294e9717012c2,Malcolm Gordon,2,2,7.6200000000000045,7.6200000000000045,0.00045004500450045
e0b74df14f52cd15,Mike Brown,2,2,7.6200000000000045,7.6200000000000045,0.00045004500450045
eb04b9d31e938edb,Michelle Waterson-Gomez,2,2,7.6200000000000045,7.6200000000000045,0.00045004500450045
effd9de9937996f8,Tyron Woodley,2,2,7.6200000000000045,7.6200000000000045,0.00045004500450045
f5990c11974d8e9c,Mike Pyle,2,2,7.6200000000000045,7.6200000000000045,0.00045004500450045
f8dc544e7077d014,Jorge Santiago,2,2,7.6200000000000045,7.6200000000000045,0.00045004500450045
f8f1ec513bcfef43,Alexander Munoz,2,2,7.6200000000000045,7.6200000000000045,0.00045004500450045
f8fe2053d73d7bcf,Nick Catone,2,2,7.6200000000000045,7.6200000000000045,0.00045004500450045
fb3e61720be4690c,Mike Davis,2,2,7.6200000000000045,7.6200000000000045,0.00045004500450045
065eb44700e641a4,Devin Powell,2,2,7.619999999999976,7.619999999999976,0.00045004500450045
12e0fdc606f7e274,Luis Saldana,2,2,7.619999999999976,7.619999999999976,0.00045004500450045
18e8b7070228e728,Darrell Horcher,2,2,7.619999999999976,7.619999999999976,0.00045004500450045
6a11e325aa60ad02,Jeff Hughes,2,2,7.619999999999976,7.619999999999976,0.00045004500450045
7cbf7c78d3b34218,Drakkar Klose,2,2,7.619999999999976,7.619999999999976,0.00045004500450045
7ea1f74cef32f906,Rashid Magomedov,2,2,7.619999999999976,7.619999999999976,0.00045004500450045
96c336b463e0662c,Frankie Perez,2,2,7.619999999999976,7.619999999999976,0.00045004500450045
be0b310a12eb80b4,Enrique Barzola,2,2,7.619999999999976,7.619999999999976,0.00045004500450045
c295de4e10acd4c9,Isaac Vallie-Flagg,2,2,7.619999999999976,7.619999999999976,0.00045004500450045
c8097968da5e5f13,Chris Wade,2,2,7.619999999999976,7.619999999999976,0.00045004500450045
d76ad9a08c4408ff,Bobby Moffett,2,2,7.619999999999976,7.619999999999976,0.00045004500450045
d910665038efc639,Carla Esparza,2,2,7.619999999999976,7.619999999999976,0.00045004500450045
e5d03e4d966126bd,Jason High,2,2,7.619999999999976,7.619999999999976,0.00045004500450045
9ddfb3369a3b0394,Antonio Banuelos,1,1,33.01999999999998,33.01999999999998,0.000225022502250225
44470bfd9483c7ad,Katsunori Kikuno,1,1,25.400000000000006,25.400000000000006,0.000225022502250225
8b6e5dc2ba1edbe7,Sam Patterson,1,1,22.860000000000014,22.860000000000014,0.000225022502250225
ac29d508d78384c9,Marcelo Golm,1,1,22.860000000000014,22.860000000000014,0.000225022502250225
c739c2995a275314,Yanal Ashmouz,1,1,22.860000000000014,22.860000000000014,0.000225022502250225
71df36d6d8cf0d74,Kiichi Kunimoto,1,1,22.859999999999985,22.859999999999985,0.000225022502250225
002ca196477ce572,Gabriel Silva,1,1,20.319999999999993,20.319999999999993,0.000225022502250225
0b362247806341e5,JP Buys,1,1,20.319999999999993,20.319999999999993,0.000225022502250225
047a91d3d9c79b05,Collin Anglin,1,1,17.78,17.78,0.000225022502250225
1235b31de15d0c6e,Montserrat Conejo Ruiz,1,1,17.78,17.78,0.000225022502250225
1897b7b913736a7c,Alatengheili,1,1,17.78,17.78,0.000225022502250225
297a2b35444c245b,Mandy Bohm,1,1,17.78,17.78,0.000225022502250225
320edfb0332b7073,Fredson Paixao,1,1,17.78,17.78,0.000225022502250225
3b9f723e2720a238,Roger Bowling,1,1,17.78,17.78,0.000225022502250225
40ff198adda94b9f,Mark Eddiva,1,1,17.78,17.78,0.000225022502250225
547afe1017e72dbe,Phil Hawes,1,1,17.78,17.78,0.000225022502250225
6a96ad1bc34fb113,Ismail Naurdiev,1,1,17.78,17.78,0.000225022502250225
6fc506e1099afe20,Luan Lacerda,1,1,17.78,17.78,0.000225022502250225
76984112f697631f,Leslie Smith,1,1,17.78,17.78,0.000225022502250225
7cdd3e5d3aa9cb39,Yan Cabral,1,1,17.78,17.78,0.000225022502250225
826475cc758e60e6,Rob Wilkinson,1,1,17.78,17.78,0.000225022502250225
84f727cf0166d6f2,Jose Johnson,1,1,17.78,17.78,0.000225022502250225
9b1e3fb4f8cbd5b7,Ricky Rainey,1,1,17.78,17.78,0.000225022502250225
b60c980f79b87ce8,Bea Malecki,1,1,17.78,17.78,0.000225022502250225
be68b375707dcb85,Spike Carlyle,1,1,17.78,17.78,0.000225022502250225
f2c8ebbeafd45f2b,Aaron Riley,1,1,17.78,17.78,0.000225022502250225
f75c5ca0d91b9115,Richie Smullen,1,1,17.78,17.78,0.000225022502250225
036e96c1c12b8a59,Nick Fiore,1,1,15.240000000000009,15.240000000000009,0.000225022502250225
093e1f5bb73850be,Anthony Hernandez,1,1,15.240000000000009,15.240000000000009,0.000225022502250225
159da492e000afbf,Leandro Silva,1,1,15.240000000000009,15.240000000000009,0.000225022502250225
172c2135e70f87b7,Luke Barnatt,1,1,15.240000000000009,15.240000000000009,0.000225022502250225
219a254e15d60135,Tim Hague,1,1,15.240000000000009,15.240000000000009,0.000225022502250225
21b5c82c1b89dab1,Yusaku Kinoshita,1,1,15.240000000000009,15.240000000000009,0.000225022502250225
2a4200ead401a9ce,Carls John De Tomas,1,1,15.240000000000009,15.240000000000009,0.000225022502250225
31d7446b184e3305,Magomed Mustafaev,1,1,15.240000000000009,15.240000000000009,0.000225022502250225
323d4ca260dfa0ba,Esteban Ribovics,1,1,15.240000000000009,15.240000000000009,0.000225022502250225
399afbabc02376b5,Tom Aspinall,1,1,15.240000000000009,15.240000000000009,0.000225022502250225
3cf18e01cb6cbde3,Sumudaerji,1,1,15.240000000000009,15.240000000000009,0.000225022502250225
3d5b1ce6097dbb49,Augusto Mendes,1,1,15.240000000000009,15.240000000000009,0.000225022502250225
449c890bd90f3374,Hector Sandoval,1,1,15.240000000000009,15.240000000000009,0.000225022502250225
4b4753d19489297f,Anthony Perosh,1,1,15.240000000000009,15.240000000000009,0.000225022502250225
5140122c3eecd307,Daichi Abe,1,1,15.240000000000009,15.240000000000009,0.000225022502250225
8c020156779f7888,Melinda Fabian,1,1,15.240000000000009,15.240000000000009,0.000225022502250225
91dac5e69e28d5b5,Pannie Kianzad,1,1,15.240000000000009,15.240000000000009,0.000225022502250225
a9da3158dd2c2b5a,Jack Jenkins,1,1,15.240000000000009,15.240000000000009,0.000225022502250225
c17041f1bb5768d8,Alex White,1,1,15.240000000000009,15.240000000000009,0.000225022502250225
e9ac7bfb65c25497,John Phillips,1,1,15.240000000000009,15.240000000000009,0.000225022502250225
ed2a8cc402173781,Vince Cachero,1,1,15.240000000000009,15.240000000000009,0.000225022502250225
ef44e4ea9050f2ea,Te Edwards,1,1,15.240000000000009,15.240000000000009,0.000225022502250225
f166e93d04a8c274,Diego Lopes,1,1,15.240000000000009,15.240000000000009,0.000225022502250225
f1f9e48a0d150757,Steve Cantwell,1,1,15.240000000000009,15.240000000000009,0.000225022502250225
fa315e6c77eee106,Brandon Vera,1,1,15.240000000000009,15.240000000000009,0.000225022502250225
010986ee359fb863,John Salter,1,1,15.23999999999998,15.23999999999998,0.000225022502250225
1eff7bc0f815b270,Yorgan De Castro,1,1,15.23999999999998,15.23999999999998,0.000225022502250225
75afb06215a07341,Dmitrii Smoliakov,1,1,15.23999999999998,15.23999999999998,0.000225022502250225
af90b10c785ced3e,Mike Rio,1,1,15.23999999999998,15.23999999999998,0.000225022502250225
be9bdec19b7e9ffe,Austen Lane,1,1,15.23999999999998,15.23999999999998,0.000225022502250225
d897897060f10a3a,Rich Franklin,1,1,15.23999999999998,15.23999999999998,0.000225022502250225
f57a8a52ca401ed9,Nick Diaz,1,1,15.23999999999998,15.23999999999998,0.000225022502250225
1cf1310684a841f5,Mostapha Al-Turk,1,1,12.700000000000017,12.700000000000017,0.000225022502250225
2975297f505e9447,Jonny Parsons,1,1,12.700000000000017,12.700000000000017,0.000225022502250225
2b074403b7c6cdb4,Thomas Almeida,1,1,12.700000000000017,12.700000000000017,0.000225022502250225
2fee10d5cf86bfca,Maia Stevenson,1,1,12.700000000000017,12.700000000000017,0.000225022502250225
31dbfbe4e7a6727c,Trey Waters,1,1,12.700000000000017,12.700000000000017,0.000225022502250225
3920d0cc288f9b0d,Francisco Prado,1,1,12.700000000000017,12.700000000000017,0.000225022502250225
4959f10a62f3fec3,Cheyanne Vlismas,1,1,12.700000000000017,12.700000000000017,0.000225022502250225
5abf827d62f98fee,Clifford Starks,1,1,12.700000000000017,12.700000000000017,0.000225022502250225
5c10da56d712ac9c,Khusein Askhabov,1,1,12.700000000000017,12.700000000000017,0.000225022502250225
876f478f796495f7,Josh Quinlan,1,1,12.700000000000017,12.700000000000017,0.000225022502250225
8866c6f509c19089,Ryan Hall,1,1,12.700000000000017,12.700000000000017,0.000225022502250225
88d7b6d8230e1f3f,Saparbeg Safarov,1,1,12.700000000000017,12.700000000000017,0.000225022502250225
8d5350fa18b79e9a,James Mulheron,1,1,12.700000000000017,12.700000000000017,0.000225022502250225
993d385f5a475375,Andy Enz,1,1,12.700000000000017,12.700000000000017,0.000225022502250225
9cd047a828dd7515,KB Bhullar,1,1,12.700000000000017,12.700000000000017,0.000225022502250225
9fe85152f351e737,Mike Swick,1,1,12.700000000000017,12.700000000000017,0.000225022502250225
a6eb54ae17a551be,Gabriella Fernandes,1,1,12.700000000000017,12.700000000000017,0.000225022502250225
ad3f53c454cbbead,Josh Barnett,1,1,12.700000000000017,12.700000000000017,0.000225022502250225
aed06011bf62237b,Dongi Yang,1,1,12.700000000000017,12.700000000000017,0.000225022502250225
b57edace7b647f07,Matt Hobar,1,1,12.700000000000017,12.700000000000017,0.000225022502250225
bda04c573563cc2e,Todd Duffee,1,1,12.700000000000017,12.700000000000017,0.000225022502250225
d29b5c4f22c6357d,Gilbert Yvel,1,1,12.700000000000017,12.700000000000017,0.000225022502250225
e99821959a840bb8,Lara Procopio,1,1,12.700000000000017,12.700000000000017,0.000225022502250225
ed209f6618c82e41,Hacran Dias,1,1,12.700000000000017,12.700000000000017,0.000225022502250225
fb41432b622992a9,Lukasz Sajewski,1,1,12.700000000000017,12.700000000000017,0.000225022502250225
04835018f90b118c,Casey O'Neill,1,1,12.699999999999989,12.699999999999989,0.000225022502250225
077e3ace32b72be9,CJ Vergara,1,1,12.699999999999989,12.699999999999989,0.000225022502250225
0a95c474e61a6c44,Adam Yandiev,1,1,12.699999999999989,12.699999999999989,0.000225022502250225
1c86754617d9813a,Roan Carneiro,1,1,12.699999999999989,12.699999999999989,0.000225022502250225
23a16ebe733e3041,Rory Markham,1,1,12.699999999999989,12.699999999999989,0.000225022502250225
2650e2f846a30f64,Amir Sadollah,1,1,12.699999999999989,12.699999999999989,0.000225022502250225
27541033b97c076d,Kevin Ferguson,1,1,12.699999999999989,12.699999999999989,0.000225022502250225
2924886ee9c4c527,Thiago Silva,1,1,12.699999999999989,12.699999999999989,0.000225022502250225
327d5f279895110d,Roman Dolidze,1,1,12.699999999999989,12.699999999999989,0.000225022502250225
32ba186f4b0e3267,Brian Ebersole,1,1,12.699999999999989,12.699999999999989,0.000225022502250225
42ac4020cba261ad,Caolan Loughran,1,1,12.699999999999989,12.699999999999989,0.000225022502250225
56c9acc4e86046a2,Chris Kelades,1,1,12.699999999999989,12.699999999999989,0.000225022502250225
5d1b7e3dd9e11074,Manel Kape,1,1,12.699999999999989,12.699999999999989,0.000225022502250225
5e84a859c6a82288,Michel Quinones,1,1,12.699999999999989,12.699999999999989,0.000225022502250225
66e98b3bb5fc5250,Dan Moret,1,1,12.699999999999989,12.699999999999989,0.000225022502250225
679a9054e2815943,Tomasz Drwal,1,1,12.699999999999989,12.699999999999989,0.000225022502250225
6b7c7460855dbbb9,Albert Duraev,1,1,12.699999999999989,12.699999999999989,0.000225022502250225
7279654c7674cd24,Klidson Abreu,1,1,12.699999999999989,12.699999999999989,0.000225022502250225
72e5e5a6edfa8223,Marcos Mariano,1,1,12.699999999999989,12.699999999999989,0.000225022502250225
7826923b47f8d72a,Paddy Pimblett,1,1,12.699999999999989,12.699999999999989,0.000225022502250225
78863e4a28204a6b,Justin Frazier,1,1,12.699999999999989,12.699999999999989,0.000225022502250225
7b143a54451263d9,Paul Sass,1,1,12.699999999999989,12.699999999999989,0.000225022502250225
9b198c73e3d0d289,Justin Salas,1,1,12.699999999999989,12.699999999999989,0.000225022502250225
9edf2c9082cc2cd8,Blood Diamond,1,1,12.699999999999989,12.699999999999989,0.000225022502250225
a149d6bc670cdb60,Dustin Hazelett,1,1,12.699999999999989,12.699999999999989,0.000225022502250225
a3be148af5c7b088,Piotr Hallmann,1,1,12.699999999999989,12.699999999999989,0.000225022502250225
a6bbd3df469c6bea,Roger Gracie,1,1,12.699999999999989,12.699999999999989,0.000225022502250225
b4c57a8c2b773e82,Michal Figlak,1,1,12.699999999999989,12.699999999999989,0.000225022502250225
bb61823f76361297,Kyle Stewart,1,1,12.699999999999989,12.699999999999989,0.000225022502250225
bffeb123b21c9aad,Darrell Montague,1,1,12.699999999999989,12.699999999999989,0.000225022502250225
c6a33ff198aaaeeb,Stephan Bonnar,1,1,12.699999999999989,12.699999999999989,0.000225022502250225
cb52f9490c2dc069,Sean O'Connell,1,1,12.699999999999989,12.699999999999989,0.000225022502250225
d2f43cfaf8ca3560,Fernando Padilla,1,1,12.699999999999989,12.699999999999989,0.000225022502250225
d4a31850a7457f1b,Amanda Cooper,1,1,12.699999999999989,12.699999999999989,0.000225022502250225
d7338bcb141abd2c,Antonina Shevchenko,1,1,12.699999999999989,12.699999999999989,0.000225022502250225
e2ccd9a9ace60de7,Aleksei Kunchenko,1,1,12.699999999999989,12.699999999999989,0.000225022502250225
efc67b07eed39794,Istela Nunes,1,1,12.699999999999989,12.699999999999989,0.000225022502250225
efd2b3e9bb7965a4,Bharat Kandare,1,1,12.699999999999989,12.699999999999989,0.000225022502250225
f0abbb6f3444dae7,Paul Buentello,1,1,12.699999999999989,12.699999999999989,0.000225022502250225
f59e9e49ef85b469,Jason Young,1,1,12.699999999999989,12.699999999999989,0.000225022502250225
ff4c3ab594c7fac3,Cristiano Marcello,1,1,12.699999999999989,12.699999999999989,0.000225022502250225
0052de90691d4a93,Davi Ramos,1,1,10.160000000000025,10.160000000000025,0.000225022502250225
1a31ef98efce7a79,Matheus Nicolau,1,1,10.160000000000025,10.160000000000025,0.000225022502250225
5b2d7906aa894274,Mike Massenzio,1,1,10.160000000000025,10.160000000000025,0.000225022502250225
71171fc96445bf65,Vitor Petrino,1,1,10.160000000000025,10.160000000000025,0.000225022502250225
7c9f96f9a6a5cd50,Brok Weaver,1,1,10.160000000000025,10.160000000000025,0.000225022502250225
b788862dd1c11eac,Brendan Loughnane,1,1,10.160000000000025,10.160000000000025,0.000225022502250225
b7f38813485745da,Michael Kuiper,1,1,10.160000000000025,10.160000000000025,0.000225022502250225
bfc2fc38a0e20211,Matt Grice,1,1,10.160000000000025,10.160000000000025,0.000225022502250225
dbea8c1cb327ab3d,Igor Araujo,1,1,10.160000000000025,10.160000000000025,0.000225022502250225
fdbefee0827e1567,Wu Yanan,1,1,10.160000000000025,10.160000000000025,0.000225022502250225
01641ba5df0c69b0,Gabriel Bonfim,1,1,10.159999999999997,10.159999999999997,0.000225022502250225
01d2ed8c502e3828,Caros Fodor,1,1,10.159999999999997,10.159999999999997,0.000225022502250225
02bb48869eb7ac8f,Rayanne dos Santos,1,1,10.159999999999997,10.159999999999997,0.000225022502250225
02f8fedc18cbd26c,Emily Ducote,1,1,10.159999999999997,10.159999999999997,0.000225022502250225
0778f94eb5d588a5,Joey Gomez,1,1,10.159999999999997,10.159999999999997,0.000225022502250225
0d62719b1dcf7c40,Sheymon Moraes,1,1,10.159999999999997,10.159999999999997,0.000225022502250225
102a8fdf8cbf7467,Kleydson Rodrigues,1,1,10.159999999999997,10.159999999999997,0.000225022502250225
132f860d02953f4c,Goran Reljic,1,1,10.159999999999997,10.159999999999997,0.000225022502250225
15b1b21cd743d652,Rafaello Oliveira,1,1,10.159999999999997,10.159999999999997,0.000225022502250225
173acb3f920082b8,Roland Delorme,1,1,10.159999999999997,10.159999999999997,0.000225022502250225
1971869b7e054261,Mike de la Torre,1,1,10.159999999999997,10.159999999999997,0.000225022502250225
19b7738321cfae42,Mallory Martin,1,1,10.159999999999997,10.159999999999997,0.000225022502250225
1effd880e1f1bb30,Garrett Armfield,1,1,10.159999999999997,10.159999999999997,0.000225022502250225
20bccc9bb4ceb23e,Melquizael Costa,1,1,10.159999999999997,10.159999999999997,0.000225022502250225
2284092f8b63273b,Luke Zachrich,1,1,10.159999999999997,10.159999999999997,0.000225022502250225
262a7d06203657e6,Alexander Hernandez,1,1,10.159999999999997,10.159999999999997,0.000225022502250225
3033c1c080672475,Dakota Bush,1,1,10.159999999999997,10.159999999999997,0.000225022502250225
326a001926ffb7ec,Darian Weeks,1,1,10.159999999999997,10.159999999999997,0.000225022502250225
33efaf2d0941cfcf,Andre Fialho,1,1,10.159999999999997,10.159999999999997,0.000225022502250225
34c2b3656f88f7ef,Aaron Phillips,1,1,10.159999999999997,10.159999999999997,0.000225022502250225
34ff304266360297,Manon Fiorot,1,1,10.159999999999997,10.159999999999997,0.000225022502250225
35673bf5204524ee,Bo Nickal,1,1,10.159999999999997,10.159999999999997,0.000225022502250225
36541f1e6c5d4955,Viviane Araujo,1,1,10.159999999999997,10.159999999999997,0.000225022502250225
3dc3022232b79c7a,Brian Foster,1,1,10.159999999999997,10.159999999999997,0.000225022502250225
40d8b74488743800,Carlton Minus,1,1,10.159999999999997,10.159999999999997,0.000225022502250225
43a59ce3bb40449e,Mizuki,1,1,10.159999999999997,10.159999999999997,0.000225022502250225
4417980b3e798abf,Reuben Duran,1,1,10.159999999999997,10.159999999999997,0.000225022502250225
472f6f6e6d962f40,Barb Honchak,1,1,10.159999999999997,10.159999999999997,0.000225022502250225
47cd337b86b1af92,Zak Ottow,1,1,10.159999999999997,10.159999999999997,0.000225022502250225
4a043165cf47cab2,Juancamilo Ronderos,1,1,10.159999999999997,10.159999999999997,0.000225022502250225
4c2d90e335e6df19,Alexis Davis,1,1,10.159999999999997,10.159999999999997,0.000225022502250225
513c6f1715e547a8,Brock Lesnar,1,1,10.159999999999997,10.159999999999997,0.000225022502250225
51a0c09cbe9b8472,Liz Carmouche,1,1,10.159999999999997,10.159999999999997,0.000225022502250225
51c655162e462ceb,Shannon Ross,1,1,10.159999999999997,10.159999999999997,0.000225022502250225
5442f1bc4b47eaf3,Chris Curtis,1,1,10.159999999999997,10.159999999999997,0.000225022502250225
57186c150c645200,Jeka Saragih,1,1,10.159999999999997,10.159999999999997,0.000225022502250225
5bb0a618ad03ac64,Jay Hieron,1,1,10.159999999999997,10.159999999999997,0.000225022502250225
5ec591b78349ba7e,Christian Rodriguez,1,1,10.159999999999997,10.159999999999997,0.000225022502250225
64360e618823a8e4,Phillipe Nover,1,1,10.159999999999997,10.159999999999997,0.000225022502250225
684d3aee255a3d09,Gadzhi Omargadzhiev,1,1,10.159999999999997,10.159999999999997,0.000225022502250225
68c11c27d4d56572,Dominique Steele,1,1,10.159999999999997,10.159999999999997,0.000225022502250225
6e743a33d56bdaa4,Payton Talbott,1,1,10.159999999999997,10.159999999999997,0.000225022502250225
76e2870ffafbe38f,Movsar Evloev,1,1,10.159999999999997,10.159999999999997,0.000225022502250225
7af33fc4435017f1,Brady Hiestand,1,1,10.159999999999997,10.159999999999997,0.000225022502250225
7b310409440c9102,Zhang Lipeng,1,1,10.159999999999997,10.159999999999997,0.000225022502250225
83a477a7dba1ca58,Clay Harvison,1,1,10.159999999999997,10.159999999999997,0.000225022502250225
873626e5547b5235,Kyle Prepolec,1,1,10.159999999999997,10.159999999999997,0.000225022502250225
87e2468b986ebb79,Cameron VanCamp,1,1,10.159999999999997,10.159999999999997,0.000225022502250225
88a9bc81271ccd89,Vinny Magalhaes,1,1,10.159999999999997,10.159999999999997,0.000225022502250225
8bd4200561c77a62,Ketlen Souza,1,1,10.159999999999997,10.159999999999997,0.000225022502250225
8c1ca54b5089d199,Maheshate,1,1,10.159999999999997,10.159999999999997,0.000225022502250225
8d11d9c13e2ccdf7,Muhammad Naimov,1,1,10.159999999999997,10.159999999999997,0.000225022502250225
8f382b3baa954d2a,Jessica Aguilar,1,1,10.159999999999997,10.159999999999997,0.000225022502250225
98e946879ba20c0f,Boston Salmon,1,1,10.159999999999997,10.159999999999997,0.000225022502250225
9c27f3217891f3f0,Kris Moutinho,1,1,10.159999999999997,10.159999999999997,0.000225022502250225
9d62c2d8ee151f08,Karine Silva,1,1,10.159999999999997,10.159999999999997,0.000225022502250225
9e92e1ca498d7244,Fernie Garcia,1,1,10.159999999999997,10.159999999999997,0.000225022502250225
9f755fb04cc21499,Noad Lahat,1,1,10.159999999999997,10.159999999999997,0.000225022502250225
a09ed60aa67a3f67,Farid Basharat,1,1,10.159999999999997,10.159999999999997,0.000225022502250225
a0c139b34f11421a,John Gunderson,1,1,10.159999999999997,10.159999999999997,0.000225022502250225
a13d755965a4ec9f,Rongzhu,1,1,10.159999999999997,10.159999999999997,0.000225022502250225
a1f6999fe57236e0,Wanderlei Silva,1,1,10.159999999999997,10.159999999999997,0.000225022502250225
a20d7dfaba74c067,Rodrigo Damm,1,1,10.159999999999997,10.159999999999997,0.000225022502250225
a3a542074109b347,Luana Pinheiro,1,1,10.159999999999997,10.159999999999997,0.000225022502250225
a53d30163304aa6e,Carlston Harris,1,1,10.159999999999997,10.159999999999997,0.000225022502250225
a54fc2d6fc224dc3,Jamie Varner,1,1,10.159999999999997,10.159999999999997,0.000225022502250225
a9d6e047ce48ab63,Allen Crowder,1,1,10.159999999999997,10.159999999999997,0.000225022502250225
aae99701b21554e4,Ryan Jensen,1,1,10.159999999999997,10.159999999999997,0.000225022502250225
ab8900ae1f1dfd4c,Yoshiyuki Yoshida,1,1,10.159999999999997,10.159999999999997,0.000225022502250225
ae071698e1a3ccd4,Christian Aguilera,1,1,10.159999999999997,10.159999999999997,0.000225022502250225
b07aed698fba8624,Ikram Aliskerov,1,1,10.159999999999997,10.159999999999997,0.000225022502250225
b12fb759e02378de,Gilbert Urbina,1,1,10.159999999999997,10.159999999999997,0.000225022502250225
b4537562f88ac582,Khalid Taha,1,1,10.159999999999997,10.159999999999997,0.000225022502250225
b8a85389d115e35a,Jack Shore,1,1,10.159999999999997,10.159999999999997,0.000225022502250225
bb1a2cdad6ff34db,Jason Knight,1,1,10.159999999999997,10.159999999999997,0.000225022502250225
bbfca6d5c27d9cd8,Edwin Figueroa,1,1,10.159999999999997,10.159999999999997,0.000225022502250225
bc656db347f31e19,Mike Santiago,1,1,10.159999999999997,10.159999999999997,0.000225022502250225
c15fa95b9a12fde4,Junior Tafa,1,1,10.159999999999997,10.159999999999997,0.000225022502250225
c3bd649a9194e50c,Jeremy Larsen,1,1,10.159999999999997,10.159999999999997,0.000225022502250225
c5a126ace82a6025,Anthony Birchak,1,1,10.159999999999997,10.159999999999997,0.000225022502250225
c9a94278df042f46,Alan Baudot,1,1,10.159999999999997,10.159999999999997,0.000225022502250225
ca28cdf526d6b6e9,Nurullo Aliev,1,1,10.159999999999997,10.159999999999997,0.000225022502250225
cc900c6a71ed23f3,Clay Collard,1,1,10.159999999999997,10.159999999999997,0.000225022502250225
d1e1fdcea7c8a90a,Leandro Issa,1,1,10.159999999999997,10.159999999999997,0.000225022502250225
d221ee27afc7a60e,Viscardi Andrade,1,1,10.159999999999997,10.159999999999997,0.000225022502250225
d35298b6df168456,Talita Alencar,1,1,10.159999999999997,10.159999999999997,0.000225022502250225
d6c0cdd7e467c440,Kyle Daukaus,1,1,10.159999999999997,10.159999999999997,0.000225022502250225
da0995f19b749cfa,Mark Madsen,1,1,10.159999999999997,10.159999999999997,0.000225022502250225
da4628f173337902,Don Shainis,1,1,10.159999999999997,10.159999999999997,0.000225022502250225
dcdd511ff757f15c,Oli Thompson,1,1,10.159999999999997,10.159999999999997,0.000225022502250225
dda15dbfafb792df,Kevin Jousset,1,1,10.159999999999997,10.159999999999997,0.000225022502250225
df05aa15b2d66f57,Chris Tuchscherer,1,1,10.159999999999997,10.159999999999997,0.000225022502250225
e1d40e8782d80bc2,William Gomis,1,1,10.159999999999997,10.159999999999997,0.000225022502250225
eaea0fc7b76525a8,Mike Guymon,1,1,10.159999999999997,10.159999999999997,0.000225022502250225
eb70e786bbdf1d16,Yanis Ghemmouri,1,1,10.159999999999997,10.159999999999997,0.000225022502250225
ec2d13a87d3d9541,Sheldon Westcott,1,1,10.159999999999997,10.159999999999997,0.000225022502250225
ec34349e7dffcde7,Claudia Gadelha,1,1,10.159999999999997,10.159999999999997,0.000225022502250225
ec664422b22d9787,Jenel Lausa,1,1,10.159999999999997,10.159999999999997,0.000225022502250225
f0fad0e9f3b65752,Jamey Simmons,1,1,10.159999999999997,10.159999999999997,0.000225022502250225
f1175ea3aafbf351,Hu Yaozong,1,1,10.159999999999997,10.159999999999997,0.000225022502250225
f6bcbd91b114ff58,Johnny Munoz,1,1,10.159999999999997,10.159999999999997,0.000225022502250225
f703250471acaf96,Harry Hunsucker,1,1,10.159999999999997,10.159999999999997,0.000225022502250225
f7d73e452b064bf2,Danny Henry,1,1,10.159999999999997,10.159999999999997,0.000225022502250225
008ea710276c9606,Jeff Molina,1,1,7.6200000000000045,7.6200000000000045,0.000225022502250225
00debc804e2b1cd4,Dylan Andrews,1,1,7.6200000000000045,7.6200000000000045,0.000225022502250225
054defd5420a551f,Rob Kimmons,1,1,7.6200000000000045,7.6200000000000045,0.000225022502250225
0641c21bec209472,Mike Jackson,1,1,7.6200000000000045,7.6200000000000045,0.000225022502250225
0ccab7c889ede9ea,Fredy Serrano,1,1,7.6200000000000045,7.6200000000000045,0.000225022502250225
0d7b51c9d2649a6e,Dricus Du Plessis,1,1,7.6200000000000045,7.6200000000000045,0.000225022502250225
12f1b140e248bdb9,Jerrod Sanders,1,1,7.6200000000000045,7.6200000000000045,0.000225022502250225
147e70aa6cc48cfc,Tresean Gore,1,1,7.6200000000000045,7.6200000000000045,0.000225022502250225
1ccf4e7caff270df,Dan Henderson,1,1,7.6200000000000045,7.6200000000000045,0.000225022502250225
1ddb480b601cefb1,Chance Rencountre,1,1,7.6200000000000045,7.6200000000000045,0.000225022502250225
1e719d4b676dc19a,Brunno Ferreira,1,1,7.6200000000000045,7.6200000000000045,0.000225022502250225
23725c826c481e7f,Paul Daley,1,1,7.6200000000000045,7.6200000000000045,0.000225022502250225
257b0c8d6f199895,Impa Kasanganay,1,1,7.6200000000000045,7.6200000000000045,0.000225022502250225
260bd4cef10b033f,Ihor Potieria,1,1,7.6200000000000045,7.6200000000000045,0.000225022502250225
2c5f5749569eef66,Tainara Lisboa,1,1,7.6200000000000045,7.6200000000000045,0.000225022502250225
2dc1bc1a02961656,Manny Bermudez,1,1,7.6200000000000045,7.6200000000000045,0.000225022502250225
2f732dd9210d301f,Tito Ortiz,1,1,7.6200000000000045,7.6200000000000045,0.000225022502250225
326f94d6cfb1bf25,Ben Sosoli,1,1,7.6200000000000045,7.6200000000000045,0.000225022502250225
351c4ec637380ad5,Karol Rosa,1,1,7.6200000000000045,7.6200000000000045,0.000225022502250225
369e1ce458ef50a6,Ruslan Magomedov,1,1,7.6200000000000045,7.6200000000000045,0.000225022502250225
41f90012b86a11bf,Raphael Pessoa,1,1,7.6200000000000045,7.6200000000000045,0.000225022502250225
44bc27bfa76dcd9e,Renee Forte,1,1,7.6200000000000045,7.6200000000000045,0.000225022502250225
46d0a888d87d91ac,Abu Azaitar,1,1,7.6200000000000045,7.6200000000000045,0.000225022502250225
476fe566d2df676e,Modestas Bukauskas,1,1,7.6200000000000045,7.6200000000000045,0.000225022502250225
4c288a2b250bb576,Luke Jumeau,1,1,7.6200000000000045,7.6200000000000045,0.000225022502250225
4c7781da8c6cae93,Ryan LaFlare,1,1,7.6200000000000045,7.6200000000000045,0.000225022502250225
4cd8b03aee1d0138,Shane Young,1,1,7.6200000000000045,7.6200000000000045,0.000225022502250225
4d5197f331c47290,Paige VanZant,1,1,7.6200000000000045,7.6200000000000045,0.000225022502250225
4e0692ad070976e4,Lyman Good,1,1,7.6200000000000045,7.6200000000000045,0.000225022502250225
4f736494fc733095,Carlos Eduardo Rocha,1,1,7.6200000000000045,7.6200000000000045,0.000225022502250225
5095b0920a3602aa,Blake Bilder,1,1,7.6200000000000045,7.6200000000000045,0.000225022502250225
51b1e2fd9872005b,Mackens Semerzier,1,1,7.6200000000000045,7.6200000000000045,0.000225022502250225
51e86de150ee8be6,Thibault Gouti,1,1,7.6200000000000045,7.6200000000000045,0.000225022502250225
54578e5927adea53,Richie Vaculik,1,1,7.6200000000000045,7.6200000000000045,0.000225022502250225
56f7d7ee06be4aab,Zac Pauga,1,1,7.6200000000000045,7.6200000000000045,0.000225022502250225
57ab4d7c0bc09a30,Zach Makovsky,1,1,7.6200000000000045,7.6200000000000045,0.000225022502250225
5df17b3620145578,Cole Escovedo,1,1,7.6200000000000045,7.6200000000000045,0.000225022502250225
5f61780fe5e9b6d0,Andre Petroski,1,1,7.6200000000000045,7.6200000000000045,0.000225022502250225
62f7097c04311193,Niklas Stolze,1,1,7.6200000000000045,7.6200000000000045,0.000225022502250225
65ddc8a9ac4e8531,Keita Nakamura,1,1,7.6200000000000045,7.6200000000000045,0.000225022502250225
68c7ad953455c73f,Don Madge,1,1,7.6200000000000045,7.6200000000000045,0.000225022502250225
6d35bf94f7d30241,Amir Albazi,1,1,7.6200000000000045,7.6200000000000045,0.000225022502250225
6e0e977beb909837,Sung Bin Jo,1,1,7.6200000000000045,7.6200000000000045,0.000225022502250225
6e7c758f5cdec01a,Paddy Holohan,1,1,7.6200000000000045,7.6200000000000045,0.000225022502250225
706f8e2b34e8e18b,Anton Kuivanen,1,1,7.6200000000000045,7.6200000000000045,0.000225022502250225
714e1e0681ddb703,Derrick Krantz,1,1,7.6200000000000045,7.6200000000000045,0.000225022502250225
71f048adbfed5b49,Sabah Homasi,1,1,7.6200000000000045,7.6200000000000045,0.000225022502250225
7413b80dbb0f8f9f,Lucas Martins,1,1,7.6200000000000045,7.6200000000000045,0.000225022502250225
744e098e065cfdbe,Ricardo Romero,1,1,7.6200000000000045,7.6200000000000045,0.000225022502250225
776d4262c4da38bf,Pete Rodriguez,1,1,7.6200000000000045,7.6200000000000045,0.000225022502250225
7832f2f62f04178f,Tucker Lutz,1,1,7.6200000000000045,7.6200000000000045,0.000225022502250225
78a68f1dade6aaf7,Fabio Cherant,1,1,7.6200000000000045,7.6200000000000045,0.000225022502250225
79325a3c1a5c3bf4,Andreas Michailidis,1,1,7.6200000000000045,7.6200000000000045,0.000225022502250225
7a15f3694c5cbc02,John Alessio,1,1,7.6200000000000045,7.6200000000000045,0.000225022502250225
7ab478c397cd68ef,Aliaskhab Khizriev,1,1,7.6200000000000045,7.6200000000000045,0.000225022502250225
7f0f171414d0a287,Zelim Imadaev,1,1,7.6200000000000045,7.6200000000000045,0.000225022502250225
80d918336163b80c,Tatsuya Kawajiri,1,1,7.6200000000000045,7.6200000000000045,0.000225022502250225
82cbb809d5ee565c,Mara Romero Borella,1,1,7.6200000000000045,7.6200000000000045,0.000225022502250225
82d4c957649faf9b,Miguel Baeza,1,1,7.6200000000000045,7.6200000000000045,0.000225022502250225
850266b3dc4e506e,Daniel Marcos,1,1,7.6200000000000045,7.6200000000000045,0.000225022502250225
881bf86d4cba8578,Nassourdine Imavov,1,1,7.6200000000000045,7.6200000000000045,0.000225022502250225
8a70ceb3edbe757b,Andrew Craig,1,1,7.6200000000000045,7.6200000000000045,0.000225022502250225
8a9c6c4301f6d088,Danny Martinez,1,1,7.6200000000000045,7.6200000000000045,0.000225022502250225
8c169fbe1ac33637,Loik Radzhabov,1,1,7.6200000000000045,7.6200000000000045,0.000225022502250225
8e9eb3fc86db0f7d,Marc-Andre Barriault,1,1,7.6200000000000045,7.6200000000000045,0.000225022502250225
8f765fd5775a8873,Rinat Fakhretdinov,1,1,7.6200000000000045,7.6200000000000045,0.000225022502250225
907e60fd13407e1e,Bec Rawlings,1,1,7.6200000000000045,7.6200000000000045,0.000225022502250225
914a897455693650,Carl Deaton,1,1,7.6200000000000045,7.6200000000000045,0.000225022502250225
93b62c5f2ba18e51,Gustavo Lopez,1,1,7.6200000000000045,7.6200000000000045,0.000225022502250225
946db8a378903cc3,Joe Giannetti,1,1,7.6200000000000045,7.6200000000000045,0.000225022502250225
960d6cae8879ba2b,Robert Peralta,1,1,7.6200000000000045,7.6200000000000045,0.000225022502250225
98b80a717b9bda17,Matt Hamill,1,1,7.6200000000000045,7.6200000000000045,0.000225022502250225
9b7dfb3b7d99926a,Vanessa Melo,1,1,7.6200000000000045,7.6200000000000045,0.000225022502250225
9d83f6da776ff7d6,Roman Kopylov,1,1,7.6200000000000045,7.6200000000000045,0.000225022502250225
a08d909a5be6f410,Eliot Marshall,1,1,7.6200000000000045,7.6200000000000045,0.000225022502250225
a54660deb6a8489c,Muin Gafurov,1,1,7.6200000000000045,7.6200000000000045,0.000225022502250225
a66395395b5f1394,Danny Downes,1,1,7.6200000000000045,7.6200000000000045,0.000225022502250225
a6c20202c701e5ca,Sasha Palatnikov,1,1,7.6200000000000045,7.6200000000000045,0.000225022502250225
a7e3f02fe2b2fe30,Danyelle Wolf,1,1,7.6200000000000045,7.6200000000000045,0.000225022502250225
a7f4d0902bb64092,James Irvin,1,1,7.6200000000000045,7.6200000000000045,0.000225022502250225
a8ea84cbe1655f0a,Jeff Curran,1,1,7.6200000000000045,7.6200000000000045,0.000225022502250225
abd5fb12437eda21,Ramazan Emeev,1,1,7.6200000000000045,7.6200000000000045,0.000225022502250225
acb36c908d415c4a,Vinicius Moreira,1,1,7.6200000000000045,7.6200000000000045,0.000225022502250225
afe8d5b39ff7fca2,Louis Cosce,1,1,7.6200000000000045,7.6200000000000045,0.000225022502250225
b0550072e5f0afa7,Yoshihiro Akiyama,1,1,7.6200000000000045,7.6200000000000045,0.000225022502250225
b0a6124751a56bc4,Jonathan Brookins,1,1,7.6200000000000045,7.6200000000000045,0.000225022502250225
b59037262c8fe060,Ryan Janes,1,1,7.6200000000000045,7.6200000000000045,0.000225022502250225
b96939f2b8d88e82,Ariel Beck,1,1,7.6200000000000045,7.6200000000000045,0.000225022502250225
b9706f80d005036c,Ketlen Vieira,1,1,7.6200000000000045,7.6200000000000045,0.000225022502250225
b9c03e7a4557e542,Royston Wee,1,1,7.6200000000000045,7.6200000000000045,0.000225022502250225
baed16f18348908e,Kris McCray,1,1,7.6200000000000045,7.6200000000000045,0.000225022502250225
bf2c8e01b07d3eb1,Myktybek Orolbai,1,1,7.6200000000000045,7.6200000000000045,0.000225022502250225
c0386644627a7ee5,Mana Martinez,1,1,7.6200000000000045,7.6200000000000045,0.000225022502250225
c3f6db17cea09ca7,Danilo Belluardo,1,1,7.6200000000000045,7.6200000000000045,0.000225022502250225
c4b81cdecd5d6abe,Gerald Harris,1,1,7.6200000000000045,7.6200000000000045,0.000225022502250225
cad24459b28592ca,Eryk Anders,1,1,7.6200000000000045,7.6200000000000045,0.000225022502250225
cb46dface0e28a2c,Jorge Rivera,1,1,7.6200000000000045,7.6200000000000045,0.000225022502250225
cd01f0b768a32475,Jonathan Wilson,1,1,7.6200000000000045,7.6200000000000045,0.000225022502250225
cd2c4d30c6e13b47,Marina Rodriguez,1,1,7.6200000000000045,7.6200000000000045,0.000225022502250225
cd3d7e37ff2d679c,Ricky Turcios,1,1,7.6200000000000045,7.6200000000000045,0.000225022502250225
d0c29452d3272603,Dan Miller,1,1,7.6200000000000045,7.6200000000000045,0.000225022502250225
d0d7160824278840,Junior Assuncao,1,1,7.6200000000000045,7.6200000000000045,0.000225022502250225
d1a1314976c50bef,Josh Neer,1,1,7.6200000000000045,7.6200000000000045,0.000225022502250225
d2036f31c035e0d1,Jose Torres,1,1,7.6200000000000045,7.6200000000000045,0.000225022502250225
d53482bef23235ba,Marcio Alexandre Junior,1,1,7.6200000000000045,7.6200000000000045,0.000225022502250225
d5f820c11a121050,Aaron Simpson,1,1,7.6200000000000045,7.6200000000000045,0.000225022502250225
d9a56ecb6e94f02e,Evan Elder,1,1,7.6200000000000045,7.6200000000000045,0.000225022502250225
da22387a0407a2dc,Da'Mon Blackshear,1,1,7.6200000000000045,7.6200000000000045,0.000225022502250225
df2bf09c99594848,Mario Miranda,1,1,7.6200000000000045,7.6200000000000045,0.000225022502250225
e18a19001a3f7c7d,Alptekin Ozkilic,1,1,7.6200000000000045,7.6200000000000045,0.000225022502250225
e57fdbea1b828202,Jake Hecht,1,1,7.6200000000000045,7.6200000000000045,0.000225022502250225
e7f51d9f9e9259e7,Thomas Gifford,1,1,7.6200000000000045,7.6200000000000045,0.000225022502250225
e86bc32f5997a8f7,Forrest Petz,1,1,7.6200000000000045,7.6200000000000045,0.000225022502250225
e93b04e308913c2e,Dooho Choi,1,1,7.6200000000000045,7.6200000000000045,0.000225022502250225
ea7e5bc78d9de658,Makhmud Muradov,1,1,7.6200000000000045,7.6200000000000045,0.000225022502250225
eaa9402e5a7990ad,Braxton Smith,1,1,7.6200000000000045,7.6200000000000045,0.000225022502250225
ece280745f8727b8,Kamal Shalorus,1,1,7.6200000000000045,7.6200000000000045,0.000225022502250225
ed9d8ee3a4239b1c,Sage Northcutt,1,1,7.6200000000000045,7.6200000000000045,0.000225022502250225
eee0ef3e2b14816b,Kai Kamaka,1,1,7.6200000000000045,7.6200000000000045,0.000225022502250225
eff47295daf721a6,Tamdan McCrory,1,1,7.6200000000000045,7.6200000000000045,0.000225022502250225
f2b3f4ef3f780168,Nora Cornolle,1,1,7.6200000000000045,7.6200000000000045,0.000225022502250225
f6e5972c9d16c40e,Victor Rodriguez,1,1,7.6200000000000045,7.6200000000000045,0.000225022502250225
f72465a784c1b084,Jessica Eye,1,1,7.6200000000000045,7.6200000000000045,0.000225022502250225
f797f0c57a83353e,Trevor Smith,1,1,7.6200000000000045,7.6200000000000045,0.000225022502250225
fae67903c4fe636b,Antonio Braga Neto,1,1,7.6200000000000045,7.6200000000000045,0.000225022502250225
fc08099550072fe4,Waldo Cortes-Acosta,1,1,7.6200000000000045,7.6200000000000045,0.000225022502250225
fc6e681bf6658faf,Ashlee Evans-Smith,1,1,7.6200000000000045,7.6200000000000045,0.000225022502250225
fcce75a25c14a804,Bojan Velickovic,1,1,7.6200000000000045,7.6200000000000045,0.000225022502250225
fcffee71cff5530e,Forrest Griffin,1,1,7.6200000000000045,7.6200000000000045,0.000225022502250225
0e5c4e72237461bb,Bruno Souza,1,1,7.619999999999976,7.619999999999976,0.000225022502250225
1a08b01fdabb6ae2,Tony Kelley,1,1,7.619999999999976,7.619999999999976,0.000225022502250225
202b0467521c9d6f,Viktor Pesta,1,1,7.619999999999976,7.619999999999976,0.000225022502250225
242d36d241b43c12,Kron Gracie,1,1,7.619999999999976,7.619999999999976,0.000225022502250225
26b63bc5c0c1f65d,Alex Chambers,1,1,7.619999999999976,7.619999999999976,0.000225022502250225
2aa49b3766a59bcd,Jordan Mein,1,1,7.619999999999976,7.619999999999976,0.000225022502250225
2e7878927067fdca,Manuel Torres,1,1,7.619999999999976,7.619999999999976,0.000225022502250225
305d73ede05e31ad,Austin Lingo,1,1,7.619999999999976,7.619999999999976,0.000225022502250225
33011768c3c4dc9a,Terry Etim,1,1,7.619999999999976,7.619999999999976,0.000225022502250225
3753714927f18437,Mohammad Yahya,1,1,7.619999999999976,7.619999999999976,0.000225022502250225
3f4c3bc822bea45d,Melissa Martinez,1,1,7.619999999999976,7.619999999999976,0.000225022502250225
3fa7688bfe48a493,Yoshinori Horie,1,1,7.619999999999976,7.619999999999976,0.000225022502250225
4638cc6479cc0afe,Masio Fullen,1,1,7.619999999999976,7.619999999999976,0.000225022502250225
49b130de1da2e1bf,Sarah Alpar,1,1,7.619999999999976,7.619999999999976,0.000225022502250225
621a6c59f88a44fe,Matt Hughes,1,1,7.619999999999976,7.619999999999976,0.000225022502250225
68dd7b3783c19f9c,Shane Carwin,1,1,7.619999999999976,7.619999999999976,0.000225022502250225
6eaec40f724852f4,Jessin Ayari,1,1,7.619999999999976,7.619999999999976,0.000225022502250225
7debc13b36343605,Cristian Quinonez,1,1,7.619999999999976,7.619999999999976,0.000225022502250225
8f6a18831a120817,James Krause,1,1,7.619999999999976,7.619999999999976,0.000225022502250225
a52bc1e62cf0b7c6,Melsik Baghdasaryan,1,1,7.619999999999976,7.619999999999976,0.000225022502250225
aac5ac38148f0528,Paul Kelly,1,1,7.619999999999976,7.619999999999976,0.000225022502250225
af65aa688d13eedf,Joe Solecki,1,1,7.619999999999976,7.619999999999976,0.000225022502250225
b406da701c479076,Ernest Chavez,1,1,7.619999999999976,7.619999999999976,0.000225022502250225
c169545ab0825f44,Geane Herrera,1,1,7.619999999999976,7.619999999999976,0.000225022502250225
c2299ec916bc7c56,Benoit Saint Denis,1,1,7.619999999999976,7.619999999999976,0.000225022502250225
c3ded6f7155f9ea4,Alex Da Silva,1,1,7.619999999999976,7.619999999999976,0.000225022502250225
c41d426cc7326d1b,Yan Xiaonan,1,1,7.619999999999976,7.619999999999976,0.000225022502250225
c4af2feb4b58bc3b,Kazuki Tokudome,1,1,7.619999999999976,7.619999999999976,0.000225022502250225
c575ab451e3c5b1d,Mickael Lebout,1,1,7.619999999999976,7.619999999999976,0.000225022502250225
cbd3e590a85b18c5,Mirsad Bektic,1,1,7.619999999999976,7.619999999999976,0.000225022502250225
d80ee110748171ac,Mike Breeden,1,1,7.619999999999976,7.619999999999976,0.000225022502250225
f9a20a17d712ef7c,Cole Williams,1,1,7.619999999999976,7.619999999999976,0.000225022502250225
fb1538b46877a695,Jonathan Goulet,1,1,7.619999999999976,7.619999999999976,0.000225022502250225
fef3d17e27e916e7,Antonio Carvalho,1,1,7.619999999999976,7.619999999999976,0.000225022502250225
