snapshot_run_id,snapshot_timestamp,source,bookmaker,provider_event_id,provider_subcategory_id,provider_subcategory_name,registry_family,request_url,raw_payload_path,diagnostic_rows,status,error
draftkings_20260710_202700,2026-07-10T20:27:00.430300+00:00,draftkings_public,DraftKings,34347878,13025,Main Lines,main_lines,https://sportsbook-nash.draftkings.com/sites/US-KS-SB/api/sportscontent/controldata/league/eventSubcategory/v1/markets?isBatchable=false&templateVars=13025&marketsQuery=%24filter%3DeventId+eq+%2734347878%27+AND+clientMetadata%2FsubCategoryId+eq+%2713025%27+AND+tags%2Fall%28t%3A+t+ne+%27SportcastBetBuilder%27%29&eventsQuery=%24filter%3Did+in+%28%2734347878%27%29&include=Events&entity=markets,data/market/raw/draftkings/2026-07-10/event_34347878/snapshot_draftkings_20260710_202700_subcategory_13025.json,6,success,
draftkings_20260710_202700,2026-07-10T20:27:00.430300+00:00,draftkings_public,DraftKings,34347878,13179,Alternate Total Rounds,alternate_total_rounds,https://sportsbook-nash.draftkings.com/sites/US-KS-SB/api/sportscontent/controldata/league/eventSubcategory/v1/markets?isBatchable=false&templateVars=13179&marketsQuery=%24filter%3DeventId+eq+%2734347878%27+AND+clientMetadata%2FsubCategoryId+eq+%2713179%27+AND+tags%2Fall%28t%3A+t+ne+%27SportcastBetBuilder%27%29&eventsQuery=%24filter%3Did+in+%28%2734347878%27%29&include=Events&entity=markets,data/market/raw/draftkings/2026-07-10/event_34347878/snapshot_draftkings_20260710_202700_subcategory_13179.json,4,success,
draftkings_20260710_202700,2026-07-10T20:27:00.430300+00:00,draftkings_public,DraftKings,34347878,16272,Alternate Point Spread,alternate_point_spread,https://sportsbook-nash.draftkings.com/sites/US-KS-SB/api/sportscontent/controldata/league/eventSubcategory/v1/markets?isBatchable=false&templateVars=16272&marketsQuery=%24filter%3DeventId+eq+%2734347878%27+AND+clientMetadata%2FsubCategoryId+eq+%2716272%27+AND+tags%2Fall%28t%3A+t+ne+%27SportcastBetBuilder%27%29&eventsQuery=%24filter%3Did+in+%28%2734347878%27%29&include=Events&entity=markets,data/market/raw/draftkings/2026-07-10/event_34347878/snapshot_draftkings_20260710_202700_subcategory_16272.json,10,success,
draftkings_20260710_202700,2026-07-10T20:27:00.430300+00:00,draftkings_public,DraftKings,34347878,17644,Fight to Go the Distance,goes_distance,https://sportsbook-nash.draftkings.com/sites/US-KS-SB/api/sportscontent/controldata/league/eventSubcategory/v1/markets?isBatchable=false&templateVars=17644&marketsQuery=%24filter%3DeventId+eq+%2734347878%27+AND+clientMetadata%2FsubCategoryId+eq+%2717644%27+AND+tags%2Fall%28t%3A+t+ne+%27SportcastBetBuilder%27%29&eventsQuery=%24filter%3Did+in+%28%2734347878%27%29&include=Events&entity=markets,data/market/raw/draftkings/2026-07-10/event_34347878/snapshot_draftkings_20260710_202700_subcategory_17644.json,2,success,
draftkings_20260710_202700,2026-07-10T20:27:00.430300+00:00,draftkings_public,DraftKings,34347878,18911,Fighter Method Props,fighter_method_props,https://sportsbook-nash.draftkings.com/sites/US-KS-SB/api/sportscontent/controldata/league/eventSubcategory/v1/markets?isBatchable=false&templateVars=18911&marketsQuery=%24filter%3DeventId+eq+%2734347878%27+AND+clientMetadata%2FsubCategoryId+eq+%2718911%27+AND+tags%2Fall%28t%3A+t+ne+%27SportcastBetBuilder%27%29&eventsQuery=%24filter%3Did+in+%28%2734347878%27%29&include=Events&entity=markets,data/market/raw/draftkings/2026-07-10/event_34347878/snapshot_draftkings_20260710_202700_subcategory_18911.json,6,success,
draftkings_20260710_202700,2026-07-10T20:27:00.430300+00:00,draftkings_public,DraftKings,34347878,6437,Exact Method of Victory,exact_method,https://sportsbook-nash.draftkings.com/sites/US-KS-SB/api/sportscontent/controldata/league/eventSubcategory/v1/markets?isBatchable=false&templateVars=6437&marketsQuery=%24filter%3DeventId+eq+%2734347878%27+AND+clientMetadata%2FsubCategoryId+eq+%276437%27+AND+tags%2Fall%28t%3A+t+ne+%27SportcastBetBuilder%27%29&eventsQuery=%24filter%3Did+in+%28%2734347878%27%29&include=Events&entity=markets,data/market/raw/draftkings/2026-07-10/event_34347878/snapshot_draftkings_20260710_202700_subcategory_6437.json,4,success,
draftkings_20260710_202700,2026-07-10T20:27:00.430300+00:00,draftkings_public,DraftKings,34347878,5735,Round and Method,round_method,https://sportsbook-nash.draftkings.com/sites/US-KS-SB/api/sportscontent/controldata/league/eventSubcategory/v1/markets?isBatchable=false&templateVars=5735&marketsQuery=%24filter%3DeventId+eq+%2734347878%27+AND+clientMetadata%2FsubCategoryId+eq+%275735%27+AND+tags%2Fall%28t%3A+t+ne+%27SportcastBetBuilder%27%29&eventsQuery=%24filter%3Did+in+%28%2734347878%27%29&include=Events&entity=markets,data/market/raw/draftkings/2026-07-10/event_34347878/snapshot_draftkings_20260710_202700_subcategory_5735.json,13,success,
draftkings_20260710_202700,2026-07-10T20:27:00.430300+00:00,draftkings_public,DraftKings,34347878,15122,Finish Only,finish_only_moneyline,https://sportsbook-nash.draftkings.com/sites/US-KS-SB/api/sportscontent/controldata/league/eventSubcategory/v1/markets?isBatchable=false&templateVars=15122&marketsQuery=%24filter%3DeventId+eq+%2734347878%27+AND+clientMetadata%2FsubCategoryId+eq+%2715122%27+AND+tags%2Fall%28t%3A+t+ne+%27SportcastBetBuilder%27%29&eventsQuery=%24filter%3Did+in+%28%2734347878%27%29&include=Events&entity=markets,data/market/raw/draftkings/2026-07-10/event_34347878/snapshot_draftkings_20260710_202700_subcategory_15122.json,2,success,
draftkings_20260710_202700,2026-07-10T20:27:00.430300+00:00,draftkings_public,DraftKings,34347878,15123,Decision Only,decision_only_moneyline,https://sportsbook-nash.draftkings.com/sites/US-KS-SB/api/sportscontent/controldata/league/eventSubcategory/v1/markets?isBatchable=false&templateVars=15123&marketsQuery=%24filter%3DeventId+eq+%2734347878%27+AND+clientMetadata%2FsubCategoryId+eq+%2715123%27+AND+tags%2Fall%28t%3A+t+ne+%27SportcastBetBuilder%27%29&eventsQuery=%24filter%3Did+in+%28%2734347878%27%29&include=Events&entity=markets,data/market/raw/draftkings/2026-07-10/event_34347878/snapshot_draftkings_20260710_202700_subcategory_15123.json,2,success,
draftkings_20260710_202700,2026-07-10T20:27:00.430300+00:00,draftkings_public,DraftKings,34347878,15124,Round 1 Only,round_1_only_moneyline,https://sportsbook-nash.draftkings.com/sites/US-KS-SB/api/sportscontent/controldata/league/eventSubcategory/v1/markets?isBatchable=false&templateVars=15124&marketsQuery=%24filter%3DeventId+eq+%2734347878%27+AND+clientMetadata%2FsubCategoryId+eq+%2715124%27+AND+tags%2Fall%28t%3A+t+ne+%27SportcastBetBuilder%27%29&eventsQuery=%24filter%3Did+in+%28%2734347878%27%29&include=Events&entity=markets,data/market/raw/draftkings/2026-07-10/event_34347878/snapshot_draftkings_20260710_202700_subcategory_15124.json,2,success,
draftkings_20260710_202700,2026-07-10T20:27:00.430300+00:00,draftkings_public,DraftKings,34347878,15125,Submission Only,submission_only_moneyline,https://sportsbook-nash.draftkings.com/sites/US-KS-SB/api/sportscontent/controldata/league/eventSubcategory/v1/markets?isBatchable=false&templateVars=15125&marketsQuery=%24filter%3DeventId+eq+%2734347878%27+AND+clientMetadata%2FsubCategoryId+eq+%2715125%27+AND+tags%2Fall%28t%3A+t+ne+%27SportcastBetBuilder%27%29&eventsQuery=%24filter%3Did+in+%28%2734347878%27%29&include=Events&entity=markets,data/market/raw/draftkings/2026-07-10/event_34347878/snapshot_draftkings_20260710_202700_subcategory_15125.json,2,success,
draftkings_20260710_202700,2026-07-10T20:27:00.430300+00:00,draftkings_public,DraftKings,34347878,15126,KO TKO DQ Only,ko_tko_only_moneyline,https://sportsbook-nash.draftkings.com/sites/US-KS-SB/api/sportscontent/controldata/league/eventSubcategory/v1/markets?isBatchable=false&templateVars=15126&marketsQuery=%24filter%3DeventId+eq+%2734347878%27+AND+clientMetadata%2FsubCategoryId+eq+%2715126%27+AND+tags%2Fall%28t%3A+t+ne+%27SportcastBetBuilder%27%29&eventsQuery=%24filter%3Did+in+%28%2734347878%27%29&include=Events&entity=markets,data/market/raw/draftkings/2026-07-10/event_34347878/snapshot_draftkings_20260710_202700_subcategory_15126.json,2,success,
draftkings_20260710_202700,2026-07-10T20:27:00.430300+00:00,draftkings_public,DraftKings,34347878,19390,Fighter Significant Strikes Total,fighter_sig_strikes_total,https://sportsbook-nash.draftkings.com/sites/US-KS-SB/api/sportscontent/controldata/league/eventSubcategory/v1/markets?isBatchable=false&templateVars=19390&marketsQuery=%24filter%3DeventId+eq+%2734347878%27+AND+clientMetadata%2FsubCategoryId+eq+%2719390%27+AND+tags%2Fall%28t%3A+t+ne+%27SportcastBetBuilder%27%29&eventsQuery=%24filter%3Did+in+%28%2734347878%27%29&include=Events&entity=markets,data/market/raw/draftkings/2026-07-10/event_34347878/snapshot_draftkings_20260710_202700_subcategory_19390.json,4,success,
draftkings_20260710_202700,2026-07-10T20:27:00.430300+00:00,draftkings_public,DraftKings,34335905,13025,Main Lines,main_lines,https://sportsbook-nash.draftkings.com/sites/US-KS-SB/api/sportscontent/controldata/league/eventSubcategory/v1/markets?isBatchable=false&templateVars=13025&marketsQuery=%24filter%3DeventId+eq+%2734335905%27+AND+clientMetadata%2FsubCategoryId+eq+%2713025%27+AND+tags%2Fall%28t%3A+t+ne+%27SportcastBetBuilder%27%29&eventsQuery=%24filter%3Did+in+%28%2734335905%27%29&include=Events&entity=markets,data/market/raw/draftkings/2026-07-10/event_34335905/snapshot_draftkings_20260710_202700_subcategory_13025.json,6,success,
draftkings_20260710_202700,2026-07-10T20:27:00.430300+00:00,draftkings_public,DraftKings,34335905,13179,Alternate Total Rounds,alternate_total_rounds,https://sportsbook-nash.draftkings.com/sites/US-KS-SB/api/sportscontent/controldata/league/eventSubcategory/v1/markets?isBatchable=false&templateVars=13179&marketsQuery=%24filter%3DeventId+eq+%2734335905%27+AND+clientMetadata%2FsubCategoryId+eq+%2713179%27+AND+tags%2Fall%28t%3A+t+ne+%27SportcastBetBuilder%27%29&eventsQuery=%24filter%3Did+in+%28%2734335905%27%29&include=Events&entity=markets,data/market/raw/draftkings/2026-07-10/event_34335905/snapshot_draftkings_20260710_202700_subcategory_13179.json,4,success,
draftkings_20260710_202700,2026-07-10T20:27:00.430300+00:00,draftkings_public,DraftKings,34335905,16272,Alternate Point Spread,alternate_point_spread,https://sportsbook-nash.draftkings.com/sites/US-KS-SB/api/sportscontent/controldata/league/eventSubcategory/v1/markets?isBatchable=false&templateVars=16272&marketsQuery=%24filter%3DeventId+eq+%2734335905%27+AND+clientMetadata%2FsubCategoryId+eq+%2716272%27+AND+tags%2Fall%28t%3A+t+ne+%27SportcastBetBuilder%27%29&eventsQuery=%24filter%3Did+in+%28%2734335905%27%29&include=Events&entity=markets,data/market/raw/draftkings/2026-07-10/event_34335905/snapshot_draftkings_20260710_202700_subcategory_16272.json,10,success,
draftkings_20260710_202700,2026-07-10T20:27:00.430300+00:00,draftkings_public,DraftKings,34335905,17644,Fight to Go the Distance,goes_distance,https://sportsbook-nash.draftkings.com/sites/US-KS-SB/api/sportscontent/controldata/league/eventSubcategory/v1/markets?isBatchable=false&templateVars=17644&marketsQuery=%24filter%3DeventId+eq+%2734335905%27+AND+clientMetadata%2FsubCategoryId+eq+%2717644%27+AND+tags%2Fall%28t%3A+t+ne+%27SportcastBetBuilder%27%29&eventsQuery=%24filter%3Did+in+%28%2734335905%27%29&include=Events&entity=markets,data/market/raw/draftkings/2026-07-10/event_34335905/snapshot_draftkings_20260710_202700_subcategory_17644.json,2,success,
draftkings_20260710_202700,2026-07-10T20:27:00.430300+00:00,draftkings_public,DraftKings,34335905,18911,Fighter Method Props,fighter_method_props,https://sportsbook-nash.draftkings.com/sites/US-KS-SB/api/sportscontent/controldata/league/eventSubcategory/v1/markets?isBatchable=false&templateVars=18911&marketsQuery=%24filter%3DeventId+eq+%2734335905%27+AND+clientMetadata%2FsubCategoryId+eq+%2718911%27+AND+tags%2Fall%28t%3A+t+ne+%27SportcastBetBuilder%27%29&eventsQuery=%24filter%3Did+in+%28%2734335905%27%29&include=Events&entity=markets,data/market/raw/draftkings/2026-07-10/event_34335905/snapshot_draftkings_20260710_202700_subcategory_18911.json,6,success,
draftkings_20260710_202700,2026-07-10T20:27:00.430300+00:00,draftkings_public,DraftKings,34335905,6437,Exact Method of Victory,exact_method,https://sportsbook-nash.draftkings.com/sites/US-KS-SB/api/sportscontent/controldata/league/eventSubcategory/v1/markets?isBatchable=false&templateVars=6437&marketsQuery=%24filter%3DeventId+eq+%2734335905%27+AND+clientMetadata%2FsubCategoryId+eq+%276437%27+AND+tags%2Fall%28t%3A+t+ne+%27SportcastBetBuilder%27%29&eventsQuery=%24filter%3Did+in+%28%2734335905%27%29&include=Events&entity=markets,data/market/raw/draftkings/2026-07-10/event_34335905/snapshot_draftkings_20260710_202700_subcategory_6437.json,4,success,
draftkings_20260710_202700,2026-07-10T20:27:00.430300+00:00,draftkings_public,DraftKings,34335905,5735,Round and Method,round_method,https://sportsbook-nash.draftkings.com/sites/US-KS-SB/api/sportscontent/controldata/league/eventSubcategory/v1/markets?isBatchable=false&templateVars=5735&marketsQuery=%24filter%3DeventId+eq+%2734335905%27+AND+clientMetadata%2FsubCategoryId+eq+%275735%27+AND+tags%2Fall%28t%3A+t+ne+%27SportcastBetBuilder%27%29&eventsQuery=%24filter%3Did+in+%28%2734335905%27%29&include=Events&entity=markets,data/market/raw/draftkings/2026-07-10/event_34335905/snapshot_draftkings_20260710_202700_subcategory_5735.json,13,success,
draftkings_20260710_202700,2026-07-10T20:27:00.430300+00:00,draftkings_public,DraftKings,34335905,15122,Finish Only,finish_only_moneyline,https://sportsbook-nash.draftkings.com/sites/US-KS-SB/api/sportscontent/controldata/league/eventSubcategory/v1/markets?isBatchable=false&templateVars=15122&marketsQuery=%24filter%3DeventId+eq+%2734335905%27+AND+clientMetadata%2FsubCategoryId+eq+%2715122%27+AND+tags%2Fall%28t%3A+t+ne+%27SportcastBetBuilder%27%29&eventsQuery=%24filter%3Did+in+%28%2734335905%27%29&include=Events&entity=markets,data/market/raw/draftkings/2026-07-10/event_34335905/snapshot_draftkings_20260710_202700_subcategory_15122.json,2,success,
draftkings_20260710_202700,2026-07-10T20:27:00.430300+00:00,draftkings_public,DraftKings,34335905,15123,Decision Only,decision_only_moneyline,https://sportsbook-nash.draftkings.com/sites/US-KS-SB/api/sportscontent/controldata/league/eventSubcategory/v1/markets?isBatchable=false&templateVars=15123&marketsQuery=%24filter%3DeventId+eq+%2734335905%27+AND+clientMetadata%2FsubCategoryId+eq+%2715123%27+AND+tags%2Fall%28t%3A+t+ne+%27SportcastBetBuilder%27%29&eventsQuery=%24filter%3Did+in+%28%2734335905%27%29&include=Events&entity=markets,data/market/raw/draftkings/2026-07-10/event_34335905/snapshot_draftkings_20260710_202700_subcategory_15123.json,2,success,
draftkings_20260710_202700,2026-07-10T20:27:00.430300+00:00,draftkings_public,DraftKings,34335905,15124,Round 1 Only,round_1_only_moneyline,https://sportsbook-nash.draftkings.com/sites/US-KS-SB/api/sportscontent/controldata/league/eventSubcategory/v1/markets?isBatchable=false&templateVars=15124&marketsQuery=%24filter%3DeventId+eq+%2734335905%27+AND+clientMetadata%2FsubCategoryId+eq+%2715124%27+AND+tags%2Fall%28t%3A+t+ne+%27SportcastBetBuilder%27%29&eventsQuery=%24filter%3Did+in+%28%2734335905%27%29&include=Events&entity=markets,data/market/raw/draftkings/2026-07-10/event_34335905/snapshot_draftkings_20260710_202700_subcategory_15124.json,2,success,
draftkings_20260710_202700,2026-07-10T20:27:00.430300+00:00,draftkings_public,DraftKings,34335905,15125,Submission Only,submission_only_moneyline,https://sportsbook-nash.draftkings.com/sites/US-KS-SB/api/sportscontent/controldata/league/eventSubcategory/v1/markets?isBatchable=false&templateVars=15125&marketsQuery=%24filter%3DeventId+eq+%2734335905%27+AND+clientMetadata%2FsubCategoryId+eq+%2715125%27+AND+tags%2Fall%28t%3A+t+ne+%27SportcastBetBuilder%27%29&eventsQuery=%24filter%3Did+in+%28%2734335905%27%29&include=Events&entity=markets,data/market/raw/draftkings/2026-07-10/event_34335905/snapshot_draftkings_20260710_202700_subcategory_15125.json,2,success,
draftkings_20260710_202700,2026-07-10T20:27:00.430300+00:00,draftkings_public,DraftKings,34335905,15126,KO TKO DQ Only,ko_tko_only_moneyline,https://sportsbook-nash.draftkings.com/sites/US-KS-SB/api/sportscontent/controldata/league/eventSubcategory/v1/markets?isBatchable=false&templateVars=15126&marketsQuery=%24filter%3DeventId+eq+%2734335905%27+AND+clientMetadata%2FsubCategoryId+eq+%2715126%27+AND+tags%2Fall%28t%3A+t+ne+%27SportcastBetBuilder%27%29&eventsQuery=%24filter%3Did+in+%28%2734335905%27%29&include=Events&entity=markets,data/market/raw/draftkings/2026-07-10/event_34335905/snapshot_draftkings_20260710_202700_subcategory_15126.json,2,success,
draftkings_20260710_202700,2026-07-10T20:27:00.430300+00:00,draftkings_public,DraftKings,34335905,19390,Fighter Significant Strikes Total,fighter_sig_strikes_total,https://sportsbook-nash.draftkings.com/sites/US-KS-SB/api/sportscontent/controldata/league/eventSubcategory/v1/markets?isBatchable=false&templateVars=19390&marketsQuery=%24filter%3DeventId+eq+%2734335905%27+AND+clientMetadata%2FsubCategoryId+eq+%2719390%27+AND+tags%2Fall%28t%3A+t+ne+%27SportcastBetBuilder%27%29&eventsQuery=%24filter%3Did+in+%28%2734335905%27%29&include=Events&entity=markets,data/market/raw/draftkings/2026-07-10/event_34335905/snapshot_draftkings_20260710_202700_subcategory_19390.json,4,success,
draftkings_20260710_202700,2026-07-10T20:27:00.430300+00:00,draftkings_public,DraftKings,34167154,13025,Main Lines,main_lines,https://sportsbook-nash.draftkings.com/sites/US-KS-SB/api/sportscontent/controldata/league/eventSubcategory/v1/markets?isBatchable=false&templateVars=13025&marketsQuery=%24filter%3DeventId+eq+%2734167154%27+AND+clientMetadata%2FsubCategoryId+eq+%2713025%27+AND+tags%2Fall%28t%3A+t+ne+%27SportcastBetBuilder%27%29&eventsQuery=%24filter%3Did+in+%28%2734167154%27%29&include=Events&entity=markets,data/market/raw/draftkings/2026-07-10/event_34167154/snapshot_draftkings_20260710_202700_subcategory_13025.json,6,success,
draftkings_20260710_202700,2026-07-10T20:27:00.430300+00:00,draftkings_public,DraftKings,34167154,13179,Alternate Total Rounds,alternate_total_rounds,https://sportsbook-nash.draftkings.com/sites/US-KS-SB/api/sportscontent/controldata/league/eventSubcategory/v1/markets?isBatchable=false&templateVars=13179&marketsQuery=%24filter%3DeventId+eq+%2734167154%27+AND+clientMetadata%2FsubCategoryId+eq+%2713179%27+AND+tags%2Fall%28t%3A+t+ne+%27SportcastBetBuilder%27%29&eventsQuery=%24filter%3Did+in+%28%2734167154%27%29&include=Events&entity=markets,data/market/raw/draftkings/2026-07-10/event_34167154/snapshot_draftkings_20260710_202700_subcategory_13179.json,4,success,
draftkings_20260710_202700,2026-07-10T20:27:00.430300+00:00,draftkings_public,DraftKings,34167154,16272,Alternate Point Spread,alternate_point_spread,https://sportsbook-nash.draftkings.com/sites/US-KS-SB/api/sportscontent/controldata/league/eventSubcategory/v1/markets?isBatchable=false&templateVars=16272&marketsQuery=%24filter%3DeventId+eq+%2734167154%27+AND+clientMetadata%2FsubCategoryId+eq+%2716272%27+AND+tags%2Fall%28t%3A+t+ne+%27SportcastBetBuilder%27%29&eventsQuery=%24filter%3Did+in+%28%2734167154%27%29&include=Events&entity=markets,data/market/raw/draftkings/2026-07-10/event_34167154/snapshot_draftkings_20260710_202700_subcategory_16272.json,10,success,
draftkings_20260710_202700,2026-07-10T20:27:00.430300+00:00,draftkings_public,DraftKings,34167154,17644,Fight to Go the Distance,goes_distance,https://sportsbook-nash.draftkings.com/sites/US-KS-SB/api/sportscontent/controldata/league/eventSubcategory/v1/markets?isBatchable=false&templateVars=17644&marketsQuery=%24filter%3DeventId+eq+%2734167154%27+AND+clientMetadata%2FsubCategoryId+eq+%2717644%27+AND+tags%2Fall%28t%3A+t+ne+%27SportcastBetBuilder%27%29&eventsQuery=%24filter%3Did+in+%28%2734167154%27%29&include=Events&entity=markets,data/market/raw/draftkings/2026-07-10/event_34167154/snapshot_draftkings_20260710_202700_subcategory_17644.json,2,success,
draftkings_20260710_202700,2026-07-10T20:27:00.430300+00:00,draftkings_public,DraftKings,34167154,18911,Fighter Method Props,fighter_method_props,https://sportsbook-nash.draftkings.com/sites/US-KS-SB/api/sportscontent/controldata/league/eventSubcategory/v1/markets?isBatchable=false&templateVars=18911&marketsQuery=%24filter%3DeventId+eq+%2734167154%27+AND+clientMetadata%2FsubCategoryId+eq+%2718911%27+AND+tags%2Fall%28t%3A+t+ne+%27SportcastBetBuilder%27%29&eventsQuery=%24filter%3Did+in+%28%2734167154%27%29&include=Events&entity=markets,data/market/raw/draftkings/2026-07-10/event_34167154/snapshot_draftkings_20260710_202700_subcategory_18911.json,6,success,
draftkings_20260710_202700,2026-07-10T20:27:00.430300+00:00,draftkings_public,DraftKings,34167154,6437,Exact Method of Victory,exact_method,https://sportsbook-nash.draftkings.com/sites/US-KS-SB/api/sportscontent/controldata/league/eventSubcategory/v1/markets?isBatchable=false&templateVars=6437&marketsQuery=%24filter%3DeventId+eq+%2734167154%27+AND+clientMetadata%2FsubCategoryId+eq+%276437%27+AND+tags%2Fall%28t%3A+t+ne+%27SportcastBetBuilder%27%29&eventsQuery=%24filter%3Did+in+%28%2734167154%27%29&include=Events&entity=markets,data/market/raw/draftkings/2026-07-10/event_34167154/snapshot_draftkings_20260710_202700_subcategory_6437.json,4,success,
draftkings_20260710_202700,2026-07-10T20:27:00.430300+00:00,draftkings_public,DraftKings,34167154,5735,Round and Method,round_method,https://sportsbook-nash.draftkings.com/sites/US-KS-SB/api/sportscontent/controldata/league/eventSubcategory/v1/markets?isBatchable=false&templateVars=5735&marketsQuery=%24filter%3DeventId+eq+%2734167154%27+AND+clientMetadata%2FsubCategoryId+eq+%275735%27+AND+tags%2Fall%28t%3A+t+ne+%27SportcastBetBuilder%27%29&eventsQuery=%24filter%3Did+in+%28%2734167154%27%29&include=Events&entity=markets,data/market/raw/draftkings/2026-07-10/event_34167154/snapshot_draftkings_20260710_202700_subcategory_5735.json,13,success,
draftkings_20260710_202700,2026-07-10T20:27:00.430300+00:00,draftkings_public,DraftKings,34167154,15122,Finish Only,finish_only_moneyline,https://sportsbook-nash.draftkings.com/sites/US-KS-SB/api/sportscontent/controldata/league/eventSubcategory/v1/markets?isBatchable=false&templateVars=15122&marketsQuery=%24filter%3DeventId+eq+%2734167154%27+AND+clientMetadata%2FsubCategoryId+eq+%2715122%27+AND+tags%2Fall%28t%3A+t+ne+%27SportcastBetBuilder%27%29&eventsQuery=%24filter%3Did+in+%28%2734167154%27%29&include=Events&entity=markets,data/market/raw/draftkings/2026-07-10/event_34167154/snapshot_draftkings_20260710_202700_subcategory_15122.json,2,success,
draftkings_20260710_202700,2026-07-10T20:27:00.430300+00:00,draftkings_public,DraftKings,34167154,15123,Decision Only,decision_only_moneyline,https://sportsbook-nash.draftkings.com/sites/US-KS-SB/api/sportscontent/controldata/league/eventSubcategory/v1/markets?isBatchable=false&templateVars=15123&marketsQuery=%24filter%3DeventId+eq+%2734167154%27+AND+clientMetadata%2FsubCategoryId+eq+%2715123%27+AND+tags%2Fall%28t%3A+t+ne+%27SportcastBetBuilder%27%29&eventsQuery=%24filter%3Did+in+%28%2734167154%27%29&include=Events&entity=markets,data/market/raw/draftkings/2026-07-10/event_34167154/snapshot_draftkings_20260710_202700_subcategory_15123.json,2,success,
draftkings_20260710_202700,2026-07-10T20:27:00.430300+00:00,draftkings_public,DraftKings,34167154,15124,Round 1 Only,round_1_only_moneyline,https://sportsbook-nash.draftkings.com/sites/US-KS-SB/api/sportscontent/controldata/league/eventSubcategory/v1/markets?isBatchable=false&templateVars=15124&marketsQuery=%24filter%3DeventId+eq+%2734167154%27+AND+clientMetadata%2FsubCategoryId+eq+%2715124%27+AND+tags%2Fall%28t%3A+t+ne+%27SportcastBetBuilder%27%29&eventsQuery=%24filter%3Did+in+%28%2734167154%27%29&include=Events&entity=markets,data/market/raw/draftkings/2026-07-10/event_34167154/snapshot_draftkings_20260710_202700_subcategory_15124.json,2,success,
draftkings_20260710_202700,2026-07-10T20:27:00.430300+00:00,draftkings_public,DraftKings,34167154,15125,Submission Only,submission_only_moneyline,https://sportsbook-nash.draftkings.com/sites/US-KS-SB/api/sportscontent/controldata/league/eventSubcategory/v1/markets?isBatchable=false&templateVars=15125&marketsQuery=%24filter%3DeventId+eq+%2734167154%27+AND+clientMetadata%2FsubCategoryId+eq+%2715125%27+AND+tags%2Fall%28t%3A+t+ne+%27SportcastBetBuilder%27%29&eventsQuery=%24filter%3Did+in+%28%2734167154%27%29&include=Events&entity=markets,data/market/raw/draftkings/2026-07-10/event_34167154/snapshot_draftkings_20260710_202700_subcategory_15125.json,2,success,
draftkings_20260710_202700,2026-07-10T20:27:00.430300+00:00,draftkings_public,DraftKings,34167154,15126,KO TKO DQ Only,ko_tko_only_moneyline,https://sportsbook-nash.draftkings.com/sites/US-KS-SB/api/sportscontent/controldata/league/eventSubcategory/v1/markets?isBatchable=false&templateVars=15126&marketsQuery=%24filter%3DeventId+eq+%2734167154%27+AND+clientMetadata%2FsubCategoryId+eq+%2715126%27+AND+tags%2Fall%28t%3A+t+ne+%27SportcastBetBuilder%27%29&eventsQuery=%24filter%3Did+in+%28%2734167154%27%29&include=Events&entity=markets,data/market/raw/draftkings/2026-07-10/event_34167154/snapshot_draftkings_20260710_202700_subcategory_15126.json,2,success,
draftkings_20260710_202700,2026-07-10T20:27:00.430300+00:00,draftkings_public,DraftKings,34167154,19390,Fighter Significant Strikes Total,fighter_sig_strikes_total,https://sportsbook-nash.draftkings.com/sites/US-KS-SB/api/sportscontent/controldata/league/eventSubcategory/v1/markets?isBatchable=false&templateVars=19390&marketsQuery=%24filter%3DeventId+eq+%2734167154%27+AND+clientMetadata%2FsubCategoryId+eq+%2719390%27+AND+tags%2Fall%28t%3A+t+ne+%27SportcastBetBuilder%27%29&eventsQuery=%24filter%3Did+in+%28%2734167154%27%29&include=Events&entity=markets,data/market/raw/draftkings/2026-07-10/event_34167154/snapshot_draftkings_20260710_202700_subcategory_19390.json,4,success,
draftkings_20260711_225427,2026-07-11T22:54:27.488548+00:00,draftkings_public,DraftKings,34167153,13025,Main Lines,main_lines,https://sportsbook-nash.draftkings.com/sites/US-KS-SB/api/sportscontent/controldata/league/eventSubcategory/v1/markets?isBatchable=false&templateVars=13025&marketsQuery=%24filter%3DeventId+eq+%2734167153%27+AND+clientMetadata%2FsubCategoryId+eq+%2713025%27+AND+tags%2Fall%28t%3A+t+ne+%27SportcastBetBuilder%27%29&eventsQuery=%24filter%3Did+in+%28%2734167153%27%29&include=Events&entity=markets,data/market/raw/draftkings/2026-07-11/event_34167153/snapshot_draftkings_20260711_225427_subcategory_13025.json,2,success,
draftkings_20260711_225427,2026-07-11T22:54:27.488548+00:00,draftkings_public,DraftKings,34167153,13179,Alternate Total Rounds,alternate_total_rounds,https://sportsbook-nash.draftkings.com/sites/US-KS-SB/api/sportscontent/controldata/league/eventSubcategory/v1/markets?isBatchable=false&templateVars=13179&marketsQuery=%24filter%3DeventId+eq+%2734167153%27+AND+clientMetadata%2FsubCategoryId+eq+%2713179%27+AND+tags%2Fall%28t%3A+t+ne+%27SportcastBetBuilder%27%29&eventsQuery=%24filter%3Did+in+%28%2734167153%27%29&include=Events&entity=markets,data/market/raw/draftkings/2026-07-11/event_34167153/snapshot_draftkings_20260711_225427_subcategory_13179.json,0,success,
draftkings_20260711_225427,2026-07-11T22:54:27.488548+00:00,draftkings_public,DraftKings,34167153,16272,Alternate Point Spread,alternate_point_spread,https://sportsbook-nash.draftkings.com/sites/US-KS-SB/api/sportscontent/controldata/league/eventSubcategory/v1/markets?isBatchable=false&templateVars=16272&marketsQuery=%24filter%3DeventId+eq+%2734167153%27+AND+clientMetadata%2FsubCategoryId+eq+%2716272%27+AND+tags%2Fall%28t%3A+t+ne+%27SportcastBetBuilder%27%29&eventsQuery=%24filter%3Did+in+%28%2734167153%27%29&include=Events&entity=markets,data/market/raw/draftkings/2026-07-11/event_34167153/snapshot_draftkings_20260711_225427_subcategory_16272.json,0,success,
draftkings_20260711_225427,2026-07-11T22:54:27.488548+00:00,draftkings_public,DraftKings,34167153,17644,Fight to Go the Distance,goes_distance,https://sportsbook-nash.draftkings.com/sites/US-KS-SB/api/sportscontent/controldata/league/eventSubcategory/v1/markets?isBatchable=false&templateVars=17644&marketsQuery=%24filter%3DeventId+eq+%2734167153%27+AND+clientMetadata%2FsubCategoryId+eq+%2717644%27+AND+tags%2Fall%28t%3A+t+ne+%27SportcastBetBuilder%27%29&eventsQuery=%24filter%3Did+in+%28%2734167153%27%29&include=Events&entity=markets,data/market/raw/draftkings/2026-07-11/event_34167153/snapshot_draftkings_20260711_225427_subcategory_17644.json,0,success,
draftkings_20260711_225427,2026-07-11T22:54:27.488548+00:00,draftkings_public,DraftKings,34167153,18911,Fighter Method Props,fighter_method_props,https://sportsbook-nash.draftkings.com/sites/US-KS-SB/api/sportscontent/controldata/league/eventSubcategory/v1/markets?isBatchable=false&templateVars=18911&marketsQuery=%24filter%3DeventId+eq+%2734167153%27+AND+clientMetadata%2FsubCategoryId+eq+%2718911%27+AND+tags%2Fall%28t%3A+t+ne+%27SportcastBetBuilder%27%29&eventsQuery=%24filter%3Did+in+%28%2734167153%27%29&include=Events&entity=markets,data/market/raw/draftkings/2026-07-11/event_34167153/snapshot_draftkings_20260711_225427_subcategory_18911.json,0,success,
draftkings_20260711_225427,2026-07-11T22:54:27.488548+00:00,draftkings_public,DraftKings,34167153,6437,Exact Method of Victory,exact_method,https://sportsbook-nash.draftkings.com/sites/US-KS-SB/api/sportscontent/controldata/league/eventSubcategory/v1/markets?isBatchable=false&templateVars=6437&marketsQuery=%24filter%3DeventId+eq+%2734167153%27+AND+clientMetadata%2FsubCategoryId+eq+%276437%27+AND+tags%2Fall%28t%3A+t+ne+%27SportcastBetBuilder%27%29&eventsQuery=%24filter%3Did+in+%28%2734167153%27%29&include=Events&entity=markets,data/market/raw/draftkings/2026-07-11/event_34167153/snapshot_draftkings_20260711_225427_subcategory_6437.json,0,success,
draftkings_20260711_225427,2026-07-11T22:54:27.488548+00:00,draftkings_public,DraftKings,34167153,5735,Round and Method,round_method,https://sportsbook-nash.draftkings.com/sites/US-KS-SB/api/sportscontent/controldata/league/eventSubcategory/v1/markets?isBatchable=false&templateVars=5735&marketsQuery=%24filter%3DeventId+eq+%2734167153%27+AND+clientMetadata%2FsubCategoryId+eq+%275735%27+AND+tags%2Fall%28t%3A+t+ne+%27SportcastBetBuilder%27%29&eventsQuery=%24filter%3Did+in+%28%2734167153%27%29&include=Events&entity=markets,data/market/raw/draftkings/2026-07-11/event_34167153/snapshot_draftkings_20260711_225427_subcategory_5735.json,0,success,
draftkings_20260711_225427,2026-07-11T22:54:27.488548+00:00,draftkings_public,DraftKings,34167153,15122,Finish Only,finish_only_moneyline,https://sportsbook-nash.draftkings.com/sites/US-KS-SB/api/sportscontent/controldata/league/eventSubcategory/v1/markets?isBatchable=false&templateVars=15122&marketsQuery=%24filter%3DeventId+eq+%2734167153%27+AND+clientMetadata%2FsubCategoryId+eq+%2715122%27+AND+tags%2Fall%28t%3A+t+ne+%27SportcastBetBuilder%27%29&eventsQuery=%24filter%3Did+in+%28%2734167153%27%29&include=Events&entity=markets,data/market/raw/draftkings/2026-07-11/event_34167153/snapshot_draftkings_20260711_225427_subcategory_15122.json,0,success,
draftkings_20260711_225427,2026-07-11T22:54:27.488548+00:00,draftkings_public,DraftKings,34167153,15123,Decision Only,decision_only_moneyline,https://sportsbook-nash.draftkings.com/sites/US-KS-SB/api/sportscontent/controldata/league/eventSubcategory/v1/markets?isBatchable=false&templateVars=15123&marketsQuery=%24filter%3DeventId+eq+%2734167153%27+AND+clientMetadata%2FsubCategoryId+eq+%2715123%27+AND+tags%2Fall%28t%3A+t+ne+%27SportcastBetBuilder%27%29&eventsQuery=%24filter%3Did+in+%28%2734167153%27%29&include=Events&entity=markets,data/market/raw/draftkings/2026-07-11/event_34167153/snapshot_draftkings_20260711_225427_subcategory_15123.json,0,success,
draftkings_20260711_225427,2026-07-11T22:54:27.488548+00:00,draftkings_public,DraftKings,34167153,15124,Round 1 Only,round_1_only_moneyline,https://sportsbook-nash.draftkings.com/sites/US-KS-SB/api/sportscontent/controldata/league/eventSubcategory/v1/markets?isBatchable=false&templateVars=15124&marketsQuery=%24filter%3DeventId+eq+%2734167153%27+AND+clientMetadata%2FsubCategoryId+eq+%2715124%27+AND+tags%2Fall%28t%3A+t+ne+%27SportcastBetBuilder%27%29&eventsQuery=%24filter%3Did+in+%28%2734167153%27%29&include=Events&entity=markets,data/market/raw/draftkings/2026-07-11/event_34167153/snapshot_draftkings_20260711_225427_subcategory_15124.json,0,success,
draftkings_20260711_225427,2026-07-11T22:54:27.488548+00:00,draftkings_public,DraftKings,34167153,15125,Submission Only,submission_only_moneyline,https://sportsbook-nash.draftkings.com/sites/US-KS-SB/api/sportscontent/controldata/league/eventSubcategory/v1/markets?isBatchable=false&templateVars=15125&marketsQuery=%24filter%3DeventId+eq+%2734167153%27+AND+clientMetadata%2FsubCategoryId+eq+%2715125%27+AND+tags%2Fall%28t%3A+t+ne+%27SportcastBetBuilder%27%29&eventsQuery=%24filter%3Did+in+%28%2734167153%27%29&include=Events&entity=markets,data/market/raw/draftkings/2026-07-11/event_34167153/snapshot_draftkings_20260711_225427_subcategory_15125.json,0,success,
draftkings_20260711_225427,2026-07-11T22:54:27.488548+00:00,draftkings_public,DraftKings,34167153,15126,KO TKO DQ Only,ko_tko_only_moneyline,https://sportsbook-nash.draftkings.com/sites/US-KS-SB/api/sportscontent/controldata/league/eventSubcategory/v1/markets?isBatchable=false&templateVars=15126&marketsQuery=%24filter%3DeventId+eq+%2734167153%27+AND+clientMetadata%2FsubCategoryId+eq+%2715126%27+AND+tags%2Fall%28t%3A+t+ne+%27SportcastBetBuilder%27%29&eventsQuery=%24filter%3Did+in+%28%2734167153%27%29&include=Events&entity=markets,data/market/raw/draftkings/2026-07-11/event_34167153/snapshot_draftkings_20260711_225427_subcategory_15126.json,0,success,
draftkings_20260711_225427,2026-07-11T22:54:27.488548+00:00,draftkings_public,DraftKings,34167153,19390,Fighter Significant Strikes Total,fighter_sig_strikes_total,https://sportsbook-nash.draftkings.com/sites/US-KS-SB/api/sportscontent/controldata/league/eventSubcategory/v1/markets?isBatchable=false&templateVars=19390&marketsQuery=%24filter%3DeventId+eq+%2734167153%27+AND+clientMetadata%2FsubCategoryId+eq+%2719390%27+AND+tags%2Fall%28t%3A+t+ne+%27SportcastBetBuilder%27%29&eventsQuery=%24filter%3Did+in+%28%2734167153%27%29&include=Events&entity=markets,data/market/raw/draftkings/2026-07-11/event_34167153/snapshot_draftkings_20260711_225427_subcategory_19390.json,0,success,
draftkings_20260711_225427,2026-07-11T22:54:27.488548+00:00,draftkings_public,DraftKings,34167157,13025,Main Lines,main_lines,https://sportsbook-nash.draftkings.com/sites/US-KS-SB/api/sportscontent/controldata/league/eventSubcategory/v1/markets?isBatchable=false&templateVars=13025&marketsQuery=%24filter%3DeventId+eq+%2734167157%27+AND+clientMetadata%2FsubCategoryId+eq+%2713025%27+AND+tags%2Fall%28t%3A+t+ne+%27SportcastBetBuilder%27%29&eventsQuery=%24filter%3Did+in+%28%2734167157%27%29&include=Events&entity=markets,data/market/raw/draftkings/2026-07-11/event_34167157/snapshot_draftkings_20260711_225427_subcategory_13025.json,6,success,
draftkings_20260711_225427,2026-07-11T22:54:27.488548+00:00,draftkings_public,DraftKings,34167157,13179,Alternate Total Rounds,alternate_total_rounds,https://sportsbook-nash.draftkings.com/sites/US-KS-SB/api/sportscontent/controldata/league/eventSubcategory/v1/markets?isBatchable=false&templateVars=13179&marketsQuery=%24filter%3DeventId+eq+%2734167157%27+AND+clientMetadata%2FsubCategoryId+eq+%2713179%27+AND+tags%2Fall%28t%3A+t+ne+%27SportcastBetBuilder%27%29&eventsQuery=%24filter%3Did+in+%28%2734167157%27%29&include=Events&entity=markets,data/market/raw/draftkings/2026-07-11/event_34167157/snapshot_draftkings_20260711_225427_subcategory_13179.json,4,success,
draftkings_20260711_225427,2026-07-11T22:54:27.488548+00:00,draftkings_public,DraftKings,34167157,16272,Alternate Point Spread,alternate_point_spread,https://sportsbook-nash.draftkings.com/sites/US-KS-SB/api/sportscontent/controldata/league/eventSubcategory/v1/markets?isBatchable=false&templateVars=16272&marketsQuery=%24filter%3DeventId+eq+%2734167157%27+AND+clientMetadata%2FsubCategoryId+eq+%2716272%27+AND+tags%2Fall%28t%3A+t+ne+%27SportcastBetBuilder%27%29&eventsQuery=%24filter%3Did+in+%28%2734167157%27%29&include=Events&entity=markets,data/market/raw/draftkings/2026-07-11/event_34167157/snapshot_draftkings_20260711_225427_subcategory_16272.json,10,success,
draftkings_20260711_225427,2026-07-11T22:54:27.488548+00:00,draftkings_public,DraftKings,34167157,17644,Fight to Go the Distance,goes_distance,https://sportsbook-nash.draftkings.com/sites/US-KS-SB/api/sportscontent/controldata/league/eventSubcategory/v1/markets?isBatchable=false&templateVars=17644&marketsQuery=%24filter%3DeventId+eq+%2734167157%27+AND+clientMetadata%2FsubCategoryId+eq+%2717644%27+AND+tags%2Fall%28t%3A+t+ne+%27SportcastBetBuilder%27%29&eventsQuery=%24filter%3Did+in+%28%2734167157%27%29&include=Events&entity=markets,data/market/raw/draftkings/2026-07-11/event_34167157/snapshot_draftkings_20260711_225427_subcategory_17644.json,2,success,
draftkings_20260711_225427,2026-07-11T22:54:27.488548+00:00,draftkings_public,DraftKings,34167157,18911,Fighter Method Props,fighter_method_props,https://sportsbook-nash.draftkings.com/sites/US-KS-SB/api/sportscontent/controldata/league/eventSubcategory/v1/markets?isBatchable=false&templateVars=18911&marketsQuery=%24filter%3DeventId+eq+%2734167157%27+AND+clientMetadata%2FsubCategoryId+eq+%2718911%27+AND+tags%2Fall%28t%3A+t+ne+%27SportcastBetBuilder%27%29&eventsQuery=%24filter%3Did+in+%28%2734167157%27%29&include=Events&entity=markets,data/market/raw/draftkings/2026-07-11/event_34167157/snapshot_draftkings_20260711_225427_subcategory_18911.json,6,success,
draftkings_20260711_225427,2026-07-11T22:54:27.488548+00:00,draftkings_public,DraftKings,34167157,6437,Exact Method of Victory,exact_method,https://sportsbook-nash.draftkings.com/sites/US-KS-SB/api/sportscontent/controldata/league/eventSubcategory/v1/markets?isBatchable=false&templateVars=6437&marketsQuery=%24filter%3DeventId+eq+%2734167157%27+AND+clientMetadata%2FsubCategoryId+eq+%276437%27+AND+tags%2Fall%28t%3A+t+ne+%27SportcastBetBuilder%27%29&eventsQuery=%24filter%3Did+in+%28%2734167157%27%29&include=Events&entity=markets,data/market/raw/draftkings/2026-07-11/event_34167157/snapshot_draftkings_20260711_225427_subcategory_6437.json,4,success,
draftkings_20260711_225427,2026-07-11T22:54:27.488548+00:00,draftkings_public,DraftKings,34167157,5735,Round and Method,round_method,https://sportsbook-nash.draftkings.com/sites/US-KS-SB/api/sportscontent/controldata/league/eventSubcategory/v1/markets?isBatchable=false&templateVars=5735&marketsQuery=%24filter%3DeventId+eq+%2734167157%27+AND+clientMetadata%2FsubCategoryId+eq+%275735%27+AND+tags%2Fall%28t%3A+t+ne+%27SportcastBetBuilder%27%29&eventsQuery=%24filter%3Did+in+%28%2734167157%27%29&include=Events&entity=markets,data/market/raw/draftkings/2026-07-11/event_34167157/snapshot_draftkings_20260711_225427_subcategory_5735.json,13,success,
draftkings_20260711_225427,2026-07-11T22:54:27.488548+00:00,draftkings_public,DraftKings,34167157,15122,Finish Only,finish_only_moneyline,https://sportsbook-nash.draftkings.com/sites/US-KS-SB/api/sportscontent/controldata/league/eventSubcategory/v1/markets?isBatchable=false&templateVars=15122&marketsQuery=%24filter%3DeventId+eq+%2734167157%27+AND+clientMetadata%2FsubCategoryId+eq+%2715122%27+AND+tags%2Fall%28t%3A+t+ne+%27SportcastBetBuilder%27%29&eventsQuery=%24filter%3Did+in+%28%2734167157%27%29&include=Events&entity=markets,data/market/raw/draftkings/2026-07-11/event_34167157/snapshot_draftkings_20260711_225427_subcategory_15122.json,2,success,
draftkings_20260711_225427,2026-07-11T22:54:27.488548+00:00,draftkings_public,DraftKings,34167157,15123,Decision Only,decision_only_moneyline,https://sportsbook-nash.draftkings.com/sites/US-KS-SB/api/sportscontent/controldata/league/eventSubcategory/v1/markets?isBatchable=false&templateVars=15123&marketsQuery=%24filter%3DeventId+eq+%2734167157%27+AND+clientMetadata%2FsubCategoryId+eq+%2715123%27+AND+tags%2Fall%28t%3A+t+ne+%27SportcastBetBuilder%27%29&eventsQuery=%24filter%3Did+in+%28%2734167157%27%29&include=Events&entity=markets,data/market/raw/draftkings/2026-07-11/event_34167157/snapshot_draftkings_20260711_225427_subcategory_15123.json,2,success,
draftkings_20260711_225427,2026-07-11T22:54:27.488548+00:00,draftkings_public,DraftKings,34167157,15124,Round 1 Only,round_1_only_moneyline,https://sportsbook-nash.draftkings.com/sites/US-KS-SB/api/sportscontent/controldata/league/eventSubcategory/v1/markets?isBatchable=false&templateVars=15124&marketsQuery=%24filter%3DeventId+eq+%2734167157%27+AND+clientMetadata%2FsubCategoryId+eq+%2715124%27+AND+tags%2Fall%28t%3A+t+ne+%27SportcastBetBuilder%27%29&eventsQuery=%24filter%3Did+in+%28%2734167157%27%29&include=Events&entity=markets,data/market/raw/draftkings/2026-07-11/event_34167157/snapshot_draftkings_20260711_225427_subcategory_15124.json,2,success,
draftkings_20260711_225427,2026-07-11T22:54:27.488548+00:00,draftkings_public,DraftKings,34167157,15125,Submission Only,submission_only_moneyline,https://sportsbook-nash.draftkings.com/sites/US-KS-SB/api/sportscontent/controldata/league/eventSubcategory/v1/markets?isBatchable=false&templateVars=15125&marketsQuery=%24filter%3DeventId+eq+%2734167157%27+AND+clientMetadata%2FsubCategoryId+eq+%2715125%27+AND+tags%2Fall%28t%3A+t+ne+%27SportcastBetBuilder%27%29&eventsQuery=%24filter%3Did+in+%28%2734167157%27%29&include=Events&entity=markets,data/market/raw/draftkings/2026-07-11/event_34167157/snapshot_draftkings_20260711_225427_subcategory_15125.json,2,success,
draftkings_20260711_225427,2026-07-11T22:54:27.488548+00:00,draftkings_public,DraftKings,34167157,15126,KO TKO DQ Only,ko_tko_only_moneyline,https://sportsbook-nash.draftkings.com/sites/US-KS-SB/api/sportscontent/controldata/league/eventSubcategory/v1/markets?isBatchable=false&templateVars=15126&marketsQuery=%24filter%3DeventId+eq+%2734167157%27+AND+clientMetadata%2FsubCategoryId+eq+%2715126%27+AND+tags%2Fall%28t%3A+t+ne+%27SportcastBetBuilder%27%29&eventsQuery=%24filter%3Did+in+%28%2734167157%27%29&include=Events&entity=markets,data/market/raw/draftkings/2026-07-11/event_34167157/snapshot_draftkings_20260711_225427_subcategory_15126.json,2,success,
draftkings_20260711_225427,2026-07-11T22:54:27.488548+00:00,draftkings_public,DraftKings,34167157,19390,Fighter Significant Strikes Total,fighter_sig_strikes_total,https://sportsbook-nash.draftkings.com/sites/US-KS-SB/api/sportscontent/controldata/league/eventSubcategory/v1/markets?isBatchable=false&templateVars=19390&marketsQuery=%24filter%3DeventId+eq+%2734167157%27+AND+clientMetadata%2FsubCategoryId+eq+%2719390%27+AND+tags%2Fall%28t%3A+t+ne+%27SportcastBetBuilder%27%29&eventsQuery=%24filter%3Did+in+%28%2734167157%27%29&include=Events&entity=markets,data/market/raw/draftkings/2026-07-11/event_34167157/snapshot_draftkings_20260711_225427_subcategory_19390.json,4,success,
draftkings_20260711_225427,2026-07-11T22:54:27.488548+00:00,draftkings_public,DraftKings,34167150,13025,Main Lines,main_lines,https://sportsbook-nash.draftkings.com/sites/US-KS-SB/api/sportscontent/controldata/league/eventSubcategory/v1/markets?isBatchable=false&templateVars=13025&marketsQuery=%24filter%3DeventId+eq+%2734167150%27+AND+clientMetadata%2FsubCategoryId+eq+%2713025%27+AND+tags%2Fall%28t%3A+t+ne+%27SportcastBetBuilder%27%29&eventsQuery=%24filter%3Did+in+%28%2734167150%27%29&include=Events&entity=markets,data/market/raw/draftkings/2026-07-11/event_34167150/snapshot_draftkings_20260711_225427_subcategory_13025.json,6,success,
draftkings_20260711_225427,2026-07-11T22:54:27.488548+00:00,draftkings_public,DraftKings,34167150,13179,Alternate Total Rounds,alternate_total_rounds,https://sportsbook-nash.draftkings.com/sites/US-KS-SB/api/sportscontent/controldata/league/eventSubcategory/v1/markets?isBatchable=false&templateVars=13179&marketsQuery=%24filter%3DeventId+eq+%2734167150%27+AND+clientMetadata%2FsubCategoryId+eq+%2713179%27+AND+tags%2Fall%28t%3A+t+ne+%27SportcastBetBuilder%27%29&eventsQuery=%24filter%3Did+in+%28%2734167150%27%29&include=Events&entity=markets,data/market/raw/draftkings/2026-07-11/event_34167150/snapshot_draftkings_20260711_225427_subcategory_13179.json,4,success,
draftkings_20260711_225427,2026-07-11T22:54:27.488548+00:00,draftkings_public,DraftKings,34167150,16272,Alternate Point Spread,alternate_point_spread,https://sportsbook-nash.draftkings.com/sites/US-KS-SB/api/sportscontent/controldata/league/eventSubcategory/v1/markets?isBatchable=false&templateVars=16272&marketsQuery=%24filter%3DeventId+eq+%2734167150%27+AND+clientMetadata%2FsubCategoryId+eq+%2716272%27+AND+tags%2Fall%28t%3A+t+ne+%27SportcastBetBuilder%27%29&eventsQuery=%24filter%3Did+in+%28%2734167150%27%29&include=Events&entity=markets,data/market/raw/draftkings/2026-07-11/event_34167150/snapshot_draftkings_20260711_225427_subcategory_16272.json,10,success,
draftkings_20260711_225427,2026-07-11T22:54:27.488548+00:00,draftkings_public,DraftKings,34167150,17644,Fight to Go the Distance,goes_distance,https://sportsbook-nash.draftkings.com/sites/US-KS-SB/api/sportscontent/controldata/league/eventSubcategory/v1/markets?isBatchable=false&templateVars=17644&marketsQuery=%24filter%3DeventId+eq+%2734167150%27+AND+clientMetadata%2FsubCategoryId+eq+%2717644%27+AND+tags%2Fall%28t%3A+t+ne+%27SportcastBetBuilder%27%29&eventsQuery=%24filter%3Did+in+%28%2734167150%27%29&include=Events&entity=markets,data/market/raw/draftkings/2026-07-11/event_34167150/snapshot_draftkings_20260711_225427_subcategory_17644.json,2,success,
draftkings_20260711_225427,2026-07-11T22:54:27.488548+00:00,draftkings_public,DraftKings,34167150,18911,Fighter Method Props,fighter_method_props,https://sportsbook-nash.draftkings.com/sites/US-KS-SB/api/sportscontent/controldata/league/eventSubcategory/v1/markets?isBatchable=false&templateVars=18911&marketsQuery=%24filter%3DeventId+eq+%2734167150%27+AND+clientMetadata%2FsubCategoryId+eq+%2718911%27+AND+tags%2Fall%28t%3A+t+ne+%27SportcastBetBuilder%27%29&eventsQuery=%24filter%3Did+in+%28%2734167150%27%29&include=Events&entity=markets,data/market/raw/draftkings/2026-07-11/event_34167150/snapshot_draftkings_20260711_225427_subcategory_18911.json,6,success,
draftkings_20260711_225427,2026-07-11T22:54:27.488548+00:00,draftkings_public,DraftKings,34167150,6437,Exact Method of Victory,exact_method,https://sportsbook-nash.draftkings.com/sites/US-KS-SB/api/sportscontent/controldata/league/eventSubcategory/v1/markets?isBatchable=false&templateVars=6437&marketsQuery=%24filter%3DeventId+eq+%2734167150%27+AND+clientMetadata%2FsubCategoryId+eq+%276437%27+AND+tags%2Fall%28t%3A+t+ne+%27SportcastBetBuilder%27%29&eventsQuery=%24filter%3Did+in+%28%2734167150%27%29&include=Events&entity=markets,data/market/raw/draftkings/2026-07-11/event_34167150/snapshot_draftkings_20260711_225427_subcategory_6437.json,4,success,
draftkings_20260711_225427,2026-07-11T22:54:27.488548+00:00,draftkings_public,DraftKings,34167150,5735,Round and Method,round_method,https://sportsbook-nash.draftkings.com/sites/US-KS-SB/api/sportscontent/controldata/league/eventSubcategory/v1/markets?isBatchable=false&templateVars=5735&marketsQuery=%24filter%3DeventId+eq+%2734167150%27+AND+clientMetadata%2FsubCategoryId+eq+%275735%27+AND+tags%2Fall%28t%3A+t+ne+%27SportcastBetBuilder%27%29&eventsQuery=%24filter%3Did+in+%28%2734167150%27%29&include=Events&entity=markets,data/market/raw/draftkings/2026-07-11/event_34167150/snapshot_draftkings_20260711_225427_subcategory_5735.json,13,success,
draftkings_20260711_225427,2026-07-11T22:54:27.488548+00:00,draftkings_public,DraftKings,34167150,15122,Finish Only,finish_only_moneyline,https://sportsbook-nash.draftkings.com/sites/US-KS-SB/api/sportscontent/controldata/league/eventSubcategory/v1/markets?isBatchable=false&templateVars=15122&marketsQuery=%24filter%3DeventId+eq+%2734167150%27+AND+clientMetadata%2FsubCategoryId+eq+%2715122%27+AND+tags%2Fall%28t%3A+t+ne+%27SportcastBetBuilder%27%29&eventsQuery=%24filter%3Did+in+%28%2734167150%27%29&include=Events&entity=markets,data/market/raw/draftkings/2026-07-11/event_34167150/snapshot_draftkings_20260711_225427_subcategory_15122.json,2,success,
draftkings_20260711_225427,2026-07-11T22:54:27.488548+00:00,draftkings_public,DraftKings,34167150,15123,Decision Only,decision_only_moneyline,https://sportsbook-nash.draftkings.com/sites/US-KS-SB/api/sportscontent/controldata/league/eventSubcategory/v1/markets?isBatchable=false&templateVars=15123&marketsQuery=%24filter%3DeventId+eq+%2734167150%27+AND+clientMetadata%2FsubCategoryId+eq+%2715123%27+AND+tags%2Fall%28t%3A+t+ne+%27SportcastBetBuilder%27%29&eventsQuery=%24filter%3Did+in+%28%2734167150%27%29&include=Events&entity=markets,data/market/raw/draftkings/2026-07-11/event_34167150/snapshot_draftkings_20260711_225427_subcategory_15123.json,2,success,
draftkings_20260711_225427,2026-07-11T22:54:27.488548+00:00,draftkings_public,DraftKings,34167150,15124,Round 1 Only,round_1_only_moneyline,https://sportsbook-nash.draftkings.com/sites/US-KS-SB/api/sportscontent/controldata/league/eventSubcategory/v1/markets?isBatchable=false&templateVars=15124&marketsQuery=%24filter%3DeventId+eq+%2734167150%27+AND+clientMetadata%2FsubCategoryId+eq+%2715124%27+AND+tags%2Fall%28t%3A+t+ne+%27SportcastBetBuilder%27%29&eventsQuery=%24filter%3Did+in+%28%2734167150%27%29&include=Events&entity=markets,data/market/raw/draftkings/2026-07-11/event_34167150/snapshot_draftkings_20260711_225427_subcategory_15124.json,2,success,
draftkings_20260711_225427,2026-07-11T22:54:27.488548+00:00,draftkings_public,DraftKings,34167150,15125,Submission Only,submission_only_moneyline,https://sportsbook-nash.draftkings.com/sites/US-KS-SB/api/sportscontent/controldata/league/eventSubcategory/v1/markets?isBatchable=false&templateVars=15125&marketsQuery=%24filter%3DeventId+eq+%2734167150%27+AND+clientMetadata%2FsubCategoryId+eq+%2715125%27+AND+tags%2Fall%28t%3A+t+ne+%27SportcastBetBuilder%27%29&eventsQuery=%24filter%3Did+in+%28%2734167150%27%29&include=Events&entity=markets,data/market/raw/draftkings/2026-07-11/event_34167150/snapshot_draftkings_20260711_225427_subcategory_15125.json,2,success,
draftkings_20260711_225427,2026-07-11T22:54:27.488548+00:00,draftkings_public,DraftKings,34167150,15126,KO TKO DQ Only,ko_tko_only_moneyline,https://sportsbook-nash.draftkings.com/sites/US-KS-SB/api/sportscontent/controldata/league/eventSubcategory/v1/markets?isBatchable=false&templateVars=15126&marketsQuery=%24filter%3DeventId+eq+%2734167150%27+AND+clientMetadata%2FsubCategoryId+eq+%2715126%27+AND+tags%2Fall%28t%3A+t+ne+%27SportcastBetBuilder%27%29&eventsQuery=%24filter%3Did+in+%28%2734167150%27%29&include=Events&entity=markets,data/market/raw/draftkings/2026-07-11/event_34167150/snapshot_draftkings_20260711_225427_subcategory_15126.json,2,success,
draftkings_20260711_225427,2026-07-11T22:54:27.488548+00:00,draftkings_public,DraftKings,34167150,19390,Fighter Significant Strikes Total,fighter_sig_strikes_total,https://sportsbook-nash.draftkings.com/sites/US-KS-SB/api/sportscontent/controldata/league/eventSubcategory/v1/markets?isBatchable=false&templateVars=19390&marketsQuery=%24filter%3DeventId+eq+%2734167150%27+AND+clientMetadata%2FsubCategoryId+eq+%2719390%27+AND+tags%2Fall%28t%3A+t+ne+%27SportcastBetBuilder%27%29&eventsQuery=%24filter%3Did+in+%28%2734167150%27%29&include=Events&entity=markets,data/market/raw/draftkings/2026-07-11/event_34167150/snapshot_draftkings_20260711_225427_subcategory_19390.json,4,success,
draftkings_20260711_235934,2026-07-11T23:59:34.009368+00:00,draftkings_public,DraftKings,34167276,13025,Main Lines,main_lines,https://sportsbook-nash.draftkings.com/sites/US-KS-SB/api/sportscontent/controldata/league/eventSubcategory/v1/markets?isBatchable=false&templateVars=13025&marketsQuery=%24filter%3DeventId+eq+%2734167276%27+AND+clientMetadata%2FsubCategoryId+eq+%2713025%27+AND+tags%2Fall%28t%3A+t+ne+%27SportcastBetBuilder%27%29&eventsQuery=%24filter%3Did+in+%28%2734167276%27%29&include=Events&entity=markets,data/market/raw/draftkings/2026-07-11/event_34167276/snapshot_draftkings_20260711_235934_subcategory_13025.json,6,success,
draftkings_20260711_235934,2026-07-11T23:59:34.009368+00:00,draftkings_public,DraftKings,34167276,13179,Alternate Total Rounds,alternate_total_rounds,https://sportsbook-nash.draftkings.com/sites/US-KS-SB/api/sportscontent/controldata/league/eventSubcategory/v1/markets?isBatchable=false&templateVars=13179&marketsQuery=%24filter%3DeventId+eq+%2734167276%27+AND+clientMetadata%2FsubCategoryId+eq+%2713179%27+AND+tags%2Fall%28t%3A+t+ne+%27SportcastBetBuilder%27%29&eventsQuery=%24filter%3Did+in+%28%2734167276%27%29&include=Events&entity=markets,data/market/raw/draftkings/2026-07-11/event_34167276/snapshot_draftkings_20260711_235934_subcategory_13179.json,4,success,
draftkings_20260711_235934,2026-07-11T23:59:34.009368+00:00,draftkings_public,DraftKings,34167276,16272,Alternate Point Spread,alternate_point_spread,https://sportsbook-nash.draftkings.com/sites/US-KS-SB/api/sportscontent/controldata/league/eventSubcategory/v1/markets?isBatchable=false&templateVars=16272&marketsQuery=%24filter%3DeventId+eq+%2734167276%27+AND+clientMetadata%2FsubCategoryId+eq+%2716272%27+AND+tags%2Fall%28t%3A+t+ne+%27SportcastBetBuilder%27%29&eventsQuery=%24filter%3Did+in+%28%2734167276%27%29&include=Events&entity=markets,data/market/raw/draftkings/2026-07-11/event_34167276/snapshot_draftkings_20260711_235934_subcategory_16272.json,0,success,
draftkings_20260711_235934,2026-07-11T23:59:34.009368+00:00,draftkings_public,DraftKings,34167276,17644,Fight to Go the Distance,goes_distance,https://sportsbook-nash.draftkings.com/sites/US-KS-SB/api/sportscontent/controldata/league/eventSubcategory/v1/markets?isBatchable=false&templateVars=17644&marketsQuery=%24filter%3DeventId+eq+%2734167276%27+AND+clientMetadata%2FsubCategoryId+eq+%2717644%27+AND+tags%2Fall%28t%3A+t+ne+%27SportcastBetBuilder%27%29&eventsQuery=%24filter%3Did+in+%28%2734167276%27%29&include=Events&entity=markets,data/market/raw/draftkings/2026-07-11/event_34167276/snapshot_draftkings_20260711_235934_subcategory_17644.json,2,success,
draftkings_20260711_235934,2026-07-11T23:59:34.009368+00:00,draftkings_public,DraftKings,34167276,18911,Fighter Method Props,fighter_method_props,https://sportsbook-nash.draftkings.com/sites/US-KS-SB/api/sportscontent/controldata/league/eventSubcategory/v1/markets?isBatchable=false&templateVars=18911&marketsQuery=%24filter%3DeventId+eq+%2734167276%27+AND+clientMetadata%2FsubCategoryId+eq+%2718911%27+AND+tags%2Fall%28t%3A+t+ne+%27SportcastBetBuilder%27%29&eventsQuery=%24filter%3Did+in+%28%2734167276%27%29&include=Events&entity=markets,data/market/raw/draftkings/2026-07-11/event_34167276/snapshot_draftkings_20260711_235934_subcategory_18911.json,6,success,
draftkings_20260711_235934,2026-07-11T23:59:34.009368+00:00,draftkings_public,DraftKings,34167276,6437,Exact Method of Victory,exact_method,https://sportsbook-nash.draftkings.com/sites/US-KS-SB/api/sportscontent/controldata/league/eventSubcategory/v1/markets?isBatchable=false&templateVars=6437&marketsQuery=%24filter%3DeventId+eq+%2734167276%27+AND+clientMetadata%2FsubCategoryId+eq+%276437%27+AND+tags%2Fall%28t%3A+t+ne+%27SportcastBetBuilder%27%29&eventsQuery=%24filter%3Did+in+%28%2734167276%27%29&include=Events&entity=markets,data/market/raw/draftkings/2026-07-11/event_34167276/snapshot_draftkings_20260711_235934_subcategory_6437.json,4,success,
draftkings_20260711_235934,2026-07-11T23:59:34.009368+00:00,draftkings_public,DraftKings,34167276,5735,Round and Method,round_method,https://sportsbook-nash.draftkings.com/sites/US-KS-SB/api/sportscontent/controldata/league/eventSubcategory/v1/markets?isBatchable=false&templateVars=5735&marketsQuery=%24filter%3DeventId+eq+%2734167276%27+AND+clientMetadata%2FsubCategoryId+eq+%275735%27+AND+tags%2Fall%28t%3A+t+ne+%27SportcastBetBuilder%27%29&eventsQuery=%24filter%3Did+in+%28%2734167276%27%29&include=Events&entity=markets,data/market/raw/draftkings/2026-07-11/event_34167276/snapshot_draftkings_20260711_235934_subcategory_5735.json,13,success,
draftkings_20260711_235934,2026-07-11T23:59:34.009368+00:00,draftkings_public,DraftKings,34167276,15122,Finish Only,finish_only_moneyline,https://sportsbook-nash.draftkings.com/sites/US-KS-SB/api/sportscontent/controldata/league/eventSubcategory/v1/markets?isBatchable=false&templateVars=15122&marketsQuery=%24filter%3DeventId+eq+%2734167276%27+AND+clientMetadata%2FsubCategoryId+eq+%2715122%27+AND+tags%2Fall%28t%3A+t+ne+%27SportcastBetBuilder%27%29&eventsQuery=%24filter%3Did+in+%28%2734167276%27%29&include=Events&entity=markets,data/market/raw/draftkings/2026-07-11/event_34167276/snapshot_draftkings_20260711_235934_subcategory_15122.json,2,success,
draftkings_20260711_235934,2026-07-11T23:59:34.009368+00:00,draftkings_public,DraftKings,34167276,15123,Decision Only,decision_only_moneyline,https://sportsbook-nash.draftkings.com/sites/US-KS-SB/api/sportscontent/controldata/league/eventSubcategory/v1/markets?isBatchable=false&templateVars=15123&marketsQuery=%24filter%3DeventId+eq+%2734167276%27+AND+clientMetadata%2FsubCategoryId+eq+%2715123%27+AND+tags%2Fall%28t%3A+t+ne+%27SportcastBetBuilder%27%29&eventsQuery=%24filter%3Did+in+%28%2734167276%27%29&include=Events&entity=markets,data/market/raw/draftkings/2026-07-11/event_34167276/snapshot_draftkings_20260711_235934_subcategory_15123.json,2,success,
draftkings_20260711_235934,2026-07-11T23:59:34.009368+00:00,draftkings_public,DraftKings,34167276,15124,Round 1 Only,round_1_only_moneyline,https://sportsbook-nash.draftkings.com/sites/US-KS-SB/api/sportscontent/controldata/league/eventSubcategory/v1/markets?isBatchable=false&templateVars=15124&marketsQuery=%24filter%3DeventId+eq+%2734167276%27+AND+clientMetadata%2FsubCategoryId+eq+%2715124%27+AND+tags%2Fall%28t%3A+t+ne+%27SportcastBetBuilder%27%29&eventsQuery=%24filter%3Did+in+%28%2734167276%27%29&include=Events&entity=markets,data/market/raw/draftkings/2026-07-11/event_34167276/snapshot_draftkings_20260711_235934_subcategory_15124.json,2,success,
draftkings_20260711_235934,2026-07-11T23:59:34.009368+00:00,draftkings_public,DraftKings,34167276,15125,Submission Only,submission_only_moneyline,https://sportsbook-nash.draftkings.com/sites/US-KS-SB/api/sportscontent/controldata/league/eventSubcategory/v1/markets?isBatchable=false&templateVars=15125&marketsQuery=%24filter%3DeventId+eq+%2734167276%27+AND+clientMetadata%2FsubCategoryId+eq+%2715125%27+AND+tags%2Fall%28t%3A+t+ne+%27SportcastBetBuilder%27%29&eventsQuery=%24filter%3Did+in+%28%2734167276%27%29&include=Events&entity=markets,data/market/raw/draftkings/2026-07-11/event_34167276/snapshot_draftkings_20260711_235934_subcategory_15125.json,2,success,
draftkings_20260711_235934,2026-07-11T23:59:34.009368+00:00,draftkings_public,DraftKings,34167276,15126,KO TKO DQ Only,ko_tko_only_moneyline,https://sportsbook-nash.draftkings.com/sites/US-KS-SB/api/sportscontent/controldata/league/eventSubcategory/v1/markets?isBatchable=false&templateVars=15126&marketsQuery=%24filter%3DeventId+eq+%2734167276%27+AND+clientMetadata%2FsubCategoryId+eq+%2715126%27+AND+tags%2Fall%28t%3A+t+ne+%27SportcastBetBuilder%27%29&eventsQuery=%24filter%3Did+in+%28%2734167276%27%29&include=Events&entity=markets,data/market/raw/draftkings/2026-07-11/event_34167276/snapshot_draftkings_20260711_235934_subcategory_15126.json,2,success,
draftkings_20260711_235934,2026-07-11T23:59:34.009368+00:00,draftkings_public,DraftKings,34167276,19390,Fighter Significant Strikes Total,fighter_sig_strikes_total,https://sportsbook-nash.draftkings.com/sites/US-KS-SB/api/sportscontent/controldata/league/eventSubcategory/v1/markets?isBatchable=false&templateVars=19390&marketsQuery=%24filter%3DeventId+eq+%2734167276%27+AND+clientMetadata%2FsubCategoryId+eq+%2719390%27+AND+tags%2Fall%28t%3A+t+ne+%27SportcastBetBuilder%27%29&eventsQuery=%24filter%3Did+in+%28%2734167276%27%29&include=Events&entity=markets,data/market/raw/draftkings/2026-07-11/event_34167276/snapshot_draftkings_20260711_235934_subcategory_19390.json,4,success,
draftkings_20260711_235934,2026-07-11T23:59:34.009368+00:00,draftkings_public,DraftKings,34167151,13025,Main Lines,main_lines,https://sportsbook-nash.draftkings.com/sites/US-KS-SB/api/sportscontent/controldata/league/eventSubcategory/v1/markets?isBatchable=false&templateVars=13025&marketsQuery=%24filter%3DeventId+eq+%2734167151%27+AND+clientMetadata%2FsubCategoryId+eq+%2713025%27+AND+tags%2Fall%28t%3A+t+ne+%27SportcastBetBuilder%27%29&eventsQuery=%24filter%3Did+in+%28%2734167151%27%29&include=Events&entity=markets,data/market/raw/draftkings/2026-07-11/event_34167151/snapshot_draftkings_20260711_235934_subcategory_13025.json,6,success,
draftkings_20260711_235934,2026-07-11T23:59:34.009368+00:00,draftkings_public,DraftKings,34167151,13179,Alternate Total Rounds,alternate_total_rounds,https://sportsbook-nash.draftkings.com/sites/US-KS-SB/api/sportscontent/controldata/league/eventSubcategory/v1/markets?isBatchable=false&templateVars=13179&marketsQuery=%24filter%3DeventId+eq+%2734167151%27+AND+clientMetadata%2FsubCategoryId+eq+%2713179%27+AND+tags%2Fall%28t%3A+t+ne+%27SportcastBetBuilder%27%29&eventsQuery=%24filter%3Did+in+%28%2734167151%27%29&include=Events&entity=markets,data/market/raw/draftkings/2026-07-11/event_34167151/snapshot_draftkings_20260711_235934_subcategory_13179.json,4,success,
draftkings_20260711_235934,2026-07-11T23:59:34.009368+00:00,draftkings_public,DraftKings,34167151,16272,Alternate Point Spread,alternate_point_spread,https://sportsbook-nash.draftkings.com/sites/US-KS-SB/api/sportscontent/controldata/league/eventSubcategory/v1/markets?isBatchable=false&templateVars=16272&marketsQuery=%24filter%3DeventId+eq+%2734167151%27+AND+clientMetadata%2FsubCategoryId+eq+%2716272%27+AND+tags%2Fall%28t%3A+t+ne+%27SportcastBetBuilder%27%29&eventsQuery=%24filter%3Did+in+%28%2734167151%27%29&include=Events&entity=markets,data/market/raw/draftkings/2026-07-11/event_34167151/snapshot_draftkings_20260711_235934_subcategory_16272.json,10,success,
draftkings_20260711_235934,2026-07-11T23:59:34.009368+00:00,draftkings_public,DraftKings,34167151,17644,Fight to Go the Distance,goes_distance,https://sportsbook-nash.draftkings.com/sites/US-KS-SB/api/sportscontent/controldata/league/eventSubcategory/v1/markets?isBatchable=false&templateVars=17644&marketsQuery=%24filter%3DeventId+eq+%2734167151%27+AND+clientMetadata%2FsubCategoryId+eq+%2717644%27+AND+tags%2Fall%28t%3A+t+ne+%27SportcastBetBuilder%27%29&eventsQuery=%24filter%3Did+in+%28%2734167151%27%29&include=Events&entity=markets,data/market/raw/draftkings/2026-07-11/event_34167151/snapshot_draftkings_20260711_235934_subcategory_17644.json,2,success,
draftkings_20260711_235934,2026-07-11T23:59:34.009368+00:00,draftkings_public,DraftKings,34167151,18911,Fighter Method Props,fighter_method_props,https://sportsbook-nash.draftkings.com/sites/US-KS-SB/api/sportscontent/controldata/league/eventSubcategory/v1/markets?isBatchable=false&templateVars=18911&marketsQuery=%24filter%3DeventId+eq+%2734167151%27+AND+clientMetadata%2FsubCategoryId+eq+%2718911%27+AND+tags%2Fall%28t%3A+t+ne+%27SportcastBetBuilder%27%29&eventsQuery=%24filter%3Did+in+%28%2734167151%27%29&include=Events&entity=markets,data/market/raw/draftkings/2026-07-11/event_34167151/snapshot_draftkings_20260711_235934_subcategory_18911.json,6,success,
draftkings_20260711_235934,2026-07-11T23:59:34.009368+00:00,draftkings_public,DraftKings,34167151,6437,Exact Method of Victory,exact_method,https://sportsbook-nash.draftkings.com/sites/US-KS-SB/api/sportscontent/controldata/league/eventSubcategory/v1/markets?isBatchable=false&templateVars=6437&marketsQuery=%24filter%3DeventId+eq+%2734167151%27+AND+clientMetadata%2FsubCategoryId+eq+%276437%27+AND+tags%2Fall%28t%3A+t+ne+%27SportcastBetBuilder%27%29&eventsQuery=%24filter%3Did+in+%28%2734167151%27%29&include=Events&entity=markets,data/market/raw/draftkings/2026-07-11/event_34167151/snapshot_draftkings_20260711_235934_subcategory_6437.json,4,success,
draftkings_20260711_235934,2026-07-11T23:59:34.009368+00:00,draftkings_public,DraftKings,34167151,5735,Round and Method,round_method,https://sportsbook-nash.draftkings.com/sites/US-KS-SB/api/sportscontent/controldata/league/eventSubcategory/v1/markets?isBatchable=false&templateVars=5735&marketsQuery=%24filter%3DeventId+eq+%2734167151%27+AND+clientMetadata%2FsubCategoryId+eq+%275735%27+AND+tags%2Fall%28t%3A+t+ne+%27SportcastBetBuilder%27%29&eventsQuery=%24filter%3Did+in+%28%2734167151%27%29&include=Events&entity=markets,data/market/raw/draftkings/2026-07-11/event_34167151/snapshot_draftkings_20260711_235934_subcategory_5735.json,13,success,
draftkings_20260711_235934,2026-07-11T23:59:34.009368+00:00,draftkings_public,DraftKings,34167151,15122,Finish Only,finish_only_moneyline,https://sportsbook-nash.draftkings.com/sites/US-KS-SB/api/sportscontent/controldata/league/eventSubcategory/v1/markets?isBatchable=false&templateVars=15122&marketsQuery=%24filter%3DeventId+eq+%2734167151%27+AND+clientMetadata%2FsubCategoryId+eq+%2715122%27+AND+tags%2Fall%28t%3A+t+ne+%27SportcastBetBuilder%27%29&eventsQuery=%24filter%3Did+in+%28%2734167151%27%29&include=Events&entity=markets,data/market/raw/draftkings/2026-07-11/event_34167151/snapshot_draftkings_20260711_235934_subcategory_15122.json,2,success,
draftkings_20260711_235934,2026-07-11T23:59:34.009368+00:00,draftkings_public,DraftKings,34167151,15123,Decision Only,decision_only_moneyline,https://sportsbook-nash.draftkings.com/sites/US-KS-SB/api/sportscontent/controldata/league/eventSubcategory/v1/markets?isBatchable=false&templateVars=15123&marketsQuery=%24filter%3DeventId+eq+%2734167151%27+AND+clientMetadata%2FsubCategoryId+eq+%2715123%27+AND+tags%2Fall%28t%3A+t+ne+%27SportcastBetBuilder%27%29&eventsQuery=%24filter%3Did+in+%28%2734167151%27%29&include=Events&entity=markets,data/market/raw/draftkings/2026-07-11/event_34167151/snapshot_draftkings_20260711_235934_subcategory_15123.json,2,success,
draftkings_20260711_235934,2026-07-11T23:59:34.009368+00:00,draftkings_public,DraftKings,34167151,15124,Round 1 Only,round_1_only_moneyline,https://sportsbook-nash.draftkings.com/sites/US-KS-SB/api/sportscontent/controldata/league/eventSubcategory/v1/markets?isBatchable=false&templateVars=15124&marketsQuery=%24filter%3DeventId+eq+%2734167151%27+AND+clientMetadata%2FsubCategoryId+eq+%2715124%27+AND+tags%2Fall%28t%3A+t+ne+%27SportcastBetBuilder%27%29&eventsQuery=%24filter%3Did+in+%28%2734167151%27%29&include=Events&entity=markets,data/market/raw/draftkings/2026-07-11/event_34167151/snapshot_draftkings_20260711_235934_subcategory_15124.json,2,success,
draftkings_20260711_235934,2026-07-11T23:59:34.009368+00:00,draftkings_public,DraftKings,34167151,15125,Submission Only,submission_only_moneyline,https://sportsbook-nash.draftkings.com/sites/US-KS-SB/api/sportscontent/controldata/league/eventSubcategory/v1/markets?isBatchable=false&templateVars=15125&marketsQuery=%24filter%3DeventId+eq+%2734167151%27+AND+clientMetadata%2FsubCategoryId+eq+%2715125%27+AND+tags%2Fall%28t%3A+t+ne+%27SportcastBetBuilder%27%29&eventsQuery=%24filter%3Did+in+%28%2734167151%27%29&include=Events&entity=markets,data/market/raw/draftkings/2026-07-11/event_34167151/snapshot_draftkings_20260711_235934_subcategory_15125.json,2,success,
draftkings_20260711_235934,2026-07-11T23:59:34.009368+00:00,draftkings_public,DraftKings,34167151,15126,KO TKO DQ Only,ko_tko_only_moneyline,https://sportsbook-nash.draftkings.com/sites/US-KS-SB/api/sportscontent/controldata/league/eventSubcategory/v1/markets?isBatchable=false&templateVars=15126&marketsQuery=%24filter%3DeventId+eq+%2734167151%27+AND+clientMetadata%2FsubCategoryId+eq+%2715126%27+AND+tags%2Fall%28t%3A+t+ne+%27SportcastBetBuilder%27%29&eventsQuery=%24filter%3Did+in+%28%2734167151%27%29&include=Events&entity=markets,data/market/raw/draftkings/2026-07-11/event_34167151/snapshot_draftkings_20260711_235934_subcategory_15126.json,2,success,
draftkings_20260711_235934,2026-07-11T23:59:34.009368+00:00,draftkings_public,DraftKings,34167151,19390,Fighter Significant Strikes Total,fighter_sig_strikes_total,https://sportsbook-nash.draftkings.com/sites/US-KS-SB/api/sportscontent/controldata/league/eventSubcategory/v1/markets?isBatchable=false&templateVars=19390&marketsQuery=%24filter%3DeventId+eq+%2734167151%27+AND+clientMetadata%2FsubCategoryId+eq+%2719390%27+AND+tags%2Fall%28t%3A+t+ne+%27SportcastBetBuilder%27%29&eventsQuery=%24filter%3Did+in+%28%2734167151%27%29&include=Events&entity=markets,data/market/raw/draftkings/2026-07-11/event_34167151/snapshot_draftkings_20260711_235934_subcategory_19390.json,4,success,
draftkings_20260711_235934,2026-07-11T23:59:34.009368+00:00,draftkings_public,DraftKings,34335666,13025,Main Lines,main_lines,https://sportsbook-nash.draftkings.com/sites/US-KS-SB/api/sportscontent/controldata/league/eventSubcategory/v1/markets?isBatchable=false&templateVars=13025&marketsQuery=%24filter%3DeventId+eq+%2734335666%27+AND+clientMetadata%2FsubCategoryId+eq+%2713025%27+AND+tags%2Fall%28t%3A+t+ne+%27SportcastBetBuilder%27%29&eventsQuery=%24filter%3Did+in+%28%2734335666%27%29&include=Events&entity=markets,data/market/raw/draftkings/2026-07-11/event_34335666/snapshot_draftkings_20260711_235934_subcategory_13025.json,6,success,
draftkings_20260711_235934,2026-07-11T23:59:34.009368+00:00,draftkings_public,DraftKings,34335666,13179,Alternate Total Rounds,alternate_total_rounds,https://sportsbook-nash.draftkings.com/sites/US-KS-SB/api/sportscontent/controldata/league/eventSubcategory/v1/markets?isBatchable=false&templateVars=13179&marketsQuery=%24filter%3DeventId+eq+%2734335666%27+AND+clientMetadata%2FsubCategoryId+eq+%2713179%27+AND+tags%2Fall%28t%3A+t+ne+%27SportcastBetBuilder%27%29&eventsQuery=%24filter%3Did+in+%28%2734335666%27%29&include=Events&entity=markets,data/market/raw/draftkings/2026-07-11/event_34335666/snapshot_draftkings_20260711_235934_subcategory_13179.json,4,success,
draftkings_20260711_235934,2026-07-11T23:59:34.009368+00:00,draftkings_public,DraftKings,34335666,16272,Alternate Point Spread,alternate_point_spread,https://sportsbook-nash.draftkings.com/sites/US-KS-SB/api/sportscontent/controldata/league/eventSubcategory/v1/markets?isBatchable=false&templateVars=16272&marketsQuery=%24filter%3DeventId+eq+%2734335666%27+AND+clientMetadata%2FsubCategoryId+eq+%2716272%27+AND+tags%2Fall%28t%3A+t+ne+%27SportcastBetBuilder%27%29&eventsQuery=%24filter%3Did+in+%28%2734335666%27%29&include=Events&entity=markets,data/market/raw/draftkings/2026-07-11/event_34335666/snapshot_draftkings_20260711_235934_subcategory_16272.json,6,success,
draftkings_20260711_235934,2026-07-11T23:59:34.009368+00:00,draftkings_public,DraftKings,34335666,17644,Fight to Go the Distance,goes_distance,https://sportsbook-nash.draftkings.com/sites/US-KS-SB/api/sportscontent/controldata/league/eventSubcategory/v1/markets?isBatchable=false&templateVars=17644&marketsQuery=%24filter%3DeventId+eq+%2734335666%27+AND+clientMetadata%2FsubCategoryId+eq+%2717644%27+AND+tags%2Fall%28t%3A+t+ne+%27SportcastBetBuilder%27%29&eventsQuery=%24filter%3Did+in+%28%2734335666%27%29&include=Events&entity=markets,data/market/raw/draftkings/2026-07-11/event_34335666/snapshot_draftkings_20260711_235934_subcategory_17644.json,2,success,
draftkings_20260711_235934,2026-07-11T23:59:34.009368+00:00,draftkings_public,DraftKings,34335666,18911,Fighter Method Props,fighter_method_props,https://sportsbook-nash.draftkings.com/sites/US-KS-SB/api/sportscontent/controldata/league/eventSubcategory/v1/markets?isBatchable=false&templateVars=18911&marketsQuery=%24filter%3DeventId+eq+%2734335666%27+AND+clientMetadata%2FsubCategoryId+eq+%2718911%27+AND+tags%2Fall%28t%3A+t+ne+%27SportcastBetBuilder%27%29&eventsQuery=%24filter%3Did+in+%28%2734335666%27%29&include=Events&entity=markets,data/market/raw/draftkings/2026-07-11/event_34335666/snapshot_draftkings_20260711_235934_subcategory_18911.json,6,success,
draftkings_20260711_235934,2026-07-11T23:59:34.009368+00:00,draftkings_public,DraftKings,34335666,6437,Exact Method of Victory,exact_method,https://sportsbook-nash.draftkings.com/sites/US-KS-SB/api/sportscontent/controldata/league/eventSubcategory/v1/markets?isBatchable=false&templateVars=6437&marketsQuery=%24filter%3DeventId+eq+%2734335666%27+AND+clientMetadata%2FsubCategoryId+eq+%276437%27+AND+tags%2Fall%28t%3A+t+ne+%27SportcastBetBuilder%27%29&eventsQuery=%24filter%3Did+in+%28%2734335666%27%29&include=Events&entity=markets,data/market/raw/draftkings/2026-07-11/event_34335666/snapshot_draftkings_20260711_235934_subcategory_6437.json,4,success,
draftkings_20260711_235934,2026-07-11T23:59:34.009368+00:00,draftkings_public,DraftKings,34335666,5735,Round and Method,round_method,https://sportsbook-nash.draftkings.com/sites/US-KS-SB/api/sportscontent/controldata/league/eventSubcategory/v1/markets?isBatchable=false&templateVars=5735&marketsQuery=%24filter%3DeventId+eq+%2734335666%27+AND+clientMetadata%2FsubCategoryId+eq+%275735%27+AND+tags%2Fall%28t%3A+t+ne+%27SportcastBetBuilder%27%29&eventsQuery=%24filter%3Did+in+%28%2734335666%27%29&include=Events&entity=markets,data/market/raw/draftkings/2026-07-11/event_34335666/snapshot_draftkings_20260711_235934_subcategory_5735.json,13,success,
draftkings_20260711_235934,2026-07-11T23:59:34.009368+00:00,draftkings_public,DraftKings,34335666,15122,Finish Only,finish_only_moneyline,https://sportsbook-nash.draftkings.com/sites/US-KS-SB/api/sportscontent/controldata/league/eventSubcategory/v1/markets?isBatchable=false&templateVars=15122&marketsQuery=%24filter%3DeventId+eq+%2734335666%27+AND+clientMetadata%2FsubCategoryId+eq+%2715122%27+AND+tags%2Fall%28t%3A+t+ne+%27SportcastBetBuilder%27%29&eventsQuery=%24filter%3Did+in+%28%2734335666%27%29&include=Events&entity=markets,data/market/raw/draftkings/2026-07-11/event_34335666/snapshot_draftkings_20260711_235934_subcategory_15122.json,2,success,
draftkings_20260711_235934,2026-07-11T23:59:34.009368+00:00,draftkings_public,DraftKings,34335666,15123,Decision Only,decision_only_moneyline,https://sportsbook-nash.draftkings.com/sites/US-KS-SB/api/sportscontent/controldata/league/eventSubcategory/v1/markets?isBatchable=false&templateVars=15123&marketsQuery=%24filter%3DeventId+eq+%2734335666%27+AND+clientMetadata%2FsubCategoryId+eq+%2715123%27+AND+tags%2Fall%28t%3A+t+ne+%27SportcastBetBuilder%27%29&eventsQuery=%24filter%3Did+in+%28%2734335666%27%29&include=Events&entity=markets,data/market/raw/draftkings/2026-07-11/event_34335666/snapshot_draftkings_20260711_235934_subcategory_15123.json,2,success,
draftkings_20260711_235934,2026-07-11T23:59:34.009368+00:00,draftkings_public,DraftKings,34335666,15124,Round 1 Only,round_1_only_moneyline,https://sportsbook-nash.draftkings.com/sites/US-KS-SB/api/sportscontent/controldata/league/eventSubcategory/v1/markets?isBatchable=false&templateVars=15124&marketsQuery=%24filter%3DeventId+eq+%2734335666%27+AND+clientMetadata%2FsubCategoryId+eq+%2715124%27+AND+tags%2Fall%28t%3A+t+ne+%27SportcastBetBuilder%27%29&eventsQuery=%24filter%3Did+in+%28%2734335666%27%29&include=Events&entity=markets,data/market/raw/draftkings/2026-07-11/event_34335666/snapshot_draftkings_20260711_235934_subcategory_15124.json,2,success,
draftkings_20260711_235934,2026-07-11T23:59:34.009368+00:00,draftkings_public,DraftKings,34335666,15125,Submission Only,submission_only_moneyline,https://sportsbook-nash.draftkings.com/sites/US-KS-SB/api/sportscontent/controldata/league/eventSubcategory/v1/markets?isBatchable=false&templateVars=15125&marketsQuery=%24filter%3DeventId+eq+%2734335666%27+AND+clientMetadata%2FsubCategoryId+eq+%2715125%27+AND+tags%2Fall%28t%3A+t+ne+%27SportcastBetBuilder%27%29&eventsQuery=%24filter%3Did+in+%28%2734335666%27%29&include=Events&entity=markets,data/market/raw/draftkings/2026-07-11/event_34335666/snapshot_draftkings_20260711_235934_subcategory_15125.json,2,success,
draftkings_20260711_235934,2026-07-11T23:59:34.009368+00:00,draftkings_public,DraftKings,34335666,15126,KO TKO DQ Only,ko_tko_only_moneyline,https://sportsbook-nash.draftkings.com/sites/US-KS-SB/api/sportscontent/controldata/league/eventSubcategory/v1/markets?isBatchable=false&templateVars=15126&marketsQuery=%24filter%3DeventId+eq+%2734335666%27+AND+clientMetadata%2FsubCategoryId+eq+%2715126%27+AND+tags%2Fall%28t%3A+t+ne+%27SportcastBetBuilder%27%29&eventsQuery=%24filter%3Did+in+%28%2734335666%27%29&include=Events&entity=markets,data/market/raw/draftkings/2026-07-11/event_34335666/snapshot_draftkings_20260711_235934_subcategory_15126.json,2,success,
draftkings_20260711_235934,2026-07-11T23:59:34.009368+00:00,draftkings_public,DraftKings,34335666,19390,Fighter Significant Strikes Total,fighter_sig_strikes_total,https://sportsbook-nash.draftkings.com/sites/US-KS-SB/api/sportscontent/controldata/league/eventSubcategory/v1/markets?isBatchable=false&templateVars=19390&marketsQuery=%24filter%3DeventId+eq+%2734335666%27+AND+clientMetadata%2FsubCategoryId+eq+%2719390%27+AND+tags%2Fall%28t%3A+t+ne+%27SportcastBetBuilder%27%29&eventsQuery=%24filter%3Did+in+%28%2734335666%27%29&include=Events&entity=markets,data/market/raw/draftkings/2026-07-11/event_34335666/snapshot_draftkings_20260711_235934_subcategory_19390.json,4,success,
draftkings_20260711_235934,2026-07-11T23:59:34.009368+00:00,draftkings_public,DraftKings,34167152,13025,Main Lines,main_lines,https://sportsbook-nash.draftkings.com/sites/US-KS-SB/api/sportscontent/controldata/league/eventSubcategory/v1/markets?isBatchable=false&templateVars=13025&marketsQuery=%24filter%3DeventId+eq+%2734167152%27+AND+clientMetadata%2FsubCategoryId+eq+%2713025%27+AND+tags%2Fall%28t%3A+t+ne+%27SportcastBetBuilder%27%29&eventsQuery=%24filter%3Did+in+%28%2734167152%27%29&include=Events&entity=markets,data/market/raw/draftkings/2026-07-11/event_34167152/snapshot_draftkings_20260711_235934_subcategory_13025.json,6,success,
draftkings_20260711_235934,2026-07-11T23:59:34.009368+00:00,draftkings_public,DraftKings,34167152,13179,Alternate Total Rounds,alternate_total_rounds,https://sportsbook-nash.draftkings.com/sites/US-KS-SB/api/sportscontent/controldata/league/eventSubcategory/v1/markets?isBatchable=false&templateVars=13179&marketsQuery=%24filter%3DeventId+eq+%2734167152%27+AND+clientMetadata%2FsubCategoryId+eq+%2713179%27+AND+tags%2Fall%28t%3A+t+ne+%27SportcastBetBuilder%27%29&eventsQuery=%24filter%3Did+in+%28%2734167152%27%29&include=Events&entity=markets,data/market/raw/draftkings/2026-07-11/event_34167152/snapshot_draftkings_20260711_235934_subcategory_13179.json,4,success,
draftkings_20260711_235934,2026-07-11T23:59:34.009368+00:00,draftkings_public,DraftKings,34167152,16272,Alternate Point Spread,alternate_point_spread,https://sportsbook-nash.draftkings.com/sites/US-KS-SB/api/sportscontent/controldata/league/eventSubcategory/v1/markets?isBatchable=false&templateVars=16272&marketsQuery=%24filter%3DeventId+eq+%2734167152%27+AND+clientMetadata%2FsubCategoryId+eq+%2716272%27+AND+tags%2Fall%28t%3A+t+ne+%27SportcastBetBuilder%27%29&eventsQuery=%24filter%3Did+in+%28%2734167152%27%29&include=Events&entity=markets,data/market/raw/draftkings/2026-07-11/event_34167152/snapshot_draftkings_20260711_235934_subcategory_16272.json,10,success,
draftkings_20260711_235934,2026-07-11T23:59:34.009368+00:00,draftkings_public,DraftKings,34167152,17644,Fight to Go the Distance,goes_distance,https://sportsbook-nash.draftkings.com/sites/US-KS-SB/api/sportscontent/controldata/league/eventSubcategory/v1/markets?isBatchable=false&templateVars=17644&marketsQuery=%24filter%3DeventId+eq+%2734167152%27+AND+clientMetadata%2FsubCategoryId+eq+%2717644%27+AND+tags%2Fall%28t%3A+t+ne+%27SportcastBetBuilder%27%29&eventsQuery=%24filter%3Did+in+%28%2734167152%27%29&include=Events&entity=markets,data/market/raw/draftkings/2026-07-11/event_34167152/snapshot_draftkings_20260711_235934_subcategory_17644.json,2,success,
draftkings_20260711_235934,2026-07-11T23:59:34.009368+00:00,draftkings_public,DraftKings,34167152,18911,Fighter Method Props,fighter_method_props,https://sportsbook-nash.draftkings.com/sites/US-KS-SB/api/sportscontent/controldata/league/eventSubcategory/v1/markets?isBatchable=false&templateVars=18911&marketsQuery=%24filter%3DeventId+eq+%2734167152%27+AND+clientMetadata%2FsubCategoryId+eq+%2718911%27+AND+tags%2Fall%28t%3A+t+ne+%27SportcastBetBuilder%27%29&eventsQuery=%24filter%3Did+in+%28%2734167152%27%29&include=Events&entity=markets,data/market/raw/draftkings/2026-07-11/event_34167152/snapshot_draftkings_20260711_235934_subcategory_18911.json,6,success,
draftkings_20260711_235934,2026-07-11T23:59:34.009368+00:00,draftkings_public,DraftKings,34167152,6437,Exact Method of Victory,exact_method,https://sportsbook-nash.draftkings.com/sites/US-KS-SB/api/sportscontent/controldata/league/eventSubcategory/v1/markets?isBatchable=false&templateVars=6437&marketsQuery=%24filter%3DeventId+eq+%2734167152%27+AND+clientMetadata%2FsubCategoryId+eq+%276437%27+AND+tags%2Fall%28t%3A+t+ne+%27SportcastBetBuilder%27%29&eventsQuery=%24filter%3Did+in+%28%2734167152%27%29&include=Events&entity=markets,data/market/raw/draftkings/2026-07-11/event_34167152/snapshot_draftkings_20260711_235934_subcategory_6437.json,4,success,
draftkings_20260711_235934,2026-07-11T23:59:34.009368+00:00,draftkings_public,DraftKings,34167152,5735,Round and Method,round_method,https://sportsbook-nash.draftkings.com/sites/US-KS-SB/api/sportscontent/controldata/league/eventSubcategory/v1/markets?isBatchable=false&templateVars=5735&marketsQuery=%24filter%3DeventId+eq+%2734167152%27+AND+clientMetadata%2FsubCategoryId+eq+%275735%27+AND+tags%2Fall%28t%3A+t+ne+%27SportcastBetBuilder%27%29&eventsQuery=%24filter%3Did+in+%28%2734167152%27%29&include=Events&entity=markets,data/market/raw/draftkings/2026-07-11/event_34167152/snapshot_draftkings_20260711_235934_subcategory_5735.json,13,success,
draftkings_20260711_235934,2026-07-11T23:59:34.009368+00:00,draftkings_public,DraftKings,34167152,15122,Finish Only,finish_only_moneyline,https://sportsbook-nash.draftkings.com/sites/US-KS-SB/api/sportscontent/controldata/league/eventSubcategory/v1/markets?isBatchable=false&templateVars=15122&marketsQuery=%24filter%3DeventId+eq+%2734167152%27+AND+clientMetadata%2FsubCategoryId+eq+%2715122%27+AND+tags%2Fall%28t%3A+t+ne+%27SportcastBetBuilder%27%29&eventsQuery=%24filter%3Did+in+%28%2734167152%27%29&include=Events&entity=markets,data/market/raw/draftkings/2026-07-11/event_34167152/snapshot_draftkings_20260711_235934_subcategory_15122.json,2,success,
draftkings_20260711_235934,2026-07-11T23:59:34.009368+00:00,draftkings_public,DraftKings,34167152,15123,Decision Only,decision_only_moneyline,https://sportsbook-nash.draftkings.com/sites/US-KS-SB/api/sportscontent/controldata/league/eventSubcategory/v1/markets?isBatchable=false&templateVars=15123&marketsQuery=%24filter%3DeventId+eq+%2734167152%27+AND+clientMetadata%2FsubCategoryId+eq+%2715123%27+AND+tags%2Fall%28t%3A+t+ne+%27SportcastBetBuilder%27%29&eventsQuery=%24filter%3Did+in+%28%2734167152%27%29&include=Events&entity=markets,data/market/raw/draftkings/2026-07-11/event_34167152/snapshot_draftkings_20260711_235934_subcategory_15123.json,2,success,
draftkings_20260711_235934,2026-07-11T23:59:34.009368+00:00,draftkings_public,DraftKings,34167152,15124,Round 1 Only,round_1_only_moneyline,https://sportsbook-nash.draftkings.com/sites/US-KS-SB/api/sportscontent/controldata/league/eventSubcategory/v1/markets?isBatchable=false&templateVars=15124&marketsQuery=%24filter%3DeventId+eq+%2734167152%27+AND+clientMetadata%2FsubCategoryId+eq+%2715124%27+AND+tags%2Fall%28t%3A+t+ne+%27SportcastBetBuilder%27%29&eventsQuery=%24filter%3Did+in+%28%2734167152%27%29&include=Events&entity=markets,data/market/raw/draftkings/2026-07-11/event_34167152/snapshot_draftkings_20260711_235934_subcategory_15124.json,2,success,
draftkings_20260711_235934,2026-07-11T23:59:34.009368+00:00,draftkings_public,DraftKings,34167152,15125,Submission Only,submission_only_moneyline,https://sportsbook-nash.draftkings.com/sites/US-KS-SB/api/sportscontent/controldata/league/eventSubcategory/v1/markets?isBatchable=false&templateVars=15125&marketsQuery=%24filter%3DeventId+eq+%2734167152%27+AND+clientMetadata%2FsubCategoryId+eq+%2715125%27+AND+tags%2Fall%28t%3A+t+ne+%27SportcastBetBuilder%27%29&eventsQuery=%24filter%3Did+in+%28%2734167152%27%29&include=Events&entity=markets,data/market/raw/draftkings/2026-07-11/event_34167152/snapshot_draftkings_20260711_235934_subcategory_15125.json,2,success,
draftkings_20260711_235934,2026-07-11T23:59:34.009368+00:00,draftkings_public,DraftKings,34167152,15126,KO TKO DQ Only,ko_tko_only_moneyline,https://sportsbook-nash.draftkings.com/sites/US-KS-SB/api/sportscontent/controldata/league/eventSubcategory/v1/markets?isBatchable=false&templateVars=15126&marketsQuery=%24filter%3DeventId+eq+%2734167152%27+AND+clientMetadata%2FsubCategoryId+eq+%2715126%27+AND+tags%2Fall%28t%3A+t+ne+%27SportcastBetBuilder%27%29&eventsQuery=%24filter%3Did+in+%28%2734167152%27%29&include=Events&entity=markets,data/market/raw/draftkings/2026-07-11/event_34167152/snapshot_draftkings_20260711_235934_subcategory_15126.json,2,success,
draftkings_20260711_235934,2026-07-11T23:59:34.009368+00:00,draftkings_public,DraftKings,34167152,19390,Fighter Significant Strikes Total,fighter_sig_strikes_total,https://sportsbook-nash.draftkings.com/sites/US-KS-SB/api/sportscontent/controldata/league/eventSubcategory/v1/markets?isBatchable=false&templateVars=19390&marketsQuery=%24filter%3DeventId+eq+%2734167152%27+AND+clientMetadata%2FsubCategoryId+eq+%2719390%27+AND+tags%2Fall%28t%3A+t+ne+%27SportcastBetBuilder%27%29&eventsQuery=%24filter%3Did+in+%28%2734167152%27%29&include=Events&entity=markets,data/market/raw/draftkings/2026-07-11/event_34167152/snapshot_draftkings_20260711_235934_subcategory_19390.json,4,success,
draftkings_20260711_235934,2026-07-11T23:59:34.009368+00:00,draftkings_public,DraftKings,34167277,13025,Main Lines,main_lines,https://sportsbook-nash.draftkings.com/sites/US-KS-SB/api/sportscontent/controldata/league/eventSubcategory/v1/markets?isBatchable=false&templateVars=13025&marketsQuery=%24filter%3DeventId+eq+%2734167277%27+AND+clientMetadata%2FsubCategoryId+eq+%2713025%27+AND+tags%2Fall%28t%3A+t+ne+%27SportcastBetBuilder%27%29&eventsQuery=%24filter%3Did+in+%28%2734167277%27%29&include=Events&entity=markets,data/market/raw/draftkings/2026-07-11/event_34167277/snapshot_draftkings_20260711_235934_subcategory_13025.json,6,success,
draftkings_20260711_235934,2026-07-11T23:59:34.009368+00:00,draftkings_public,DraftKings,34167277,13179,Alternate Total Rounds,alternate_total_rounds,https://sportsbook-nash.draftkings.com/sites/US-KS-SB/api/sportscontent/controldata/league/eventSubcategory/v1/markets?isBatchable=false&templateVars=13179&marketsQuery=%24filter%3DeventId+eq+%2734167277%27+AND+clientMetadata%2FsubCategoryId+eq+%2713179%27+AND+tags%2Fall%28t%3A+t+ne+%27SportcastBetBuilder%27%29&eventsQuery=%24filter%3Did+in+%28%2734167277%27%29&include=Events&entity=markets,data/market/raw/draftkings/2026-07-11/event_34167277/snapshot_draftkings_20260711_235934_subcategory_13179.json,4,success,
draftkings_20260711_235934,2026-07-11T23:59:34.009368+00:00,draftkings_public,DraftKings,34167277,16272,Alternate Point Spread,alternate_point_spread,https://sportsbook-nash.draftkings.com/sites/US-KS-SB/api/sportscontent/controldata/league/eventSubcategory/v1/markets?isBatchable=false&templateVars=16272&marketsQuery=%24filter%3DeventId+eq+%2734167277%27+AND+clientMetadata%2FsubCategoryId+eq+%2716272%27+AND+tags%2Fall%28t%3A+t+ne+%27SportcastBetBuilder%27%29&eventsQuery=%24filter%3Did+in+%28%2734167277%27%29&include=Events&entity=markets,data/market/raw/draftkings/2026-07-11/event_34167277/snapshot_draftkings_20260711_235934_subcategory_16272.json,10,success,
draftkings_20260711_235934,2026-07-11T23:59:34.009368+00:00,draftkings_public,DraftKings,34167277,17644,Fight to Go the Distance,goes_distance,https://sportsbook-nash.draftkings.com/sites/US-KS-SB/api/sportscontent/controldata/league/eventSubcategory/v1/markets?isBatchable=false&templateVars=17644&marketsQuery=%24filter%3DeventId+eq+%2734167277%27+AND+clientMetadata%2FsubCategoryId+eq+%2717644%27+AND+tags%2Fall%28t%3A+t+ne+%27SportcastBetBuilder%27%29&eventsQuery=%24filter%3Did+in+%28%2734167277%27%29&include=Events&entity=markets,data/market/raw/draftkings/2026-07-11/event_34167277/snapshot_draftkings_20260711_235934_subcategory_17644.json,2,success,
draftkings_20260711_235934,2026-07-11T23:59:34.009368+00:00,draftkings_public,DraftKings,34167277,18911,Fighter Method Props,fighter_method_props,https://sportsbook-nash.draftkings.com/sites/US-KS-SB/api/sportscontent/controldata/league/eventSubcategory/v1/markets?isBatchable=false&templateVars=18911&marketsQuery=%24filter%3DeventId+eq+%2734167277%27+AND+clientMetadata%2FsubCategoryId+eq+%2718911%27+AND+tags%2Fall%28t%3A+t+ne+%27SportcastBetBuilder%27%29&eventsQuery=%24filter%3Did+in+%28%2734167277%27%29&include=Events&entity=markets,data/market/raw/draftkings/2026-07-11/event_34167277/snapshot_draftkings_20260711_235934_subcategory_18911.json,6,success,
draftkings_20260711_235934,2026-07-11T23:59:34.009368+00:00,draftkings_public,DraftKings,34167277,6437,Exact Method of Victory,exact_method,https://sportsbook-nash.draftkings.com/sites/US-KS-SB/api/sportscontent/controldata/league/eventSubcategory/v1/markets?isBatchable=false&templateVars=6437&marketsQuery=%24filter%3DeventId+eq+%2734167277%27+AND+clientMetadata%2FsubCategoryId+eq+%276437%27+AND+tags%2Fall%28t%3A+t+ne+%27SportcastBetBuilder%27%29&eventsQuery=%24filter%3Did+in+%28%2734167277%27%29&include=Events&entity=markets,data/market/raw/draftkings/2026-07-11/event_34167277/snapshot_draftkings_20260711_235934_subcategory_6437.json,4,success,
draftkings_20260711_235934,2026-07-11T23:59:34.009368+00:00,draftkings_public,DraftKings,34167277,5735,Round and Method,round_method,https://sportsbook-nash.draftkings.com/sites/US-KS-SB/api/sportscontent/controldata/league/eventSubcategory/v1/markets?isBatchable=false&templateVars=5735&marketsQuery=%24filter%3DeventId+eq+%2734167277%27+AND+clientMetadata%2FsubCategoryId+eq+%275735%27+AND+tags%2Fall%28t%3A+t+ne+%27SportcastBetBuilder%27%29&eventsQuery=%24filter%3Did+in+%28%2734167277%27%29&include=Events&entity=markets,data/market/raw/draftkings/2026-07-11/event_34167277/snapshot_draftkings_20260711_235934_subcategory_5735.json,13,success,
draftkings_20260711_235934,2026-07-11T23:59:34.009368+00:00,draftkings_public,DraftKings,34167277,15122,Finish Only,finish_only_moneyline,https://sportsbook-nash.draftkings.com/sites/US-KS-SB/api/sportscontent/controldata/league/eventSubcategory/v1/markets?isBatchable=false&templateVars=15122&marketsQuery=%24filter%3DeventId+eq+%2734167277%27+AND+clientMetadata%2FsubCategoryId+eq+%2715122%27+AND+tags%2Fall%28t%3A+t+ne+%27SportcastBetBuilder%27%29&eventsQuery=%24filter%3Did+in+%28%2734167277%27%29&include=Events&entity=markets,data/market/raw/draftkings/2026-07-11/event_34167277/snapshot_draftkings_20260711_235934_subcategory_15122.json,2,success,
draftkings_20260711_235934,2026-07-11T23:59:34.009368+00:00,draftkings_public,DraftKings,34167277,15123,Decision Only,decision_only_moneyline,https://sportsbook-nash.draftkings.com/sites/US-KS-SB/api/sportscontent/controldata/league/eventSubcategory/v1/markets?isBatchable=false&templateVars=15123&marketsQuery=%24filter%3DeventId+eq+%2734167277%27+AND+clientMetadata%2FsubCategoryId+eq+%2715123%27+AND+tags%2Fall%28t%3A+t+ne+%27SportcastBetBuilder%27%29&eventsQuery=%24filter%3Did+in+%28%2734167277%27%29&include=Events&entity=markets,data/market/raw/draftkings/2026-07-11/event_34167277/snapshot_draftkings_20260711_235934_subcategory_15123.json,2,success,
draftkings_20260711_235934,2026-07-11T23:59:34.009368+00:00,draftkings_public,DraftKings,34167277,15124,Round 1 Only,round_1_only_moneyline,https://sportsbook-nash.draftkings.com/sites/US-KS-SB/api/sportscontent/controldata/league/eventSubcategory/v1/markets?isBatchable=false&templateVars=15124&marketsQuery=%24filter%3DeventId+eq+%2734167277%27+AND+clientMetadata%2FsubCategoryId+eq+%2715124%27+AND+tags%2Fall%28t%3A+t+ne+%27SportcastBetBuilder%27%29&eventsQuery=%24filter%3Did+in+%28%2734167277%27%29&include=Events&entity=markets,data/market/raw/draftkings/2026-07-11/event_34167277/snapshot_draftkings_20260711_235934_subcategory_15124.json,2,success,
draftkings_20260711_235934,2026-07-11T23:59:34.009368+00:00,draftkings_public,DraftKings,34167277,15125,Submission Only,submission_only_moneyline,https://sportsbook-nash.draftkings.com/sites/US-KS-SB/api/sportscontent/controldata/league/eventSubcategory/v1/markets?isBatchable=false&templateVars=15125&marketsQuery=%24filter%3DeventId+eq+%2734167277%27+AND+clientMetadata%2FsubCategoryId+eq+%2715125%27+AND+tags%2Fall%28t%3A+t+ne+%27SportcastBetBuilder%27%29&eventsQuery=%24filter%3Did+in+%28%2734167277%27%29&include=Events&entity=markets,data/market/raw/draftkings/2026-07-11/event_34167277/snapshot_draftkings_20260711_235934_subcategory_15125.json,2,success,
draftkings_20260711_235934,2026-07-11T23:59:34.009368+00:00,draftkings_public,DraftKings,34167277,15126,KO TKO DQ Only,ko_tko_only_moneyline,https://sportsbook-nash.draftkings.com/sites/US-KS-SB/api/sportscontent/controldata/league/eventSubcategory/v1/markets?isBatchable=false&templateVars=15126&marketsQuery=%24filter%3DeventId+eq+%2734167277%27+AND+clientMetadata%2FsubCategoryId+eq+%2715126%27+AND+tags%2Fall%28t%3A+t+ne+%27SportcastBetBuilder%27%29&eventsQuery=%24filter%3Did+in+%28%2734167277%27%29&include=Events&entity=markets,data/market/raw/draftkings/2026-07-11/event_34167277/snapshot_draftkings_20260711_235934_subcategory_15126.json,2,success,
draftkings_20260711_235934,2026-07-11T23:59:34.009368+00:00,draftkings_public,DraftKings,34167277,19390,Fighter Significant Strikes Total,fighter_sig_strikes_total,https://sportsbook-nash.draftkings.com/sites/US-KS-SB/api/sportscontent/controldata/league/eventSubcategory/v1/markets?isBatchable=false&templateVars=19390&marketsQuery=%24filter%3DeventId+eq+%2734167277%27+AND+clientMetadata%2FsubCategoryId+eq+%2719390%27+AND+tags%2Fall%28t%3A+t+ne+%27SportcastBetBuilder%27%29&eventsQuery=%24filter%3Did+in+%28%2734167277%27%29&include=Events&entity=markets,data/market/raw/draftkings/2026-07-11/event_34167277/snapshot_draftkings_20260711_235934_subcategory_19390.json,4,success,
draftkings_20260711_235934,2026-07-11T23:59:34.009368+00:00,draftkings_public,DraftKings,34084861,13025,Main Lines,main_lines,https://sportsbook-nash.draftkings.com/sites/US-KS-SB/api/sportscontent/controldata/league/eventSubcategory/v1/markets?isBatchable=false&templateVars=13025&marketsQuery=%24filter%3DeventId+eq+%2734084861%27+AND+clientMetadata%2FsubCategoryId+eq+%2713025%27+AND+tags%2Fall%28t%3A+t+ne+%27SportcastBetBuilder%27%29&eventsQuery=%24filter%3Did+in+%28%2734084861%27%29&include=Events&entity=markets,data/market/raw/draftkings/2026-07-11/event_34084861/snapshot_draftkings_20260711_235934_subcategory_13025.json,6,success,
draftkings_20260711_235934,2026-07-11T23:59:34.009368+00:00,draftkings_public,DraftKings,34084861,13179,Alternate Total Rounds,alternate_total_rounds,https://sportsbook-nash.draftkings.com/sites/US-KS-SB/api/sportscontent/controldata/league/eventSubcategory/v1/markets?isBatchable=false&templateVars=13179&marketsQuery=%24filter%3DeventId+eq+%2734084861%27+AND+clientMetadata%2FsubCategoryId+eq+%2713179%27+AND+tags%2Fall%28t%3A+t+ne+%27SportcastBetBuilder%27%29&eventsQuery=%24filter%3Did+in+%28%2734084861%27%29&include=Events&entity=markets,data/market/raw/draftkings/2026-07-11/event_34084861/snapshot_draftkings_20260711_235934_subcategory_13179.json,4,success,
draftkings_20260711_235934,2026-07-11T23:59:34.009368+00:00,draftkings_public,DraftKings,34084861,16272,Alternate Point Spread,alternate_point_spread,https://sportsbook-nash.draftkings.com/sites/US-KS-SB/api/sportscontent/controldata/league/eventSubcategory/v1/markets?isBatchable=false&templateVars=16272&marketsQuery=%24filter%3DeventId+eq+%2734084861%27+AND+clientMetadata%2FsubCategoryId+eq+%2716272%27+AND+tags%2Fall%28t%3A+t+ne+%27SportcastBetBuilder%27%29&eventsQuery=%24filter%3Did+in+%28%2734084861%27%29&include=Events&entity=markets,data/market/raw/draftkings/2026-07-11/event_34084861/snapshot_draftkings_20260711_235934_subcategory_16272.json,10,success,
draftkings_20260711_235934,2026-07-11T23:59:34.009368+00:00,draftkings_public,DraftKings,34084861,17644,Fight to Go the Distance,goes_distance,https://sportsbook-nash.draftkings.com/sites/US-KS-SB/api/sportscontent/controldata/league/eventSubcategory/v1/markets?isBatchable=false&templateVars=17644&marketsQuery=%24filter%3DeventId+eq+%2734084861%27+AND+clientMetadata%2FsubCategoryId+eq+%2717644%27+AND+tags%2Fall%28t%3A+t+ne+%27SportcastBetBuilder%27%29&eventsQuery=%24filter%3Did+in+%28%2734084861%27%29&include=Events&entity=markets,data/market/raw/draftkings/2026-07-11/event_34084861/snapshot_draftkings_20260711_235934_subcategory_17644.json,2,success,
draftkings_20260711_235934,2026-07-11T23:59:34.009368+00:00,draftkings_public,DraftKings,34084861,18911,Fighter Method Props,fighter_method_props,https://sportsbook-nash.draftkings.com/sites/US-KS-SB/api/sportscontent/controldata/league/eventSubcategory/v1/markets?isBatchable=false&templateVars=18911&marketsQuery=%24filter%3DeventId+eq+%2734084861%27+AND+clientMetadata%2FsubCategoryId+eq+%2718911%27+AND+tags%2Fall%28t%3A+t+ne+%27SportcastBetBuilder%27%29&eventsQuery=%24filter%3Did+in+%28%2734084861%27%29&include=Events&entity=markets,data/market/raw/draftkings/2026-07-11/event_34084861/snapshot_draftkings_20260711_235934_subcategory_18911.json,6,success,
draftkings_20260711_235934,2026-07-11T23:59:34.009368+00:00,draftkings_public,DraftKings,34084861,6437,Exact Method of Victory,exact_method,https://sportsbook-nash.draftkings.com/sites/US-KS-SB/api/sportscontent/controldata/league/eventSubcategory/v1/markets?isBatchable=false&templateVars=6437&marketsQuery=%24filter%3DeventId+eq+%2734084861%27+AND+clientMetadata%2FsubCategoryId+eq+%276437%27+AND+tags%2Fall%28t%3A+t+ne+%27SportcastBetBuilder%27%29&eventsQuery=%24filter%3Did+in+%28%2734084861%27%29&include=Events&entity=markets,data/market/raw/draftkings/2026-07-11/event_34084861/snapshot_draftkings_20260711_235934_subcategory_6437.json,4,success,
draftkings_20260711_235934,2026-07-11T23:59:34.009368+00:00,draftkings_public,DraftKings,34084861,5735,Round and Method,round_method,https://sportsbook-nash.draftkings.com/sites/US-KS-SB/api/sportscontent/controldata/league/eventSubcategory/v1/markets?isBatchable=false&templateVars=5735&marketsQuery=%24filter%3DeventId+eq+%2734084861%27+AND+clientMetadata%2FsubCategoryId+eq+%275735%27+AND+tags%2Fall%28t%3A+t+ne+%27SportcastBetBuilder%27%29&eventsQuery=%24filter%3Did+in+%28%2734084861%27%29&include=Events&entity=markets,data/market/raw/draftkings/2026-07-11/event_34084861/snapshot_draftkings_20260711_235934_subcategory_5735.json,13,success,
draftkings_20260711_235934,2026-07-11T23:59:34.009368+00:00,draftkings_public,DraftKings,34084861,15122,Finish Only,finish_only_moneyline,https://sportsbook-nash.draftkings.com/sites/US-KS-SB/api/sportscontent/controldata/league/eventSubcategory/v1/markets?isBatchable=false&templateVars=15122&marketsQuery=%24filter%3DeventId+eq+%2734084861%27+AND+clientMetadata%2FsubCategoryId+eq+%2715122%27+AND+tags%2Fall%28t%3A+t+ne+%27SportcastBetBuilder%27%29&eventsQuery=%24filter%3Did+in+%28%2734084861%27%29&include=Events&entity=markets,data/market/raw/draftkings/2026-07-11/event_34084861/snapshot_draftkings_20260711_235934_subcategory_15122.json,2,success,
draftkings_20260711_235934,2026-07-11T23:59:34.009368+00:00,draftkings_public,DraftKings,34084861,15123,Decision Only,decision_only_moneyline,https://sportsbook-nash.draftkings.com/sites/US-KS-SB/api/sportscontent/controldata/league/eventSubcategory/v1/markets?isBatchable=false&templateVars=15123&marketsQuery=%24filter%3DeventId+eq+%2734084861%27+AND+clientMetadata%2FsubCategoryId+eq+%2715123%27+AND+tags%2Fall%28t%3A+t+ne+%27SportcastBetBuilder%27%29&eventsQuery=%24filter%3Did+in+%28%2734084861%27%29&include=Events&entity=markets,data/market/raw/draftkings/2026-07-11/event_34084861/snapshot_draftkings_20260711_235934_subcategory_15123.json,2,success,
draftkings_20260711_235934,2026-07-11T23:59:34.009368+00:00,draftkings_public,DraftKings,34084861,15124,Round 1 Only,round_1_only_moneyline,https://sportsbook-nash.draftkings.com/sites/US-KS-SB/api/sportscontent/controldata/league/eventSubcategory/v1/markets?isBatchable=false&templateVars=15124&marketsQuery=%24filter%3DeventId+eq+%2734084861%27+AND+clientMetadata%2FsubCategoryId+eq+%2715124%27+AND+tags%2Fall%28t%3A+t+ne+%27SportcastBetBuilder%27%29&eventsQuery=%24filter%3Did+in+%28%2734084861%27%29&include=Events&entity=markets,data/market/raw/draftkings/2026-07-11/event_34084861/snapshot_draftkings_20260711_235934_subcategory_15124.json,2,success,
draftkings_20260711_235934,2026-07-11T23:59:34.009368+00:00,draftkings_public,DraftKings,34084861,15125,Submission Only,submission_only_moneyline,https://sportsbook-nash.draftkings.com/sites/US-KS-SB/api/sportscontent/controldata/league/eventSubcategory/v1/markets?isBatchable=false&templateVars=15125&marketsQuery=%24filter%3DeventId+eq+%2734084861%27+AND+clientMetadata%2FsubCategoryId+eq+%2715125%27+AND+tags%2Fall%28t%3A+t+ne+%27SportcastBetBuilder%27%29&eventsQuery=%24filter%3Did+in+%28%2734084861%27%29&include=Events&entity=markets,data/market/raw/draftkings/2026-07-11/event_34084861/snapshot_draftkings_20260711_235934_subcategory_15125.json,2,success,
draftkings_20260711_235934,2026-07-11T23:59:34.009368+00:00,draftkings_public,DraftKings,34084861,15126,KO TKO DQ Only,ko_tko_only_moneyline,https://sportsbook-nash.draftkings.com/sites/US-KS-SB/api/sportscontent/controldata/league/eventSubcategory/v1/markets?isBatchable=false&templateVars=15126&marketsQuery=%24filter%3DeventId+eq+%2734084861%27+AND+clientMetadata%2FsubCategoryId+eq+%2715126%27+AND+tags%2Fall%28t%3A+t+ne+%27SportcastBetBuilder%27%29&eventsQuery=%24filter%3Did+in+%28%2734084861%27%29&include=Events&entity=markets,data/market/raw/draftkings/2026-07-11/event_34084861/snapshot_draftkings_20260711_235934_subcategory_15126.json,2,success,
draftkings_20260711_235934,2026-07-11T23:59:34.009368+00:00,draftkings_public,DraftKings,34084861,19390,Fighter Significant Strikes Total,fighter_sig_strikes_total,https://sportsbook-nash.draftkings.com/sites/US-KS-SB/api/sportscontent/controldata/league/eventSubcategory/v1/markets?isBatchable=false&templateVars=19390&marketsQuery=%24filter%3DeventId+eq+%2734084861%27+AND+clientMetadata%2FsubCategoryId+eq+%2719390%27+AND+tags%2Fall%28t%3A+t+ne+%27SportcastBetBuilder%27%29&eventsQuery=%24filter%3Did+in+%28%2734084861%27%29&include=Events&entity=markets,data/market/raw/draftkings/2026-07-11/event_34084861/snapshot_draftkings_20260711_235934_subcategory_19390.json,4,success,
draftkings_20260711_235934,2026-07-11T23:59:34.009368+00:00,draftkings_public,DraftKings,34162567,13025,Main Lines,main_lines,https://sportsbook-nash.draftkings.com/sites/US-KS-SB/api/sportscontent/controldata/league/eventSubcategory/v1/markets?isBatchable=false&templateVars=13025&marketsQuery=%24filter%3DeventId+eq+%2734162567%27+AND+clientMetadata%2FsubCategoryId+eq+%2713025%27+AND+tags%2Fall%28t%3A+t+ne+%27SportcastBetBuilder%27%29&eventsQuery=%24filter%3Did+in+%28%2734162567%27%29&include=Events&entity=markets,data/market/raw/draftkings/2026-07-11/event_34162567/snapshot_draftkings_20260711_235934_subcategory_13025.json,6,success,
draftkings_20260711_235934,2026-07-11T23:59:34.009368+00:00,draftkings_public,DraftKings,34162567,13179,Alternate Total Rounds,alternate_total_rounds,https://sportsbook-nash.draftkings.com/sites/US-KS-SB/api/sportscontent/controldata/league/eventSubcategory/v1/markets?isBatchable=false&templateVars=13179&marketsQuery=%24filter%3DeventId+eq+%2734162567%27+AND+clientMetadata%2FsubCategoryId+eq+%2713179%27+AND+tags%2Fall%28t%3A+t+ne+%27SportcastBetBuilder%27%29&eventsQuery=%24filter%3Did+in+%28%2734162567%27%29&include=Events&entity=markets,data/market/raw/draftkings/2026-07-11/event_34162567/snapshot_draftkings_20260711_235934_subcategory_13179.json,8,success,
draftkings_20260711_235934,2026-07-11T23:59:34.009368+00:00,draftkings_public,DraftKings,34162567,16272,Alternate Point Spread,alternate_point_spread,https://sportsbook-nash.draftkings.com/sites/US-KS-SB/api/sportscontent/controldata/league/eventSubcategory/v1/markets?isBatchable=false&templateVars=16272&marketsQuery=%24filter%3DeventId+eq+%2734162567%27+AND+clientMetadata%2FsubCategoryId+eq+%2716272%27+AND+tags%2Fall%28t%3A+t+ne+%27SportcastBetBuilder%27%29&eventsQuery=%24filter%3Did+in+%28%2734162567%27%29&include=Events&entity=markets,data/market/raw/draftkings/2026-07-11/event_34162567/snapshot_draftkings_20260711_235934_subcategory_16272.json,10,success,
draftkings_20260711_235934,2026-07-11T23:59:34.009368+00:00,draftkings_public,DraftKings,34162567,17644,Fight to Go the Distance,goes_distance,https://sportsbook-nash.draftkings.com/sites/US-KS-SB/api/sportscontent/controldata/league/eventSubcategory/v1/markets?isBatchable=false&templateVars=17644&marketsQuery=%24filter%3DeventId+eq+%2734162567%27+AND+clientMetadata%2FsubCategoryId+eq+%2717644%27+AND+tags%2Fall%28t%3A+t+ne+%27SportcastBetBuilder%27%29&eventsQuery=%24filter%3Did+in+%28%2734162567%27%29&include=Events&entity=markets,data/market/raw/draftkings/2026-07-11/event_34162567/snapshot_draftkings_20260711_235934_subcategory_17644.json,2,success,
draftkings_20260711_235934,2026-07-11T23:59:34.009368+00:00,draftkings_public,DraftKings,34162567,18911,Fighter Method Props,fighter_method_props,https://sportsbook-nash.draftkings.com/sites/US-KS-SB/api/sportscontent/controldata/league/eventSubcategory/v1/markets?isBatchable=false&templateVars=18911&marketsQuery=%24filter%3DeventId+eq+%2734162567%27+AND+clientMetadata%2FsubCategoryId+eq+%2718911%27+AND+tags%2Fall%28t%3A+t+ne+%27SportcastBetBuilder%27%29&eventsQuery=%24filter%3Did+in+%28%2734162567%27%29&include=Events&entity=markets,data/market/raw/draftkings/2026-07-11/event_34162567/snapshot_draftkings_20260711_235934_subcategory_18911.json,6,success,
draftkings_20260711_235934,2026-07-11T23:59:34.009368+00:00,draftkings_public,DraftKings,34162567,6437,Exact Method of Victory,exact_method,https://sportsbook-nash.draftkings.com/sites/US-KS-SB/api/sportscontent/controldata/league/eventSubcategory/v1/markets?isBatchable=false&templateVars=6437&marketsQuery=%24filter%3DeventId+eq+%2734162567%27+AND+clientMetadata%2FsubCategoryId+eq+%276437%27+AND+tags%2Fall%28t%3A+t+ne+%27SportcastBetBuilder%27%29&eventsQuery=%24filter%3Did+in+%28%2734162567%27%29&include=Events&entity=markets,data/market/raw/draftkings/2026-07-11/event_34162567/snapshot_draftkings_20260711_235934_subcategory_6437.json,4,success,
draftkings_20260711_235934,2026-07-11T23:59:34.009368+00:00,draftkings_public,DraftKings,34162567,5735,Round and Method,round_method,https://sportsbook-nash.draftkings.com/sites/US-KS-SB/api/sportscontent/controldata/league/eventSubcategory/v1/markets?isBatchable=false&templateVars=5735&marketsQuery=%24filter%3DeventId+eq+%2734162567%27+AND+clientMetadata%2FsubCategoryId+eq+%275735%27+AND+tags%2Fall%28t%3A+t+ne+%27SportcastBetBuilder%27%29&eventsQuery=%24filter%3Did+in+%28%2734162567%27%29&include=Events&entity=markets,data/market/raw/draftkings/2026-07-11/event_34162567/snapshot_draftkings_20260711_235934_subcategory_5735.json,21,success,
draftkings_20260711_235934,2026-07-11T23:59:34.009368+00:00,draftkings_public,DraftKings,34162567,15122,Finish Only,finish_only_moneyline,https://sportsbook-nash.draftkings.com/sites/US-KS-SB/api/sportscontent/controldata/league/eventSubcategory/v1/markets?isBatchable=false&templateVars=15122&marketsQuery=%24filter%3DeventId+eq+%2734162567%27+AND+clientMetadata%2FsubCategoryId+eq+%2715122%27+AND+tags%2Fall%28t%3A+t+ne+%27SportcastBetBuilder%27%29&eventsQuery=%24filter%3Did+in+%28%2734162567%27%29&include=Events&entity=markets,data/market/raw/draftkings/2026-07-11/event_34162567/snapshot_draftkings_20260711_235934_subcategory_15122.json,2,success,
draftkings_20260711_235934,2026-07-11T23:59:34.009368+00:00,draftkings_public,DraftKings,34162567,15123,Decision Only,decision_only_moneyline,https://sportsbook-nash.draftkings.com/sites/US-KS-SB/api/sportscontent/controldata/league/eventSubcategory/v1/markets?isBatchable=false&templateVars=15123&marketsQuery=%24filter%3DeventId+eq+%2734162567%27+AND+clientMetadata%2FsubCategoryId+eq+%2715123%27+AND+tags%2Fall%28t%3A+t+ne+%27SportcastBetBuilder%27%29&eventsQuery=%24filter%3Did+in+%28%2734162567%27%29&include=Events&entity=markets,data/market/raw/draftkings/2026-07-11/event_34162567/snapshot_draftkings_20260711_235934_subcategory_15123.json,2,success,
draftkings_20260711_235934,2026-07-11T23:59:34.009368+00:00,draftkings_public,DraftKings,34162567,15124,Round 1 Only,round_1_only_moneyline,https://sportsbook-nash.draftkings.com/sites/US-KS-SB/api/sportscontent/controldata/league/eventSubcategory/v1/markets?isBatchable=false&templateVars=15124&marketsQuery=%24filter%3DeventId+eq+%2734162567%27+AND+clientMetadata%2FsubCategoryId+eq+%2715124%27+AND+tags%2Fall%28t%3A+t+ne+%27SportcastBetBuilder%27%29&eventsQuery=%24filter%3Did+in+%28%2734162567%27%29&include=Events&entity=markets,data/market/raw/draftkings/2026-07-11/event_34162567/snapshot_draftkings_20260711_235934_subcategory_15124.json,2,success,
draftkings_20260711_235934,2026-07-11T23:59:34.009368+00:00,draftkings_public,DraftKings,34162567,15125,Submission Only,submission_only_moneyline,https://sportsbook-nash.draftkings.com/sites/US-KS-SB/api/sportscontent/controldata/league/eventSubcategory/v1/markets?isBatchable=false&templateVars=15125&marketsQuery=%24filter%3DeventId+eq+%2734162567%27+AND+clientMetadata%2FsubCategoryId+eq+%2715125%27+AND+tags%2Fall%28t%3A+t+ne+%27SportcastBetBuilder%27%29&eventsQuery=%24filter%3Did+in+%28%2734162567%27%29&include=Events&entity=markets,data/market/raw/draftkings/2026-07-11/event_34162567/snapshot_draftkings_20260711_235934_subcategory_15125.json,2,success,
draftkings_20260711_235934,2026-07-11T23:59:34.009368+00:00,draftkings_public,DraftKings,34162567,15126,KO TKO DQ Only,ko_tko_only_moneyline,https://sportsbook-nash.draftkings.com/sites/US-KS-SB/api/sportscontent/controldata/league/eventSubcategory/v1/markets?isBatchable=false&templateVars=15126&marketsQuery=%24filter%3DeventId+eq+%2734162567%27+AND+clientMetadata%2FsubCategoryId+eq+%2715126%27+AND+tags%2Fall%28t%3A+t+ne+%27SportcastBetBuilder%27%29&eventsQuery=%24filter%3Did+in+%28%2734162567%27%29&include=Events&entity=markets,data/market/raw/draftkings/2026-07-11/event_34162567/snapshot_draftkings_20260711_235934_subcategory_15126.json,2,success,
draftkings_20260711_235934,2026-07-11T23:59:34.009368+00:00,draftkings_public,DraftKings,34162567,19390,Fighter Significant Strikes Total,fighter_sig_strikes_total,https://sportsbook-nash.draftkings.com/sites/US-KS-SB/api/sportscontent/controldata/league/eventSubcategory/v1/markets?isBatchable=false&templateVars=19390&marketsQuery=%24filter%3DeventId+eq+%2734162567%27+AND+clientMetadata%2FsubCategoryId+eq+%2719390%27+AND+tags%2Fall%28t%3A+t+ne+%27SportcastBetBuilder%27%29&eventsQuery=%24filter%3Did+in+%28%2734162567%27%29&include=Events&entity=markets,data/market/raw/draftkings/2026-07-11/event_34162567/snapshot_draftkings_20260711_235934_subcategory_19390.json,4,success,
draftkings_20260717_200857,2026-07-17T20:08:57.404559+00:00,draftkings_public,DraftKings,34387319,13025,Main Lines,main_lines,https://sportsbook-nash.draftkings.com/sites/US-KS-SB/api/sportscontent/controldata/league/eventSubcategory/v1/markets?isBatchable=false&templateVars=13025&marketsQuery=%24filter%3DeventId+eq+%2734387319%27+AND+clientMetadata%2FsubCategoryId+eq+%2713025%27+AND+tags%2Fall%28t%3A+t+ne+%27SportcastBetBuilder%27%29&eventsQuery=%24filter%3Did+in+%28%2734387319%27%29&include=Events&entity=markets,data/market/raw/draftkings/2026-07-17/event_34387319/snapshot_draftkings_20260717_200857_subcategory_13025.json,6,success,
draftkings_20260717_200857,2026-07-17T20:08:57.404559+00:00,draftkings_public,DraftKings,34387319,13179,Alternate Total Rounds,alternate_total_rounds,https://sportsbook-nash.draftkings.com/sites/US-KS-SB/api/sportscontent/controldata/league/eventSubcategory/v1/markets?isBatchable=false&templateVars=13179&marketsQuery=%24filter%3DeventId+eq+%2734387319%27+AND+clientMetadata%2FsubCategoryId+eq+%2713179%27+AND+tags%2Fall%28t%3A+t+ne+%27SportcastBetBuilder%27%29&eventsQuery=%24filter%3Did+in+%28%2734387319%27%29&include=Events&entity=markets,data/market/raw/draftkings/2026-07-17/event_34387319/snapshot_draftkings_20260717_200857_subcategory_13179.json,4,success,
draftkings_20260717_200857,2026-07-17T20:08:57.404559+00:00,draftkings_public,DraftKings,34387319,16272,Alternate Point Spread,alternate_point_spread,https://sportsbook-nash.draftkings.com/sites/US-KS-SB/api/sportscontent/controldata/league/eventSubcategory/v1/markets?isBatchable=false&templateVars=16272&marketsQuery=%24filter%3DeventId+eq+%2734387319%27+AND+clientMetadata%2FsubCategoryId+eq+%2716272%27+AND+tags%2Fall%28t%3A+t+ne+%27SportcastBetBuilder%27%29&eventsQuery=%24filter%3Did+in+%28%2734387319%27%29&include=Events&entity=markets,data/market/raw/draftkings/2026-07-17/event_34387319/snapshot_draftkings_20260717_200857_subcategory_16272.json,10,success,
draftkings_20260717_200857,2026-07-17T20:08:57.404559+00:00,draftkings_public,DraftKings,34387319,17644,Fight to Go the Distance,goes_distance,https://sportsbook-nash.draftkings.com/sites/US-KS-SB/api/sportscontent/controldata/league/eventSubcategory/v1/markets?isBatchable=false&templateVars=17644&marketsQuery=%24filter%3DeventId+eq+%2734387319%27+AND+clientMetadata%2FsubCategoryId+eq+%2717644%27+AND+tags%2Fall%28t%3A+t+ne+%27SportcastBetBuilder%27%29&eventsQuery=%24filter%3Did+in+%28%2734387319%27%29&include=Events&entity=markets,data/market/raw/draftkings/2026-07-17/event_34387319/snapshot_draftkings_20260717_200857_subcategory_17644.json,2,success,
draftkings_20260717_200857,2026-07-17T20:08:57.404559+00:00,draftkings_public,DraftKings,34387319,18911,Fighter Method Props,fighter_method_props,https://sportsbook-nash.draftkings.com/sites/US-KS-SB/api/sportscontent/controldata/league/eventSubcategory/v1/markets?isBatchable=false&templateVars=18911&marketsQuery=%24filter%3DeventId+eq+%2734387319%27+AND+clientMetadata%2FsubCategoryId+eq+%2718911%27+AND+tags%2Fall%28t%3A+t+ne+%27SportcastBetBuilder%27%29&eventsQuery=%24filter%3Did+in+%28%2734387319%27%29&include=Events&entity=markets,data/market/raw/draftkings/2026-07-17/event_34387319/snapshot_draftkings_20260717_200857_subcategory_18911.json,6,success,
draftkings_20260717_200857,2026-07-17T20:08:57.404559+00:00,draftkings_public,DraftKings,34387319,6437,Exact Method of Victory,exact_method,https://sportsbook-nash.draftkings.com/sites/US-KS-SB/api/sportscontent/controldata/league/eventSubcategory/v1/markets?isBatchable=false&templateVars=6437&marketsQuery=%24filter%3DeventId+eq+%2734387319%27+AND+clientMetadata%2FsubCategoryId+eq+%276437%27+AND+tags%2Fall%28t%3A+t+ne+%27SportcastBetBuilder%27%29&eventsQuery=%24filter%3Did+in+%28%2734387319%27%29&include=Events&entity=markets,data/market/raw/draftkings/2026-07-17/event_34387319/snapshot_draftkings_20260717_200857_subcategory_6437.json,4,success,
draftkings_20260717_200857,2026-07-17T20:08:57.404559+00:00,draftkings_public,DraftKings,34387319,5735,Round and Method,round_method,https://sportsbook-nash.draftkings.com/sites/US-KS-SB/api/sportscontent/controldata/league/eventSubcategory/v1/markets?isBatchable=false&templateVars=5735&marketsQuery=%24filter%3DeventId+eq+%2734387319%27+AND+clientMetadata%2FsubCategoryId+eq+%275735%27+AND+tags%2Fall%28t%3A+t+ne+%27SportcastBetBuilder%27%29&eventsQuery=%24filter%3Did+in+%28%2734387319%27%29&include=Events&entity=markets,data/market/raw/draftkings/2026-07-17/event_34387319/snapshot_draftkings_20260717_200857_subcategory_5735.json,13,success,
draftkings_20260717_200857,2026-07-17T20:08:57.404559+00:00,draftkings_public,DraftKings,34387319,15122,Finish Only,finish_only_moneyline,https://sportsbook-nash.draftkings.com/sites/US-KS-SB/api/sportscontent/controldata/league/eventSubcategory/v1/markets?isBatchable=false&templateVars=15122&marketsQuery=%24filter%3DeventId+eq+%2734387319%27+AND+clientMetadata%2FsubCategoryId+eq+%2715122%27+AND+tags%2Fall%28t%3A+t+ne+%27SportcastBetBuilder%27%29&eventsQuery=%24filter%3Did+in+%28%2734387319%27%29&include=Events&entity=markets,data/market/raw/draftkings/2026-07-17/event_34387319/snapshot_draftkings_20260717_200857_subcategory_15122.json,2,success,
draftkings_20260717_200857,2026-07-17T20:08:57.404559+00:00,draftkings_public,DraftKings,34387319,15123,Decision Only,decision_only_moneyline,https://sportsbook-nash.draftkings.com/sites/US-KS-SB/api/sportscontent/controldata/league/eventSubcategory/v1/markets?isBatchable=false&templateVars=15123&marketsQuery=%24filter%3DeventId+eq+%2734387319%27+AND+clientMetadata%2FsubCategoryId+eq+%2715123%27+AND+tags%2Fall%28t%3A+t+ne+%27SportcastBetBuilder%27%29&eventsQuery=%24filter%3Did+in+%28%2734387319%27%29&include=Events&entity=markets,data/market/raw/draftkings/2026-07-17/event_34387319/snapshot_draftkings_20260717_200857_subcategory_15123.json,2,success,
draftkings_20260717_200857,2026-07-17T20:08:57.404559+00:00,draftkings_public,DraftKings,34387319,15124,Round 1 Only,round_1_only_moneyline,https://sportsbook-nash.draftkings.com/sites/US-KS-SB/api/sportscontent/controldata/league/eventSubcategory/v1/markets?isBatchable=false&templateVars=15124&marketsQuery=%24filter%3DeventId+eq+%2734387319%27+AND+clientMetadata%2FsubCategoryId+eq+%2715124%27+AND+tags%2Fall%28t%3A+t+ne+%27SportcastBetBuilder%27%29&eventsQuery=%24filter%3Did+in+%28%2734387319%27%29&include=Events&entity=markets,data/market/raw/draftkings/2026-07-17/event_34387319/snapshot_draftkings_20260717_200857_subcategory_15124.json,2,success,
draftkings_20260717_200857,2026-07-17T20:08:57.404559+00:00,draftkings_public,DraftKings,34387319,15125,Submission Only,submission_only_moneyline,https://sportsbook-nash.draftkings.com/sites/US-KS-SB/api/sportscontent/controldata/league/eventSubcategory/v1/markets?isBatchable=false&templateVars=15125&marketsQuery=%24filter%3DeventId+eq+%2734387319%27+AND+clientMetadata%2FsubCategoryId+eq+%2715125%27+AND+tags%2Fall%28t%3A+t+ne+%27SportcastBetBuilder%27%29&eventsQuery=%24filter%3Did+in+%28%2734387319%27%29&include=Events&entity=markets,data/market/raw/draftkings/2026-07-17/event_34387319/snapshot_draftkings_20260717_200857_subcategory_15125.json,2,success,
draftkings_20260717_200857,2026-07-17T20:08:57.404559+00:00,draftkings_public,DraftKings,34387319,15126,KO TKO DQ Only,ko_tko_only_moneyline,https://sportsbook-nash.draftkings.com/sites/US-KS-SB/api/sportscontent/controldata/league/eventSubcategory/v1/markets?isBatchable=false&templateVars=15126&marketsQuery=%24filter%3DeventId+eq+%2734387319%27+AND+clientMetadata%2FsubCategoryId+eq+%2715126%27+AND+tags%2Fall%28t%3A+t+ne+%27SportcastBetBuilder%27%29&eventsQuery=%24filter%3Did+in+%28%2734387319%27%29&include=Events&entity=markets,data/market/raw/draftkings/2026-07-17/event_34387319/snapshot_draftkings_20260717_200857_subcategory_15126.json,2,success,
draftkings_20260717_200857,2026-07-17T20:08:57.404559+00:00,draftkings_public,DraftKings,34387319,19390,Fighter Significant Strikes Total,fighter_sig_strikes_total,https://sportsbook-nash.draftkings.com/sites/US-KS-SB/api/sportscontent/controldata/league/eventSubcategory/v1/markets?isBatchable=false&templateVars=19390&marketsQuery=%24filter%3DeventId+eq+%2734387319%27+AND+clientMetadata%2FsubCategoryId+eq+%2719390%27+AND+tags%2Fall%28t%3A+t+ne+%27SportcastBetBuilder%27%29&eventsQuery=%24filter%3Did+in+%28%2734387319%27%29&include=Events&entity=markets,data/market/raw/draftkings/2026-07-17/event_34387319/snapshot_draftkings_20260717_200857_subcategory_19390.json,0,success,
draftkings_20260717_200857,2026-07-17T20:08:57.404559+00:00,draftkings_public,DraftKings,34387323,13025,Main Lines,main_lines,https://sportsbook-nash.draftkings.com/sites/US-KS-SB/api/sportscontent/controldata/league/eventSubcategory/v1/markets?isBatchable=false&templateVars=13025&marketsQuery=%24filter%3DeventId+eq+%2734387323%27+AND+clientMetadata%2FsubCategoryId+eq+%2713025%27+AND+tags%2Fall%28t%3A+t+ne+%27SportcastBetBuilder%27%29&eventsQuery=%24filter%3Did+in+%28%2734387323%27%29&include=Events&entity=markets,data/market/raw/draftkings/2026-07-17/event_34387323/snapshot_draftkings_20260717_200857_subcategory_13025.json,6,success,
draftkings_20260717_200857,2026-07-17T20:08:57.404559+00:00,draftkings_public,DraftKings,34387323,13179,Alternate Total Rounds,alternate_total_rounds,https://sportsbook-nash.draftkings.com/sites/US-KS-SB/api/sportscontent/controldata/league/eventSubcategory/v1/markets?isBatchable=false&templateVars=13179&marketsQuery=%24filter%3DeventId+eq+%2734387323%27+AND+clientMetadata%2FsubCategoryId+eq+%2713179%27+AND+tags%2Fall%28t%3A+t+ne+%27SportcastBetBuilder%27%29&eventsQuery=%24filter%3Did+in+%28%2734387323%27%29&include=Events&entity=markets,data/market/raw/draftkings/2026-07-17/event_34387323/snapshot_draftkings_20260717_200857_subcategory_13179.json,4,success,
draftkings_20260717_200857,2026-07-17T20:08:57.404559+00:00,draftkings_public,DraftKings,34387323,16272,Alternate Point Spread,alternate_point_spread,https://sportsbook-nash.draftkings.com/sites/US-KS-SB/api/sportscontent/controldata/league/eventSubcategory/v1/markets?isBatchable=false&templateVars=16272&marketsQuery=%24filter%3DeventId+eq+%2734387323%27+AND+clientMetadata%2FsubCategoryId+eq+%2716272%27+AND+tags%2Fall%28t%3A+t+ne+%27SportcastBetBuilder%27%29&eventsQuery=%24filter%3Did+in+%28%2734387323%27%29&include=Events&entity=markets,data/market/raw/draftkings/2026-07-17/event_34387323/snapshot_draftkings_20260717_200857_subcategory_16272.json,10,success,
draftkings_20260717_200857,2026-07-17T20:08:57.404559+00:00,draftkings_public,DraftKings,34387323,17644,Fight to Go the Distance,goes_distance,https://sportsbook-nash.draftkings.com/sites/US-KS-SB/api/sportscontent/controldata/league/eventSubcategory/v1/markets?isBatchable=false&templateVars=17644&marketsQuery=%24filter%3DeventId+eq+%2734387323%27+AND+clientMetadata%2FsubCategoryId+eq+%2717644%27+AND+tags%2Fall%28t%3A+t+ne+%27SportcastBetBuilder%27%29&eventsQuery=%24filter%3Did+in+%28%2734387323%27%29&include=Events&entity=markets,data/market/raw/draftkings/2026-07-17/event_34387323/snapshot_draftkings_20260717_200857_subcategory_17644.json,2,success,
draftkings_20260717_200857,2026-07-17T20:08:57.404559+00:00,draftkings_public,DraftKings,34387323,18911,Fighter Method Props,fighter_method_props,https://sportsbook-nash.draftkings.com/sites/US-KS-SB/api/sportscontent/controldata/league/eventSubcategory/v1/markets?isBatchable=false&templateVars=18911&marketsQuery=%24filter%3DeventId+eq+%2734387323%27+AND+clientMetadata%2FsubCategoryId+eq+%2718911%27+AND+tags%2Fall%28t%3A+t+ne+%27SportcastBetBuilder%27%29&eventsQuery=%24filter%3Did+in+%28%2734387323%27%29&include=Events&entity=markets,data/market/raw/draftkings/2026-07-17/event_34387323/snapshot_draftkings_20260717_200857_subcategory_18911.json,6,success,
draftkings_20260717_200857,2026-07-17T20:08:57.404559+00:00,draftkings_public,DraftKings,34387323,6437,Exact Method of Victory,exact_method,https://sportsbook-nash.draftkings.com/sites/US-KS-SB/api/sportscontent/controldata/league/eventSubcategory/v1/markets?isBatchable=false&templateVars=6437&marketsQuery=%24filter%3DeventId+eq+%2734387323%27+AND+clientMetadata%2FsubCategoryId+eq+%276437%27+AND+tags%2Fall%28t%3A+t+ne+%27SportcastBetBuilder%27%29&eventsQuery=%24filter%3Did+in+%28%2734387323%27%29&include=Events&entity=markets,data/market/raw/draftkings/2026-07-17/event_34387323/snapshot_draftkings_20260717_200857_subcategory_6437.json,4,success,
draftkings_20260717_200857,2026-07-17T20:08:57.404559+00:00,draftkings_public,DraftKings,34387323,5735,Round and Method,round_method,https://sportsbook-nash.draftkings.com/sites/US-KS-SB/api/sportscontent/controldata/league/eventSubcategory/v1/markets?isBatchable=false&templateVars=5735&marketsQuery=%24filter%3DeventId+eq+%2734387323%27+AND+clientMetadata%2FsubCategoryId+eq+%275735%27+AND+tags%2Fall%28t%3A+t+ne+%27SportcastBetBuilder%27%29&eventsQuery=%24filter%3Did+in+%28%2734387323%27%29&include=Events&entity=markets,data/market/raw/draftkings/2026-07-17/event_34387323/snapshot_draftkings_20260717_200857_subcategory_5735.json,13,success,
draftkings_20260717_200857,2026-07-17T20:08:57.404559+00:00,draftkings_public,DraftKings,34387323,15122,Finish Only,finish_only_moneyline,https://sportsbook-nash.draftkings.com/sites/US-KS-SB/api/sportscontent/controldata/league/eventSubcategory/v1/markets?isBatchable=false&templateVars=15122&marketsQuery=%24filter%3DeventId+eq+%2734387323%27+AND+clientMetadata%2FsubCategoryId+eq+%2715122%27+AND+tags%2Fall%28t%3A+t+ne+%27SportcastBetBuilder%27%29&eventsQuery=%24filter%3Did+in+%28%2734387323%27%29&include=Events&entity=markets,data/market/raw/draftkings/2026-07-17/event_34387323/snapshot_draftkings_20260717_200857_subcategory_15122.json,2,success,
draftkings_20260717_200857,2026-07-17T20:08:57.404559+00:00,draftkings_public,DraftKings,34387323,15123,Decision Only,decision_only_moneyline,https://sportsbook-nash.draftkings.com/sites/US-KS-SB/api/sportscontent/controldata/league/eventSubcategory/v1/markets?isBatchable=false&templateVars=15123&marketsQuery=%24filter%3DeventId+eq+%2734387323%27+AND+clientMetadata%2FsubCategoryId+eq+%2715123%27+AND+tags%2Fall%28t%3A+t+ne+%27SportcastBetBuilder%27%29&eventsQuery=%24filter%3Did+in+%28%2734387323%27%29&include=Events&entity=markets,data/market/raw/draftkings/2026-07-17/event_34387323/snapshot_draftkings_20260717_200857_subcategory_15123.json,2,success,
draftkings_20260717_200857,2026-07-17T20:08:57.404559+00:00,draftkings_public,DraftKings,34387323,15124,Round 1 Only,round_1_only_moneyline,https://sportsbook-nash.draftkings.com/sites/US-KS-SB/api/sportscontent/controldata/league/eventSubcategory/v1/markets?isBatchable=false&templateVars=15124&marketsQuery=%24filter%3DeventId+eq+%2734387323%27+AND+clientMetadata%2FsubCategoryId+eq+%2715124%27+AND+tags%2Fall%28t%3A+t+ne+%27SportcastBetBuilder%27%29&eventsQuery=%24filter%3Did+in+%28%2734387323%27%29&include=Events&entity=markets,data/market/raw/draftkings/2026-07-17/event_34387323/snapshot_draftkings_20260717_200857_subcategory_15124.json,2,success,
draftkings_20260717_200857,2026-07-17T20:08:57.404559+00:00,draftkings_public,DraftKings,34387323,15125,Submission Only,submission_only_moneyline,https://sportsbook-nash.draftkings.com/sites/US-KS-SB/api/sportscontent/controldata/league/eventSubcategory/v1/markets?isBatchable=false&templateVars=15125&marketsQuery=%24filter%3DeventId+eq+%2734387323%27+AND+clientMetadata%2FsubCategoryId+eq+%2715125%27+AND+tags%2Fall%28t%3A+t+ne+%27SportcastBetBuilder%27%29&eventsQuery=%24filter%3Did+in+%28%2734387323%27%29&include=Events&entity=markets,data/market/raw/draftkings/2026-07-17/event_34387323/snapshot_draftkings_20260717_200857_subcategory_15125.json,2,success,
draftkings_20260717_200857,2026-07-17T20:08:57.404559+00:00,draftkings_public,DraftKings,34387323,15126,KO TKO DQ Only,ko_tko_only_moneyline,https://sportsbook-nash.draftkings.com/sites/US-KS-SB/api/sportscontent/controldata/league/eventSubcategory/v1/markets?isBatchable=false&templateVars=15126&marketsQuery=%24filter%3DeventId+eq+%2734387323%27+AND+clientMetadata%2FsubCategoryId+eq+%2715126%27+AND+tags%2Fall%28t%3A+t+ne+%27SportcastBetBuilder%27%29&eventsQuery=%24filter%3Did+in+%28%2734387323%27%29&include=Events&entity=markets,data/market/raw/draftkings/2026-07-17/event_34387323/snapshot_draftkings_20260717_200857_subcategory_15126.json,2,success,
draftkings_20260717_200857,2026-07-17T20:08:57.404559+00:00,draftkings_public,DraftKings,34387323,19390,Fighter Significant Strikes Total,fighter_sig_strikes_total,https://sportsbook-nash.draftkings.com/sites/US-KS-SB/api/sportscontent/controldata/league/eventSubcategory/v1/markets?isBatchable=false&templateVars=19390&marketsQuery=%24filter%3DeventId+eq+%2734387323%27+AND+clientMetadata%2FsubCategoryId+eq+%2719390%27+AND+tags%2Fall%28t%3A+t+ne+%27SportcastBetBuilder%27%29&eventsQuery=%24filter%3Did+in+%28%2734387323%27%29&include=Events&entity=markets,data/market/raw/draftkings/2026-07-17/event_34387323/snapshot_draftkings_20260717_200857_subcategory_19390.json,0,success,
draftkings_20260717_200857,2026-07-17T20:08:57.404559+00:00,draftkings_public,DraftKings,34349525,13025,Main Lines,main_lines,https://sportsbook-nash.draftkings.com/sites/US-KS-SB/api/sportscontent/controldata/league/eventSubcategory/v1/markets?isBatchable=false&templateVars=13025&marketsQuery=%24filter%3DeventId+eq+%2734349525%27+AND+clientMetadata%2FsubCategoryId+eq+%2713025%27+AND+tags%2Fall%28t%3A+t+ne+%27SportcastBetBuilder%27%29&eventsQuery=%24filter%3Did+in+%28%2734349525%27%29&include=Events&entity=markets,data/market/raw/draftkings/2026-07-17/event_34349525/snapshot_draftkings_20260717_200857_subcategory_13025.json,6,success,
draftkings_20260717_200857,2026-07-17T20:08:57.404559+00:00,draftkings_public,DraftKings,34349525,13179,Alternate Total Rounds,alternate_total_rounds,https://sportsbook-nash.draftkings.com/sites/US-KS-SB/api/sportscontent/controldata/league/eventSubcategory/v1/markets?isBatchable=false&templateVars=13179&marketsQuery=%24filter%3DeventId+eq+%2734349525%27+AND+clientMetadata%2FsubCategoryId+eq+%2713179%27+AND+tags%2Fall%28t%3A+t+ne+%27SportcastBetBuilder%27%29&eventsQuery=%24filter%3Did+in+%28%2734349525%27%29&include=Events&entity=markets,data/market/raw/draftkings/2026-07-17/event_34349525/snapshot_draftkings_20260717_200857_subcategory_13179.json,4,success,
draftkings_20260717_200857,2026-07-17T20:08:57.404559+00:00,draftkings_public,DraftKings,34349525,16272,Alternate Point Spread,alternate_point_spread,https://sportsbook-nash.draftkings.com/sites/US-KS-SB/api/sportscontent/controldata/league/eventSubcategory/v1/markets?isBatchable=false&templateVars=16272&marketsQuery=%24filter%3DeventId+eq+%2734349525%27+AND+clientMetadata%2FsubCategoryId+eq+%2716272%27+AND+tags%2Fall%28t%3A+t+ne+%27SportcastBetBuilder%27%29&eventsQuery=%24filter%3Did+in+%28%2734349525%27%29&include=Events&entity=markets,data/market/raw/draftkings/2026-07-17/event_34349525/snapshot_draftkings_20260717_200857_subcategory_16272.json,0,success,
draftkings_20260717_200857,2026-07-17T20:08:57.404559+00:00,draftkings_public,DraftKings,34349525,17644,Fight to Go the Distance,goes_distance,https://sportsbook-nash.draftkings.com/sites/US-KS-SB/api/sportscontent/controldata/league/eventSubcategory/v1/markets?isBatchable=false&templateVars=17644&marketsQuery=%24filter%3DeventId+eq+%2734349525%27+AND+clientMetadata%2FsubCategoryId+eq+%2717644%27+AND+tags%2Fall%28t%3A+t+ne+%27SportcastBetBuilder%27%29&eventsQuery=%24filter%3Did+in+%28%2734349525%27%29&include=Events&entity=markets,data/market/raw/draftkings/2026-07-17/event_34349525/snapshot_draftkings_20260717_200857_subcategory_17644.json,2,success,
draftkings_20260717_200857,2026-07-17T20:08:57.404559+00:00,draftkings_public,DraftKings,34349525,18911,Fighter Method Props,fighter_method_props,https://sportsbook-nash.draftkings.com/sites/US-KS-SB/api/sportscontent/controldata/league/eventSubcategory/v1/markets?isBatchable=false&templateVars=18911&marketsQuery=%24filter%3DeventId+eq+%2734349525%27+AND+clientMetadata%2FsubCategoryId+eq+%2718911%27+AND+tags%2Fall%28t%3A+t+ne+%27SportcastBetBuilder%27%29&eventsQuery=%24filter%3Did+in+%28%2734349525%27%29&include=Events&entity=markets,data/market/raw/draftkings/2026-07-17/event_34349525/snapshot_draftkings_20260717_200857_subcategory_18911.json,6,success,
draftkings_20260717_200857,2026-07-17T20:08:57.404559+00:00,draftkings_public,DraftKings,34349525,6437,Exact Method of Victory,exact_method,https://sportsbook-nash.draftkings.com/sites/US-KS-SB/api/sportscontent/controldata/league/eventSubcategory/v1/markets?isBatchable=false&templateVars=6437&marketsQuery=%24filter%3DeventId+eq+%2734349525%27+AND+clientMetadata%2FsubCategoryId+eq+%276437%27+AND+tags%2Fall%28t%3A+t+ne+%27SportcastBetBuilder%27%29&eventsQuery=%24filter%3Did+in+%28%2734349525%27%29&include=Events&entity=markets,data/market/raw/draftkings/2026-07-17/event_34349525/snapshot_draftkings_20260717_200857_subcategory_6437.json,4,success,
draftkings_20260717_200857,2026-07-17T20:08:57.404559+00:00,draftkings_public,DraftKings,34349525,5735,Round and Method,round_method,https://sportsbook-nash.draftkings.com/sites/US-KS-SB/api/sportscontent/controldata/league/eventSubcategory/v1/markets?isBatchable=false&templateVars=5735&marketsQuery=%24filter%3DeventId+eq+%2734349525%27+AND+clientMetadata%2FsubCategoryId+eq+%275735%27+AND+tags%2Fall%28t%3A+t+ne+%27SportcastBetBuilder%27%29&eventsQuery=%24filter%3Did+in+%28%2734349525%27%29&include=Events&entity=markets,data/market/raw/draftkings/2026-07-17/event_34349525/snapshot_draftkings_20260717_200857_subcategory_5735.json,13,success,
draftkings_20260717_200857,2026-07-17T20:08:57.404559+00:00,draftkings_public,DraftKings,34349525,15122,Finish Only,finish_only_moneyline,https://sportsbook-nash.draftkings.com/sites/US-KS-SB/api/sportscontent/controldata/league/eventSubcategory/v1/markets?isBatchable=false&templateVars=15122&marketsQuery=%24filter%3DeventId+eq+%2734349525%27+AND+clientMetadata%2FsubCategoryId+eq+%2715122%27+AND+tags%2Fall%28t%3A+t+ne+%27SportcastBetBuilder%27%29&eventsQuery=%24filter%3Did+in+%28%2734349525%27%29&include=Events&entity=markets,data/market/raw/draftkings/2026-07-17/event_34349525/snapshot_draftkings_20260717_200857_subcategory_15122.json,2,success,
draftkings_20260717_200857,2026-07-17T20:08:57.404559+00:00,draftkings_public,DraftKings,34349525,15123,Decision Only,decision_only_moneyline,https://sportsbook-nash.draftkings.com/sites/US-KS-SB/api/sportscontent/controldata/league/eventSubcategory/v1/markets?isBatchable=false&templateVars=15123&marketsQuery=%24filter%3DeventId+eq+%2734349525%27+AND+clientMetadata%2FsubCategoryId+eq+%2715123%27+AND+tags%2Fall%28t%3A+t+ne+%27SportcastBetBuilder%27%29&eventsQuery=%24filter%3Did+in+%28%2734349525%27%29&include=Events&entity=markets,data/market/raw/draftkings/2026-07-17/event_34349525/snapshot_draftkings_20260717_200857_subcategory_15123.json,2,success,
draftkings_20260717_200857,2026-07-17T20:08:57.404559+00:00,draftkings_public,DraftKings,34349525,15124,Round 1 Only,round_1_only_moneyline,https://sportsbook-nash.draftkings.com/sites/US-KS-SB/api/sportscontent/controldata/league/eventSubcategory/v1/markets?isBatchable=false&templateVars=15124&marketsQuery=%24filter%3DeventId+eq+%2734349525%27+AND+clientMetadata%2FsubCategoryId+eq+%2715124%27+AND+tags%2Fall%28t%3A+t+ne+%27SportcastBetBuilder%27%29&eventsQuery=%24filter%3Did+in+%28%2734349525%27%29&include=Events&entity=markets,data/market/raw/draftkings/2026-07-17/event_34349525/snapshot_draftkings_20260717_200857_subcategory_15124.json,2,success,
draftkings_20260717_200857,2026-07-17T20:08:57.404559+00:00,draftkings_public,DraftKings,34349525,15125,Submission Only,submission_only_moneyline,https://sportsbook-nash.draftkings.com/sites/US-KS-SB/api/sportscontent/controldata/league/eventSubcategory/v1/markets?isBatchable=false&templateVars=15125&marketsQuery=%24filter%3DeventId+eq+%2734349525%27+AND+clientMetadata%2FsubCategoryId+eq+%2715125%27+AND+tags%2Fall%28t%3A+t+ne+%27SportcastBetBuilder%27%29&eventsQuery=%24filter%3Did+in+%28%2734349525%27%29&include=Events&entity=markets,data/market/raw/draftkings/2026-07-17/event_34349525/snapshot_draftkings_20260717_200857_subcategory_15125.json,2,success,
draftkings_20260717_200857,2026-07-17T20:08:57.404559+00:00,draftkings_public,DraftKings,34349525,15126,KO TKO DQ Only,ko_tko_only_moneyline,https://sportsbook-nash.draftkings.com/sites/US-KS-SB/api/sportscontent/controldata/league/eventSubcategory/v1/markets?isBatchable=false&templateVars=15126&marketsQuery=%24filter%3DeventId+eq+%2734349525%27+AND+clientMetadata%2FsubCategoryId+eq+%2715126%27+AND+tags%2Fall%28t%3A+t+ne+%27SportcastBetBuilder%27%29&eventsQuery=%24filter%3Did+in+%28%2734349525%27%29&include=Events&entity=markets,data/market/raw/draftkings/2026-07-17/event_34349525/snapshot_draftkings_20260717_200857_subcategory_15126.json,2,success,
draftkings_20260717_200857,2026-07-17T20:08:57.404559+00:00,draftkings_public,DraftKings,34349525,19390,Fighter Significant Strikes Total,fighter_sig_strikes_total,https://sportsbook-nash.draftkings.com/sites/US-KS-SB/api/sportscontent/controldata/league/eventSubcategory/v1/markets?isBatchable=false&templateVars=19390&marketsQuery=%24filter%3DeventId+eq+%2734349525%27+AND+clientMetadata%2FsubCategoryId+eq+%2719390%27+AND+tags%2Fall%28t%3A+t+ne+%27SportcastBetBuilder%27%29&eventsQuery=%24filter%3Did+in+%28%2734349525%27%29&include=Events&entity=markets,data/market/raw/draftkings/2026-07-17/event_34349525/snapshot_draftkings_20260717_200857_subcategory_19390.json,0,success,
draftkings_20260718_225443,2026-07-18T22:54:43.716193+00:00,draftkings_public,DraftKings,34369620,13025,Main Lines,main_lines,https://sportsbook-nash.draftkings.com/sites/US-KS-SB/api/sportscontent/controldata/league/eventSubcategory/v1/markets?isBatchable=false&templateVars=13025&marketsQuery=%24filter%3DeventId+eq+%2734369620%27+AND+clientMetadata%2FsubCategoryId+eq+%2713025%27+AND+tags%2Fall%28t%3A+t+ne+%27SportcastBetBuilder%27%29&eventsQuery=%24filter%3Did+in+%28%2734369620%27%29&include=Events&entity=markets,data/market/raw/draftkings/2026-07-18/event_34369620/snapshot_draftkings_20260718_225443_subcategory_13025.json,2,success,
draftkings_20260718_225443,2026-07-18T22:54:43.716193+00:00,draftkings_public,DraftKings,34369620,13179,Alternate Total Rounds,alternate_total_rounds,https://sportsbook-nash.draftkings.com/sites/US-KS-SB/api/sportscontent/controldata/league/eventSubcategory/v1/markets?isBatchable=false&templateVars=13179&marketsQuery=%24filter%3DeventId+eq+%2734369620%27+AND+clientMetadata%2FsubCategoryId+eq+%2713179%27+AND+tags%2Fall%28t%3A+t+ne+%27SportcastBetBuilder%27%29&eventsQuery=%24filter%3Did+in+%28%2734369620%27%29&include=Events&entity=markets,data/market/raw/draftkings/2026-07-18/event_34369620/snapshot_draftkings_20260718_225443_subcategory_13179.json,0,success,
draftkings_20260718_225443,2026-07-18T22:54:43.716193+00:00,draftkings_public,DraftKings,34369620,16272,Alternate Point Spread,alternate_point_spread,https://sportsbook-nash.draftkings.com/sites/US-KS-SB/api/sportscontent/controldata/league/eventSubcategory/v1/markets?isBatchable=false&templateVars=16272&marketsQuery=%24filter%3DeventId+eq+%2734369620%27+AND+clientMetadata%2FsubCategoryId+eq+%2716272%27+AND+tags%2Fall%28t%3A+t+ne+%27SportcastBetBuilder%27%29&eventsQuery=%24filter%3Did+in+%28%2734369620%27%29&include=Events&entity=markets,data/market/raw/draftkings/2026-07-18/event_34369620/snapshot_draftkings_20260718_225443_subcategory_16272.json,0,success,
draftkings_20260718_225443,2026-07-18T22:54:43.716193+00:00,draftkings_public,DraftKings,34369620,17644,Fight to Go the Distance,goes_distance,https://sportsbook-nash.draftkings.com/sites/US-KS-SB/api/sportscontent/controldata/league/eventSubcategory/v1/markets?isBatchable=false&templateVars=17644&marketsQuery=%24filter%3DeventId+eq+%2734369620%27+AND+clientMetadata%2FsubCategoryId+eq+%2717644%27+AND+tags%2Fall%28t%3A+t+ne+%27SportcastBetBuilder%27%29&eventsQuery=%24filter%3Did+in+%28%2734369620%27%29&include=Events&entity=markets,data/market/raw/draftkings/2026-07-18/event_34369620/snapshot_draftkings_20260718_225443_subcategory_17644.json,0,success,
draftkings_20260718_225443,2026-07-18T22:54:43.716193+00:00,draftkings_public,DraftKings,34369620,18911,Fighter Method Props,fighter_method_props,https://sportsbook-nash.draftkings.com/sites/US-KS-SB/api/sportscontent/controldata/league/eventSubcategory/v1/markets?isBatchable=false&templateVars=18911&marketsQuery=%24filter%3DeventId+eq+%2734369620%27+AND+clientMetadata%2FsubCategoryId+eq+%2718911%27+AND+tags%2Fall%28t%3A+t+ne+%27SportcastBetBuilder%27%29&eventsQuery=%24filter%3Did+in+%28%2734369620%27%29&include=Events&entity=markets,data/market/raw/draftkings/2026-07-18/event_34369620/snapshot_draftkings_20260718_225443_subcategory_18911.json,0,success,
draftkings_20260718_225443,2026-07-18T22:54:43.716193+00:00,draftkings_public,DraftKings,34369620,6437,Exact Method of Victory,exact_method,https://sportsbook-nash.draftkings.com/sites/US-KS-SB/api/sportscontent/controldata/league/eventSubcategory/v1/markets?isBatchable=false&templateVars=6437&marketsQuery=%24filter%3DeventId+eq+%2734369620%27+AND+clientMetadata%2FsubCategoryId+eq+%276437%27+AND+tags%2Fall%28t%3A+t+ne+%27SportcastBetBuilder%27%29&eventsQuery=%24filter%3Did+in+%28%2734369620%27%29&include=Events&entity=markets,data/market/raw/draftkings/2026-07-18/event_34369620/snapshot_draftkings_20260718_225443_subcategory_6437.json,0,success,
draftkings_20260718_225443,2026-07-18T22:54:43.716193+00:00,draftkings_public,DraftKings,34369620,5735,Round and Method,round_method,https://sportsbook-nash.draftkings.com/sites/US-KS-SB/api/sportscontent/controldata/league/eventSubcategory/v1/markets?isBatchable=false&templateVars=5735&marketsQuery=%24filter%3DeventId+eq+%2734369620%27+AND+clientMetadata%2FsubCategoryId+eq+%275735%27+AND+tags%2Fall%28t%3A+t+ne+%27SportcastBetBuilder%27%29&eventsQuery=%24filter%3Did+in+%28%2734369620%27%29&include=Events&entity=markets,data/market/raw/draftkings/2026-07-18/event_34369620/snapshot_draftkings_20260718_225443_subcategory_5735.json,0,success,
draftkings_20260718_225443,2026-07-18T22:54:43.716193+00:00,draftkings_public,DraftKings,34369620,15122,Finish Only,finish_only_moneyline,https://sportsbook-nash.draftkings.com/sites/US-KS-SB/api/sportscontent/controldata/league/eventSubcategory/v1/markets?isBatchable=false&templateVars=15122&marketsQuery=%24filter%3DeventId+eq+%2734369620%27+AND+clientMetadata%2FsubCategoryId+eq+%2715122%27+AND+tags%2Fall%28t%3A+t+ne+%27SportcastBetBuilder%27%29&eventsQuery=%24filter%3Did+in+%28%2734369620%27%29&include=Events&entity=markets,data/market/raw/draftkings/2026-07-18/event_34369620/snapshot_draftkings_20260718_225443_subcategory_15122.json,0,success,
draftkings_20260718_225443,2026-07-18T22:54:43.716193+00:00,draftkings_public,DraftKings,34369620,15123,Decision Only,decision_only_moneyline,https://sportsbook-nash.draftkings.com/sites/US-KS-SB/api/sportscontent/controldata/league/eventSubcategory/v1/markets?isBatchable=false&templateVars=15123&marketsQuery=%24filter%3DeventId+eq+%2734369620%27+AND+clientMetadata%2FsubCategoryId+eq+%2715123%27+AND+tags%2Fall%28t%3A+t+ne+%27SportcastBetBuilder%27%29&eventsQuery=%24filter%3Did+in+%28%2734369620%27%29&include=Events&entity=markets,data/market/raw/draftkings/2026-07-18/event_34369620/snapshot_draftkings_20260718_225443_subcategory_15123.json,0,success,
draftkings_20260718_225443,2026-07-18T22:54:43.716193+00:00,draftkings_public,DraftKings,34369620,15124,Round 1 Only,round_1_only_moneyline,https://sportsbook-nash.draftkings.com/sites/US-KS-SB/api/sportscontent/controldata/league/eventSubcategory/v1/markets?isBatchable=false&templateVars=15124&marketsQuery=%24filter%3DeventId+eq+%2734369620%27+AND+clientMetadata%2FsubCategoryId+eq+%2715124%27+AND+tags%2Fall%28t%3A+t+ne+%27SportcastBetBuilder%27%29&eventsQuery=%24filter%3Did+in+%28%2734369620%27%29&include=Events&entity=markets,data/market/raw/draftkings/2026-07-18/event_34369620/snapshot_draftkings_20260718_225443_subcategory_15124.json,0,success,
draftkings_20260718_225443,2026-07-18T22:54:43.716193+00:00,draftkings_public,DraftKings,34369620,15125,Submission Only,submission_only_moneyline,https://sportsbook-nash.draftkings.com/sites/US-KS-SB/api/sportscontent/controldata/league/eventSubcategory/v1/markets?isBatchable=false&templateVars=15125&marketsQuery=%24filter%3DeventId+eq+%2734369620%27+AND+clientMetadata%2FsubCategoryId+eq+%2715125%27+AND+tags%2Fall%28t%3A+t+ne+%27SportcastBetBuilder%27%29&eventsQuery=%24filter%3Did+in+%28%2734369620%27%29&include=Events&entity=markets,data/market/raw/draftkings/2026-07-18/event_34369620/snapshot_draftkings_20260718_225443_subcategory_15125.json,0,success,
draftkings_20260718_225443,2026-07-18T22:54:43.716193+00:00,draftkings_public,DraftKings,34369620,15126,KO TKO DQ Only,ko_tko_only_moneyline,https://sportsbook-nash.draftkings.com/sites/US-KS-SB/api/sportscontent/controldata/league/eventSubcategory/v1/markets?isBatchable=false&templateVars=15126&marketsQuery=%24filter%3DeventId+eq+%2734369620%27+AND+clientMetadata%2FsubCategoryId+eq+%2715126%27+AND+tags%2Fall%28t%3A+t+ne+%27SportcastBetBuilder%27%29&eventsQuery=%24filter%3Did+in+%28%2734369620%27%29&include=Events&entity=markets,data/market/raw/draftkings/2026-07-18/event_34369620/snapshot_draftkings_20260718_225443_subcategory_15126.json,0,success,
draftkings_20260718_225443,2026-07-18T22:54:43.716193+00:00,draftkings_public,DraftKings,34369620,19390,Fighter Significant Strikes Total,fighter_sig_strikes_total,https://sportsbook-nash.draftkings.com/sites/US-KS-SB/api/sportscontent/controldata/league/eventSubcategory/v1/markets?isBatchable=false&templateVars=19390&marketsQuery=%24filter%3DeventId+eq+%2734369620%27+AND+clientMetadata%2FsubCategoryId+eq+%2719390%27+AND+tags%2Fall%28t%3A+t+ne+%27SportcastBetBuilder%27%29&eventsQuery=%24filter%3Did+in+%28%2734369620%27%29&include=Events&entity=markets,data/market/raw/draftkings/2026-07-18/event_34369620/snapshot_draftkings_20260718_225443_subcategory_19390.json,0,success,
draftkings_20260718_225443,2026-07-18T22:54:43.716193+00:00,draftkings_public,DraftKings,34387317,13025,Main Lines,main_lines,https://sportsbook-nash.draftkings.com/sites/US-KS-SB/api/sportscontent/controldata/league/eventSubcategory/v1/markets?isBatchable=false&templateVars=13025&marketsQuery=%24filter%3DeventId+eq+%2734387317%27+AND+clientMetadata%2FsubCategoryId+eq+%2713025%27+AND+tags%2Fall%28t%3A+t+ne+%27SportcastBetBuilder%27%29&eventsQuery=%24filter%3Did+in+%28%2734387317%27%29&include=Events&entity=markets,data/market/raw/draftkings/2026-07-18/event_34387317/snapshot_draftkings_20260718_225443_subcategory_13025.json,6,success,
draftkings_20260718_225443,2026-07-18T22:54:43.716193+00:00,draftkings_public,DraftKings,34387317,13179,Alternate Total Rounds,alternate_total_rounds,https://sportsbook-nash.draftkings.com/sites/US-KS-SB/api/sportscontent/controldata/league/eventSubcategory/v1/markets?isBatchable=false&templateVars=13179&marketsQuery=%24filter%3DeventId+eq+%2734387317%27+AND+clientMetadata%2FsubCategoryId+eq+%2713179%27+AND+tags%2Fall%28t%3A+t+ne+%27SportcastBetBuilder%27%29&eventsQuery=%24filter%3Did+in+%28%2734387317%27%29&include=Events&entity=markets,data/market/raw/draftkings/2026-07-18/event_34387317/snapshot_draftkings_20260718_225443_subcategory_13179.json,4,success,
draftkings_20260718_225443,2026-07-18T22:54:43.716193+00:00,draftkings_public,DraftKings,34387317,16272,Alternate Point Spread,alternate_point_spread,https://sportsbook-nash.draftkings.com/sites/US-KS-SB/api/sportscontent/controldata/league/eventSubcategory/v1/markets?isBatchable=false&templateVars=16272&marketsQuery=%24filter%3DeventId+eq+%2734387317%27+AND+clientMetadata%2FsubCategoryId+eq+%2716272%27+AND+tags%2Fall%28t%3A+t+ne+%27SportcastBetBuilder%27%29&eventsQuery=%24filter%3Did+in+%28%2734387317%27%29&include=Events&entity=markets,data/market/raw/draftkings/2026-07-18/event_34387317/snapshot_draftkings_20260718_225443_subcategory_16272.json,10,success,
draftkings_20260718_225443,2026-07-18T22:54:43.716193+00:00,draftkings_public,DraftKings,34387317,17644,Fight to Go the Distance,goes_distance,https://sportsbook-nash.draftkings.com/sites/US-KS-SB/api/sportscontent/controldata/league/eventSubcategory/v1/markets?isBatchable=false&templateVars=17644&marketsQuery=%24filter%3DeventId+eq+%2734387317%27+AND+clientMetadata%2FsubCategoryId+eq+%2717644%27+AND+tags%2Fall%28t%3A+t+ne+%27SportcastBetBuilder%27%29&eventsQuery=%24filter%3Did+in+%28%2734387317%27%29&include=Events&entity=markets,data/market/raw/draftkings/2026-07-18/event_34387317/snapshot_draftkings_20260718_225443_subcategory_17644.json,2,success,
draftkings_20260718_225443,2026-07-18T22:54:43.716193+00:00,draftkings_public,DraftKings,34387317,18911,Fighter Method Props,fighter_method_props,https://sportsbook-nash.draftkings.com/sites/US-KS-SB/api/sportscontent/controldata/league/eventSubcategory/v1/markets?isBatchable=false&templateVars=18911&marketsQuery=%24filter%3DeventId+eq+%2734387317%27+AND+clientMetadata%2FsubCategoryId+eq+%2718911%27+AND+tags%2Fall%28t%3A+t+ne+%27SportcastBetBuilder%27%29&eventsQuery=%24filter%3Did+in+%28%2734387317%27%29&include=Events&entity=markets,data/market/raw/draftkings/2026-07-18/event_34387317/snapshot_draftkings_20260718_225443_subcategory_18911.json,6,success,
draftkings_20260718_225443,2026-07-18T22:54:43.716193+00:00,draftkings_public,DraftKings,34387317,6437,Exact Method of Victory,exact_method,https://sportsbook-nash.draftkings.com/sites/US-KS-SB/api/sportscontent/controldata/league/eventSubcategory/v1/markets?isBatchable=false&templateVars=6437&marketsQuery=%24filter%3DeventId+eq+%2734387317%27+AND+clientMetadata%2FsubCategoryId+eq+%276437%27+AND+tags%2Fall%28t%3A+t+ne+%27SportcastBetBuilder%27%29&eventsQuery=%24filter%3Did+in+%28%2734387317%27%29&include=Events&entity=markets,data/market/raw/draftkings/2026-07-18/event_34387317/snapshot_draftkings_20260718_225443_subcategory_6437.json,4,success,
draftkings_20260718_225443,2026-07-18T22:54:43.716193+00:00,draftkings_public,DraftKings,34387317,5735,Round and Method,round_method,https://sportsbook-nash.draftkings.com/sites/US-KS-SB/api/sportscontent/controldata/league/eventSubcategory/v1/markets?isBatchable=false&templateVars=5735&marketsQuery=%24filter%3DeventId+eq+%2734387317%27+AND+clientMetadata%2FsubCategoryId+eq+%275735%27+AND+tags%2Fall%28t%3A+t+ne+%27SportcastBetBuilder%27%29&eventsQuery=%24filter%3Did+in+%28%2734387317%27%29&include=Events&entity=markets,data/market/raw/draftkings/2026-07-18/event_34387317/snapshot_draftkings_20260718_225443_subcategory_5735.json,13,success,
draftkings_20260718_225443,2026-07-18T22:54:43.716193+00:00,draftkings_public,DraftKings,34387317,15122,Finish Only,finish_only_moneyline,https://sportsbook-nash.draftkings.com/sites/US-KS-SB/api/sportscontent/controldata/league/eventSubcategory/v1/markets?isBatchable=false&templateVars=15122&marketsQuery=%24filter%3DeventId+eq+%2734387317%27+AND+clientMetadata%2FsubCategoryId+eq+%2715122%27+AND+tags%2Fall%28t%3A+t+ne+%27SportcastBetBuilder%27%29&eventsQuery=%24filter%3Did+in+%28%2734387317%27%29&include=Events&entity=markets,data/market/raw/draftkings/2026-07-18/event_34387317/snapshot_draftkings_20260718_225443_subcategory_15122.json,2,success,
draftkings_20260718_225443,2026-07-18T22:54:43.716193+00:00,draftkings_public,DraftKings,34387317,15123,Decision Only,decision_only_moneyline,https://sportsbook-nash.draftkings.com/sites/US-KS-SB/api/sportscontent/controldata/league/eventSubcategory/v1/markets?isBatchable=false&templateVars=15123&marketsQuery=%24filter%3DeventId+eq+%2734387317%27+AND+clientMetadata%2FsubCategoryId+eq+%2715123%27+AND+tags%2Fall%28t%3A+t+ne+%27SportcastBetBuilder%27%29&eventsQuery=%24filter%3Did+in+%28%2734387317%27%29&include=Events&entity=markets,data/market/raw/draftkings/2026-07-18/event_34387317/snapshot_draftkings_20260718_225443_subcategory_15123.json,2,success,
draftkings_20260718_225443,2026-07-18T22:54:43.716193+00:00,draftkings_public,DraftKings,34387317,15124,Round 1 Only,round_1_only_moneyline,https://sportsbook-nash.draftkings.com/sites/US-KS-SB/api/sportscontent/controldata/league/eventSubcategory/v1/markets?isBatchable=false&templateVars=15124&marketsQuery=%24filter%3DeventId+eq+%2734387317%27+AND+clientMetadata%2FsubCategoryId+eq+%2715124%27+AND+tags%2Fall%28t%3A+t+ne+%27SportcastBetBuilder%27%29&eventsQuery=%24filter%3Did+in+%28%2734387317%27%29&include=Events&entity=markets,data/market/raw/draftkings/2026-07-18/event_34387317/snapshot_draftkings_20260718_225443_subcategory_15124.json,2,success,
draftkings_20260718_225443,2026-07-18T22:54:43.716193+00:00,draftkings_public,DraftKings,34387317,15125,Submission Only,submission_only_moneyline,https://sportsbook-nash.draftkings.com/sites/US-KS-SB/api/sportscontent/controldata/league/eventSubcategory/v1/markets?isBatchable=false&templateVars=15125&marketsQuery=%24filter%3DeventId+eq+%2734387317%27+AND+clientMetadata%2FsubCategoryId+eq+%2715125%27+AND+tags%2Fall%28t%3A+t+ne+%27SportcastBetBuilder%27%29&eventsQuery=%24filter%3Did+in+%28%2734387317%27%29&include=Events&entity=markets,data/market/raw/draftkings/2026-07-18/event_34387317/snapshot_draftkings_20260718_225443_subcategory_15125.json,2,success,
draftkings_20260718_225443,2026-07-18T22:54:43.716193+00:00,draftkings_public,DraftKings,34387317,15126,KO TKO DQ Only,ko_tko_only_moneyline,https://sportsbook-nash.draftkings.com/sites/US-KS-SB/api/sportscontent/controldata/league/eventSubcategory/v1/markets?isBatchable=false&templateVars=15126&marketsQuery=%24filter%3DeventId+eq+%2734387317%27+AND+clientMetadata%2FsubCategoryId+eq+%2715126%27+AND+tags%2Fall%28t%3A+t+ne+%27SportcastBetBuilder%27%29&eventsQuery=%24filter%3Did+in+%28%2734387317%27%29&include=Events&entity=markets,data/market/raw/draftkings/2026-07-18/event_34387317/snapshot_draftkings_20260718_225443_subcategory_15126.json,2,success,
draftkings_20260718_225443,2026-07-18T22:54:43.716193+00:00,draftkings_public,DraftKings,34387317,19390,Fighter Significant Strikes Total,fighter_sig_strikes_total,https://sportsbook-nash.draftkings.com/sites/US-KS-SB/api/sportscontent/controldata/league/eventSubcategory/v1/markets?isBatchable=false&templateVars=19390&marketsQuery=%24filter%3DeventId+eq+%2734387317%27+AND+clientMetadata%2FsubCategoryId+eq+%2719390%27+AND+tags%2Fall%28t%3A+t+ne+%27SportcastBetBuilder%27%29&eventsQuery=%24filter%3Did+in+%28%2734387317%27%29&include=Events&entity=markets,data/market/raw/draftkings/2026-07-18/event_34387317/snapshot_draftkings_20260718_225443_subcategory_19390.json,0,success,
draftkings_20260718_235753,2026-07-18T23:57:53.429449+00:00,draftkings_public,DraftKings,34373135,13025,Main Lines,main_lines,https://sportsbook-nash.draftkings.com/sites/US-KS-SB/api/sportscontent/controldata/league/eventSubcategory/v1/markets?isBatchable=false&templateVars=13025&marketsQuery=%24filter%3DeventId+eq+%2734373135%27+AND+clientMetadata%2FsubCategoryId+eq+%2713025%27+AND+tags%2Fall%28t%3A+t+ne+%27SportcastBetBuilder%27%29&eventsQuery=%24filter%3Did+in+%28%2734373135%27%29&include=Events&entity=markets,data/market/raw/draftkings/2026-07-18/event_34373135/snapshot_draftkings_20260718_235753_subcategory_13025.json,2,success,
draftkings_20260718_235753,2026-07-18T23:57:53.429449+00:00,draftkings_public,DraftKings,34373135,13179,Alternate Total Rounds,alternate_total_rounds,https://sportsbook-nash.draftkings.com/sites/US-KS-SB/api/sportscontent/controldata/league/eventSubcategory/v1/markets?isBatchable=false&templateVars=13179&marketsQuery=%24filter%3DeventId+eq+%2734373135%27+AND+clientMetadata%2FsubCategoryId+eq+%2713179%27+AND+tags%2Fall%28t%3A+t+ne+%27SportcastBetBuilder%27%29&eventsQuery=%24filter%3Did+in+%28%2734373135%27%29&include=Events&entity=markets,data/market/raw/draftkings/2026-07-18/event_34373135/snapshot_draftkings_20260718_235753_subcategory_13179.json,0,success,
draftkings_20260718_235753,2026-07-18T23:57:53.429449+00:00,draftkings_public,DraftKings,34373135,16272,Alternate Point Spread,alternate_point_spread,https://sportsbook-nash.draftkings.com/sites/US-KS-SB/api/sportscontent/controldata/league/eventSubcategory/v1/markets?isBatchable=false&templateVars=16272&marketsQuery=%24filter%3DeventId+eq+%2734373135%27+AND+clientMetadata%2FsubCategoryId+eq+%2716272%27+AND+tags%2Fall%28t%3A+t+ne+%27SportcastBetBuilder%27%29&eventsQuery=%24filter%3Did+in+%28%2734373135%27%29&include=Events&entity=markets,data/market/raw/draftkings/2026-07-18/event_34373135/snapshot_draftkings_20260718_235753_subcategory_16272.json,0,success,
draftkings_20260718_235753,2026-07-18T23:57:53.429449+00:00,draftkings_public,DraftKings,34373135,17644,Fight to Go the Distance,goes_distance,https://sportsbook-nash.draftkings.com/sites/US-KS-SB/api/sportscontent/controldata/league/eventSubcategory/v1/markets?isBatchable=false&templateVars=17644&marketsQuery=%24filter%3DeventId+eq+%2734373135%27+AND+clientMetadata%2FsubCategoryId+eq+%2717644%27+AND+tags%2Fall%28t%3A+t+ne+%27SportcastBetBuilder%27%29&eventsQuery=%24filter%3Did+in+%28%2734373135%27%29&include=Events&entity=markets,data/market/raw/draftkings/2026-07-18/event_34373135/snapshot_draftkings_20260718_235753_subcategory_17644.json,0,success,
draftkings_20260718_235753,2026-07-18T23:57:53.429449+00:00,draftkings_public,DraftKings,34373135,18911,Fighter Method Props,fighter_method_props,https://sportsbook-nash.draftkings.com/sites/US-KS-SB/api/sportscontent/controldata/league/eventSubcategory/v1/markets?isBatchable=false&templateVars=18911&marketsQuery=%24filter%3DeventId+eq+%2734373135%27+AND+clientMetadata%2FsubCategoryId+eq+%2718911%27+AND+tags%2Fall%28t%3A+t+ne+%27SportcastBetBuilder%27%29&eventsQuery=%24filter%3Did+in+%28%2734373135%27%29&include=Events&entity=markets,data/market/raw/draftkings/2026-07-18/event_34373135/snapshot_draftkings_20260718_235753_subcategory_18911.json,0,success,
draftkings_20260718_235753,2026-07-18T23:57:53.429449+00:00,draftkings_public,DraftKings,34373135,6437,Exact Method of Victory,exact_method,https://sportsbook-nash.draftkings.com/sites/US-KS-SB/api/sportscontent/controldata/league/eventSubcategory/v1/markets?isBatchable=false&templateVars=6437&marketsQuery=%24filter%3DeventId+eq+%2734373135%27+AND+clientMetadata%2FsubCategoryId+eq+%276437%27+AND+tags%2Fall%28t%3A+t+ne+%27SportcastBetBuilder%27%29&eventsQuery=%24filter%3Did+in+%28%2734373135%27%29&include=Events&entity=markets,data/market/raw/draftkings/2026-07-18/event_34373135/snapshot_draftkings_20260718_235753_subcategory_6437.json,0,success,
draftkings_20260718_235753,2026-07-18T23:57:53.429449+00:00,draftkings_public,DraftKings,34373135,5735,Round and Method,round_method,https://sportsbook-nash.draftkings.com/sites/US-KS-SB/api/sportscontent/controldata/league/eventSubcategory/v1/markets?isBatchable=false&templateVars=5735&marketsQuery=%24filter%3DeventId+eq+%2734373135%27+AND+clientMetadata%2FsubCategoryId+eq+%275735%27+AND+tags%2Fall%28t%3A+t+ne+%27SportcastBetBuilder%27%29&eventsQuery=%24filter%3Did+in+%28%2734373135%27%29&include=Events&entity=markets,data/market/raw/draftkings/2026-07-18/event_34373135/snapshot_draftkings_20260718_235753_subcategory_5735.json,0,success,
draftkings_20260718_235753,2026-07-18T23:57:53.429449+00:00,draftkings_public,DraftKings,34373135,15122,Finish Only,finish_only_moneyline,https://sportsbook-nash.draftkings.com/sites/US-KS-SB/api/sportscontent/controldata/league/eventSubcategory/v1/markets?isBatchable=false&templateVars=15122&marketsQuery=%24filter%3DeventId+eq+%2734373135%27+AND+clientMetadata%2FsubCategoryId+eq+%2715122%27+AND+tags%2Fall%28t%3A+t+ne+%27SportcastBetBuilder%27%29&eventsQuery=%24filter%3Did+in+%28%2734373135%27%29&include=Events&entity=markets,data/market/raw/draftkings/2026-07-18/event_34373135/snapshot_draftkings_20260718_235753_subcategory_15122.json,0,success,
draftkings_20260718_235753,2026-07-18T23:57:53.429449+00:00,draftkings_public,DraftKings,34373135,15123,Decision Only,decision_only_moneyline,https://sportsbook-nash.draftkings.com/sites/US-KS-SB/api/sportscontent/controldata/league/eventSubcategory/v1/markets?isBatchable=false&templateVars=15123&marketsQuery=%24filter%3DeventId+eq+%2734373135%27+AND+clientMetadata%2FsubCategoryId+eq+%2715123%27+AND+tags%2Fall%28t%3A+t+ne+%27SportcastBetBuilder%27%29&eventsQuery=%24filter%3Did+in+%28%2734373135%27%29&include=Events&entity=markets,data/market/raw/draftkings/2026-07-18/event_34373135/snapshot_draftkings_20260718_235753_subcategory_15123.json,0,success,
draftkings_20260718_235753,2026-07-18T23:57:53.429449+00:00,draftkings_public,DraftKings,34373135,15124,Round 1 Only,round_1_only_moneyline,https://sportsbook-nash.draftkings.com/sites/US-KS-SB/api/sportscontent/controldata/league/eventSubcategory/v1/markets?isBatchable=false&templateVars=15124&marketsQuery=%24filter%3DeventId+eq+%2734373135%27+AND+clientMetadata%2FsubCategoryId+eq+%2715124%27+AND+tags%2Fall%28t%3A+t+ne+%27SportcastBetBuilder%27%29&eventsQuery=%24filter%3Did+in+%28%2734373135%27%29&include=Events&entity=markets,data/market/raw/draftkings/2026-07-18/event_34373135/snapshot_draftkings_20260718_235753_subcategory_15124.json,0,success,
draftkings_20260718_235753,2026-07-18T23:57:53.429449+00:00,draftkings_public,DraftKings,34373135,15125,Submission Only,submission_only_moneyline,https://sportsbook-nash.draftkings.com/sites/US-KS-SB/api/sportscontent/controldata/league/eventSubcategory/v1/markets?isBatchable=false&templateVars=15125&marketsQuery=%24filter%3DeventId+eq+%2734373135%27+AND+clientMetadata%2FsubCategoryId+eq+%2715125%27+AND+tags%2Fall%28t%3A+t+ne+%27SportcastBetBuilder%27%29&eventsQuery=%24filter%3Did+in+%28%2734373135%27%29&include=Events&entity=markets,data/market/raw/draftkings/2026-07-18/event_34373135/snapshot_draftkings_20260718_235753_subcategory_15125.json,0,success,
draftkings_20260718_235753,2026-07-18T23:57:53.429449+00:00,draftkings_public,DraftKings,34373135,15126,KO TKO DQ Only,ko_tko_only_moneyline,https://sportsbook-nash.draftkings.com/sites/US-KS-SB/api/sportscontent/controldata/league/eventSubcategory/v1/markets?isBatchable=false&templateVars=15126&marketsQuery=%24filter%3DeventId+eq+%2734373135%27+AND+clientMetadata%2FsubCategoryId+eq+%2715126%27+AND+tags%2Fall%28t%3A+t+ne+%27SportcastBetBuilder%27%29&eventsQuery=%24filter%3Did+in+%28%2734373135%27%29&include=Events&entity=markets,data/market/raw/draftkings/2026-07-18/event_34373135/snapshot_draftkings_20260718_235753_subcategory_15126.json,0,success,
draftkings_20260718_235753,2026-07-18T23:57:53.429449+00:00,draftkings_public,DraftKings,34373135,19390,Fighter Significant Strikes Total,fighter_sig_strikes_total,https://sportsbook-nash.draftkings.com/sites/US-KS-SB/api/sportscontent/controldata/league/eventSubcategory/v1/markets?isBatchable=false&templateVars=19390&marketsQuery=%24filter%3DeventId+eq+%2734373135%27+AND+clientMetadata%2FsubCategoryId+eq+%2719390%27+AND+tags%2Fall%28t%3A+t+ne+%27SportcastBetBuilder%27%29&eventsQuery=%24filter%3Did+in+%28%2734373135%27%29&include=Events&entity=markets,data/market/raw/draftkings/2026-07-18/event_34373135/snapshot_draftkings_20260718_235753_subcategory_19390.json,0,success,
draftkings_20260718_235753,2026-07-18T23:57:53.429449+00:00,draftkings_public,DraftKings,34349519,13025,Main Lines,main_lines,https://sportsbook-nash.draftkings.com/sites/US-KS-SB/api/sportscontent/controldata/league/eventSubcategory/v1/markets?isBatchable=false&templateVars=13025&marketsQuery=%24filter%3DeventId+eq+%2734349519%27+AND+clientMetadata%2FsubCategoryId+eq+%2713025%27+AND+tags%2Fall%28t%3A+t+ne+%27SportcastBetBuilder%27%29&eventsQuery=%24filter%3Did+in+%28%2734349519%27%29&include=Events&entity=markets,data/market/raw/draftkings/2026-07-18/event_34349519/snapshot_draftkings_20260718_235753_subcategory_13025.json,6,success,
draftkings_20260718_235753,2026-07-18T23:57:53.429449+00:00,draftkings_public,DraftKings,34349519,13179,Alternate Total Rounds,alternate_total_rounds,https://sportsbook-nash.draftkings.com/sites/US-KS-SB/api/sportscontent/controldata/league/eventSubcategory/v1/markets?isBatchable=false&templateVars=13179&marketsQuery=%24filter%3DeventId+eq+%2734349519%27+AND+clientMetadata%2FsubCategoryId+eq+%2713179%27+AND+tags%2Fall%28t%3A+t+ne+%27SportcastBetBuilder%27%29&eventsQuery=%24filter%3Did+in+%28%2734349519%27%29&include=Events&entity=markets,data/market/raw/draftkings/2026-07-18/event_34349519/snapshot_draftkings_20260718_235753_subcategory_13179.json,4,success,
draftkings_20260718_235753,2026-07-18T23:57:53.429449+00:00,draftkings_public,DraftKings,34349519,16272,Alternate Point Spread,alternate_point_spread,https://sportsbook-nash.draftkings.com/sites/US-KS-SB/api/sportscontent/controldata/league/eventSubcategory/v1/markets?isBatchable=false&templateVars=16272&marketsQuery=%24filter%3DeventId+eq+%2734349519%27+AND+clientMetadata%2FsubCategoryId+eq+%2716272%27+AND+tags%2Fall%28t%3A+t+ne+%27SportcastBetBuilder%27%29&eventsQuery=%24filter%3Did+in+%28%2734349519%27%29&include=Events&entity=markets,data/market/raw/draftkings/2026-07-18/event_34349519/snapshot_draftkings_20260718_235753_subcategory_16272.json,10,success,
draftkings_20260718_235753,2026-07-18T23:57:53.429449+00:00,draftkings_public,DraftKings,34349519,17644,Fight to Go the Distance,goes_distance,https://sportsbook-nash.draftkings.com/sites/US-KS-SB/api/sportscontent/controldata/league/eventSubcategory/v1/markets?isBatchable=false&templateVars=17644&marketsQuery=%24filter%3DeventId+eq+%2734349519%27+AND+clientMetadata%2FsubCategoryId+eq+%2717644%27+AND+tags%2Fall%28t%3A+t+ne+%27SportcastBetBuilder%27%29&eventsQuery=%24filter%3Did+in+%28%2734349519%27%29&include=Events&entity=markets,data/market/raw/draftkings/2026-07-18/event_34349519/snapshot_draftkings_20260718_235753_subcategory_17644.json,2,success,
draftkings_20260718_235753,2026-07-18T23:57:53.429449+00:00,draftkings_public,DraftKings,34349519,18911,Fighter Method Props,fighter_method_props,https://sportsbook-nash.draftkings.com/sites/US-KS-SB/api/sportscontent/controldata/league/eventSubcategory/v1/markets?isBatchable=false&templateVars=18911&marketsQuery=%24filter%3DeventId+eq+%2734349519%27+AND+clientMetadata%2FsubCategoryId+eq+%2718911%27+AND+tags%2Fall%28t%3A+t+ne+%27SportcastBetBuilder%27%29&eventsQuery=%24filter%3Did+in+%28%2734349519%27%29&include=Events&entity=markets,data/market/raw/draftkings/2026-07-18/event_34349519/snapshot_draftkings_20260718_235753_subcategory_18911.json,6,success,
draftkings_20260718_235753,2026-07-18T23:57:53.429449+00:00,draftkings_public,DraftKings,34349519,6437,Exact Method of Victory,exact_method,https://sportsbook-nash.draftkings.com/sites/US-KS-SB/api/sportscontent/controldata/league/eventSubcategory/v1/markets?isBatchable=false&templateVars=6437&marketsQuery=%24filter%3DeventId+eq+%2734349519%27+AND+clientMetadata%2FsubCategoryId+eq+%276437%27+AND+tags%2Fall%28t%3A+t+ne+%27SportcastBetBuilder%27%29&eventsQuery=%24filter%3Did+in+%28%2734349519%27%29&include=Events&entity=markets,data/market/raw/draftkings/2026-07-18/event_34349519/snapshot_draftkings_20260718_235753_subcategory_6437.json,4,success,
draftkings_20260718_235753,2026-07-18T23:57:53.429449+00:00,draftkings_public,DraftKings,34349519,5735,Round and Method,round_method,https://sportsbook-nash.draftkings.com/sites/US-KS-SB/api/sportscontent/controldata/league/eventSubcategory/v1/markets?isBatchable=false&templateVars=5735&marketsQuery=%24filter%3DeventId+eq+%2734349519%27+AND+clientMetadata%2FsubCategoryId+eq+%275735%27+AND+tags%2Fall%28t%3A+t+ne+%27SportcastBetBuilder%27%29&eventsQuery=%24filter%3Did+in+%28%2734349519%27%29&include=Events&entity=markets,data/market/raw/draftkings/2026-07-18/event_34349519/snapshot_draftkings_20260718_235753_subcategory_5735.json,13,success,
draftkings_20260718_235753,2026-07-18T23:57:53.429449+00:00,draftkings_public,DraftKings,34349519,15122,Finish Only,finish_only_moneyline,https://sportsbook-nash.draftkings.com/sites/US-KS-SB/api/sportscontent/controldata/league/eventSubcategory/v1/markets?isBatchable=false&templateVars=15122&marketsQuery=%24filter%3DeventId+eq+%2734349519%27+AND+clientMetadata%2FsubCategoryId+eq+%2715122%27+AND+tags%2Fall%28t%3A+t+ne+%27SportcastBetBuilder%27%29&eventsQuery=%24filter%3Did+in+%28%2734349519%27%29&include=Events&entity=markets,data/market/raw/draftkings/2026-07-18/event_34349519/snapshot_draftkings_20260718_235753_subcategory_15122.json,2,success,
draftkings_20260718_235753,2026-07-18T23:57:53.429449+00:00,draftkings_public,DraftKings,34349519,15123,Decision Only,decision_only_moneyline,https://sportsbook-nash.draftkings.com/sites/US-KS-SB/api/sportscontent/controldata/league/eventSubcategory/v1/markets?isBatchable=false&templateVars=15123&marketsQuery=%24filter%3DeventId+eq+%2734349519%27+AND+clientMetadata%2FsubCategoryId+eq+%2715123%27+AND+tags%2Fall%28t%3A+t+ne+%27SportcastBetBuilder%27%29&eventsQuery=%24filter%3Did+in+%28%2734349519%27%29&include=Events&entity=markets,data/market/raw/draftkings/2026-07-18/event_34349519/snapshot_draftkings_20260718_235753_subcategory_15123.json,2,success,
draftkings_20260718_235753,2026-07-18T23:57:53.429449+00:00,draftkings_public,DraftKings,34349519,15124,Round 1 Only,round_1_only_moneyline,https://sportsbook-nash.draftkings.com/sites/US-KS-SB/api/sportscontent/controldata/league/eventSubcategory/v1/markets?isBatchable=false&templateVars=15124&marketsQuery=%24filter%3DeventId+eq+%2734349519%27+AND+clientMetadata%2FsubCategoryId+eq+%2715124%27+AND+tags%2Fall%28t%3A+t+ne+%27SportcastBetBuilder%27%29&eventsQuery=%24filter%3Did+in+%28%2734349519%27%29&include=Events&entity=markets,data/market/raw/draftkings/2026-07-18/event_34349519/snapshot_draftkings_20260718_235753_subcategory_15124.json,2,success,
draftkings_20260718_235753,2026-07-18T23:57:53.429449+00:00,draftkings_public,DraftKings,34349519,15125,Submission Only,submission_only_moneyline,https://sportsbook-nash.draftkings.com/sites/US-KS-SB/api/sportscontent/controldata/league/eventSubcategory/v1/markets?isBatchable=false&templateVars=15125&marketsQuery=%24filter%3DeventId+eq+%2734349519%27+AND+clientMetadata%2FsubCategoryId+eq+%2715125%27+AND+tags%2Fall%28t%3A+t+ne+%27SportcastBetBuilder%27%29&eventsQuery=%24filter%3Did+in+%28%2734349519%27%29&include=Events&entity=markets,data/market/raw/draftkings/2026-07-18/event_34349519/snapshot_draftkings_20260718_235753_subcategory_15125.json,2,success,
draftkings_20260718_235753,2026-07-18T23:57:53.429449+00:00,draftkings_public,DraftKings,34349519,15126,KO TKO DQ Only,ko_tko_only_moneyline,https://sportsbook-nash.draftkings.com/sites/US-KS-SB/api/sportscontent/controldata/league/eventSubcategory/v1/markets?isBatchable=false&templateVars=15126&marketsQuery=%24filter%3DeventId+eq+%2734349519%27+AND+clientMetadata%2FsubCategoryId+eq+%2715126%27+AND+tags%2Fall%28t%3A+t+ne+%27SportcastBetBuilder%27%29&eventsQuery=%24filter%3Did+in+%28%2734349519%27%29&include=Events&entity=markets,data/market/raw/draftkings/2026-07-18/event_34349519/snapshot_draftkings_20260718_235753_subcategory_15126.json,2,success,
draftkings_20260718_235753,2026-07-18T23:57:53.429449+00:00,draftkings_public,DraftKings,34349519,19390,Fighter Significant Strikes Total,fighter_sig_strikes_total,https://sportsbook-nash.draftkings.com/sites/US-KS-SB/api/sportscontent/controldata/league/eventSubcategory/v1/markets?isBatchable=false&templateVars=19390&marketsQuery=%24filter%3DeventId+eq+%2734349519%27+AND+clientMetadata%2FsubCategoryId+eq+%2719390%27+AND+tags%2Fall%28t%3A+t+ne+%27SportcastBetBuilder%27%29&eventsQuery=%24filter%3Did+in+%28%2734349519%27%29&include=Events&entity=markets,data/market/raw/draftkings/2026-07-18/event_34349519/snapshot_draftkings_20260718_235753_subcategory_19390.json,4,success,
draftkings_20260718_235753,2026-07-18T23:57:53.429449+00:00,draftkings_public,DraftKings,34349520,13025,Main Lines,main_lines,https://sportsbook-nash.draftkings.com/sites/US-KS-SB/api/sportscontent/controldata/league/eventSubcategory/v1/markets?isBatchable=false&templateVars=13025&marketsQuery=%24filter%3DeventId+eq+%2734349520%27+AND+clientMetadata%2FsubCategoryId+eq+%2713025%27+AND+tags%2Fall%28t%3A+t+ne+%27SportcastBetBuilder%27%29&eventsQuery=%24filter%3Did+in+%28%2734349520%27%29&include=Events&entity=markets,data/market/raw/draftkings/2026-07-18/event_34349520/snapshot_draftkings_20260718_235753_subcategory_13025.json,6,success,
draftkings_20260718_235753,2026-07-18T23:57:53.429449+00:00,draftkings_public,DraftKings,34349520,13179,Alternate Total Rounds,alternate_total_rounds,https://sportsbook-nash.draftkings.com/sites/US-KS-SB/api/sportscontent/controldata/league/eventSubcategory/v1/markets?isBatchable=false&templateVars=13179&marketsQuery=%24filter%3DeventId+eq+%2734349520%27+AND+clientMetadata%2FsubCategoryId+eq+%2713179%27+AND+tags%2Fall%28t%3A+t+ne+%27SportcastBetBuilder%27%29&eventsQuery=%24filter%3Did+in+%28%2734349520%27%29&include=Events&entity=markets,data/market/raw/draftkings/2026-07-18/event_34349520/snapshot_draftkings_20260718_235753_subcategory_13179.json,4,success,
draftkings_20260718_235753,2026-07-18T23:57:53.429449+00:00,draftkings_public,DraftKings,34349520,16272,Alternate Point Spread,alternate_point_spread,https://sportsbook-nash.draftkings.com/sites/US-KS-SB/api/sportscontent/controldata/league/eventSubcategory/v1/markets?isBatchable=false&templateVars=16272&marketsQuery=%24filter%3DeventId+eq+%2734349520%27+AND+clientMetadata%2FsubCategoryId+eq+%2716272%27+AND+tags%2Fall%28t%3A+t+ne+%27SportcastBetBuilder%27%29&eventsQuery=%24filter%3Did+in+%28%2734349520%27%29&include=Events&entity=markets,data/market/raw/draftkings/2026-07-18/event_34349520/snapshot_draftkings_20260718_235753_subcategory_16272.json,10,success,
draftkings_20260718_235753,2026-07-18T23:57:53.429449+00:00,draftkings_public,DraftKings,34349520,17644,Fight to Go the Distance,goes_distance,https://sportsbook-nash.draftkings.com/sites/US-KS-SB/api/sportscontent/controldata/league/eventSubcategory/v1/markets?isBatchable=false&templateVars=17644&marketsQuery=%24filter%3DeventId+eq+%2734349520%27+AND+clientMetadata%2FsubCategoryId+eq+%2717644%27+AND+tags%2Fall%28t%3A+t+ne+%27SportcastBetBuilder%27%29&eventsQuery=%24filter%3Did+in+%28%2734349520%27%29&include=Events&entity=markets,data/market/raw/draftkings/2026-07-18/event_34349520/snapshot_draftkings_20260718_235753_subcategory_17644.json,2,success,
draftkings_20260718_235753,2026-07-18T23:57:53.429449+00:00,draftkings_public,DraftKings,34349520,18911,Fighter Method Props,fighter_method_props,https://sportsbook-nash.draftkings.com/sites/US-KS-SB/api/sportscontent/controldata/league/eventSubcategory/v1/markets?isBatchable=false&templateVars=18911&marketsQuery=%24filter%3DeventId+eq+%2734349520%27+AND+clientMetadata%2FsubCategoryId+eq+%2718911%27+AND+tags%2Fall%28t%3A+t+ne+%27SportcastBetBuilder%27%29&eventsQuery=%24filter%3Did+in+%28%2734349520%27%29&include=Events&entity=markets,data/market/raw/draftkings/2026-07-18/event_34349520/snapshot_draftkings_20260718_235753_subcategory_18911.json,6,success,
draftkings_20260718_235753,2026-07-18T23:57:53.429449+00:00,draftkings_public,DraftKings,34349520,6437,Exact Method of Victory,exact_method,https://sportsbook-nash.draftkings.com/sites/US-KS-SB/api/sportscontent/controldata/league/eventSubcategory/v1/markets?isBatchable=false&templateVars=6437&marketsQuery=%24filter%3DeventId+eq+%2734349520%27+AND+clientMetadata%2FsubCategoryId+eq+%276437%27+AND+tags%2Fall%28t%3A+t+ne+%27SportcastBetBuilder%27%29&eventsQuery=%24filter%3Did+in+%28%2734349520%27%29&include=Events&entity=markets,data/market/raw/draftkings/2026-07-18/event_34349520/snapshot_draftkings_20260718_235753_subcategory_6437.json,4,success,
draftkings_20260718_235753,2026-07-18T23:57:53.429449+00:00,draftkings_public,DraftKings,34349520,5735,Round and Method,round_method,https://sportsbook-nash.draftkings.com/sites/US-KS-SB/api/sportscontent/controldata/league/eventSubcategory/v1/markets?isBatchable=false&templateVars=5735&marketsQuery=%24filter%3DeventId+eq+%2734349520%27+AND+clientMetadata%2FsubCategoryId+eq+%275735%27+AND+tags%2Fall%28t%3A+t+ne+%27SportcastBetBuilder%27%29&eventsQuery=%24filter%3Did+in+%28%2734349520%27%29&include=Events&entity=markets,data/market/raw/draftkings/2026-07-18/event_34349520/snapshot_draftkings_20260718_235753_subcategory_5735.json,13,success,
draftkings_20260718_235753,2026-07-18T23:57:53.429449+00:00,draftkings_public,DraftKings,34349520,15122,Finish Only,finish_only_moneyline,https://sportsbook-nash.draftkings.com/sites/US-KS-SB/api/sportscontent/controldata/league/eventSubcategory/v1/markets?isBatchable=false&templateVars=15122&marketsQuery=%24filter%3DeventId+eq+%2734349520%27+AND+clientMetadata%2FsubCategoryId+eq+%2715122%27+AND+tags%2Fall%28t%3A+t+ne+%27SportcastBetBuilder%27%29&eventsQuery=%24filter%3Did+in+%28%2734349520%27%29&include=Events&entity=markets,data/market/raw/draftkings/2026-07-18/event_34349520/snapshot_draftkings_20260718_235753_subcategory_15122.json,2,success,
draftkings_20260718_235753,2026-07-18T23:57:53.429449+00:00,draftkings_public,DraftKings,34349520,15123,Decision Only,decision_only_moneyline,https://sportsbook-nash.draftkings.com/sites/US-KS-SB/api/sportscontent/controldata/league/eventSubcategory/v1/markets?isBatchable=false&templateVars=15123&marketsQuery=%24filter%3DeventId+eq+%2734349520%27+AND+clientMetadata%2FsubCategoryId+eq+%2715123%27+AND+tags%2Fall%28t%3A+t+ne+%27SportcastBetBuilder%27%29&eventsQuery=%24filter%3Did+in+%28%2734349520%27%29&include=Events&entity=markets,data/market/raw/draftkings/2026-07-18/event_34349520/snapshot_draftkings_20260718_235753_subcategory_15123.json,2,success,
draftkings_20260718_235753,2026-07-18T23:57:53.429449+00:00,draftkings_public,DraftKings,34349520,15124,Round 1 Only,round_1_only_moneyline,https://sportsbook-nash.draftkings.com/sites/US-KS-SB/api/sportscontent/controldata/league/eventSubcategory/v1/markets?isBatchable=false&templateVars=15124&marketsQuery=%24filter%3DeventId+eq+%2734349520%27+AND+clientMetadata%2FsubCategoryId+eq+%2715124%27+AND+tags%2Fall%28t%3A+t+ne+%27SportcastBetBuilder%27%29&eventsQuery=%24filter%3Did+in+%28%2734349520%27%29&include=Events&entity=markets,data/market/raw/draftkings/2026-07-18/event_34349520/snapshot_draftkings_20260718_235753_subcategory_15124.json,2,success,
draftkings_20260718_235753,2026-07-18T23:57:53.429449+00:00,draftkings_public,DraftKings,34349520,15125,Submission Only,submission_only_moneyline,https://sportsbook-nash.draftkings.com/sites/US-KS-SB/api/sportscontent/controldata/league/eventSubcategory/v1/markets?isBatchable=false&templateVars=15125&marketsQuery=%24filter%3DeventId+eq+%2734349520%27+AND+clientMetadata%2FsubCategoryId+eq+%2715125%27+AND+tags%2Fall%28t%3A+t+ne+%27SportcastBetBuilder%27%29&eventsQuery=%24filter%3Did+in+%28%2734349520%27%29&include=Events&entity=markets,data/market/raw/draftkings/2026-07-18/event_34349520/snapshot_draftkings_20260718_235753_subcategory_15125.json,2,success,
draftkings_20260718_235753,2026-07-18T23:57:53.429449+00:00,draftkings_public,DraftKings,34349520,15126,KO TKO DQ Only,ko_tko_only_moneyline,https://sportsbook-nash.draftkings.com/sites/US-KS-SB/api/sportscontent/controldata/league/eventSubcategory/v1/markets?isBatchable=false&templateVars=15126&marketsQuery=%24filter%3DeventId+eq+%2734349520%27+AND+clientMetadata%2FsubCategoryId+eq+%2715126%27+AND+tags%2Fall%28t%3A+t+ne+%27SportcastBetBuilder%27%29&eventsQuery=%24filter%3Did+in+%28%2734349520%27%29&include=Events&entity=markets,data/market/raw/draftkings/2026-07-18/event_34349520/snapshot_draftkings_20260718_235753_subcategory_15126.json,2,success,
draftkings_20260718_235753,2026-07-18T23:57:53.429449+00:00,draftkings_public,DraftKings,34349520,19390,Fighter Significant Strikes Total,fighter_sig_strikes_total,https://sportsbook-nash.draftkings.com/sites/US-KS-SB/api/sportscontent/controldata/league/eventSubcategory/v1/markets?isBatchable=false&templateVars=19390&marketsQuery=%24filter%3DeventId+eq+%2734349520%27+AND+clientMetadata%2FsubCategoryId+eq+%2719390%27+AND+tags%2Fall%28t%3A+t+ne+%27SportcastBetBuilder%27%29&eventsQuery=%24filter%3Did+in+%28%2734349520%27%29&include=Events&entity=markets,data/market/raw/draftkings/2026-07-18/event_34349520/snapshot_draftkings_20260718_235753_subcategory_19390.json,4,success,
draftkings_20260718_235753,2026-07-18T23:57:53.429449+00:00,draftkings_public,DraftKings,34349523,13025,Main Lines,main_lines,https://sportsbook-nash.draftkings.com/sites/US-KS-SB/api/sportscontent/controldata/league/eventSubcategory/v1/markets?isBatchable=false&templateVars=13025&marketsQuery=%24filter%3DeventId+eq+%2734349523%27+AND+clientMetadata%2FsubCategoryId+eq+%2713025%27+AND+tags%2Fall%28t%3A+t+ne+%27SportcastBetBuilder%27%29&eventsQuery=%24filter%3Did+in+%28%2734349523%27%29&include=Events&entity=markets,data/market/raw/draftkings/2026-07-18/event_34349523/snapshot_draftkings_20260718_235753_subcategory_13025.json,6,success,
draftkings_20260718_235753,2026-07-18T23:57:53.429449+00:00,draftkings_public,DraftKings,34349523,13179,Alternate Total Rounds,alternate_total_rounds,https://sportsbook-nash.draftkings.com/sites/US-KS-SB/api/sportscontent/controldata/league/eventSubcategory/v1/markets?isBatchable=false&templateVars=13179&marketsQuery=%24filter%3DeventId+eq+%2734349523%27+AND+clientMetadata%2FsubCategoryId+eq+%2713179%27+AND+tags%2Fall%28t%3A+t+ne+%27SportcastBetBuilder%27%29&eventsQuery=%24filter%3Did+in+%28%2734349523%27%29&include=Events&entity=markets,data/market/raw/draftkings/2026-07-18/event_34349523/snapshot_draftkings_20260718_235753_subcategory_13179.json,4,success,
draftkings_20260718_235753,2026-07-18T23:57:53.429449+00:00,draftkings_public,DraftKings,34349523,16272,Alternate Point Spread,alternate_point_spread,https://sportsbook-nash.draftkings.com/sites/US-KS-SB/api/sportscontent/controldata/league/eventSubcategory/v1/markets?isBatchable=false&templateVars=16272&marketsQuery=%24filter%3DeventId+eq+%2734349523%27+AND+clientMetadata%2FsubCategoryId+eq+%2716272%27+AND+tags%2Fall%28t%3A+t+ne+%27SportcastBetBuilder%27%29&eventsQuery=%24filter%3Did+in+%28%2734349523%27%29&include=Events&entity=markets,data/market/raw/draftkings/2026-07-18/event_34349523/snapshot_draftkings_20260718_235753_subcategory_16272.json,10,success,
draftkings_20260718_235753,2026-07-18T23:57:53.429449+00:00,draftkings_public,DraftKings,34349523,17644,Fight to Go the Distance,goes_distance,https://sportsbook-nash.draftkings.com/sites/US-KS-SB/api/sportscontent/controldata/league/eventSubcategory/v1/markets?isBatchable=false&templateVars=17644&marketsQuery=%24filter%3DeventId+eq+%2734349523%27+AND+clientMetadata%2FsubCategoryId+eq+%2717644%27+AND+tags%2Fall%28t%3A+t+ne+%27SportcastBetBuilder%27%29&eventsQuery=%24filter%3Did+in+%28%2734349523%27%29&include=Events&entity=markets,data/market/raw/draftkings/2026-07-18/event_34349523/snapshot_draftkings_20260718_235753_subcategory_17644.json,2,success,
draftkings_20260718_235753,2026-07-18T23:57:53.429449+00:00,draftkings_public,DraftKings,34349523,18911,Fighter Method Props,fighter_method_props,https://sportsbook-nash.draftkings.com/sites/US-KS-SB/api/sportscontent/controldata/league/eventSubcategory/v1/markets?isBatchable=false&templateVars=18911&marketsQuery=%24filter%3DeventId+eq+%2734349523%27+AND+clientMetadata%2FsubCategoryId+eq+%2718911%27+AND+tags%2Fall%28t%3A+t+ne+%27SportcastBetBuilder%27%29&eventsQuery=%24filter%3Did+in+%28%2734349523%27%29&include=Events&entity=markets,data/market/raw/draftkings/2026-07-18/event_34349523/snapshot_draftkings_20260718_235753_subcategory_18911.json,6,success,
draftkings_20260718_235753,2026-07-18T23:57:53.429449+00:00,draftkings_public,DraftKings,34349523,6437,Exact Method of Victory,exact_method,https://sportsbook-nash.draftkings.com/sites/US-KS-SB/api/sportscontent/controldata/league/eventSubcategory/v1/markets?isBatchable=false&templateVars=6437&marketsQuery=%24filter%3DeventId+eq+%2734349523%27+AND+clientMetadata%2FsubCategoryId+eq+%276437%27+AND+tags%2Fall%28t%3A+t+ne+%27SportcastBetBuilder%27%29&eventsQuery=%24filter%3Did+in+%28%2734349523%27%29&include=Events&entity=markets,data/market/raw/draftkings/2026-07-18/event_34349523/snapshot_draftkings_20260718_235753_subcategory_6437.json,4,success,
draftkings_20260718_235753,2026-07-18T23:57:53.429449+00:00,draftkings_public,DraftKings,34349523,5735,Round and Method,round_method,https://sportsbook-nash.draftkings.com/sites/US-KS-SB/api/sportscontent/controldata/league/eventSubcategory/v1/markets?isBatchable=false&templateVars=5735&marketsQuery=%24filter%3DeventId+eq+%2734349523%27+AND+clientMetadata%2FsubCategoryId+eq+%275735%27+AND+tags%2Fall%28t%3A+t+ne+%27SportcastBetBuilder%27%29&eventsQuery=%24filter%3Did+in+%28%2734349523%27%29&include=Events&entity=markets,data/market/raw/draftkings/2026-07-18/event_34349523/snapshot_draftkings_20260718_235753_subcategory_5735.json,13,success,
draftkings_20260718_235753,2026-07-18T23:57:53.429449+00:00,draftkings_public,DraftKings,34349523,15122,Finish Only,finish_only_moneyline,https://sportsbook-nash.draftkings.com/sites/US-KS-SB/api/sportscontent/controldata/league/eventSubcategory/v1/markets?isBatchable=false&templateVars=15122&marketsQuery=%24filter%3DeventId+eq+%2734349523%27+AND+clientMetadata%2FsubCategoryId+eq+%2715122%27+AND+tags%2Fall%28t%3A+t+ne+%27SportcastBetBuilder%27%29&eventsQuery=%24filter%3Did+in+%28%2734349523%27%29&include=Events&entity=markets,data/market/raw/draftkings/2026-07-18/event_34349523/snapshot_draftkings_20260718_235753_subcategory_15122.json,2,success,
draftkings_20260718_235753,2026-07-18T23:57:53.429449+00:00,draftkings_public,DraftKings,34349523,15123,Decision Only,decision_only_moneyline,https://sportsbook-nash.draftkings.com/sites/US-KS-SB/api/sportscontent/controldata/league/eventSubcategory/v1/markets?isBatchable=false&templateVars=15123&marketsQuery=%24filter%3DeventId+eq+%2734349523%27+AND+clientMetadata%2FsubCategoryId+eq+%2715123%27+AND+tags%2Fall%28t%3A+t+ne+%27SportcastBetBuilder%27%29&eventsQuery=%24filter%3Did+in+%28%2734349523%27%29&include=Events&entity=markets,data/market/raw/draftkings/2026-07-18/event_34349523/snapshot_draftkings_20260718_235753_subcategory_15123.json,2,success,
draftkings_20260718_235753,2026-07-18T23:57:53.429449+00:00,draftkings_public,DraftKings,34349523,15124,Round 1 Only,round_1_only_moneyline,https://sportsbook-nash.draftkings.com/sites/US-KS-SB/api/sportscontent/controldata/league/eventSubcategory/v1/markets?isBatchable=false&templateVars=15124&marketsQuery=%24filter%3DeventId+eq+%2734349523%27+AND+clientMetadata%2FsubCategoryId+eq+%2715124%27+AND+tags%2Fall%28t%3A+t+ne+%27SportcastBetBuilder%27%29&eventsQuery=%24filter%3Did+in+%28%2734349523%27%29&include=Events&entity=markets,data/market/raw/draftkings/2026-07-18/event_34349523/snapshot_draftkings_20260718_235753_subcategory_15124.json,2,success,
draftkings_20260718_235753,2026-07-18T23:57:53.429449+00:00,draftkings_public,DraftKings,34349523,15125,Submission Only,submission_only_moneyline,https://sportsbook-nash.draftkings.com/sites/US-KS-SB/api/sportscontent/controldata/league/eventSubcategory/v1/markets?isBatchable=false&templateVars=15125&marketsQuery=%24filter%3DeventId+eq+%2734349523%27+AND+clientMetadata%2FsubCategoryId+eq+%2715125%27+AND+tags%2Fall%28t%3A+t+ne+%27SportcastBetBuilder%27%29&eventsQuery=%24filter%3Did+in+%28%2734349523%27%29&include=Events&entity=markets,data/market/raw/draftkings/2026-07-18/event_34349523/snapshot_draftkings_20260718_235753_subcategory_15125.json,2,success,
draftkings_20260718_235753,2026-07-18T23:57:53.429449+00:00,draftkings_public,DraftKings,34349523,15126,KO TKO DQ Only,ko_tko_only_moneyline,https://sportsbook-nash.draftkings.com/sites/US-KS-SB/api/sportscontent/controldata/league/eventSubcategory/v1/markets?isBatchable=false&templateVars=15126&marketsQuery=%24filter%3DeventId+eq+%2734349523%27+AND+clientMetadata%2FsubCategoryId+eq+%2715126%27+AND+tags%2Fall%28t%3A+t+ne+%27SportcastBetBuilder%27%29&eventsQuery=%24filter%3Did+in+%28%2734349523%27%29&include=Events&entity=markets,data/market/raw/draftkings/2026-07-18/event_34349523/snapshot_draftkings_20260718_235753_subcategory_15126.json,2,success,
draftkings_20260718_235753,2026-07-18T23:57:53.429449+00:00,draftkings_public,DraftKings,34349523,19390,Fighter Significant Strikes Total,fighter_sig_strikes_total,https://sportsbook-nash.draftkings.com/sites/US-KS-SB/api/sportscontent/controldata/league/eventSubcategory/v1/markets?isBatchable=false&templateVars=19390&marketsQuery=%24filter%3DeventId+eq+%2734349523%27+AND+clientMetadata%2FsubCategoryId+eq+%2719390%27+AND+tags%2Fall%28t%3A+t+ne+%27SportcastBetBuilder%27%29&eventsQuery=%24filter%3Did+in+%28%2734349523%27%29&include=Events&entity=markets,data/market/raw/draftkings/2026-07-18/event_34349523/snapshot_draftkings_20260718_235753_subcategory_19390.json,4,success,
draftkings_20260718_235753,2026-07-18T23:57:53.429449+00:00,draftkings_public,DraftKings,34349518,13025,Main Lines,main_lines,https://sportsbook-nash.draftkings.com/sites/US-KS-SB/api/sportscontent/controldata/league/eventSubcategory/v1/markets?isBatchable=false&templateVars=13025&marketsQuery=%24filter%3DeventId+eq+%2734349518%27+AND+clientMetadata%2FsubCategoryId+eq+%2713025%27+AND+tags%2Fall%28t%3A+t+ne+%27SportcastBetBuilder%27%29&eventsQuery=%24filter%3Did+in+%28%2734349518%27%29&include=Events&entity=markets,data/market/raw/draftkings/2026-07-18/event_34349518/snapshot_draftkings_20260718_235753_subcategory_13025.json,6,success,
draftkings_20260718_235753,2026-07-18T23:57:53.429449+00:00,draftkings_public,DraftKings,34349518,13179,Alternate Total Rounds,alternate_total_rounds,https://sportsbook-nash.draftkings.com/sites/US-KS-SB/api/sportscontent/controldata/league/eventSubcategory/v1/markets?isBatchable=false&templateVars=13179&marketsQuery=%24filter%3DeventId+eq+%2734349518%27+AND+clientMetadata%2FsubCategoryId+eq+%2713179%27+AND+tags%2Fall%28t%3A+t+ne+%27SportcastBetBuilder%27%29&eventsQuery=%24filter%3Did+in+%28%2734349518%27%29&include=Events&entity=markets,data/market/raw/draftkings/2026-07-18/event_34349518/snapshot_draftkings_20260718_235753_subcategory_13179.json,4,success,
draftkings_20260718_235753,2026-07-18T23:57:53.429449+00:00,draftkings_public,DraftKings,34349518,16272,Alternate Point Spread,alternate_point_spread,https://sportsbook-nash.draftkings.com/sites/US-KS-SB/api/sportscontent/controldata/league/eventSubcategory/v1/markets?isBatchable=false&templateVars=16272&marketsQuery=%24filter%3DeventId+eq+%2734349518%27+AND+clientMetadata%2FsubCategoryId+eq+%2716272%27+AND+tags%2Fall%28t%3A+t+ne+%27SportcastBetBuilder%27%29&eventsQuery=%24filter%3Did+in+%28%2734349518%27%29&include=Events&entity=markets,data/market/raw/draftkings/2026-07-18/event_34349518/snapshot_draftkings_20260718_235753_subcategory_16272.json,10,success,
draftkings_20260718_235753,2026-07-18T23:57:53.429449+00:00,draftkings_public,DraftKings,34349518,17644,Fight to Go the Distance,goes_distance,https://sportsbook-nash.draftkings.com/sites/US-KS-SB/api/sportscontent/controldata/league/eventSubcategory/v1/markets?isBatchable=false&templateVars=17644&marketsQuery=%24filter%3DeventId+eq+%2734349518%27+AND+clientMetadata%2FsubCategoryId+eq+%2717644%27+AND+tags%2Fall%28t%3A+t+ne+%27SportcastBetBuilder%27%29&eventsQuery=%24filter%3Did+in+%28%2734349518%27%29&include=Events&entity=markets,data/market/raw/draftkings/2026-07-18/event_34349518/snapshot_draftkings_20260718_235753_subcategory_17644.json,2,success,
draftkings_20260718_235753,2026-07-18T23:57:53.429449+00:00,draftkings_public,DraftKings,34349518,18911,Fighter Method Props,fighter_method_props,https://sportsbook-nash.draftkings.com/sites/US-KS-SB/api/sportscontent/controldata/league/eventSubcategory/v1/markets?isBatchable=false&templateVars=18911&marketsQuery=%24filter%3DeventId+eq+%2734349518%27+AND+clientMetadata%2FsubCategoryId+eq+%2718911%27+AND+tags%2Fall%28t%3A+t+ne+%27SportcastBetBuilder%27%29&eventsQuery=%24filter%3Did+in+%28%2734349518%27%29&include=Events&entity=markets,data/market/raw/draftkings/2026-07-18/event_34349518/snapshot_draftkings_20260718_235753_subcategory_18911.json,6,success,
draftkings_20260718_235753,2026-07-18T23:57:53.429449+00:00,draftkings_public,DraftKings,34349518,6437,Exact Method of Victory,exact_method,https://sportsbook-nash.draftkings.com/sites/US-KS-SB/api/sportscontent/controldata/league/eventSubcategory/v1/markets?isBatchable=false&templateVars=6437&marketsQuery=%24filter%3DeventId+eq+%2734349518%27+AND+clientMetadata%2FsubCategoryId+eq+%276437%27+AND+tags%2Fall%28t%3A+t+ne+%27SportcastBetBuilder%27%29&eventsQuery=%24filter%3Did+in+%28%2734349518%27%29&include=Events&entity=markets,data/market/raw/draftkings/2026-07-18/event_34349518/snapshot_draftkings_20260718_235753_subcategory_6437.json,4,success,
draftkings_20260718_235753,2026-07-18T23:57:53.429449+00:00,draftkings_public,DraftKings,34349518,5735,Round and Method,round_method,https://sportsbook-nash.draftkings.com/sites/US-KS-SB/api/sportscontent/controldata/league/eventSubcategory/v1/markets?isBatchable=false&templateVars=5735&marketsQuery=%24filter%3DeventId+eq+%2734349518%27+AND+clientMetadata%2FsubCategoryId+eq+%275735%27+AND+tags%2Fall%28t%3A+t+ne+%27SportcastBetBuilder%27%29&eventsQuery=%24filter%3Did+in+%28%2734349518%27%29&include=Events&entity=markets,data/market/raw/draftkings/2026-07-18/event_34349518/snapshot_draftkings_20260718_235753_subcategory_5735.json,13,success,
draftkings_20260718_235753,2026-07-18T23:57:53.429449+00:00,draftkings_public,DraftKings,34349518,15122,Finish Only,finish_only_moneyline,https://sportsbook-nash.draftkings.com/sites/US-KS-SB/api/sportscontent/controldata/league/eventSubcategory/v1/markets?isBatchable=false&templateVars=15122&marketsQuery=%24filter%3DeventId+eq+%2734349518%27+AND+clientMetadata%2FsubCategoryId+eq+%2715122%27+AND+tags%2Fall%28t%3A+t+ne+%27SportcastBetBuilder%27%29&eventsQuery=%24filter%3Did+in+%28%2734349518%27%29&include=Events&entity=markets,data/market/raw/draftkings/2026-07-18/event_34349518/snapshot_draftkings_20260718_235753_subcategory_15122.json,2,success,
draftkings_20260718_235753,2026-07-18T23:57:53.429449+00:00,draftkings_public,DraftKings,34349518,15123,Decision Only,decision_only_moneyline,https://sportsbook-nash.draftkings.com/sites/US-KS-SB/api/sportscontent/controldata/league/eventSubcategory/v1/markets?isBatchable=false&templateVars=15123&marketsQuery=%24filter%3DeventId+eq+%2734349518%27+AND+clientMetadata%2FsubCategoryId+eq+%2715123%27+AND+tags%2Fall%28t%3A+t+ne+%27SportcastBetBuilder%27%29&eventsQuery=%24filter%3Did+in+%28%2734349518%27%29&include=Events&entity=markets,data/market/raw/draftkings/2026-07-18/event_34349518/snapshot_draftkings_20260718_235753_subcategory_15123.json,2,success,
draftkings_20260718_235753,2026-07-18T23:57:53.429449+00:00,draftkings_public,DraftKings,34349518,15124,Round 1 Only,round_1_only_moneyline,https://sportsbook-nash.draftkings.com/sites/US-KS-SB/api/sportscontent/controldata/league/eventSubcategory/v1/markets?isBatchable=false&templateVars=15124&marketsQuery=%24filter%3DeventId+eq+%2734349518%27+AND+clientMetadata%2FsubCategoryId+eq+%2715124%27+AND+tags%2Fall%28t%3A+t+ne+%27SportcastBetBuilder%27%29&eventsQuery=%24filter%3Did+in+%28%2734349518%27%29&include=Events&entity=markets,data/market/raw/draftkings/2026-07-18/event_34349518/snapshot_draftkings_20260718_235753_subcategory_15124.json,2,success,
draftkings_20260718_235753,2026-07-18T23:57:53.429449+00:00,draftkings_public,DraftKings,34349518,15125,Submission Only,submission_only_moneyline,https://sportsbook-nash.draftkings.com/sites/US-KS-SB/api/sportscontent/controldata/league/eventSubcategory/v1/markets?isBatchable=false&templateVars=15125&marketsQuery=%24filter%3DeventId+eq+%2734349518%27+AND+clientMetadata%2FsubCategoryId+eq+%2715125%27+AND+tags%2Fall%28t%3A+t+ne+%27SportcastBetBuilder%27%29&eventsQuery=%24filter%3Did+in+%28%2734349518%27%29&include=Events&entity=markets,data/market/raw/draftkings/2026-07-18/event_34349518/snapshot_draftkings_20260718_235753_subcategory_15125.json,2,success,
draftkings_20260718_235753,2026-07-18T23:57:53.429449+00:00,draftkings_public,DraftKings,34349518,15126,KO TKO DQ Only,ko_tko_only_moneyline,https://sportsbook-nash.draftkings.com/sites/US-KS-SB/api/sportscontent/controldata/league/eventSubcategory/v1/markets?isBatchable=false&templateVars=15126&marketsQuery=%24filter%3DeventId+eq+%2734349518%27+AND+clientMetadata%2FsubCategoryId+eq+%2715126%27+AND+tags%2Fall%28t%3A+t+ne+%27SportcastBetBuilder%27%29&eventsQuery=%24filter%3Did+in+%28%2734349518%27%29&include=Events&entity=markets,data/market/raw/draftkings/2026-07-18/event_34349518/snapshot_draftkings_20260718_235753_subcategory_15126.json,2,success,
draftkings_20260718_235753,2026-07-18T23:57:53.429449+00:00,draftkings_public,DraftKings,34349518,19390,Fighter Significant Strikes Total,fighter_sig_strikes_total,https://sportsbook-nash.draftkings.com/sites/US-KS-SB/api/sportscontent/controldata/league/eventSubcategory/v1/markets?isBatchable=false&templateVars=19390&marketsQuery=%24filter%3DeventId+eq+%2734349518%27+AND+clientMetadata%2FsubCategoryId+eq+%2719390%27+AND+tags%2Fall%28t%3A+t+ne+%27SportcastBetBuilder%27%29&eventsQuery=%24filter%3Did+in+%28%2734349518%27%29&include=Events&entity=markets,data/market/raw/draftkings/2026-07-18/event_34349518/snapshot_draftkings_20260718_235753_subcategory_19390.json,4,success,
draftkings_20260718_235753,2026-07-18T23:57:53.429449+00:00,draftkings_public,DraftKings,34304364,13025,Main Lines,main_lines,https://sportsbook-nash.draftkings.com/sites/US-KS-SB/api/sportscontent/controldata/league/eventSubcategory/v1/markets?isBatchable=false&templateVars=13025&marketsQuery=%24filter%3DeventId+eq+%2734304364%27+AND+clientMetadata%2FsubCategoryId+eq+%2713025%27+AND+tags%2Fall%28t%3A+t+ne+%27SportcastBetBuilder%27%29&eventsQuery=%24filter%3Did+in+%28%2734304364%27%29&include=Events&entity=markets,data/market/raw/draftkings/2026-07-18/event_34304364/snapshot_draftkings_20260718_235753_subcategory_13025.json,6,success,
draftkings_20260718_235753,2026-07-18T23:57:53.429449+00:00,draftkings_public,DraftKings,34304364,13179,Alternate Total Rounds,alternate_total_rounds,https://sportsbook-nash.draftkings.com/sites/US-KS-SB/api/sportscontent/controldata/league/eventSubcategory/v1/markets?isBatchable=false&templateVars=13179&marketsQuery=%24filter%3DeventId+eq+%2734304364%27+AND+clientMetadata%2FsubCategoryId+eq+%2713179%27+AND+tags%2Fall%28t%3A+t+ne+%27SportcastBetBuilder%27%29&eventsQuery=%24filter%3Did+in+%28%2734304364%27%29&include=Events&entity=markets,data/market/raw/draftkings/2026-07-18/event_34304364/snapshot_draftkings_20260718_235753_subcategory_13179.json,8,success,
draftkings_20260718_235753,2026-07-18T23:57:53.429449+00:00,draftkings_public,DraftKings,34304364,16272,Alternate Point Spread,alternate_point_spread,https://sportsbook-nash.draftkings.com/sites/US-KS-SB/api/sportscontent/controldata/league/eventSubcategory/v1/markets?isBatchable=false&templateVars=16272&marketsQuery=%24filter%3DeventId+eq+%2734304364%27+AND+clientMetadata%2FsubCategoryId+eq+%2716272%27+AND+tags%2Fall%28t%3A+t+ne+%27SportcastBetBuilder%27%29&eventsQuery=%24filter%3Did+in+%28%2734304364%27%29&include=Events&entity=markets,data/market/raw/draftkings/2026-07-18/event_34304364/snapshot_draftkings_20260718_235753_subcategory_16272.json,10,success,
draftkings_20260718_235753,2026-07-18T23:57:53.429449+00:00,draftkings_public,DraftKings,34304364,17644,Fight to Go the Distance,goes_distance,https://sportsbook-nash.draftkings.com/sites/US-KS-SB/api/sportscontent/controldata/league/eventSubcategory/v1/markets?isBatchable=false&templateVars=17644&marketsQuery=%24filter%3DeventId+eq+%2734304364%27+AND+clientMetadata%2FsubCategoryId+eq+%2717644%27+AND+tags%2Fall%28t%3A+t+ne+%27SportcastBetBuilder%27%29&eventsQuery=%24filter%3Did+in+%28%2734304364%27%29&include=Events&entity=markets,data/market/raw/draftkings/2026-07-18/event_34304364/snapshot_draftkings_20260718_235753_subcategory_17644.json,2,success,
draftkings_20260718_235753,2026-07-18T23:57:53.429449+00:00,draftkings_public,DraftKings,34304364,18911,Fighter Method Props,fighter_method_props,https://sportsbook-nash.draftkings.com/sites/US-KS-SB/api/sportscontent/controldata/league/eventSubcategory/v1/markets?isBatchable=false&templateVars=18911&marketsQuery=%24filter%3DeventId+eq+%2734304364%27+AND+clientMetadata%2FsubCategoryId+eq+%2718911%27+AND+tags%2Fall%28t%3A+t+ne+%27SportcastBetBuilder%27%29&eventsQuery=%24filter%3Did+in+%28%2734304364%27%29&include=Events&entity=markets,data/market/raw/draftkings/2026-07-18/event_34304364/snapshot_draftkings_20260718_235753_subcategory_18911.json,6,success,
draftkings_20260718_235753,2026-07-18T23:57:53.429449+00:00,draftkings_public,DraftKings,34304364,6437,Exact Method of Victory,exact_method,https://sportsbook-nash.draftkings.com/sites/US-KS-SB/api/sportscontent/controldata/league/eventSubcategory/v1/markets?isBatchable=false&templateVars=6437&marketsQuery=%24filter%3DeventId+eq+%2734304364%27+AND+clientMetadata%2FsubCategoryId+eq+%276437%27+AND+tags%2Fall%28t%3A+t+ne+%27SportcastBetBuilder%27%29&eventsQuery=%24filter%3Did+in+%28%2734304364%27%29&include=Events&entity=markets,data/market/raw/draftkings/2026-07-18/event_34304364/snapshot_draftkings_20260718_235753_subcategory_6437.json,4,success,
draftkings_20260718_235753,2026-07-18T23:57:53.429449+00:00,draftkings_public,DraftKings,34304364,5735,Round and Method,round_method,https://sportsbook-nash.draftkings.com/sites/US-KS-SB/api/sportscontent/controldata/league/eventSubcategory/v1/markets?isBatchable=false&templateVars=5735&marketsQuery=%24filter%3DeventId+eq+%2734304364%27+AND+clientMetadata%2FsubCategoryId+eq+%275735%27+AND+tags%2Fall%28t%3A+t+ne+%27SportcastBetBuilder%27%29&eventsQuery=%24filter%3Did+in+%28%2734304364%27%29&include=Events&entity=markets,data/market/raw/draftkings/2026-07-18/event_34304364/snapshot_draftkings_20260718_235753_subcategory_5735.json,21,success,
draftkings_20260718_235753,2026-07-18T23:57:53.429449+00:00,draftkings_public,DraftKings,34304364,15122,Finish Only,finish_only_moneyline,https://sportsbook-nash.draftkings.com/sites/US-KS-SB/api/sportscontent/controldata/league/eventSubcategory/v1/markets?isBatchable=false&templateVars=15122&marketsQuery=%24filter%3DeventId+eq+%2734304364%27+AND+clientMetadata%2FsubCategoryId+eq+%2715122%27+AND+tags%2Fall%28t%3A+t+ne+%27SportcastBetBuilder%27%29&eventsQuery=%24filter%3Did+in+%28%2734304364%27%29&include=Events&entity=markets,data/market/raw/draftkings/2026-07-18/event_34304364/snapshot_draftkings_20260718_235753_subcategory_15122.json,2,success,
draftkings_20260718_235753,2026-07-18T23:57:53.429449+00:00,draftkings_public,DraftKings,34304364,15123,Decision Only,decision_only_moneyline,https://sportsbook-nash.draftkings.com/sites/US-KS-SB/api/sportscontent/controldata/league/eventSubcategory/v1/markets?isBatchable=false&templateVars=15123&marketsQuery=%24filter%3DeventId+eq+%2734304364%27+AND+clientMetadata%2FsubCategoryId+eq+%2715123%27+AND+tags%2Fall%28t%3A+t+ne+%27SportcastBetBuilder%27%29&eventsQuery=%24filter%3Did+in+%28%2734304364%27%29&include=Events&entity=markets,data/market/raw/draftkings/2026-07-18/event_34304364/snapshot_draftkings_20260718_235753_subcategory_15123.json,2,success,
draftkings_20260718_235753,2026-07-18T23:57:53.429449+00:00,draftkings_public,DraftKings,34304364,15124,Round 1 Only,round_1_only_moneyline,https://sportsbook-nash.draftkings.com/sites/US-KS-SB/api/sportscontent/controldata/league/eventSubcategory/v1/markets?isBatchable=false&templateVars=15124&marketsQuery=%24filter%3DeventId+eq+%2734304364%27+AND+clientMetadata%2FsubCategoryId+eq+%2715124%27+AND+tags%2Fall%28t%3A+t+ne+%27SportcastBetBuilder%27%29&eventsQuery=%24filter%3Did+in+%28%2734304364%27%29&include=Events&entity=markets,data/market/raw/draftkings/2026-07-18/event_34304364/snapshot_draftkings_20260718_235753_subcategory_15124.json,2,success,
draftkings_20260718_235753,2026-07-18T23:57:53.429449+00:00,draftkings_public,DraftKings,34304364,15125,Submission Only,submission_only_moneyline,https://sportsbook-nash.draftkings.com/sites/US-KS-SB/api/sportscontent/controldata/league/eventSubcategory/v1/markets?isBatchable=false&templateVars=15125&marketsQuery=%24filter%3DeventId+eq+%2734304364%27+AND+clientMetadata%2FsubCategoryId+eq+%2715125%27+AND+tags%2Fall%28t%3A+t+ne+%27SportcastBetBuilder%27%29&eventsQuery=%24filter%3Did+in+%28%2734304364%27%29&include=Events&entity=markets,data/market/raw/draftkings/2026-07-18/event_34304364/snapshot_draftkings_20260718_235753_subcategory_15125.json,2,success,
draftkings_20260718_235753,2026-07-18T23:57:53.429449+00:00,draftkings_public,DraftKings,34304364,15126,KO TKO DQ Only,ko_tko_only_moneyline,https://sportsbook-nash.draftkings.com/sites/US-KS-SB/api/sportscontent/controldata/league/eventSubcategory/v1/markets?isBatchable=false&templateVars=15126&marketsQuery=%24filter%3DeventId+eq+%2734304364%27+AND+clientMetadata%2FsubCategoryId+eq+%2715126%27+AND+tags%2Fall%28t%3A+t+ne+%27SportcastBetBuilder%27%29&eventsQuery=%24filter%3Did+in+%28%2734304364%27%29&include=Events&entity=markets,data/market/raw/draftkings/2026-07-18/event_34304364/snapshot_draftkings_20260718_235753_subcategory_15126.json,2,success,
draftkings_20260718_235753,2026-07-18T23:57:53.429449+00:00,draftkings_public,DraftKings,34304364,19390,Fighter Significant Strikes Total,fighter_sig_strikes_total,https://sportsbook-nash.draftkings.com/sites/US-KS-SB/api/sportscontent/controldata/league/eventSubcategory/v1/markets?isBatchable=false&templateVars=19390&marketsQuery=%24filter%3DeventId+eq+%2734304364%27+AND+clientMetadata%2FsubCategoryId+eq+%2719390%27+AND+tags%2Fall%28t%3A+t+ne+%27SportcastBetBuilder%27%29&eventsQuery=%24filter%3Did+in+%28%2734304364%27%29&include=Events&entity=markets,data/market/raw/draftkings/2026-07-18/event_34304364/snapshot_draftkings_20260718_235753_subcategory_19390.json,4,success,
draftkings_20260724_202349,2026-07-24T20:23:49.603209+00:00,draftkings_public,DraftKings,34401070,13025,Main Lines,main_lines,https://sportsbook-nash.draftkings.com/sites/US-KS-SB/api/sportscontent/controldata/league/eventSubcategory/v1/markets?isBatchable=false&templateVars=13025&marketsQuery=%24filter%3DeventId+eq+%2734401070%27+AND+clientMetadata%2FsubCategoryId+eq+%2713025%27+AND+tags%2Fall%28t%3A+t+ne+%27SportcastBetBuilder%27%29&eventsQuery=%24filter%3Did+in+%28%2734401070%27%29&include=Events&entity=markets,data/market/raw/draftkings/2026-07-24/event_34401070/snapshot_draftkings_20260724_202349_subcategory_13025.json,6,success,
draftkings_20260724_202349,2026-07-24T20:23:49.603209+00:00,draftkings_public,DraftKings,34401070,13179,Alternate Total Rounds,alternate_total_rounds,https://sportsbook-nash.draftkings.com/sites/US-KS-SB/api/sportscontent/controldata/league/eventSubcategory/v1/markets?isBatchable=false&templateVars=13179&marketsQuery=%24filter%3DeventId+eq+%2734401070%27+AND+clientMetadata%2FsubCategoryId+eq+%2713179%27+AND+tags%2Fall%28t%3A+t+ne+%27SportcastBetBuilder%27%29&eventsQuery=%24filter%3Did+in+%28%2734401070%27%29&include=Events&entity=markets,data/market/raw/draftkings/2026-07-24/event_34401070/snapshot_draftkings_20260724_202349_subcategory_13179.json,4,success,
draftkings_20260724_202349,2026-07-24T20:23:49.603209+00:00,draftkings_public,DraftKings,34401070,16272,Alternate Point Spread,alternate_point_spread,https://sportsbook-nash.draftkings.com/sites/US-KS-SB/api/sportscontent/controldata/league/eventSubcategory/v1/markets?isBatchable=false&templateVars=16272&marketsQuery=%24filter%3DeventId+eq+%2734401070%27+AND+clientMetadata%2FsubCategoryId+eq+%2716272%27+AND+tags%2Fall%28t%3A+t+ne+%27SportcastBetBuilder%27%29&eventsQuery=%24filter%3Did+in+%28%2734401070%27%29&include=Events&entity=markets,data/market/raw/draftkings/2026-07-24/event_34401070/snapshot_draftkings_20260724_202349_subcategory_16272.json,10,success,
draftkings_20260724_202349,2026-07-24T20:23:49.603209+00:00,draftkings_public,DraftKings,34401070,17644,Fight to Go the Distance,goes_distance,https://sportsbook-nash.draftkings.com/sites/US-KS-SB/api/sportscontent/controldata/league/eventSubcategory/v1/markets?isBatchable=false&templateVars=17644&marketsQuery=%24filter%3DeventId+eq+%2734401070%27+AND+clientMetadata%2FsubCategoryId+eq+%2717644%27+AND+tags%2Fall%28t%3A+t+ne+%27SportcastBetBuilder%27%29&eventsQuery=%24filter%3Did+in+%28%2734401070%27%29&include=Events&entity=markets,data/market/raw/draftkings/2026-07-24/event_34401070/snapshot_draftkings_20260724_202349_subcategory_17644.json,2,success,
draftkings_20260724_202349,2026-07-24T20:23:49.603209+00:00,draftkings_public,DraftKings,34401070,18911,Fighter Method Props,fighter_method_props,https://sportsbook-nash.draftkings.com/sites/US-KS-SB/api/sportscontent/controldata/league/eventSubcategory/v1/markets?isBatchable=false&templateVars=18911&marketsQuery=%24filter%3DeventId+eq+%2734401070%27+AND+clientMetadata%2FsubCategoryId+eq+%2718911%27+AND+tags%2Fall%28t%3A+t+ne+%27SportcastBetBuilder%27%29&eventsQuery=%24filter%3Did+in+%28%2734401070%27%29&include=Events&entity=markets,data/market/raw/draftkings/2026-07-24/event_34401070/snapshot_draftkings_20260724_202349_subcategory_18911.json,6,success,
draftkings_20260724_202349,2026-07-24T20:23:49.603209+00:00,draftkings_public,DraftKings,34401070,6437,Exact Method of Victory,exact_method,https://sportsbook-nash.draftkings.com/sites/US-KS-SB/api/sportscontent/controldata/league/eventSubcategory/v1/markets?isBatchable=false&templateVars=6437&marketsQuery=%24filter%3DeventId+eq+%2734401070%27+AND+clientMetadata%2FsubCategoryId+eq+%276437%27+AND+tags%2Fall%28t%3A+t+ne+%27SportcastBetBuilder%27%29&eventsQuery=%24filter%3Did+in+%28%2734401070%27%29&include=Events&entity=markets,data/market/raw/draftkings/2026-07-24/event_34401070/snapshot_draftkings_20260724_202349_subcategory_6437.json,4,success,
draftkings_20260724_202349,2026-07-24T20:23:49.603209+00:00,draftkings_public,DraftKings,34401070,5735,Round and Method,round_method,https://sportsbook-nash.draftkings.com/sites/US-KS-SB/api/sportscontent/controldata/league/eventSubcategory/v1/markets?isBatchable=false&templateVars=5735&marketsQuery=%24filter%3DeventId+eq+%2734401070%27+AND+clientMetadata%2FsubCategoryId+eq+%275735%27+AND+tags%2Fall%28t%3A+t+ne+%27SportcastBetBuilder%27%29&eventsQuery=%24filter%3Did+in+%28%2734401070%27%29&include=Events&entity=markets,data/market/raw/draftkings/2026-07-24/event_34401070/snapshot_draftkings_20260724_202349_subcategory_5735.json,13,success,
draftkings_20260724_202349,2026-07-24T20:23:49.603209+00:00,draftkings_public,DraftKings,34401070,15122,Finish Only,finish_only_moneyline,https://sportsbook-nash.draftkings.com/sites/US-KS-SB/api/sportscontent/controldata/league/eventSubcategory/v1/markets?isBatchable=false&templateVars=15122&marketsQuery=%24filter%3DeventId+eq+%2734401070%27+AND+clientMetadata%2FsubCategoryId+eq+%2715122%27+AND+tags%2Fall%28t%3A+t+ne+%27SportcastBetBuilder%27%29&eventsQuery=%24filter%3Did+in+%28%2734401070%27%29&include=Events&entity=markets,data/market/raw/draftkings/2026-07-24/event_34401070/snapshot_draftkings_20260724_202349_subcategory_15122.json,2,success,
draftkings_20260724_202349,2026-07-24T20:23:49.603209+00:00,draftkings_public,DraftKings,34401070,15123,Decision Only,decision_only_moneyline,https://sportsbook-nash.draftkings.com/sites/US-KS-SB/api/sportscontent/controldata/league/eventSubcategory/v1/markets?isBatchable=false&templateVars=15123&marketsQuery=%24filter%3DeventId+eq+%2734401070%27+AND+clientMetadata%2FsubCategoryId+eq+%2715123%27+AND+tags%2Fall%28t%3A+t+ne+%27SportcastBetBuilder%27%29&eventsQuery=%24filter%3Did+in+%28%2734401070%27%29&include=Events&entity=markets,data/market/raw/draftkings/2026-07-24/event_34401070/snapshot_draftkings_20260724_202349_subcategory_15123.json,2,success,
draftkings_20260724_202349,2026-07-24T20:23:49.603209+00:00,draftkings_public,DraftKings,34401070,15124,Round 1 Only,round_1_only_moneyline,https://sportsbook-nash.draftkings.com/sites/US-KS-SB/api/sportscontent/controldata/league/eventSubcategory/v1/markets?isBatchable=false&templateVars=15124&marketsQuery=%24filter%3DeventId+eq+%2734401070%27+AND+clientMetadata%2FsubCategoryId+eq+%2715124%27+AND+tags%2Fall%28t%3A+t+ne+%27SportcastBetBuilder%27%29&eventsQuery=%24filter%3Did+in+%28%2734401070%27%29&include=Events&entity=markets,data/market/raw/draftkings/2026-07-24/event_34401070/snapshot_draftkings_20260724_202349_subcategory_15124.json,2,success,
draftkings_20260724_202349,2026-07-24T20:23:49.603209+00:00,draftkings_public,DraftKings,34401070,15125,Submission Only,submission_only_moneyline,https://sportsbook-nash.draftkings.com/sites/US-KS-SB/api/sportscontent/controldata/league/eventSubcategory/v1/markets?isBatchable=false&templateVars=15125&marketsQuery=%24filter%3DeventId+eq+%2734401070%27+AND+clientMetadata%2FsubCategoryId+eq+%2715125%27+AND+tags%2Fall%28t%3A+t+ne+%27SportcastBetBuilder%27%29&eventsQuery=%24filter%3Did+in+%28%2734401070%27%29&include=Events&entity=markets,data/market/raw/draftkings/2026-07-24/event_34401070/snapshot_draftkings_20260724_202349_subcategory_15125.json,2,success,
draftkings_20260724_202349,2026-07-24T20:23:49.603209+00:00,draftkings_public,DraftKings,34401070,15126,KO TKO DQ Only,ko_tko_only_moneyline,https://sportsbook-nash.draftkings.com/sites/US-KS-SB/api/sportscontent/controldata/league/eventSubcategory/v1/markets?isBatchable=false&templateVars=15126&marketsQuery=%24filter%3DeventId+eq+%2734401070%27+AND+clientMetadata%2FsubCategoryId+eq+%2715126%27+AND+tags%2Fall%28t%3A+t+ne+%27SportcastBetBuilder%27%29&eventsQuery=%24filter%3Did+in+%28%2734401070%27%29&include=Events&entity=markets,data/market/raw/draftkings/2026-07-24/event_34401070/snapshot_draftkings_20260724_202349_subcategory_15126.json,2,success,
draftkings_20260724_202349,2026-07-24T20:23:49.603209+00:00,draftkings_public,DraftKings,34401070,19390,Fighter Significant Strikes Total,fighter_sig_strikes_total,https://sportsbook-nash.draftkings.com/sites/US-KS-SB/api/sportscontent/controldata/league/eventSubcategory/v1/markets?isBatchable=false&templateVars=19390&marketsQuery=%24filter%3DeventId+eq+%2734401070%27+AND+clientMetadata%2FsubCategoryId+eq+%2719390%27+AND+tags%2Fall%28t%3A+t+ne+%27SportcastBetBuilder%27%29&eventsQuery=%24filter%3Did+in+%28%2734401070%27%29&include=Events&entity=markets,data/market/raw/draftkings/2026-07-24/event_34401070/snapshot_draftkings_20260724_202349_subcategory_19390.json,0,success,
draftkings_20260724_202349,2026-07-24T20:23:49.603209+00:00,draftkings_public,DraftKings,34401071,13025,Main Lines,main_lines,https://sportsbook-nash.draftkings.com/sites/US-KS-SB/api/sportscontent/controldata/league/eventSubcategory/v1/markets?isBatchable=false&templateVars=13025&marketsQuery=%24filter%3DeventId+eq+%2734401071%27+AND+clientMetadata%2FsubCategoryId+eq+%2713025%27+AND+tags%2Fall%28t%3A+t+ne+%27SportcastBetBuilder%27%29&eventsQuery=%24filter%3Did+in+%28%2734401071%27%29&include=Events&entity=markets,data/market/raw/draftkings/2026-07-24/event_34401071/snapshot_draftkings_20260724_202349_subcategory_13025.json,6,success,
draftkings_20260724_202349,2026-07-24T20:23:49.603209+00:00,draftkings_public,DraftKings,34401071,13179,Alternate Total Rounds,alternate_total_rounds,https://sportsbook-nash.draftkings.com/sites/US-KS-SB/api/sportscontent/controldata/league/eventSubcategory/v1/markets?isBatchable=false&templateVars=13179&marketsQuery=%24filter%3DeventId+eq+%2734401071%27+AND+clientMetadata%2FsubCategoryId+eq+%2713179%27+AND+tags%2Fall%28t%3A+t+ne+%27SportcastBetBuilder%27%29&eventsQuery=%24filter%3Did+in+%28%2734401071%27%29&include=Events&entity=markets,data/market/raw/draftkings/2026-07-24/event_34401071/snapshot_draftkings_20260724_202349_subcategory_13179.json,4,success,
draftkings_20260724_202349,2026-07-24T20:23:49.603209+00:00,draftkings_public,DraftKings,34401071,16272,Alternate Point Spread,alternate_point_spread,https://sportsbook-nash.draftkings.com/sites/US-KS-SB/api/sportscontent/controldata/league/eventSubcategory/v1/markets?isBatchable=false&templateVars=16272&marketsQuery=%24filter%3DeventId+eq+%2734401071%27+AND+clientMetadata%2FsubCategoryId+eq+%2716272%27+AND+tags%2Fall%28t%3A+t+ne+%27SportcastBetBuilder%27%29&eventsQuery=%24filter%3Did+in+%28%2734401071%27%29&include=Events&entity=markets,data/market/raw/draftkings/2026-07-24/event_34401071/snapshot_draftkings_20260724_202349_subcategory_16272.json,10,success,
draftkings_20260724_202349,2026-07-24T20:23:49.603209+00:00,draftkings_public,DraftKings,34401071,17644,Fight to Go the Distance,goes_distance,https://sportsbook-nash.draftkings.com/sites/US-KS-SB/api/sportscontent/controldata/league/eventSubcategory/v1/markets?isBatchable=false&templateVars=17644&marketsQuery=%24filter%3DeventId+eq+%2734401071%27+AND+clientMetadata%2FsubCategoryId+eq+%2717644%27+AND+tags%2Fall%28t%3A+t+ne+%27SportcastBetBuilder%27%29&eventsQuery=%24filter%3Did+in+%28%2734401071%27%29&include=Events&entity=markets,data/market/raw/draftkings/2026-07-24/event_34401071/snapshot_draftkings_20260724_202349_subcategory_17644.json,2,success,
draftkings_20260724_202349,2026-07-24T20:23:49.603209+00:00,draftkings_public,DraftKings,34401071,18911,Fighter Method Props,fighter_method_props,https://sportsbook-nash.draftkings.com/sites/US-KS-SB/api/sportscontent/controldata/league/eventSubcategory/v1/markets?isBatchable=false&templateVars=18911&marketsQuery=%24filter%3DeventId+eq+%2734401071%27+AND+clientMetadata%2FsubCategoryId+eq+%2718911%27+AND+tags%2Fall%28t%3A+t+ne+%27SportcastBetBuilder%27%29&eventsQuery=%24filter%3Did+in+%28%2734401071%27%29&include=Events&entity=markets,data/market/raw/draftkings/2026-07-24/event_34401071/snapshot_draftkings_20260724_202349_subcategory_18911.json,6,success,
draftkings_20260724_202349,2026-07-24T20:23:49.603209+00:00,draftkings_public,DraftKings,34401071,6437,Exact Method of Victory,exact_method,https://sportsbook-nash.draftkings.com/sites/US-KS-SB/api/sportscontent/controldata/league/eventSubcategory/v1/markets?isBatchable=false&templateVars=6437&marketsQuery=%24filter%3DeventId+eq+%2734401071%27+AND+clientMetadata%2FsubCategoryId+eq+%276437%27+AND+tags%2Fall%28t%3A+t+ne+%27SportcastBetBuilder%27%29&eventsQuery=%24filter%3Did+in+%28%2734401071%27%29&include=Events&entity=markets,data/market/raw/draftkings/2026-07-24/event_34401071/snapshot_draftkings_20260724_202349_subcategory_6437.json,4,success,
draftkings_20260724_202349,2026-07-24T20:23:49.603209+00:00,draftkings_public,DraftKings,34401071,5735,Round and Method,round_method,https://sportsbook-nash.draftkings.com/sites/US-KS-SB/api/sportscontent/controldata/league/eventSubcategory/v1/markets?isBatchable=false&templateVars=5735&marketsQuery=%24filter%3DeventId+eq+%2734401071%27+AND+clientMetadata%2FsubCategoryId+eq+%275735%27+AND+tags%2Fall%28t%3A+t+ne+%27SportcastBetBuilder%27%29&eventsQuery=%24filter%3Did+in+%28%2734401071%27%29&include=Events&entity=markets,data/market/raw/draftkings/2026-07-24/event_34401071/snapshot_draftkings_20260724_202349_subcategory_5735.json,13,success,
draftkings_20260724_202349,2026-07-24T20:23:49.603209+00:00,draftkings_public,DraftKings,34401071,15122,Finish Only,finish_only_moneyline,https://sportsbook-nash.draftkings.com/sites/US-KS-SB/api/sportscontent/controldata/league/eventSubcategory/v1/markets?isBatchable=false&templateVars=15122&marketsQuery=%24filter%3DeventId+eq+%2734401071%27+AND+clientMetadata%2FsubCategoryId+eq+%2715122%27+AND+tags%2Fall%28t%3A+t+ne+%27SportcastBetBuilder%27%29&eventsQuery=%24filter%3Did+in+%28%2734401071%27%29&include=Events&entity=markets,data/market/raw/draftkings/2026-07-24/event_34401071/snapshot_draftkings_20260724_202349_subcategory_15122.json,2,success,
draftkings_20260724_202349,2026-07-24T20:23:49.603209+00:00,draftkings_public,DraftKings,34401071,15123,Decision Only,decision_only_moneyline,https://sportsbook-nash.draftkings.com/sites/US-KS-SB/api/sportscontent/controldata/league/eventSubcategory/v1/markets?isBatchable=false&templateVars=15123&marketsQuery=%24filter%3DeventId+eq+%2734401071%27+AND+clientMetadata%2FsubCategoryId+eq+%2715123%27+AND+tags%2Fall%28t%3A+t+ne+%27SportcastBetBuilder%27%29&eventsQuery=%24filter%3Did+in+%28%2734401071%27%29&include=Events&entity=markets,data/market/raw/draftkings/2026-07-24/event_34401071/snapshot_draftkings_20260724_202349_subcategory_15123.json,2,success,
draftkings_20260724_202349,2026-07-24T20:23:49.603209+00:00,draftkings_public,DraftKings,34401071,15124,Round 1 Only,round_1_only_moneyline,https://sportsbook-nash.draftkings.com/sites/US-KS-SB/api/sportscontent/controldata/league/eventSubcategory/v1/markets?isBatchable=false&templateVars=15124&marketsQuery=%24filter%3DeventId+eq+%2734401071%27+AND+clientMetadata%2FsubCategoryId+eq+%2715124%27+AND+tags%2Fall%28t%3A+t+ne+%27SportcastBetBuilder%27%29&eventsQuery=%24filter%3Did+in+%28%2734401071%27%29&include=Events&entity=markets,data/market/raw/draftkings/2026-07-24/event_34401071/snapshot_draftkings_20260724_202349_subcategory_15124.json,2,success,
draftkings_20260724_202349,2026-07-24T20:23:49.603209+00:00,draftkings_public,DraftKings,34401071,15125,Submission Only,submission_only_moneyline,https://sportsbook-nash.draftkings.com/sites/US-KS-SB/api/sportscontent/controldata/league/eventSubcategory/v1/markets?isBatchable=false&templateVars=15125&marketsQuery=%24filter%3DeventId+eq+%2734401071%27+AND+clientMetadata%2FsubCategoryId+eq+%2715125%27+AND+tags%2Fall%28t%3A+t+ne+%27SportcastBetBuilder%27%29&eventsQuery=%24filter%3Did+in+%28%2734401071%27%29&include=Events&entity=markets,data/market/raw/draftkings/2026-07-24/event_34401071/snapshot_draftkings_20260724_202349_subcategory_15125.json,2,success,
draftkings_20260724_202349,2026-07-24T20:23:49.603209+00:00,draftkings_public,DraftKings,34401071,15126,KO TKO DQ Only,ko_tko_only_moneyline,https://sportsbook-nash.draftkings.com/sites/US-KS-SB/api/sportscontent/controldata/league/eventSubcategory/v1/markets?isBatchable=false&templateVars=15126&marketsQuery=%24filter%3DeventId+eq+%2734401071%27+AND+clientMetadata%2FsubCategoryId+eq+%2715126%27+AND+tags%2Fall%28t%3A+t+ne+%27SportcastBetBuilder%27%29&eventsQuery=%24filter%3Did+in+%28%2734401071%27%29&include=Events&entity=markets,data/market/raw/draftkings/2026-07-24/event_34401071/snapshot_draftkings_20260724_202349_subcategory_15126.json,2,success,
draftkings_20260724_202349,2026-07-24T20:23:49.603209+00:00,draftkings_public,DraftKings,34401071,19390,Fighter Significant Strikes Total,fighter_sig_strikes_total,https://sportsbook-nash.draftkings.com/sites/US-KS-SB/api/sportscontent/controldata/league/eventSubcategory/v1/markets?isBatchable=false&templateVars=19390&marketsQuery=%24filter%3DeventId+eq+%2734401071%27+AND+clientMetadata%2FsubCategoryId+eq+%2719390%27+AND+tags%2Fall%28t%3A+t+ne+%27SportcastBetBuilder%27%29&eventsQuery=%24filter%3Did+in+%28%2734401071%27%29&include=Events&entity=markets,data/market/raw/draftkings/2026-07-24/event_34401071/snapshot_draftkings_20260724_202349_subcategory_19390.json,0,success,
draftkings_20260724_202349,2026-07-24T20:23:49.603209+00:00,draftkings_public,DraftKings,34401072,13025,Main Lines,main_lines,https://sportsbook-nash.draftkings.com/sites/US-KS-SB/api/sportscontent/controldata/league/eventSubcategory/v1/markets?isBatchable=false&templateVars=13025&marketsQuery=%24filter%3DeventId+eq+%2734401072%27+AND+clientMetadata%2FsubCategoryId+eq+%2713025%27+AND+tags%2Fall%28t%3A+t+ne+%27SportcastBetBuilder%27%29&eventsQuery=%24filter%3Did+in+%28%2734401072%27%29&include=Events&entity=markets,data/market/raw/draftkings/2026-07-24/event_34401072/snapshot_draftkings_20260724_202349_subcategory_13025.json,6,success,
draftkings_20260724_202349,2026-07-24T20:23:49.603209+00:00,draftkings_public,DraftKings,34401072,13179,Alternate Total Rounds,alternate_total_rounds,https://sportsbook-nash.draftkings.com/sites/US-KS-SB/api/sportscontent/controldata/league/eventSubcategory/v1/markets?isBatchable=false&templateVars=13179&marketsQuery=%24filter%3DeventId+eq+%2734401072%27+AND+clientMetadata%2FsubCategoryId+eq+%2713179%27+AND+tags%2Fall%28t%3A+t+ne+%27SportcastBetBuilder%27%29&eventsQuery=%24filter%3Did+in+%28%2734401072%27%29&include=Events&entity=markets,data/market/raw/draftkings/2026-07-24/event_34401072/snapshot_draftkings_20260724_202349_subcategory_13179.json,4,success,
draftkings_20260724_202349,2026-07-24T20:23:49.603209+00:00,draftkings_public,DraftKings,34401072,16272,Alternate Point Spread,alternate_point_spread,https://sportsbook-nash.draftkings.com/sites/US-KS-SB/api/sportscontent/controldata/league/eventSubcategory/v1/markets?isBatchable=false&templateVars=16272&marketsQuery=%24filter%3DeventId+eq+%2734401072%27+AND+clientMetadata%2FsubCategoryId+eq+%2716272%27+AND+tags%2Fall%28t%3A+t+ne+%27SportcastBetBuilder%27%29&eventsQuery=%24filter%3Did+in+%28%2734401072%27%29&include=Events&entity=markets,data/market/raw/draftkings/2026-07-24/event_34401072/snapshot_draftkings_20260724_202349_subcategory_16272.json,10,success,
draftkings_20260724_202349,2026-07-24T20:23:49.603209+00:00,draftkings_public,DraftKings,34401072,17644,Fight to Go the Distance,goes_distance,https://sportsbook-nash.draftkings.com/sites/US-KS-SB/api/sportscontent/controldata/league/eventSubcategory/v1/markets?isBatchable=false&templateVars=17644&marketsQuery=%24filter%3DeventId+eq+%2734401072%27+AND+clientMetadata%2FsubCategoryId+eq+%2717644%27+AND+tags%2Fall%28t%3A+t+ne+%27SportcastBetBuilder%27%29&eventsQuery=%24filter%3Did+in+%28%2734401072%27%29&include=Events&entity=markets,data/market/raw/draftkings/2026-07-24/event_34401072/snapshot_draftkings_20260724_202349_subcategory_17644.json,2,success,
draftkings_20260724_202349,2026-07-24T20:23:49.603209+00:00,draftkings_public,DraftKings,34401072,18911,Fighter Method Props,fighter_method_props,https://sportsbook-nash.draftkings.com/sites/US-KS-SB/api/sportscontent/controldata/league/eventSubcategory/v1/markets?isBatchable=false&templateVars=18911&marketsQuery=%24filter%3DeventId+eq+%2734401072%27+AND+clientMetadata%2FsubCategoryId+eq+%2718911%27+AND+tags%2Fall%28t%3A+t+ne+%27SportcastBetBuilder%27%29&eventsQuery=%24filter%3Did+in+%28%2734401072%27%29&include=Events&entity=markets,data/market/raw/draftkings/2026-07-24/event_34401072/snapshot_draftkings_20260724_202349_subcategory_18911.json,6,success,
draftkings_20260724_202349,2026-07-24T20:23:49.603209+00:00,draftkings_public,DraftKings,34401072,6437,Exact Method of Victory,exact_method,https://sportsbook-nash.draftkings.com/sites/US-KS-SB/api/sportscontent/controldata/league/eventSubcategory/v1/markets?isBatchable=false&templateVars=6437&marketsQuery=%24filter%3DeventId+eq+%2734401072%27+AND+clientMetadata%2FsubCategoryId+eq+%276437%27+AND+tags%2Fall%28t%3A+t+ne+%27SportcastBetBuilder%27%29&eventsQuery=%24filter%3Did+in+%28%2734401072%27%29&include=Events&entity=markets,data/market/raw/draftkings/2026-07-24/event_34401072/snapshot_draftkings_20260724_202349_subcategory_6437.json,4,success,
draftkings_20260724_202349,2026-07-24T20:23:49.603209+00:00,draftkings_public,DraftKings,34401072,5735,Round and Method,round_method,https://sportsbook-nash.draftkings.com/sites/US-KS-SB/api/sportscontent/controldata/league/eventSubcategory/v1/markets?isBatchable=false&templateVars=5735&marketsQuery=%24filter%3DeventId+eq+%2734401072%27+AND+clientMetadata%2FsubCategoryId+eq+%275735%27+AND+tags%2Fall%28t%3A+t+ne+%27SportcastBetBuilder%27%29&eventsQuery=%24filter%3Did+in+%28%2734401072%27%29&include=Events&entity=markets,data/market/raw/draftkings/2026-07-24/event_34401072/snapshot_draftkings_20260724_202349_subcategory_5735.json,13,success,
draftkings_20260724_202349,2026-07-24T20:23:49.603209+00:00,draftkings_public,DraftKings,34401072,15122,Finish Only,finish_only_moneyline,https://sportsbook-nash.draftkings.com/sites/US-KS-SB/api/sportscontent/controldata/league/eventSubcategory/v1/markets?isBatchable=false&templateVars=15122&marketsQuery=%24filter%3DeventId+eq+%2734401072%27+AND+clientMetadata%2FsubCategoryId+eq+%2715122%27+AND+tags%2Fall%28t%3A+t+ne+%27SportcastBetBuilder%27%29&eventsQuery=%24filter%3Did+in+%28%2734401072%27%29&include=Events&entity=markets,data/market/raw/draftkings/2026-07-24/event_34401072/snapshot_draftkings_20260724_202349_subcategory_15122.json,2,success,
draftkings_20260724_202349,2026-07-24T20:23:49.603209+00:00,draftkings_public,DraftKings,34401072,15123,Decision Only,decision_only_moneyline,https://sportsbook-nash.draftkings.com/sites/US-KS-SB/api/sportscontent/controldata/league/eventSubcategory/v1/markets?isBatchable=false&templateVars=15123&marketsQuery=%24filter%3DeventId+eq+%2734401072%27+AND+clientMetadata%2FsubCategoryId+eq+%2715123%27+AND+tags%2Fall%28t%3A+t+ne+%27SportcastBetBuilder%27%29&eventsQuery=%24filter%3Did+in+%28%2734401072%27%29&include=Events&entity=markets,data/market/raw/draftkings/2026-07-24/event_34401072/snapshot_draftkings_20260724_202349_subcategory_15123.json,2,success,
draftkings_20260724_202349,2026-07-24T20:23:49.603209+00:00,draftkings_public,DraftKings,34401072,15124,Round 1 Only,round_1_only_moneyline,https://sportsbook-nash.draftkings.com/sites/US-KS-SB/api/sportscontent/controldata/league/eventSubcategory/v1/markets?isBatchable=false&templateVars=15124&marketsQuery=%24filter%3DeventId+eq+%2734401072%27+AND+clientMetadata%2FsubCategoryId+eq+%2715124%27+AND+tags%2Fall%28t%3A+t+ne+%27SportcastBetBuilder%27%29&eventsQuery=%24filter%3Did+in+%28%2734401072%27%29&include=Events&entity=markets,data/market/raw/draftkings/2026-07-24/event_34401072/snapshot_draftkings_20260724_202349_subcategory_15124.json,2,success,
draftkings_20260724_202349,2026-07-24T20:23:49.603209+00:00,draftkings_public,DraftKings,34401072,15125,Submission Only,submission_only_moneyline,https://sportsbook-nash.draftkings.com/sites/US-KS-SB/api/sportscontent/controldata/league/eventSubcategory/v1/markets?isBatchable=false&templateVars=15125&marketsQuery=%24filter%3DeventId+eq+%2734401072%27+AND+clientMetadata%2FsubCategoryId+eq+%2715125%27+AND+tags%2Fall%28t%3A+t+ne+%27SportcastBetBuilder%27%29&eventsQuery=%24filter%3Did+in+%28%2734401072%27%29&include=Events&entity=markets,data/market/raw/draftkings/2026-07-24/event_34401072/snapshot_draftkings_20260724_202349_subcategory_15125.json,2,success,
draftkings_20260724_202349,2026-07-24T20:23:49.603209+00:00,draftkings_public,DraftKings,34401072,15126,KO TKO DQ Only,ko_tko_only_moneyline,https://sportsbook-nash.draftkings.com/sites/US-KS-SB/api/sportscontent/controldata/league/eventSubcategory/v1/markets?isBatchable=false&templateVars=15126&marketsQuery=%24filter%3DeventId+eq+%2734401072%27+AND+clientMetadata%2FsubCategoryId+eq+%2715126%27+AND+tags%2Fall%28t%3A+t+ne+%27SportcastBetBuilder%27%29&eventsQuery=%24filter%3Did+in+%28%2734401072%27%29&include=Events&entity=markets,data/market/raw/draftkings/2026-07-24/event_34401072/snapshot_draftkings_20260724_202349_subcategory_15126.json,2,success,
draftkings_20260724_202349,2026-07-24T20:23:49.603209+00:00,draftkings_public,DraftKings,34401072,19390,Fighter Significant Strikes Total,fighter_sig_strikes_total,https://sportsbook-nash.draftkings.com/sites/US-KS-SB/api/sportscontent/controldata/league/eventSubcategory/v1/markets?isBatchable=false&templateVars=19390&marketsQuery=%24filter%3DeventId+eq+%2734401072%27+AND+clientMetadata%2FsubCategoryId+eq+%2719390%27+AND+tags%2Fall%28t%3A+t+ne+%27SportcastBetBuilder%27%29&eventsQuery=%24filter%3Did+in+%28%2734401072%27%29&include=Events&entity=markets,data/market/raw/draftkings/2026-07-24/event_34401072/snapshot_draftkings_20260724_202349_subcategory_19390.json,0,success,
draftkings_20260724_202349,2026-07-24T20:23:49.603209+00:00,draftkings_public,DraftKings,34401069,13025,Main Lines,main_lines,https://sportsbook-nash.draftkings.com/sites/US-KS-SB/api/sportscontent/controldata/league/eventSubcategory/v1/markets?isBatchable=false&templateVars=13025&marketsQuery=%24filter%3DeventId+eq+%2734401069%27+AND+clientMetadata%2FsubCategoryId+eq+%2713025%27+AND+tags%2Fall%28t%3A+t+ne+%27SportcastBetBuilder%27%29&eventsQuery=%24filter%3Did+in+%28%2734401069%27%29&include=Events&entity=markets,data/market/raw/draftkings/2026-07-24/event_34401069/snapshot_draftkings_20260724_202349_subcategory_13025.json,6,success,
draftkings_20260724_202349,2026-07-24T20:23:49.603209+00:00,draftkings_public,DraftKings,34401069,13179,Alternate Total Rounds,alternate_total_rounds,https://sportsbook-nash.draftkings.com/sites/US-KS-SB/api/sportscontent/controldata/league/eventSubcategory/v1/markets?isBatchable=false&templateVars=13179&marketsQuery=%24filter%3DeventId+eq+%2734401069%27+AND+clientMetadata%2FsubCategoryId+eq+%2713179%27+AND+tags%2Fall%28t%3A+t+ne+%27SportcastBetBuilder%27%29&eventsQuery=%24filter%3Did+in+%28%2734401069%27%29&include=Events&entity=markets,data/market/raw/draftkings/2026-07-24/event_34401069/snapshot_draftkings_20260724_202349_subcategory_13179.json,4,success,
draftkings_20260724_202349,2026-07-24T20:23:49.603209+00:00,draftkings_public,DraftKings,34401069,16272,Alternate Point Spread,alternate_point_spread,https://sportsbook-nash.draftkings.com/sites/US-KS-SB/api/sportscontent/controldata/league/eventSubcategory/v1/markets?isBatchable=false&templateVars=16272&marketsQuery=%24filter%3DeventId+eq+%2734401069%27+AND+clientMetadata%2FsubCategoryId+eq+%2716272%27+AND+tags%2Fall%28t%3A+t+ne+%27SportcastBetBuilder%27%29&eventsQuery=%24filter%3Did+in+%28%2734401069%27%29&include=Events&entity=markets,data/market/raw/draftkings/2026-07-24/event_34401069/snapshot_draftkings_20260724_202349_subcategory_16272.json,10,success,
draftkings_20260724_202349,2026-07-24T20:23:49.603209+00:00,draftkings_public,DraftKings,34401069,17644,Fight to Go the Distance,goes_distance,https://sportsbook-nash.draftkings.com/sites/US-KS-SB/api/sportscontent/controldata/league/eventSubcategory/v1/markets?isBatchable=false&templateVars=17644&marketsQuery=%24filter%3DeventId+eq+%2734401069%27+AND+clientMetadata%2FsubCategoryId+eq+%2717644%27+AND+tags%2Fall%28t%3A+t+ne+%27SportcastBetBuilder%27%29&eventsQuery=%24filter%3Did+in+%28%2734401069%27%29&include=Events&entity=markets,data/market/raw/draftkings/2026-07-24/event_34401069/snapshot_draftkings_20260724_202349_subcategory_17644.json,2,success,
draftkings_20260724_202349,2026-07-24T20:23:49.603209+00:00,draftkings_public,DraftKings,34401069,18911,Fighter Method Props,fighter_method_props,https://sportsbook-nash.draftkings.com/sites/US-KS-SB/api/sportscontent/controldata/league/eventSubcategory/v1/markets?isBatchable=false&templateVars=18911&marketsQuery=%24filter%3DeventId+eq+%2734401069%27+AND+clientMetadata%2FsubCategoryId+eq+%2718911%27+AND+tags%2Fall%28t%3A+t+ne+%27SportcastBetBuilder%27%29&eventsQuery=%24filter%3Did+in+%28%2734401069%27%29&include=Events&entity=markets,data/market/raw/draftkings/2026-07-24/event_34401069/snapshot_draftkings_20260724_202349_subcategory_18911.json,6,success,
draftkings_20260724_202349,2026-07-24T20:23:49.603209+00:00,draftkings_public,DraftKings,34401069,6437,Exact Method of Victory,exact_method,https://sportsbook-nash.draftkings.com/sites/US-KS-SB/api/sportscontent/controldata/league/eventSubcategory/v1/markets?isBatchable=false&templateVars=6437&marketsQuery=%24filter%3DeventId+eq+%2734401069%27+AND+clientMetadata%2FsubCategoryId+eq+%276437%27+AND+tags%2Fall%28t%3A+t+ne+%27SportcastBetBuilder%27%29&eventsQuery=%24filter%3Did+in+%28%2734401069%27%29&include=Events&entity=markets,data/market/raw/draftkings/2026-07-24/event_34401069/snapshot_draftkings_20260724_202349_subcategory_6437.json,4,success,
draftkings_20260724_202349,2026-07-24T20:23:49.603209+00:00,draftkings_public,DraftKings,34401069,5735,Round and Method,round_method,https://sportsbook-nash.draftkings.com/sites/US-KS-SB/api/sportscontent/controldata/league/eventSubcategory/v1/markets?isBatchable=false&templateVars=5735&marketsQuery=%24filter%3DeventId+eq+%2734401069%27+AND+clientMetadata%2FsubCategoryId+eq+%275735%27+AND+tags%2Fall%28t%3A+t+ne+%27SportcastBetBuilder%27%29&eventsQuery=%24filter%3Did+in+%28%2734401069%27%29&include=Events&entity=markets,data/market/raw/draftkings/2026-07-24/event_34401069/snapshot_draftkings_20260724_202349_subcategory_5735.json,13,success,
draftkings_20260724_202349,2026-07-24T20:23:49.603209+00:00,draftkings_public,DraftKings,34401069,15122,Finish Only,finish_only_moneyline,https://sportsbook-nash.draftkings.com/sites/US-KS-SB/api/sportscontent/controldata/league/eventSubcategory/v1/markets?isBatchable=false&templateVars=15122&marketsQuery=%24filter%3DeventId+eq+%2734401069%27+AND+clientMetadata%2FsubCategoryId+eq+%2715122%27+AND+tags%2Fall%28t%3A+t+ne+%27SportcastBetBuilder%27%29&eventsQuery=%24filter%3Did+in+%28%2734401069%27%29&include=Events&entity=markets,data/market/raw/draftkings/2026-07-24/event_34401069/snapshot_draftkings_20260724_202349_subcategory_15122.json,2,success,
draftkings_20260724_202349,2026-07-24T20:23:49.603209+00:00,draftkings_public,DraftKings,34401069,15123,Decision Only,decision_only_moneyline,https://sportsbook-nash.draftkings.com/sites/US-KS-SB/api/sportscontent/controldata/league/eventSubcategory/v1/markets?isBatchable=false&templateVars=15123&marketsQuery=%24filter%3DeventId+eq+%2734401069%27+AND+clientMetadata%2FsubCategoryId+eq+%2715123%27+AND+tags%2Fall%28t%3A+t+ne+%27SportcastBetBuilder%27%29&eventsQuery=%24filter%3Did+in+%28%2734401069%27%29&include=Events&entity=markets,data/market/raw/draftkings/2026-07-24/event_34401069/snapshot_draftkings_20260724_202349_subcategory_15123.json,2,success,
draftkings_20260724_202349,2026-07-24T20:23:49.603209+00:00,draftkings_public,DraftKings,34401069,15124,Round 1 Only,round_1_only_moneyline,https://sportsbook-nash.draftkings.com/sites/US-KS-SB/api/sportscontent/controldata/league/eventSubcategory/v1/markets?isBatchable=false&templateVars=15124&marketsQuery=%24filter%3DeventId+eq+%2734401069%27+AND+clientMetadata%2FsubCategoryId+eq+%2715124%27+AND+tags%2Fall%28t%3A+t+ne+%27SportcastBetBuilder%27%29&eventsQuery=%24filter%3Did+in+%28%2734401069%27%29&include=Events&entity=markets,data/market/raw/draftkings/2026-07-24/event_34401069/snapshot_draftkings_20260724_202349_subcategory_15124.json,2,success,
draftkings_20260724_202349,2026-07-24T20:23:49.603209+00:00,draftkings_public,DraftKings,34401069,15125,Submission Only,submission_only_moneyline,https://sportsbook-nash.draftkings.com/sites/US-KS-SB/api/sportscontent/controldata/league/eventSubcategory/v1/markets?isBatchable=false&templateVars=15125&marketsQuery=%24filter%3DeventId+eq+%2734401069%27+AND+clientMetadata%2FsubCategoryId+eq+%2715125%27+AND+tags%2Fall%28t%3A+t+ne+%27SportcastBetBuilder%27%29&eventsQuery=%24filter%3Did+in+%28%2734401069%27%29&include=Events&entity=markets,data/market/raw/draftkings/2026-07-24/event_34401069/snapshot_draftkings_20260724_202349_subcategory_15125.json,2,success,
draftkings_20260724_202349,2026-07-24T20:23:49.603209+00:00,draftkings_public,DraftKings,34401069,15126,KO TKO DQ Only,ko_tko_only_moneyline,https://sportsbook-nash.draftkings.com/sites/US-KS-SB/api/sportscontent/controldata/league/eventSubcategory/v1/markets?isBatchable=false&templateVars=15126&marketsQuery=%24filter%3DeventId+eq+%2734401069%27+AND+clientMetadata%2FsubCategoryId+eq+%2715126%27+AND+tags%2Fall%28t%3A+t+ne+%27SportcastBetBuilder%27%29&eventsQuery=%24filter%3Did+in+%28%2734401069%27%29&include=Events&entity=markets,data/market/raw/draftkings/2026-07-24/event_34401069/snapshot_draftkings_20260724_202349_subcategory_15126.json,2,success,
draftkings_20260724_202349,2026-07-24T20:23:49.603209+00:00,draftkings_public,DraftKings,34401069,19390,Fighter Significant Strikes Total,fighter_sig_strikes_total,https://sportsbook-nash.draftkings.com/sites/US-KS-SB/api/sportscontent/controldata/league/eventSubcategory/v1/markets?isBatchable=false&templateVars=19390&marketsQuery=%24filter%3DeventId+eq+%2734401069%27+AND+clientMetadata%2FsubCategoryId+eq+%2719390%27+AND+tags%2Fall%28t%3A+t+ne+%27SportcastBetBuilder%27%29&eventsQuery=%24filter%3Did+in+%28%2734401069%27%29&include=Events&entity=markets,data/market/raw/draftkings/2026-07-24/event_34401069/snapshot_draftkings_20260724_202349_subcategory_19390.json,0,success,
draftkings_20260724_202349,2026-07-24T20:23:49.603209+00:00,draftkings_public,DraftKings,34401078,13025,Main Lines,main_lines,https://sportsbook-nash.draftkings.com/sites/US-KS-SB/api/sportscontent/controldata/league/eventSubcategory/v1/markets?isBatchable=false&templateVars=13025&marketsQuery=%24filter%3DeventId+eq+%2734401078%27+AND+clientMetadata%2FsubCategoryId+eq+%2713025%27+AND+tags%2Fall%28t%3A+t+ne+%27SportcastBetBuilder%27%29&eventsQuery=%24filter%3Did+in+%28%2734401078%27%29&include=Events&entity=markets,data/market/raw/draftkings/2026-07-24/event_34401078/snapshot_draftkings_20260724_202349_subcategory_13025.json,6,success,
draftkings_20260724_202349,2026-07-24T20:23:49.603209+00:00,draftkings_public,DraftKings,34401078,13179,Alternate Total Rounds,alternate_total_rounds,https://sportsbook-nash.draftkings.com/sites/US-KS-SB/api/sportscontent/controldata/league/eventSubcategory/v1/markets?isBatchable=false&templateVars=13179&marketsQuery=%24filter%3DeventId+eq+%2734401078%27+AND+clientMetadata%2FsubCategoryId+eq+%2713179%27+AND+tags%2Fall%28t%3A+t+ne+%27SportcastBetBuilder%27%29&eventsQuery=%24filter%3Did+in+%28%2734401078%27%29&include=Events&entity=markets,data/market/raw/draftkings/2026-07-24/event_34401078/snapshot_draftkings_20260724_202349_subcategory_13179.json,4,success,
draftkings_20260724_202349,2026-07-24T20:23:49.603209+00:00,draftkings_public,DraftKings,34401078,16272,Alternate Point Spread,alternate_point_spread,https://sportsbook-nash.draftkings.com/sites/US-KS-SB/api/sportscontent/controldata/league/eventSubcategory/v1/markets?isBatchable=false&templateVars=16272&marketsQuery=%24filter%3DeventId+eq+%2734401078%27+AND+clientMetadata%2FsubCategoryId+eq+%2716272%27+AND+tags%2Fall%28t%3A+t+ne+%27SportcastBetBuilder%27%29&eventsQuery=%24filter%3Did+in+%28%2734401078%27%29&include=Events&entity=markets,data/market/raw/draftkings/2026-07-24/event_34401078/snapshot_draftkings_20260724_202349_subcategory_16272.json,10,success,
draftkings_20260724_202349,2026-07-24T20:23:49.603209+00:00,draftkings_public,DraftKings,34401078,17644,Fight to Go the Distance,goes_distance,https://sportsbook-nash.draftkings.com/sites/US-KS-SB/api/sportscontent/controldata/league/eventSubcategory/v1/markets?isBatchable=false&templateVars=17644&marketsQuery=%24filter%3DeventId+eq+%2734401078%27+AND+clientMetadata%2FsubCategoryId+eq+%2717644%27+AND+tags%2Fall%28t%3A+t+ne+%27SportcastBetBuilder%27%29&eventsQuery=%24filter%3Did+in+%28%2734401078%27%29&include=Events&entity=markets,data/market/raw/draftkings/2026-07-24/event_34401078/snapshot_draftkings_20260724_202349_subcategory_17644.json,2,success,
draftkings_20260724_202349,2026-07-24T20:23:49.603209+00:00,draftkings_public,DraftKings,34401078,18911,Fighter Method Props,fighter_method_props,https://sportsbook-nash.draftkings.com/sites/US-KS-SB/api/sportscontent/controldata/league/eventSubcategory/v1/markets?isBatchable=false&templateVars=18911&marketsQuery=%24filter%3DeventId+eq+%2734401078%27+AND+clientMetadata%2FsubCategoryId+eq+%2718911%27+AND+tags%2Fall%28t%3A+t+ne+%27SportcastBetBuilder%27%29&eventsQuery=%24filter%3Did+in+%28%2734401078%27%29&include=Events&entity=markets,data/market/raw/draftkings/2026-07-24/event_34401078/snapshot_draftkings_20260724_202349_subcategory_18911.json,6,success,
draftkings_20260724_202349,2026-07-24T20:23:49.603209+00:00,draftkings_public,DraftKings,34401078,6437,Exact Method of Victory,exact_method,https://sportsbook-nash.draftkings.com/sites/US-KS-SB/api/sportscontent/controldata/league/eventSubcategory/v1/markets?isBatchable=false&templateVars=6437&marketsQuery=%24filter%3DeventId+eq+%2734401078%27+AND+clientMetadata%2FsubCategoryId+eq+%276437%27+AND+tags%2Fall%28t%3A+t+ne+%27SportcastBetBuilder%27%29&eventsQuery=%24filter%3Did+in+%28%2734401078%27%29&include=Events&entity=markets,data/market/raw/draftkings/2026-07-24/event_34401078/snapshot_draftkings_20260724_202349_subcategory_6437.json,4,success,
draftkings_20260724_202349,2026-07-24T20:23:49.603209+00:00,draftkings_public,DraftKings,34401078,5735,Round and Method,round_method,https://sportsbook-nash.draftkings.com/sites/US-KS-SB/api/sportscontent/controldata/league/eventSubcategory/v1/markets?isBatchable=false&templateVars=5735&marketsQuery=%24filter%3DeventId+eq+%2734401078%27+AND+clientMetadata%2FsubCategoryId+eq+%275735%27+AND+tags%2Fall%28t%3A+t+ne+%27SportcastBetBuilder%27%29&eventsQuery=%24filter%3Did+in+%28%2734401078%27%29&include=Events&entity=markets,data/market/raw/draftkings/2026-07-24/event_34401078/snapshot_draftkings_20260724_202349_subcategory_5735.json,13,success,
draftkings_20260724_202349,2026-07-24T20:23:49.603209+00:00,draftkings_public,DraftKings,34401078,15122,Finish Only,finish_only_moneyline,https://sportsbook-nash.draftkings.com/sites/US-KS-SB/api/sportscontent/controldata/league/eventSubcategory/v1/markets?isBatchable=false&templateVars=15122&marketsQuery=%24filter%3DeventId+eq+%2734401078%27+AND+clientMetadata%2FsubCategoryId+eq+%2715122%27+AND+tags%2Fall%28t%3A+t+ne+%27SportcastBetBuilder%27%29&eventsQuery=%24filter%3Did+in+%28%2734401078%27%29&include=Events&entity=markets,data/market/raw/draftkings/2026-07-24/event_34401078/snapshot_draftkings_20260724_202349_subcategory_15122.json,2,success,
draftkings_20260724_202349,2026-07-24T20:23:49.603209+00:00,draftkings_public,DraftKings,34401078,15123,Decision Only,decision_only_moneyline,https://sportsbook-nash.draftkings.com/sites/US-KS-SB/api/sportscontent/controldata/league/eventSubcategory/v1/markets?isBatchable=false&templateVars=15123&marketsQuery=%24filter%3DeventId+eq+%2734401078%27+AND+clientMetadata%2FsubCategoryId+eq+%2715123%27+AND+tags%2Fall%28t%3A+t+ne+%27SportcastBetBuilder%27%29&eventsQuery=%24filter%3Did+in+%28%2734401078%27%29&include=Events&entity=markets,data/market/raw/draftkings/2026-07-24/event_34401078/snapshot_draftkings_20260724_202349_subcategory_15123.json,2,success,
draftkings_20260724_202349,2026-07-24T20:23:49.603209+00:00,draftkings_public,DraftKings,34401078,15124,Round 1 Only,round_1_only_moneyline,https://sportsbook-nash.draftkings.com/sites/US-KS-SB/api/sportscontent/controldata/league/eventSubcategory/v1/markets?isBatchable=false&templateVars=15124&marketsQuery=%24filter%3DeventId+eq+%2734401078%27+AND+clientMetadata%2FsubCategoryId+eq+%2715124%27+AND+tags%2Fall%28t%3A+t+ne+%27SportcastBetBuilder%27%29&eventsQuery=%24filter%3Did+in+%28%2734401078%27%29&include=Events&entity=markets,data/market/raw/draftkings/2026-07-24/event_34401078/snapshot_draftkings_20260724_202349_subcategory_15124.json,2,success,
draftkings_20260724_202349,2026-07-24T20:23:49.603209+00:00,draftkings_public,DraftKings,34401078,15125,Submission Only,submission_only_moneyline,https://sportsbook-nash.draftkings.com/sites/US-KS-SB/api/sportscontent/controldata/league/eventSubcategory/v1/markets?isBatchable=false&templateVars=15125&marketsQuery=%24filter%3DeventId+eq+%2734401078%27+AND+clientMetadata%2FsubCategoryId+eq+%2715125%27+AND+tags%2Fall%28t%3A+t+ne+%27SportcastBetBuilder%27%29&eventsQuery=%24filter%3Did+in+%28%2734401078%27%29&include=Events&entity=markets,data/market/raw/draftkings/2026-07-24/event_34401078/snapshot_draftkings_20260724_202349_subcategory_15125.json,2,success,
draftkings_20260724_202349,2026-07-24T20:23:49.603209+00:00,draftkings_public,DraftKings,34401078,15126,KO TKO DQ Only,ko_tko_only_moneyline,https://sportsbook-nash.draftkings.com/sites/US-KS-SB/api/sportscontent/controldata/league/eventSubcategory/v1/markets?isBatchable=false&templateVars=15126&marketsQuery=%24filter%3DeventId+eq+%2734401078%27+AND+clientMetadata%2FsubCategoryId+eq+%2715126%27+AND+tags%2Fall%28t%3A+t+ne+%27SportcastBetBuilder%27%29&eventsQuery=%24filter%3Did+in+%28%2734401078%27%29&include=Events&entity=markets,data/market/raw/draftkings/2026-07-24/event_34401078/snapshot_draftkings_20260724_202349_subcategory_15126.json,2,success,
draftkings_20260724_202349,2026-07-24T20:23:49.603209+00:00,draftkings_public,DraftKings,34401078,19390,Fighter Significant Strikes Total,fighter_sig_strikes_total,https://sportsbook-nash.draftkings.com/sites/US-KS-SB/api/sportscontent/controldata/league/eventSubcategory/v1/markets?isBatchable=false&templateVars=19390&marketsQuery=%24filter%3DeventId+eq+%2734401078%27+AND+clientMetadata%2FsubCategoryId+eq+%2719390%27+AND+tags%2Fall%28t%3A+t+ne+%27SportcastBetBuilder%27%29&eventsQuery=%24filter%3Did+in+%28%2734401078%27%29&include=Events&entity=markets,data/market/raw/draftkings/2026-07-24/event_34401078/snapshot_draftkings_20260724_202349_subcategory_19390.json,0,success,
draftkings_20260724_202349,2026-07-24T20:23:49.603209+00:00,draftkings_public,DraftKings,34424458,13025,Main Lines,main_lines,https://sportsbook-nash.draftkings.com/sites/US-KS-SB/api/sportscontent/controldata/league/eventSubcategory/v1/markets?isBatchable=false&templateVars=13025&marketsQuery=%24filter%3DeventId+eq+%2734424458%27+AND+clientMetadata%2FsubCategoryId+eq+%2713025%27+AND+tags%2Fall%28t%3A+t+ne+%27SportcastBetBuilder%27%29&eventsQuery=%24filter%3Did+in+%28%2734424458%27%29&include=Events&entity=markets,data/market/raw/draftkings/2026-07-24/event_34424458/snapshot_draftkings_20260724_202349_subcategory_13025.json,6,success,
draftkings_20260724_202349,2026-07-24T20:23:49.603209+00:00,draftkings_public,DraftKings,34424458,13179,Alternate Total Rounds,alternate_total_rounds,https://sportsbook-nash.draftkings.com/sites/US-KS-SB/api/sportscontent/controldata/league/eventSubcategory/v1/markets?isBatchable=false&templateVars=13179&marketsQuery=%24filter%3DeventId+eq+%2734424458%27+AND+clientMetadata%2FsubCategoryId+eq+%2713179%27+AND+tags%2Fall%28t%3A+t+ne+%27SportcastBetBuilder%27%29&eventsQuery=%24filter%3Did+in+%28%2734424458%27%29&include=Events&entity=markets,data/market/raw/draftkings/2026-07-24/event_34424458/snapshot_draftkings_20260724_202349_subcategory_13179.json,4,success,
draftkings_20260724_202349,2026-07-24T20:23:49.603209+00:00,draftkings_public,DraftKings,34424458,16272,Alternate Point Spread,alternate_point_spread,https://sportsbook-nash.draftkings.com/sites/US-KS-SB/api/sportscontent/controldata/league/eventSubcategory/v1/markets?isBatchable=false&templateVars=16272&marketsQuery=%24filter%3DeventId+eq+%2734424458%27+AND+clientMetadata%2FsubCategoryId+eq+%2716272%27+AND+tags%2Fall%28t%3A+t+ne+%27SportcastBetBuilder%27%29&eventsQuery=%24filter%3Did+in+%28%2734424458%27%29&include=Events&entity=markets,data/market/raw/draftkings/2026-07-24/event_34424458/snapshot_draftkings_20260724_202349_subcategory_16272.json,10,success,
draftkings_20260724_202349,2026-07-24T20:23:49.603209+00:00,draftkings_public,DraftKings,34424458,17644,Fight to Go the Distance,goes_distance,https://sportsbook-nash.draftkings.com/sites/US-KS-SB/api/sportscontent/controldata/league/eventSubcategory/v1/markets?isBatchable=false&templateVars=17644&marketsQuery=%24filter%3DeventId+eq+%2734424458%27+AND+clientMetadata%2FsubCategoryId+eq+%2717644%27+AND+tags%2Fall%28t%3A+t+ne+%27SportcastBetBuilder%27%29&eventsQuery=%24filter%3Did+in+%28%2734424458%27%29&include=Events&entity=markets,data/market/raw/draftkings/2026-07-24/event_34424458/snapshot_draftkings_20260724_202349_subcategory_17644.json,2,success,
draftkings_20260724_202349,2026-07-24T20:23:49.603209+00:00,draftkings_public,DraftKings,34424458,18911,Fighter Method Props,fighter_method_props,https://sportsbook-nash.draftkings.com/sites/US-KS-SB/api/sportscontent/controldata/league/eventSubcategory/v1/markets?isBatchable=false&templateVars=18911&marketsQuery=%24filter%3DeventId+eq+%2734424458%27+AND+clientMetadata%2FsubCategoryId+eq+%2718911%27+AND+tags%2Fall%28t%3A+t+ne+%27SportcastBetBuilder%27%29&eventsQuery=%24filter%3Did+in+%28%2734424458%27%29&include=Events&entity=markets,data/market/raw/draftkings/2026-07-24/event_34424458/snapshot_draftkings_20260724_202349_subcategory_18911.json,6,success,
draftkings_20260724_202349,2026-07-24T20:23:49.603209+00:00,draftkings_public,DraftKings,34424458,6437,Exact Method of Victory,exact_method,https://sportsbook-nash.draftkings.com/sites/US-KS-SB/api/sportscontent/controldata/league/eventSubcategory/v1/markets?isBatchable=false&templateVars=6437&marketsQuery=%24filter%3DeventId+eq+%2734424458%27+AND+clientMetadata%2FsubCategoryId+eq+%276437%27+AND+tags%2Fall%28t%3A+t+ne+%27SportcastBetBuilder%27%29&eventsQuery=%24filter%3Did+in+%28%2734424458%27%29&include=Events&entity=markets,data/market/raw/draftkings/2026-07-24/event_34424458/snapshot_draftkings_20260724_202349_subcategory_6437.json,4,success,
draftkings_20260724_202349,2026-07-24T20:23:49.603209+00:00,draftkings_public,DraftKings,34424458,5735,Round and Method,round_method,https://sportsbook-nash.draftkings.com/sites/US-KS-SB/api/sportscontent/controldata/league/eventSubcategory/v1/markets?isBatchable=false&templateVars=5735&marketsQuery=%24filter%3DeventId+eq+%2734424458%27+AND+clientMetadata%2FsubCategoryId+eq+%275735%27+AND+tags%2Fall%28t%3A+t+ne+%27SportcastBetBuilder%27%29&eventsQuery=%24filter%3Did+in+%28%2734424458%27%29&include=Events&entity=markets,data/market/raw/draftkings/2026-07-24/event_34424458/snapshot_draftkings_20260724_202349_subcategory_5735.json,13,success,
draftkings_20260724_202349,2026-07-24T20:23:49.603209+00:00,draftkings_public,DraftKings,34424458,15122,Finish Only,finish_only_moneyline,https://sportsbook-nash.draftkings.com/sites/US-KS-SB/api/sportscontent/controldata/league/eventSubcategory/v1/markets?isBatchable=false&templateVars=15122&marketsQuery=%24filter%3DeventId+eq+%2734424458%27+AND+clientMetadata%2FsubCategoryId+eq+%2715122%27+AND+tags%2Fall%28t%3A+t+ne+%27SportcastBetBuilder%27%29&eventsQuery=%24filter%3Did+in+%28%2734424458%27%29&include=Events&entity=markets,data/market/raw/draftkings/2026-07-24/event_34424458/snapshot_draftkings_20260724_202349_subcategory_15122.json,2,success,
draftkings_20260724_202349,2026-07-24T20:23:49.603209+00:00,draftkings_public,DraftKings,34424458,15123,Decision Only,decision_only_moneyline,https://sportsbook-nash.draftkings.com/sites/US-KS-SB/api/sportscontent/controldata/league/eventSubcategory/v1/markets?isBatchable=false&templateVars=15123&marketsQuery=%24filter%3DeventId+eq+%2734424458%27+AND+clientMetadata%2FsubCategoryId+eq+%2715123%27+AND+tags%2Fall%28t%3A+t+ne+%27SportcastBetBuilder%27%29&eventsQuery=%24filter%3Did+in+%28%2734424458%27%29&include=Events&entity=markets,data/market/raw/draftkings/2026-07-24/event_34424458/snapshot_draftkings_20260724_202349_subcategory_15123.json,2,success,
draftkings_20260724_202349,2026-07-24T20:23:49.603209+00:00,draftkings_public,DraftKings,34424458,15124,Round 1 Only,round_1_only_moneyline,https://sportsbook-nash.draftkings.com/sites/US-KS-SB/api/sportscontent/controldata/league/eventSubcategory/v1/markets?isBatchable=false&templateVars=15124&marketsQuery=%24filter%3DeventId+eq+%2734424458%27+AND+clientMetadata%2FsubCategoryId+eq+%2715124%27+AND+tags%2Fall%28t%3A+t+ne+%27SportcastBetBuilder%27%29&eventsQuery=%24filter%3Did+in+%28%2734424458%27%29&include=Events&entity=markets,data/market/raw/draftkings/2026-07-24/event_34424458/snapshot_draftkings_20260724_202349_subcategory_15124.json,2,success,
draftkings_20260724_202349,2026-07-24T20:23:49.603209+00:00,draftkings_public,DraftKings,34424458,15125,Submission Only,submission_only_moneyline,https://sportsbook-nash.draftkings.com/sites/US-KS-SB/api/sportscontent/controldata/league/eventSubcategory/v1/markets?isBatchable=false&templateVars=15125&marketsQuery=%24filter%3DeventId+eq+%2734424458%27+AND+clientMetadata%2FsubCategoryId+eq+%2715125%27+AND+tags%2Fall%28t%3A+t+ne+%27SportcastBetBuilder%27%29&eventsQuery=%24filter%3Did+in+%28%2734424458%27%29&include=Events&entity=markets,data/market/raw/draftkings/2026-07-24/event_34424458/snapshot_draftkings_20260724_202349_subcategory_15125.json,2,success,
draftkings_20260724_202349,2026-07-24T20:23:49.603209+00:00,draftkings_public,DraftKings,34424458,15126,KO TKO DQ Only,ko_tko_only_moneyline,https://sportsbook-nash.draftkings.com/sites/US-KS-SB/api/sportscontent/controldata/league/eventSubcategory/v1/markets?isBatchable=false&templateVars=15126&marketsQuery=%24filter%3DeventId+eq+%2734424458%27+AND+clientMetadata%2FsubCategoryId+eq+%2715126%27+AND+tags%2Fall%28t%3A+t+ne+%27SportcastBetBuilder%27%29&eventsQuery=%24filter%3Did+in+%28%2734424458%27%29&include=Events&entity=markets,data/market/raw/draftkings/2026-07-24/event_34424458/snapshot_draftkings_20260724_202349_subcategory_15126.json,2,success,
draftkings_20260724_202349,2026-07-24T20:23:49.603209+00:00,draftkings_public,DraftKings,34424458,19390,Fighter Significant Strikes Total,fighter_sig_strikes_total,https://sportsbook-nash.draftkings.com/sites/US-KS-SB/api/sportscontent/controldata/league/eventSubcategory/v1/markets?isBatchable=false&templateVars=19390&marketsQuery=%24filter%3DeventId+eq+%2734424458%27+AND+clientMetadata%2FsubCategoryId+eq+%2719390%27+AND+tags%2Fall%28t%3A+t+ne+%27SportcastBetBuilder%27%29&eventsQuery=%24filter%3Did+in+%28%2734424458%27%29&include=Events&entity=markets,data/market/raw/draftkings/2026-07-24/event_34424458/snapshot_draftkings_20260724_202349_subcategory_19390.json,0,success,
draftkings_20260724_202349,2026-07-24T20:23:49.603209+00:00,draftkings_public,DraftKings,34401073,13025,Main Lines,main_lines,https://sportsbook-nash.draftkings.com/sites/US-KS-SB/api/sportscontent/controldata/league/eventSubcategory/v1/markets?isBatchable=false&templateVars=13025&marketsQuery=%24filter%3DeventId+eq+%2734401073%27+AND+clientMetadata%2FsubCategoryId+eq+%2713025%27+AND+tags%2Fall%28t%3A+t+ne+%27SportcastBetBuilder%27%29&eventsQuery=%24filter%3Did+in+%28%2734401073%27%29&include=Events&entity=markets,data/market/raw/draftkings/2026-07-24/event_34401073/snapshot_draftkings_20260724_202349_subcategory_13025.json,6,success,
draftkings_20260724_202349,2026-07-24T20:23:49.603209+00:00,draftkings_public,DraftKings,34401073,13179,Alternate Total Rounds,alternate_total_rounds,https://sportsbook-nash.draftkings.com/sites/US-KS-SB/api/sportscontent/controldata/league/eventSubcategory/v1/markets?isBatchable=false&templateVars=13179&marketsQuery=%24filter%3DeventId+eq+%2734401073%27+AND+clientMetadata%2FsubCategoryId+eq+%2713179%27+AND+tags%2Fall%28t%3A+t+ne+%27SportcastBetBuilder%27%29&eventsQuery=%24filter%3Did+in+%28%2734401073%27%29&include=Events&entity=markets,data/market/raw/draftkings/2026-07-24/event_34401073/snapshot_draftkings_20260724_202349_subcategory_13179.json,4,success,
draftkings_20260724_202349,2026-07-24T20:23:49.603209+00:00,draftkings_public,DraftKings,34401073,16272,Alternate Point Spread,alternate_point_spread,https://sportsbook-nash.draftkings.com/sites/US-KS-SB/api/sportscontent/controldata/league/eventSubcategory/v1/markets?isBatchable=false&templateVars=16272&marketsQuery=%24filter%3DeventId+eq+%2734401073%27+AND+clientMetadata%2FsubCategoryId+eq+%2716272%27+AND+tags%2Fall%28t%3A+t+ne+%27SportcastBetBuilder%27%29&eventsQuery=%24filter%3Did+in+%28%2734401073%27%29&include=Events&entity=markets,data/market/raw/draftkings/2026-07-24/event_34401073/snapshot_draftkings_20260724_202349_subcategory_16272.json,10,success,
draftkings_20260724_202349,2026-07-24T20:23:49.603209+00:00,draftkings_public,DraftKings,34401073,17644,Fight to Go the Distance,goes_distance,https://sportsbook-nash.draftkings.com/sites/US-KS-SB/api/sportscontent/controldata/league/eventSubcategory/v1/markets?isBatchable=false&templateVars=17644&marketsQuery=%24filter%3DeventId+eq+%2734401073%27+AND+clientMetadata%2FsubCategoryId+eq+%2717644%27+AND+tags%2Fall%28t%3A+t+ne+%27SportcastBetBuilder%27%29&eventsQuery=%24filter%3Did+in+%28%2734401073%27%29&include=Events&entity=markets,data/market/raw/draftkings/2026-07-24/event_34401073/snapshot_draftkings_20260724_202349_subcategory_17644.json,2,success,
draftkings_20260724_202349,2026-07-24T20:23:49.603209+00:00,draftkings_public,DraftKings,34401073,18911,Fighter Method Props,fighter_method_props,https://sportsbook-nash.draftkings.com/sites/US-KS-SB/api/sportscontent/controldata/league/eventSubcategory/v1/markets?isBatchable=false&templateVars=18911&marketsQuery=%24filter%3DeventId+eq+%2734401073%27+AND+clientMetadata%2FsubCategoryId+eq+%2718911%27+AND+tags%2Fall%28t%3A+t+ne+%27SportcastBetBuilder%27%29&eventsQuery=%24filter%3Did+in+%28%2734401073%27%29&include=Events&entity=markets,data/market/raw/draftkings/2026-07-24/event_34401073/snapshot_draftkings_20260724_202349_subcategory_18911.json,6,success,
draftkings_20260724_202349,2026-07-24T20:23:49.603209+00:00,draftkings_public,DraftKings,34401073,6437,Exact Method of Victory,exact_method,https://sportsbook-nash.draftkings.com/sites/US-KS-SB/api/sportscontent/controldata/league/eventSubcategory/v1/markets?isBatchable=false&templateVars=6437&marketsQuery=%24filter%3DeventId+eq+%2734401073%27+AND+clientMetadata%2FsubCategoryId+eq+%276437%27+AND+tags%2Fall%28t%3A+t+ne+%27SportcastBetBuilder%27%29&eventsQuery=%24filter%3Did+in+%28%2734401073%27%29&include=Events&entity=markets,data/market/raw/draftkings/2026-07-24/event_34401073/snapshot_draftkings_20260724_202349_subcategory_6437.json,4,success,
draftkings_20260724_202349,2026-07-24T20:23:49.603209+00:00,draftkings_public,DraftKings,34401073,5735,Round and Method,round_method,https://sportsbook-nash.draftkings.com/sites/US-KS-SB/api/sportscontent/controldata/league/eventSubcategory/v1/markets?isBatchable=false&templateVars=5735&marketsQuery=%24filter%3DeventId+eq+%2734401073%27+AND+clientMetadata%2FsubCategoryId+eq+%275735%27+AND+tags%2Fall%28t%3A+t+ne+%27SportcastBetBuilder%27%29&eventsQuery=%24filter%3Did+in+%28%2734401073%27%29&include=Events&entity=markets,data/market/raw/draftkings/2026-07-24/event_34401073/snapshot_draftkings_20260724_202349_subcategory_5735.json,13,success,
draftkings_20260724_202349,2026-07-24T20:23:49.603209+00:00,draftkings_public,DraftKings,34401073,15122,Finish Only,finish_only_moneyline,https://sportsbook-nash.draftkings.com/sites/US-KS-SB/api/sportscontent/controldata/league/eventSubcategory/v1/markets?isBatchable=false&templateVars=15122&marketsQuery=%24filter%3DeventId+eq+%2734401073%27+AND+clientMetadata%2FsubCategoryId+eq+%2715122%27+AND+tags%2Fall%28t%3A+t+ne+%27SportcastBetBuilder%27%29&eventsQuery=%24filter%3Did+in+%28%2734401073%27%29&include=Events&entity=markets,data/market/raw/draftkings/2026-07-24/event_34401073/snapshot_draftkings_20260724_202349_subcategory_15122.json,2,success,
draftkings_20260724_202349,2026-07-24T20:23:49.603209+00:00,draftkings_public,DraftKings,34401073,15123,Decision Only,decision_only_moneyline,https://sportsbook-nash.draftkings.com/sites/US-KS-SB/api/sportscontent/controldata/league/eventSubcategory/v1/markets?isBatchable=false&templateVars=15123&marketsQuery=%24filter%3DeventId+eq+%2734401073%27+AND+clientMetadata%2FsubCategoryId+eq+%2715123%27+AND+tags%2Fall%28t%3A+t+ne+%27SportcastBetBuilder%27%29&eventsQuery=%24filter%3Did+in+%28%2734401073%27%29&include=Events&entity=markets,data/market/raw/draftkings/2026-07-24/event_34401073/snapshot_draftkings_20260724_202349_subcategory_15123.json,2,success,
draftkings_20260724_202349,2026-07-24T20:23:49.603209+00:00,draftkings_public,DraftKings,34401073,15124,Round 1 Only,round_1_only_moneyline,https://sportsbook-nash.draftkings.com/sites/US-KS-SB/api/sportscontent/controldata/league/eventSubcategory/v1/markets?isBatchable=false&templateVars=15124&marketsQuery=%24filter%3DeventId+eq+%2734401073%27+AND+clientMetadata%2FsubCategoryId+eq+%2715124%27+AND+tags%2Fall%28t%3A+t+ne+%27SportcastBetBuilder%27%29&eventsQuery=%24filter%3Did+in+%28%2734401073%27%29&include=Events&entity=markets,data/market/raw/draftkings/2026-07-24/event_34401073/snapshot_draftkings_20260724_202349_subcategory_15124.json,2,success,
draftkings_20260724_202349,2026-07-24T20:23:49.603209+00:00,draftkings_public,DraftKings,34401073,15125,Submission Only,submission_only_moneyline,https://sportsbook-nash.draftkings.com/sites/US-KS-SB/api/sportscontent/controldata/league/eventSubcategory/v1/markets?isBatchable=false&templateVars=15125&marketsQuery=%24filter%3DeventId+eq+%2734401073%27+AND+clientMetadata%2FsubCategoryId+eq+%2715125%27+AND+tags%2Fall%28t%3A+t+ne+%27SportcastBetBuilder%27%29&eventsQuery=%24filter%3Did+in+%28%2734401073%27%29&include=Events&entity=markets,data/market/raw/draftkings/2026-07-24/event_34401073/snapshot_draftkings_20260724_202349_subcategory_15125.json,2,success,
draftkings_20260724_202349,2026-07-24T20:23:49.603209+00:00,draftkings_public,DraftKings,34401073,15126,KO TKO DQ Only,ko_tko_only_moneyline,https://sportsbook-nash.draftkings.com/sites/US-KS-SB/api/sportscontent/controldata/league/eventSubcategory/v1/markets?isBatchable=false&templateVars=15126&marketsQuery=%24filter%3DeventId+eq+%2734401073%27+AND+clientMetadata%2FsubCategoryId+eq+%2715126%27+AND+tags%2Fall%28t%3A+t+ne+%27SportcastBetBuilder%27%29&eventsQuery=%24filter%3Did+in+%28%2734401073%27%29&include=Events&entity=markets,data/market/raw/draftkings/2026-07-24/event_34401073/snapshot_draftkings_20260724_202349_subcategory_15126.json,2,success,
draftkings_20260724_202349,2026-07-24T20:23:49.603209+00:00,draftkings_public,DraftKings,34401073,19390,Fighter Significant Strikes Total,fighter_sig_strikes_total,https://sportsbook-nash.draftkings.com/sites/US-KS-SB/api/sportscontent/controldata/league/eventSubcategory/v1/markets?isBatchable=false&templateVars=19390&marketsQuery=%24filter%3DeventId+eq+%2734401073%27+AND+clientMetadata%2FsubCategoryId+eq+%2719390%27+AND+tags%2Fall%28t%3A+t+ne+%27SportcastBetBuilder%27%29&eventsQuery=%24filter%3Did+in+%28%2734401073%27%29&include=Events&entity=markets,data/market/raw/draftkings/2026-07-24/event_34401073/snapshot_draftkings_20260724_202349_subcategory_19390.json,0,success,
draftkings_20260724_202349,2026-07-24T20:23:49.603209+00:00,draftkings_public,DraftKings,34401074,13025,Main Lines,main_lines,https://sportsbook-nash.draftkings.com/sites/US-KS-SB/api/sportscontent/controldata/league/eventSubcategory/v1/markets?isBatchable=false&templateVars=13025&marketsQuery=%24filter%3DeventId+eq+%2734401074%27+AND+clientMetadata%2FsubCategoryId+eq+%2713025%27+AND+tags%2Fall%28t%3A+t+ne+%27SportcastBetBuilder%27%29&eventsQuery=%24filter%3Did+in+%28%2734401074%27%29&include=Events&entity=markets,data/market/raw/draftkings/2026-07-24/event_34401074/snapshot_draftkings_20260724_202349_subcategory_13025.json,6,success,
draftkings_20260724_202349,2026-07-24T20:23:49.603209+00:00,draftkings_public,DraftKings,34401074,13179,Alternate Total Rounds,alternate_total_rounds,https://sportsbook-nash.draftkings.com/sites/US-KS-SB/api/sportscontent/controldata/league/eventSubcategory/v1/markets?isBatchable=false&templateVars=13179&marketsQuery=%24filter%3DeventId+eq+%2734401074%27+AND+clientMetadata%2FsubCategoryId+eq+%2713179%27+AND+tags%2Fall%28t%3A+t+ne+%27SportcastBetBuilder%27%29&eventsQuery=%24filter%3Did+in+%28%2734401074%27%29&include=Events&entity=markets,data/market/raw/draftkings/2026-07-24/event_34401074/snapshot_draftkings_20260724_202349_subcategory_13179.json,4,success,
draftkings_20260724_202349,2026-07-24T20:23:49.603209+00:00,draftkings_public,DraftKings,34401074,16272,Alternate Point Spread,alternate_point_spread,https://sportsbook-nash.draftkings.com/sites/US-KS-SB/api/sportscontent/controldata/league/eventSubcategory/v1/markets?isBatchable=false&templateVars=16272&marketsQuery=%24filter%3DeventId+eq+%2734401074%27+AND+clientMetadata%2FsubCategoryId+eq+%2716272%27+AND+tags%2Fall%28t%3A+t+ne+%27SportcastBetBuilder%27%29&eventsQuery=%24filter%3Did+in+%28%2734401074%27%29&include=Events&entity=markets,data/market/raw/draftkings/2026-07-24/event_34401074/snapshot_draftkings_20260724_202349_subcategory_16272.json,10,success,
draftkings_20260724_202349,2026-07-24T20:23:49.603209+00:00,draftkings_public,DraftKings,34401074,17644,Fight to Go the Distance,goes_distance,https://sportsbook-nash.draftkings.com/sites/US-KS-SB/api/sportscontent/controldata/league/eventSubcategory/v1/markets?isBatchable=false&templateVars=17644&marketsQuery=%24filter%3DeventId+eq+%2734401074%27+AND+clientMetadata%2FsubCategoryId+eq+%2717644%27+AND+tags%2Fall%28t%3A+t+ne+%27SportcastBetBuilder%27%29&eventsQuery=%24filter%3Did+in+%28%2734401074%27%29&include=Events&entity=markets,data/market/raw/draftkings/2026-07-24/event_34401074/snapshot_draftkings_20260724_202349_subcategory_17644.json,2,success,
draftkings_20260724_202349,2026-07-24T20:23:49.603209+00:00,draftkings_public,DraftKings,34401074,18911,Fighter Method Props,fighter_method_props,https://sportsbook-nash.draftkings.com/sites/US-KS-SB/api/sportscontent/controldata/league/eventSubcategory/v1/markets?isBatchable=false&templateVars=18911&marketsQuery=%24filter%3DeventId+eq+%2734401074%27+AND+clientMetadata%2FsubCategoryId+eq+%2718911%27+AND+tags%2Fall%28t%3A+t+ne+%27SportcastBetBuilder%27%29&eventsQuery=%24filter%3Did+in+%28%2734401074%27%29&include=Events&entity=markets,data/market/raw/draftkings/2026-07-24/event_34401074/snapshot_draftkings_20260724_202349_subcategory_18911.json,6,success,
draftkings_20260724_202349,2026-07-24T20:23:49.603209+00:00,draftkings_public,DraftKings,34401074,6437,Exact Method of Victory,exact_method,https://sportsbook-nash.draftkings.com/sites/US-KS-SB/api/sportscontent/controldata/league/eventSubcategory/v1/markets?isBatchable=false&templateVars=6437&marketsQuery=%24filter%3DeventId+eq+%2734401074%27+AND+clientMetadata%2FsubCategoryId+eq+%276437%27+AND+tags%2Fall%28t%3A+t+ne+%27SportcastBetBuilder%27%29&eventsQuery=%24filter%3Did+in+%28%2734401074%27%29&include=Events&entity=markets,data/market/raw/draftkings/2026-07-24/event_34401074/snapshot_draftkings_20260724_202349_subcategory_6437.json,4,success,
draftkings_20260724_202349,2026-07-24T20:23:49.603209+00:00,draftkings_public,DraftKings,34401074,5735,Round and Method,round_method,https://sportsbook-nash.draftkings.com/sites/US-KS-SB/api/sportscontent/controldata/league/eventSubcategory/v1/markets?isBatchable=false&templateVars=5735&marketsQuery=%24filter%3DeventId+eq+%2734401074%27+AND+clientMetadata%2FsubCategoryId+eq+%275735%27+AND+tags%2Fall%28t%3A+t+ne+%27SportcastBetBuilder%27%29&eventsQuery=%24filter%3Did+in+%28%2734401074%27%29&include=Events&entity=markets,data/market/raw/draftkings/2026-07-24/event_34401074/snapshot_draftkings_20260724_202349_subcategory_5735.json,13,success,
draftkings_20260724_202349,2026-07-24T20:23:49.603209+00:00,draftkings_public,DraftKings,34401074,15122,Finish Only,finish_only_moneyline,https://sportsbook-nash.draftkings.com/sites/US-KS-SB/api/sportscontent/controldata/league/eventSubcategory/v1/markets?isBatchable=false&templateVars=15122&marketsQuery=%24filter%3DeventId+eq+%2734401074%27+AND+clientMetadata%2FsubCategoryId+eq+%2715122%27+AND+tags%2Fall%28t%3A+t+ne+%27SportcastBetBuilder%27%29&eventsQuery=%24filter%3Did+in+%28%2734401074%27%29&include=Events&entity=markets,data/market/raw/draftkings/2026-07-24/event_34401074/snapshot_draftkings_20260724_202349_subcategory_15122.json,2,success,
draftkings_20260724_202349,2026-07-24T20:23:49.603209+00:00,draftkings_public,DraftKings,34401074,15123,Decision Only,decision_only_moneyline,https://sportsbook-nash.draftkings.com/sites/US-KS-SB/api/sportscontent/controldata/league/eventSubcategory/v1/markets?isBatchable=false&templateVars=15123&marketsQuery=%24filter%3DeventId+eq+%2734401074%27+AND+clientMetadata%2FsubCategoryId+eq+%2715123%27+AND+tags%2Fall%28t%3A+t+ne+%27SportcastBetBuilder%27%29&eventsQuery=%24filter%3Did+in+%28%2734401074%27%29&include=Events&entity=markets,data/market/raw/draftkings/2026-07-24/event_34401074/snapshot_draftkings_20260724_202349_subcategory_15123.json,2,success,
draftkings_20260724_202349,2026-07-24T20:23:49.603209+00:00,draftkings_public,DraftKings,34401074,15124,Round 1 Only,round_1_only_moneyline,https://sportsbook-nash.draftkings.com/sites/US-KS-SB/api/sportscontent/controldata/league/eventSubcategory/v1/markets?isBatchable=false&templateVars=15124&marketsQuery=%24filter%3DeventId+eq+%2734401074%27+AND+clientMetadata%2FsubCategoryId+eq+%2715124%27+AND+tags%2Fall%28t%3A+t+ne+%27SportcastBetBuilder%27%29&eventsQuery=%24filter%3Did+in+%28%2734401074%27%29&include=Events&entity=markets,data/market/raw/draftkings/2026-07-24/event_34401074/snapshot_draftkings_20260724_202349_subcategory_15124.json,2,success,
draftkings_20260724_202349,2026-07-24T20:23:49.603209+00:00,draftkings_public,DraftKings,34401074,15125,Submission Only,submission_only_moneyline,https://sportsbook-nash.draftkings.com/sites/US-KS-SB/api/sportscontent/controldata/league/eventSubcategory/v1/markets?isBatchable=false&templateVars=15125&marketsQuery=%24filter%3DeventId+eq+%2734401074%27+AND+clientMetadata%2FsubCategoryId+eq+%2715125%27+AND+tags%2Fall%28t%3A+t+ne+%27SportcastBetBuilder%27%29&eventsQuery=%24filter%3Did+in+%28%2734401074%27%29&include=Events&entity=markets,data/market/raw/draftkings/2026-07-24/event_34401074/snapshot_draftkings_20260724_202349_subcategory_15125.json,2,success,
draftkings_20260724_202349,2026-07-24T20:23:49.603209+00:00,draftkings_public,DraftKings,34401074,15126,KO TKO DQ Only,ko_tko_only_moneyline,https://sportsbook-nash.draftkings.com/sites/US-KS-SB/api/sportscontent/controldata/league/eventSubcategory/v1/markets?isBatchable=false&templateVars=15126&marketsQuery=%24filter%3DeventId+eq+%2734401074%27+AND+clientMetadata%2FsubCategoryId+eq+%2715126%27+AND+tags%2Fall%28t%3A+t+ne+%27SportcastBetBuilder%27%29&eventsQuery=%24filter%3Did+in+%28%2734401074%27%29&include=Events&entity=markets,data/market/raw/draftkings/2026-07-24/event_34401074/snapshot_draftkings_20260724_202349_subcategory_15126.json,2,success,
draftkings_20260724_202349,2026-07-24T20:23:49.603209+00:00,draftkings_public,DraftKings,34401074,19390,Fighter Significant Strikes Total,fighter_sig_strikes_total,https://sportsbook-nash.draftkings.com/sites/US-KS-SB/api/sportscontent/controldata/league/eventSubcategory/v1/markets?isBatchable=false&templateVars=19390&marketsQuery=%24filter%3DeventId+eq+%2734401074%27+AND+clientMetadata%2FsubCategoryId+eq+%2719390%27+AND+tags%2Fall%28t%3A+t+ne+%27SportcastBetBuilder%27%29&eventsQuery=%24filter%3Did+in+%28%2734401074%27%29&include=Events&entity=markets,data/market/raw/draftkings/2026-07-24/event_34401074/snapshot_draftkings_20260724_202349_subcategory_19390.json,0,success,
draftkings_20260724_202349,2026-07-24T20:23:49.603209+00:00,draftkings_public,DraftKings,34401075,13025,Main Lines,main_lines,https://sportsbook-nash.draftkings.com/sites/US-KS-SB/api/sportscontent/controldata/league/eventSubcategory/v1/markets?isBatchable=false&templateVars=13025&marketsQuery=%24filter%3DeventId+eq+%2734401075%27+AND+clientMetadata%2FsubCategoryId+eq+%2713025%27+AND+tags%2Fall%28t%3A+t+ne+%27SportcastBetBuilder%27%29&eventsQuery=%24filter%3Did+in+%28%2734401075%27%29&include=Events&entity=markets,data/market/raw/draftkings/2026-07-24/event_34401075/snapshot_draftkings_20260724_202349_subcategory_13025.json,6,success,
draftkings_20260724_202349,2026-07-24T20:23:49.603209+00:00,draftkings_public,DraftKings,34401075,13179,Alternate Total Rounds,alternate_total_rounds,https://sportsbook-nash.draftkings.com/sites/US-KS-SB/api/sportscontent/controldata/league/eventSubcategory/v1/markets?isBatchable=false&templateVars=13179&marketsQuery=%24filter%3DeventId+eq+%2734401075%27+AND+clientMetadata%2FsubCategoryId+eq+%2713179%27+AND+tags%2Fall%28t%3A+t+ne+%27SportcastBetBuilder%27%29&eventsQuery=%24filter%3Did+in+%28%2734401075%27%29&include=Events&entity=markets,data/market/raw/draftkings/2026-07-24/event_34401075/snapshot_draftkings_20260724_202349_subcategory_13179.json,4,success,
draftkings_20260724_202349,2026-07-24T20:23:49.603209+00:00,draftkings_public,DraftKings,34401075,16272,Alternate Point Spread,alternate_point_spread,https://sportsbook-nash.draftkings.com/sites/US-KS-SB/api/sportscontent/controldata/league/eventSubcategory/v1/markets?isBatchable=false&templateVars=16272&marketsQuery=%24filter%3DeventId+eq+%2734401075%27+AND+clientMetadata%2FsubCategoryId+eq+%2716272%27+AND+tags%2Fall%28t%3A+t+ne+%27SportcastBetBuilder%27%29&eventsQuery=%24filter%3Did+in+%28%2734401075%27%29&include=Events&entity=markets,data/market/raw/draftkings/2026-07-24/event_34401075/snapshot_draftkings_20260724_202349_subcategory_16272.json,10,success,
draftkings_20260724_202349,2026-07-24T20:23:49.603209+00:00,draftkings_public,DraftKings,34401075,17644,Fight to Go the Distance,goes_distance,https://sportsbook-nash.draftkings.com/sites/US-KS-SB/api/sportscontent/controldata/league/eventSubcategory/v1/markets?isBatchable=false&templateVars=17644&marketsQuery=%24filter%3DeventId+eq+%2734401075%27+AND+clientMetadata%2FsubCategoryId+eq+%2717644%27+AND+tags%2Fall%28t%3A+t+ne+%27SportcastBetBuilder%27%29&eventsQuery=%24filter%3Did+in+%28%2734401075%27%29&include=Events&entity=markets,data/market/raw/draftkings/2026-07-24/event_34401075/snapshot_draftkings_20260724_202349_subcategory_17644.json,2,success,
draftkings_20260724_202349,2026-07-24T20:23:49.603209+00:00,draftkings_public,DraftKings,34401075,18911,Fighter Method Props,fighter_method_props,https://sportsbook-nash.draftkings.com/sites/US-KS-SB/api/sportscontent/controldata/league/eventSubcategory/v1/markets?isBatchable=false&templateVars=18911&marketsQuery=%24filter%3DeventId+eq+%2734401075%27+AND+clientMetadata%2FsubCategoryId+eq+%2718911%27+AND+tags%2Fall%28t%3A+t+ne+%27SportcastBetBuilder%27%29&eventsQuery=%24filter%3Did+in+%28%2734401075%27%29&include=Events&entity=markets,data/market/raw/draftkings/2026-07-24/event_34401075/snapshot_draftkings_20260724_202349_subcategory_18911.json,6,success,
draftkings_20260724_202349,2026-07-24T20:23:49.603209+00:00,draftkings_public,DraftKings,34401075,6437,Exact Method of Victory,exact_method,https://sportsbook-nash.draftkings.com/sites/US-KS-SB/api/sportscontent/controldata/league/eventSubcategory/v1/markets?isBatchable=false&templateVars=6437&marketsQuery=%24filter%3DeventId+eq+%2734401075%27+AND+clientMetadata%2FsubCategoryId+eq+%276437%27+AND+tags%2Fall%28t%3A+t+ne+%27SportcastBetBuilder%27%29&eventsQuery=%24filter%3Did+in+%28%2734401075%27%29&include=Events&entity=markets,data/market/raw/draftkings/2026-07-24/event_34401075/snapshot_draftkings_20260724_202349_subcategory_6437.json,4,success,
draftkings_20260724_202349,2026-07-24T20:23:49.603209+00:00,draftkings_public,DraftKings,34401075,5735,Round and Method,round_method,https://sportsbook-nash.draftkings.com/sites/US-KS-SB/api/sportscontent/controldata/league/eventSubcategory/v1/markets?isBatchable=false&templateVars=5735&marketsQuery=%24filter%3DeventId+eq+%2734401075%27+AND+clientMetadata%2FsubCategoryId+eq+%275735%27+AND+tags%2Fall%28t%3A+t+ne+%27SportcastBetBuilder%27%29&eventsQuery=%24filter%3Did+in+%28%2734401075%27%29&include=Events&entity=markets,data/market/raw/draftkings/2026-07-24/event_34401075/snapshot_draftkings_20260724_202349_subcategory_5735.json,13,success,
draftkings_20260724_202349,2026-07-24T20:23:49.603209+00:00,draftkings_public,DraftKings,34401075,15122,Finish Only,finish_only_moneyline,https://sportsbook-nash.draftkings.com/sites/US-KS-SB/api/sportscontent/controldata/league/eventSubcategory/v1/markets?isBatchable=false&templateVars=15122&marketsQuery=%24filter%3DeventId+eq+%2734401075%27+AND+clientMetadata%2FsubCategoryId+eq+%2715122%27+AND+tags%2Fall%28t%3A+t+ne+%27SportcastBetBuilder%27%29&eventsQuery=%24filter%3Did+in+%28%2734401075%27%29&include=Events&entity=markets,data/market/raw/draftkings/2026-07-24/event_34401075/snapshot_draftkings_20260724_202349_subcategory_15122.json,2,success,
draftkings_20260724_202349,2026-07-24T20:23:49.603209+00:00,draftkings_public,DraftKings,34401075,15123,Decision Only,decision_only_moneyline,https://sportsbook-nash.draftkings.com/sites/US-KS-SB/api/sportscontent/controldata/league/eventSubcategory/v1/markets?isBatchable=false&templateVars=15123&marketsQuery=%24filter%3DeventId+eq+%2734401075%27+AND+clientMetadata%2FsubCategoryId+eq+%2715123%27+AND+tags%2Fall%28t%3A+t+ne+%27SportcastBetBuilder%27%29&eventsQuery=%24filter%3Did+in+%28%2734401075%27%29&include=Events&entity=markets,data/market/raw/draftkings/2026-07-24/event_34401075/snapshot_draftkings_20260724_202349_subcategory_15123.json,2,success,
draftkings_20260724_202349,2026-07-24T20:23:49.603209+00:00,draftkings_public,DraftKings,34401075,15124,Round 1 Only,round_1_only_moneyline,https://sportsbook-nash.draftkings.com/sites/US-KS-SB/api/sportscontent/controldata/league/eventSubcategory/v1/markets?isBatchable=false&templateVars=15124&marketsQuery=%24filter%3DeventId+eq+%2734401075%27+AND+clientMetadata%2FsubCategoryId+eq+%2715124%27+AND+tags%2Fall%28t%3A+t+ne+%27SportcastBetBuilder%27%29&eventsQuery=%24filter%3Did+in+%28%2734401075%27%29&include=Events&entity=markets,data/market/raw/draftkings/2026-07-24/event_34401075/snapshot_draftkings_20260724_202349_subcategory_15124.json,2,success,
draftkings_20260724_202349,2026-07-24T20:23:49.603209+00:00,draftkings_public,DraftKings,34401075,15125,Submission Only,submission_only_moneyline,https://sportsbook-nash.draftkings.com/sites/US-KS-SB/api/sportscontent/controldata/league/eventSubcategory/v1/markets?isBatchable=false&templateVars=15125&marketsQuery=%24filter%3DeventId+eq+%2734401075%27+AND+clientMetadata%2FsubCategoryId+eq+%2715125%27+AND+tags%2Fall%28t%3A+t+ne+%27SportcastBetBuilder%27%29&eventsQuery=%24filter%3Did+in+%28%2734401075%27%29&include=Events&entity=markets,data/market/raw/draftkings/2026-07-24/event_34401075/snapshot_draftkings_20260724_202349_subcategory_15125.json,2,success,
draftkings_20260724_202349,2026-07-24T20:23:49.603209+00:00,draftkings_public,DraftKings,34401075,15126,KO TKO DQ Only,ko_tko_only_moneyline,https://sportsbook-nash.draftkings.com/sites/US-KS-SB/api/sportscontent/controldata/league/eventSubcategory/v1/markets?isBatchable=false&templateVars=15126&marketsQuery=%24filter%3DeventId+eq+%2734401075%27+AND+clientMetadata%2FsubCategoryId+eq+%2715126%27+AND+tags%2Fall%28t%3A+t+ne+%27SportcastBetBuilder%27%29&eventsQuery=%24filter%3Did+in+%28%2734401075%27%29&include=Events&entity=markets,data/market/raw/draftkings/2026-07-24/event_34401075/snapshot_draftkings_20260724_202349_subcategory_15126.json,2,success,
draftkings_20260724_202349,2026-07-24T20:23:49.603209+00:00,draftkings_public,DraftKings,34401075,19390,Fighter Significant Strikes Total,fighter_sig_strikes_total,https://sportsbook-nash.draftkings.com/sites/US-KS-SB/api/sportscontent/controldata/league/eventSubcategory/v1/markets?isBatchable=false&templateVars=19390&marketsQuery=%24filter%3DeventId+eq+%2734401075%27+AND+clientMetadata%2FsubCategoryId+eq+%2719390%27+AND+tags%2Fall%28t%3A+t+ne+%27SportcastBetBuilder%27%29&eventsQuery=%24filter%3Did+in+%28%2734401075%27%29&include=Events&entity=markets,data/market/raw/draftkings/2026-07-24/event_34401075/snapshot_draftkings_20260724_202349_subcategory_19390.json,0,success,
draftkings_20260724_202349,2026-07-24T20:23:49.603209+00:00,draftkings_public,DraftKings,34401076,13025,Main Lines,main_lines,https://sportsbook-nash.draftkings.com/sites/US-KS-SB/api/sportscontent/controldata/league/eventSubcategory/v1/markets?isBatchable=false&templateVars=13025&marketsQuery=%24filter%3DeventId+eq+%2734401076%27+AND+clientMetadata%2FsubCategoryId+eq+%2713025%27+AND+tags%2Fall%28t%3A+t+ne+%27SportcastBetBuilder%27%29&eventsQuery=%24filter%3Did+in+%28%2734401076%27%29&include=Events&entity=markets,data/market/raw/draftkings/2026-07-24/event_34401076/snapshot_draftkings_20260724_202349_subcategory_13025.json,6,success,
draftkings_20260724_202349,2026-07-24T20:23:49.603209+00:00,draftkings_public,DraftKings,34401076,13179,Alternate Total Rounds,alternate_total_rounds,https://sportsbook-nash.draftkings.com/sites/US-KS-SB/api/sportscontent/controldata/league/eventSubcategory/v1/markets?isBatchable=false&templateVars=13179&marketsQuery=%24filter%3DeventId+eq+%2734401076%27+AND+clientMetadata%2FsubCategoryId+eq+%2713179%27+AND+tags%2Fall%28t%3A+t+ne+%27SportcastBetBuilder%27%29&eventsQuery=%24filter%3Did+in+%28%2734401076%27%29&include=Events&entity=markets,data/market/raw/draftkings/2026-07-24/event_34401076/snapshot_draftkings_20260724_202349_subcategory_13179.json,4,success,
draftkings_20260724_202349,2026-07-24T20:23:49.603209+00:00,draftkings_public,DraftKings,34401076,16272,Alternate Point Spread,alternate_point_spread,https://sportsbook-nash.draftkings.com/sites/US-KS-SB/api/sportscontent/controldata/league/eventSubcategory/v1/markets?isBatchable=false&templateVars=16272&marketsQuery=%24filter%3DeventId+eq+%2734401076%27+AND+clientMetadata%2FsubCategoryId+eq+%2716272%27+AND+tags%2Fall%28t%3A+t+ne+%27SportcastBetBuilder%27%29&eventsQuery=%24filter%3Did+in+%28%2734401076%27%29&include=Events&entity=markets,data/market/raw/draftkings/2026-07-24/event_34401076/snapshot_draftkings_20260724_202349_subcategory_16272.json,10,success,
draftkings_20260724_202349,2026-07-24T20:23:49.603209+00:00,draftkings_public,DraftKings,34401076,17644,Fight to Go the Distance,goes_distance,https://sportsbook-nash.draftkings.com/sites/US-KS-SB/api/sportscontent/controldata/league/eventSubcategory/v1/markets?isBatchable=false&templateVars=17644&marketsQuery=%24filter%3DeventId+eq+%2734401076%27+AND+clientMetadata%2FsubCategoryId+eq+%2717644%27+AND+tags%2Fall%28t%3A+t+ne+%27SportcastBetBuilder%27%29&eventsQuery=%24filter%3Did+in+%28%2734401076%27%29&include=Events&entity=markets,data/market/raw/draftkings/2026-07-24/event_34401076/snapshot_draftkings_20260724_202349_subcategory_17644.json,2,success,
draftkings_20260724_202349,2026-07-24T20:23:49.603209+00:00,draftkings_public,DraftKings,34401076,18911,Fighter Method Props,fighter_method_props,https://sportsbook-nash.draftkings.com/sites/US-KS-SB/api/sportscontent/controldata/league/eventSubcategory/v1/markets?isBatchable=false&templateVars=18911&marketsQuery=%24filter%3DeventId+eq+%2734401076%27+AND+clientMetadata%2FsubCategoryId+eq+%2718911%27+AND+tags%2Fall%28t%3A+t+ne+%27SportcastBetBuilder%27%29&eventsQuery=%24filter%3Did+in+%28%2734401076%27%29&include=Events&entity=markets,data/market/raw/draftkings/2026-07-24/event_34401076/snapshot_draftkings_20260724_202349_subcategory_18911.json,6,success,
draftkings_20260724_202349,2026-07-24T20:23:49.603209+00:00,draftkings_public,DraftKings,34401076,6437,Exact Method of Victory,exact_method,https://sportsbook-nash.draftkings.com/sites/US-KS-SB/api/sportscontent/controldata/league/eventSubcategory/v1/markets?isBatchable=false&templateVars=6437&marketsQuery=%24filter%3DeventId+eq+%2734401076%27+AND+clientMetadata%2FsubCategoryId+eq+%276437%27+AND+tags%2Fall%28t%3A+t+ne+%27SportcastBetBuilder%27%29&eventsQuery=%24filter%3Did+in+%28%2734401076%27%29&include=Events&entity=markets,data/market/raw/draftkings/2026-07-24/event_34401076/snapshot_draftkings_20260724_202349_subcategory_6437.json,4,success,
draftkings_20260724_202349,2026-07-24T20:23:49.603209+00:00,draftkings_public,DraftKings,34401076,5735,Round and Method,round_method,https://sportsbook-nash.draftkings.com/sites/US-KS-SB/api/sportscontent/controldata/league/eventSubcategory/v1/markets?isBatchable=false&templateVars=5735&marketsQuery=%24filter%3DeventId+eq+%2734401076%27+AND+clientMetadata%2FsubCategoryId+eq+%275735%27+AND+tags%2Fall%28t%3A+t+ne+%27SportcastBetBuilder%27%29&eventsQuery=%24filter%3Did+in+%28%2734401076%27%29&include=Events&entity=markets,data/market/raw/draftkings/2026-07-24/event_34401076/snapshot_draftkings_20260724_202349_subcategory_5735.json,13,success,
draftkings_20260724_202349,2026-07-24T20:23:49.603209+00:00,draftkings_public,DraftKings,34401076,15122,Finish Only,finish_only_moneyline,https://sportsbook-nash.draftkings.com/sites/US-KS-SB/api/sportscontent/controldata/league/eventSubcategory/v1/markets?isBatchable=false&templateVars=15122&marketsQuery=%24filter%3DeventId+eq+%2734401076%27+AND+clientMetadata%2FsubCategoryId+eq+%2715122%27+AND+tags%2Fall%28t%3A+t+ne+%27SportcastBetBuilder%27%29&eventsQuery=%24filter%3Did+in+%28%2734401076%27%29&include=Events&entity=markets,data/market/raw/draftkings/2026-07-24/event_34401076/snapshot_draftkings_20260724_202349_subcategory_15122.json,2,success,
draftkings_20260724_202349,2026-07-24T20:23:49.603209+00:00,draftkings_public,DraftKings,34401076,15123,Decision Only,decision_only_moneyline,https://sportsbook-nash.draftkings.com/sites/US-KS-SB/api/sportscontent/controldata/league/eventSubcategory/v1/markets?isBatchable=false&templateVars=15123&marketsQuery=%24filter%3DeventId+eq+%2734401076%27+AND+clientMetadata%2FsubCategoryId+eq+%2715123%27+AND+tags%2Fall%28t%3A+t+ne+%27SportcastBetBuilder%27%29&eventsQuery=%24filter%3Did+in+%28%2734401076%27%29&include=Events&entity=markets,data/market/raw/draftkings/2026-07-24/event_34401076/snapshot_draftkings_20260724_202349_subcategory_15123.json,2,success,
draftkings_20260724_202349,2026-07-24T20:23:49.603209+00:00,draftkings_public,DraftKings,34401076,15124,Round 1 Only,round_1_only_moneyline,https://sportsbook-nash.draftkings.com/sites/US-KS-SB/api/sportscontent/controldata/league/eventSubcategory/v1/markets?isBatchable=false&templateVars=15124&marketsQuery=%24filter%3DeventId+eq+%2734401076%27+AND+clientMetadata%2FsubCategoryId+eq+%2715124%27+AND+tags%2Fall%28t%3A+t+ne+%27SportcastBetBuilder%27%29&eventsQuery=%24filter%3Did+in+%28%2734401076%27%29&include=Events&entity=markets,data/market/raw/draftkings/2026-07-24/event_34401076/snapshot_draftkings_20260724_202349_subcategory_15124.json,2,success,
draftkings_20260724_202349,2026-07-24T20:23:49.603209+00:00,draftkings_public,DraftKings,34401076,15125,Submission Only,submission_only_moneyline,https://sportsbook-nash.draftkings.com/sites/US-KS-SB/api/sportscontent/controldata/league/eventSubcategory/v1/markets?isBatchable=false&templateVars=15125&marketsQuery=%24filter%3DeventId+eq+%2734401076%27+AND+clientMetadata%2FsubCategoryId+eq+%2715125%27+AND+tags%2Fall%28t%3A+t+ne+%27SportcastBetBuilder%27%29&eventsQuery=%24filter%3Did+in+%28%2734401076%27%29&include=Events&entity=markets,data/market/raw/draftkings/2026-07-24/event_34401076/snapshot_draftkings_20260724_202349_subcategory_15125.json,2,success,
draftkings_20260724_202349,2026-07-24T20:23:49.603209+00:00,draftkings_public,DraftKings,34401076,15126,KO TKO DQ Only,ko_tko_only_moneyline,https://sportsbook-nash.draftkings.com/sites/US-KS-SB/api/sportscontent/controldata/league/eventSubcategory/v1/markets?isBatchable=false&templateVars=15126&marketsQuery=%24filter%3DeventId+eq+%2734401076%27+AND+clientMetadata%2FsubCategoryId+eq+%2715126%27+AND+tags%2Fall%28t%3A+t+ne+%27SportcastBetBuilder%27%29&eventsQuery=%24filter%3Did+in+%28%2734401076%27%29&include=Events&entity=markets,data/market/raw/draftkings/2026-07-24/event_34401076/snapshot_draftkings_20260724_202349_subcategory_15126.json,2,success,
draftkings_20260724_202349,2026-07-24T20:23:49.603209+00:00,draftkings_public,DraftKings,34401076,19390,Fighter Significant Strikes Total,fighter_sig_strikes_total,https://sportsbook-nash.draftkings.com/sites/US-KS-SB/api/sportscontent/controldata/league/eventSubcategory/v1/markets?isBatchable=false&templateVars=19390&marketsQuery=%24filter%3DeventId+eq+%2734401076%27+AND+clientMetadata%2FsubCategoryId+eq+%2719390%27+AND+tags%2Fall%28t%3A+t+ne+%27SportcastBetBuilder%27%29&eventsQuery=%24filter%3Did+in+%28%2734401076%27%29&include=Events&entity=markets,data/market/raw/draftkings/2026-07-24/event_34401076/snapshot_draftkings_20260724_202349_subcategory_19390.json,4,success,
draftkings_20260724_202349,2026-07-24T20:23:49.603209+00:00,draftkings_public,DraftKings,34401077,13025,Main Lines,main_lines,https://sportsbook-nash.draftkings.com/sites/US-KS-SB/api/sportscontent/controldata/league/eventSubcategory/v1/markets?isBatchable=false&templateVars=13025&marketsQuery=%24filter%3DeventId+eq+%2734401077%27+AND+clientMetadata%2FsubCategoryId+eq+%2713025%27+AND+tags%2Fall%28t%3A+t+ne+%27SportcastBetBuilder%27%29&eventsQuery=%24filter%3Did+in+%28%2734401077%27%29&include=Events&entity=markets,data/market/raw/draftkings/2026-07-24/event_34401077/snapshot_draftkings_20260724_202349_subcategory_13025.json,6,success,
draftkings_20260724_202349,2026-07-24T20:23:49.603209+00:00,draftkings_public,DraftKings,34401077,13179,Alternate Total Rounds,alternate_total_rounds,https://sportsbook-nash.draftkings.com/sites/US-KS-SB/api/sportscontent/controldata/league/eventSubcategory/v1/markets?isBatchable=false&templateVars=13179&marketsQuery=%24filter%3DeventId+eq+%2734401077%27+AND+clientMetadata%2FsubCategoryId+eq+%2713179%27+AND+tags%2Fall%28t%3A+t+ne+%27SportcastBetBuilder%27%29&eventsQuery=%24filter%3Did+in+%28%2734401077%27%29&include=Events&entity=markets,data/market/raw/draftkings/2026-07-24/event_34401077/snapshot_draftkings_20260724_202349_subcategory_13179.json,8,success,
draftkings_20260724_202349,2026-07-24T20:23:49.603209+00:00,draftkings_public,DraftKings,34401077,16272,Alternate Point Spread,alternate_point_spread,https://sportsbook-nash.draftkings.com/sites/US-KS-SB/api/sportscontent/controldata/league/eventSubcategory/v1/markets?isBatchable=false&templateVars=16272&marketsQuery=%24filter%3DeventId+eq+%2734401077%27+AND+clientMetadata%2FsubCategoryId+eq+%2716272%27+AND+tags%2Fall%28t%3A+t+ne+%27SportcastBetBuilder%27%29&eventsQuery=%24filter%3Did+in+%28%2734401077%27%29&include=Events&entity=markets,data/market/raw/draftkings/2026-07-24/event_34401077/snapshot_draftkings_20260724_202349_subcategory_16272.json,10,success,
draftkings_20260724_202349,2026-07-24T20:23:49.603209+00:00,draftkings_public,DraftKings,34401077,17644,Fight to Go the Distance,goes_distance,https://sportsbook-nash.draftkings.com/sites/US-KS-SB/api/sportscontent/controldata/league/eventSubcategory/v1/markets?isBatchable=false&templateVars=17644&marketsQuery=%24filter%3DeventId+eq+%2734401077%27+AND+clientMetadata%2FsubCategoryId+eq+%2717644%27+AND+tags%2Fall%28t%3A+t+ne+%27SportcastBetBuilder%27%29&eventsQuery=%24filter%3Did+in+%28%2734401077%27%29&include=Events&entity=markets,data/market/raw/draftkings/2026-07-24/event_34401077/snapshot_draftkings_20260724_202349_subcategory_17644.json,2,success,
draftkings_20260724_202349,2026-07-24T20:23:49.603209+00:00,draftkings_public,DraftKings,34401077,18911,Fighter Method Props,fighter_method_props,https://sportsbook-nash.draftkings.com/sites/US-KS-SB/api/sportscontent/controldata/league/eventSubcategory/v1/markets?isBatchable=false&templateVars=18911&marketsQuery=%24filter%3DeventId+eq+%2734401077%27+AND+clientMetadata%2FsubCategoryId+eq+%2718911%27+AND+tags%2Fall%28t%3A+t+ne+%27SportcastBetBuilder%27%29&eventsQuery=%24filter%3Did+in+%28%2734401077%27%29&include=Events&entity=markets,data/market/raw/draftkings/2026-07-24/event_34401077/snapshot_draftkings_20260724_202349_subcategory_18911.json,6,success,
draftkings_20260724_202349,2026-07-24T20:23:49.603209+00:00,draftkings_public,DraftKings,34401077,6437,Exact Method of Victory,exact_method,https://sportsbook-nash.draftkings.com/sites/US-KS-SB/api/sportscontent/controldata/league/eventSubcategory/v1/markets?isBatchable=false&templateVars=6437&marketsQuery=%24filter%3DeventId+eq+%2734401077%27+AND+clientMetadata%2FsubCategoryId+eq+%276437%27+AND+tags%2Fall%28t%3A+t+ne+%27SportcastBetBuilder%27%29&eventsQuery=%24filter%3Did+in+%28%2734401077%27%29&include=Events&entity=markets,data/market/raw/draftkings/2026-07-24/event_34401077/snapshot_draftkings_20260724_202349_subcategory_6437.json,4,success,
draftkings_20260724_202349,2026-07-24T20:23:49.603209+00:00,draftkings_public,DraftKings,34401077,5735,Round and Method,round_method,https://sportsbook-nash.draftkings.com/sites/US-KS-SB/api/sportscontent/controldata/league/eventSubcategory/v1/markets?isBatchable=false&templateVars=5735&marketsQuery=%24filter%3DeventId+eq+%2734401077%27+AND+clientMetadata%2FsubCategoryId+eq+%275735%27+AND+tags%2Fall%28t%3A+t+ne+%27SportcastBetBuilder%27%29&eventsQuery=%24filter%3Did+in+%28%2734401077%27%29&include=Events&entity=markets,data/market/raw/draftkings/2026-07-24/event_34401077/snapshot_draftkings_20260724_202349_subcategory_5735.json,21,success,
draftkings_20260724_202349,2026-07-24T20:23:49.603209+00:00,draftkings_public,DraftKings,34401077,15122,Finish Only,finish_only_moneyline,https://sportsbook-nash.draftkings.com/sites/US-KS-SB/api/sportscontent/controldata/league/eventSubcategory/v1/markets?isBatchable=false&templateVars=15122&marketsQuery=%24filter%3DeventId+eq+%2734401077%27+AND+clientMetadata%2FsubCategoryId+eq+%2715122%27+AND+tags%2Fall%28t%3A+t+ne+%27SportcastBetBuilder%27%29&eventsQuery=%24filter%3Did+in+%28%2734401077%27%29&include=Events&entity=markets,data/market/raw/draftkings/2026-07-24/event_34401077/snapshot_draftkings_20260724_202349_subcategory_15122.json,2,success,
draftkings_20260724_202349,2026-07-24T20:23:49.603209+00:00,draftkings_public,DraftKings,34401077,15123,Decision Only,decision_only_moneyline,https://sportsbook-nash.draftkings.com/sites/US-KS-SB/api/sportscontent/controldata/league/eventSubcategory/v1/markets?isBatchable=false&templateVars=15123&marketsQuery=%24filter%3DeventId+eq+%2734401077%27+AND+clientMetadata%2FsubCategoryId+eq+%2715123%27+AND+tags%2Fall%28t%3A+t+ne+%27SportcastBetBuilder%27%29&eventsQuery=%24filter%3Did+in+%28%2734401077%27%29&include=Events&entity=markets,data/market/raw/draftkings/2026-07-24/event_34401077/snapshot_draftkings_20260724_202349_subcategory_15123.json,2,success,
draftkings_20260724_202349,2026-07-24T20:23:49.603209+00:00,draftkings_public,DraftKings,34401077,15124,Round 1 Only,round_1_only_moneyline,https://sportsbook-nash.draftkings.com/sites/US-KS-SB/api/sportscontent/controldata/league/eventSubcategory/v1/markets?isBatchable=false&templateVars=15124&marketsQuery=%24filter%3DeventId+eq+%2734401077%27+AND+clientMetadata%2FsubCategoryId+eq+%2715124%27+AND+tags%2Fall%28t%3A+t+ne+%27SportcastBetBuilder%27%29&eventsQuery=%24filter%3Did+in+%28%2734401077%27%29&include=Events&entity=markets,data/market/raw/draftkings/2026-07-24/event_34401077/snapshot_draftkings_20260724_202349_subcategory_15124.json,2,success,
draftkings_20260724_202349,2026-07-24T20:23:49.603209+00:00,draftkings_public,DraftKings,34401077,15125,Submission Only,submission_only_moneyline,https://sportsbook-nash.draftkings.com/sites/US-KS-SB/api/sportscontent/controldata/league/eventSubcategory/v1/markets?isBatchable=false&templateVars=15125&marketsQuery=%24filter%3DeventId+eq+%2734401077%27+AND+clientMetadata%2FsubCategoryId+eq+%2715125%27+AND+tags%2Fall%28t%3A+t+ne+%27SportcastBetBuilder%27%29&eventsQuery=%24filter%3Did+in+%28%2734401077%27%29&include=Events&entity=markets,data/market/raw/draftkings/2026-07-24/event_34401077/snapshot_draftkings_20260724_202349_subcategory_15125.json,2,success,
draftkings_20260724_202349,2026-07-24T20:23:49.603209+00:00,draftkings_public,DraftKings,34401077,15126,KO TKO DQ Only,ko_tko_only_moneyline,https://sportsbook-nash.draftkings.com/sites/US-KS-SB/api/sportscontent/controldata/league/eventSubcategory/v1/markets?isBatchable=false&templateVars=15126&marketsQuery=%24filter%3DeventId+eq+%2734401077%27+AND+clientMetadata%2FsubCategoryId+eq+%2715126%27+AND+tags%2Fall%28t%3A+t+ne+%27SportcastBetBuilder%27%29&eventsQuery=%24filter%3Did+in+%28%2734401077%27%29&include=Events&entity=markets,data/market/raw/draftkings/2026-07-24/event_34401077/snapshot_draftkings_20260724_202349_subcategory_15126.json,2,success,
draftkings_20260724_202349,2026-07-24T20:23:49.603209+00:00,draftkings_public,DraftKings,34401077,19390,Fighter Significant Strikes Total,fighter_sig_strikes_total,https://sportsbook-nash.draftkings.com/sites/US-KS-SB/api/sportscontent/controldata/league/eventSubcategory/v1/markets?isBatchable=false&templateVars=19390&marketsQuery=%24filter%3DeventId+eq+%2734401077%27+AND+clientMetadata%2FsubCategoryId+eq+%2719390%27+AND+tags%2Fall%28t%3A+t+ne+%27SportcastBetBuilder%27%29&eventsQuery=%24filter%3Did+in+%28%2734401077%27%29&include=Events&entity=markets,data/market/raw/draftkings/2026-07-24/event_34401077/snapshot_draftkings_20260724_202349_subcategory_19390.json,4,success,
draftkings_20260731_211342,2026-07-31T21:13:42.714048+00:00,draftkings_public,DraftKings,34437109,13025,Main Lines,main_lines,https://sportsbook-nash.draftkings.com/sites/US-KS-SB/api/sportscontent/controldata/league/eventSubcategory/v1/markets?isBatchable=false&templateVars=13025&marketsQuery=%24filter%3DeventId+eq+%2734437109%27+AND+clientMetadata%2FsubCategoryId+eq+%2713025%27+AND+tags%2Fall%28t%3A+t+ne+%27SportcastBetBuilder%27%29&eventsQuery=%24filter%3Did+in+%28%2734437109%27%29&include=Events&entity=markets,data/market/raw/draftkings/2026-07-31/event_34437109/snapshot_draftkings_20260731_211342_subcategory_13025.json,6,success,
draftkings_20260731_211342,2026-07-31T21:13:42.714048+00:00,draftkings_public,DraftKings,34437109,13179,Alternate Total Rounds,alternate_total_rounds,https://sportsbook-nash.draftkings.com/sites/US-KS-SB/api/sportscontent/controldata/league/eventSubcategory/v1/markets?isBatchable=false&templateVars=13179&marketsQuery=%24filter%3DeventId+eq+%2734437109%27+AND+clientMetadata%2FsubCategoryId+eq+%2713179%27+AND+tags%2Fall%28t%3A+t+ne+%27SportcastBetBuilder%27%29&eventsQuery=%24filter%3Did+in+%28%2734437109%27%29&include=Events&entity=markets,data/market/raw/draftkings/2026-07-31/event_34437109/snapshot_draftkings_20260731_211342_subcategory_13179.json,4,success,
draftkings_20260731_211342,2026-07-31T21:13:42.714048+00:00,draftkings_public,DraftKings,34437109,16272,Alternate Point Spread,alternate_point_spread,https://sportsbook-nash.draftkings.com/sites/US-KS-SB/api/sportscontent/controldata/league/eventSubcategory/v1/markets?isBatchable=false&templateVars=16272&marketsQuery=%24filter%3DeventId+eq+%2734437109%27+AND+clientMetadata%2FsubCategoryId+eq+%2716272%27+AND+tags%2Fall%28t%3A+t+ne+%27SportcastBetBuilder%27%29&eventsQuery=%24filter%3Did+in+%28%2734437109%27%29&include=Events&entity=markets,data/market/raw/draftkings/2026-07-31/event_34437109/snapshot_draftkings_20260731_211342_subcategory_16272.json,10,success,
draftkings_20260731_211342,2026-07-31T21:13:42.714048+00:00,draftkings_public,DraftKings,34437109,17644,Fight to Go the Distance,goes_distance,https://sportsbook-nash.draftkings.com/sites/US-KS-SB/api/sportscontent/controldata/league/eventSubcategory/v1/markets?isBatchable=false&templateVars=17644&marketsQuery=%24filter%3DeventId+eq+%2734437109%27+AND+clientMetadata%2FsubCategoryId+eq+%2717644%27+AND+tags%2Fall%28t%3A+t+ne+%27SportcastBetBuilder%27%29&eventsQuery=%24filter%3Did+in+%28%2734437109%27%29&include=Events&entity=markets,data/market/raw/draftkings/2026-07-31/event_34437109/snapshot_draftkings_20260731_211342_subcategory_17644.json,2,success,
draftkings_20260731_211342,2026-07-31T21:13:42.714048+00:00,draftkings_public,DraftKings,34437109,18911,Fighter Method Props,fighter_method_props,https://sportsbook-nash.draftkings.com/sites/US-KS-SB/api/sportscontent/controldata/league/eventSubcategory/v1/markets?isBatchable=false&templateVars=18911&marketsQuery=%24filter%3DeventId+eq+%2734437109%27+AND+clientMetadata%2FsubCategoryId+eq+%2718911%27+AND+tags%2Fall%28t%3A+t+ne+%27SportcastBetBuilder%27%29&eventsQuery=%24filter%3Did+in+%28%2734437109%27%29&include=Events&entity=markets,data/market/raw/draftkings/2026-07-31/event_34437109/snapshot_draftkings_20260731_211342_subcategory_18911.json,6,success,
draftkings_20260731_211342,2026-07-31T21:13:42.714048+00:00,draftkings_public,DraftKings,34437109,6437,Exact Method of Victory,exact_method,https://sportsbook-nash.draftkings.com/sites/US-KS-SB/api/sportscontent/controldata/league/eventSubcategory/v1/markets?isBatchable=false&templateVars=6437&marketsQuery=%24filter%3DeventId+eq+%2734437109%27+AND+clientMetadata%2FsubCategoryId+eq+%276437%27+AND+tags%2Fall%28t%3A+t+ne+%27SportcastBetBuilder%27%29&eventsQuery=%24filter%3Did+in+%28%2734437109%27%29&include=Events&entity=markets,data/market/raw/draftkings/2026-07-31/event_34437109/snapshot_draftkings_20260731_211342_subcategory_6437.json,4,success,
draftkings_20260731_211342,2026-07-31T21:13:42.714048+00:00,draftkings_public,DraftKings,34437109,5735,Round and Method,round_method,https://sportsbook-nash.draftkings.com/sites/US-KS-SB/api/sportscontent/controldata/league/eventSubcategory/v1/markets?isBatchable=false&templateVars=5735&marketsQuery=%24filter%3DeventId+eq+%2734437109%27+AND+clientMetadata%2FsubCategoryId+eq+%275735%27+AND+tags%2Fall%28t%3A+t+ne+%27SportcastBetBuilder%27%29&eventsQuery=%24filter%3Did+in+%28%2734437109%27%29&include=Events&entity=markets,data/market/raw/draftkings/2026-07-31/event_34437109/snapshot_draftkings_20260731_211342_subcategory_5735.json,13,success,
draftkings_20260731_211342,2026-07-31T21:13:42.714048+00:00,draftkings_public,DraftKings,34437109,15122,Finish Only,finish_only_moneyline,https://sportsbook-nash.draftkings.com/sites/US-KS-SB/api/sportscontent/controldata/league/eventSubcategory/v1/markets?isBatchable=false&templateVars=15122&marketsQuery=%24filter%3DeventId+eq+%2734437109%27+AND+clientMetadata%2FsubCategoryId+eq+%2715122%27+AND+tags%2Fall%28t%3A+t+ne+%27SportcastBetBuilder%27%29&eventsQuery=%24filter%3Did+in+%28%2734437109%27%29&include=Events&entity=markets,data/market/raw/draftkings/2026-07-31/event_34437109/snapshot_draftkings_20260731_211342_subcategory_15122.json,2,success,
draftkings_20260731_211342,2026-07-31T21:13:42.714048+00:00,draftkings_public,DraftKings,34437109,15123,Decision Only,decision_only_moneyline,https://sportsbook-nash.draftkings.com/sites/US-KS-SB/api/sportscontent/controldata/league/eventSubcategory/v1/markets?isBatchable=false&templateVars=15123&marketsQuery=%24filter%3DeventId+eq+%2734437109%27+AND+clientMetadata%2FsubCategoryId+eq+%2715123%27+AND+tags%2Fall%28t%3A+t+ne+%27SportcastBetBuilder%27%29&eventsQuery=%24filter%3Did+in+%28%2734437109%27%29&include=Events&entity=markets,data/market/raw/draftkings/2026-07-31/event_34437109/snapshot_draftkings_20260731_211342_subcategory_15123.json,2,success,
draftkings_20260731_211342,2026-07-31T21:13:42.714048+00:00,draftkings_public,DraftKings,34437109,15124,Round 1 Only,round_1_only_moneyline,https://sportsbook-nash.draftkings.com/sites/US-KS-SB/api/sportscontent/controldata/league/eventSubcategory/v1/markets?isBatchable=false&templateVars=15124&marketsQuery=%24filter%3DeventId+eq+%2734437109%27+AND+clientMetadata%2FsubCategoryId+eq+%2715124%27+AND+tags%2Fall%28t%3A+t+ne+%27SportcastBetBuilder%27%29&eventsQuery=%24filter%3Did+in+%28%2734437109%27%29&include=Events&entity=markets,data/market/raw/draftkings/2026-07-31/event_34437109/snapshot_draftkings_20260731_211342_subcategory_15124.json,2,success,
draftkings_20260731_211342,2026-07-31T21:13:42.714048+00:00,draftkings_public,DraftKings,34437109,15125,Submission Only,submission_only_moneyline,https://sportsbook-nash.draftkings.com/sites/US-KS-SB/api/sportscontent/controldata/league/eventSubcategory/v1/markets?isBatchable=false&templateVars=15125&marketsQuery=%24filter%3DeventId+eq+%2734437109%27+AND+clientMetadata%2FsubCategoryId+eq+%2715125%27+AND+tags%2Fall%28t%3A+t+ne+%27SportcastBetBuilder%27%29&eventsQuery=%24filter%3Did+in+%28%2734437109%27%29&include=Events&entity=markets,data/market/raw/draftkings/2026-07-31/event_34437109/snapshot_draftkings_20260731_211342_subcategory_15125.json,2,success,
draftkings_20260731_211342,2026-07-31T21:13:42.714048+00:00,draftkings_public,DraftKings,34437109,15126,KO TKO DQ Only,ko_tko_only_moneyline,https://sportsbook-nash.draftkings.com/sites/US-KS-SB/api/sportscontent/controldata/league/eventSubcategory/v1/markets?isBatchable=false&templateVars=15126&marketsQuery=%24filter%3DeventId+eq+%2734437109%27+AND+clientMetadata%2FsubCategoryId+eq+%2715126%27+AND+tags%2Fall%28t%3A+t+ne+%27SportcastBetBuilder%27%29&eventsQuery=%24filter%3Did+in+%28%2734437109%27%29&include=Events&entity=markets,data/market/raw/draftkings/2026-07-31/event_34437109/snapshot_draftkings_20260731_211342_subcategory_15126.json,2,success,
draftkings_20260731_211342,2026-07-31T21:13:42.714048+00:00,draftkings_public,DraftKings,34437109,19390,Fighter Significant Strikes Total,fighter_sig_strikes_total,https://sportsbook-nash.draftkings.com/sites/US-KS-SB/api/sportscontent/controldata/league/eventSubcategory/v1/markets?isBatchable=false&templateVars=19390&marketsQuery=%24filter%3DeventId+eq+%2734437109%27+AND+clientMetadata%2FsubCategoryId+eq+%2719390%27+AND+tags%2Fall%28t%3A+t+ne+%27SportcastBetBuilder%27%29&eventsQuery=%24filter%3Did+in+%28%2734437109%27%29&include=Events&entity=markets,data/market/raw/draftkings/2026-07-31/event_34437109/snapshot_draftkings_20260731_211342_subcategory_19390.json,0,success,
draftkings_20260731_211342,2026-07-31T21:13:42.714048+00:00,draftkings_public,DraftKings,34437124,13025,Main Lines,main_lines,https://sportsbook-nash.draftkings.com/sites/US-KS-SB/api/sportscontent/controldata/league/eventSubcategory/v1/markets?isBatchable=false&templateVars=13025&marketsQuery=%24filter%3DeventId+eq+%2734437124%27+AND+clientMetadata%2FsubCategoryId+eq+%2713025%27+AND+tags%2Fall%28t%3A+t+ne+%27SportcastBetBuilder%27%29&eventsQuery=%24filter%3Did+in+%28%2734437124%27%29&include=Events&entity=markets,data/market/raw/draftkings/2026-07-31/event_34437124/snapshot_draftkings_20260731_211342_subcategory_13025.json,6,success,
draftkings_20260731_211342,2026-07-31T21:13:42.714048+00:00,draftkings_public,DraftKings,34437124,13179,Alternate Total Rounds,alternate_total_rounds,https://sportsbook-nash.draftkings.com/sites/US-KS-SB/api/sportscontent/controldata/league/eventSubcategory/v1/markets?isBatchable=false&templateVars=13179&marketsQuery=%24filter%3DeventId+eq+%2734437124%27+AND+clientMetadata%2FsubCategoryId+eq+%2713179%27+AND+tags%2Fall%28t%3A+t+ne+%27SportcastBetBuilder%27%29&eventsQuery=%24filter%3Did+in+%28%2734437124%27%29&include=Events&entity=markets,data/market/raw/draftkings/2026-07-31/event_34437124/snapshot_draftkings_20260731_211342_subcategory_13179.json,4,success,
draftkings_20260731_211342,2026-07-31T21:13:42.714048+00:00,draftkings_public,DraftKings,34437124,16272,Alternate Point Spread,alternate_point_spread,https://sportsbook-nash.draftkings.com/sites/US-KS-SB/api/sportscontent/controldata/league/eventSubcategory/v1/markets?isBatchable=false&templateVars=16272&marketsQuery=%24filter%3DeventId+eq+%2734437124%27+AND+clientMetadata%2FsubCategoryId+eq+%2716272%27+AND+tags%2Fall%28t%3A+t+ne+%27SportcastBetBuilder%27%29&eventsQuery=%24filter%3Did+in+%28%2734437124%27%29&include=Events&entity=markets,data/market/raw/draftkings/2026-07-31/event_34437124/snapshot_draftkings_20260731_211342_subcategory_16272.json,10,success,
draftkings_20260731_211342,2026-07-31T21:13:42.714048+00:00,draftkings_public,DraftKings,34437124,17644,Fight to Go the Distance,goes_distance,https://sportsbook-nash.draftkings.com/sites/US-KS-SB/api/sportscontent/controldata/league/eventSubcategory/v1/markets?isBatchable=false&templateVars=17644&marketsQuery=%24filter%3DeventId+eq+%2734437124%27+AND+clientMetadata%2FsubCategoryId+eq+%2717644%27+AND+tags%2Fall%28t%3A+t+ne+%27SportcastBetBuilder%27%29&eventsQuery=%24filter%3Did+in+%28%2734437124%27%29&include=Events&entity=markets,data/market/raw/draftkings/2026-07-31/event_34437124/snapshot_draftkings_20260731_211342_subcategory_17644.json,2,success,
draftkings_20260731_211342,2026-07-31T21:13:42.714048+00:00,draftkings_public,DraftKings,34437124,18911,Fighter Method Props,fighter_method_props,https://sportsbook-nash.draftkings.com/sites/US-KS-SB/api/sportscontent/controldata/league/eventSubcategory/v1/markets?isBatchable=false&templateVars=18911&marketsQuery=%24filter%3DeventId+eq+%2734437124%27+AND+clientMetadata%2FsubCategoryId+eq+%2718911%27+AND+tags%2Fall%28t%3A+t+ne+%27SportcastBetBuilder%27%29&eventsQuery=%24filter%3Did+in+%28%2734437124%27%29&include=Events&entity=markets,data/market/raw/draftkings/2026-07-31/event_34437124/snapshot_draftkings_20260731_211342_subcategory_18911.json,6,success,
draftkings_20260731_211342,2026-07-31T21:13:42.714048+00:00,draftkings_public,DraftKings,34437124,6437,Exact Method of Victory,exact_method,https://sportsbook-nash.draftkings.com/sites/US-KS-SB/api/sportscontent/controldata/league/eventSubcategory/v1/markets?isBatchable=false&templateVars=6437&marketsQuery=%24filter%3DeventId+eq+%2734437124%27+AND+clientMetadata%2FsubCategoryId+eq+%276437%27+AND+tags%2Fall%28t%3A+t+ne+%27SportcastBetBuilder%27%29&eventsQuery=%24filter%3Did+in+%28%2734437124%27%29&include=Events&entity=markets,data/market/raw/draftkings/2026-07-31/event_34437124/snapshot_draftkings_20260731_211342_subcategory_6437.json,4,success,
draftkings_20260731_211342,2026-07-31T21:13:42.714048+00:00,draftkings_public,DraftKings,34437124,5735,Round and Method,round_method,https://sportsbook-nash.draftkings.com/sites/US-KS-SB/api/sportscontent/controldata/league/eventSubcategory/v1/markets?isBatchable=false&templateVars=5735&marketsQuery=%24filter%3DeventId+eq+%2734437124%27+AND+clientMetadata%2FsubCategoryId+eq+%275735%27+AND+tags%2Fall%28t%3A+t+ne+%27SportcastBetBuilder%27%29&eventsQuery=%24filter%3Did+in+%28%2734437124%27%29&include=Events&entity=markets,data/market/raw/draftkings/2026-07-31/event_34437124/snapshot_draftkings_20260731_211342_subcategory_5735.json,13,success,
draftkings_20260731_211342,2026-07-31T21:13:42.714048+00:00,draftkings_public,DraftKings,34437124,15122,Finish Only,finish_only_moneyline,https://sportsbook-nash.draftkings.com/sites/US-KS-SB/api/sportscontent/controldata/league/eventSubcategory/v1/markets?isBatchable=false&templateVars=15122&marketsQuery=%24filter%3DeventId+eq+%2734437124%27+AND+clientMetadata%2FsubCategoryId+eq+%2715122%27+AND+tags%2Fall%28t%3A+t+ne+%27SportcastBetBuilder%27%29&eventsQuery=%24filter%3Did+in+%28%2734437124%27%29&include=Events&entity=markets,data/market/raw/draftkings/2026-07-31/event_34437124/snapshot_draftkings_20260731_211342_subcategory_15122.json,2,success,
draftkings_20260731_211342,2026-07-31T21:13:42.714048+00:00,draftkings_public,DraftKings,34437124,15123,Decision Only,decision_only_moneyline,https://sportsbook-nash.draftkings.com/sites/US-KS-SB/api/sportscontent/controldata/league/eventSubcategory/v1/markets?isBatchable=false&templateVars=15123&marketsQuery=%24filter%3DeventId+eq+%2734437124%27+AND+clientMetadata%2FsubCategoryId+eq+%2715123%27+AND+tags%2Fall%28t%3A+t+ne+%27SportcastBetBuilder%27%29&eventsQuery=%24filter%3Did+in+%28%2734437124%27%29&include=Events&entity=markets,data/market/raw/draftkings/2026-07-31/event_34437124/snapshot_draftkings_20260731_211342_subcategory_15123.json,2,success,
draftkings_20260731_211342,2026-07-31T21:13:42.714048+00:00,draftkings_public,DraftKings,34437124,15124,Round 1 Only,round_1_only_moneyline,https://sportsbook-nash.draftkings.com/sites/US-KS-SB/api/sportscontent/controldata/league/eventSubcategory/v1/markets?isBatchable=false&templateVars=15124&marketsQuery=%24filter%3DeventId+eq+%2734437124%27+AND+clientMetadata%2FsubCategoryId+eq+%2715124%27+AND+tags%2Fall%28t%3A+t+ne+%27SportcastBetBuilder%27%29&eventsQuery=%24filter%3Did+in+%28%2734437124%27%29&include=Events&entity=markets,data/market/raw/draftkings/2026-07-31/event_34437124/snapshot_draftkings_20260731_211342_subcategory_15124.json,2,success,
draftkings_20260731_211342,2026-07-31T21:13:42.714048+00:00,draftkings_public,DraftKings,34437124,15125,Submission Only,submission_only_moneyline,https://sportsbook-nash.draftkings.com/sites/US-KS-SB/api/sportscontent/controldata/league/eventSubcategory/v1/markets?isBatchable=false&templateVars=15125&marketsQuery=%24filter%3DeventId+eq+%2734437124%27+AND+clientMetadata%2FsubCategoryId+eq+%2715125%27+AND+tags%2Fall%28t%3A+t+ne+%27SportcastBetBuilder%27%29&eventsQuery=%24filter%3Did+in+%28%2734437124%27%29&include=Events&entity=markets,data/market/raw/draftkings/2026-07-31/event_34437124/snapshot_draftkings_20260731_211342_subcategory_15125.json,2,success,
draftkings_20260731_211342,2026-07-31T21:13:42.714048+00:00,draftkings_public,DraftKings,34437124,15126,KO TKO DQ Only,ko_tko_only_moneyline,https://sportsbook-nash.draftkings.com/sites/US-KS-SB/api/sportscontent/controldata/league/eventSubcategory/v1/markets?isBatchable=false&templateVars=15126&marketsQuery=%24filter%3DeventId+eq+%2734437124%27+AND+clientMetadata%2FsubCategoryId+eq+%2715126%27+AND+tags%2Fall%28t%3A+t+ne+%27SportcastBetBuilder%27%29&eventsQuery=%24filter%3Did+in+%28%2734437124%27%29&include=Events&entity=markets,data/market/raw/draftkings/2026-07-31/event_34437124/snapshot_draftkings_20260731_211342_subcategory_15126.json,2,success,
draftkings_20260731_211342,2026-07-31T21:13:42.714048+00:00,draftkings_public,DraftKings,34437124,19390,Fighter Significant Strikes Total,fighter_sig_strikes_total,https://sportsbook-nash.draftkings.com/sites/US-KS-SB/api/sportscontent/controldata/league/eventSubcategory/v1/markets?isBatchable=false&templateVars=19390&marketsQuery=%24filter%3DeventId+eq+%2734437124%27+AND+clientMetadata%2FsubCategoryId+eq+%2719390%27+AND+tags%2Fall%28t%3A+t+ne+%27SportcastBetBuilder%27%29&eventsQuery=%24filter%3Did+in+%28%2734437124%27%29&include=Events&entity=markets,data/market/raw/draftkings/2026-07-31/event_34437124/snapshot_draftkings_20260731_211342_subcategory_19390.json,0,success,
draftkings_20260731_211342,2026-07-31T21:13:42.714048+00:00,draftkings_public,DraftKings,34437447,13025,Main Lines,main_lines,https://sportsbook-nash.draftkings.com/sites/US-KS-SB/api/sportscontent/controldata/league/eventSubcategory/v1/markets?isBatchable=false&templateVars=13025&marketsQuery=%24filter%3DeventId+eq+%2734437447%27+AND+clientMetadata%2FsubCategoryId+eq+%2713025%27+AND+tags%2Fall%28t%3A+t+ne+%27SportcastBetBuilder%27%29&eventsQuery=%24filter%3Did+in+%28%2734437447%27%29&include=Events&entity=markets,data/market/raw/draftkings/2026-07-31/event_34437447/snapshot_draftkings_20260731_211342_subcategory_13025.json,6,success,
draftkings_20260731_211342,2026-07-31T21:13:42.714048+00:00,draftkings_public,DraftKings,34437447,13179,Alternate Total Rounds,alternate_total_rounds,https://sportsbook-nash.draftkings.com/sites/US-KS-SB/api/sportscontent/controldata/league/eventSubcategory/v1/markets?isBatchable=false&templateVars=13179&marketsQuery=%24filter%3DeventId+eq+%2734437447%27+AND+clientMetadata%2FsubCategoryId+eq+%2713179%27+AND+tags%2Fall%28t%3A+t+ne+%27SportcastBetBuilder%27%29&eventsQuery=%24filter%3Did+in+%28%2734437447%27%29&include=Events&entity=markets,data/market/raw/draftkings/2026-07-31/event_34437447/snapshot_draftkings_20260731_211342_subcategory_13179.json,4,success,
draftkings_20260731_211342,2026-07-31T21:13:42.714048+00:00,draftkings_public,DraftKings,34437447,16272,Alternate Point Spread,alternate_point_spread,https://sportsbook-nash.draftkings.com/sites/US-KS-SB/api/sportscontent/controldata/league/eventSubcategory/v1/markets?isBatchable=false&templateVars=16272&marketsQuery=%24filter%3DeventId+eq+%2734437447%27+AND+clientMetadata%2FsubCategoryId+eq+%2716272%27+AND+tags%2Fall%28t%3A+t+ne+%27SportcastBetBuilder%27%29&eventsQuery=%24filter%3Did+in+%28%2734437447%27%29&include=Events&entity=markets,data/market/raw/draftkings/2026-07-31/event_34437447/snapshot_draftkings_20260731_211342_subcategory_16272.json,10,success,
draftkings_20260731_211342,2026-07-31T21:13:42.714048+00:00,draftkings_public,DraftKings,34437447,17644,Fight to Go the Distance,goes_distance,https://sportsbook-nash.draftkings.com/sites/US-KS-SB/api/sportscontent/controldata/league/eventSubcategory/v1/markets?isBatchable=false&templateVars=17644&marketsQuery=%24filter%3DeventId+eq+%2734437447%27+AND+clientMetadata%2FsubCategoryId+eq+%2717644%27+AND+tags%2Fall%28t%3A+t+ne+%27SportcastBetBuilder%27%29&eventsQuery=%24filter%3Did+in+%28%2734437447%27%29&include=Events&entity=markets,data/market/raw/draftkings/2026-07-31/event_34437447/snapshot_draftkings_20260731_211342_subcategory_17644.json,2,success,
draftkings_20260731_211342,2026-07-31T21:13:42.714048+00:00,draftkings_public,DraftKings,34437447,18911,Fighter Method Props,fighter_method_props,https://sportsbook-nash.draftkings.com/sites/US-KS-SB/api/sportscontent/controldata/league/eventSubcategory/v1/markets?isBatchable=false&templateVars=18911&marketsQuery=%24filter%3DeventId+eq+%2734437447%27+AND+clientMetadata%2FsubCategoryId+eq+%2718911%27+AND+tags%2Fall%28t%3A+t+ne+%27SportcastBetBuilder%27%29&eventsQuery=%24filter%3Did+in+%28%2734437447%27%29&include=Events&entity=markets,data/market/raw/draftkings/2026-07-31/event_34437447/snapshot_draftkings_20260731_211342_subcategory_18911.json,6,success,
draftkings_20260731_211342,2026-07-31T21:13:42.714048+00:00,draftkings_public,DraftKings,34437447,6437,Exact Method of Victory,exact_method,https://sportsbook-nash.draftkings.com/sites/US-KS-SB/api/sportscontent/controldata/league/eventSubcategory/v1/markets?isBatchable=false&templateVars=6437&marketsQuery=%24filter%3DeventId+eq+%2734437447%27+AND+clientMetadata%2FsubCategoryId+eq+%276437%27+AND+tags%2Fall%28t%3A+t+ne+%27SportcastBetBuilder%27%29&eventsQuery=%24filter%3Did+in+%28%2734437447%27%29&include=Events&entity=markets,data/market/raw/draftkings/2026-07-31/event_34437447/snapshot_draftkings_20260731_211342_subcategory_6437.json,4,success,
draftkings_20260731_211342,2026-07-31T21:13:42.714048+00:00,draftkings_public,DraftKings,34437447,5735,Round and Method,round_method,https://sportsbook-nash.draftkings.com/sites/US-KS-SB/api/sportscontent/controldata/league/eventSubcategory/v1/markets?isBatchable=false&templateVars=5735&marketsQuery=%24filter%3DeventId+eq+%2734437447%27+AND+clientMetadata%2FsubCategoryId+eq+%275735%27+AND+tags%2Fall%28t%3A+t+ne+%27SportcastBetBuilder%27%29&eventsQuery=%24filter%3Did+in+%28%2734437447%27%29&include=Events&entity=markets,data/market/raw/draftkings/2026-07-31/event_34437447/snapshot_draftkings_20260731_211342_subcategory_5735.json,13,success,
draftkings_20260731_211342,2026-07-31T21:13:42.714048+00:00,draftkings_public,DraftKings,34437447,15122,Finish Only,finish_only_moneyline,https://sportsbook-nash.draftkings.com/sites/US-KS-SB/api/sportscontent/controldata/league/eventSubcategory/v1/markets?isBatchable=false&templateVars=15122&marketsQuery=%24filter%3DeventId+eq+%2734437447%27+AND+clientMetadata%2FsubCategoryId+eq+%2715122%27+AND+tags%2Fall%28t%3A+t+ne+%27SportcastBetBuilder%27%29&eventsQuery=%24filter%3Did+in+%28%2734437447%27%29&include=Events&entity=markets,data/market/raw/draftkings/2026-07-31/event_34437447/snapshot_draftkings_20260731_211342_subcategory_15122.json,2,success,
draftkings_20260731_211342,2026-07-31T21:13:42.714048+00:00,draftkings_public,DraftKings,34437447,15123,Decision Only,decision_only_moneyline,https://sportsbook-nash.draftkings.com/sites/US-KS-SB/api/sportscontent/controldata/league/eventSubcategory/v1/markets?isBatchable=false&templateVars=15123&marketsQuery=%24filter%3DeventId+eq+%2734437447%27+AND+clientMetadata%2FsubCategoryId+eq+%2715123%27+AND+tags%2Fall%28t%3A+t+ne+%27SportcastBetBuilder%27%29&eventsQuery=%24filter%3Did+in+%28%2734437447%27%29&include=Events&entity=markets,data/market/raw/draftkings/2026-07-31/event_34437447/snapshot_draftkings_20260731_211342_subcategory_15123.json,2,success,
draftkings_20260731_211342,2026-07-31T21:13:42.714048+00:00,draftkings_public,DraftKings,34437447,15124,Round 1 Only,round_1_only_moneyline,https://sportsbook-nash.draftkings.com/sites/US-KS-SB/api/sportscontent/controldata/league/eventSubcategory/v1/markets?isBatchable=false&templateVars=15124&marketsQuery=%24filter%3DeventId+eq+%2734437447%27+AND+clientMetadata%2FsubCategoryId+eq+%2715124%27+AND+tags%2Fall%28t%3A+t+ne+%27SportcastBetBuilder%27%29&eventsQuery=%24filter%3Did+in+%28%2734437447%27%29&include=Events&entity=markets,data/market/raw/draftkings/2026-07-31/event_34437447/snapshot_draftkings_20260731_211342_subcategory_15124.json,2,success,
draftkings_20260731_211342,2026-07-31T21:13:42.714048+00:00,draftkings_public,DraftKings,34437447,15125,Submission Only,submission_only_moneyline,https://sportsbook-nash.draftkings.com/sites/US-KS-SB/api/sportscontent/controldata/league/eventSubcategory/v1/markets?isBatchable=false&templateVars=15125&marketsQuery=%24filter%3DeventId+eq+%2734437447%27+AND+clientMetadata%2FsubCategoryId+eq+%2715125%27+AND+tags%2Fall%28t%3A+t+ne+%27SportcastBetBuilder%27%29&eventsQuery=%24filter%3Did+in+%28%2734437447%27%29&include=Events&entity=markets,data/market/raw/draftkings/2026-07-31/event_34437447/snapshot_draftkings_20260731_211342_subcategory_15125.json,2,success,
draftkings_20260731_211342,2026-07-31T21:13:42.714048+00:00,draftkings_public,DraftKings,34437447,15126,KO TKO DQ Only,ko_tko_only_moneyline,https://sportsbook-nash.draftkings.com/sites/US-KS-SB/api/sportscontent/controldata/league/eventSubcategory/v1/markets?isBatchable=false&templateVars=15126&marketsQuery=%24filter%3DeventId+eq+%2734437447%27+AND+clientMetadata%2FsubCategoryId+eq+%2715126%27+AND+tags%2Fall%28t%3A+t+ne+%27SportcastBetBuilder%27%29&eventsQuery=%24filter%3Did+in+%28%2734437447%27%29&include=Events&entity=markets,data/market/raw/draftkings/2026-07-31/event_34437447/snapshot_draftkings_20260731_211342_subcategory_15126.json,2,success,
draftkings_20260731_211342,2026-07-31T21:13:42.714048+00:00,draftkings_public,DraftKings,34437447,19390,Fighter Significant Strikes Total,fighter_sig_strikes_total,https://sportsbook-nash.draftkings.com/sites/US-KS-SB/api/sportscontent/controldata/league/eventSubcategory/v1/markets?isBatchable=false&templateVars=19390&marketsQuery=%24filter%3DeventId+eq+%2734437447%27+AND+clientMetadata%2FsubCategoryId+eq+%2719390%27+AND+tags%2Fall%28t%3A+t+ne+%27SportcastBetBuilder%27%29&eventsQuery=%24filter%3Did+in+%28%2734437447%27%29&include=Events&entity=markets,data/market/raw/draftkings/2026-07-31/event_34437447/snapshot_draftkings_20260731_211342_subcategory_19390.json,0,success,
draftkings_20260731_211342,2026-07-31T21:13:42.714048+00:00,draftkings_public,DraftKings,34437445,13025,Main Lines,main_lines,https://sportsbook-nash.draftkings.com/sites/US-KS-SB/api/sportscontent/controldata/league/eventSubcategory/v1/markets?isBatchable=false&templateVars=13025&marketsQuery=%24filter%3DeventId+eq+%2734437445%27+AND+clientMetadata%2FsubCategoryId+eq+%2713025%27+AND+tags%2Fall%28t%3A+t+ne+%27SportcastBetBuilder%27%29&eventsQuery=%24filter%3Did+in+%28%2734437445%27%29&include=Events&entity=markets,data/market/raw/draftkings/2026-07-31/event_34437445/snapshot_draftkings_20260731_211342_subcategory_13025.json,6,success,
draftkings_20260731_211342,2026-07-31T21:13:42.714048+00:00,draftkings_public,DraftKings,34437445,13179,Alternate Total Rounds,alternate_total_rounds,https://sportsbook-nash.draftkings.com/sites/US-KS-SB/api/sportscontent/controldata/league/eventSubcategory/v1/markets?isBatchable=false&templateVars=13179&marketsQuery=%24filter%3DeventId+eq+%2734437445%27+AND+clientMetadata%2FsubCategoryId+eq+%2713179%27+AND+tags%2Fall%28t%3A+t+ne+%27SportcastBetBuilder%27%29&eventsQuery=%24filter%3Did+in+%28%2734437445%27%29&include=Events&entity=markets,data/market/raw/draftkings/2026-07-31/event_34437445/snapshot_draftkings_20260731_211342_subcategory_13179.json,4,success,
draftkings_20260731_211342,2026-07-31T21:13:42.714048+00:00,draftkings_public,DraftKings,34437445,16272,Alternate Point Spread,alternate_point_spread,https://sportsbook-nash.draftkings.com/sites/US-KS-SB/api/sportscontent/controldata/league/eventSubcategory/v1/markets?isBatchable=false&templateVars=16272&marketsQuery=%24filter%3DeventId+eq+%2734437445%27+AND+clientMetadata%2FsubCategoryId+eq+%2716272%27+AND+tags%2Fall%28t%3A+t+ne+%27SportcastBetBuilder%27%29&eventsQuery=%24filter%3Did+in+%28%2734437445%27%29&include=Events&entity=markets,data/market/raw/draftkings/2026-07-31/event_34437445/snapshot_draftkings_20260731_211342_subcategory_16272.json,10,success,
draftkings_20260731_211342,2026-07-31T21:13:42.714048+00:00,draftkings_public,DraftKings,34437445,17644,Fight to Go the Distance,goes_distance,https://sportsbook-nash.draftkings.com/sites/US-KS-SB/api/sportscontent/controldata/league/eventSubcategory/v1/markets?isBatchable=false&templateVars=17644&marketsQuery=%24filter%3DeventId+eq+%2734437445%27+AND+clientMetadata%2FsubCategoryId+eq+%2717644%27+AND+tags%2Fall%28t%3A+t+ne+%27SportcastBetBuilder%27%29&eventsQuery=%24filter%3Did+in+%28%2734437445%27%29&include=Events&entity=markets,data/market/raw/draftkings/2026-07-31/event_34437445/snapshot_draftkings_20260731_211342_subcategory_17644.json,2,success,
draftkings_20260731_211342,2026-07-31T21:13:42.714048+00:00,draftkings_public,DraftKings,34437445,18911,Fighter Method Props,fighter_method_props,https://sportsbook-nash.draftkings.com/sites/US-KS-SB/api/sportscontent/controldata/league/eventSubcategory/v1/markets?isBatchable=false&templateVars=18911&marketsQuery=%24filter%3DeventId+eq+%2734437445%27+AND+clientMetadata%2FsubCategoryId+eq+%2718911%27+AND+tags%2Fall%28t%3A+t+ne+%27SportcastBetBuilder%27%29&eventsQuery=%24filter%3Did+in+%28%2734437445%27%29&include=Events&entity=markets,data/market/raw/draftkings/2026-07-31/event_34437445/snapshot_draftkings_20260731_211342_subcategory_18911.json,6,success,
draftkings_20260731_211342,2026-07-31T21:13:42.714048+00:00,draftkings_public,DraftKings,34437445,6437,Exact Method of Victory,exact_method,https://sportsbook-nash.draftkings.com/sites/US-KS-SB/api/sportscontent/controldata/league/eventSubcategory/v1/markets?isBatchable=false&templateVars=6437&marketsQuery=%24filter%3DeventId+eq+%2734437445%27+AND+clientMetadata%2FsubCategoryId+eq+%276437%27+AND+tags%2Fall%28t%3A+t+ne+%27SportcastBetBuilder%27%29&eventsQuery=%24filter%3Did+in+%28%2734437445%27%29&include=Events&entity=markets,data/market/raw/draftkings/2026-07-31/event_34437445/snapshot_draftkings_20260731_211342_subcategory_6437.json,4,success,
draftkings_20260731_211342,2026-07-31T21:13:42.714048+00:00,draftkings_public,DraftKings,34437445,5735,Round and Method,round_method,https://sportsbook-nash.draftkings.com/sites/US-KS-SB/api/sportscontent/controldata/league/eventSubcategory/v1/markets?isBatchable=false&templateVars=5735&marketsQuery=%24filter%3DeventId+eq+%2734437445%27+AND+clientMetadata%2FsubCategoryId+eq+%275735%27+AND+tags%2Fall%28t%3A+t+ne+%27SportcastBetBuilder%27%29&eventsQuery=%24filter%3Did+in+%28%2734437445%27%29&include=Events&entity=markets,data/market/raw/draftkings/2026-07-31/event_34437445/snapshot_draftkings_20260731_211342_subcategory_5735.json,13,success,
draftkings_20260731_211342,2026-07-31T21:13:42.714048+00:00,draftkings_public,DraftKings,34437445,15122,Finish Only,finish_only_moneyline,https://sportsbook-nash.draftkings.com/sites/US-KS-SB/api/sportscontent/controldata/league/eventSubcategory/v1/markets?isBatchable=false&templateVars=15122&marketsQuery=%24filter%3DeventId+eq+%2734437445%27+AND+clientMetadata%2FsubCategoryId+eq+%2715122%27+AND+tags%2Fall%28t%3A+t+ne+%27SportcastBetBuilder%27%29&eventsQuery=%24filter%3Did+in+%28%2734437445%27%29&include=Events&entity=markets,data/market/raw/draftkings/2026-07-31/event_34437445/snapshot_draftkings_20260731_211342_subcategory_15122.json,2,success,
draftkings_20260731_211342,2026-07-31T21:13:42.714048+00:00,draftkings_public,DraftKings,34437445,15123,Decision Only,decision_only_moneyline,https://sportsbook-nash.draftkings.com/sites/US-KS-SB/api/sportscontent/controldata/league/eventSubcategory/v1/markets?isBatchable=false&templateVars=15123&marketsQuery=%24filter%3DeventId+eq+%2734437445%27+AND+clientMetadata%2FsubCategoryId+eq+%2715123%27+AND+tags%2Fall%28t%3A+t+ne+%27SportcastBetBuilder%27%29&eventsQuery=%24filter%3Did+in+%28%2734437445%27%29&include=Events&entity=markets,data/market/raw/draftkings/2026-07-31/event_34437445/snapshot_draftkings_20260731_211342_subcategory_15123.json,2,success,
draftkings_20260731_211342,2026-07-31T21:13:42.714048+00:00,draftkings_public,DraftKings,34437445,15124,Round 1 Only,round_1_only_moneyline,https://sportsbook-nash.draftkings.com/sites/US-KS-SB/api/sportscontent/controldata/league/eventSubcategory/v1/markets?isBatchable=false&templateVars=15124&marketsQuery=%24filter%3DeventId+eq+%2734437445%27+AND+clientMetadata%2FsubCategoryId+eq+%2715124%27+AND+tags%2Fall%28t%3A+t+ne+%27SportcastBetBuilder%27%29&eventsQuery=%24filter%3Did+in+%28%2734437445%27%29&include=Events&entity=markets,data/market/raw/draftkings/2026-07-31/event_34437445/snapshot_draftkings_20260731_211342_subcategory_15124.json,2,success,
draftkings_20260731_211342,2026-07-31T21:13:42.714048+00:00,draftkings_public,DraftKings,34437445,15125,Submission Only,submission_only_moneyline,https://sportsbook-nash.draftkings.com/sites/US-KS-SB/api/sportscontent/controldata/league/eventSubcategory/v1/markets?isBatchable=false&templateVars=15125&marketsQuery=%24filter%3DeventId+eq+%2734437445%27+AND+clientMetadata%2FsubCategoryId+eq+%2715125%27+AND+tags%2Fall%28t%3A+t+ne+%27SportcastBetBuilder%27%29&eventsQuery=%24filter%3Did+in+%28%2734437445%27%29&include=Events&entity=markets,data/market/raw/draftkings/2026-07-31/event_34437445/snapshot_draftkings_20260731_211342_subcategory_15125.json,2,success,
draftkings_20260731_211342,2026-07-31T21:13:42.714048+00:00,draftkings_public,DraftKings,34437445,15126,KO TKO DQ Only,ko_tko_only_moneyline,https://sportsbook-nash.draftkings.com/sites/US-KS-SB/api/sportscontent/controldata/league/eventSubcategory/v1/markets?isBatchable=false&templateVars=15126&marketsQuery=%24filter%3DeventId+eq+%2734437445%27+AND+clientMetadata%2FsubCategoryId+eq+%2715126%27+AND+tags%2Fall%28t%3A+t+ne+%27SportcastBetBuilder%27%29&eventsQuery=%24filter%3Did+in+%28%2734437445%27%29&include=Events&entity=markets,data/market/raw/draftkings/2026-07-31/event_34437445/snapshot_draftkings_20260731_211342_subcategory_15126.json,2,success,
draftkings_20260731_211342,2026-07-31T21:13:42.714048+00:00,draftkings_public,DraftKings,34437445,19390,Fighter Significant Strikes Total,fighter_sig_strikes_total,https://sportsbook-nash.draftkings.com/sites/US-KS-SB/api/sportscontent/controldata/league/eventSubcategory/v1/markets?isBatchable=false&templateVars=19390&marketsQuery=%24filter%3DeventId+eq+%2734437445%27+AND+clientMetadata%2FsubCategoryId+eq+%2719390%27+AND+tags%2Fall%28t%3A+t+ne+%27SportcastBetBuilder%27%29&eventsQuery=%24filter%3Did+in+%28%2734437445%27%29&include=Events&entity=markets,data/market/raw/draftkings/2026-07-31/event_34437445/snapshot_draftkings_20260731_211342_subcategory_19390.json,0,success,
draftkings_20260731_211342,2026-07-31T21:13:42.714048+00:00,draftkings_public,DraftKings,34437094,13025,Main Lines,main_lines,https://sportsbook-nash.draftkings.com/sites/US-KS-SB/api/sportscontent/controldata/league/eventSubcategory/v1/markets?isBatchable=false&templateVars=13025&marketsQuery=%24filter%3DeventId+eq+%2734437094%27+AND+clientMetadata%2FsubCategoryId+eq+%2713025%27+AND+tags%2Fall%28t%3A+t+ne+%27SportcastBetBuilder%27%29&eventsQuery=%24filter%3Did+in+%28%2734437094%27%29&include=Events&entity=markets,data/market/raw/draftkings/2026-07-31/event_34437094/snapshot_draftkings_20260731_211342_subcategory_13025.json,6,success,
draftkings_20260731_211342,2026-07-31T21:13:42.714048+00:00,draftkings_public,DraftKings,34437094,13179,Alternate Total Rounds,alternate_total_rounds,https://sportsbook-nash.draftkings.com/sites/US-KS-SB/api/sportscontent/controldata/league/eventSubcategory/v1/markets?isBatchable=false&templateVars=13179&marketsQuery=%24filter%3DeventId+eq+%2734437094%27+AND+clientMetadata%2FsubCategoryId+eq+%2713179%27+AND+tags%2Fall%28t%3A+t+ne+%27SportcastBetBuilder%27%29&eventsQuery=%24filter%3Did+in+%28%2734437094%27%29&include=Events&entity=markets,data/market/raw/draftkings/2026-07-31/event_34437094/snapshot_draftkings_20260731_211342_subcategory_13179.json,4,success,
draftkings_20260731_211342,2026-07-31T21:13:42.714048+00:00,draftkings_public,DraftKings,34437094,16272,Alternate Point Spread,alternate_point_spread,https://sportsbook-nash.draftkings.com/sites/US-KS-SB/api/sportscontent/controldata/league/eventSubcategory/v1/markets?isBatchable=false&templateVars=16272&marketsQuery=%24filter%3DeventId+eq+%2734437094%27+AND+clientMetadata%2FsubCategoryId+eq+%2716272%27+AND+tags%2Fall%28t%3A+t+ne+%27SportcastBetBuilder%27%29&eventsQuery=%24filter%3Did+in+%28%2734437094%27%29&include=Events&entity=markets,data/market/raw/draftkings/2026-07-31/event_34437094/snapshot_draftkings_20260731_211342_subcategory_16272.json,10,success,
draftkings_20260731_211342,2026-07-31T21:13:42.714048+00:00,draftkings_public,DraftKings,34437094,17644,Fight to Go the Distance,goes_distance,https://sportsbook-nash.draftkings.com/sites/US-KS-SB/api/sportscontent/controldata/league/eventSubcategory/v1/markets?isBatchable=false&templateVars=17644&marketsQuery=%24filter%3DeventId+eq+%2734437094%27+AND+clientMetadata%2FsubCategoryId+eq+%2717644%27+AND+tags%2Fall%28t%3A+t+ne+%27SportcastBetBuilder%27%29&eventsQuery=%24filter%3Did+in+%28%2734437094%27%29&include=Events&entity=markets,data/market/raw/draftkings/2026-07-31/event_34437094/snapshot_draftkings_20260731_211342_subcategory_17644.json,2,success,
draftkings_20260731_211342,2026-07-31T21:13:42.714048+00:00,draftkings_public,DraftKings,34437094,18911,Fighter Method Props,fighter_method_props,https://sportsbook-nash.draftkings.com/sites/US-KS-SB/api/sportscontent/controldata/league/eventSubcategory/v1/markets?isBatchable=false&templateVars=18911&marketsQuery=%24filter%3DeventId+eq+%2734437094%27+AND+clientMetadata%2FsubCategoryId+eq+%2718911%27+AND+tags%2Fall%28t%3A+t+ne+%27SportcastBetBuilder%27%29&eventsQuery=%24filter%3Did+in+%28%2734437094%27%29&include=Events&entity=markets,data/market/raw/draftkings/2026-07-31/event_34437094/snapshot_draftkings_20260731_211342_subcategory_18911.json,6,success,
draftkings_20260731_211342,2026-07-31T21:13:42.714048+00:00,draftkings_public,DraftKings,34437094,6437,Exact Method of Victory,exact_method,https://sportsbook-nash.draftkings.com/sites/US-KS-SB/api/sportscontent/controldata/league/eventSubcategory/v1/markets?isBatchable=false&templateVars=6437&marketsQuery=%24filter%3DeventId+eq+%2734437094%27+AND+clientMetadata%2FsubCategoryId+eq+%276437%27+AND+tags%2Fall%28t%3A+t+ne+%27SportcastBetBuilder%27%29&eventsQuery=%24filter%3Did+in+%28%2734437094%27%29&include=Events&entity=markets,data/market/raw/draftkings/2026-07-31/event_34437094/snapshot_draftkings_20260731_211342_subcategory_6437.json,4,success,
draftkings_20260731_211342,2026-07-31T21:13:42.714048+00:00,draftkings_public,DraftKings,34437094,5735,Round and Method,round_method,https://sportsbook-nash.draftkings.com/sites/US-KS-SB/api/sportscontent/controldata/league/eventSubcategory/v1/markets?isBatchable=false&templateVars=5735&marketsQuery=%24filter%3DeventId+eq+%2734437094%27+AND+clientMetadata%2FsubCategoryId+eq+%275735%27+AND+tags%2Fall%28t%3A+t+ne+%27SportcastBetBuilder%27%29&eventsQuery=%24filter%3Did+in+%28%2734437094%27%29&include=Events&entity=markets,data/market/raw/draftkings/2026-07-31/event_34437094/snapshot_draftkings_20260731_211342_subcategory_5735.json,13,success,
draftkings_20260731_211342,2026-07-31T21:13:42.714048+00:00,draftkings_public,DraftKings,34437094,15122,Finish Only,finish_only_moneyline,https://sportsbook-nash.draftkings.com/sites/US-KS-SB/api/sportscontent/controldata/league/eventSubcategory/v1/markets?isBatchable=false&templateVars=15122&marketsQuery=%24filter%3DeventId+eq+%2734437094%27+AND+clientMetadata%2FsubCategoryId+eq+%2715122%27+AND+tags%2Fall%28t%3A+t+ne+%27SportcastBetBuilder%27%29&eventsQuery=%24filter%3Did+in+%28%2734437094%27%29&include=Events&entity=markets,data/market/raw/draftkings/2026-07-31/event_34437094/snapshot_draftkings_20260731_211342_subcategory_15122.json,2,success,
draftkings_20260731_211342,2026-07-31T21:13:42.714048+00:00,draftkings_public,DraftKings,34437094,15123,Decision Only,decision_only_moneyline,https://sportsbook-nash.draftkings.com/sites/US-KS-SB/api/sportscontent/controldata/league/eventSubcategory/v1/markets?isBatchable=false&templateVars=15123&marketsQuery=%24filter%3DeventId+eq+%2734437094%27+AND+clientMetadata%2FsubCategoryId+eq+%2715123%27+AND+tags%2Fall%28t%3A+t+ne+%27SportcastBetBuilder%27%29&eventsQuery=%24filter%3Did+in+%28%2734437094%27%29&include=Events&entity=markets,data/market/raw/draftkings/2026-07-31/event_34437094/snapshot_draftkings_20260731_211342_subcategory_15123.json,2,success,
draftkings_20260731_211342,2026-07-31T21:13:42.714048+00:00,draftkings_public,DraftKings,34437094,15124,Round 1 Only,round_1_only_moneyline,https://sportsbook-nash.draftkings.com/sites/US-KS-SB/api/sportscontent/controldata/league/eventSubcategory/v1/markets?isBatchable=false&templateVars=15124&marketsQuery=%24filter%3DeventId+eq+%2734437094%27+AND+clientMetadata%2FsubCategoryId+eq+%2715124%27+AND+tags%2Fall%28t%3A+t+ne+%27SportcastBetBuilder%27%29&eventsQuery=%24filter%3Did+in+%28%2734437094%27%29&include=Events&entity=markets,data/market/raw/draftkings/2026-07-31/event_34437094/snapshot_draftkings_20260731_211342_subcategory_15124.json,2,success,
draftkings_20260731_211342,2026-07-31T21:13:42.714048+00:00,draftkings_public,DraftKings,34437094,15125,Submission Only,submission_only_moneyline,https://sportsbook-nash.draftkings.com/sites/US-KS-SB/api/sportscontent/controldata/league/eventSubcategory/v1/markets?isBatchable=false&templateVars=15125&marketsQuery=%24filter%3DeventId+eq+%2734437094%27+AND+clientMetadata%2FsubCategoryId+eq+%2715125%27+AND+tags%2Fall%28t%3A+t+ne+%27SportcastBetBuilder%27%29&eventsQuery=%24filter%3Did+in+%28%2734437094%27%29&include=Events&entity=markets,data/market/raw/draftkings/2026-07-31/event_34437094/snapshot_draftkings_20260731_211342_subcategory_15125.json,2,success,
draftkings_20260731_211342,2026-07-31T21:13:42.714048+00:00,draftkings_public,DraftKings,34437094,15126,KO TKO DQ Only,ko_tko_only_moneyline,https://sportsbook-nash.draftkings.com/sites/US-KS-SB/api/sportscontent/controldata/league/eventSubcategory/v1/markets?isBatchable=false&templateVars=15126&marketsQuery=%24filter%3DeventId+eq+%2734437094%27+AND+clientMetadata%2FsubCategoryId+eq+%2715126%27+AND+tags%2Fall%28t%3A+t+ne+%27SportcastBetBuilder%27%29&eventsQuery=%24filter%3Did+in+%28%2734437094%27%29&include=Events&entity=markets,data/market/raw/draftkings/2026-07-31/event_34437094/snapshot_draftkings_20260731_211342_subcategory_15126.json,2,success,
draftkings_20260731_211342,2026-07-31T21:13:42.714048+00:00,draftkings_public,DraftKings,34437094,19390,Fighter Significant Strikes Total,fighter_sig_strikes_total,https://sportsbook-nash.draftkings.com/sites/US-KS-SB/api/sportscontent/controldata/league/eventSubcategory/v1/markets?isBatchable=false&templateVars=19390&marketsQuery=%24filter%3DeventId+eq+%2734437094%27+AND+clientMetadata%2FsubCategoryId+eq+%2719390%27+AND+tags%2Fall%28t%3A+t+ne+%27SportcastBetBuilder%27%29&eventsQuery=%24filter%3Did+in+%28%2734437094%27%29&include=Events&entity=markets,data/market/raw/draftkings/2026-07-31/event_34437094/snapshot_draftkings_20260731_211342_subcategory_19390.json,0,success,
draftkings_20260731_211342,2026-07-31T21:13:42.714048+00:00,draftkings_public,DraftKings,34437087,13025,Main Lines,main_lines,https://sportsbook-nash.draftkings.com/sites/US-KS-SB/api/sportscontent/controldata/league/eventSubcategory/v1/markets?isBatchable=false&templateVars=13025&marketsQuery=%24filter%3DeventId+eq+%2734437087%27+AND+clientMetadata%2FsubCategoryId+eq+%2713025%27+AND+tags%2Fall%28t%3A+t+ne+%27SportcastBetBuilder%27%29&eventsQuery=%24filter%3Did+in+%28%2734437087%27%29&include=Events&entity=markets,data/market/raw/draftkings/2026-07-31/event_34437087/snapshot_draftkings_20260731_211342_subcategory_13025.json,6,success,
draftkings_20260731_211342,2026-07-31T21:13:42.714048+00:00,draftkings_public,DraftKings,34437087,13179,Alternate Total Rounds,alternate_total_rounds,https://sportsbook-nash.draftkings.com/sites/US-KS-SB/api/sportscontent/controldata/league/eventSubcategory/v1/markets?isBatchable=false&templateVars=13179&marketsQuery=%24filter%3DeventId+eq+%2734437087%27+AND+clientMetadata%2FsubCategoryId+eq+%2713179%27+AND+tags%2Fall%28t%3A+t+ne+%27SportcastBetBuilder%27%29&eventsQuery=%24filter%3Did+in+%28%2734437087%27%29&include=Events&entity=markets,data/market/raw/draftkings/2026-07-31/event_34437087/snapshot_draftkings_20260731_211342_subcategory_13179.json,4,success,
draftkings_20260731_211342,2026-07-31T21:13:42.714048+00:00,draftkings_public,DraftKings,34437087,16272,Alternate Point Spread,alternate_point_spread,https://sportsbook-nash.draftkings.com/sites/US-KS-SB/api/sportscontent/controldata/league/eventSubcategory/v1/markets?isBatchable=false&templateVars=16272&marketsQuery=%24filter%3DeventId+eq+%2734437087%27+AND+clientMetadata%2FsubCategoryId+eq+%2716272%27+AND+tags%2Fall%28t%3A+t+ne+%27SportcastBetBuilder%27%29&eventsQuery=%24filter%3Did+in+%28%2734437087%27%29&include=Events&entity=markets,data/market/raw/draftkings/2026-07-31/event_34437087/snapshot_draftkings_20260731_211342_subcategory_16272.json,10,success,
draftkings_20260731_211342,2026-07-31T21:13:42.714048+00:00,draftkings_public,DraftKings,34437087,17644,Fight to Go the Distance,goes_distance,https://sportsbook-nash.draftkings.com/sites/US-KS-SB/api/sportscontent/controldata/league/eventSubcategory/v1/markets?isBatchable=false&templateVars=17644&marketsQuery=%24filter%3DeventId+eq+%2734437087%27+AND+clientMetadata%2FsubCategoryId+eq+%2717644%27+AND+tags%2Fall%28t%3A+t+ne+%27SportcastBetBuilder%27%29&eventsQuery=%24filter%3Did+in+%28%2734437087%27%29&include=Events&entity=markets,data/market/raw/draftkings/2026-07-31/event_34437087/snapshot_draftkings_20260731_211342_subcategory_17644.json,2,success,
draftkings_20260731_211342,2026-07-31T21:13:42.714048+00:00,draftkings_public,DraftKings,34437087,18911,Fighter Method Props,fighter_method_props,https://sportsbook-nash.draftkings.com/sites/US-KS-SB/api/sportscontent/controldata/league/eventSubcategory/v1/markets?isBatchable=false&templateVars=18911&marketsQuery=%24filter%3DeventId+eq+%2734437087%27+AND+clientMetadata%2FsubCategoryId+eq+%2718911%27+AND+tags%2Fall%28t%3A+t+ne+%27SportcastBetBuilder%27%29&eventsQuery=%24filter%3Did+in+%28%2734437087%27%29&include=Events&entity=markets,data/market/raw/draftkings/2026-07-31/event_34437087/snapshot_draftkings_20260731_211342_subcategory_18911.json,6,success,
draftkings_20260731_211342,2026-07-31T21:13:42.714048+00:00,draftkings_public,DraftKings,34437087,6437,Exact Method of Victory,exact_method,https://sportsbook-nash.draftkings.com/sites/US-KS-SB/api/sportscontent/controldata/league/eventSubcategory/v1/markets?isBatchable=false&templateVars=6437&marketsQuery=%24filter%3DeventId+eq+%2734437087%27+AND+clientMetadata%2FsubCategoryId+eq+%276437%27+AND+tags%2Fall%28t%3A+t+ne+%27SportcastBetBuilder%27%29&eventsQuery=%24filter%3Did+in+%28%2734437087%27%29&include=Events&entity=markets,data/market/raw/draftkings/2026-07-31/event_34437087/snapshot_draftkings_20260731_211342_subcategory_6437.json,4,success,
draftkings_20260731_211342,2026-07-31T21:13:42.714048+00:00,draftkings_public,DraftKings,34437087,5735,Round and Method,round_method,https://sportsbook-nash.draftkings.com/sites/US-KS-SB/api/sportscontent/controldata/league/eventSubcategory/v1/markets?isBatchable=false&templateVars=5735&marketsQuery=%24filter%3DeventId+eq+%2734437087%27+AND+clientMetadata%2FsubCategoryId+eq+%275735%27+AND+tags%2Fall%28t%3A+t+ne+%27SportcastBetBuilder%27%29&eventsQuery=%24filter%3Did+in+%28%2734437087%27%29&include=Events&entity=markets,data/market/raw/draftkings/2026-07-31/event_34437087/snapshot_draftkings_20260731_211342_subcategory_5735.json,13,success,
draftkings_20260731_211342,2026-07-31T21:13:42.714048+00:00,draftkings_public,DraftKings,34437087,15122,Finish Only,finish_only_moneyline,https://sportsbook-nash.draftkings.com/sites/US-KS-SB/api/sportscontent/controldata/league/eventSubcategory/v1/markets?isBatchable=false&templateVars=15122&marketsQuery=%24filter%3DeventId+eq+%2734437087%27+AND+clientMetadata%2FsubCategoryId+eq+%2715122%27+AND+tags%2Fall%28t%3A+t+ne+%27SportcastBetBuilder%27%29&eventsQuery=%24filter%3Did+in+%28%2734437087%27%29&include=Events&entity=markets,data/market/raw/draftkings/2026-07-31/event_34437087/snapshot_draftkings_20260731_211342_subcategory_15122.json,2,success,
draftkings_20260731_211342,2026-07-31T21:13:42.714048+00:00,draftkings_public,DraftKings,34437087,15123,Decision Only,decision_only_moneyline,https://sportsbook-nash.draftkings.com/sites/US-KS-SB/api/sportscontent/controldata/league/eventSubcategory/v1/markets?isBatchable=false&templateVars=15123&marketsQuery=%24filter%3DeventId+eq+%2734437087%27+AND+clientMetadata%2FsubCategoryId+eq+%2715123%27+AND+tags%2Fall%28t%3A+t+ne+%27SportcastBetBuilder%27%29&eventsQuery=%24filter%3Did+in+%28%2734437087%27%29&include=Events&entity=markets,data/market/raw/draftkings/2026-07-31/event_34437087/snapshot_draftkings_20260731_211342_subcategory_15123.json,2,success,
draftkings_20260731_211342,2026-07-31T21:13:42.714048+00:00,draftkings_public,DraftKings,34437087,15124,Round 1 Only,round_1_only_moneyline,https://sportsbook-nash.draftkings.com/sites/US-KS-SB/api/sportscontent/controldata/league/eventSubcategory/v1/markets?isBatchable=false&templateVars=15124&marketsQuery=%24filter%3DeventId+eq+%2734437087%27+AND+clientMetadata%2FsubCategoryId+eq+%2715124%27+AND+tags%2Fall%28t%3A+t+ne+%27SportcastBetBuilder%27%29&eventsQuery=%24filter%3Did+in+%28%2734437087%27%29&include=Events&entity=markets,data/market/raw/draftkings/2026-07-31/event_34437087/snapshot_draftkings_20260731_211342_subcategory_15124.json,2,success,
draftkings_20260731_211342,2026-07-31T21:13:42.714048+00:00,draftkings_public,DraftKings,34437087,15125,Submission Only,submission_only_moneyline,https://sportsbook-nash.draftkings.com/sites/US-KS-SB/api/sportscontent/controldata/league/eventSubcategory/v1/markets?isBatchable=false&templateVars=15125&marketsQuery=%24filter%3DeventId+eq+%2734437087%27+AND+clientMetadata%2FsubCategoryId+eq+%2715125%27+AND+tags%2Fall%28t%3A+t+ne+%27SportcastBetBuilder%27%29&eventsQuery=%24filter%3Did+in+%28%2734437087%27%29&include=Events&entity=markets,data/market/raw/draftkings/2026-07-31/event_34437087/snapshot_draftkings_20260731_211342_subcategory_15125.json,2,success,
draftkings_20260731_211342,2026-07-31T21:13:42.714048+00:00,draftkings_public,DraftKings,34437087,15126,KO TKO DQ Only,ko_tko_only_moneyline,https://sportsbook-nash.draftkings.com/sites/US-KS-SB/api/sportscontent/controldata/league/eventSubcategory/v1/markets?isBatchable=false&templateVars=15126&marketsQuery=%24filter%3DeventId+eq+%2734437087%27+AND+clientMetadata%2FsubCategoryId+eq+%2715126%27+AND+tags%2Fall%28t%3A+t+ne+%27SportcastBetBuilder%27%29&eventsQuery=%24filter%3Did+in+%28%2734437087%27%29&include=Events&entity=markets,data/market/raw/draftkings/2026-07-31/event_34437087/snapshot_draftkings_20260731_211342_subcategory_15126.json,2,success,
draftkings_20260731_211342,2026-07-31T21:13:42.714048+00:00,draftkings_public,DraftKings,34437087,19390,Fighter Significant Strikes Total,fighter_sig_strikes_total,https://sportsbook-nash.draftkings.com/sites/US-KS-SB/api/sportscontent/controldata/league/eventSubcategory/v1/markets?isBatchable=false&templateVars=19390&marketsQuery=%24filter%3DeventId+eq+%2734437087%27+AND+clientMetadata%2FsubCategoryId+eq+%2719390%27+AND+tags%2Fall%28t%3A+t+ne+%27SportcastBetBuilder%27%29&eventsQuery=%24filter%3Did+in+%28%2734437087%27%29&include=Events&entity=markets,data/market/raw/draftkings/2026-07-31/event_34437087/snapshot_draftkings_20260731_211342_subcategory_19390.json,0,success,
draftkings_20260731_211342,2026-07-31T21:13:42.714048+00:00,draftkings_public,DraftKings,34437088,13025,Main Lines,main_lines,https://sportsbook-nash.draftkings.com/sites/US-KS-SB/api/sportscontent/controldata/league/eventSubcategory/v1/markets?isBatchable=false&templateVars=13025&marketsQuery=%24filter%3DeventId+eq+%2734437088%27+AND+clientMetadata%2FsubCategoryId+eq+%2713025%27+AND+tags%2Fall%28t%3A+t+ne+%27SportcastBetBuilder%27%29&eventsQuery=%24filter%3Did+in+%28%2734437088%27%29&include=Events&entity=markets,data/market/raw/draftkings/2026-07-31/event_34437088/snapshot_draftkings_20260731_211342_subcategory_13025.json,6,success,
draftkings_20260731_211342,2026-07-31T21:13:42.714048+00:00,draftkings_public,DraftKings,34437088,13179,Alternate Total Rounds,alternate_total_rounds,https://sportsbook-nash.draftkings.com/sites/US-KS-SB/api/sportscontent/controldata/league/eventSubcategory/v1/markets?isBatchable=false&templateVars=13179&marketsQuery=%24filter%3DeventId+eq+%2734437088%27+AND+clientMetadata%2FsubCategoryId+eq+%2713179%27+AND+tags%2Fall%28t%3A+t+ne+%27SportcastBetBuilder%27%29&eventsQuery=%24filter%3Did+in+%28%2734437088%27%29&include=Events&entity=markets,data/market/raw/draftkings/2026-07-31/event_34437088/snapshot_draftkings_20260731_211342_subcategory_13179.json,4,success,
draftkings_20260731_211342,2026-07-31T21:13:42.714048+00:00,draftkings_public,DraftKings,34437088,16272,Alternate Point Spread,alternate_point_spread,https://sportsbook-nash.draftkings.com/sites/US-KS-SB/api/sportscontent/controldata/league/eventSubcategory/v1/markets?isBatchable=false&templateVars=16272&marketsQuery=%24filter%3DeventId+eq+%2734437088%27+AND+clientMetadata%2FsubCategoryId+eq+%2716272%27+AND+tags%2Fall%28t%3A+t+ne+%27SportcastBetBuilder%27%29&eventsQuery=%24filter%3Did+in+%28%2734437088%27%29&include=Events&entity=markets,data/market/raw/draftkings/2026-07-31/event_34437088/snapshot_draftkings_20260731_211342_subcategory_16272.json,10,success,
draftkings_20260731_211342,2026-07-31T21:13:42.714048+00:00,draftkings_public,DraftKings,34437088,17644,Fight to Go the Distance,goes_distance,https://sportsbook-nash.draftkings.com/sites/US-KS-SB/api/sportscontent/controldata/league/eventSubcategory/v1/markets?isBatchable=false&templateVars=17644&marketsQuery=%24filter%3DeventId+eq+%2734437088%27+AND+clientMetadata%2FsubCategoryId+eq+%2717644%27+AND+tags%2Fall%28t%3A+t+ne+%27SportcastBetBuilder%27%29&eventsQuery=%24filter%3Did+in+%28%2734437088%27%29&include=Events&entity=markets,data/market/raw/draftkings/2026-07-31/event_34437088/snapshot_draftkings_20260731_211342_subcategory_17644.json,2,success,
draftkings_20260731_211342,2026-07-31T21:13:42.714048+00:00,draftkings_public,DraftKings,34437088,18911,Fighter Method Props,fighter_method_props,https://sportsbook-nash.draftkings.com/sites/US-KS-SB/api/sportscontent/controldata/league/eventSubcategory/v1/markets?isBatchable=false&templateVars=18911&marketsQuery=%24filter%3DeventId+eq+%2734437088%27+AND+clientMetadata%2FsubCategoryId+eq+%2718911%27+AND+tags%2Fall%28t%3A+t+ne+%27SportcastBetBuilder%27%29&eventsQuery=%24filter%3Did+in+%28%2734437088%27%29&include=Events&entity=markets,data/market/raw/draftkings/2026-07-31/event_34437088/snapshot_draftkings_20260731_211342_subcategory_18911.json,6,success,
draftkings_20260731_211342,2026-07-31T21:13:42.714048+00:00,draftkings_public,DraftKings,34437088,6437,Exact Method of Victory,exact_method,https://sportsbook-nash.draftkings.com/sites/US-KS-SB/api/sportscontent/controldata/league/eventSubcategory/v1/markets?isBatchable=false&templateVars=6437&marketsQuery=%24filter%3DeventId+eq+%2734437088%27+AND+clientMetadata%2FsubCategoryId+eq+%276437%27+AND+tags%2Fall%28t%3A+t+ne+%27SportcastBetBuilder%27%29&eventsQuery=%24filter%3Did+in+%28%2734437088%27%29&include=Events&entity=markets,data/market/raw/draftkings/2026-07-31/event_34437088/snapshot_draftkings_20260731_211342_subcategory_6437.json,4,success,
draftkings_20260731_211342,2026-07-31T21:13:42.714048+00:00,draftkings_public,DraftKings,34437088,5735,Round and Method,round_method,https://sportsbook-nash.draftkings.com/sites/US-KS-SB/api/sportscontent/controldata/league/eventSubcategory/v1/markets?isBatchable=false&templateVars=5735&marketsQuery=%24filter%3DeventId+eq+%2734437088%27+AND+clientMetadata%2FsubCategoryId+eq+%275735%27+AND+tags%2Fall%28t%3A+t+ne+%27SportcastBetBuilder%27%29&eventsQuery=%24filter%3Did+in+%28%2734437088%27%29&include=Events&entity=markets,data/market/raw/draftkings/2026-07-31/event_34437088/snapshot_draftkings_20260731_211342_subcategory_5735.json,13,success,
draftkings_20260731_211342,2026-07-31T21:13:42.714048+00:00,draftkings_public,DraftKings,34437088,15122,Finish Only,finish_only_moneyline,https://sportsbook-nash.draftkings.com/sites/US-KS-SB/api/sportscontent/controldata/league/eventSubcategory/v1/markets?isBatchable=false&templateVars=15122&marketsQuery=%24filter%3DeventId+eq+%2734437088%27+AND+clientMetadata%2FsubCategoryId+eq+%2715122%27+AND+tags%2Fall%28t%3A+t+ne+%27SportcastBetBuilder%27%29&eventsQuery=%24filter%3Did+in+%28%2734437088%27%29&include=Events&entity=markets,data/market/raw/draftkings/2026-07-31/event_34437088/snapshot_draftkings_20260731_211342_subcategory_15122.json,2,success,
draftkings_20260731_211342,2026-07-31T21:13:42.714048+00:00,draftkings_public,DraftKings,34437088,15123,Decision Only,decision_only_moneyline,https://sportsbook-nash.draftkings.com/sites/US-KS-SB/api/sportscontent/controldata/league/eventSubcategory/v1/markets?isBatchable=false&templateVars=15123&marketsQuery=%24filter%3DeventId+eq+%2734437088%27+AND+clientMetadata%2FsubCategoryId+eq+%2715123%27+AND+tags%2Fall%28t%3A+t+ne+%27SportcastBetBuilder%27%29&eventsQuery=%24filter%3Did+in+%28%2734437088%27%29&include=Events&entity=markets,data/market/raw/draftkings/2026-07-31/event_34437088/snapshot_draftkings_20260731_211342_subcategory_15123.json,2,success,
draftkings_20260731_211342,2026-07-31T21:13:42.714048+00:00,draftkings_public,DraftKings,34437088,15124,Round 1 Only,round_1_only_moneyline,https://sportsbook-nash.draftkings.com/sites/US-KS-SB/api/sportscontent/controldata/league/eventSubcategory/v1/markets?isBatchable=false&templateVars=15124&marketsQuery=%24filter%3DeventId+eq+%2734437088%27+AND+clientMetadata%2FsubCategoryId+eq+%2715124%27+AND+tags%2Fall%28t%3A+t+ne+%27SportcastBetBuilder%27%29&eventsQuery=%24filter%3Did+in+%28%2734437088%27%29&include=Events&entity=markets,data/market/raw/draftkings/2026-07-31/event_34437088/snapshot_draftkings_20260731_211342_subcategory_15124.json,2,success,
draftkings_20260731_211342,2026-07-31T21:13:42.714048+00:00,draftkings_public,DraftKings,34437088,15125,Submission Only,submission_only_moneyline,https://sportsbook-nash.draftkings.com/sites/US-KS-SB/api/sportscontent/controldata/league/eventSubcategory/v1/markets?isBatchable=false&templateVars=15125&marketsQuery=%24filter%3DeventId+eq+%2734437088%27+AND+clientMetadata%2FsubCategoryId+eq+%2715125%27+AND+tags%2Fall%28t%3A+t+ne+%27SportcastBetBuilder%27%29&eventsQuery=%24filter%3Did+in+%28%2734437088%27%29&include=Events&entity=markets,data/market/raw/draftkings/2026-07-31/event_34437088/snapshot_draftkings_20260731_211342_subcategory_15125.json,2,success,
draftkings_20260731_211342,2026-07-31T21:13:42.714048+00:00,draftkings_public,DraftKings,34437088,15126,KO TKO DQ Only,ko_tko_only_moneyline,https://sportsbook-nash.draftkings.com/sites/US-KS-SB/api/sportscontent/controldata/league/eventSubcategory/v1/markets?isBatchable=false&templateVars=15126&marketsQuery=%24filter%3DeventId+eq+%2734437088%27+AND+clientMetadata%2FsubCategoryId+eq+%2715126%27+AND+tags%2Fall%28t%3A+t+ne+%27SportcastBetBuilder%27%29&eventsQuery=%24filter%3Did+in+%28%2734437088%27%29&include=Events&entity=markets,data/market/raw/draftkings/2026-07-31/event_34437088/snapshot_draftkings_20260731_211342_subcategory_15126.json,2,success,
draftkings_20260731_211342,2026-07-31T21:13:42.714048+00:00,draftkings_public,DraftKings,34437088,19390,Fighter Significant Strikes Total,fighter_sig_strikes_total,https://sportsbook-nash.draftkings.com/sites/US-KS-SB/api/sportscontent/controldata/league/eventSubcategory/v1/markets?isBatchable=false&templateVars=19390&marketsQuery=%24filter%3DeventId+eq+%2734437088%27+AND+clientMetadata%2FsubCategoryId+eq+%2719390%27+AND+tags%2Fall%28t%3A+t+ne+%27SportcastBetBuilder%27%29&eventsQuery=%24filter%3Did+in+%28%2734437088%27%29&include=Events&entity=markets,data/market/raw/draftkings/2026-07-31/event_34437088/snapshot_draftkings_20260731_211342_subcategory_19390.json,0,success,
draftkings_20260731_211342,2026-07-31T21:13:42.714048+00:00,draftkings_public,DraftKings,34437446,13025,Main Lines,main_lines,https://sportsbook-nash.draftkings.com/sites/US-KS-SB/api/sportscontent/controldata/league/eventSubcategory/v1/markets?isBatchable=false&templateVars=13025&marketsQuery=%24filter%3DeventId+eq+%2734437446%27+AND+clientMetadata%2FsubCategoryId+eq+%2713025%27+AND+tags%2Fall%28t%3A+t+ne+%27SportcastBetBuilder%27%29&eventsQuery=%24filter%3Did+in+%28%2734437446%27%29&include=Events&entity=markets,data/market/raw/draftkings/2026-07-31/event_34437446/snapshot_draftkings_20260731_211342_subcategory_13025.json,6,success,
draftkings_20260731_211342,2026-07-31T21:13:42.714048+00:00,draftkings_public,DraftKings,34437446,13179,Alternate Total Rounds,alternate_total_rounds,https://sportsbook-nash.draftkings.com/sites/US-KS-SB/api/sportscontent/controldata/league/eventSubcategory/v1/markets?isBatchable=false&templateVars=13179&marketsQuery=%24filter%3DeventId+eq+%2734437446%27+AND+clientMetadata%2FsubCategoryId+eq+%2713179%27+AND+tags%2Fall%28t%3A+t+ne+%27SportcastBetBuilder%27%29&eventsQuery=%24filter%3Did+in+%28%2734437446%27%29&include=Events&entity=markets,data/market/raw/draftkings/2026-07-31/event_34437446/snapshot_draftkings_20260731_211342_subcategory_13179.json,4,success,
draftkings_20260731_211342,2026-07-31T21:13:42.714048+00:00,draftkings_public,DraftKings,34437446,16272,Alternate Point Spread,alternate_point_spread,https://sportsbook-nash.draftkings.com/sites/US-KS-SB/api/sportscontent/controldata/league/eventSubcategory/v1/markets?isBatchable=false&templateVars=16272&marketsQuery=%24filter%3DeventId+eq+%2734437446%27+AND+clientMetadata%2FsubCategoryId+eq+%2716272%27+AND+tags%2Fall%28t%3A+t+ne+%27SportcastBetBuilder%27%29&eventsQuery=%24filter%3Did+in+%28%2734437446%27%29&include=Events&entity=markets,data/market/raw/draftkings/2026-07-31/event_34437446/snapshot_draftkings_20260731_211342_subcategory_16272.json,10,success,
draftkings_20260731_211342,2026-07-31T21:13:42.714048+00:00,draftkings_public,DraftKings,34437446,17644,Fight to Go the Distance,goes_distance,https://sportsbook-nash.draftkings.com/sites/US-KS-SB/api/sportscontent/controldata/league/eventSubcategory/v1/markets?isBatchable=false&templateVars=17644&marketsQuery=%24filter%3DeventId+eq+%2734437446%27+AND+clientMetadata%2FsubCategoryId+eq+%2717644%27+AND+tags%2Fall%28t%3A+t+ne+%27SportcastBetBuilder%27%29&eventsQuery=%24filter%3Did+in+%28%2734437446%27%29&include=Events&entity=markets,data/market/raw/draftkings/2026-07-31/event_34437446/snapshot_draftkings_20260731_211342_subcategory_17644.json,2,success,
draftkings_20260731_211342,2026-07-31T21:13:42.714048+00:00,draftkings_public,DraftKings,34437446,18911,Fighter Method Props,fighter_method_props,https://sportsbook-nash.draftkings.com/sites/US-KS-SB/api/sportscontent/controldata/league/eventSubcategory/v1/markets?isBatchable=false&templateVars=18911&marketsQuery=%24filter%3DeventId+eq+%2734437446%27+AND+clientMetadata%2FsubCategoryId+eq+%2718911%27+AND+tags%2Fall%28t%3A+t+ne+%27SportcastBetBuilder%27%29&eventsQuery=%24filter%3Did+in+%28%2734437446%27%29&include=Events&entity=markets,data/market/raw/draftkings/2026-07-31/event_34437446/snapshot_draftkings_20260731_211342_subcategory_18911.json,6,success,
draftkings_20260731_211342,2026-07-31T21:13:42.714048+00:00,draftkings_public,DraftKings,34437446,6437,Exact Method of Victory,exact_method,https://sportsbook-nash.draftkings.com/sites/US-KS-SB/api/sportscontent/controldata/league/eventSubcategory/v1/markets?isBatchable=false&templateVars=6437&marketsQuery=%24filter%3DeventId+eq+%2734437446%27+AND+clientMetadata%2FsubCategoryId+eq+%276437%27+AND+tags%2Fall%28t%3A+t+ne+%27SportcastBetBuilder%27%29&eventsQuery=%24filter%3Did+in+%28%2734437446%27%29&include=Events&entity=markets,data/market/raw/draftkings/2026-07-31/event_34437446/snapshot_draftkings_20260731_211342_subcategory_6437.json,4,success,
draftkings_20260731_211342,2026-07-31T21:13:42.714048+00:00,draftkings_public,DraftKings,34437446,5735,Round and Method,round_method,https://sportsbook-nash.draftkings.com/sites/US-KS-SB/api/sportscontent/controldata/league/eventSubcategory/v1/markets?isBatchable=false&templateVars=5735&marketsQuery=%24filter%3DeventId+eq+%2734437446%27+AND+clientMetadata%2FsubCategoryId+eq+%275735%27+AND+tags%2Fall%28t%3A+t+ne+%27SportcastBetBuilder%27%29&eventsQuery=%24filter%3Did+in+%28%2734437446%27%29&include=Events&entity=markets,data/market/raw/draftkings/2026-07-31/event_34437446/snapshot_draftkings_20260731_211342_subcategory_5735.json,13,success,
draftkings_20260731_211342,2026-07-31T21:13:42.714048+00:00,draftkings_public,DraftKings,34437446,15122,Finish Only,finish_only_moneyline,https://sportsbook-nash.draftkings.com/sites/US-KS-SB/api/sportscontent/controldata/league/eventSubcategory/v1/markets?isBatchable=false&templateVars=15122&marketsQuery=%24filter%3DeventId+eq+%2734437446%27+AND+clientMetadata%2FsubCategoryId+eq+%2715122%27+AND+tags%2Fall%28t%3A+t+ne+%27SportcastBetBuilder%27%29&eventsQuery=%24filter%3Did+in+%28%2734437446%27%29&include=Events&entity=markets,data/market/raw/draftkings/2026-07-31/event_34437446/snapshot_draftkings_20260731_211342_subcategory_15122.json,2,success,
draftkings_20260731_211342,2026-07-31T21:13:42.714048+00:00,draftkings_public,DraftKings,34437446,15123,Decision Only,decision_only_moneyline,https://sportsbook-nash.draftkings.com/sites/US-KS-SB/api/sportscontent/controldata/league/eventSubcategory/v1/markets?isBatchable=false&templateVars=15123&marketsQuery=%24filter%3DeventId+eq+%2734437446%27+AND+clientMetadata%2FsubCategoryId+eq+%2715123%27+AND+tags%2Fall%28t%3A+t+ne+%27SportcastBetBuilder%27%29&eventsQuery=%24filter%3Did+in+%28%2734437446%27%29&include=Events&entity=markets,data/market/raw/draftkings/2026-07-31/event_34437446/snapshot_draftkings_20260731_211342_subcategory_15123.json,2,success,
draftkings_20260731_211342,2026-07-31T21:13:42.714048+00:00,draftkings_public,DraftKings,34437446,15124,Round 1 Only,round_1_only_moneyline,https://sportsbook-nash.draftkings.com/sites/US-KS-SB/api/sportscontent/controldata/league/eventSubcategory/v1/markets?isBatchable=false&templateVars=15124&marketsQuery=%24filter%3DeventId+eq+%2734437446%27+AND+clientMetadata%2FsubCategoryId+eq+%2715124%27+AND+tags%2Fall%28t%3A+t+ne+%27SportcastBetBuilder%27%29&eventsQuery=%24filter%3Did+in+%28%2734437446%27%29&include=Events&entity=markets,data/market/raw/draftkings/2026-07-31/event_34437446/snapshot_draftkings_20260731_211342_subcategory_15124.json,2,success,
draftkings_20260731_211342,2026-07-31T21:13:42.714048+00:00,draftkings_public,DraftKings,34437446,15125,Submission Only,submission_only_moneyline,https://sportsbook-nash.draftkings.com/sites/US-KS-SB/api/sportscontent/controldata/league/eventSubcategory/v1/markets?isBatchable=false&templateVars=15125&marketsQuery=%24filter%3DeventId+eq+%2734437446%27+AND+clientMetadata%2FsubCategoryId+eq+%2715125%27+AND+tags%2Fall%28t%3A+t+ne+%27SportcastBetBuilder%27%29&eventsQuery=%24filter%3Did+in+%28%2734437446%27%29&include=Events&entity=markets,data/market/raw/draftkings/2026-07-31/event_34437446/snapshot_draftkings_20260731_211342_subcategory_15125.json,2,success,
draftkings_20260731_211342,2026-07-31T21:13:42.714048+00:00,draftkings_public,DraftKings,34437446,15126,KO TKO DQ Only,ko_tko_only_moneyline,https://sportsbook-nash.draftkings.com/sites/US-KS-SB/api/sportscontent/controldata/league/eventSubcategory/v1/markets?isBatchable=false&templateVars=15126&marketsQuery=%24filter%3DeventId+eq+%2734437446%27+AND+clientMetadata%2FsubCategoryId+eq+%2715126%27+AND+tags%2Fall%28t%3A+t+ne+%27SportcastBetBuilder%27%29&eventsQuery=%24filter%3Did+in+%28%2734437446%27%29&include=Events&entity=markets,data/market/raw/draftkings/2026-07-31/event_34437446/snapshot_draftkings_20260731_211342_subcategory_15126.json,2,success,
draftkings_20260731_211342,2026-07-31T21:13:42.714048+00:00,draftkings_public,DraftKings,34437446,19390,Fighter Significant Strikes Total,fighter_sig_strikes_total,https://sportsbook-nash.draftkings.com/sites/US-KS-SB/api/sportscontent/controldata/league/eventSubcategory/v1/markets?isBatchable=false&templateVars=19390&marketsQuery=%24filter%3DeventId+eq+%2734437446%27+AND+clientMetadata%2FsubCategoryId+eq+%2719390%27+AND+tags%2Fall%28t%3A+t+ne+%27SportcastBetBuilder%27%29&eventsQuery=%24filter%3Did+in+%28%2734437446%27%29&include=Events&entity=markets,data/market/raw/draftkings/2026-07-31/event_34437446/snapshot_draftkings_20260731_211342_subcategory_19390.json,4,success,
draftkings_20260731_211342,2026-07-31T21:13:42.714048+00:00,draftkings_public,DraftKings,34437086,13025,Main Lines,main_lines,https://sportsbook-nash.draftkings.com/sites/US-KS-SB/api/sportscontent/controldata/league/eventSubcategory/v1/markets?isBatchable=false&templateVars=13025&marketsQuery=%24filter%3DeventId+eq+%2734437086%27+AND+clientMetadata%2FsubCategoryId+eq+%2713025%27+AND+tags%2Fall%28t%3A+t+ne+%27SportcastBetBuilder%27%29&eventsQuery=%24filter%3Did+in+%28%2734437086%27%29&include=Events&entity=markets,data/market/raw/draftkings/2026-07-31/event_34437086/snapshot_draftkings_20260731_211342_subcategory_13025.json,6,success,
draftkings_20260731_211342,2026-07-31T21:13:42.714048+00:00,draftkings_public,DraftKings,34437086,13179,Alternate Total Rounds,alternate_total_rounds,https://sportsbook-nash.draftkings.com/sites/US-KS-SB/api/sportscontent/controldata/league/eventSubcategory/v1/markets?isBatchable=false&templateVars=13179&marketsQuery=%24filter%3DeventId+eq+%2734437086%27+AND+clientMetadata%2FsubCategoryId+eq+%2713179%27+AND+tags%2Fall%28t%3A+t+ne+%27SportcastBetBuilder%27%29&eventsQuery=%24filter%3Did+in+%28%2734437086%27%29&include=Events&entity=markets,data/market/raw/draftkings/2026-07-31/event_34437086/snapshot_draftkings_20260731_211342_subcategory_13179.json,4,success,
draftkings_20260731_211342,2026-07-31T21:13:42.714048+00:00,draftkings_public,DraftKings,34437086,16272,Alternate Point Spread,alternate_point_spread,https://sportsbook-nash.draftkings.com/sites/US-KS-SB/api/sportscontent/controldata/league/eventSubcategory/v1/markets?isBatchable=false&templateVars=16272&marketsQuery=%24filter%3DeventId+eq+%2734437086%27+AND+clientMetadata%2FsubCategoryId+eq+%2716272%27+AND+tags%2Fall%28t%3A+t+ne+%27SportcastBetBuilder%27%29&eventsQuery=%24filter%3Did+in+%28%2734437086%27%29&include=Events&entity=markets,data/market/raw/draftkings/2026-07-31/event_34437086/snapshot_draftkings_20260731_211342_subcategory_16272.json,10,success,
draftkings_20260731_211342,2026-07-31T21:13:42.714048+00:00,draftkings_public,DraftKings,34437086,17644,Fight to Go the Distance,goes_distance,https://sportsbook-nash.draftkings.com/sites/US-KS-SB/api/sportscontent/controldata/league/eventSubcategory/v1/markets?isBatchable=false&templateVars=17644&marketsQuery=%24filter%3DeventId+eq+%2734437086%27+AND+clientMetadata%2FsubCategoryId+eq+%2717644%27+AND+tags%2Fall%28t%3A+t+ne+%27SportcastBetBuilder%27%29&eventsQuery=%24filter%3Did+in+%28%2734437086%27%29&include=Events&entity=markets,data/market/raw/draftkings/2026-07-31/event_34437086/snapshot_draftkings_20260731_211342_subcategory_17644.json,2,success,
draftkings_20260731_211342,2026-07-31T21:13:42.714048+00:00,draftkings_public,DraftKings,34437086,18911,Fighter Method Props,fighter_method_props,https://sportsbook-nash.draftkings.com/sites/US-KS-SB/api/sportscontent/controldata/league/eventSubcategory/v1/markets?isBatchable=false&templateVars=18911&marketsQuery=%24filter%3DeventId+eq+%2734437086%27+AND+clientMetadata%2FsubCategoryId+eq+%2718911%27+AND+tags%2Fall%28t%3A+t+ne+%27SportcastBetBuilder%27%29&eventsQuery=%24filter%3Did+in+%28%2734437086%27%29&include=Events&entity=markets,data/market/raw/draftkings/2026-07-31/event_34437086/snapshot_draftkings_20260731_211342_subcategory_18911.json,6,success,
draftkings_20260731_211342,2026-07-31T21:13:42.714048+00:00,draftkings_public,DraftKings,34437086,6437,Exact Method of Victory,exact_method,https://sportsbook-nash.draftkings.com/sites/US-KS-SB/api/sportscontent/controldata/league/eventSubcategory/v1/markets?isBatchable=false&templateVars=6437&marketsQuery=%24filter%3DeventId+eq+%2734437086%27+AND+clientMetadata%2FsubCategoryId+eq+%276437%27+AND+tags%2Fall%28t%3A+t+ne+%27SportcastBetBuilder%27%29&eventsQuery=%24filter%3Did+in+%28%2734437086%27%29&include=Events&entity=markets,data/market/raw/draftkings/2026-07-31/event_34437086/snapshot_draftkings_20260731_211342_subcategory_6437.json,4,success,
draftkings_20260731_211342,2026-07-31T21:13:42.714048+00:00,draftkings_public,DraftKings,34437086,5735,Round and Method,round_method,https://sportsbook-nash.draftkings.com/sites/US-KS-SB/api/sportscontent/controldata/league/eventSubcategory/v1/markets?isBatchable=false&templateVars=5735&marketsQuery=%24filter%3DeventId+eq+%2734437086%27+AND+clientMetadata%2FsubCategoryId+eq+%275735%27+AND+tags%2Fall%28t%3A+t+ne+%27SportcastBetBuilder%27%29&eventsQuery=%24filter%3Did+in+%28%2734437086%27%29&include=Events&entity=markets,data/market/raw/draftkings/2026-07-31/event_34437086/snapshot_draftkings_20260731_211342_subcategory_5735.json,13,success,
draftkings_20260731_211342,2026-07-31T21:13:42.714048+00:00,draftkings_public,DraftKings,34437086,15122,Finish Only,finish_only_moneyline,https://sportsbook-nash.draftkings.com/sites/US-KS-SB/api/sportscontent/controldata/league/eventSubcategory/v1/markets?isBatchable=false&templateVars=15122&marketsQuery=%24filter%3DeventId+eq+%2734437086%27+AND+clientMetadata%2FsubCategoryId+eq+%2715122%27+AND+tags%2Fall%28t%3A+t+ne+%27SportcastBetBuilder%27%29&eventsQuery=%24filter%3Did+in+%28%2734437086%27%29&include=Events&entity=markets,data/market/raw/draftkings/2026-07-31/event_34437086/snapshot_draftkings_20260731_211342_subcategory_15122.json,2,success,
draftkings_20260731_211342,2026-07-31T21:13:42.714048+00:00,draftkings_public,DraftKings,34437086,15123,Decision Only,decision_only_moneyline,https://sportsbook-nash.draftkings.com/sites/US-KS-SB/api/sportscontent/controldata/league/eventSubcategory/v1/markets?isBatchable=false&templateVars=15123&marketsQuery=%24filter%3DeventId+eq+%2734437086%27+AND+clientMetadata%2FsubCategoryId+eq+%2715123%27+AND+tags%2Fall%28t%3A+t+ne+%27SportcastBetBuilder%27%29&eventsQuery=%24filter%3Did+in+%28%2734437086%27%29&include=Events&entity=markets,data/market/raw/draftkings/2026-07-31/event_34437086/snapshot_draftkings_20260731_211342_subcategory_15123.json,2,success,
draftkings_20260731_211342,2026-07-31T21:13:42.714048+00:00,draftkings_public,DraftKings,34437086,15124,Round 1 Only,round_1_only_moneyline,https://sportsbook-nash.draftkings.com/sites/US-KS-SB/api/sportscontent/controldata/league/eventSubcategory/v1/markets?isBatchable=false&templateVars=15124&marketsQuery=%24filter%3DeventId+eq+%2734437086%27+AND+clientMetadata%2FsubCategoryId+eq+%2715124%27+AND+tags%2Fall%28t%3A+t+ne+%27SportcastBetBuilder%27%29&eventsQuery=%24filter%3Did+in+%28%2734437086%27%29&include=Events&entity=markets,data/market/raw/draftkings/2026-07-31/event_34437086/snapshot_draftkings_20260731_211342_subcategory_15124.json,2,success,
draftkings_20260731_211342,2026-07-31T21:13:42.714048+00:00,draftkings_public,DraftKings,34437086,15125,Submission Only,submission_only_moneyline,https://sportsbook-nash.draftkings.com/sites/US-KS-SB/api/sportscontent/controldata/league/eventSubcategory/v1/markets?isBatchable=false&templateVars=15125&marketsQuery=%24filter%3DeventId+eq+%2734437086%27+AND+clientMetadata%2FsubCategoryId+eq+%2715125%27+AND+tags%2Fall%28t%3A+t+ne+%27SportcastBetBuilder%27%29&eventsQuery=%24filter%3Did+in+%28%2734437086%27%29&include=Events&entity=markets,data/market/raw/draftkings/2026-07-31/event_34437086/snapshot_draftkings_20260731_211342_subcategory_15125.json,2,success,
draftkings_20260731_211342,2026-07-31T21:13:42.714048+00:00,draftkings_public,DraftKings,34437086,15126,KO TKO DQ Only,ko_tko_only_moneyline,https://sportsbook-nash.draftkings.com/sites/US-KS-SB/api/sportscontent/controldata/league/eventSubcategory/v1/markets?isBatchable=false&templateVars=15126&marketsQuery=%24filter%3DeventId+eq+%2734437086%27+AND+clientMetadata%2FsubCategoryId+eq+%2715126%27+AND+tags%2Fall%28t%3A+t+ne+%27SportcastBetBuilder%27%29&eventsQuery=%24filter%3Did+in+%28%2734437086%27%29&include=Events&entity=markets,data/market/raw/draftkings/2026-07-31/event_34437086/snapshot_draftkings_20260731_211342_subcategory_15126.json,2,success,
draftkings_20260731_211342,2026-07-31T21:13:42.714048+00:00,draftkings_public,DraftKings,34437086,19390,Fighter Significant Strikes Total,fighter_sig_strikes_total,https://sportsbook-nash.draftkings.com/sites/US-KS-SB/api/sportscontent/controldata/league/eventSubcategory/v1/markets?isBatchable=false&templateVars=19390&marketsQuery=%24filter%3DeventId+eq+%2734437086%27+AND+clientMetadata%2FsubCategoryId+eq+%2719390%27+AND+tags%2Fall%28t%3A+t+ne+%27SportcastBetBuilder%27%29&eventsQuery=%24filter%3Did+in+%28%2734437086%27%29&include=Events&entity=markets,data/market/raw/draftkings/2026-07-31/event_34437086/snapshot_draftkings_20260731_211342_subcategory_19390.json,4,success,
draftkings_20260731_211342,2026-07-31T21:13:42.714048+00:00,draftkings_public,DraftKings,34437085,13025,Main Lines,main_lines,https://sportsbook-nash.draftkings.com/sites/US-KS-SB/api/sportscontent/controldata/league/eventSubcategory/v1/markets?isBatchable=false&templateVars=13025&marketsQuery=%24filter%3DeventId+eq+%2734437085%27+AND+clientMetadata%2FsubCategoryId+eq+%2713025%27+AND+tags%2Fall%28t%3A+t+ne+%27SportcastBetBuilder%27%29&eventsQuery=%24filter%3Did+in+%28%2734437085%27%29&include=Events&entity=markets,data/market/raw/draftkings/2026-07-31/event_34437085/snapshot_draftkings_20260731_211342_subcategory_13025.json,6,success,
draftkings_20260731_211342,2026-07-31T21:13:42.714048+00:00,draftkings_public,DraftKings,34437085,13179,Alternate Total Rounds,alternate_total_rounds,https://sportsbook-nash.draftkings.com/sites/US-KS-SB/api/sportscontent/controldata/league/eventSubcategory/v1/markets?isBatchable=false&templateVars=13179&marketsQuery=%24filter%3DeventId+eq+%2734437085%27+AND+clientMetadata%2FsubCategoryId+eq+%2713179%27+AND+tags%2Fall%28t%3A+t+ne+%27SportcastBetBuilder%27%29&eventsQuery=%24filter%3Did+in+%28%2734437085%27%29&include=Events&entity=markets,data/market/raw/draftkings/2026-07-31/event_34437085/snapshot_draftkings_20260731_211342_subcategory_13179.json,8,success,
draftkings_20260731_211342,2026-07-31T21:13:42.714048+00:00,draftkings_public,DraftKings,34437085,16272,Alternate Point Spread,alternate_point_spread,https://sportsbook-nash.draftkings.com/sites/US-KS-SB/api/sportscontent/controldata/league/eventSubcategory/v1/markets?isBatchable=false&templateVars=16272&marketsQuery=%24filter%3DeventId+eq+%2734437085%27+AND+clientMetadata%2FsubCategoryId+eq+%2716272%27+AND+tags%2Fall%28t%3A+t+ne+%27SportcastBetBuilder%27%29&eventsQuery=%24filter%3Did+in+%28%2734437085%27%29&include=Events&entity=markets,data/market/raw/draftkings/2026-07-31/event_34437085/snapshot_draftkings_20260731_211342_subcategory_16272.json,10,success,
draftkings_20260731_211342,2026-07-31T21:13:42.714048+00:00,draftkings_public,DraftKings,34437085,17644,Fight to Go the Distance,goes_distance,https://sportsbook-nash.draftkings.com/sites/US-KS-SB/api/sportscontent/controldata/league/eventSubcategory/v1/markets?isBatchable=false&templateVars=17644&marketsQuery=%24filter%3DeventId+eq+%2734437085%27+AND+clientMetadata%2FsubCategoryId+eq+%2717644%27+AND+tags%2Fall%28t%3A+t+ne+%27SportcastBetBuilder%27%29&eventsQuery=%24filter%3Did+in+%28%2734437085%27%29&include=Events&entity=markets,data/market/raw/draftkings/2026-07-31/event_34437085/snapshot_draftkings_20260731_211342_subcategory_17644.json,2,success,
draftkings_20260731_211342,2026-07-31T21:13:42.714048+00:00,draftkings_public,DraftKings,34437085,18911,Fighter Method Props,fighter_method_props,https://sportsbook-nash.draftkings.com/sites/US-KS-SB/api/sportscontent/controldata/league/eventSubcategory/v1/markets?isBatchable=false&templateVars=18911&marketsQuery=%24filter%3DeventId+eq+%2734437085%27+AND+clientMetadata%2FsubCategoryId+eq+%2718911%27+AND+tags%2Fall%28t%3A+t+ne+%27SportcastBetBuilder%27%29&eventsQuery=%24filter%3Did+in+%28%2734437085%27%29&include=Events&entity=markets,data/market/raw/draftkings/2026-07-31/event_34437085/snapshot_draftkings_20260731_211342_subcategory_18911.json,6,success,
draftkings_20260731_211342,2026-07-31T21:13:42.714048+00:00,draftkings_public,DraftKings,34437085,6437,Exact Method of Victory,exact_method,https://sportsbook-nash.draftkings.com/sites/US-KS-SB/api/sportscontent/controldata/league/eventSubcategory/v1/markets?isBatchable=false&templateVars=6437&marketsQuery=%24filter%3DeventId+eq+%2734437085%27+AND+clientMetadata%2FsubCategoryId+eq+%276437%27+AND+tags%2Fall%28t%3A+t+ne+%27SportcastBetBuilder%27%29&eventsQuery=%24filter%3Did+in+%28%2734437085%27%29&include=Events&entity=markets,data/market/raw/draftkings/2026-07-31/event_34437085/snapshot_draftkings_20260731_211342_subcategory_6437.json,4,success,
draftkings_20260731_211342,2026-07-31T21:13:42.714048+00:00,draftkings_public,DraftKings,34437085,5735,Round and Method,round_method,https://sportsbook-nash.draftkings.com/sites/US-KS-SB/api/sportscontent/controldata/league/eventSubcategory/v1/markets?isBatchable=false&templateVars=5735&marketsQuery=%24filter%3DeventId+eq+%2734437085%27+AND+clientMetadata%2FsubCategoryId+eq+%275735%27+AND+tags%2Fall%28t%3A+t+ne+%27SportcastBetBuilder%27%29&eventsQuery=%24filter%3Did+in+%28%2734437085%27%29&include=Events&entity=markets,data/market/raw/draftkings/2026-07-31/event_34437085/snapshot_draftkings_20260731_211342_subcategory_5735.json,21,success,
draftkings_20260731_211342,2026-07-31T21:13:42.714048+00:00,draftkings_public,DraftKings,34437085,15122,Finish Only,finish_only_moneyline,https://sportsbook-nash.draftkings.com/sites/US-KS-SB/api/sportscontent/controldata/league/eventSubcategory/v1/markets?isBatchable=false&templateVars=15122&marketsQuery=%24filter%3DeventId+eq+%2734437085%27+AND+clientMetadata%2FsubCategoryId+eq+%2715122%27+AND+tags%2Fall%28t%3A+t+ne+%27SportcastBetBuilder%27%29&eventsQuery=%24filter%3Did+in+%28%2734437085%27%29&include=Events&entity=markets,data/market/raw/draftkings/2026-07-31/event_34437085/snapshot_draftkings_20260731_211342_subcategory_15122.json,2,success,
draftkings_20260731_211342,2026-07-31T21:13:42.714048+00:00,draftkings_public,DraftKings,34437085,15123,Decision Only,decision_only_moneyline,https://sportsbook-nash.draftkings.com/sites/US-KS-SB/api/sportscontent/controldata/league/eventSubcategory/v1/markets?isBatchable=false&templateVars=15123&marketsQuery=%24filter%3DeventId+eq+%2734437085%27+AND+clientMetadata%2FsubCategoryId+eq+%2715123%27+AND+tags%2Fall%28t%3A+t+ne+%27SportcastBetBuilder%27%29&eventsQuery=%24filter%3Did+in+%28%2734437085%27%29&include=Events&entity=markets,data/market/raw/draftkings/2026-07-31/event_34437085/snapshot_draftkings_20260731_211342_subcategory_15123.json,2,success,
draftkings_20260731_211342,2026-07-31T21:13:42.714048+00:00,draftkings_public,DraftKings,34437085,15124,Round 1 Only,round_1_only_moneyline,https://sportsbook-nash.draftkings.com/sites/US-KS-SB/api/sportscontent/controldata/league/eventSubcategory/v1/markets?isBatchable=false&templateVars=15124&marketsQuery=%24filter%3DeventId+eq+%2734437085%27+AND+clientMetadata%2FsubCategoryId+eq+%2715124%27+AND+tags%2Fall%28t%3A+t+ne+%27SportcastBetBuilder%27%29&eventsQuery=%24filter%3Did+in+%28%2734437085%27%29&include=Events&entity=markets,data/market/raw/draftkings/2026-07-31/event_34437085/snapshot_draftkings_20260731_211342_subcategory_15124.json,2,success,
draftkings_20260731_211342,2026-07-31T21:13:42.714048+00:00,draftkings_public,DraftKings,34437085,15125,Submission Only,submission_only_moneyline,https://sportsbook-nash.draftkings.com/sites/US-KS-SB/api/sportscontent/controldata/league/eventSubcategory/v1/markets?isBatchable=false&templateVars=15125&marketsQuery=%24filter%3DeventId+eq+%2734437085%27+AND+clientMetadata%2FsubCategoryId+eq+%2715125%27+AND+tags%2Fall%28t%3A+t+ne+%27SportcastBetBuilder%27%29&eventsQuery=%24filter%3Did+in+%28%2734437085%27%29&include=Events&entity=markets,data/market/raw/draftkings/2026-07-31/event_34437085/snapshot_draftkings_20260731_211342_subcategory_15125.json,2,success,
draftkings_20260731_211342,2026-07-31T21:13:42.714048+00:00,draftkings_public,DraftKings,34437085,15126,KO TKO DQ Only,ko_tko_only_moneyline,https://sportsbook-nash.draftkings.com/sites/US-KS-SB/api/sportscontent/controldata/league/eventSubcategory/v1/markets?isBatchable=false&templateVars=15126&marketsQuery=%24filter%3DeventId+eq+%2734437085%27+AND+clientMetadata%2FsubCategoryId+eq+%2715126%27+AND+tags%2Fall%28t%3A+t+ne+%27SportcastBetBuilder%27%29&eventsQuery=%24filter%3Did+in+%28%2734437085%27%29&include=Events&entity=markets,data/market/raw/draftkings/2026-07-31/event_34437085/snapshot_draftkings_20260731_211342_subcategory_15126.json,2,success,
draftkings_20260731_211342,2026-07-31T21:13:42.714048+00:00,draftkings_public,DraftKings,34437085,19390,Fighter Significant Strikes Total,fighter_sig_strikes_total,https://sportsbook-nash.draftkings.com/sites/US-KS-SB/api/sportscontent/controldata/league/eventSubcategory/v1/markets?isBatchable=false&templateVars=19390&marketsQuery=%24filter%3DeventId+eq+%2734437085%27+AND+clientMetadata%2FsubCategoryId+eq+%2719390%27+AND+tags%2Fall%28t%3A+t+ne+%27SportcastBetBuilder%27%29&eventsQuery=%24filter%3Did+in+%28%2734437085%27%29&include=Events&entity=markets,data/market/raw/draftkings/2026-07-31/event_34437085/snapshot_draftkings_20260731_211342_subcategory_19390.json,4,success,
draftkings_20260805_103944,2026-08-05T10:39:44.088137+00:00,draftkings_public,DraftKings,34465847,13025,Main Lines,main_lines,https://sportsbook-nash.draftkings.com/sites/US-KS-SB/api/sportscontent/controldata/league/eventSubcategory/v1/markets?isBatchable=false&templateVars=13025&marketsQuery=%24filter%3DeventId+eq+%2734465847%27+AND+clientMetadata%2FsubCategoryId+eq+%2713025%27+AND+tags%2Fall%28t%3A+t+ne+%27SportcastBetBuilder%27%29&eventsQuery=%24filter%3Did+in+%28%2734465847%27%29&include=Events&entity=markets,data/market/raw/draftkings/2026-08-05/event_34465847/snapshot_draftkings_20260805_103944_subcategory_13025.json,4,success,
draftkings_20260805_103944,2026-08-05T10:39:44.088137+00:00,draftkings_public,DraftKings,34465847,13179,Alternate Total Rounds,alternate_total_rounds,https://sportsbook-nash.draftkings.com/sites/US-KS-SB/api/sportscontent/controldata/league/eventSubcategory/v1/markets?isBatchable=false&templateVars=13179&marketsQuery=%24filter%3DeventId+eq+%2734465847%27+AND+clientMetadata%2FsubCategoryId+eq+%2713179%27+AND+tags%2Fall%28t%3A+t+ne+%27SportcastBetBuilder%27%29&eventsQuery=%24filter%3Did+in+%28%2734465847%27%29&include=Events&entity=markets,data/market/raw/draftkings/2026-08-05/event_34465847/snapshot_draftkings_20260805_103944_subcategory_13179.json,0,success,
draftkings_20260805_103944,2026-08-05T10:39:44.088137+00:00,draftkings_public,DraftKings,34465847,16272,Alternate Point Spread,alternate_point_spread,https://sportsbook-nash.draftkings.com/sites/US-KS-SB/api/sportscontent/controldata/league/eventSubcategory/v1/markets?isBatchable=false&templateVars=16272&marketsQuery=%24filter%3DeventId+eq+%2734465847%27+AND+clientMetadata%2FsubCategoryId+eq+%2716272%27+AND+tags%2Fall%28t%3A+t+ne+%27SportcastBetBuilder%27%29&eventsQuery=%24filter%3Did+in+%28%2734465847%27%29&include=Events&entity=markets,data/market/raw/draftkings/2026-08-05/event_34465847/snapshot_draftkings_20260805_103944_subcategory_16272.json,0,success,
draftkings_20260805_103944,2026-08-05T10:39:44.088137+00:00,draftkings_public,DraftKings,34465847,17644,Fight to Go the Distance,goes_distance,https://sportsbook-nash.draftkings.com/sites/US-KS-SB/api/sportscontent/controldata/league/eventSubcategory/v1/markets?isBatchable=false&templateVars=17644&marketsQuery=%24filter%3DeventId+eq+%2734465847%27+AND+clientMetadata%2FsubCategoryId+eq+%2717644%27+AND+tags%2Fall%28t%3A+t+ne+%27SportcastBetBuilder%27%29&eventsQuery=%24filter%3Did+in+%28%2734465847%27%29&include=Events&entity=markets,data/market/raw/draftkings/2026-08-05/event_34465847/snapshot_draftkings_20260805_103944_subcategory_17644.json,0,success,
draftkings_20260805_103944,2026-08-05T10:39:44.088137+00:00,draftkings_public,DraftKings,34465847,18911,Fighter Method Props,fighter_method_props,https://sportsbook-nash.draftkings.com/sites/US-KS-SB/api/sportscontent/controldata/league/eventSubcategory/v1/markets?isBatchable=false&templateVars=18911&marketsQuery=%24filter%3DeventId+eq+%2734465847%27+AND+clientMetadata%2FsubCategoryId+eq+%2718911%27+AND+tags%2Fall%28t%3A+t+ne+%27SportcastBetBuilder%27%29&eventsQuery=%24filter%3Did+in+%28%2734465847%27%29&include=Events&entity=markets,data/market/raw/draftkings/2026-08-05/event_34465847/snapshot_draftkings_20260805_103944_subcategory_18911.json,0,success,
draftkings_20260805_103944,2026-08-05T10:39:44.088137+00:00,draftkings_public,DraftKings,34465847,6437,Exact Method of Victory,exact_method,https://sportsbook-nash.draftkings.com/sites/US-KS-SB/api/sportscontent/controldata/league/eventSubcategory/v1/markets?isBatchable=false&templateVars=6437&marketsQuery=%24filter%3DeventId+eq+%2734465847%27+AND+clientMetadata%2FsubCategoryId+eq+%276437%27+AND+tags%2Fall%28t%3A+t+ne+%27SportcastBetBuilder%27%29&eventsQuery=%24filter%3Did+in+%28%2734465847%27%29&include=Events&entity=markets,data/market/raw/draftkings/2026-08-05/event_34465847/snapshot_draftkings_20260805_103944_subcategory_6437.json,0,success,
draftkings_20260805_103944,2026-08-05T10:39:44.088137+00:00,draftkings_public,DraftKings,34465847,5735,Round and Method,round_method,https://sportsbook-nash.draftkings.com/sites/US-KS-SB/api/sportscontent/controldata/league/eventSubcategory/v1/markets?isBatchable=false&templateVars=5735&marketsQuery=%24filter%3DeventId+eq+%2734465847%27+AND+clientMetadata%2FsubCategoryId+eq+%275735%27+AND+tags%2Fall%28t%3A+t+ne+%27SportcastBetBuilder%27%29&eventsQuery=%24filter%3Did+in+%28%2734465847%27%29&include=Events&entity=markets,data/market/raw/draftkings/2026-08-05/event_34465847/snapshot_draftkings_20260805_103944_subcategory_5735.json,0,success,
draftkings_20260805_103944,2026-08-05T10:39:44.088137+00:00,draftkings_public,DraftKings,34465847,15122,Finish Only,finish_only_moneyline,https://sportsbook-nash.draftkings.com/sites/US-KS-SB/api/sportscontent/controldata/league/eventSubcategory/v1/markets?isBatchable=false&templateVars=15122&marketsQuery=%24filter%3DeventId+eq+%2734465847%27+AND+clientMetadata%2FsubCategoryId+eq+%2715122%27+AND+tags%2Fall%28t%3A+t+ne+%27SportcastBetBuilder%27%29&eventsQuery=%24filter%3Did+in+%28%2734465847%27%29&include=Events&entity=markets,data/market/raw/draftkings/2026-08-05/event_34465847/snapshot_draftkings_20260805_103944_subcategory_15122.json,0,success,
draftkings_20260805_103944,2026-08-05T10:39:44.088137+00:00,draftkings_public,DraftKings,34465847,15123,Decision Only,decision_only_moneyline,https://sportsbook-nash.draftkings.com/sites/US-KS-SB/api/sportscontent/controldata/league/eventSubcategory/v1/markets?isBatchable=false&templateVars=15123&marketsQuery=%24filter%3DeventId+eq+%2734465847%27+AND+clientMetadata%2FsubCategoryId+eq+%2715123%27+AND+tags%2Fall%28t%3A+t+ne+%27SportcastBetBuilder%27%29&eventsQuery=%24filter%3Did+in+%28%2734465847%27%29&include=Events&entity=markets,data/market/raw/draftkings/2026-08-05/event_34465847/snapshot_draftkings_20260805_103944_subcategory_15123.json,0,success,
draftkings_20260805_103944,2026-08-05T10:39:44.088137+00:00,draftkings_public,DraftKings,34465847,15124,Round 1 Only,round_1_only_moneyline,https://sportsbook-nash.draftkings.com/sites/US-KS-SB/api/sportscontent/controldata/league/eventSubcategory/v1/markets?isBatchable=false&templateVars=15124&marketsQuery=%24filter%3DeventId+eq+%2734465847%27+AND+clientMetadata%2FsubCategoryId+eq+%2715124%27+AND+tags%2Fall%28t%3A+t+ne+%27SportcastBetBuilder%27%29&eventsQuery=%24filter%3Did+in+%28%2734465847%27%29&include=Events&entity=markets,data/market/raw/draftkings/2026-08-05/event_34465847/snapshot_draftkings_20260805_103944_subcategory_15124.json,0,success,
draftkings_20260805_103944,2026-08-05T10:39:44.088137+00:00,draftkings_public,DraftKings,34465847,15125,Submission Only,submission_only_moneyline,https://sportsbook-nash.draftkings.com/sites/US-KS-SB/api/sportscontent/controldata/league/eventSubcategory/v1/markets?isBatchable=false&templateVars=15125&marketsQuery=%24filter%3DeventId+eq+%2734465847%27+AND+clientMetadata%2FsubCategoryId+eq+%2715125%27+AND+tags%2Fall%28t%3A+t+ne+%27SportcastBetBuilder%27%29&eventsQuery=%24filter%3Did+in+%28%2734465847%27%29&include=Events&entity=markets,data/market/raw/draftkings/2026-08-05/event_34465847/snapshot_draftkings_20260805_103944_subcategory_15125.json,0,success,
draftkings_20260805_103944,2026-08-05T10:39:44.088137+00:00,draftkings_public,DraftKings,34465847,15126,KO TKO DQ Only,ko_tko_only_moneyline,https://sportsbook-nash.draftkings.com/sites/US-KS-SB/api/sportscontent/controldata/league/eventSubcategory/v1/markets?isBatchable=false&templateVars=15126&marketsQuery=%24filter%3DeventId+eq+%2734465847%27+AND+clientMetadata%2FsubCategoryId+eq+%2715126%27+AND+tags%2Fall%28t%3A+t+ne+%27SportcastBetBuilder%27%29&eventsQuery=%24filter%3Did+in+%28%2734465847%27%29&include=Events&entity=markets,data/market/raw/draftkings/2026-08-05/event_34465847/snapshot_draftkings_20260805_103944_subcategory_15126.json,0,success,
draftkings_20260805_103944,2026-08-05T10:39:44.088137+00:00,draftkings_public,DraftKings,34465847,19390,Fighter Significant Strikes Total,fighter_sig_strikes_total,https://sportsbook-nash.draftkings.com/sites/US-KS-SB/api/sportscontent/controldata/league/eventSubcategory/v1/markets?isBatchable=false&templateVars=19390&marketsQuery=%24filter%3DeventId+eq+%2734465847%27+AND+clientMetadata%2FsubCategoryId+eq+%2719390%27+AND+tags%2Fall%28t%3A+t+ne+%27SportcastBetBuilder%27%29&eventsQuery=%24filter%3Did+in+%28%2734465847%27%29&include=Events&entity=markets,data/market/raw/draftkings/2026-08-05/event_34465847/snapshot_draftkings_20260805_103944_subcategory_19390.json,0,success,
draftkings_20260806_084224,2026-08-06T08:42:24.620483+00:00,draftkings_public,DraftKings,34480067,13025,Main Lines,main_lines,https://sportsbook-nash.draftkings.com/sites/US-KS-SB/api/sportscontent/controldata/league/eventSubcategory/v1/markets?isBatchable=false&templateVars=13025&marketsQuery=%24filter%3DeventId+eq+%2734480067%27+AND+clientMetadata%2FsubCategoryId+eq+%2713025%27+AND+tags%2Fall%28t%3A+t+ne+%27SportcastBetBuilder%27%29&eventsQuery=%24filter%3Did+in+%28%2734480067%27%29&include=Events&entity=markets,data/market/raw/draftkings/2026-08-06/event_34480067/snapshot_draftkings_20260806_084224_subcategory_13025.json,6,success,
draftkings_20260806_084224,2026-08-06T08:42:24.620483+00:00,draftkings_public,DraftKings,34480067,13179,Alternate Total Rounds,alternate_total_rounds,https://sportsbook-nash.draftkings.com/sites/US-KS-SB/api/sportscontent/controldata/league/eventSubcategory/v1/markets?isBatchable=false&templateVars=13179&marketsQuery=%24filter%3DeventId+eq+%2734480067%27+AND+clientMetadata%2FsubCategoryId+eq+%2713179%27+AND+tags%2Fall%28t%3A+t+ne+%27SportcastBetBuilder%27%29&eventsQuery=%24filter%3Did+in+%28%2734480067%27%29&include=Events&entity=markets,data/market/raw/draftkings/2026-08-06/event_34480067/snapshot_draftkings_20260806_084224_subcategory_13179.json,4,success,
draftkings_20260806_084224,2026-08-06T08:42:24.620483+00:00,draftkings_public,DraftKings,34480067,16272,Alternate Point Spread,alternate_point_spread,https://sportsbook-nash.draftkings.com/sites/US-KS-SB/api/sportscontent/controldata/league/eventSubcategory/v1/markets?isBatchable=false&templateVars=16272&marketsQuery=%24filter%3DeventId+eq+%2734480067%27+AND+clientMetadata%2FsubCategoryId+eq+%2716272%27+AND+tags%2Fall%28t%3A+t+ne+%27SportcastBetBuilder%27%29&eventsQuery=%24filter%3Did+in+%28%2734480067%27%29&include=Events&entity=markets,data/market/raw/draftkings/2026-08-06/event_34480067/snapshot_draftkings_20260806_084224_subcategory_16272.json,10,success,
draftkings_20260806_084224,2026-08-06T08:42:24.620483+00:00,draftkings_public,DraftKings,34480067,17644,Fight to Go the Distance,goes_distance,https://sportsbook-nash.draftkings.com/sites/US-KS-SB/api/sportscontent/controldata/league/eventSubcategory/v1/markets?isBatchable=false&templateVars=17644&marketsQuery=%24filter%3DeventId+eq+%2734480067%27+AND+clientMetadata%2FsubCategoryId+eq+%2717644%27+AND+tags%2Fall%28t%3A+t+ne+%27SportcastBetBuilder%27%29&eventsQuery=%24filter%3Did+in+%28%2734480067%27%29&include=Events&entity=markets,data/market/raw/draftkings/2026-08-06/event_34480067/snapshot_draftkings_20260806_084224_subcategory_17644.json,2,success,
draftkings_20260806_084224,2026-08-06T08:42:24.620483+00:00,draftkings_public,DraftKings,34480067,18911,Fighter Method Props,fighter_method_props,https://sportsbook-nash.draftkings.com/sites/US-KS-SB/api/sportscontent/controldata/league/eventSubcategory/v1/markets?isBatchable=false&templateVars=18911&marketsQuery=%24filter%3DeventId+eq+%2734480067%27+AND+clientMetadata%2FsubCategoryId+eq+%2718911%27+AND+tags%2Fall%28t%3A+t+ne+%27SportcastBetBuilder%27%29&eventsQuery=%24filter%3Did+in+%28%2734480067%27%29&include=Events&entity=markets,data/market/raw/draftkings/2026-08-06/event_34480067/snapshot_draftkings_20260806_084224_subcategory_18911.json,6,success,
draftkings_20260806_084224,2026-08-06T08:42:24.620483+00:00,draftkings_public,DraftKings,34480067,6437,Exact Method of Victory,exact_method,https://sportsbook-nash.draftkings.com/sites/US-KS-SB/api/sportscontent/controldata/league/eventSubcategory/v1/markets?isBatchable=false&templateVars=6437&marketsQuery=%24filter%3DeventId+eq+%2734480067%27+AND+clientMetadata%2FsubCategoryId+eq+%276437%27+AND+tags%2Fall%28t%3A+t+ne+%27SportcastBetBuilder%27%29&eventsQuery=%24filter%3Did+in+%28%2734480067%27%29&include=Events&entity=markets,data/market/raw/draftkings/2026-08-06/event_34480067/snapshot_draftkings_20260806_084224_subcategory_6437.json,4,success,
draftkings_20260806_084224,2026-08-06T08:42:24.620483+00:00,draftkings_public,DraftKings,34480067,5735,Round and Method,round_method,https://sportsbook-nash.draftkings.com/sites/US-KS-SB/api/sportscontent/controldata/league/eventSubcategory/v1/markets?isBatchable=false&templateVars=5735&marketsQuery=%24filter%3DeventId+eq+%2734480067%27+AND+clientMetadata%2FsubCategoryId+eq+%275735%27+AND+tags%2Fall%28t%3A+t+ne+%27SportcastBetBuilder%27%29&eventsQuery=%24filter%3Did+in+%28%2734480067%27%29&include=Events&entity=markets,data/market/raw/draftkings/2026-08-06/event_34480067/snapshot_draftkings_20260806_084224_subcategory_5735.json,13,success,
draftkings_20260806_084224,2026-08-06T08:42:24.620483+00:00,draftkings_public,DraftKings,34480067,15122,Finish Only,finish_only_moneyline,https://sportsbook-nash.draftkings.com/sites/US-KS-SB/api/sportscontent/controldata/league/eventSubcategory/v1/markets?isBatchable=false&templateVars=15122&marketsQuery=%24filter%3DeventId+eq+%2734480067%27+AND+clientMetadata%2FsubCategoryId+eq+%2715122%27+AND+tags%2Fall%28t%3A+t+ne+%27SportcastBetBuilder%27%29&eventsQuery=%24filter%3Did+in+%28%2734480067%27%29&include=Events&entity=markets,data/market/raw/draftkings/2026-08-06/event_34480067/snapshot_draftkings_20260806_084224_subcategory_15122.json,2,success,
draftkings_20260806_084224,2026-08-06T08:42:24.620483+00:00,draftkings_public,DraftKings,34480067,15123,Decision Only,decision_only_moneyline,https://sportsbook-nash.draftkings.com/sites/US-KS-SB/api/sportscontent/controldata/league/eventSubcategory/v1/markets?isBatchable=false&templateVars=15123&marketsQuery=%24filter%3DeventId+eq+%2734480067%27+AND+clientMetadata%2FsubCategoryId+eq+%2715123%27+AND+tags%2Fall%28t%3A+t+ne+%27SportcastBetBuilder%27%29&eventsQuery=%24filter%3Did+in+%28%2734480067%27%29&include=Events&entity=markets,data/market/raw/draftkings/2026-08-06/event_34480067/snapshot_draftkings_20260806_084224_subcategory_15123.json,2,success,
draftkings_20260806_084224,2026-08-06T08:42:24.620483+00:00,draftkings_public,DraftKings,34480067,15124,Round 1 Only,round_1_only_moneyline,https://sportsbook-nash.draftkings.com/sites/US-KS-SB/api/sportscontent/controldata/league/eventSubcategory/v1/markets?isBatchable=false&templateVars=15124&marketsQuery=%24filter%3DeventId+eq+%2734480067%27+AND+clientMetadata%2FsubCategoryId+eq+%2715124%27+AND+tags%2Fall%28t%3A+t+ne+%27SportcastBetBuilder%27%29&eventsQuery=%24filter%3Did+in+%28%2734480067%27%29&include=Events&entity=markets,data/market/raw/draftkings/2026-08-06/event_34480067/snapshot_draftkings_20260806_084224_subcategory_15124.json,2,success,
draftkings_20260806_084224,2026-08-06T08:42:24.620483+00:00,draftkings_public,DraftKings,34480067,15125,Submission Only,submission_only_moneyline,https://sportsbook-nash.draftkings.com/sites/US-KS-SB/api/sportscontent/controldata/league/eventSubcategory/v1/markets?isBatchable=false&templateVars=15125&marketsQuery=%24filter%3DeventId+eq+%2734480067%27+AND+clientMetadata%2FsubCategoryId+eq+%2715125%27+AND+tags%2Fall%28t%3A+t+ne+%27SportcastBetBuilder%27%29&eventsQuery=%24filter%3Did+in+%28%2734480067%27%29&include=Events&entity=markets,data/market/raw/draftkings/2026-08-06/event_34480067/snapshot_draftkings_20260806_084224_subcategory_15125.json,2,success,
draftkings_20260806_084224,2026-08-06T08:42:24.620483+00:00,draftkings_public,DraftKings,34480067,15126,KO TKO DQ Only,ko_tko_only_moneyline,https://sportsbook-nash.draftkings.com/sites/US-KS-SB/api/sportscontent/controldata/league/eventSubcategory/v1/markets?isBatchable=false&templateVars=15126&marketsQuery=%24filter%3DeventId+eq+%2734480067%27+AND+clientMetadata%2FsubCategoryId+eq+%2715126%27+AND+tags%2Fall%28t%3A+t+ne+%27SportcastBetBuilder%27%29&eventsQuery=%24filter%3Did+in+%28%2734480067%27%29&include=Events&entity=markets,data/market/raw/draftkings/2026-08-06/event_34480067/snapshot_draftkings_20260806_084224_subcategory_15126.json,2,success,
draftkings_20260806_084224,2026-08-06T08:42:24.620483+00:00,draftkings_public,DraftKings,34480067,19390,Fighter Significant Strikes Total,fighter_sig_strikes_total,https://sportsbook-nash.draftkings.com/sites/US-KS-SB/api/sportscontent/controldata/league/eventSubcategory/v1/markets?isBatchable=false&templateVars=19390&marketsQuery=%24filter%3DeventId+eq+%2734480067%27+AND+clientMetadata%2FsubCategoryId+eq+%2719390%27+AND+tags%2Fall%28t%3A+t+ne+%27SportcastBetBuilder%27%29&eventsQuery=%24filter%3Did+in+%28%2734480067%27%29&include=Events&entity=markets,data/market/raw/draftkings/2026-08-06/event_34480067/snapshot_draftkings_20260806_084224_subcategory_19390.json,0,success,
draftkings_20260807_204642,2026-08-07T20:46:42.883303+00:00,draftkings_public,DraftKings,34465849,13025,Main Lines,main_lines,https://sportsbook-nash.draftkings.com/sites/US-KS-SB/api/sportscontent/controldata/league/eventSubcategory/v1/markets?isBatchable=false&templateVars=13025&marketsQuery=%24filter%3DeventId+eq+%2734465849%27+AND+clientMetadata%2FsubCategoryId+eq+%2713025%27+AND+tags%2Fall%28t%3A+t+ne+%27SportcastBetBuilder%27%29&eventsQuery=%24filter%3Did+in+%28%2734465849%27%29&include=Events&entity=markets,data/market/raw/draftkings/2026-08-07/event_34465849/snapshot_draftkings_20260807_204642_subcategory_13025.json,6,success,
draftkings_20260807_204642,2026-08-07T20:46:42.883303+00:00,draftkings_public,DraftKings,34465849,13179,Alternate Total Rounds,alternate_total_rounds,https://sportsbook-nash.draftkings.com/sites/US-KS-SB/api/sportscontent/controldata/league/eventSubcategory/v1/markets?isBatchable=false&templateVars=13179&marketsQuery=%24filter%3DeventId+eq+%2734465849%27+AND+clientMetadata%2FsubCategoryId+eq+%2713179%27+AND+tags%2Fall%28t%3A+t+ne+%27SportcastBetBuilder%27%29&eventsQuery=%24filter%3Did+in+%28%2734465849%27%29&include=Events&entity=markets,data/market/raw/draftkings/2026-08-07/event_34465849/snapshot_draftkings_20260807_204642_subcategory_13179.json,4,success,
draftkings_20260807_204642,2026-08-07T20:46:42.883303+00:00,draftkings_public,DraftKings,34465849,16272,Alternate Point Spread,alternate_point_spread,https://sportsbook-nash.draftkings.com/sites/US-KS-SB/api/sportscontent/controldata/league/eventSubcategory/v1/markets?isBatchable=false&templateVars=16272&marketsQuery=%24filter%3DeventId+eq+%2734465849%27+AND+clientMetadata%2FsubCategoryId+eq+%2716272%27+AND+tags%2Fall%28t%3A+t+ne+%27SportcastBetBuilder%27%29&eventsQuery=%24filter%3Did+in+%28%2734465849%27%29&include=Events&entity=markets,data/market/raw/draftkings/2026-08-07/event_34465849/snapshot_draftkings_20260807_204642_subcategory_16272.json,10,success,
draftkings_20260807_204642,2026-08-07T20:46:42.883303+00:00,draftkings_public,DraftKings,34465849,17644,Fight to Go the Distance,goes_distance,https://sportsbook-nash.draftkings.com/sites/US-KS-SB/api/sportscontent/controldata/league/eventSubcategory/v1/markets?isBatchable=false&templateVars=17644&marketsQuery=%24filter%3DeventId+eq+%2734465849%27+AND+clientMetadata%2FsubCategoryId+eq+%2717644%27+AND+tags%2Fall%28t%3A+t+ne+%27SportcastBetBuilder%27%29&eventsQuery=%24filter%3Did+in+%28%2734465849%27%29&include=Events&entity=markets,data/market/raw/draftkings/2026-08-07/event_34465849/snapshot_draftkings_20260807_204642_subcategory_17644.json,2,success,
draftkings_20260807_204642,2026-08-07T20:46:42.883303+00:00,draftkings_public,DraftKings,34465849,18911,Fighter Method Props,fighter_method_props,https://sportsbook-nash.draftkings.com/sites/US-KS-SB/api/sportscontent/controldata/league/eventSubcategory/v1/markets?isBatchable=false&templateVars=18911&marketsQuery=%24filter%3DeventId+eq+%2734465849%27+AND+clientMetadata%2FsubCategoryId+eq+%2718911%27+AND+tags%2Fall%28t%3A+t+ne+%27SportcastBetBuilder%27%29&eventsQuery=%24filter%3Did+in+%28%2734465849%27%29&include=Events&entity=markets,data/market/raw/draftkings/2026-08-07/event_34465849/snapshot_draftkings_20260807_204642_subcategory_18911.json,6,success,
draftkings_20260807_204642,2026-08-07T20:46:42.883303+00:00,draftkings_public,DraftKings,34465849,6437,Exact Method of Victory,exact_method,https://sportsbook-nash.draftkings.com/sites/US-KS-SB/api/sportscontent/controldata/league/eventSubcategory/v1/markets?isBatchable=false&templateVars=6437&marketsQuery=%24filter%3DeventId+eq+%2734465849%27+AND+clientMetadata%2FsubCategoryId+eq+%276437%27+AND+tags%2Fall%28t%3A+t+ne+%27SportcastBetBuilder%27%29&eventsQuery=%24filter%3Did+in+%28%2734465849%27%29&include=Events&entity=markets,data/market/raw/draftkings/2026-08-07/event_34465849/snapshot_draftkings_20260807_204642_subcategory_6437.json,4,success,
draftkings_20260807_204642,2026-08-07T20:46:42.883303+00:00,draftkings_public,DraftKings,34465849,5735,Round and Method,round_method,https://sportsbook-nash.draftkings.com/sites/US-KS-SB/api/sportscontent/controldata/league/eventSubcategory/v1/markets?isBatchable=false&templateVars=5735&marketsQuery=%24filter%3DeventId+eq+%2734465849%27+AND+clientMetadata%2FsubCategoryId+eq+%275735%27+AND+tags%2Fall%28t%3A+t+ne+%27SportcastBetBuilder%27%29&eventsQuery=%24filter%3Did+in+%28%2734465849%27%29&include=Events&entity=markets,data/market/raw/draftkings/2026-08-07/event_34465849/snapshot_draftkings_20260807_204642_subcategory_5735.json,13,success,
draftkings_20260807_204642,2026-08-07T20:46:42.883303+00:00,draftkings_public,DraftKings,34465849,15122,Finish Only,finish_only_moneyline,https://sportsbook-nash.draftkings.com/sites/US-KS-SB/api/sportscontent/controldata/league/eventSubcategory/v1/markets?isBatchable=false&templateVars=15122&marketsQuery=%24filter%3DeventId+eq+%2734465849%27+AND+clientMetadata%2FsubCategoryId+eq+%2715122%27+AND+tags%2Fall%28t%3A+t+ne+%27SportcastBetBuilder%27%29&eventsQuery=%24filter%3Did+in+%28%2734465849%27%29&include=Events&entity=markets,data/market/raw/draftkings/2026-08-07/event_34465849/snapshot_draftkings_20260807_204642_subcategory_15122.json,2,success,
draftkings_20260807_204642,2026-08-07T20:46:42.883303+00:00,draftkings_public,DraftKings,34465849,15123,Decision Only,decision_only_moneyline,https://sportsbook-nash.draftkings.com/sites/US-KS-SB/api/sportscontent/controldata/league/eventSubcategory/v1/markets?isBatchable=false&templateVars=15123&marketsQuery=%24filter%3DeventId+eq+%2734465849%27+AND+clientMetadata%2FsubCategoryId+eq+%2715123%27+AND+tags%2Fall%28t%3A+t+ne+%27SportcastBetBuilder%27%29&eventsQuery=%24filter%3Did+in+%28%2734465849%27%29&include=Events&entity=markets,data/market/raw/draftkings/2026-08-07/event_34465849/snapshot_draftkings_20260807_204642_subcategory_15123.json,2,success,
draftkings_20260807_204642,2026-08-07T20:46:42.883303+00:00,draftkings_public,DraftKings,34465849,15124,Round 1 Only,round_1_only_moneyline,https://sportsbook-nash.draftkings.com/sites/US-KS-SB/api/sportscontent/controldata/league/eventSubcategory/v1/markets?isBatchable=false&templateVars=15124&marketsQuery=%24filter%3DeventId+eq+%2734465849%27+AND+clientMetadata%2FsubCategoryId+eq+%2715124%27+AND+tags%2Fall%28t%3A+t+ne+%27SportcastBetBuilder%27%29&eventsQuery=%24filter%3Did+in+%28%2734465849%27%29&include=Events&entity=markets,data/market/raw/draftkings/2026-08-07/event_34465849/snapshot_draftkings_20260807_204642_subcategory_15124.json,2,success,
draftkings_20260807_204642,2026-08-07T20:46:42.883303+00:00,draftkings_public,DraftKings,34465849,15125,Submission Only,submission_only_moneyline,https://sportsbook-nash.draftkings.com/sites/US-KS-SB/api/sportscontent/controldata/league/eventSubcategory/v1/markets?isBatchable=false&templateVars=15125&marketsQuery=%24filter%3DeventId+eq+%2734465849%27+AND+clientMetadata%2FsubCategoryId+eq+%2715125%27+AND+tags%2Fall%28t%3A+t+ne+%27SportcastBetBuilder%27%29&eventsQuery=%24filter%3Did+in+%28%2734465849%27%29&include=Events&entity=markets,data/market/raw/draftkings/2026-08-07/event_34465849/snapshot_draftkings_20260807_204642_subcategory_15125.json,2,success,
draftkings_20260807_204642,2026-08-07T20:46:42.883303+00:00,draftkings_public,DraftKings,34465849,15126,KO TKO DQ Only,ko_tko_only_moneyline,https://sportsbook-nash.draftkings.com/sites/US-KS-SB/api/sportscontent/controldata/league/eventSubcategory/v1/markets?isBatchable=false&templateVars=15126&marketsQuery=%24filter%3DeventId+eq+%2734465849%27+AND+clientMetadata%2FsubCategoryId+eq+%2715126%27+AND+tags%2Fall%28t%3A+t+ne+%27SportcastBetBuilder%27%29&eventsQuery=%24filter%3Did+in+%28%2734465849%27%29&include=Events&entity=markets,data/market/raw/draftkings/2026-08-07/event_34465849/snapshot_draftkings_20260807_204642_subcategory_15126.json,2,success,
draftkings_20260807_204642,2026-08-07T20:46:42.883303+00:00,draftkings_public,DraftKings,34465849,19390,Fighter Significant Strikes Total,fighter_sig_strikes_total,https://sportsbook-nash.draftkings.com/sites/US-KS-SB/api/sportscontent/controldata/league/eventSubcategory/v1/markets?isBatchable=false&templateVars=19390&marketsQuery=%24filter%3DeventId+eq+%2734465849%27+AND+clientMetadata%2FsubCategoryId+eq+%2719390%27+AND+tags%2Fall%28t%3A+t+ne+%27SportcastBetBuilder%27%29&eventsQuery=%24filter%3Did+in+%28%2734465849%27%29&include=Events&entity=markets,data/market/raw/draftkings/2026-08-07/event_34465849/snapshot_draftkings_20260807_204642_subcategory_19390.json,0,success,
draftkings_20260808_223319,2026-08-08T22:33:19.346277+00:00,draftkings_public,DraftKings,34480066,13025,Main Lines,main_lines,https://sportsbook-nash.draftkings.com/sites/US-KS-SB/api/sportscontent/controldata/league/eventSubcategory/v1/markets?isBatchable=false&templateVars=13025&marketsQuery=%24filter%3DeventId+eq+%2734480066%27+AND+clientMetadata%2FsubCategoryId+eq+%2713025%27+AND+tags%2Fall%28t%3A+t+ne+%27SportcastBetBuilder%27%29&eventsQuery=%24filter%3Did+in+%28%2734480066%27%29&include=Events&entity=markets,data/market/raw/draftkings/2026-08-08/event_34480066/snapshot_draftkings_20260808_223319_subcategory_13025.json,2,success,
draftkings_20260808_223319,2026-08-08T22:33:19.346277+00:00,draftkings_public,DraftKings,34480066,13179,Alternate Total Rounds,alternate_total_rounds,https://sportsbook-nash.draftkings.com/sites/US-KS-SB/api/sportscontent/controldata/league/eventSubcategory/v1/markets?isBatchable=false&templateVars=13179&marketsQuery=%24filter%3DeventId+eq+%2734480066%27+AND+clientMetadata%2FsubCategoryId+eq+%2713179%27+AND+tags%2Fall%28t%3A+t+ne+%27SportcastBetBuilder%27%29&eventsQuery=%24filter%3Did+in+%28%2734480066%27%29&include=Events&entity=markets,data/market/raw/draftkings/2026-08-08/event_34480066/snapshot_draftkings_20260808_223319_subcategory_13179.json,0,success,
draftkings_20260808_223319,2026-08-08T22:33:19.346277+00:00,draftkings_public,DraftKings,34480066,16272,Alternate Point Spread,alternate_point_spread,https://sportsbook-nash.draftkings.com/sites/US-KS-SB/api/sportscontent/controldata/league/eventSubcategory/v1/markets?isBatchable=false&templateVars=16272&marketsQuery=%24filter%3DeventId+eq+%2734480066%27+AND+clientMetadata%2FsubCategoryId+eq+%2716272%27+AND+tags%2Fall%28t%3A+t+ne+%27SportcastBetBuilder%27%29&eventsQuery=%24filter%3Did+in+%28%2734480066%27%29&include=Events&entity=markets,data/market/raw/draftkings/2026-08-08/event_34480066/snapshot_draftkings_20260808_223319_subcategory_16272.json,0,success,
draftkings_20260808_223319,2026-08-08T22:33:19.346277+00:00,draftkings_public,DraftKings,34480066,17644,Fight to Go the Distance,goes_distance,https://sportsbook-nash.draftkings.com/sites/US-KS-SB/api/sportscontent/controldata/league/eventSubcategory/v1/markets?isBatchable=false&templateVars=17644&marketsQuery=%24filter%3DeventId+eq+%2734480066%27+AND+clientMetadata%2FsubCategoryId+eq+%2717644%27+AND+tags%2Fall%28t%3A+t+ne+%27SportcastBetBuilder%27%29&eventsQuery=%24filter%3Did+in+%28%2734480066%27%29&include=Events&entity=markets,data/market/raw/draftkings/2026-08-08/event_34480066/snapshot_draftkings_20260808_223319_subcategory_17644.json,0,success,
draftkings_20260808_223319,2026-08-08T22:33:19.346277+00:00,draftkings_public,DraftKings,34480066,18911,Fighter Method Props,fighter_method_props,https://sportsbook-nash.draftkings.com/sites/US-KS-SB/api/sportscontent/controldata/league/eventSubcategory/v1/markets?isBatchable=false&templateVars=18911&marketsQuery=%24filter%3DeventId+eq+%2734480066%27+AND+clientMetadata%2FsubCategoryId+eq+%2718911%27+AND+tags%2Fall%28t%3A+t+ne+%27SportcastBetBuilder%27%29&eventsQuery=%24filter%3Did+in+%28%2734480066%27%29&include=Events&entity=markets,data/market/raw/draftkings/2026-08-08/event_34480066/snapshot_draftkings_20260808_223319_subcategory_18911.json,0,success,
draftkings_20260808_223319,2026-08-08T22:33:19.346277+00:00,draftkings_public,DraftKings,34480066,6437,Exact Method of Victory,exact_method,https://sportsbook-nash.draftkings.com/sites/US-KS-SB/api/sportscontent/controldata/league/eventSubcategory/v1/markets?isBatchable=false&templateVars=6437&marketsQuery=%24filter%3DeventId+eq+%2734480066%27+AND+clientMetadata%2FsubCategoryId+eq+%276437%27+AND+tags%2Fall%28t%3A+t+ne+%27SportcastBetBuilder%27%29&eventsQuery=%24filter%3Did+in+%28%2734480066%27%29&include=Events&entity=markets,data/market/raw/draftkings/2026-08-08/event_34480066/snapshot_draftkings_20260808_223319_subcategory_6437.json,0,success,
draftkings_20260808_223319,2026-08-08T22:33:19.346277+00:00,draftkings_public,DraftKings,34480066,5735,Round and Method,round_method,https://sportsbook-nash.draftkings.com/sites/US-KS-SB/api/sportscontent/controldata/league/eventSubcategory/v1/markets?isBatchable=false&templateVars=5735&marketsQuery=%24filter%3DeventId+eq+%2734480066%27+AND+clientMetadata%2FsubCategoryId+eq+%275735%27+AND+tags%2Fall%28t%3A+t+ne+%27SportcastBetBuilder%27%29&eventsQuery=%24filter%3Did+in+%28%2734480066%27%29&include=Events&entity=markets,data/market/raw/draftkings/2026-08-08/event_34480066/snapshot_draftkings_20260808_223319_subcategory_5735.json,0,success,
draftkings_20260808_223319,2026-08-08T22:33:19.346277+00:00,draftkings_public,DraftKings,34480066,15122,Finish Only,finish_only_moneyline,https://sportsbook-nash.draftkings.com/sites/US-KS-SB/api/sportscontent/controldata/league/eventSubcategory/v1/markets?isBatchable=false&templateVars=15122&marketsQuery=%24filter%3DeventId+eq+%2734480066%27+AND+clientMetadata%2FsubCategoryId+eq+%2715122%27+AND+tags%2Fall%28t%3A+t+ne+%27SportcastBetBuilder%27%29&eventsQuery=%24filter%3Did+in+%28%2734480066%27%29&include=Events&entity=markets,data/market/raw/draftkings/2026-08-08/event_34480066/snapshot_draftkings_20260808_223319_subcategory_15122.json,0,success,
draftkings_20260808_223319,2026-08-08T22:33:19.346277+00:00,draftkings_public,DraftKings,34480066,15123,Decision Only,decision_only_moneyline,https://sportsbook-nash.draftkings.com/sites/US-KS-SB/api/sportscontent/controldata/league/eventSubcategory/v1/markets?isBatchable=false&templateVars=15123&marketsQuery=%24filter%3DeventId+eq+%2734480066%27+AND+clientMetadata%2FsubCategoryId+eq+%2715123%27+AND+tags%2Fall%28t%3A+t+ne+%27SportcastBetBuilder%27%29&eventsQuery=%24filter%3Did+in+%28%2734480066%27%29&include=Events&entity=markets,data/market/raw/draftkings/2026-08-08/event_34480066/snapshot_draftkings_20260808_223319_subcategory_15123.json,0,success,
draftkings_20260808_223319,2026-08-08T22:33:19.346277+00:00,draftkings_public,DraftKings,34480066,15124,Round 1 Only,round_1_only_moneyline,https://sportsbook-nash.draftkings.com/sites/US-KS-SB/api/sportscontent/controldata/league/eventSubcategory/v1/markets?isBatchable=false&templateVars=15124&marketsQuery=%24filter%3DeventId+eq+%2734480066%27+AND+clientMetadata%2FsubCategoryId+eq+%2715124%27+AND+tags%2Fall%28t%3A+t+ne+%27SportcastBetBuilder%27%29&eventsQuery=%24filter%3Did+in+%28%2734480066%27%29&include=Events&entity=markets,data/market/raw/draftkings/2026-08-08/event_34480066/snapshot_draftkings_20260808_223319_subcategory_15124.json,0,success,
draftkings_20260808_223319,2026-08-08T22:33:19.346277+00:00,draftkings_public,DraftKings,34480066,15125,Submission Only,submission_only_moneyline,https://sportsbook-nash.draftkings.com/sites/US-KS-SB/api/sportscontent/controldata/league/eventSubcategory/v1/markets?isBatchable=false&templateVars=15125&marketsQuery=%24filter%3DeventId+eq+%2734480066%27+AND+clientMetadata%2FsubCategoryId+eq+%2715125%27+AND+tags%2Fall%28t%3A+t+ne+%27SportcastBetBuilder%27%29&eventsQuery=%24filter%3Did+in+%28%2734480066%27%29&include=Events&entity=markets,data/market/raw/draftkings/2026-08-08/event_34480066/snapshot_draftkings_20260808_223319_subcategory_15125.json,0,success,
draftkings_20260808_223319,2026-08-08T22:33:19.346277+00:00,draftkings_public,DraftKings,34480066,15126,KO TKO DQ Only,ko_tko_only_moneyline,https://sportsbook-nash.draftkings.com/sites/US-KS-SB/api/sportscontent/controldata/league/eventSubcategory/v1/markets?isBatchable=false&templateVars=15126&marketsQuery=%24filter%3DeventId+eq+%2734480066%27+AND+clientMetadata%2FsubCategoryId+eq+%2715126%27+AND+tags%2Fall%28t%3A+t+ne+%27SportcastBetBuilder%27%29&eventsQuery=%24filter%3Did+in+%28%2734480066%27%29&include=Events&entity=markets,data/market/raw/draftkings/2026-08-08/event_34480066/snapshot_draftkings_20260808_223319_subcategory_15126.json,0,success,
draftkings_20260808_223319,2026-08-08T22:33:19.346277+00:00,draftkings_public,DraftKings,34480066,19390,Fighter Significant Strikes Total,fighter_sig_strikes_total,https://sportsbook-nash.draftkings.com/sites/US-KS-SB/api/sportscontent/controldata/league/eventSubcategory/v1/markets?isBatchable=false&templateVars=19390&marketsQuery=%24filter%3DeventId+eq+%2734480066%27+AND+clientMetadata%2FsubCategoryId+eq+%2719390%27+AND+tags%2Fall%28t%3A+t+ne+%27SportcastBetBuilder%27%29&eventsQuery=%24filter%3Did+in+%28%2734480066%27%29&include=Events&entity=markets,data/market/raw/draftkings/2026-08-08/event_34480066/snapshot_draftkings_20260808_223319_subcategory_19390.json,0,success,
draftkings_20260808_223319,2026-08-08T22:33:19.346277+00:00,draftkings_public,DraftKings,34465848,13025,Main Lines,main_lines,https://sportsbook-nash.draftkings.com/sites/US-KS-SB/api/sportscontent/controldata/league/eventSubcategory/v1/markets?isBatchable=false&templateVars=13025&marketsQuery=%24filter%3DeventId+eq+%2734465848%27+AND+clientMetadata%2FsubCategoryId+eq+%2713025%27+AND+tags%2Fall%28t%3A+t+ne+%27SportcastBetBuilder%27%29&eventsQuery=%24filter%3Did+in+%28%2734465848%27%29&include=Events&entity=markets,data/market/raw/draftkings/2026-08-08/event_34465848/snapshot_draftkings_20260808_223319_subcategory_13025.json,6,success,
draftkings_20260808_223319,2026-08-08T22:33:19.346277+00:00,draftkings_public,DraftKings,34465848,13179,Alternate Total Rounds,alternate_total_rounds,https://sportsbook-nash.draftkings.com/sites/US-KS-SB/api/sportscontent/controldata/league/eventSubcategory/v1/markets?isBatchable=false&templateVars=13179&marketsQuery=%24filter%3DeventId+eq+%2734465848%27+AND+clientMetadata%2FsubCategoryId+eq+%2713179%27+AND+tags%2Fall%28t%3A+t+ne+%27SportcastBetBuilder%27%29&eventsQuery=%24filter%3Did+in+%28%2734465848%27%29&include=Events&entity=markets,data/market/raw/draftkings/2026-08-08/event_34465848/snapshot_draftkings_20260808_223319_subcategory_13179.json,4,success,
draftkings_20260808_223319,2026-08-08T22:33:19.346277+00:00,draftkings_public,DraftKings,34465848,16272,Alternate Point Spread,alternate_point_spread,https://sportsbook-nash.draftkings.com/sites/US-KS-SB/api/sportscontent/controldata/league/eventSubcategory/v1/markets?isBatchable=false&templateVars=16272&marketsQuery=%24filter%3DeventId+eq+%2734465848%27+AND+clientMetadata%2FsubCategoryId+eq+%2716272%27+AND+tags%2Fall%28t%3A+t+ne+%27SportcastBetBuilder%27%29&eventsQuery=%24filter%3Did+in+%28%2734465848%27%29&include=Events&entity=markets,data/market/raw/draftkings/2026-08-08/event_34465848/snapshot_draftkings_20260808_223319_subcategory_16272.json,10,success,
draftkings_20260808_223319,2026-08-08T22:33:19.346277+00:00,draftkings_public,DraftKings,34465848,17644,Fight to Go the Distance,goes_distance,https://sportsbook-nash.draftkings.com/sites/US-KS-SB/api/sportscontent/controldata/league/eventSubcategory/v1/markets?isBatchable=false&templateVars=17644&marketsQuery=%24filter%3DeventId+eq+%2734465848%27+AND+clientMetadata%2FsubCategoryId+eq+%2717644%27+AND+tags%2Fall%28t%3A+t+ne+%27SportcastBetBuilder%27%29&eventsQuery=%24filter%3Did+in+%28%2734465848%27%29&include=Events&entity=markets,data/market/raw/draftkings/2026-08-08/event_34465848/snapshot_draftkings_20260808_223319_subcategory_17644.json,2,success,
draftkings_20260808_223319,2026-08-08T22:33:19.346277+00:00,draftkings_public,DraftKings,34465848,18911,Fighter Method Props,fighter_method_props,https://sportsbook-nash.draftkings.com/sites/US-KS-SB/api/sportscontent/controldata/league/eventSubcategory/v1/markets?isBatchable=false&templateVars=18911&marketsQuery=%24filter%3DeventId+eq+%2734465848%27+AND+clientMetadata%2FsubCategoryId+eq+%2718911%27+AND+tags%2Fall%28t%3A+t+ne+%27SportcastBetBuilder%27%29&eventsQuery=%24filter%3Did+in+%28%2734465848%27%29&include=Events&entity=markets,data/market/raw/draftkings/2026-08-08/event_34465848/snapshot_draftkings_20260808_223319_subcategory_18911.json,6,success,
draftkings_20260808_223319,2026-08-08T22:33:19.346277+00:00,draftkings_public,DraftKings,34465848,6437,Exact Method of Victory,exact_method,https://sportsbook-nash.draftkings.com/sites/US-KS-SB/api/sportscontent/controldata/league/eventSubcategory/v1/markets?isBatchable=false&templateVars=6437&marketsQuery=%24filter%3DeventId+eq+%2734465848%27+AND+clientMetadata%2FsubCategoryId+eq+%276437%27+AND+tags%2Fall%28t%3A+t+ne+%27SportcastBetBuilder%27%29&eventsQuery=%24filter%3Did+in+%28%2734465848%27%29&include=Events&entity=markets,data/market/raw/draftkings/2026-08-08/event_34465848/snapshot_draftkings_20260808_223319_subcategory_6437.json,4,success,
draftkings_20260808_223319,2026-08-08T22:33:19.346277+00:00,draftkings_public,DraftKings,34465848,5735,Round and Method,round_method,https://sportsbook-nash.draftkings.com/sites/US-KS-SB/api/sportscontent/controldata/league/eventSubcategory/v1/markets?isBatchable=false&templateVars=5735&marketsQuery=%24filter%3DeventId+eq+%2734465848%27+AND+clientMetadata%2FsubCategoryId+eq+%275735%27+AND+tags%2Fall%28t%3A+t+ne+%27SportcastBetBuilder%27%29&eventsQuery=%24filter%3Did+in+%28%2734465848%27%29&include=Events&entity=markets,data/market/raw/draftkings/2026-08-08/event_34465848/snapshot_draftkings_20260808_223319_subcategory_5735.json,13,success,
draftkings_20260808_223319,2026-08-08T22:33:19.346277+00:00,draftkings_public,DraftKings,34465848,15122,Finish Only,finish_only_moneyline,https://sportsbook-nash.draftkings.com/sites/US-KS-SB/api/sportscontent/controldata/league/eventSubcategory/v1/markets?isBatchable=false&templateVars=15122&marketsQuery=%24filter%3DeventId+eq+%2734465848%27+AND+clientMetadata%2FsubCategoryId+eq+%2715122%27+AND+tags%2Fall%28t%3A+t+ne+%27SportcastBetBuilder%27%29&eventsQuery=%24filter%3Did+in+%28%2734465848%27%29&include=Events&entity=markets,data/market/raw/draftkings/2026-08-08/event_34465848/snapshot_draftkings_20260808_223319_subcategory_15122.json,2,success,
draftkings_20260808_223319,2026-08-08T22:33:19.346277+00:00,draftkings_public,DraftKings,34465848,15123,Decision Only,decision_only_moneyline,https://sportsbook-nash.draftkings.com/sites/US-KS-SB/api/sportscontent/controldata/league/eventSubcategory/v1/markets?isBatchable=false&templateVars=15123&marketsQuery=%24filter%3DeventId+eq+%2734465848%27+AND+clientMetadata%2FsubCategoryId+eq+%2715123%27+AND+tags%2Fall%28t%3A+t+ne+%27SportcastBetBuilder%27%29&eventsQuery=%24filter%3Did+in+%28%2734465848%27%29&include=Events&entity=markets,data/market/raw/draftkings/2026-08-08/event_34465848/snapshot_draftkings_20260808_223319_subcategory_15123.json,2,success,
draftkings_20260808_223319,2026-08-08T22:33:19.346277+00:00,draftkings_public,DraftKings,34465848,15124,Round 1 Only,round_1_only_moneyline,https://sportsbook-nash.draftkings.com/sites/US-KS-SB/api/sportscontent/controldata/league/eventSubcategory/v1/markets?isBatchable=false&templateVars=15124&marketsQuery=%24filter%3DeventId+eq+%2734465848%27+AND+clientMetadata%2FsubCategoryId+eq+%2715124%27+AND+tags%2Fall%28t%3A+t+ne+%27SportcastBetBuilder%27%29&eventsQuery=%24filter%3Did+in+%28%2734465848%27%29&include=Events&entity=markets,data/market/raw/draftkings/2026-08-08/event_34465848/snapshot_draftkings_20260808_223319_subcategory_15124.json,2,success,
draftkings_20260808_223319,2026-08-08T22:33:19.346277+00:00,draftkings_public,DraftKings,34465848,15125,Submission Only,submission_only_moneyline,https://sportsbook-nash.draftkings.com/sites/US-KS-SB/api/sportscontent/controldata/league/eventSubcategory/v1/markets?isBatchable=false&templateVars=15125&marketsQuery=%24filter%3DeventId+eq+%2734465848%27+AND+clientMetadata%2FsubCategoryId+eq+%2715125%27+AND+tags%2Fall%28t%3A+t+ne+%27SportcastBetBuilder%27%29&eventsQuery=%24filter%3Did+in+%28%2734465848%27%29&include=Events&entity=markets,data/market/raw/draftkings/2026-08-08/event_34465848/snapshot_draftkings_20260808_223319_subcategory_15125.json,2,success,
draftkings_20260808_223319,2026-08-08T22:33:19.346277+00:00,draftkings_public,DraftKings,34465848,15126,KO TKO DQ Only,ko_tko_only_moneyline,https://sportsbook-nash.draftkings.com/sites/US-KS-SB/api/sportscontent/controldata/league/eventSubcategory/v1/markets?isBatchable=false&templateVars=15126&marketsQuery=%24filter%3DeventId+eq+%2734465848%27+AND+clientMetadata%2FsubCategoryId+eq+%2715126%27+AND+tags%2Fall%28t%3A+t+ne+%27SportcastBetBuilder%27%29&eventsQuery=%24filter%3Did+in+%28%2734465848%27%29&include=Events&entity=markets,data/market/raw/draftkings/2026-08-08/event_34465848/snapshot_draftkings_20260808_223319_subcategory_15126.json,2,success,
draftkings_20260808_223319,2026-08-08T22:33:19.346277+00:00,draftkings_public,DraftKings,34465848,19390,Fighter Significant Strikes Total,fighter_sig_strikes_total,https://sportsbook-nash.draftkings.com/sites/US-KS-SB/api/sportscontent/controldata/league/eventSubcategory/v1/markets?isBatchable=false&templateVars=19390&marketsQuery=%24filter%3DeventId+eq+%2734465848%27+AND+clientMetadata%2FsubCategoryId+eq+%2719390%27+AND+tags%2Fall%28t%3A+t+ne+%27SportcastBetBuilder%27%29&eventsQuery=%24filter%3Did+in+%28%2734465848%27%29&include=Events&entity=markets,data/market/raw/draftkings/2026-08-08/event_34465848/snapshot_draftkings_20260808_223319_subcategory_19390.json,0,success,
draftkings_20260808_223319,2026-08-08T22:33:19.346277+00:00,draftkings_public,DraftKings,34465851,13025,Main Lines,main_lines,https://sportsbook-nash.draftkings.com/sites/US-KS-SB/api/sportscontent/controldata/league/eventSubcategory/v1/markets?isBatchable=false&templateVars=13025&marketsQuery=%24filter%3DeventId+eq+%2734465851%27+AND+clientMetadata%2FsubCategoryId+eq+%2713025%27+AND+tags%2Fall%28t%3A+t+ne+%27SportcastBetBuilder%27%29&eventsQuery=%24filter%3Did+in+%28%2734465851%27%29&include=Events&entity=markets,data/market/raw/draftkings/2026-08-08/event_34465851/snapshot_draftkings_20260808_223319_subcategory_13025.json,6,success,
draftkings_20260808_223319,2026-08-08T22:33:19.346277+00:00,draftkings_public,DraftKings,34465851,13179,Alternate Total Rounds,alternate_total_rounds,https://sportsbook-nash.draftkings.com/sites/US-KS-SB/api/sportscontent/controldata/league/eventSubcategory/v1/markets?isBatchable=false&templateVars=13179&marketsQuery=%24filter%3DeventId+eq+%2734465851%27+AND+clientMetadata%2FsubCategoryId+eq+%2713179%27+AND+tags%2Fall%28t%3A+t+ne+%27SportcastBetBuilder%27%29&eventsQuery=%24filter%3Did+in+%28%2734465851%27%29&include=Events&entity=markets,data/market/raw/draftkings/2026-08-08/event_34465851/snapshot_draftkings_20260808_223319_subcategory_13179.json,4,success,
draftkings_20260808_223319,2026-08-08T22:33:19.346277+00:00,draftkings_public,DraftKings,34465851,16272,Alternate Point Spread,alternate_point_spread,https://sportsbook-nash.draftkings.com/sites/US-KS-SB/api/sportscontent/controldata/league/eventSubcategory/v1/markets?isBatchable=false&templateVars=16272&marketsQuery=%24filter%3DeventId+eq+%2734465851%27+AND+clientMetadata%2FsubCategoryId+eq+%2716272%27+AND+tags%2Fall%28t%3A+t+ne+%27SportcastBetBuilder%27%29&eventsQuery=%24filter%3Did+in+%28%2734465851%27%29&include=Events&entity=markets,data/market/raw/draftkings/2026-08-08/event_34465851/snapshot_draftkings_20260808_223319_subcategory_16272.json,10,success,
draftkings_20260808_223319,2026-08-08T22:33:19.346277+00:00,draftkings_public,DraftKings,34465851,17644,Fight to Go the Distance,goes_distance,https://sportsbook-nash.draftkings.com/sites/US-KS-SB/api/sportscontent/controldata/league/eventSubcategory/v1/markets?isBatchable=false&templateVars=17644&marketsQuery=%24filter%3DeventId+eq+%2734465851%27+AND+clientMetadata%2FsubCategoryId+eq+%2717644%27+AND+tags%2Fall%28t%3A+t+ne+%27SportcastBetBuilder%27%29&eventsQuery=%24filter%3Did+in+%28%2734465851%27%29&include=Events&entity=markets,data/market/raw/draftkings/2026-08-08/event_34465851/snapshot_draftkings_20260808_223319_subcategory_17644.json,2,success,
draftkings_20260808_223319,2026-08-08T22:33:19.346277+00:00,draftkings_public,DraftKings,34465851,18911,Fighter Method Props,fighter_method_props,https://sportsbook-nash.draftkings.com/sites/US-KS-SB/api/sportscontent/controldata/league/eventSubcategory/v1/markets?isBatchable=false&templateVars=18911&marketsQuery=%24filter%3DeventId+eq+%2734465851%27+AND+clientMetadata%2FsubCategoryId+eq+%2718911%27+AND+tags%2Fall%28t%3A+t+ne+%27SportcastBetBuilder%27%29&eventsQuery=%24filter%3Did+in+%28%2734465851%27%29&include=Events&entity=markets,data/market/raw/draftkings/2026-08-08/event_34465851/snapshot_draftkings_20260808_223319_subcategory_18911.json,6,success,
draftkings_20260808_223319,2026-08-08T22:33:19.346277+00:00,draftkings_public,DraftKings,34465851,6437,Exact Method of Victory,exact_method,https://sportsbook-nash.draftkings.com/sites/US-KS-SB/api/sportscontent/controldata/league/eventSubcategory/v1/markets?isBatchable=false&templateVars=6437&marketsQuery=%24filter%3DeventId+eq+%2734465851%27+AND+clientMetadata%2FsubCategoryId+eq+%276437%27+AND+tags%2Fall%28t%3A+t+ne+%27SportcastBetBuilder%27%29&eventsQuery=%24filter%3Did+in+%28%2734465851%27%29&include=Events&entity=markets,data/market/raw/draftkings/2026-08-08/event_34465851/snapshot_draftkings_20260808_223319_subcategory_6437.json,4,success,
draftkings_20260808_223319,2026-08-08T22:33:19.346277+00:00,draftkings_public,DraftKings,34465851,5735,Round and Method,round_method,https://sportsbook-nash.draftkings.com/sites/US-KS-SB/api/sportscontent/controldata/league/eventSubcategory/v1/markets?isBatchable=false&templateVars=5735&marketsQuery=%24filter%3DeventId+eq+%2734465851%27+AND+clientMetadata%2FsubCategoryId+eq+%275735%27+AND+tags%2Fall%28t%3A+t+ne+%27SportcastBetBuilder%27%29&eventsQuery=%24filter%3Did+in+%28%2734465851%27%29&include=Events&entity=markets,data/market/raw/draftkings/2026-08-08/event_34465851/snapshot_draftkings_20260808_223319_subcategory_5735.json,13,success,
draftkings_20260808_223319,2026-08-08T22:33:19.346277+00:00,draftkings_public,DraftKings,34465851,15122,Finish Only,finish_only_moneyline,https://sportsbook-nash.draftkings.com/sites/US-KS-SB/api/sportscontent/controldata/league/eventSubcategory/v1/markets?isBatchable=false&templateVars=15122&marketsQuery=%24filter%3DeventId+eq+%2734465851%27+AND+clientMetadata%2FsubCategoryId+eq+%2715122%27+AND+tags%2Fall%28t%3A+t+ne+%27SportcastBetBuilder%27%29&eventsQuery=%24filter%3Did+in+%28%2734465851%27%29&include=Events&entity=markets,data/market/raw/draftkings/2026-08-08/event_34465851/snapshot_draftkings_20260808_223319_subcategory_15122.json,2,success,
draftkings_20260808_223319,2026-08-08T22:33:19.346277+00:00,draftkings_public,DraftKings,34465851,15123,Decision Only,decision_only_moneyline,https://sportsbook-nash.draftkings.com/sites/US-KS-SB/api/sportscontent/controldata/league/eventSubcategory/v1/markets?isBatchable=false&templateVars=15123&marketsQuery=%24filter%3DeventId+eq+%2734465851%27+AND+clientMetadata%2FsubCategoryId+eq+%2715123%27+AND+tags%2Fall%28t%3A+t+ne+%27SportcastBetBuilder%27%29&eventsQuery=%24filter%3Did+in+%28%2734465851%27%29&include=Events&entity=markets,data/market/raw/draftkings/2026-08-08/event_34465851/snapshot_draftkings_20260808_223319_subcategory_15123.json,2,success,
draftkings_20260808_223319,2026-08-08T22:33:19.346277+00:00,draftkings_public,DraftKings,34465851,15124,Round 1 Only,round_1_only_moneyline,https://sportsbook-nash.draftkings.com/sites/US-KS-SB/api/sportscontent/controldata/league/eventSubcategory/v1/markets?isBatchable=false&templateVars=15124&marketsQuery=%24filter%3DeventId+eq+%2734465851%27+AND+clientMetadata%2FsubCategoryId+eq+%2715124%27+AND+tags%2Fall%28t%3A+t+ne+%27SportcastBetBuilder%27%29&eventsQuery=%24filter%3Did+in+%28%2734465851%27%29&include=Events&entity=markets,data/market/raw/draftkings/2026-08-08/event_34465851/snapshot_draftkings_20260808_223319_subcategory_15124.json,2,success,
draftkings_20260808_223319,2026-08-08T22:33:19.346277+00:00,draftkings_public,DraftKings,34465851,15125,Submission Only,submission_only_moneyline,https://sportsbook-nash.draftkings.com/sites/US-KS-SB/api/sportscontent/controldata/league/eventSubcategory/v1/markets?isBatchable=false&templateVars=15125&marketsQuery=%24filter%3DeventId+eq+%2734465851%27+AND+clientMetadata%2FsubCategoryId+eq+%2715125%27+AND+tags%2Fall%28t%3A+t+ne+%27SportcastBetBuilder%27%29&eventsQuery=%24filter%3Did+in+%28%2734465851%27%29&include=Events&entity=markets,data/market/raw/draftkings/2026-08-08/event_34465851/snapshot_draftkings_20260808_223319_subcategory_15125.json,2,success,
draftkings_20260808_223319,2026-08-08T22:33:19.346277+00:00,draftkings_public,DraftKings,34465851,15126,KO TKO DQ Only,ko_tko_only_moneyline,https://sportsbook-nash.draftkings.com/sites/US-KS-SB/api/sportscontent/controldata/league/eventSubcategory/v1/markets?isBatchable=false&templateVars=15126&marketsQuery=%24filter%3DeventId+eq+%2734465851%27+AND+clientMetadata%2FsubCategoryId+eq+%2715126%27+AND+tags%2Fall%28t%3A+t+ne+%27SportcastBetBuilder%27%29&eventsQuery=%24filter%3Did+in+%28%2734465851%27%29&include=Events&entity=markets,data/market/raw/draftkings/2026-08-08/event_34465851/snapshot_draftkings_20260808_223319_subcategory_15126.json,2,success,
draftkings_20260808_223319,2026-08-08T22:33:19.346277+00:00,draftkings_public,DraftKings,34465851,19390,Fighter Significant Strikes Total,fighter_sig_strikes_total,https://sportsbook-nash.draftkings.com/sites/US-KS-SB/api/sportscontent/controldata/league/eventSubcategory/v1/markets?isBatchable=false&templateVars=19390&marketsQuery=%24filter%3DeventId+eq+%2734465851%27+AND+clientMetadata%2FsubCategoryId+eq+%2719390%27+AND+tags%2Fall%28t%3A+t+ne+%27SportcastBetBuilder%27%29&eventsQuery=%24filter%3Did+in+%28%2734465851%27%29&include=Events&entity=markets,data/market/raw/draftkings/2026-08-08/event_34465851/snapshot_draftkings_20260808_223319_subcategory_19390.json,0,success,
draftkings_20260808_233252,2026-08-08T23:32:52.670614+00:00,draftkings_public,DraftKings,34465845,13025,Main Lines,main_lines,https://sportsbook-nash.draftkings.com/sites/US-KS-SB/api/sportscontent/controldata/league/eventSubcategory/v1/markets?isBatchable=false&templateVars=13025&marketsQuery=%24filter%3DeventId+eq+%2734465845%27+AND+clientMetadata%2FsubCategoryId+eq+%2713025%27+AND+tags%2Fall%28t%3A+t+ne+%27SportcastBetBuilder%27%29&eventsQuery=%24filter%3Did+in+%28%2734465845%27%29&include=Events&entity=markets,data/market/raw/draftkings/2026-08-08/event_34465845/snapshot_draftkings_20260808_233252_subcategory_13025.json,6,success,
draftkings_20260808_233252,2026-08-08T23:32:52.670614+00:00,draftkings_public,DraftKings,34465845,13179,Alternate Total Rounds,alternate_total_rounds,https://sportsbook-nash.draftkings.com/sites/US-KS-SB/api/sportscontent/controldata/league/eventSubcategory/v1/markets?isBatchable=false&templateVars=13179&marketsQuery=%24filter%3DeventId+eq+%2734465845%27+AND+clientMetadata%2FsubCategoryId+eq+%2713179%27+AND+tags%2Fall%28t%3A+t+ne+%27SportcastBetBuilder%27%29&eventsQuery=%24filter%3Did+in+%28%2734465845%27%29&include=Events&entity=markets,data/market/raw/draftkings/2026-08-08/event_34465845/snapshot_draftkings_20260808_233252_subcategory_13179.json,4,success,
draftkings_20260808_233252,2026-08-08T23:32:52.670614+00:00,draftkings_public,DraftKings,34465845,16272,Alternate Point Spread,alternate_point_spread,https://sportsbook-nash.draftkings.com/sites/US-KS-SB/api/sportscontent/controldata/league/eventSubcategory/v1/markets?isBatchable=false&templateVars=16272&marketsQuery=%24filter%3DeventId+eq+%2734465845%27+AND+clientMetadata%2FsubCategoryId+eq+%2716272%27+AND+tags%2Fall%28t%3A+t+ne+%27SportcastBetBuilder%27%29&eventsQuery=%24filter%3Did+in+%28%2734465845%27%29&include=Events&entity=markets,data/market/raw/draftkings/2026-08-08/event_34465845/snapshot_draftkings_20260808_233252_subcategory_16272.json,10,success,
draftkings_20260808_233252,2026-08-08T23:32:52.670614+00:00,draftkings_public,DraftKings,34465845,17644,Fight to Go the Distance,goes_distance,https://sportsbook-nash.draftkings.com/sites/US-KS-SB/api/sportscontent/controldata/league/eventSubcategory/v1/markets?isBatchable=false&templateVars=17644&marketsQuery=%24filter%3DeventId+eq+%2734465845%27+AND+clientMetadata%2FsubCategoryId+eq+%2717644%27+AND+tags%2Fall%28t%3A+t+ne+%27SportcastBetBuilder%27%29&eventsQuery=%24filter%3Did+in+%28%2734465845%27%29&include=Events&entity=markets,data/market/raw/draftkings/2026-08-08/event_34465845/snapshot_draftkings_20260808_233252_subcategory_17644.json,2,success,
draftkings_20260808_233252,2026-08-08T23:32:52.670614+00:00,draftkings_public,DraftKings,34465845,18911,Fighter Method Props,fighter_method_props,https://sportsbook-nash.draftkings.com/sites/US-KS-SB/api/sportscontent/controldata/league/eventSubcategory/v1/markets?isBatchable=false&templateVars=18911&marketsQuery=%24filter%3DeventId+eq+%2734465845%27+AND+clientMetadata%2FsubCategoryId+eq+%2718911%27+AND+tags%2Fall%28t%3A+t+ne+%27SportcastBetBuilder%27%29&eventsQuery=%24filter%3Did+in+%28%2734465845%27%29&include=Events&entity=markets,data/market/raw/draftkings/2026-08-08/event_34465845/snapshot_draftkings_20260808_233252_subcategory_18911.json,6,success,
draftkings_20260808_233252,2026-08-08T23:32:52.670614+00:00,draftkings_public,DraftKings,34465845,6437,Exact Method of Victory,exact_method,https://sportsbook-nash.draftkings.com/sites/US-KS-SB/api/sportscontent/controldata/league/eventSubcategory/v1/markets?isBatchable=false&templateVars=6437&marketsQuery=%24filter%3DeventId+eq+%2734465845%27+AND+clientMetadata%2FsubCategoryId+eq+%276437%27+AND+tags%2Fall%28t%3A+t+ne+%27SportcastBetBuilder%27%29&eventsQuery=%24filter%3Did+in+%28%2734465845%27%29&include=Events&entity=markets,data/market/raw/draftkings/2026-08-08/event_34465845/snapshot_draftkings_20260808_233252_subcategory_6437.json,4,success,
draftkings_20260808_233252,2026-08-08T23:32:52.670614+00:00,draftkings_public,DraftKings,34465845,5735,Round and Method,round_method,https://sportsbook-nash.draftkings.com/sites/US-KS-SB/api/sportscontent/controldata/league/eventSubcategory/v1/markets?isBatchable=false&templateVars=5735&marketsQuery=%24filter%3DeventId+eq+%2734465845%27+AND+clientMetadata%2FsubCategoryId+eq+%275735%27+AND+tags%2Fall%28t%3A+t+ne+%27SportcastBetBuilder%27%29&eventsQuery=%24filter%3Did+in+%28%2734465845%27%29&include=Events&entity=markets,data/market/raw/draftkings/2026-08-08/event_34465845/snapshot_draftkings_20260808_233252_subcategory_5735.json,13,success,
draftkings_20260808_233252,2026-08-08T23:32:52.670614+00:00,draftkings_public,DraftKings,34465845,15122,Finish Only,finish_only_moneyline,https://sportsbook-nash.draftkings.com/sites/US-KS-SB/api/sportscontent/controldata/league/eventSubcategory/v1/markets?isBatchable=false&templateVars=15122&marketsQuery=%24filter%3DeventId+eq+%2734465845%27+AND+clientMetadata%2FsubCategoryId+eq+%2715122%27+AND+tags%2Fall%28t%3A+t+ne+%27SportcastBetBuilder%27%29&eventsQuery=%24filter%3Did+in+%28%2734465845%27%29&include=Events&entity=markets,data/market/raw/draftkings/2026-08-08/event_34465845/snapshot_draftkings_20260808_233252_subcategory_15122.json,2,success,
draftkings_20260808_233252,2026-08-08T23:32:52.670614+00:00,draftkings_public,DraftKings,34465845,15123,Decision Only,decision_only_moneyline,https://sportsbook-nash.draftkings.com/sites/US-KS-SB/api/sportscontent/controldata/league/eventSubcategory/v1/markets?isBatchable=false&templateVars=15123&marketsQuery=%24filter%3DeventId+eq+%2734465845%27+AND+clientMetadata%2FsubCategoryId+eq+%2715123%27+AND+tags%2Fall%28t%3A+t+ne+%27SportcastBetBuilder%27%29&eventsQuery=%24filter%3Did+in+%28%2734465845%27%29&include=Events&entity=markets,data/market/raw/draftkings/2026-08-08/event_34465845/snapshot_draftkings_20260808_233252_subcategory_15123.json,2,success,
draftkings_20260808_233252,2026-08-08T23:32:52.670614+00:00,draftkings_public,DraftKings,34465845,15124,Round 1 Only,round_1_only_moneyline,https://sportsbook-nash.draftkings.com/sites/US-KS-SB/api/sportscontent/controldata/league/eventSubcategory/v1/markets?isBatchable=false&templateVars=15124&marketsQuery=%24filter%3DeventId+eq+%2734465845%27+AND+clientMetadata%2FsubCategoryId+eq+%2715124%27+AND+tags%2Fall%28t%3A+t+ne+%27SportcastBetBuilder%27%29&eventsQuery=%24filter%3Did+in+%28%2734465845%27%29&include=Events&entity=markets,data/market/raw/draftkings/2026-08-08/event_34465845/snapshot_draftkings_20260808_233252_subcategory_15124.json,2,success,
draftkings_20260808_233252,2026-08-08T23:32:52.670614+00:00,draftkings_public,DraftKings,34465845,15125,Submission Only,submission_only_moneyline,https://sportsbook-nash.draftkings.com/sites/US-KS-SB/api/sportscontent/controldata/league/eventSubcategory/v1/markets?isBatchable=false&templateVars=15125&marketsQuery=%24filter%3DeventId+eq+%2734465845%27+AND+clientMetadata%2FsubCategoryId+eq+%2715125%27+AND+tags%2Fall%28t%3A+t+ne+%27SportcastBetBuilder%27%29&eventsQuery=%24filter%3Did+in+%28%2734465845%27%29&include=Events&entity=markets,data/market/raw/draftkings/2026-08-08/event_34465845/snapshot_draftkings_20260808_233252_subcategory_15125.json,2,success,
draftkings_20260808_233252,2026-08-08T23:32:52.670614+00:00,draftkings_public,DraftKings,34465845,15126,KO TKO DQ Only,ko_tko_only_moneyline,https://sportsbook-nash.draftkings.com/sites/US-KS-SB/api/sportscontent/controldata/league/eventSubcategory/v1/markets?isBatchable=false&templateVars=15126&marketsQuery=%24filter%3DeventId+eq+%2734465845%27+AND+clientMetadata%2FsubCategoryId+eq+%2715126%27+AND+tags%2Fall%28t%3A+t+ne+%27SportcastBetBuilder%27%29&eventsQuery=%24filter%3Did+in+%28%2734465845%27%29&include=Events&entity=markets,data/market/raw/draftkings/2026-08-08/event_34465845/snapshot_draftkings_20260808_233252_subcategory_15126.json,2,success,
draftkings_20260808_233252,2026-08-08T23:32:52.670614+00:00,draftkings_public,DraftKings,34465845,19390,Fighter Significant Strikes Total,fighter_sig_strikes_total,https://sportsbook-nash.draftkings.com/sites/US-KS-SB/api/sportscontent/controldata/league/eventSubcategory/v1/markets?isBatchable=false&templateVars=19390&marketsQuery=%24filter%3DeventId+eq+%2734465845%27+AND+clientMetadata%2FsubCategoryId+eq+%2719390%27+AND+tags%2Fall%28t%3A+t+ne+%27SportcastBetBuilder%27%29&eventsQuery=%24filter%3Did+in+%28%2734465845%27%29&include=Events&entity=markets,data/market/raw/draftkings/2026-08-08/event_34465845/snapshot_draftkings_20260808_233252_subcategory_19390.json,0,success,
draftkings_20260808_233252,2026-08-08T23:32:52.670614+00:00,draftkings_public,DraftKings,34485103,13025,Main Lines,main_lines,https://sportsbook-nash.draftkings.com/sites/US-KS-SB/api/sportscontent/controldata/league/eventSubcategory/v1/markets?isBatchable=false&templateVars=13025&marketsQuery=%24filter%3DeventId+eq+%2734485103%27+AND+clientMetadata%2FsubCategoryId+eq+%2713025%27+AND+tags%2Fall%28t%3A+t+ne+%27SportcastBetBuilder%27%29&eventsQuery=%24filter%3Did+in+%28%2734485103%27%29&include=Events&entity=markets,data/market/raw/draftkings/2026-08-08/event_34485103/snapshot_draftkings_20260808_233252_subcategory_13025.json,6,success,
draftkings_20260808_233252,2026-08-08T23:32:52.670614+00:00,draftkings_public,DraftKings,34485103,13179,Alternate Total Rounds,alternate_total_rounds,https://sportsbook-nash.draftkings.com/sites/US-KS-SB/api/sportscontent/controldata/league/eventSubcategory/v1/markets?isBatchable=false&templateVars=13179&marketsQuery=%24filter%3DeventId+eq+%2734485103%27+AND+clientMetadata%2FsubCategoryId+eq+%2713179%27+AND+tags%2Fall%28t%3A+t+ne+%27SportcastBetBuilder%27%29&eventsQuery=%24filter%3Did+in+%28%2734485103%27%29&include=Events&entity=markets,data/market/raw/draftkings/2026-08-08/event_34485103/snapshot_draftkings_20260808_233252_subcategory_13179.json,4,success,
draftkings_20260808_233252,2026-08-08T23:32:52.670614+00:00,draftkings_public,DraftKings,34485103,16272,Alternate Point Spread,alternate_point_spread,https://sportsbook-nash.draftkings.com/sites/US-KS-SB/api/sportscontent/controldata/league/eventSubcategory/v1/markets?isBatchable=false&templateVars=16272&marketsQuery=%24filter%3DeventId+eq+%2734485103%27+AND+clientMetadata%2FsubCategoryId+eq+%2716272%27+AND+tags%2Fall%28t%3A+t+ne+%27SportcastBetBuilder%27%29&eventsQuery=%24filter%3Did+in+%28%2734485103%27%29&include=Events&entity=markets,data/market/raw/draftkings/2026-08-08/event_34485103/snapshot_draftkings_20260808_233252_subcategory_16272.json,10,success,
draftkings_20260808_233252,2026-08-08T23:32:52.670614+00:00,draftkings_public,DraftKings,34485103,17644,Fight to Go the Distance,goes_distance,https://sportsbook-nash.draftkings.com/sites/US-KS-SB/api/sportscontent/controldata/league/eventSubcategory/v1/markets?isBatchable=false&templateVars=17644&marketsQuery=%24filter%3DeventId+eq+%2734485103%27+AND+clientMetadata%2FsubCategoryId+eq+%2717644%27+AND+tags%2Fall%28t%3A+t+ne+%27SportcastBetBuilder%27%29&eventsQuery=%24filter%3Did+in+%28%2734485103%27%29&include=Events&entity=markets,data/market/raw/draftkings/2026-08-08/event_34485103/snapshot_draftkings_20260808_233252_subcategory_17644.json,2,success,
draftkings_20260808_233252,2026-08-08T23:32:52.670614+00:00,draftkings_public,DraftKings,34485103,18911,Fighter Method Props,fighter_method_props,https://sportsbook-nash.draftkings.com/sites/US-KS-SB/api/sportscontent/controldata/league/eventSubcategory/v1/markets?isBatchable=false&templateVars=18911&marketsQuery=%24filter%3DeventId+eq+%2734485103%27+AND+clientMetadata%2FsubCategoryId+eq+%2718911%27+AND+tags%2Fall%28t%3A+t+ne+%27SportcastBetBuilder%27%29&eventsQuery=%24filter%3Did+in+%28%2734485103%27%29&include=Events&entity=markets,data/market/raw/draftkings/2026-08-08/event_34485103/snapshot_draftkings_20260808_233252_subcategory_18911.json,6,success,
draftkings_20260808_233252,2026-08-08T23:32:52.670614+00:00,draftkings_public,DraftKings,34485103,6437,Exact Method of Victory,exact_method,https://sportsbook-nash.draftkings.com/sites/US-KS-SB/api/sportscontent/controldata/league/eventSubcategory/v1/markets?isBatchable=false&templateVars=6437&marketsQuery=%24filter%3DeventId+eq+%2734485103%27+AND+clientMetadata%2FsubCategoryId+eq+%276437%27+AND+tags%2Fall%28t%3A+t+ne+%27SportcastBetBuilder%27%29&eventsQuery=%24filter%3Did+in+%28%2734485103%27%29&include=Events&entity=markets,data/market/raw/draftkings/2026-08-08/event_34485103/snapshot_draftkings_20260808_233252_subcategory_6437.json,4,success,
draftkings_20260808_233252,2026-08-08T23:32:52.670614+00:00,draftkings_public,DraftKings,34485103,5735,Round and Method,round_method,https://sportsbook-nash.draftkings.com/sites/US-KS-SB/api/sportscontent/controldata/league/eventSubcategory/v1/markets?isBatchable=false&templateVars=5735&marketsQuery=%24filter%3DeventId+eq+%2734485103%27+AND+clientMetadata%2FsubCategoryId+eq+%275735%27+AND+tags%2Fall%28t%3A+t+ne+%27SportcastBetBuilder%27%29&eventsQuery=%24filter%3Did+in+%28%2734485103%27%29&include=Events&entity=markets,data/market/raw/draftkings/2026-08-08/event_34485103/snapshot_draftkings_20260808_233252_subcategory_5735.json,13,success,
draftkings_20260808_233252,2026-08-08T23:32:52.670614+00:00,draftkings_public,DraftKings,34485103,15122,Finish Only,finish_only_moneyline,https://sportsbook-nash.draftkings.com/sites/US-KS-SB/api/sportscontent/controldata/league/eventSubcategory/v1/markets?isBatchable=false&templateVars=15122&marketsQuery=%24filter%3DeventId+eq+%2734485103%27+AND+clientMetadata%2FsubCategoryId+eq+%2715122%27+AND+tags%2Fall%28t%3A+t+ne+%27SportcastBetBuilder%27%29&eventsQuery=%24filter%3Did+in+%28%2734485103%27%29&include=Events&entity=markets,data/market/raw/draftkings/2026-08-08/event_34485103/snapshot_draftkings_20260808_233252_subcategory_15122.json,2,success,
draftkings_20260808_233252,2026-08-08T23:32:52.670614+00:00,draftkings_public,DraftKings,34485103,15123,Decision Only,decision_only_moneyline,https://sportsbook-nash.draftkings.com/sites/US-KS-SB/api/sportscontent/controldata/league/eventSubcategory/v1/markets?isBatchable=false&templateVars=15123&marketsQuery=%24filter%3DeventId+eq+%2734485103%27+AND+clientMetadata%2FsubCategoryId+eq+%2715123%27+AND+tags%2Fall%28t%3A+t+ne+%27SportcastBetBuilder%27%29&eventsQuery=%24filter%3Did+in+%28%2734485103%27%29&include=Events&entity=markets,data/market/raw/draftkings/2026-08-08/event_34485103/snapshot_draftkings_20260808_233252_subcategory_15123.json,2,success,
draftkings_20260808_233252,2026-08-08T23:32:52.670614+00:00,draftkings_public,DraftKings,34485103,15124,Round 1 Only,round_1_only_moneyline,https://sportsbook-nash.draftkings.com/sites/US-KS-SB/api/sportscontent/controldata/league/eventSubcategory/v1/markets?isBatchable=false&templateVars=15124&marketsQuery=%24filter%3DeventId+eq+%2734485103%27+AND+clientMetadata%2FsubCategoryId+eq+%2715124%27+AND+tags%2Fall%28t%3A+t+ne+%27SportcastBetBuilder%27%29&eventsQuery=%24filter%3Did+in+%28%2734485103%27%29&include=Events&entity=markets,data/market/raw/draftkings/2026-08-08/event_34485103/snapshot_draftkings_20260808_233252_subcategory_15124.json,2,success,
draftkings_20260808_233252,2026-08-08T23:32:52.670614+00:00,draftkings_public,DraftKings,34485103,15125,Submission Only,submission_only_moneyline,https://sportsbook-nash.draftkings.com/sites/US-KS-SB/api/sportscontent/controldata/league/eventSubcategory/v1/markets?isBatchable=false&templateVars=15125&marketsQuery=%24filter%3DeventId+eq+%2734485103%27+AND+clientMetadata%2FsubCategoryId+eq+%2715125%27+AND+tags%2Fall%28t%3A+t+ne+%27SportcastBetBuilder%27%29&eventsQuery=%24filter%3Did+in+%28%2734485103%27%29&include=Events&entity=markets,data/market/raw/draftkings/2026-08-08/event_34485103/snapshot_draftkings_20260808_233252_subcategory_15125.json,2,success,
draftkings_20260808_233252,2026-08-08T23:32:52.670614+00:00,draftkings_public,DraftKings,34485103,15126,KO TKO DQ Only,ko_tko_only_moneyline,https://sportsbook-nash.draftkings.com/sites/US-KS-SB/api/sportscontent/controldata/league/eventSubcategory/v1/markets?isBatchable=false&templateVars=15126&marketsQuery=%24filter%3DeventId+eq+%2734485103%27+AND+clientMetadata%2FsubCategoryId+eq+%2715126%27+AND+tags%2Fall%28t%3A+t+ne+%27SportcastBetBuilder%27%29&eventsQuery=%24filter%3Did+in+%28%2734485103%27%29&include=Events&entity=markets,data/market/raw/draftkings/2026-08-08/event_34485103/snapshot_draftkings_20260808_233252_subcategory_15126.json,2,success,
draftkings_20260808_233252,2026-08-08T23:32:52.670614+00:00,draftkings_public,DraftKings,34485103,19390,Fighter Significant Strikes Total,fighter_sig_strikes_total,https://sportsbook-nash.draftkings.com/sites/US-KS-SB/api/sportscontent/controldata/league/eventSubcategory/v1/markets?isBatchable=false&templateVars=19390&marketsQuery=%24filter%3DeventId+eq+%2734485103%27+AND+clientMetadata%2FsubCategoryId+eq+%2719390%27+AND+tags%2Fall%28t%3A+t+ne+%27SportcastBetBuilder%27%29&eventsQuery=%24filter%3Did+in+%28%2734485103%27%29&include=Events&entity=markets,data/market/raw/draftkings/2026-08-08/event_34485103/snapshot_draftkings_20260808_233252_subcategory_19390.json,4,success,
draftkings_20260808_233252,2026-08-08T23:32:52.670614+00:00,draftkings_public,DraftKings,34465846,13025,Main Lines,main_lines,https://sportsbook-nash.draftkings.com/sites/US-KS-SB/api/sportscontent/controldata/league/eventSubcategory/v1/markets?isBatchable=false&templateVars=13025&marketsQuery=%24filter%3DeventId+eq+%2734465846%27+AND+clientMetadata%2FsubCategoryId+eq+%2713025%27+AND+tags%2Fall%28t%3A+t+ne+%27SportcastBetBuilder%27%29&eventsQuery=%24filter%3Did+in+%28%2734465846%27%29&include=Events&entity=markets,data/market/raw/draftkings/2026-08-08/event_34465846/snapshot_draftkings_20260808_233252_subcategory_13025.json,6,success,
draftkings_20260808_233252,2026-08-08T23:32:52.670614+00:00,draftkings_public,DraftKings,34465846,13179,Alternate Total Rounds,alternate_total_rounds,https://sportsbook-nash.draftkings.com/sites/US-KS-SB/api/sportscontent/controldata/league/eventSubcategory/v1/markets?isBatchable=false&templateVars=13179&marketsQuery=%24filter%3DeventId+eq+%2734465846%27+AND+clientMetadata%2FsubCategoryId+eq+%2713179%27+AND+tags%2Fall%28t%3A+t+ne+%27SportcastBetBuilder%27%29&eventsQuery=%24filter%3Did+in+%28%2734465846%27%29&include=Events&entity=markets,data/market/raw/draftkings/2026-08-08/event_34465846/snapshot_draftkings_20260808_233252_subcategory_13179.json,4,success,
draftkings_20260808_233252,2026-08-08T23:32:52.670614+00:00,draftkings_public,DraftKings,34465846,16272,Alternate Point Spread,alternate_point_spread,https://sportsbook-nash.draftkings.com/sites/US-KS-SB/api/sportscontent/controldata/league/eventSubcategory/v1/markets?isBatchable=false&templateVars=16272&marketsQuery=%24filter%3DeventId+eq+%2734465846%27+AND+clientMetadata%2FsubCategoryId+eq+%2716272%27+AND+tags%2Fall%28t%3A+t+ne+%27SportcastBetBuilder%27%29&eventsQuery=%24filter%3Did+in+%28%2734465846%27%29&include=Events&entity=markets,data/market/raw/draftkings/2026-08-08/event_34465846/snapshot_draftkings_20260808_233252_subcategory_16272.json,10,success,
draftkings_20260808_233252,2026-08-08T23:32:52.670614+00:00,draftkings_public,DraftKings,34465846,17644,Fight to Go the Distance,goes_distance,https://sportsbook-nash.draftkings.com/sites/US-KS-SB/api/sportscontent/controldata/league/eventSubcategory/v1/markets?isBatchable=false&templateVars=17644&marketsQuery=%24filter%3DeventId+eq+%2734465846%27+AND+clientMetadata%2FsubCategoryId+eq+%2717644%27+AND+tags%2Fall%28t%3A+t+ne+%27SportcastBetBuilder%27%29&eventsQuery=%24filter%3Did+in+%28%2734465846%27%29&include=Events&entity=markets,data/market/raw/draftkings/2026-08-08/event_34465846/snapshot_draftkings_20260808_233252_subcategory_17644.json,2,success,
draftkings_20260808_233252,2026-08-08T23:32:52.670614+00:00,draftkings_public,DraftKings,34465846,18911,Fighter Method Props,fighter_method_props,https://sportsbook-nash.draftkings.com/sites/US-KS-SB/api/sportscontent/controldata/league/eventSubcategory/v1/markets?isBatchable=false&templateVars=18911&marketsQuery=%24filter%3DeventId+eq+%2734465846%27+AND+clientMetadata%2FsubCategoryId+eq+%2718911%27+AND+tags%2Fall%28t%3A+t+ne+%27SportcastBetBuilder%27%29&eventsQuery=%24filter%3Did+in+%28%2734465846%27%29&include=Events&entity=markets,data/market/raw/draftkings/2026-08-08/event_34465846/snapshot_draftkings_20260808_233252_subcategory_18911.json,6,success,
draftkings_20260808_233252,2026-08-08T23:32:52.670614+00:00,draftkings_public,DraftKings,34465846,6437,Exact Method of Victory,exact_method,https://sportsbook-nash.draftkings.com/sites/US-KS-SB/api/sportscontent/controldata/league/eventSubcategory/v1/markets?isBatchable=false&templateVars=6437&marketsQuery=%24filter%3DeventId+eq+%2734465846%27+AND+clientMetadata%2FsubCategoryId+eq+%276437%27+AND+tags%2Fall%28t%3A+t+ne+%27SportcastBetBuilder%27%29&eventsQuery=%24filter%3Did+in+%28%2734465846%27%29&include=Events&entity=markets,data/market/raw/draftkings/2026-08-08/event_34465846/snapshot_draftkings_20260808_233252_subcategory_6437.json,4,success,
draftkings_20260808_233252,2026-08-08T23:32:52.670614+00:00,draftkings_public,DraftKings,34465846,5735,Round and Method,round_method,https://sportsbook-nash.draftkings.com/sites/US-KS-SB/api/sportscontent/controldata/league/eventSubcategory/v1/markets?isBatchable=false&templateVars=5735&marketsQuery=%24filter%3DeventId+eq+%2734465846%27+AND+clientMetadata%2FsubCategoryId+eq+%275735%27+AND+tags%2Fall%28t%3A+t+ne+%27SportcastBetBuilder%27%29&eventsQuery=%24filter%3Did+in+%28%2734465846%27%29&include=Events&entity=markets,data/market/raw/draftkings/2026-08-08/event_34465846/snapshot_draftkings_20260808_233252_subcategory_5735.json,13,success,
draftkings_20260808_233252,2026-08-08T23:32:52.670614+00:00,draftkings_public,DraftKings,34465846,15122,Finish Only,finish_only_moneyline,https://sportsbook-nash.draftkings.com/sites/US-KS-SB/api/sportscontent/controldata/league/eventSubcategory/v1/markets?isBatchable=false&templateVars=15122&marketsQuery=%24filter%3DeventId+eq+%2734465846%27+AND+clientMetadata%2FsubCategoryId+eq+%2715122%27+AND+tags%2Fall%28t%3A+t+ne+%27SportcastBetBuilder%27%29&eventsQuery=%24filter%3Did+in+%28%2734465846%27%29&include=Events&entity=markets,data/market/raw/draftkings/2026-08-08/event_34465846/snapshot_draftkings_20260808_233252_subcategory_15122.json,2,success,
draftkings_20260808_233252,2026-08-08T23:32:52.670614+00:00,draftkings_public,DraftKings,34465846,15123,Decision Only,decision_only_moneyline,https://sportsbook-nash.draftkings.com/sites/US-KS-SB/api/sportscontent/controldata/league/eventSubcategory/v1/markets?isBatchable=false&templateVars=15123&marketsQuery=%24filter%3DeventId+eq+%2734465846%27+AND+clientMetadata%2FsubCategoryId+eq+%2715123%27+AND+tags%2Fall%28t%3A+t+ne+%27SportcastBetBuilder%27%29&eventsQuery=%24filter%3Did+in+%28%2734465846%27%29&include=Events&entity=markets,data/market/raw/draftkings/2026-08-08/event_34465846/snapshot_draftkings_20260808_233252_subcategory_15123.json,2,success,
draftkings_20260808_233252,2026-08-08T23:32:52.670614+00:00,draftkings_public,DraftKings,34465846,15124,Round 1 Only,round_1_only_moneyline,https://sportsbook-nash.draftkings.com/sites/US-KS-SB/api/sportscontent/controldata/league/eventSubcategory/v1/markets?isBatchable=false&templateVars=15124&marketsQuery=%24filter%3DeventId+eq+%2734465846%27+AND+clientMetadata%2FsubCategoryId+eq+%2715124%27+AND+tags%2Fall%28t%3A+t+ne+%27SportcastBetBuilder%27%29&eventsQuery=%24filter%3Did+in+%28%2734465846%27%29&include=Events&entity=markets,data/market/raw/draftkings/2026-08-08/event_34465846/snapshot_draftkings_20260808_233252_subcategory_15124.json,2,success,
draftkings_20260808_233252,2026-08-08T23:32:52.670614+00:00,draftkings_public,DraftKings,34465846,15125,Submission Only,submission_only_moneyline,https://sportsbook-nash.draftkings.com/sites/US-KS-SB/api/sportscontent/controldata/league/eventSubcategory/v1/markets?isBatchable=false&templateVars=15125&marketsQuery=%24filter%3DeventId+eq+%2734465846%27+AND+clientMetadata%2FsubCategoryId+eq+%2715125%27+AND+tags%2Fall%28t%3A+t+ne+%27SportcastBetBuilder%27%29&eventsQuery=%24filter%3Did+in+%28%2734465846%27%29&include=Events&entity=markets,data/market/raw/draftkings/2026-08-08/event_34465846/snapshot_draftkings_20260808_233252_subcategory_15125.json,2,success,
draftkings_20260808_233252,2026-08-08T23:32:52.670614+00:00,draftkings_public,DraftKings,34465846,15126,KO TKO DQ Only,ko_tko_only_moneyline,https://sportsbook-nash.draftkings.com/sites/US-KS-SB/api/sportscontent/controldata/league/eventSubcategory/v1/markets?isBatchable=false&templateVars=15126&marketsQuery=%24filter%3DeventId+eq+%2734465846%27+AND+clientMetadata%2FsubCategoryId+eq+%2715126%27+AND+tags%2Fall%28t%3A+t+ne+%27SportcastBetBuilder%27%29&eventsQuery=%24filter%3Did+in+%28%2734465846%27%29&include=Events&entity=markets,data/market/raw/draftkings/2026-08-08/event_34465846/snapshot_draftkings_20260808_233252_subcategory_15126.json,2,success,
draftkings_20260808_233252,2026-08-08T23:32:52.670614+00:00,draftkings_public,DraftKings,34465846,19390,Fighter Significant Strikes Total,fighter_sig_strikes_total,https://sportsbook-nash.draftkings.com/sites/US-KS-SB/api/sportscontent/controldata/league/eventSubcategory/v1/markets?isBatchable=false&templateVars=19390&marketsQuery=%24filter%3DeventId+eq+%2734465846%27+AND+clientMetadata%2FsubCategoryId+eq+%2719390%27+AND+tags%2Fall%28t%3A+t+ne+%27SportcastBetBuilder%27%29&eventsQuery=%24filter%3Did+in+%28%2734465846%27%29&include=Events&entity=markets,data/market/raw/draftkings/2026-08-08/event_34465846/snapshot_draftkings_20260808_233252_subcategory_19390.json,4,success,
draftkings_20260808_233252,2026-08-08T23:32:52.670614+00:00,draftkings_public,DraftKings,34465850,13025,Main Lines,main_lines,https://sportsbook-nash.draftkings.com/sites/US-KS-SB/api/sportscontent/controldata/league/eventSubcategory/v1/markets?isBatchable=false&templateVars=13025&marketsQuery=%24filter%3DeventId+eq+%2734465850%27+AND+clientMetadata%2FsubCategoryId+eq+%2713025%27+AND+tags%2Fall%28t%3A+t+ne+%27SportcastBetBuilder%27%29&eventsQuery=%24filter%3Did+in+%28%2734465850%27%29&include=Events&entity=markets,data/market/raw/draftkings/2026-08-08/event_34465850/snapshot_draftkings_20260808_233252_subcategory_13025.json,6,success,
draftkings_20260808_233252,2026-08-08T23:32:52.670614+00:00,draftkings_public,DraftKings,34465850,13179,Alternate Total Rounds,alternate_total_rounds,https://sportsbook-nash.draftkings.com/sites/US-KS-SB/api/sportscontent/controldata/league/eventSubcategory/v1/markets?isBatchable=false&templateVars=13179&marketsQuery=%24filter%3DeventId+eq+%2734465850%27+AND+clientMetadata%2FsubCategoryId+eq+%2713179%27+AND+tags%2Fall%28t%3A+t+ne+%27SportcastBetBuilder%27%29&eventsQuery=%24filter%3Did+in+%28%2734465850%27%29&include=Events&entity=markets,data/market/raw/draftkings/2026-08-08/event_34465850/snapshot_draftkings_20260808_233252_subcategory_13179.json,4,success,
draftkings_20260808_233252,2026-08-08T23:32:52.670614+00:00,draftkings_public,DraftKings,34465850,16272,Alternate Point Spread,alternate_point_spread,https://sportsbook-nash.draftkings.com/sites/US-KS-SB/api/sportscontent/controldata/league/eventSubcategory/v1/markets?isBatchable=false&templateVars=16272&marketsQuery=%24filter%3DeventId+eq+%2734465850%27+AND+clientMetadata%2FsubCategoryId+eq+%2716272%27+AND+tags%2Fall%28t%3A+t+ne+%27SportcastBetBuilder%27%29&eventsQuery=%24filter%3Did+in+%28%2734465850%27%29&include=Events&entity=markets,data/market/raw/draftkings/2026-08-08/event_34465850/snapshot_draftkings_20260808_233252_subcategory_16272.json,10,success,
draftkings_20260808_233252,2026-08-08T23:32:52.670614+00:00,draftkings_public,DraftKings,34465850,17644,Fight to Go the Distance,goes_distance,https://sportsbook-nash.draftkings.com/sites/US-KS-SB/api/sportscontent/controldata/league/eventSubcategory/v1/markets?isBatchable=false&templateVars=17644&marketsQuery=%24filter%3DeventId+eq+%2734465850%27+AND+clientMetadata%2FsubCategoryId+eq+%2717644%27+AND+tags%2Fall%28t%3A+t+ne+%27SportcastBetBuilder%27%29&eventsQuery=%24filter%3Did+in+%28%2734465850%27%29&include=Events&entity=markets,data/market/raw/draftkings/2026-08-08/event_34465850/snapshot_draftkings_20260808_233252_subcategory_17644.json,2,success,
draftkings_20260808_233252,2026-08-08T23:32:52.670614+00:00,draftkings_public,DraftKings,34465850,18911,Fighter Method Props,fighter_method_props,https://sportsbook-nash.draftkings.com/sites/US-KS-SB/api/sportscontent/controldata/league/eventSubcategory/v1/markets?isBatchable=false&templateVars=18911&marketsQuery=%24filter%3DeventId+eq+%2734465850%27+AND+clientMetadata%2FsubCategoryId+eq+%2718911%27+AND+tags%2Fall%28t%3A+t+ne+%27SportcastBetBuilder%27%29&eventsQuery=%24filter%3Did+in+%28%2734465850%27%29&include=Events&entity=markets,data/market/raw/draftkings/2026-08-08/event_34465850/snapshot_draftkings_20260808_233252_subcategory_18911.json,6,success,
draftkings_20260808_233252,2026-08-08T23:32:52.670614+00:00,draftkings_public,DraftKings,34465850,6437,Exact Method of Victory,exact_method,https://sportsbook-nash.draftkings.com/sites/US-KS-SB/api/sportscontent/controldata/league/eventSubcategory/v1/markets?isBatchable=false&templateVars=6437&marketsQuery=%24filter%3DeventId+eq+%2734465850%27+AND+clientMetadata%2FsubCategoryId+eq+%276437%27+AND+tags%2Fall%28t%3A+t+ne+%27SportcastBetBuilder%27%29&eventsQuery=%24filter%3Did+in+%28%2734465850%27%29&include=Events&entity=markets,data/market/raw/draftkings/2026-08-08/event_34465850/snapshot_draftkings_20260808_233252_subcategory_6437.json,4,success,
draftkings_20260808_233252,2026-08-08T23:32:52.670614+00:00,draftkings_public,DraftKings,34465850,5735,Round and Method,round_method,https://sportsbook-nash.draftkings.com/sites/US-KS-SB/api/sportscontent/controldata/league/eventSubcategory/v1/markets?isBatchable=false&templateVars=5735&marketsQuery=%24filter%3DeventId+eq+%2734465850%27+AND+clientMetadata%2FsubCategoryId+eq+%275735%27+AND+tags%2Fall%28t%3A+t+ne+%27SportcastBetBuilder%27%29&eventsQuery=%24filter%3Did+in+%28%2734465850%27%29&include=Events&entity=markets,data/market/raw/draftkings/2026-08-08/event_34465850/snapshot_draftkings_20260808_233252_subcategory_5735.json,13,success,
draftkings_20260808_233252,2026-08-08T23:32:52.670614+00:00,draftkings_public,DraftKings,34465850,15122,Finish Only,finish_only_moneyline,https://sportsbook-nash.draftkings.com/sites/US-KS-SB/api/sportscontent/controldata/league/eventSubcategory/v1/markets?isBatchable=false&templateVars=15122&marketsQuery=%24filter%3DeventId+eq+%2734465850%27+AND+clientMetadata%2FsubCategoryId+eq+%2715122%27+AND+tags%2Fall%28t%3A+t+ne+%27SportcastBetBuilder%27%29&eventsQuery=%24filter%3Did+in+%28%2734465850%27%29&include=Events&entity=markets,data/market/raw/draftkings/2026-08-08/event_34465850/snapshot_draftkings_20260808_233252_subcategory_15122.json,2,success,
draftkings_20260808_233252,2026-08-08T23:32:52.670614+00:00,draftkings_public,DraftKings,34465850,15123,Decision Only,decision_only_moneyline,https://sportsbook-nash.draftkings.com/sites/US-KS-SB/api/sportscontent/controldata/league/eventSubcategory/v1/markets?isBatchable=false&templateVars=15123&marketsQuery=%24filter%3DeventId+eq+%2734465850%27+AND+clientMetadata%2FsubCategoryId+eq+%2715123%27+AND+tags%2Fall%28t%3A+t+ne+%27SportcastBetBuilder%27%29&eventsQuery=%24filter%3Did+in+%28%2734465850%27%29&include=Events&entity=markets,data/market/raw/draftkings/2026-08-08/event_34465850/snapshot_draftkings_20260808_233252_subcategory_15123.json,2,success,
draftkings_20260808_233252,2026-08-08T23:32:52.670614+00:00,draftkings_public,DraftKings,34465850,15124,Round 1 Only,round_1_only_moneyline,https://sportsbook-nash.draftkings.com/sites/US-KS-SB/api/sportscontent/controldata/league/eventSubcategory/v1/markets?isBatchable=false&templateVars=15124&marketsQuery=%24filter%3DeventId+eq+%2734465850%27+AND+clientMetadata%2FsubCategoryId+eq+%2715124%27+AND+tags%2Fall%28t%3A+t+ne+%27SportcastBetBuilder%27%29&eventsQuery=%24filter%3Did+in+%28%2734465850%27%29&include=Events&entity=markets,data/market/raw/draftkings/2026-08-08/event_34465850/snapshot_draftkings_20260808_233252_subcategory_15124.json,2,success,
draftkings_20260808_233252,2026-08-08T23:32:52.670614+00:00,draftkings_public,DraftKings,34465850,15125,Submission Only,submission_only_moneyline,https://sportsbook-nash.draftkings.com/sites/US-KS-SB/api/sportscontent/controldata/league/eventSubcategory/v1/markets?isBatchable=false&templateVars=15125&marketsQuery=%24filter%3DeventId+eq+%2734465850%27+AND+clientMetadata%2FsubCategoryId+eq+%2715125%27+AND+tags%2Fall%28t%3A+t+ne+%27SportcastBetBuilder%27%29&eventsQuery=%24filter%3Did+in+%28%2734465850%27%29&include=Events&entity=markets,data/market/raw/draftkings/2026-08-08/event_34465850/snapshot_draftkings_20260808_233252_subcategory_15125.json,2,success,
draftkings_20260808_233252,2026-08-08T23:32:52.670614+00:00,draftkings_public,DraftKings,34465850,15126,KO TKO DQ Only,ko_tko_only_moneyline,https://sportsbook-nash.draftkings.com/sites/US-KS-SB/api/sportscontent/controldata/league/eventSubcategory/v1/markets?isBatchable=false&templateVars=15126&marketsQuery=%24filter%3DeventId+eq+%2734465850%27+AND+clientMetadata%2FsubCategoryId+eq+%2715126%27+AND+tags%2Fall%28t%3A+t+ne+%27SportcastBetBuilder%27%29&eventsQuery=%24filter%3Did+in+%28%2734465850%27%29&include=Events&entity=markets,data/market/raw/draftkings/2026-08-08/event_34465850/snapshot_draftkings_20260808_233252_subcategory_15126.json,2,success,
draftkings_20260808_233252,2026-08-08T23:32:52.670614+00:00,draftkings_public,DraftKings,34465850,19390,Fighter Significant Strikes Total,fighter_sig_strikes_total,https://sportsbook-nash.draftkings.com/sites/US-KS-SB/api/sportscontent/controldata/league/eventSubcategory/v1/markets?isBatchable=false&templateVars=19390&marketsQuery=%24filter%3DeventId+eq+%2734465850%27+AND+clientMetadata%2FsubCategoryId+eq+%2719390%27+AND+tags%2Fall%28t%3A+t+ne+%27SportcastBetBuilder%27%29&eventsQuery=%24filter%3Did+in+%28%2734465850%27%29&include=Events&entity=markets,data/market/raw/draftkings/2026-08-08/event_34465850/snapshot_draftkings_20260808_233252_subcategory_19390.json,4,success,
draftkings_20260808_233252,2026-08-08T23:32:52.670614+00:00,draftkings_public,DraftKings,34465844,13025,Main Lines,main_lines,https://sportsbook-nash.draftkings.com/sites/US-KS-SB/api/sportscontent/controldata/league/eventSubcategory/v1/markets?isBatchable=false&templateVars=13025&marketsQuery=%24filter%3DeventId+eq+%2734465844%27+AND+clientMetadata%2FsubCategoryId+eq+%2713025%27+AND+tags%2Fall%28t%3A+t+ne+%27SportcastBetBuilder%27%29&eventsQuery=%24filter%3Did+in+%28%2734465844%27%29&include=Events&entity=markets,data/market/raw/draftkings/2026-08-08/event_34465844/snapshot_draftkings_20260808_233252_subcategory_13025.json,6,success,
draftkings_20260808_233252,2026-08-08T23:32:52.670614+00:00,draftkings_public,DraftKings,34465844,13179,Alternate Total Rounds,alternate_total_rounds,https://sportsbook-nash.draftkings.com/sites/US-KS-SB/api/sportscontent/controldata/league/eventSubcategory/v1/markets?isBatchable=false&templateVars=13179&marketsQuery=%24filter%3DeventId+eq+%2734465844%27+AND+clientMetadata%2FsubCategoryId+eq+%2713179%27+AND+tags%2Fall%28t%3A+t+ne+%27SportcastBetBuilder%27%29&eventsQuery=%24filter%3Did+in+%28%2734465844%27%29&include=Events&entity=markets,data/market/raw/draftkings/2026-08-08/event_34465844/snapshot_draftkings_20260808_233252_subcategory_13179.json,4,success,
draftkings_20260808_233252,2026-08-08T23:32:52.670614+00:00,draftkings_public,DraftKings,34465844,16272,Alternate Point Spread,alternate_point_spread,https://sportsbook-nash.draftkings.com/sites/US-KS-SB/api/sportscontent/controldata/league/eventSubcategory/v1/markets?isBatchable=false&templateVars=16272&marketsQuery=%24filter%3DeventId+eq+%2734465844%27+AND+clientMetadata%2FsubCategoryId+eq+%2716272%27+AND+tags%2Fall%28t%3A+t+ne+%27SportcastBetBuilder%27%29&eventsQuery=%24filter%3Did+in+%28%2734465844%27%29&include=Events&entity=markets,data/market/raw/draftkings/2026-08-08/event_34465844/snapshot_draftkings_20260808_233252_subcategory_16272.json,10,success,
draftkings_20260808_233252,2026-08-08T23:32:52.670614+00:00,draftkings_public,DraftKings,34465844,17644,Fight to Go the Distance,goes_distance,https://sportsbook-nash.draftkings.com/sites/US-KS-SB/api/sportscontent/controldata/league/eventSubcategory/v1/markets?isBatchable=false&templateVars=17644&marketsQuery=%24filter%3DeventId+eq+%2734465844%27+AND+clientMetadata%2FsubCategoryId+eq+%2717644%27+AND+tags%2Fall%28t%3A+t+ne+%27SportcastBetBuilder%27%29&eventsQuery=%24filter%3Did+in+%28%2734465844%27%29&include=Events&entity=markets,data/market/raw/draftkings/2026-08-08/event_34465844/snapshot_draftkings_20260808_233252_subcategory_17644.json,2,success,
draftkings_20260808_233252,2026-08-08T23:32:52.670614+00:00,draftkings_public,DraftKings,34465844,18911,Fighter Method Props,fighter_method_props,https://sportsbook-nash.draftkings.com/sites/US-KS-SB/api/sportscontent/controldata/league/eventSubcategory/v1/markets?isBatchable=false&templateVars=18911&marketsQuery=%24filter%3DeventId+eq+%2734465844%27+AND+clientMetadata%2FsubCategoryId+eq+%2718911%27+AND+tags%2Fall%28t%3A+t+ne+%27SportcastBetBuilder%27%29&eventsQuery=%24filter%3Did+in+%28%2734465844%27%29&include=Events&entity=markets,data/market/raw/draftkings/2026-08-08/event_34465844/snapshot_draftkings_20260808_233252_subcategory_18911.json,6,success,
draftkings_20260808_233252,2026-08-08T23:32:52.670614+00:00,draftkings_public,DraftKings,34465844,6437,Exact Method of Victory,exact_method,https://sportsbook-nash.draftkings.com/sites/US-KS-SB/api/sportscontent/controldata/league/eventSubcategory/v1/markets?isBatchable=false&templateVars=6437&marketsQuery=%24filter%3DeventId+eq+%2734465844%27+AND+clientMetadata%2FsubCategoryId+eq+%276437%27+AND+tags%2Fall%28t%3A+t+ne+%27SportcastBetBuilder%27%29&eventsQuery=%24filter%3Did+in+%28%2734465844%27%29&include=Events&entity=markets,data/market/raw/draftkings/2026-08-08/event_34465844/snapshot_draftkings_20260808_233252_subcategory_6437.json,4,success,
draftkings_20260808_233252,2026-08-08T23:32:52.670614+00:00,draftkings_public,DraftKings,34465844,5735,Round and Method,round_method,https://sportsbook-nash.draftkings.com/sites/US-KS-SB/api/sportscontent/controldata/league/eventSubcategory/v1/markets?isBatchable=false&templateVars=5735&marketsQuery=%24filter%3DeventId+eq+%2734465844%27+AND+clientMetadata%2FsubCategoryId+eq+%275735%27+AND+tags%2Fall%28t%3A+t+ne+%27SportcastBetBuilder%27%29&eventsQuery=%24filter%3Did+in+%28%2734465844%27%29&include=Events&entity=markets,data/market/raw/draftkings/2026-08-08/event_34465844/snapshot_draftkings_20260808_233252_subcategory_5735.json,13,success,
draftkings_20260808_233252,2026-08-08T23:32:52.670614+00:00,draftkings_public,DraftKings,34465844,15122,Finish Only,finish_only_moneyline,https://sportsbook-nash.draftkings.com/sites/US-KS-SB/api/sportscontent/controldata/league/eventSubcategory/v1/markets?isBatchable=false&templateVars=15122&marketsQuery=%24filter%3DeventId+eq+%2734465844%27+AND+clientMetadata%2FsubCategoryId+eq+%2715122%27+AND+tags%2Fall%28t%3A+t+ne+%27SportcastBetBuilder%27%29&eventsQuery=%24filter%3Did+in+%28%2734465844%27%29&include=Events&entity=markets,data/market/raw/draftkings/2026-08-08/event_34465844/snapshot_draftkings_20260808_233252_subcategory_15122.json,2,success,
draftkings_20260808_233252,2026-08-08T23:32:52.670614+00:00,draftkings_public,DraftKings,34465844,15123,Decision Only,decision_only_moneyline,https://sportsbook-nash.draftkings.com/sites/US-KS-SB/api/sportscontent/controldata/league/eventSubcategory/v1/markets?isBatchable=false&templateVars=15123&marketsQuery=%24filter%3DeventId+eq+%2734465844%27+AND+clientMetadata%2FsubCategoryId+eq+%2715123%27+AND+tags%2Fall%28t%3A+t+ne+%27SportcastBetBuilder%27%29&eventsQuery=%24filter%3Did+in+%28%2734465844%27%29&include=Events&entity=markets,data/market/raw/draftkings/2026-08-08/event_34465844/snapshot_draftkings_20260808_233252_subcategory_15123.json,2,success,
draftkings_20260808_233252,2026-08-08T23:32:52.670614+00:00,draftkings_public,DraftKings,34465844,15124,Round 1 Only,round_1_only_moneyline,https://sportsbook-nash.draftkings.com/sites/US-KS-SB/api/sportscontent/controldata/league/eventSubcategory/v1/markets?isBatchable=false&templateVars=15124&marketsQuery=%24filter%3DeventId+eq+%2734465844%27+AND+clientMetadata%2FsubCategoryId+eq+%2715124%27+AND+tags%2Fall%28t%3A+t+ne+%27SportcastBetBuilder%27%29&eventsQuery=%24filter%3Did+in+%28%2734465844%27%29&include=Events&entity=markets,data/market/raw/draftkings/2026-08-08/event_34465844/snapshot_draftkings_20260808_233252_subcategory_15124.json,2,success,
draftkings_20260808_233252,2026-08-08T23:32:52.670614+00:00,draftkings_public,DraftKings,34465844,15125,Submission Only,submission_only_moneyline,https://sportsbook-nash.draftkings.com/sites/US-KS-SB/api/sportscontent/controldata/league/eventSubcategory/v1/markets?isBatchable=false&templateVars=15125&marketsQuery=%24filter%3DeventId+eq+%2734465844%27+AND+clientMetadata%2FsubCategoryId+eq+%2715125%27+AND+tags%2Fall%28t%3A+t+ne+%27SportcastBetBuilder%27%29&eventsQuery=%24filter%3Did+in+%28%2734465844%27%29&include=Events&entity=markets,data/market/raw/draftkings/2026-08-08/event_34465844/snapshot_draftkings_20260808_233252_subcategory_15125.json,2,success,
draftkings_20260808_233252,2026-08-08T23:32:52.670614+00:00,draftkings_public,DraftKings,34465844,15126,KO TKO DQ Only,ko_tko_only_moneyline,https://sportsbook-nash.draftkings.com/sites/US-KS-SB/api/sportscontent/controldata/league/eventSubcategory/v1/markets?isBatchable=false&templateVars=15126&marketsQuery=%24filter%3DeventId+eq+%2734465844%27+AND+clientMetadata%2FsubCategoryId+eq+%2715126%27+AND+tags%2Fall%28t%3A+t+ne+%27SportcastBetBuilder%27%29&eventsQuery=%24filter%3Did+in+%28%2734465844%27%29&include=Events&entity=markets,data/market/raw/draftkings/2026-08-08/event_34465844/snapshot_draftkings_20260808_233252_subcategory_15126.json,2,success,
draftkings_20260808_233252,2026-08-08T23:32:52.670614+00:00,draftkings_public,DraftKings,34465844,19390,Fighter Significant Strikes Total,fighter_sig_strikes_total,https://sportsbook-nash.draftkings.com/sites/US-KS-SB/api/sportscontent/controldata/league/eventSubcategory/v1/markets?isBatchable=false&templateVars=19390&marketsQuery=%24filter%3DeventId+eq+%2734465844%27+AND+clientMetadata%2FsubCategoryId+eq+%2719390%27+AND+tags%2Fall%28t%3A+t+ne+%27SportcastBetBuilder%27%29&eventsQuery=%24filter%3Did+in+%28%2734465844%27%29&include=Events&entity=markets,data/market/raw/draftkings/2026-08-08/event_34465844/snapshot_draftkings_20260808_233252_subcategory_19390.json,4,success,
draftkings_20260808_233252,2026-08-08T23:32:52.670614+00:00,draftkings_public,DraftKings,34465852,13025,Main Lines,main_lines,https://sportsbook-nash.draftkings.com/sites/US-KS-SB/api/sportscontent/controldata/league/eventSubcategory/v1/markets?isBatchable=false&templateVars=13025&marketsQuery=%24filter%3DeventId+eq+%2734465852%27+AND+clientMetadata%2FsubCategoryId+eq+%2713025%27+AND+tags%2Fall%28t%3A+t+ne+%27SportcastBetBuilder%27%29&eventsQuery=%24filter%3Did+in+%28%2734465852%27%29&include=Events&entity=markets,data/market/raw/draftkings/2026-08-08/event_34465852/snapshot_draftkings_20260808_233252_subcategory_13025.json,6,success,
draftkings_20260808_233252,2026-08-08T23:32:52.670614+00:00,draftkings_public,DraftKings,34465852,13179,Alternate Total Rounds,alternate_total_rounds,https://sportsbook-nash.draftkings.com/sites/US-KS-SB/api/sportscontent/controldata/league/eventSubcategory/v1/markets?isBatchable=false&templateVars=13179&marketsQuery=%24filter%3DeventId+eq+%2734465852%27+AND+clientMetadata%2FsubCategoryId+eq+%2713179%27+AND+tags%2Fall%28t%3A+t+ne+%27SportcastBetBuilder%27%29&eventsQuery=%24filter%3Did+in+%28%2734465852%27%29&include=Events&entity=markets,data/market/raw/draftkings/2026-08-08/event_34465852/snapshot_draftkings_20260808_233252_subcategory_13179.json,8,success,
draftkings_20260808_233252,2026-08-08T23:32:52.670614+00:00,draftkings_public,DraftKings,34465852,16272,Alternate Point Spread,alternate_point_spread,https://sportsbook-nash.draftkings.com/sites/US-KS-SB/api/sportscontent/controldata/league/eventSubcategory/v1/markets?isBatchable=false&templateVars=16272&marketsQuery=%24filter%3DeventId+eq+%2734465852%27+AND+clientMetadata%2FsubCategoryId+eq+%2716272%27+AND+tags%2Fall%28t%3A+t+ne+%27SportcastBetBuilder%27%29&eventsQuery=%24filter%3Did+in+%28%2734465852%27%29&include=Events&entity=markets,data/market/raw/draftkings/2026-08-08/event_34465852/snapshot_draftkings_20260808_233252_subcategory_16272.json,10,success,
draftkings_20260808_233252,2026-08-08T23:32:52.670614+00:00,draftkings_public,DraftKings,34465852,17644,Fight to Go the Distance,goes_distance,https://sportsbook-nash.draftkings.com/sites/US-KS-SB/api/sportscontent/controldata/league/eventSubcategory/v1/markets?isBatchable=false&templateVars=17644&marketsQuery=%24filter%3DeventId+eq+%2734465852%27+AND+clientMetadata%2FsubCategoryId+eq+%2717644%27+AND+tags%2Fall%28t%3A+t+ne+%27SportcastBetBuilder%27%29&eventsQuery=%24filter%3Did+in+%28%2734465852%27%29&include=Events&entity=markets,data/market/raw/draftkings/2026-08-08/event_34465852/snapshot_draftkings_20260808_233252_subcategory_17644.json,2,success,
draftkings_20260808_233252,2026-08-08T23:32:52.670614+00:00,draftkings_public,DraftKings,34465852,18911,Fighter Method Props,fighter_method_props,https://sportsbook-nash.draftkings.com/sites/US-KS-SB/api/sportscontent/controldata/league/eventSubcategory/v1/markets?isBatchable=false&templateVars=18911&marketsQuery=%24filter%3DeventId+eq+%2734465852%27+AND+clientMetadata%2FsubCategoryId+eq+%2718911%27+AND+tags%2Fall%28t%3A+t+ne+%27SportcastBetBuilder%27%29&eventsQuery=%24filter%3Did+in+%28%2734465852%27%29&include=Events&entity=markets,data/market/raw/draftkings/2026-08-08/event_34465852/snapshot_draftkings_20260808_233252_subcategory_18911.json,6,success,
draftkings_20260808_233252,2026-08-08T23:32:52.670614+00:00,draftkings_public,DraftKings,34465852,6437,Exact Method of Victory,exact_method,https://sportsbook-nash.draftkings.com/sites/US-KS-SB/api/sportscontent/controldata/league/eventSubcategory/v1/markets?isBatchable=false&templateVars=6437&marketsQuery=%24filter%3DeventId+eq+%2734465852%27+AND+clientMetadata%2FsubCategoryId+eq+%276437%27+AND+tags%2Fall%28t%3A+t+ne+%27SportcastBetBuilder%27%29&eventsQuery=%24filter%3Did+in+%28%2734465852%27%29&include=Events&entity=markets,data/market/raw/draftkings/2026-08-08/event_34465852/snapshot_draftkings_20260808_233252_subcategory_6437.json,4,success,
draftkings_20260808_233252,2026-08-08T23:32:52.670614+00:00,draftkings_public,DraftKings,34465852,5735,Round and Method,round_method,https://sportsbook-nash.draftkings.com/sites/US-KS-SB/api/sportscontent/controldata/league/eventSubcategory/v1/markets?isBatchable=false&templateVars=5735&marketsQuery=%24filter%3DeventId+eq+%2734465852%27+AND+clientMetadata%2FsubCategoryId+eq+%275735%27+AND+tags%2Fall%28t%3A+t+ne+%27SportcastBetBuilder%27%29&eventsQuery=%24filter%3Did+in+%28%2734465852%27%29&include=Events&entity=markets,data/market/raw/draftkings/2026-08-08/event_34465852/snapshot_draftkings_20260808_233252_subcategory_5735.json,21,success,
draftkings_20260808_233252,2026-08-08T23:32:52.670614+00:00,draftkings_public,DraftKings,34465852,15122,Finish Only,finish_only_moneyline,https://sportsbook-nash.draftkings.com/sites/US-KS-SB/api/sportscontent/controldata/league/eventSubcategory/v1/markets?isBatchable=false&templateVars=15122&marketsQuery=%24filter%3DeventId+eq+%2734465852%27+AND+clientMetadata%2FsubCategoryId+eq+%2715122%27+AND+tags%2Fall%28t%3A+t+ne+%27SportcastBetBuilder%27%29&eventsQuery=%24filter%3Did+in+%28%2734465852%27%29&include=Events&entity=markets,data/market/raw/draftkings/2026-08-08/event_34465852/snapshot_draftkings_20260808_233252_subcategory_15122.json,2,success,
draftkings_20260808_233252,2026-08-08T23:32:52.670614+00:00,draftkings_public,DraftKings,34465852,15123,Decision Only,decision_only_moneyline,https://sportsbook-nash.draftkings.com/sites/US-KS-SB/api/sportscontent/controldata/league/eventSubcategory/v1/markets?isBatchable=false&templateVars=15123&marketsQuery=%24filter%3DeventId+eq+%2734465852%27+AND+clientMetadata%2FsubCategoryId+eq+%2715123%27+AND+tags%2Fall%28t%3A+t+ne+%27SportcastBetBuilder%27%29&eventsQuery=%24filter%3Did+in+%28%2734465852%27%29&include=Events&entity=markets,data/market/raw/draftkings/2026-08-08/event_34465852/snapshot_draftkings_20260808_233252_subcategory_15123.json,2,success,
draftkings_20260808_233252,2026-08-08T23:32:52.670614+00:00,draftkings_public,DraftKings,34465852,15124,Round 1 Only,round_1_only_moneyline,https://sportsbook-nash.draftkings.com/sites/US-KS-SB/api/sportscontent/controldata/league/eventSubcategory/v1/markets?isBatchable=false&templateVars=15124&marketsQuery=%24filter%3DeventId+eq+%2734465852%27+AND+clientMetadata%2FsubCategoryId+eq+%2715124%27+AND+tags%2Fall%28t%3A+t+ne+%27SportcastBetBuilder%27%29&eventsQuery=%24filter%3Did+in+%28%2734465852%27%29&include=Events&entity=markets,data/market/raw/draftkings/2026-08-08/event_34465852/snapshot_draftkings_20260808_233252_subcategory_15124.json,2,success,
draftkings_20260808_233252,2026-08-08T23:32:52.670614+00:00,draftkings_public,DraftKings,34465852,15125,Submission Only,submission_only_moneyline,https://sportsbook-nash.draftkings.com/sites/US-KS-SB/api/sportscontent/controldata/league/eventSubcategory/v1/markets?isBatchable=false&templateVars=15125&marketsQuery=%24filter%3DeventId+eq+%2734465852%27+AND+clientMetadata%2FsubCategoryId+eq+%2715125%27+AND+tags%2Fall%28t%3A+t+ne+%27SportcastBetBuilder%27%29&eventsQuery=%24filter%3Did+in+%28%2734465852%27%29&include=Events&entity=markets,data/market/raw/draftkings/2026-08-08/event_34465852/snapshot_draftkings_20260808_233252_subcategory_15125.json,2,success,
draftkings_20260808_233252,2026-08-08T23:32:52.670614+00:00,draftkings_public,DraftKings,34465852,15126,KO TKO DQ Only,ko_tko_only_moneyline,https://sportsbook-nash.draftkings.com/sites/US-KS-SB/api/sportscontent/controldata/league/eventSubcategory/v1/markets?isBatchable=false&templateVars=15126&marketsQuery=%24filter%3DeventId+eq+%2734465852%27+AND+clientMetadata%2FsubCategoryId+eq+%2715126%27+AND+tags%2Fall%28t%3A+t+ne+%27SportcastBetBuilder%27%29&eventsQuery=%24filter%3Did+in+%28%2734465852%27%29&include=Events&entity=markets,data/market/raw/draftkings/2026-08-08/event_34465852/snapshot_draftkings_20260808_233252_subcategory_15126.json,2,success,
draftkings_20260808_233252,2026-08-08T23:32:52.670614+00:00,draftkings_public,DraftKings,34465852,19390,Fighter Significant Strikes Total,fighter_sig_strikes_total,https://sportsbook-nash.draftkings.com/sites/US-KS-SB/api/sportscontent/controldata/league/eventSubcategory/v1/markets?isBatchable=false&templateVars=19390&marketsQuery=%24filter%3DeventId+eq+%2734465852%27+AND+clientMetadata%2FsubCategoryId+eq+%2719390%27+AND+tags%2Fall%28t%3A+t+ne+%27SportcastBetBuilder%27%29&eventsQuery=%24filter%3Did+in+%28%2734465852%27%29&include=Events&entity=markets,data/market/raw/draftkings/2026-08-08/event_34465852/snapshot_draftkings_20260808_233252_subcategory_19390.json,4,success,
draftkings_20260812_082115,2026-08-12T08:21:15.097511+00:00,draftkings_public,DraftKings,34481686,13025,Main Lines,main_lines,https://sportsbook-nash.draftkings.com/sites/US-KS-SB/api/sportscontent/controldata/league/eventSubcategory/v1/markets?isBatchable=false&templateVars=13025&marketsQuery=%24filter%3DeventId+eq+%2734481686%27+AND+clientMetadata%2FsubCategoryId+eq+%2713025%27+AND+tags%2Fall%28t%3A+t+ne+%27SportcastBetBuilder%27%29&eventsQuery=%24filter%3Did+in+%28%2734481686%27%29&include=Events&entity=markets,data/market/raw/draftkings/2026-08-12/event_34481686/snapshot_draftkings_20260812_082115_subcategory_13025.json,6,success,
draftkings_20260812_082115,2026-08-12T08:21:15.097511+00:00,draftkings_public,DraftKings,34481686,13179,Alternate Total Rounds,alternate_total_rounds,https://sportsbook-nash.draftkings.com/sites/US-KS-SB/api/sportscontent/controldata/league/eventSubcategory/v1/markets?isBatchable=false&templateVars=13179&marketsQuery=%24filter%3DeventId+eq+%2734481686%27+AND+clientMetadata%2FsubCategoryId+eq+%2713179%27+AND+tags%2Fall%28t%3A+t+ne+%27SportcastBetBuilder%27%29&eventsQuery=%24filter%3Did+in+%28%2734481686%27%29&include=Events&entity=markets,data/market/raw/draftkings/2026-08-12/event_34481686/snapshot_draftkings_20260812_082115_subcategory_13179.json,4,success,
draftkings_20260812_082115,2026-08-12T08:21:15.097511+00:00,draftkings_public,DraftKings,34481686,16272,Alternate Point Spread,alternate_point_spread,https://sportsbook-nash.draftkings.com/sites/US-KS-SB/api/sportscontent/controldata/league/eventSubcategory/v1/markets?isBatchable=false&templateVars=16272&marketsQuery=%24filter%3DeventId+eq+%2734481686%27+AND+clientMetadata%2FsubCategoryId+eq+%2716272%27+AND+tags%2Fall%28t%3A+t+ne+%27SportcastBetBuilder%27%29&eventsQuery=%24filter%3Did+in+%28%2734481686%27%29&include=Events&entity=markets,data/market/raw/draftkings/2026-08-12/event_34481686/snapshot_draftkings_20260812_082115_subcategory_16272.json,10,success,
draftkings_20260812_082115,2026-08-12T08:21:15.097511+00:00,draftkings_public,DraftKings,34481686,17644,Fight to Go the Distance,goes_distance,https://sportsbook-nash.draftkings.com/sites/US-KS-SB/api/sportscontent/controldata/league/eventSubcategory/v1/markets?isBatchable=false&templateVars=17644&marketsQuery=%24filter%3DeventId+eq+%2734481686%27+AND+clientMetadata%2FsubCategoryId+eq+%2717644%27+AND+tags%2Fall%28t%3A+t+ne+%27SportcastBetBuilder%27%29&eventsQuery=%24filter%3Did+in+%28%2734481686%27%29&include=Events&entity=markets,data/market/raw/draftkings/2026-08-12/event_34481686/snapshot_draftkings_20260812_082115_subcategory_17644.json,2,success,
draftkings_20260812_082115,2026-08-12T08:21:15.097511+00:00,draftkings_public,DraftKings,34481686,18911,Fighter Method Props,fighter_method_props,https://sportsbook-nash.draftkings.com/sites/US-KS-SB/api/sportscontent/controldata/league/eventSubcategory/v1/markets?isBatchable=false&templateVars=18911&marketsQuery=%24filter%3DeventId+eq+%2734481686%27+AND+clientMetadata%2FsubCategoryId+eq+%2718911%27+AND+tags%2Fall%28t%3A+t+ne+%27SportcastBetBuilder%27%29&eventsQuery=%24filter%3Did+in+%28%2734481686%27%29&include=Events&entity=markets,data/market/raw/draftkings/2026-08-12/event_34481686/snapshot_draftkings_20260812_082115_subcategory_18911.json,6,success,
draftkings_20260812_082115,2026-08-12T08:21:15.097511+00:00,draftkings_public,DraftKings,34481686,6437,Exact Method of Victory,exact_method,https://sportsbook-nash.draftkings.com/sites/US-KS-SB/api/sportscontent/controldata/league/eventSubcategory/v1/markets?isBatchable=false&templateVars=6437&marketsQuery=%24filter%3DeventId+eq+%2734481686%27+AND+clientMetadata%2FsubCategoryId+eq+%276437%27+AND+tags%2Fall%28t%3A+t+ne+%27SportcastBetBuilder%27%29&eventsQuery=%24filter%3Did+in+%28%2734481686%27%29&include=Events&entity=markets,data/market/raw/draftkings/2026-08-12/event_34481686/snapshot_draftkings_20260812_082115_subcategory_6437.json,4,success,
draftkings_20260812_082115,2026-08-12T08:21:15.097511+00:00,draftkings_public,DraftKings,34481686,5735,Round and Method,round_method,https://sportsbook-nash.draftkings.com/sites/US-KS-SB/api/sportscontent/controldata/league/eventSubcategory/v1/markets?isBatchable=false&templateVars=5735&marketsQuery=%24filter%3DeventId+eq+%2734481686%27+AND+clientMetadata%2FsubCategoryId+eq+%275735%27+AND+tags%2Fall%28t%3A+t+ne+%27SportcastBetBuilder%27%29&eventsQuery=%24filter%3Did+in+%28%2734481686%27%29&include=Events&entity=markets,data/market/raw/draftkings/2026-08-12/event_34481686/snapshot_draftkings_20260812_082115_subcategory_5735.json,13,success,
draftkings_20260812_082115,2026-08-12T08:21:15.097511+00:00,draftkings_public,DraftKings,34481686,15122,Finish Only,finish_only_moneyline,https://sportsbook-nash.draftkings.com/sites/US-KS-SB/api/sportscontent/controldata/league/eventSubcategory/v1/markets?isBatchable=false&templateVars=15122&marketsQuery=%24filter%3DeventId+eq+%2734481686%27+AND+clientMetadata%2FsubCategoryId+eq+%2715122%27+AND+tags%2Fall%28t%3A+t+ne+%27SportcastBetBuilder%27%29&eventsQuery=%24filter%3Did+in+%28%2734481686%27%29&include=Events&entity=markets,data/market/raw/draftkings/2026-08-12/event_34481686/snapshot_draftkings_20260812_082115_subcategory_15122.json,2,success,
draftkings_20260812_082115,2026-08-12T08:21:15.097511+00:00,draftkings_public,DraftKings,34481686,15123,Decision Only,decision_only_moneyline,https://sportsbook-nash.draftkings.com/sites/US-KS-SB/api/sportscontent/controldata/league/eventSubcategory/v1/markets?isBatchable=false&templateVars=15123&marketsQuery=%24filter%3DeventId+eq+%2734481686%27+AND+clientMetadata%2FsubCategoryId+eq+%2715123%27+AND+tags%2Fall%28t%3A+t+ne+%27SportcastBetBuilder%27%29&eventsQuery=%24filter%3Did+in+%28%2734481686%27%29&include=Events&entity=markets,data/market/raw/draftkings/2026-08-12/event_34481686/snapshot_draftkings_20260812_082115_subcategory_15123.json,2,success,
draftkings_20260812_082115,2026-08-12T08:21:15.097511+00:00,draftkings_public,DraftKings,34481686,15124,Round 1 Only,round_1_only_moneyline,https://sportsbook-nash.draftkings.com/sites/US-KS-SB/api/sportscontent/controldata/league/eventSubcategory/v1/markets?isBatchable=false&templateVars=15124&marketsQuery=%24filter%3DeventId+eq+%2734481686%27+AND+clientMetadata%2FsubCategoryId+eq+%2715124%27+AND+tags%2Fall%28t%3A+t+ne+%27SportcastBetBuilder%27%29&eventsQuery=%24filter%3Did+in+%28%2734481686%27%29&include=Events&entity=markets,data/market/raw/draftkings/2026-08-12/event_34481686/snapshot_draftkings_20260812_082115_subcategory_15124.json,2,success,
draftkings_20260812_082115,2026-08-12T08:21:15.097511+00:00,draftkings_public,DraftKings,34481686,15125,Submission Only,submission_only_moneyline,https://sportsbook-nash.draftkings.com/sites/US-KS-SB/api/sportscontent/controldata/league/eventSubcategory/v1/markets?isBatchable=false&templateVars=15125&marketsQuery=%24filter%3DeventId+eq+%2734481686%27+AND+clientMetadata%2FsubCategoryId+eq+%2715125%27+AND+tags%2Fall%28t%3A+t+ne+%27SportcastBetBuilder%27%29&eventsQuery=%24filter%3Did+in+%28%2734481686%27%29&include=Events&entity=markets,data/market/raw/draftkings/2026-08-12/event_34481686/snapshot_draftkings_20260812_082115_subcategory_15125.json,2,success,
draftkings_20260812_082115,2026-08-12T08:21:15.097511+00:00,draftkings_public,DraftKings,34481686,15126,KO TKO DQ Only,ko_tko_only_moneyline,https://sportsbook-nash.draftkings.com/sites/US-KS-SB/api/sportscontent/controldata/league/eventSubcategory/v1/markets?isBatchable=false&templateVars=15126&marketsQuery=%24filter%3DeventId+eq+%2734481686%27+AND+clientMetadata%2FsubCategoryId+eq+%2715126%27+AND+tags%2Fall%28t%3A+t+ne+%27SportcastBetBuilder%27%29&eventsQuery=%24filter%3Did+in+%28%2734481686%27%29&include=Events&entity=markets,data/market/raw/draftkings/2026-08-12/event_34481686/snapshot_draftkings_20260812_082115_subcategory_15126.json,2,success,
draftkings_20260812_082115,2026-08-12T08:21:15.097511+00:00,draftkings_public,DraftKings,34481686,19390,Fighter Significant Strikes Total,fighter_sig_strikes_total,https://sportsbook-nash.draftkings.com/sites/US-KS-SB/api/sportscontent/controldata/league/eventSubcategory/v1/markets?isBatchable=false&templateVars=19390&marketsQuery=%24filter%3DeventId+eq+%2734481686%27+AND+clientMetadata%2FsubCategoryId+eq+%2719390%27+AND+tags%2Fall%28t%3A+t+ne+%27SportcastBetBuilder%27%29&eventsQuery=%24filter%3Did+in+%28%2734481686%27%29&include=Events&entity=markets,data/market/raw/draftkings/2026-08-12/event_34481686/snapshot_draftkings_20260812_082115_subcategory_19390.json,0,success,
draftkings_20260814_203452,2026-08-14T20:34:52.587243+00:00,draftkings_public,DraftKings,34481683,13025,Main Lines,main_lines,https://sportsbook-nash.draftkings.com/sites/US-KS-SB/api/sportscontent/controldata/league/eventSubcategory/v1/markets?isBatchable=false&templateVars=13025&marketsQuery=%24filter%3DeventId+eq+%2734481683%27+AND+clientMetadata%2FsubCategoryId+eq+%2713025%27+AND+tags%2Fall%28t%3A+t+ne+%27SportcastBetBuilder%27%29&eventsQuery=%24filter%3Did+in+%28%2734481683%27%29&include=Events&entity=markets,data/market/raw/draftkings/2026-08-14/event_34481683/snapshot_draftkings_20260814_203452_subcategory_13025.json,6,success,
draftkings_20260814_203452,2026-08-14T20:34:52.587243+00:00,draftkings_public,DraftKings,34481683,13179,Alternate Total Rounds,alternate_total_rounds,https://sportsbook-nash.draftkings.com/sites/US-KS-SB/api/sportscontent/controldata/league/eventSubcategory/v1/markets?isBatchable=false&templateVars=13179&marketsQuery=%24filter%3DeventId+eq+%2734481683%27+AND+clientMetadata%2FsubCategoryId+eq+%2713179%27+AND+tags%2Fall%28t%3A+t+ne+%27SportcastBetBuilder%27%29&eventsQuery=%24filter%3Did+in+%28%2734481683%27%29&include=Events&entity=markets,data/market/raw/draftkings/2026-08-14/event_34481683/snapshot_draftkings_20260814_203452_subcategory_13179.json,4,success,
draftkings_20260814_203452,2026-08-14T20:34:52.587243+00:00,draftkings_public,DraftKings,34481683,16272,Alternate Point Spread,alternate_point_spread,https://sportsbook-nash.draftkings.com/sites/US-KS-SB/api/sportscontent/controldata/league/eventSubcategory/v1/markets?isBatchable=false&templateVars=16272&marketsQuery=%24filter%3DeventId+eq+%2734481683%27+AND+clientMetadata%2FsubCategoryId+eq+%2716272%27+AND+tags%2Fall%28t%3A+t+ne+%27SportcastBetBuilder%27%29&eventsQuery=%24filter%3Did+in+%28%2734481683%27%29&include=Events&entity=markets,data/market/raw/draftkings/2026-08-14/event_34481683/snapshot_draftkings_20260814_203452_subcategory_16272.json,10,success,
draftkings_20260814_203452,2026-08-14T20:34:52.587243+00:00,draftkings_public,DraftKings,34481683,17644,Fight to Go the Distance,goes_distance,https://sportsbook-nash.draftkings.com/sites/US-KS-SB/api/sportscontent/controldata/league/eventSubcategory/v1/markets?isBatchable=false&templateVars=17644&marketsQuery=%24filter%3DeventId+eq+%2734481683%27+AND+clientMetadata%2FsubCategoryId+eq+%2717644%27+AND+tags%2Fall%28t%3A+t+ne+%27SportcastBetBuilder%27%29&eventsQuery=%24filter%3Did+in+%28%2734481683%27%29&include=Events&entity=markets,data/market/raw/draftkings/2026-08-14/event_34481683/snapshot_draftkings_20260814_203452_subcategory_17644.json,2,success,
draftkings_20260814_203452,2026-08-14T20:34:52.587243+00:00,draftkings_public,DraftKings,34481683,18911,Fighter Method Props,fighter_method_props,https://sportsbook-nash.draftkings.com/sites/US-KS-SB/api/sportscontent/controldata/league/eventSubcategory/v1/markets?isBatchable=false&templateVars=18911&marketsQuery=%24filter%3DeventId+eq+%2734481683%27+AND+clientMetadata%2FsubCategoryId+eq+%2718911%27+AND+tags%2Fall%28t%3A+t+ne+%27SportcastBetBuilder%27%29&eventsQuery=%24filter%3Did+in+%28%2734481683%27%29&include=Events&entity=markets,data/market/raw/draftkings/2026-08-14/event_34481683/snapshot_draftkings_20260814_203452_subcategory_18911.json,6,success,
draftkings_20260814_203452,2026-08-14T20:34:52.587243+00:00,draftkings_public,DraftKings,34481683,6437,Exact Method of Victory,exact_method,https://sportsbook-nash.draftkings.com/sites/US-KS-SB/api/sportscontent/controldata/league/eventSubcategory/v1/markets?isBatchable=false&templateVars=6437&marketsQuery=%24filter%3DeventId+eq+%2734481683%27+AND+clientMetadata%2FsubCategoryId+eq+%276437%27+AND+tags%2Fall%28t%3A+t+ne+%27SportcastBetBuilder%27%29&eventsQuery=%24filter%3Did+in+%28%2734481683%27%29&include=Events&entity=markets,data/market/raw/draftkings/2026-08-14/event_34481683/snapshot_draftkings_20260814_203452_subcategory_6437.json,4,success,
draftkings_20260814_203452,2026-08-14T20:34:52.587243+00:00,draftkings_public,DraftKings,34481683,5735,Round and Method,round_method,https://sportsbook-nash.draftkings.com/sites/US-KS-SB/api/sportscontent/controldata/league/eventSubcategory/v1/markets?isBatchable=false&templateVars=5735&marketsQuery=%24filter%3DeventId+eq+%2734481683%27+AND+clientMetadata%2FsubCategoryId+eq+%275735%27+AND+tags%2Fall%28t%3A+t+ne+%27SportcastBetBuilder%27%29&eventsQuery=%24filter%3Did+in+%28%2734481683%27%29&include=Events&entity=markets,data/market/raw/draftkings/2026-08-14/event_34481683/snapshot_draftkings_20260814_203452_subcategory_5735.json,13,success,
draftkings_20260814_203452,2026-08-14T20:34:52.587243+00:00,draftkings_public,DraftKings,34481683,15122,Finish Only,finish_only_moneyline,https://sportsbook-nash.draftkings.com/sites/US-KS-SB/api/sportscontent/controldata/league/eventSubcategory/v1/markets?isBatchable=false&templateVars=15122&marketsQuery=%24filter%3DeventId+eq+%2734481683%27+AND+clientMetadata%2FsubCategoryId+eq+%2715122%27+AND+tags%2Fall%28t%3A+t+ne+%27SportcastBetBuilder%27%29&eventsQuery=%24filter%3Did+in+%28%2734481683%27%29&include=Events&entity=markets,data/market/raw/draftkings/2026-08-14/event_34481683/snapshot_draftkings_20260814_203452_subcategory_15122.json,2,success,
draftkings_20260814_203452,2026-08-14T20:34:52.587243+00:00,draftkings_public,DraftKings,34481683,15123,Decision Only,decision_only_moneyline,https://sportsbook-nash.draftkings.com/sites/US-KS-SB/api/sportscontent/controldata/league/eventSubcategory/v1/markets?isBatchable=false&templateVars=15123&marketsQuery=%24filter%3DeventId+eq+%2734481683%27+AND+clientMetadata%2FsubCategoryId+eq+%2715123%27+AND+tags%2Fall%28t%3A+t+ne+%27SportcastBetBuilder%27%29&eventsQuery=%24filter%3Did+in+%28%2734481683%27%29&include=Events&entity=markets,data/market/raw/draftkings/2026-08-14/event_34481683/snapshot_draftkings_20260814_203452_subcategory_15123.json,2,success,
draftkings_20260814_203452,2026-08-14T20:34:52.587243+00:00,draftkings_public,DraftKings,34481683,15124,Round 1 Only,round_1_only_moneyline,https://sportsbook-nash.draftkings.com/sites/US-KS-SB/api/sportscontent/controldata/league/eventSubcategory/v1/markets?isBatchable=false&templateVars=15124&marketsQuery=%24filter%3DeventId+eq+%2734481683%27+AND+clientMetadata%2FsubCategoryId+eq+%2715124%27+AND+tags%2Fall%28t%3A+t+ne+%27SportcastBetBuilder%27%29&eventsQuery=%24filter%3Did+in+%28%2734481683%27%29&include=Events&entity=markets,data/market/raw/draftkings/2026-08-14/event_34481683/snapshot_draftkings_20260814_203452_subcategory_15124.json,2,success,
draftkings_20260814_203452,2026-08-14T20:34:52.587243+00:00,draftkings_public,DraftKings,34481683,15125,Submission Only,submission_only_moneyline,https://sportsbook-nash.draftkings.com/sites/US-KS-SB/api/sportscontent/controldata/league/eventSubcategory/v1/markets?isBatchable=false&templateVars=15125&marketsQuery=%24filter%3DeventId+eq+%2734481683%27+AND+clientMetadata%2FsubCategoryId+eq+%2715125%27+AND+tags%2Fall%28t%3A+t+ne+%27SportcastBetBuilder%27%29&eventsQuery=%24filter%3Did+in+%28%2734481683%27%29&include=Events&entity=markets,data/market/raw/draftkings/2026-08-14/event_34481683/snapshot_draftkings_20260814_203452_subcategory_15125.json,2,success,
draftkings_20260814_203452,2026-08-14T20:34:52.587243+00:00,draftkings_public,DraftKings,34481683,15126,KO TKO DQ Only,ko_tko_only_moneyline,https://sportsbook-nash.draftkings.com/sites/US-KS-SB/api/sportscontent/controldata/league/eventSubcategory/v1/markets?isBatchable=false&templateVars=15126&marketsQuery=%24filter%3DeventId+eq+%2734481683%27+AND+clientMetadata%2FsubCategoryId+eq+%2715126%27+AND+tags%2Fall%28t%3A+t+ne+%27SportcastBetBuilder%27%29&eventsQuery=%24filter%3Did+in+%28%2734481683%27%29&include=Events&entity=markets,data/market/raw/draftkings/2026-08-14/event_34481683/snapshot_draftkings_20260814_203452_subcategory_15126.json,2,success,
draftkings_20260814_203452,2026-08-14T20:34:52.587243+00:00,draftkings_public,DraftKings,34481683,19390,Fighter Significant Strikes Total,fighter_sig_strikes_total,https://sportsbook-nash.draftkings.com/sites/US-KS-SB/api/sportscontent/controldata/league/eventSubcategory/v1/markets?isBatchable=false&templateVars=19390&marketsQuery=%24filter%3DeventId+eq+%2734481683%27+AND+clientMetadata%2FsubCategoryId+eq+%2719390%27+AND+tags%2Fall%28t%3A+t+ne+%27SportcastBetBuilder%27%29&eventsQuery=%24filter%3Did+in+%28%2734481683%27%29&include=Events&entity=markets,data/market/raw/draftkings/2026-08-14/event_34481683/snapshot_draftkings_20260814_203452_subcategory_19390.json,4,success,
draftkings_20260814_203452,2026-08-14T20:34:52.587243+00:00,draftkings_public,DraftKings,34481684,13025,Main Lines,main_lines,https://sportsbook-nash.draftkings.com/sites/US-KS-SB/api/sportscontent/controldata/league/eventSubcategory/v1/markets?isBatchable=false&templateVars=13025&marketsQuery=%24filter%3DeventId+eq+%2734481684%27+AND+clientMetadata%2FsubCategoryId+eq+%2713025%27+AND+tags%2Fall%28t%3A+t+ne+%27SportcastBetBuilder%27%29&eventsQuery=%24filter%3Did+in+%28%2734481684%27%29&include=Events&entity=markets,data/market/raw/draftkings/2026-08-14/event_34481684/snapshot_draftkings_20260814_203452_subcategory_13025.json,6,success,
draftkings_20260814_203452,2026-08-14T20:34:52.587243+00:00,draftkings_public,DraftKings,34481684,13179,Alternate Total Rounds,alternate_total_rounds,https://sportsbook-nash.draftkings.com/sites/US-KS-SB/api/sportscontent/controldata/league/eventSubcategory/v1/markets?isBatchable=false&templateVars=13179&marketsQuery=%24filter%3DeventId+eq+%2734481684%27+AND+clientMetadata%2FsubCategoryId+eq+%2713179%27+AND+tags%2Fall%28t%3A+t+ne+%27SportcastBetBuilder%27%29&eventsQuery=%24filter%3Did+in+%28%2734481684%27%29&include=Events&entity=markets,data/market/raw/draftkings/2026-08-14/event_34481684/snapshot_draftkings_20260814_203452_subcategory_13179.json,4,success,
draftkings_20260814_203452,2026-08-14T20:34:52.587243+00:00,draftkings_public,DraftKings,34481684,16272,Alternate Point Spread,alternate_point_spread,https://sportsbook-nash.draftkings.com/sites/US-KS-SB/api/sportscontent/controldata/league/eventSubcategory/v1/markets?isBatchable=false&templateVars=16272&marketsQuery=%24filter%3DeventId+eq+%2734481684%27+AND+clientMetadata%2FsubCategoryId+eq+%2716272%27+AND+tags%2Fall%28t%3A+t+ne+%27SportcastBetBuilder%27%29&eventsQuery=%24filter%3Did+in+%28%2734481684%27%29&include=Events&entity=markets,data/market/raw/draftkings/2026-08-14/event_34481684/snapshot_draftkings_20260814_203452_subcategory_16272.json,10,success,
draftkings_20260814_203452,2026-08-14T20:34:52.587243+00:00,draftkings_public,DraftKings,34481684,17644,Fight to Go the Distance,goes_distance,https://sportsbook-nash.draftkings.com/sites/US-KS-SB/api/sportscontent/controldata/league/eventSubcategory/v1/markets?isBatchable=false&templateVars=17644&marketsQuery=%24filter%3DeventId+eq+%2734481684%27+AND+clientMetadata%2FsubCategoryId+eq+%2717644%27+AND+tags%2Fall%28t%3A+t+ne+%27SportcastBetBuilder%27%29&eventsQuery=%24filter%3Did+in+%28%2734481684%27%29&include=Events&entity=markets,data/market/raw/draftkings/2026-08-14/event_34481684/snapshot_draftkings_20260814_203452_subcategory_17644.json,2,success,
draftkings_20260814_203452,2026-08-14T20:34:52.587243+00:00,draftkings_public,DraftKings,34481684,18911,Fighter Method Props,fighter_method_props,https://sportsbook-nash.draftkings.com/sites/US-KS-SB/api/sportscontent/controldata/league/eventSubcategory/v1/markets?isBatchable=false&templateVars=18911&marketsQuery=%24filter%3DeventId+eq+%2734481684%27+AND+clientMetadata%2FsubCategoryId+eq+%2718911%27+AND+tags%2Fall%28t%3A+t+ne+%27SportcastBetBuilder%27%29&eventsQuery=%24filter%3Did+in+%28%2734481684%27%29&include=Events&entity=markets,data/market/raw/draftkings/2026-08-14/event_34481684/snapshot_draftkings_20260814_203452_subcategory_18911.json,6,success,
draftkings_20260814_203452,2026-08-14T20:34:52.587243+00:00,draftkings_public,DraftKings,34481684,6437,Exact Method of Victory,exact_method,https://sportsbook-nash.draftkings.com/sites/US-KS-SB/api/sportscontent/controldata/league/eventSubcategory/v1/markets?isBatchable=false&templateVars=6437&marketsQuery=%24filter%3DeventId+eq+%2734481684%27+AND+clientMetadata%2FsubCategoryId+eq+%276437%27+AND+tags%2Fall%28t%3A+t+ne+%27SportcastBetBuilder%27%29&eventsQuery=%24filter%3Did+in+%28%2734481684%27%29&include=Events&entity=markets,data/market/raw/draftkings/2026-08-14/event_34481684/snapshot_draftkings_20260814_203452_subcategory_6437.json,4,success,
draftkings_20260814_203452,2026-08-14T20:34:52.587243+00:00,draftkings_public,DraftKings,34481684,5735,Round and Method,round_method,https://sportsbook-nash.draftkings.com/sites/US-KS-SB/api/sportscontent/controldata/league/eventSubcategory/v1/markets?isBatchable=false&templateVars=5735&marketsQuery=%24filter%3DeventId+eq+%2734481684%27+AND+clientMetadata%2FsubCategoryId+eq+%275735%27+AND+tags%2Fall%28t%3A+t+ne+%27SportcastBetBuilder%27%29&eventsQuery=%24filter%3Did+in+%28%2734481684%27%29&include=Events&entity=markets,data/market/raw/draftkings/2026-08-14/event_34481684/snapshot_draftkings_20260814_203452_subcategory_5735.json,13,success,
draftkings_20260814_203452,2026-08-14T20:34:52.587243+00:00,draftkings_public,DraftKings,34481684,15122,Finish Only,finish_only_moneyline,https://sportsbook-nash.draftkings.com/sites/US-KS-SB/api/sportscontent/controldata/league/eventSubcategory/v1/markets?isBatchable=false&templateVars=15122&marketsQuery=%24filter%3DeventId+eq+%2734481684%27+AND+clientMetadata%2FsubCategoryId+eq+%2715122%27+AND+tags%2Fall%28t%3A+t+ne+%27SportcastBetBuilder%27%29&eventsQuery=%24filter%3Did+in+%28%2734481684%27%29&include=Events&entity=markets,data/market/raw/draftkings/2026-08-14/event_34481684/snapshot_draftkings_20260814_203452_subcategory_15122.json,2,success,
draftkings_20260814_203452,2026-08-14T20:34:52.587243+00:00,draftkings_public,DraftKings,34481684,15123,Decision Only,decision_only_moneyline,https://sportsbook-nash.draftkings.com/sites/US-KS-SB/api/sportscontent/controldata/league/eventSubcategory/v1/markets?isBatchable=false&templateVars=15123&marketsQuery=%24filter%3DeventId+eq+%2734481684%27+AND+clientMetadata%2FsubCategoryId+eq+%2715123%27+AND+tags%2Fall%28t%3A+t+ne+%27SportcastBetBuilder%27%29&eventsQuery=%24filter%3Did+in+%28%2734481684%27%29&include=Events&entity=markets,data/market/raw/draftkings/2026-08-14/event_34481684/snapshot_draftkings_20260814_203452_subcategory_15123.json,2,success,
draftkings_20260814_203452,2026-08-14T20:34:52.587243+00:00,draftkings_public,DraftKings,34481684,15124,Round 1 Only,round_1_only_moneyline,https://sportsbook-nash.draftkings.com/sites/US-KS-SB/api/sportscontent/controldata/league/eventSubcategory/v1/markets?isBatchable=false&templateVars=15124&marketsQuery=%24filter%3DeventId+eq+%2734481684%27+AND+clientMetadata%2FsubCategoryId+eq+%2715124%27+AND+tags%2Fall%28t%3A+t+ne+%27SportcastBetBuilder%27%29&eventsQuery=%24filter%3Did+in+%28%2734481684%27%29&include=Events&entity=markets,data/market/raw/draftkings/2026-08-14/event_34481684/snapshot_draftkings_20260814_203452_subcategory_15124.json,2,success,
draftkings_20260814_203452,2026-08-14T20:34:52.587243+00:00,draftkings_public,DraftKings,34481684,15125,Submission Only,submission_only_moneyline,https://sportsbook-nash.draftkings.com/sites/US-KS-SB/api/sportscontent/controldata/league/eventSubcategory/v1/markets?isBatchable=false&templateVars=15125&marketsQuery=%24filter%3DeventId+eq+%2734481684%27+AND+clientMetadata%2FsubCategoryId+eq+%2715125%27+AND+tags%2Fall%28t%3A+t+ne+%27SportcastBetBuilder%27%29&eventsQuery=%24filter%3Did+in+%28%2734481684%27%29&include=Events&entity=markets,data/market/raw/draftkings/2026-08-14/event_34481684/snapshot_draftkings_20260814_203452_subcategory_15125.json,2,success,
draftkings_20260814_203452,2026-08-14T20:34:52.587243+00:00,draftkings_public,DraftKings,34481684,15126,KO TKO DQ Only,ko_tko_only_moneyline,https://sportsbook-nash.draftkings.com/sites/US-KS-SB/api/sportscontent/controldata/league/eventSubcategory/v1/markets?isBatchable=false&templateVars=15126&marketsQuery=%24filter%3DeventId+eq+%2734481684%27+AND+clientMetadata%2FsubCategoryId+eq+%2715126%27+AND+tags%2Fall%28t%3A+t+ne+%27SportcastBetBuilder%27%29&eventsQuery=%24filter%3Did+in+%28%2734481684%27%29&include=Events&entity=markets,data/market/raw/draftkings/2026-08-14/event_34481684/snapshot_draftkings_20260814_203452_subcategory_15126.json,2,success,
draftkings_20260814_203452,2026-08-14T20:34:52.587243+00:00,draftkings_public,DraftKings,34481684,19390,Fighter Significant Strikes Total,fighter_sig_strikes_total,https://sportsbook-nash.draftkings.com/sites/US-KS-SB/api/sportscontent/controldata/league/eventSubcategory/v1/markets?isBatchable=false&templateVars=19390&marketsQuery=%24filter%3DeventId+eq+%2734481684%27+AND+clientMetadata%2FsubCategoryId+eq+%2719390%27+AND+tags%2Fall%28t%3A+t+ne+%27SportcastBetBuilder%27%29&eventsQuery=%24filter%3Did+in+%28%2734481684%27%29&include=Events&entity=markets,data/market/raw/draftkings/2026-08-14/event_34481684/snapshot_draftkings_20260814_203452_subcategory_19390.json,4,success,
draftkings_20260814_203452,2026-08-14T20:34:52.587243+00:00,draftkings_public,DraftKings,34481697,13025,Main Lines,main_lines,https://sportsbook-nash.draftkings.com/sites/US-KS-SB/api/sportscontent/controldata/league/eventSubcategory/v1/markets?isBatchable=false&templateVars=13025&marketsQuery=%24filter%3DeventId+eq+%2734481697%27+AND+clientMetadata%2FsubCategoryId+eq+%2713025%27+AND+tags%2Fall%28t%3A+t+ne+%27SportcastBetBuilder%27%29&eventsQuery=%24filter%3Did+in+%28%2734481697%27%29&include=Events&entity=markets,data/market/raw/draftkings/2026-08-14/event_34481697/snapshot_draftkings_20260814_203452_subcategory_13025.json,6,success,
draftkings_20260814_203452,2026-08-14T20:34:52.587243+00:00,draftkings_public,DraftKings,34481697,13179,Alternate Total Rounds,alternate_total_rounds,https://sportsbook-nash.draftkings.com/sites/US-KS-SB/api/sportscontent/controldata/league/eventSubcategory/v1/markets?isBatchable=false&templateVars=13179&marketsQuery=%24filter%3DeventId+eq+%2734481697%27+AND+clientMetadata%2FsubCategoryId+eq+%2713179%27+AND+tags%2Fall%28t%3A+t+ne+%27SportcastBetBuilder%27%29&eventsQuery=%24filter%3Did+in+%28%2734481697%27%29&include=Events&entity=markets,data/market/raw/draftkings/2026-08-14/event_34481697/snapshot_draftkings_20260814_203452_subcategory_13179.json,4,success,
draftkings_20260814_203452,2026-08-14T20:34:52.587243+00:00,draftkings_public,DraftKings,34481697,16272,Alternate Point Spread,alternate_point_spread,https://sportsbook-nash.draftkings.com/sites/US-KS-SB/api/sportscontent/controldata/league/eventSubcategory/v1/markets?isBatchable=false&templateVars=16272&marketsQuery=%24filter%3DeventId+eq+%2734481697%27+AND+clientMetadata%2FsubCategoryId+eq+%2716272%27+AND+tags%2Fall%28t%3A+t+ne+%27SportcastBetBuilder%27%29&eventsQuery=%24filter%3Did+in+%28%2734481697%27%29&include=Events&entity=markets,data/market/raw/draftkings/2026-08-14/event_34481697/snapshot_draftkings_20260814_203452_subcategory_16272.json,10,success,
draftkings_20260814_203452,2026-08-14T20:34:52.587243+00:00,draftkings_public,DraftKings,34481697,17644,Fight to Go the Distance,goes_distance,https://sportsbook-nash.draftkings.com/sites/US-KS-SB/api/sportscontent/controldata/league/eventSubcategory/v1/markets?isBatchable=false&templateVars=17644&marketsQuery=%24filter%3DeventId+eq+%2734481697%27+AND+clientMetadata%2FsubCategoryId+eq+%2717644%27+AND+tags%2Fall%28t%3A+t+ne+%27SportcastBetBuilder%27%29&eventsQuery=%24filter%3Did+in+%28%2734481697%27%29&include=Events&entity=markets,data/market/raw/draftkings/2026-08-14/event_34481697/snapshot_draftkings_20260814_203452_subcategory_17644.json,2,success,
draftkings_20260814_203452,2026-08-14T20:34:52.587243+00:00,draftkings_public,DraftKings,34481697,18911,Fighter Method Props,fighter_method_props,https://sportsbook-nash.draftkings.com/sites/US-KS-SB/api/sportscontent/controldata/league/eventSubcategory/v1/markets?isBatchable=false&templateVars=18911&marketsQuery=%24filter%3DeventId+eq+%2734481697%27+AND+clientMetadata%2FsubCategoryId+eq+%2718911%27+AND+tags%2Fall%28t%3A+t+ne+%27SportcastBetBuilder%27%29&eventsQuery=%24filter%3Did+in+%28%2734481697%27%29&include=Events&entity=markets,data/market/raw/draftkings/2026-08-14/event_34481697/snapshot_draftkings_20260814_203452_subcategory_18911.json,6,success,
draftkings_20260814_203452,2026-08-14T20:34:52.587243+00:00,draftkings_public,DraftKings,34481697,6437,Exact Method of Victory,exact_method,https://sportsbook-nash.draftkings.com/sites/US-KS-SB/api/sportscontent/controldata/league/eventSubcategory/v1/markets?isBatchable=false&templateVars=6437&marketsQuery=%24filter%3DeventId+eq+%2734481697%27+AND+clientMetadata%2FsubCategoryId+eq+%276437%27+AND+tags%2Fall%28t%3A+t+ne+%27SportcastBetBuilder%27%29&eventsQuery=%24filter%3Did+in+%28%2734481697%27%29&include=Events&entity=markets,data/market/raw/draftkings/2026-08-14/event_34481697/snapshot_draftkings_20260814_203452_subcategory_6437.json,4,success,
draftkings_20260814_203452,2026-08-14T20:34:52.587243+00:00,draftkings_public,DraftKings,34481697,5735,Round and Method,round_method,https://sportsbook-nash.draftkings.com/sites/US-KS-SB/api/sportscontent/controldata/league/eventSubcategory/v1/markets?isBatchable=false&templateVars=5735&marketsQuery=%24filter%3DeventId+eq+%2734481697%27+AND+clientMetadata%2FsubCategoryId+eq+%275735%27+AND+tags%2Fall%28t%3A+t+ne+%27SportcastBetBuilder%27%29&eventsQuery=%24filter%3Did+in+%28%2734481697%27%29&include=Events&entity=markets,data/market/raw/draftkings/2026-08-14/event_34481697/snapshot_draftkings_20260814_203452_subcategory_5735.json,13,success,
draftkings_20260814_203452,2026-08-14T20:34:52.587243+00:00,draftkings_public,DraftKings,34481697,15122,Finish Only,finish_only_moneyline,https://sportsbook-nash.draftkings.com/sites/US-KS-SB/api/sportscontent/controldata/league/eventSubcategory/v1/markets?isBatchable=false&templateVars=15122&marketsQuery=%24filter%3DeventId+eq+%2734481697%27+AND+clientMetadata%2FsubCategoryId+eq+%2715122%27+AND+tags%2Fall%28t%3A+t+ne+%27SportcastBetBuilder%27%29&eventsQuery=%24filter%3Did+in+%28%2734481697%27%29&include=Events&entity=markets,data/market/raw/draftkings/2026-08-14/event_34481697/snapshot_draftkings_20260814_203452_subcategory_15122.json,2,success,
draftkings_20260814_203452,2026-08-14T20:34:52.587243+00:00,draftkings_public,DraftKings,34481697,15123,Decision Only,decision_only_moneyline,https://sportsbook-nash.draftkings.com/sites/US-KS-SB/api/sportscontent/controldata/league/eventSubcategory/v1/markets?isBatchable=false&templateVars=15123&marketsQuery=%24filter%3DeventId+eq+%2734481697%27+AND+clientMetadata%2FsubCategoryId+eq+%2715123%27+AND+tags%2Fall%28t%3A+t+ne+%27SportcastBetBuilder%27%29&eventsQuery=%24filter%3Did+in+%28%2734481697%27%29&include=Events&entity=markets,data/market/raw/draftkings/2026-08-14/event_34481697/snapshot_draftkings_20260814_203452_subcategory_15123.json,2,success,
draftkings_20260814_203452,2026-08-14T20:34:52.587243+00:00,draftkings_public,DraftKings,34481697,15124,Round 1 Only,round_1_only_moneyline,https://sportsbook-nash.draftkings.com/sites/US-KS-SB/api/sportscontent/controldata/league/eventSubcategory/v1/markets?isBatchable=false&templateVars=15124&marketsQuery=%24filter%3DeventId+eq+%2734481697%27+AND+clientMetadata%2FsubCategoryId+eq+%2715124%27+AND+tags%2Fall%28t%3A+t+ne+%27SportcastBetBuilder%27%29&eventsQuery=%24filter%3Did+in+%28%2734481697%27%29&include=Events&entity=markets,data/market/raw/draftkings/2026-08-14/event_34481697/snapshot_draftkings_20260814_203452_subcategory_15124.json,2,success,
draftkings_20260814_203452,2026-08-14T20:34:52.587243+00:00,draftkings_public,DraftKings,34481697,15125,Submission Only,submission_only_moneyline,https://sportsbook-nash.draftkings.com/sites/US-KS-SB/api/sportscontent/controldata/league/eventSubcategory/v1/markets?isBatchable=false&templateVars=15125&marketsQuery=%24filter%3DeventId+eq+%2734481697%27+AND+clientMetadata%2FsubCategoryId+eq+%2715125%27+AND+tags%2Fall%28t%3A+t+ne+%27SportcastBetBuilder%27%29&eventsQuery=%24filter%3Did+in+%28%2734481697%27%29&include=Events&entity=markets,data/market/raw/draftkings/2026-08-14/event_34481697/snapshot_draftkings_20260814_203452_subcategory_15125.json,2,success,
draftkings_20260814_203452,2026-08-14T20:34:52.587243+00:00,draftkings_public,DraftKings,34481697,15126,KO TKO DQ Only,ko_tko_only_moneyline,https://sportsbook-nash.draftkings.com/sites/US-KS-SB/api/sportscontent/controldata/league/eventSubcategory/v1/markets?isBatchable=false&templateVars=15126&marketsQuery=%24filter%3DeventId+eq+%2734481697%27+AND+clientMetadata%2FsubCategoryId+eq+%2715126%27+AND+tags%2Fall%28t%3A+t+ne+%27SportcastBetBuilder%27%29&eventsQuery=%24filter%3Did+in+%28%2734481697%27%29&include=Events&entity=markets,data/market/raw/draftkings/2026-08-14/event_34481697/snapshot_draftkings_20260814_203452_subcategory_15126.json,2,success,
draftkings_20260814_203452,2026-08-14T20:34:52.587243+00:00,draftkings_public,DraftKings,34481697,19390,Fighter Significant Strikes Total,fighter_sig_strikes_total,https://sportsbook-nash.draftkings.com/sites/US-KS-SB/api/sportscontent/controldata/league/eventSubcategory/v1/markets?isBatchable=false&templateVars=19390&marketsQuery=%24filter%3DeventId+eq+%2734481697%27+AND+clientMetadata%2FsubCategoryId+eq+%2719390%27+AND+tags%2Fall%28t%3A+t+ne+%27SportcastBetBuilder%27%29&eventsQuery=%24filter%3Did+in+%28%2734481697%27%29&include=Events&entity=markets,data/market/raw/draftkings/2026-08-14/event_34481697/snapshot_draftkings_20260814_203452_subcategory_19390.json,4,success,
draftkings_20260815_233051,2026-08-15T23:30:51.073845+00:00,draftkings_public,DraftKings,34481681,13025,Main Lines,main_lines,https://sportsbook-nash.draftkings.com/sites/US-KS-SB/api/sportscontent/controldata/league/eventSubcategory/v1/markets?isBatchable=false&templateVars=13025&marketsQuery=%24filter%3DeventId+eq+%2734481681%27+AND+clientMetadata%2FsubCategoryId+eq+%2713025%27+AND+tags%2Fall%28t%3A+t+ne+%27SportcastBetBuilder%27%29&eventsQuery=%24filter%3Did+in+%28%2734481681%27%29&include=Events&entity=markets,data/market/raw/draftkings/2026-08-15/event_34481681/snapshot_draftkings_20260815_233051_subcategory_13025.json,2,success,
draftkings_20260815_233051,2026-08-15T23:30:51.073845+00:00,draftkings_public,DraftKings,34481681,13179,Alternate Total Rounds,alternate_total_rounds,https://sportsbook-nash.draftkings.com/sites/US-KS-SB/api/sportscontent/controldata/league/eventSubcategory/v1/markets?isBatchable=false&templateVars=13179&marketsQuery=%24filter%3DeventId+eq+%2734481681%27+AND+clientMetadata%2FsubCategoryId+eq+%2713179%27+AND+tags%2Fall%28t%3A+t+ne+%27SportcastBetBuilder%27%29&eventsQuery=%24filter%3Did+in+%28%2734481681%27%29&include=Events&entity=markets,data/market/raw/draftkings/2026-08-15/event_34481681/snapshot_draftkings_20260815_233051_subcategory_13179.json,0,success,
draftkings_20260815_233051,2026-08-15T23:30:51.073845+00:00,draftkings_public,DraftKings,34481681,16272,Alternate Point Spread,alternate_point_spread,https://sportsbook-nash.draftkings.com/sites/US-KS-SB/api/sportscontent/controldata/league/eventSubcategory/v1/markets?isBatchable=false&templateVars=16272&marketsQuery=%24filter%3DeventId+eq+%2734481681%27+AND+clientMetadata%2FsubCategoryId+eq+%2716272%27+AND+tags%2Fall%28t%3A+t+ne+%27SportcastBetBuilder%27%29&eventsQuery=%24filter%3Did+in+%28%2734481681%27%29&include=Events&entity=markets,data/market/raw/draftkings/2026-08-15/event_34481681/snapshot_draftkings_20260815_233051_subcategory_16272.json,0,success,
draftkings_20260815_233051,2026-08-15T23:30:51.073845+00:00,draftkings_public,DraftKings,34481681,17644,Fight to Go the Distance,goes_distance,https://sportsbook-nash.draftkings.com/sites/US-KS-SB/api/sportscontent/controldata/league/eventSubcategory/v1/markets?isBatchable=false&templateVars=17644&marketsQuery=%24filter%3DeventId+eq+%2734481681%27+AND+clientMetadata%2FsubCategoryId+eq+%2717644%27+AND+tags%2Fall%28t%3A+t+ne+%27SportcastBetBuilder%27%29&eventsQuery=%24filter%3Did+in+%28%2734481681%27%29&include=Events&entity=markets,data/market/raw/draftkings/2026-08-15/event_34481681/snapshot_draftkings_20260815_233051_subcategory_17644.json,0,success,
draftkings_20260815_233051,2026-08-15T23:30:51.073845+00:00,draftkings_public,DraftKings,34481681,18911,Fighter Method Props,fighter_method_props,https://sportsbook-nash.draftkings.com/sites/US-KS-SB/api/sportscontent/controldata/league/eventSubcategory/v1/markets?isBatchable=false&templateVars=18911&marketsQuery=%24filter%3DeventId+eq+%2734481681%27+AND+clientMetadata%2FsubCategoryId+eq+%2718911%27+AND+tags%2Fall%28t%3A+t+ne+%27SportcastBetBuilder%27%29&eventsQuery=%24filter%3Did+in+%28%2734481681%27%29&include=Events&entity=markets,data/market/raw/draftkings/2026-08-15/event_34481681/snapshot_draftkings_20260815_233051_subcategory_18911.json,0,success,
draftkings_20260815_233051,2026-08-15T23:30:51.073845+00:00,draftkings_public,DraftKings,34481681,6437,Exact Method of Victory,exact_method,https://sportsbook-nash.draftkings.com/sites/US-KS-SB/api/sportscontent/controldata/league/eventSubcategory/v1/markets?isBatchable=false&templateVars=6437&marketsQuery=%24filter%3DeventId+eq+%2734481681%27+AND+clientMetadata%2FsubCategoryId+eq+%276437%27+AND+tags%2Fall%28t%3A+t+ne+%27SportcastBetBuilder%27%29&eventsQuery=%24filter%3Did+in+%28%2734481681%27%29&include=Events&entity=markets,data/market/raw/draftkings/2026-08-15/event_34481681/snapshot_draftkings_20260815_233051_subcategory_6437.json,0,success,
draftkings_20260815_233051,2026-08-15T23:30:51.073845+00:00,draftkings_public,DraftKings,34481681,5735,Round and Method,round_method,https://sportsbook-nash.draftkings.com/sites/US-KS-SB/api/sportscontent/controldata/league/eventSubcategory/v1/markets?isBatchable=false&templateVars=5735&marketsQuery=%24filter%3DeventId+eq+%2734481681%27+AND+clientMetadata%2FsubCategoryId+eq+%275735%27+AND+tags%2Fall%28t%3A+t+ne+%27SportcastBetBuilder%27%29&eventsQuery=%24filter%3Did+in+%28%2734481681%27%29&include=Events&entity=markets,data/market/raw/draftkings/2026-08-15/event_34481681/snapshot_draftkings_20260815_233051_subcategory_5735.json,0,success,
draftkings_20260815_233051,2026-08-15T23:30:51.073845+00:00,draftkings_public,DraftKings,34481681,15122,Finish Only,finish_only_moneyline,https://sportsbook-nash.draftkings.com/sites/US-KS-SB/api/sportscontent/controldata/league/eventSubcategory/v1/markets?isBatchable=false&templateVars=15122&marketsQuery=%24filter%3DeventId+eq+%2734481681%27+AND+clientMetadata%2FsubCategoryId+eq+%2715122%27+AND+tags%2Fall%28t%3A+t+ne+%27SportcastBetBuilder%27%29&eventsQuery=%24filter%3Did+in+%28%2734481681%27%29&include=Events&entity=markets,data/market/raw/draftkings/2026-08-15/event_34481681/snapshot_draftkings_20260815_233051_subcategory_15122.json,0,success,
draftkings_20260815_233051,2026-08-15T23:30:51.073845+00:00,draftkings_public,DraftKings,34481681,15123,Decision Only,decision_only_moneyline,https://sportsbook-nash.draftkings.com/sites/US-KS-SB/api/sportscontent/controldata/league/eventSubcategory/v1/markets?isBatchable=false&templateVars=15123&marketsQuery=%24filter%3DeventId+eq+%2734481681%27+AND+clientMetadata%2FsubCategoryId+eq+%2715123%27+AND+tags%2Fall%28t%3A+t+ne+%27SportcastBetBuilder%27%29&eventsQuery=%24filter%3Did+in+%28%2734481681%27%29&include=Events&entity=markets,data/market/raw/draftkings/2026-08-15/event_34481681/snapshot_draftkings_20260815_233051_subcategory_15123.json,0,success,
draftkings_20260815_233051,2026-08-15T23:30:51.073845+00:00,draftkings_public,DraftKings,34481681,15124,Round 1 Only,round_1_only_moneyline,https://sportsbook-nash.draftkings.com/sites/US-KS-SB/api/sportscontent/controldata/league/eventSubcategory/v1/markets?isBatchable=false&templateVars=15124&marketsQuery=%24filter%3DeventId+eq+%2734481681%27+AND+clientMetadata%2FsubCategoryId+eq+%2715124%27+AND+tags%2Fall%28t%3A+t+ne+%27SportcastBetBuilder%27%29&eventsQuery=%24filter%3Did+in+%28%2734481681%27%29&include=Events&entity=markets,data/market/raw/draftkings/2026-08-15/event_34481681/snapshot_draftkings_20260815_233051_subcategory_15124.json,0,success,
draftkings_20260815_233051,2026-08-15T23:30:51.073845+00:00,draftkings_public,DraftKings,34481681,15125,Submission Only,submission_only_moneyline,https://sportsbook-nash.draftkings.com/sites/US-KS-SB/api/sportscontent/controldata/league/eventSubcategory/v1/markets?isBatchable=false&templateVars=15125&marketsQuery=%24filter%3DeventId+eq+%2734481681%27+AND+clientMetadata%2FsubCategoryId+eq+%2715125%27+AND+tags%2Fall%28t%3A+t+ne+%27SportcastBetBuilder%27%29&eventsQuery=%24filter%3Did+in+%28%2734481681%27%29&include=Events&entity=markets,data/market/raw/draftkings/2026-08-15/event_34481681/snapshot_draftkings_20260815_233051_subcategory_15125.json,0,success,
draftkings_20260815_233051,2026-08-15T23:30:51.073845+00:00,draftkings_public,DraftKings,34481681,15126,KO TKO DQ Only,ko_tko_only_moneyline,https://sportsbook-nash.draftkings.com/sites/US-KS-SB/api/sportscontent/controldata/league/eventSubcategory/v1/markets?isBatchable=false&templateVars=15126&marketsQuery=%24filter%3DeventId+eq+%2734481681%27+AND+clientMetadata%2FsubCategoryId+eq+%2715126%27+AND+tags%2Fall%28t%3A+t+ne+%27SportcastBetBuilder%27%29&eventsQuery=%24filter%3Did+in+%28%2734481681%27%29&include=Events&entity=markets,data/market/raw/draftkings/2026-08-15/event_34481681/snapshot_draftkings_20260815_233051_subcategory_15126.json,0,success,
draftkings_20260815_233051,2026-08-15T23:30:51.073845+00:00,draftkings_public,DraftKings,34481681,19390,Fighter Significant Strikes Total,fighter_sig_strikes_total,https://sportsbook-nash.draftkings.com/sites/US-KS-SB/api/sportscontent/controldata/league/eventSubcategory/v1/markets?isBatchable=false&templateVars=19390&marketsQuery=%24filter%3DeventId+eq+%2734481681%27+AND+clientMetadata%2FsubCategoryId+eq+%2719390%27+AND+tags%2Fall%28t%3A+t+ne+%27SportcastBetBuilder%27%29&eventsQuery=%24filter%3Did+in+%28%2734481681%27%29&include=Events&entity=markets,data/market/raw/draftkings/2026-08-15/event_34481681/snapshot_draftkings_20260815_233051_subcategory_19390.json,0,success,
draftkings_20260815_233051,2026-08-15T23:30:51.073845+00:00,draftkings_public,DraftKings,34481698,13025,Main Lines,main_lines,https://sportsbook-nash.draftkings.com/sites/US-KS-SB/api/sportscontent/controldata/league/eventSubcategory/v1/markets?isBatchable=false&templateVars=13025&marketsQuery=%24filter%3DeventId+eq+%2734481698%27+AND+clientMetadata%2FsubCategoryId+eq+%2713025%27+AND+tags%2Fall%28t%3A+t+ne+%27SportcastBetBuilder%27%29&eventsQuery=%24filter%3Did+in+%28%2734481698%27%29&include=Events&entity=markets,data/market/raw/draftkings/2026-08-15/event_34481698/snapshot_draftkings_20260815_233051_subcategory_13025.json,6,success,
draftkings_20260815_233051,2026-08-15T23:30:51.073845+00:00,draftkings_public,DraftKings,34481698,13179,Alternate Total Rounds,alternate_total_rounds,https://sportsbook-nash.draftkings.com/sites/US-KS-SB/api/sportscontent/controldata/league/eventSubcategory/v1/markets?isBatchable=false&templateVars=13179&marketsQuery=%24filter%3DeventId+eq+%2734481698%27+AND+clientMetadata%2FsubCategoryId+eq+%2713179%27+AND+tags%2Fall%28t%3A+t+ne+%27SportcastBetBuilder%27%29&eventsQuery=%24filter%3Did+in+%28%2734481698%27%29&include=Events&entity=markets,data/market/raw/draftkings/2026-08-15/event_34481698/snapshot_draftkings_20260815_233051_subcategory_13179.json,4,success,
draftkings_20260815_233051,2026-08-15T23:30:51.073845+00:00,draftkings_public,DraftKings,34481698,16272,Alternate Point Spread,alternate_point_spread,https://sportsbook-nash.draftkings.com/sites/US-KS-SB/api/sportscontent/controldata/league/eventSubcategory/v1/markets?isBatchable=false&templateVars=16272&marketsQuery=%24filter%3DeventId+eq+%2734481698%27+AND+clientMetadata%2FsubCategoryId+eq+%2716272%27+AND+tags%2Fall%28t%3A+t+ne+%27SportcastBetBuilder%27%29&eventsQuery=%24filter%3Did+in+%28%2734481698%27%29&include=Events&entity=markets,data/market/raw/draftkings/2026-08-15/event_34481698/snapshot_draftkings_20260815_233051_subcategory_16272.json,10,success,
draftkings_20260815_233051,2026-08-15T23:30:51.073845+00:00,draftkings_public,DraftKings,34481698,17644,Fight to Go the Distance,goes_distance,https://sportsbook-nash.draftkings.com/sites/US-KS-SB/api/sportscontent/controldata/league/eventSubcategory/v1/markets?isBatchable=false&templateVars=17644&marketsQuery=%24filter%3DeventId+eq+%2734481698%27+AND+clientMetadata%2FsubCategoryId+eq+%2717644%27+AND+tags%2Fall%28t%3A+t+ne+%27SportcastBetBuilder%27%29&eventsQuery=%24filter%3Did+in+%28%2734481698%27%29&include=Events&entity=markets,data/market/raw/draftkings/2026-08-15/event_34481698/snapshot_draftkings_20260815_233051_subcategory_17644.json,2,success,
draftkings_20260815_233051,2026-08-15T23:30:51.073845+00:00,draftkings_public,DraftKings,34481698,18911,Fighter Method Props,fighter_method_props,https://sportsbook-nash.draftkings.com/sites/US-KS-SB/api/sportscontent/controldata/league/eventSubcategory/v1/markets?isBatchable=false&templateVars=18911&marketsQuery=%24filter%3DeventId+eq+%2734481698%27+AND+clientMetadata%2FsubCategoryId+eq+%2718911%27+AND+tags%2Fall%28t%3A+t+ne+%27SportcastBetBuilder%27%29&eventsQuery=%24filter%3Did+in+%28%2734481698%27%29&include=Events&entity=markets,data/market/raw/draftkings/2026-08-15/event_34481698/snapshot_draftkings_20260815_233051_subcategory_18911.json,6,success,
draftkings_20260815_233051,2026-08-15T23:30:51.073845+00:00,draftkings_public,DraftKings,34481698,6437,Exact Method of Victory,exact_method,https://sportsbook-nash.draftkings.com/sites/US-KS-SB/api/sportscontent/controldata/league/eventSubcategory/v1/markets?isBatchable=false&templateVars=6437&marketsQuery=%24filter%3DeventId+eq+%2734481698%27+AND+clientMetadata%2FsubCategoryId+eq+%276437%27+AND+tags%2Fall%28t%3A+t+ne+%27SportcastBetBuilder%27%29&eventsQuery=%24filter%3Did+in+%28%2734481698%27%29&include=Events&entity=markets,data/market/raw/draftkings/2026-08-15/event_34481698/snapshot_draftkings_20260815_233051_subcategory_6437.json,4,success,
draftkings_20260815_233051,2026-08-15T23:30:51.073845+00:00,draftkings_public,DraftKings,34481698,5735,Round and Method,round_method,https://sportsbook-nash.draftkings.com/sites/US-KS-SB/api/sportscontent/controldata/league/eventSubcategory/v1/markets?isBatchable=false&templateVars=5735&marketsQuery=%24filter%3DeventId+eq+%2734481698%27+AND+clientMetadata%2FsubCategoryId+eq+%275735%27+AND+tags%2Fall%28t%3A+t+ne+%27SportcastBetBuilder%27%29&eventsQuery=%24filter%3Did+in+%28%2734481698%27%29&include=Events&entity=markets,data/market/raw/draftkings/2026-08-15/event_34481698/snapshot_draftkings_20260815_233051_subcategory_5735.json,13,success,
draftkings_20260815_233051,2026-08-15T23:30:51.073845+00:00,draftkings_public,DraftKings,34481698,15122,Finish Only,finish_only_moneyline,https://sportsbook-nash.draftkings.com/sites/US-KS-SB/api/sportscontent/controldata/league/eventSubcategory/v1/markets?isBatchable=false&templateVars=15122&marketsQuery=%24filter%3DeventId+eq+%2734481698%27+AND+clientMetadata%2FsubCategoryId+eq+%2715122%27+AND+tags%2Fall%28t%3A+t+ne+%27SportcastBetBuilder%27%29&eventsQuery=%24filter%3Did+in+%28%2734481698%27%29&include=Events&entity=markets,data/market/raw/draftkings/2026-08-15/event_34481698/snapshot_draftkings_20260815_233051_subcategory_15122.json,2,success,
draftkings_20260815_233051,2026-08-15T23:30:51.073845+00:00,draftkings_public,DraftKings,34481698,15123,Decision Only,decision_only_moneyline,https://sportsbook-nash.draftkings.com/sites/US-KS-SB/api/sportscontent/controldata/league/eventSubcategory/v1/markets?isBatchable=false&templateVars=15123&marketsQuery=%24filter%3DeventId+eq+%2734481698%27+AND+clientMetadata%2FsubCategoryId+eq+%2715123%27+AND+tags%2Fall%28t%3A+t+ne+%27SportcastBetBuilder%27%29&eventsQuery=%24filter%3Did+in+%28%2734481698%27%29&include=Events&entity=markets,data/market/raw/draftkings/2026-08-15/event_34481698/snapshot_draftkings_20260815_233051_subcategory_15123.json,2,success,
draftkings_20260815_233051,2026-08-15T23:30:51.073845+00:00,draftkings_public,DraftKings,34481698,15124,Round 1 Only,round_1_only_moneyline,https://sportsbook-nash.draftkings.com/sites/US-KS-SB/api/sportscontent/controldata/league/eventSubcategory/v1/markets?isBatchable=false&templateVars=15124&marketsQuery=%24filter%3DeventId+eq+%2734481698%27+AND+clientMetadata%2FsubCategoryId+eq+%2715124%27+AND+tags%2Fall%28t%3A+t+ne+%27SportcastBetBuilder%27%29&eventsQuery=%24filter%3Did+in+%28%2734481698%27%29&include=Events&entity=markets,data/market/raw/draftkings/2026-08-15/event_34481698/snapshot_draftkings_20260815_233051_subcategory_15124.json,2,success,
draftkings_20260815_233051,2026-08-15T23:30:51.073845+00:00,draftkings_public,DraftKings,34481698,15125,Submission Only,submission_only_moneyline,https://sportsbook-nash.draftkings.com/sites/US-KS-SB/api/sportscontent/controldata/league/eventSubcategory/v1/markets?isBatchable=false&templateVars=15125&marketsQuery=%24filter%3DeventId+eq+%2734481698%27+AND+clientMetadata%2FsubCategoryId+eq+%2715125%27+AND+tags%2Fall%28t%3A+t+ne+%27SportcastBetBuilder%27%29&eventsQuery=%24filter%3Did+in+%28%2734481698%27%29&include=Events&entity=markets,data/market/raw/draftkings/2026-08-15/event_34481698/snapshot_draftkings_20260815_233051_subcategory_15125.json,2,success,
draftkings_20260815_233051,2026-08-15T23:30:51.073845+00:00,draftkings_public,DraftKings,34481698,15126,KO TKO DQ Only,ko_tko_only_moneyline,https://sportsbook-nash.draftkings.com/sites/US-KS-SB/api/sportscontent/controldata/league/eventSubcategory/v1/markets?isBatchable=false&templateVars=15126&marketsQuery=%24filter%3DeventId+eq+%2734481698%27+AND+clientMetadata%2FsubCategoryId+eq+%2715126%27+AND+tags%2Fall%28t%3A+t+ne+%27SportcastBetBuilder%27%29&eventsQuery=%24filter%3Did+in+%28%2734481698%27%29&include=Events&entity=markets,data/market/raw/draftkings/2026-08-15/event_34481698/snapshot_draftkings_20260815_233051_subcategory_15126.json,2,success,
draftkings_20260815_233051,2026-08-15T23:30:51.073845+00:00,draftkings_public,DraftKings,34481698,19390,Fighter Significant Strikes Total,fighter_sig_strikes_total,https://sportsbook-nash.draftkings.com/sites/US-KS-SB/api/sportscontent/controldata/league/eventSubcategory/v1/markets?isBatchable=false&templateVars=19390&marketsQuery=%24filter%3DeventId+eq+%2734481698%27+AND+clientMetadata%2FsubCategoryId+eq+%2719390%27+AND+tags%2Fall%28t%3A+t+ne+%27SportcastBetBuilder%27%29&eventsQuery=%24filter%3Did+in+%28%2734481698%27%29&include=Events&entity=markets,data/market/raw/draftkings/2026-08-15/event_34481698/snapshot_draftkings_20260815_233051_subcategory_19390.json,4,success,
draftkings_20260815_233051,2026-08-15T23:30:51.073845+00:00,draftkings_public,DraftKings,34488314,13025,Main Lines,main_lines,https://sportsbook-nash.draftkings.com/sites/US-KS-SB/api/sportscontent/controldata/league/eventSubcategory/v1/markets?isBatchable=false&templateVars=13025&marketsQuery=%24filter%3DeventId+eq+%2734488314%27+AND+clientMetadata%2FsubCategoryId+eq+%2713025%27+AND+tags%2Fall%28t%3A+t+ne+%27SportcastBetBuilder%27%29&eventsQuery=%24filter%3Did+in+%28%2734488314%27%29&include=Events&entity=markets,data/market/raw/draftkings/2026-08-15/event_34488314/snapshot_draftkings_20260815_233051_subcategory_13025.json,6,success,
draftkings_20260815_233051,2026-08-15T23:30:51.073845+00:00,draftkings_public,DraftKings,34488314,13179,Alternate Total Rounds,alternate_total_rounds,https://sportsbook-nash.draftkings.com/sites/US-KS-SB/api/sportscontent/controldata/league/eventSubcategory/v1/markets?isBatchable=false&templateVars=13179&marketsQuery=%24filter%3DeventId+eq+%2734488314%27+AND+clientMetadata%2FsubCategoryId+eq+%2713179%27+AND+tags%2Fall%28t%3A+t+ne+%27SportcastBetBuilder%27%29&eventsQuery=%24filter%3Did+in+%28%2734488314%27%29&include=Events&entity=markets,data/market/raw/draftkings/2026-08-15/event_34488314/snapshot_draftkings_20260815_233051_subcategory_13179.json,4,success,
draftkings_20260815_233051,2026-08-15T23:30:51.073845+00:00,draftkings_public,DraftKings,34488314,16272,Alternate Point Spread,alternate_point_spread,https://sportsbook-nash.draftkings.com/sites/US-KS-SB/api/sportscontent/controldata/league/eventSubcategory/v1/markets?isBatchable=false&templateVars=16272&marketsQuery=%24filter%3DeventId+eq+%2734488314%27+AND+clientMetadata%2FsubCategoryId+eq+%2716272%27+AND+tags%2Fall%28t%3A+t+ne+%27SportcastBetBuilder%27%29&eventsQuery=%24filter%3Did+in+%28%2734488314%27%29&include=Events&entity=markets,data/market/raw/draftkings/2026-08-15/event_34488314/snapshot_draftkings_20260815_233051_subcategory_16272.json,10,success,
draftkings_20260815_233051,2026-08-15T23:30:51.073845+00:00,draftkings_public,DraftKings,34488314,17644,Fight to Go the Distance,goes_distance,https://sportsbook-nash.draftkings.com/sites/US-KS-SB/api/sportscontent/controldata/league/eventSubcategory/v1/markets?isBatchable=false&templateVars=17644&marketsQuery=%24filter%3DeventId+eq+%2734488314%27+AND+clientMetadata%2FsubCategoryId+eq+%2717644%27+AND+tags%2Fall%28t%3A+t+ne+%27SportcastBetBuilder%27%29&eventsQuery=%24filter%3Did+in+%28%2734488314%27%29&include=Events&entity=markets,data/market/raw/draftkings/2026-08-15/event_34488314/snapshot_draftkings_20260815_233051_subcategory_17644.json,2,success,
draftkings_20260815_233051,2026-08-15T23:30:51.073845+00:00,draftkings_public,DraftKings,34488314,18911,Fighter Method Props,fighter_method_props,https://sportsbook-nash.draftkings.com/sites/US-KS-SB/api/sportscontent/controldata/league/eventSubcategory/v1/markets?isBatchable=false&templateVars=18911&marketsQuery=%24filter%3DeventId+eq+%2734488314%27+AND+clientMetadata%2FsubCategoryId+eq+%2718911%27+AND+tags%2Fall%28t%3A+t+ne+%27SportcastBetBuilder%27%29&eventsQuery=%24filter%3Did+in+%28%2734488314%27%29&include=Events&entity=markets,data/market/raw/draftkings/2026-08-15/event_34488314/snapshot_draftkings_20260815_233051_subcategory_18911.json,6,success,
draftkings_20260815_233051,2026-08-15T23:30:51.073845+00:00,draftkings_public,DraftKings,34488314,6437,Exact Method of Victory,exact_method,https://sportsbook-nash.draftkings.com/sites/US-KS-SB/api/sportscontent/controldata/league/eventSubcategory/v1/markets?isBatchable=false&templateVars=6437&marketsQuery=%24filter%3DeventId+eq+%2734488314%27+AND+clientMetadata%2FsubCategoryId+eq+%276437%27+AND+tags%2Fall%28t%3A+t+ne+%27SportcastBetBuilder%27%29&eventsQuery=%24filter%3Did+in+%28%2734488314%27%29&include=Events&entity=markets,data/market/raw/draftkings/2026-08-15/event_34488314/snapshot_draftkings_20260815_233051_subcategory_6437.json,4,success,
draftkings_20260815_233051,2026-08-15T23:30:51.073845+00:00,draftkings_public,DraftKings,34488314,5735,Round and Method,round_method,https://sportsbook-nash.draftkings.com/sites/US-KS-SB/api/sportscontent/controldata/league/eventSubcategory/v1/markets?isBatchable=false&templateVars=5735&marketsQuery=%24filter%3DeventId+eq+%2734488314%27+AND+clientMetadata%2FsubCategoryId+eq+%275735%27+AND+tags%2Fall%28t%3A+t+ne+%27SportcastBetBuilder%27%29&eventsQuery=%24filter%3Did+in+%28%2734488314%27%29&include=Events&entity=markets,data/market/raw/draftkings/2026-08-15/event_34488314/snapshot_draftkings_20260815_233051_subcategory_5735.json,13,success,
draftkings_20260815_233051,2026-08-15T23:30:51.073845+00:00,draftkings_public,DraftKings,34488314,15122,Finish Only,finish_only_moneyline,https://sportsbook-nash.draftkings.com/sites/US-KS-SB/api/sportscontent/controldata/league/eventSubcategory/v1/markets?isBatchable=false&templateVars=15122&marketsQuery=%24filter%3DeventId+eq+%2734488314%27+AND+clientMetadata%2FsubCategoryId+eq+%2715122%27+AND+tags%2Fall%28t%3A+t+ne+%27SportcastBetBuilder%27%29&eventsQuery=%24filter%3Did+in+%28%2734488314%27%29&include=Events&entity=markets,data/market/raw/draftkings/2026-08-15/event_34488314/snapshot_draftkings_20260815_233051_subcategory_15122.json,2,success,
draftkings_20260815_233051,2026-08-15T23:30:51.073845+00:00,draftkings_public,DraftKings,34488314,15123,Decision Only,decision_only_moneyline,https://sportsbook-nash.draftkings.com/sites/US-KS-SB/api/sportscontent/controldata/league/eventSubcategory/v1/markets?isBatchable=false&templateVars=15123&marketsQuery=%24filter%3DeventId+eq+%2734488314%27+AND+clientMetadata%2FsubCategoryId+eq+%2715123%27+AND+tags%2Fall%28t%3A+t+ne+%27SportcastBetBuilder%27%29&eventsQuery=%24filter%3Did+in+%28%2734488314%27%29&include=Events&entity=markets,data/market/raw/draftkings/2026-08-15/event_34488314/snapshot_draftkings_20260815_233051_subcategory_15123.json,2,success,
draftkings_20260815_233051,2026-08-15T23:30:51.073845+00:00,draftkings_public,DraftKings,34488314,15124,Round 1 Only,round_1_only_moneyline,https://sportsbook-nash.draftkings.com/sites/US-KS-SB/api/sportscontent/controldata/league/eventSubcategory/v1/markets?isBatchable=false&templateVars=15124&marketsQuery=%24filter%3DeventId+eq+%2734488314%27+AND+clientMetadata%2FsubCategoryId+eq+%2715124%27+AND+tags%2Fall%28t%3A+t+ne+%27SportcastBetBuilder%27%29&eventsQuery=%24filter%3Did+in+%28%2734488314%27%29&include=Events&entity=markets,data/market/raw/draftkings/2026-08-15/event_34488314/snapshot_draftkings_20260815_233051_subcategory_15124.json,2,success,
draftkings_20260815_233051,2026-08-15T23:30:51.073845+00:00,draftkings_public,DraftKings,34488314,15125,Submission Only,submission_only_moneyline,https://sportsbook-nash.draftkings.com/sites/US-KS-SB/api/sportscontent/controldata/league/eventSubcategory/v1/markets?isBatchable=false&templateVars=15125&marketsQuery=%24filter%3DeventId+eq+%2734488314%27+AND+clientMetadata%2FsubCategoryId+eq+%2715125%27+AND+tags%2Fall%28t%3A+t+ne+%27SportcastBetBuilder%27%29&eventsQuery=%24filter%3Did+in+%28%2734488314%27%29&include=Events&entity=markets,data/market/raw/draftkings/2026-08-15/event_34488314/snapshot_draftkings_20260815_233051_subcategory_15125.json,2,success,
draftkings_20260815_233051,2026-08-15T23:30:51.073845+00:00,draftkings_public,DraftKings,34488314,15126,KO TKO DQ Only,ko_tko_only_moneyline,https://sportsbook-nash.draftkings.com/sites/US-KS-SB/api/sportscontent/controldata/league/eventSubcategory/v1/markets?isBatchable=false&templateVars=15126&marketsQuery=%24filter%3DeventId+eq+%2734488314%27+AND+clientMetadata%2FsubCategoryId+eq+%2715126%27+AND+tags%2Fall%28t%3A+t+ne+%27SportcastBetBuilder%27%29&eventsQuery=%24filter%3Did+in+%28%2734488314%27%29&include=Events&entity=markets,data/market/raw/draftkings/2026-08-15/event_34488314/snapshot_draftkings_20260815_233051_subcategory_15126.json,2,success,
draftkings_20260815_233051,2026-08-15T23:30:51.073845+00:00,draftkings_public,DraftKings,34488314,19390,Fighter Significant Strikes Total,fighter_sig_strikes_total,https://sportsbook-nash.draftkings.com/sites/US-KS-SB/api/sportscontent/controldata/league/eventSubcategory/v1/markets?isBatchable=false&templateVars=19390&marketsQuery=%24filter%3DeventId+eq+%2734488314%27+AND+clientMetadata%2FsubCategoryId+eq+%2719390%27+AND+tags%2Fall%28t%3A+t+ne+%27SportcastBetBuilder%27%29&eventsQuery=%24filter%3Did+in+%28%2734488314%27%29&include=Events&entity=markets,data/market/raw/draftkings/2026-08-15/event_34488314/snapshot_draftkings_20260815_233051_subcategory_19390.json,4,success,
draftkings_20260815_233051,2026-08-15T23:30:51.073845+00:00,draftkings_public,DraftKings,34481680,13025,Main Lines,main_lines,https://sportsbook-nash.draftkings.com/sites/US-KS-SB/api/sportscontent/controldata/league/eventSubcategory/v1/markets?isBatchable=false&templateVars=13025&marketsQuery=%24filter%3DeventId+eq+%2734481680%27+AND+clientMetadata%2FsubCategoryId+eq+%2713025%27+AND+tags%2Fall%28t%3A+t+ne+%27SportcastBetBuilder%27%29&eventsQuery=%24filter%3Did+in+%28%2734481680%27%29&include=Events&entity=markets,data/market/raw/draftkings/2026-08-15/event_34481680/snapshot_draftkings_20260815_233051_subcategory_13025.json,6,success,
draftkings_20260815_233051,2026-08-15T23:30:51.073845+00:00,draftkings_public,DraftKings,34481680,13179,Alternate Total Rounds,alternate_total_rounds,https://sportsbook-nash.draftkings.com/sites/US-KS-SB/api/sportscontent/controldata/league/eventSubcategory/v1/markets?isBatchable=false&templateVars=13179&marketsQuery=%24filter%3DeventId+eq+%2734481680%27+AND+clientMetadata%2FsubCategoryId+eq+%2713179%27+AND+tags%2Fall%28t%3A+t+ne+%27SportcastBetBuilder%27%29&eventsQuery=%24filter%3Did+in+%28%2734481680%27%29&include=Events&entity=markets,data/market/raw/draftkings/2026-08-15/event_34481680/snapshot_draftkings_20260815_233051_subcategory_13179.json,4,success,
draftkings_20260815_233051,2026-08-15T23:30:51.073845+00:00,draftkings_public,DraftKings,34481680,16272,Alternate Point Spread,alternate_point_spread,https://sportsbook-nash.draftkings.com/sites/US-KS-SB/api/sportscontent/controldata/league/eventSubcategory/v1/markets?isBatchable=false&templateVars=16272&marketsQuery=%24filter%3DeventId+eq+%2734481680%27+AND+clientMetadata%2FsubCategoryId+eq+%2716272%27+AND+tags%2Fall%28t%3A+t+ne+%27SportcastBetBuilder%27%29&eventsQuery=%24filter%3Did+in+%28%2734481680%27%29&include=Events&entity=markets,data/market/raw/draftkings/2026-08-15/event_34481680/snapshot_draftkings_20260815_233051_subcategory_16272.json,10,success,
draftkings_20260815_233051,2026-08-15T23:30:51.073845+00:00,draftkings_public,DraftKings,34481680,17644,Fight to Go the Distance,goes_distance,https://sportsbook-nash.draftkings.com/sites/US-KS-SB/api/sportscontent/controldata/league/eventSubcategory/v1/markets?isBatchable=false&templateVars=17644&marketsQuery=%24filter%3DeventId+eq+%2734481680%27+AND+clientMetadata%2FsubCategoryId+eq+%2717644%27+AND+tags%2Fall%28t%3A+t+ne+%27SportcastBetBuilder%27%29&eventsQuery=%24filter%3Did+in+%28%2734481680%27%29&include=Events&entity=markets,data/market/raw/draftkings/2026-08-15/event_34481680/snapshot_draftkings_20260815_233051_subcategory_17644.json,2,success,
draftkings_20260815_233051,2026-08-15T23:30:51.073845+00:00,draftkings_public,DraftKings,34481680,18911,Fighter Method Props,fighter_method_props,https://sportsbook-nash.draftkings.com/sites/US-KS-SB/api/sportscontent/controldata/league/eventSubcategory/v1/markets?isBatchable=false&templateVars=18911&marketsQuery=%24filter%3DeventId+eq+%2734481680%27+AND+clientMetadata%2FsubCategoryId+eq+%2718911%27+AND+tags%2Fall%28t%3A+t+ne+%27SportcastBetBuilder%27%29&eventsQuery=%24filter%3Did+in+%28%2734481680%27%29&include=Events&entity=markets,data/market/raw/draftkings/2026-08-15/event_34481680/snapshot_draftkings_20260815_233051_subcategory_18911.json,6,success,
draftkings_20260815_233051,2026-08-15T23:30:51.073845+00:00,draftkings_public,DraftKings,34481680,6437,Exact Method of Victory,exact_method,https://sportsbook-nash.draftkings.com/sites/US-KS-SB/api/sportscontent/controldata/league/eventSubcategory/v1/markets?isBatchable=false&templateVars=6437&marketsQuery=%24filter%3DeventId+eq+%2734481680%27+AND+clientMetadata%2FsubCategoryId+eq+%276437%27+AND+tags%2Fall%28t%3A+t+ne+%27SportcastBetBuilder%27%29&eventsQuery=%24filter%3Did+in+%28%2734481680%27%29&include=Events&entity=markets,data/market/raw/draftkings/2026-08-15/event_34481680/snapshot_draftkings_20260815_233051_subcategory_6437.json,4,success,
draftkings_20260815_233051,2026-08-15T23:30:51.073845+00:00,draftkings_public,DraftKings,34481680,5735,Round and Method,round_method,https://sportsbook-nash.draftkings.com/sites/US-KS-SB/api/sportscontent/controldata/league/eventSubcategory/v1/markets?isBatchable=false&templateVars=5735&marketsQuery=%24filter%3DeventId+eq+%2734481680%27+AND+clientMetadata%2FsubCategoryId+eq+%275735%27+AND+tags%2Fall%28t%3A+t+ne+%27SportcastBetBuilder%27%29&eventsQuery=%24filter%3Did+in+%28%2734481680%27%29&include=Events&entity=markets,data/market/raw/draftkings/2026-08-15/event_34481680/snapshot_draftkings_20260815_233051_subcategory_5735.json,13,success,
draftkings_20260815_233051,2026-08-15T23:30:51.073845+00:00,draftkings_public,DraftKings,34481680,15122,Finish Only,finish_only_moneyline,https://sportsbook-nash.draftkings.com/sites/US-KS-SB/api/sportscontent/controldata/league/eventSubcategory/v1/markets?isBatchable=false&templateVars=15122&marketsQuery=%24filter%3DeventId+eq+%2734481680%27+AND+clientMetadata%2FsubCategoryId+eq+%2715122%27+AND+tags%2Fall%28t%3A+t+ne+%27SportcastBetBuilder%27%29&eventsQuery=%24filter%3Did+in+%28%2734481680%27%29&include=Events&entity=markets,data/market/raw/draftkings/2026-08-15/event_34481680/snapshot_draftkings_20260815_233051_subcategory_15122.json,2,success,
draftkings_20260815_233051,2026-08-15T23:30:51.073845+00:00,draftkings_public,DraftKings,34481680,15123,Decision Only,decision_only_moneyline,https://sportsbook-nash.draftkings.com/sites/US-KS-SB/api/sportscontent/controldata/league/eventSubcategory/v1/markets?isBatchable=false&templateVars=15123&marketsQuery=%24filter%3DeventId+eq+%2734481680%27+AND+clientMetadata%2FsubCategoryId+eq+%2715123%27+AND+tags%2Fall%28t%3A+t+ne+%27SportcastBetBuilder%27%29&eventsQuery=%24filter%3Did+in+%28%2734481680%27%29&include=Events&entity=markets,data/market/raw/draftkings/2026-08-15/event_34481680/snapshot_draftkings_20260815_233051_subcategory_15123.json,2,success,
draftkings_20260815_233051,2026-08-15T23:30:51.073845+00:00,draftkings_public,DraftKings,34481680,15124,Round 1 Only,round_1_only_moneyline,https://sportsbook-nash.draftkings.com/sites/US-KS-SB/api/sportscontent/controldata/league/eventSubcategory/v1/markets?isBatchable=false&templateVars=15124&marketsQuery=%24filter%3DeventId+eq+%2734481680%27+AND+clientMetadata%2FsubCategoryId+eq+%2715124%27+AND+tags%2Fall%28t%3A+t+ne+%27SportcastBetBuilder%27%29&eventsQuery=%24filter%3Did+in+%28%2734481680%27%29&include=Events&entity=markets,data/market/raw/draftkings/2026-08-15/event_34481680/snapshot_draftkings_20260815_233051_subcategory_15124.json,2,success,
draftkings_20260815_233051,2026-08-15T23:30:51.073845+00:00,draftkings_public,DraftKings,34481680,15125,Submission Only,submission_only_moneyline,https://sportsbook-nash.draftkings.com/sites/US-KS-SB/api/sportscontent/controldata/league/eventSubcategory/v1/markets?isBatchable=false&templateVars=15125&marketsQuery=%24filter%3DeventId+eq+%2734481680%27+AND+clientMetadata%2FsubCategoryId+eq+%2715125%27+AND+tags%2Fall%28t%3A+t+ne+%27SportcastBetBuilder%27%29&eventsQuery=%24filter%3Did+in+%28%2734481680%27%29&include=Events&entity=markets,data/market/raw/draftkings/2026-08-15/event_34481680/snapshot_draftkings_20260815_233051_subcategory_15125.json,2,success,
draftkings_20260815_233051,2026-08-15T23:30:51.073845+00:00,draftkings_public,DraftKings,34481680,15126,KO TKO DQ Only,ko_tko_only_moneyline,https://sportsbook-nash.draftkings.com/sites/US-KS-SB/api/sportscontent/controldata/league/eventSubcategory/v1/markets?isBatchable=false&templateVars=15126&marketsQuery=%24filter%3DeventId+eq+%2734481680%27+AND+clientMetadata%2FsubCategoryId+eq+%2715126%27+AND+tags%2Fall%28t%3A+t+ne+%27SportcastBetBuilder%27%29&eventsQuery=%24filter%3Did+in+%28%2734481680%27%29&include=Events&entity=markets,data/market/raw/draftkings/2026-08-15/event_34481680/snapshot_draftkings_20260815_233051_subcategory_15126.json,2,success,
draftkings_20260815_233051,2026-08-15T23:30:51.073845+00:00,draftkings_public,DraftKings,34481680,19390,Fighter Significant Strikes Total,fighter_sig_strikes_total,https://sportsbook-nash.draftkings.com/sites/US-KS-SB/api/sportscontent/controldata/league/eventSubcategory/v1/markets?isBatchable=false&templateVars=19390&marketsQuery=%24filter%3DeventId+eq+%2734481680%27+AND+clientMetadata%2FsubCategoryId+eq+%2719390%27+AND+tags%2Fall%28t%3A+t+ne+%27SportcastBetBuilder%27%29&eventsQuery=%24filter%3Did+in+%28%2734481680%27%29&include=Events&entity=markets,data/market/raw/draftkings/2026-08-15/event_34481680/snapshot_draftkings_20260815_233051_subcategory_19390.json,4,success,
draftkings_20260815_233051,2026-08-15T23:30:51.073845+00:00,draftkings_public,DraftKings,34481682,13025,Main Lines,main_lines,https://sportsbook-nash.draftkings.com/sites/US-KS-SB/api/sportscontent/controldata/league/eventSubcategory/v1/markets?isBatchable=false&templateVars=13025&marketsQuery=%24filter%3DeventId+eq+%2734481682%27+AND+clientMetadata%2FsubCategoryId+eq+%2713025%27+AND+tags%2Fall%28t%3A+t+ne+%27SportcastBetBuilder%27%29&eventsQuery=%24filter%3Did+in+%28%2734481682%27%29&include=Events&entity=markets,data/market/raw/draftkings/2026-08-15/event_34481682/snapshot_draftkings_20260815_233051_subcategory_13025.json,6,success,
draftkings_20260815_233051,2026-08-15T23:30:51.073845+00:00,draftkings_public,DraftKings,34481682,13179,Alternate Total Rounds,alternate_total_rounds,https://sportsbook-nash.draftkings.com/sites/US-KS-SB/api/sportscontent/controldata/league/eventSubcategory/v1/markets?isBatchable=false&templateVars=13179&marketsQuery=%24filter%3DeventId+eq+%2734481682%27+AND+clientMetadata%2FsubCategoryId+eq+%2713179%27+AND+tags%2Fall%28t%3A+t+ne+%27SportcastBetBuilder%27%29&eventsQuery=%24filter%3Did+in+%28%2734481682%27%29&include=Events&entity=markets,data/market/raw/draftkings/2026-08-15/event_34481682/snapshot_draftkings_20260815_233051_subcategory_13179.json,4,success,
draftkings_20260815_233051,2026-08-15T23:30:51.073845+00:00,draftkings_public,DraftKings,34481682,16272,Alternate Point Spread,alternate_point_spread,https://sportsbook-nash.draftkings.com/sites/US-KS-SB/api/sportscontent/controldata/league/eventSubcategory/v1/markets?isBatchable=false&templateVars=16272&marketsQuery=%24filter%3DeventId+eq+%2734481682%27+AND+clientMetadata%2FsubCategoryId+eq+%2716272%27+AND+tags%2Fall%28t%3A+t+ne+%27SportcastBetBuilder%27%29&eventsQuery=%24filter%3Did+in+%28%2734481682%27%29&include=Events&entity=markets,data/market/raw/draftkings/2026-08-15/event_34481682/snapshot_draftkings_20260815_233051_subcategory_16272.json,10,success,
draftkings_20260815_233051,2026-08-15T23:30:51.073845+00:00,draftkings_public,DraftKings,34481682,17644,Fight to Go the Distance,goes_distance,https://sportsbook-nash.draftkings.com/sites/US-KS-SB/api/sportscontent/controldata/league/eventSubcategory/v1/markets?isBatchable=false&templateVars=17644&marketsQuery=%24filter%3DeventId+eq+%2734481682%27+AND+clientMetadata%2FsubCategoryId+eq+%2717644%27+AND+tags%2Fall%28t%3A+t+ne+%27SportcastBetBuilder%27%29&eventsQuery=%24filter%3Did+in+%28%2734481682%27%29&include=Events&entity=markets,data/market/raw/draftkings/2026-08-15/event_34481682/snapshot_draftkings_20260815_233051_subcategory_17644.json,2,success,
draftkings_20260815_233051,2026-08-15T23:30:51.073845+00:00,draftkings_public,DraftKings,34481682,18911,Fighter Method Props,fighter_method_props,https://sportsbook-nash.draftkings.com/sites/US-KS-SB/api/sportscontent/controldata/league/eventSubcategory/v1/markets?isBatchable=false&templateVars=18911&marketsQuery=%24filter%3DeventId+eq+%2734481682%27+AND+clientMetadata%2FsubCategoryId+eq+%2718911%27+AND+tags%2Fall%28t%3A+t+ne+%27SportcastBetBuilder%27%29&eventsQuery=%24filter%3Did+in+%28%2734481682%27%29&include=Events&entity=markets,data/market/raw/draftkings/2026-08-15/event_34481682/snapshot_draftkings_20260815_233051_subcategory_18911.json,6,success,
draftkings_20260815_233051,2026-08-15T23:30:51.073845+00:00,draftkings_public,DraftKings,34481682,6437,Exact Method of Victory,exact_method,https://sportsbook-nash.draftkings.com/sites/US-KS-SB/api/sportscontent/controldata/league/eventSubcategory/v1/markets?isBatchable=false&templateVars=6437&marketsQuery=%24filter%3DeventId+eq+%2734481682%27+AND+clientMetadata%2FsubCategoryId+eq+%276437%27+AND+tags%2Fall%28t%3A+t+ne+%27SportcastBetBuilder%27%29&eventsQuery=%24filter%3Did+in+%28%2734481682%27%29&include=Events&entity=markets,data/market/raw/draftkings/2026-08-15/event_34481682/snapshot_draftkings_20260815_233051_subcategory_6437.json,4,success,
draftkings_20260815_233051,2026-08-15T23:30:51.073845+00:00,draftkings_public,DraftKings,34481682,5735,Round and Method,round_method,https://sportsbook-nash.draftkings.com/sites/US-KS-SB/api/sportscontent/controldata/league/eventSubcategory/v1/markets?isBatchable=false&templateVars=5735&marketsQuery=%24filter%3DeventId+eq+%2734481682%27+AND+clientMetadata%2FsubCategoryId+eq+%275735%27+AND+tags%2Fall%28t%3A+t+ne+%27SportcastBetBuilder%27%29&eventsQuery=%24filter%3Did+in+%28%2734481682%27%29&include=Events&entity=markets,data/market/raw/draftkings/2026-08-15/event_34481682/snapshot_draftkings_20260815_233051_subcategory_5735.json,13,success,
draftkings_20260815_233051,2026-08-15T23:30:51.073845+00:00,draftkings_public,DraftKings,34481682,15122,Finish Only,finish_only_moneyline,https://sportsbook-nash.draftkings.com/sites/US-KS-SB/api/sportscontent/controldata/league/eventSubcategory/v1/markets?isBatchable=false&templateVars=15122&marketsQuery=%24filter%3DeventId+eq+%2734481682%27+AND+clientMetadata%2FsubCategoryId+eq+%2715122%27+AND+tags%2Fall%28t%3A+t+ne+%27SportcastBetBuilder%27%29&eventsQuery=%24filter%3Did+in+%28%2734481682%27%29&include=Events&entity=markets,data/market/raw/draftkings/2026-08-15/event_34481682/snapshot_draftkings_20260815_233051_subcategory_15122.json,2,success,
draftkings_20260815_233051,2026-08-15T23:30:51.073845+00:00,draftkings_public,DraftKings,34481682,15123,Decision Only,decision_only_moneyline,https://sportsbook-nash.draftkings.com/sites/US-KS-SB/api/sportscontent/controldata/league/eventSubcategory/v1/markets?isBatchable=false&templateVars=15123&marketsQuery=%24filter%3DeventId+eq+%2734481682%27+AND+clientMetadata%2FsubCategoryId+eq+%2715123%27+AND+tags%2Fall%28t%3A+t+ne+%27SportcastBetBuilder%27%29&eventsQuery=%24filter%3Did+in+%28%2734481682%27%29&include=Events&entity=markets,data/market/raw/draftkings/2026-08-15/event_34481682/snapshot_draftkings_20260815_233051_subcategory_15123.json,2,success,
draftkings_20260815_233051,2026-08-15T23:30:51.073845+00:00,draftkings_public,DraftKings,34481682,15124,Round 1 Only,round_1_only_moneyline,https://sportsbook-nash.draftkings.com/sites/US-KS-SB/api/sportscontent/controldata/league/eventSubcategory/v1/markets?isBatchable=false&templateVars=15124&marketsQuery=%24filter%3DeventId+eq+%2734481682%27+AND+clientMetadata%2FsubCategoryId+eq+%2715124%27+AND+tags%2Fall%28t%3A+t+ne+%27SportcastBetBuilder%27%29&eventsQuery=%24filter%3Did+in+%28%2734481682%27%29&include=Events&entity=markets,data/market/raw/draftkings/2026-08-15/event_34481682/snapshot_draftkings_20260815_233051_subcategory_15124.json,2,success,
draftkings_20260815_233051,2026-08-15T23:30:51.073845+00:00,draftkings_public,DraftKings,34481682,15125,Submission Only,submission_only_moneyline,https://sportsbook-nash.draftkings.com/sites/US-KS-SB/api/sportscontent/controldata/league/eventSubcategory/v1/markets?isBatchable=false&templateVars=15125&marketsQuery=%24filter%3DeventId+eq+%2734481682%27+AND+clientMetadata%2FsubCategoryId+eq+%2715125%27+AND+tags%2Fall%28t%3A+t+ne+%27SportcastBetBuilder%27%29&eventsQuery=%24filter%3Did+in+%28%2734481682%27%29&include=Events&entity=markets,data/market/raw/draftkings/2026-08-15/event_34481682/snapshot_draftkings_20260815_233051_subcategory_15125.json,2,success,
draftkings_20260815_233051,2026-08-15T23:30:51.073845+00:00,draftkings_public,DraftKings,34481682,15126,KO TKO DQ Only,ko_tko_only_moneyline,https://sportsbook-nash.draftkings.com/sites/US-KS-SB/api/sportscontent/controldata/league/eventSubcategory/v1/markets?isBatchable=false&templateVars=15126&marketsQuery=%24filter%3DeventId+eq+%2734481682%27+AND+clientMetadata%2FsubCategoryId+eq+%2715126%27+AND+tags%2Fall%28t%3A+t+ne+%27SportcastBetBuilder%27%29&eventsQuery=%24filter%3Did+in+%28%2734481682%27%29&include=Events&entity=markets,data/market/raw/draftkings/2026-08-15/event_34481682/snapshot_draftkings_20260815_233051_subcategory_15126.json,2,success,
draftkings_20260815_233051,2026-08-15T23:30:51.073845+00:00,draftkings_public,DraftKings,34481682,19390,Fighter Significant Strikes Total,fighter_sig_strikes_total,https://sportsbook-nash.draftkings.com/sites/US-KS-SB/api/sportscontent/controldata/league/eventSubcategory/v1/markets?isBatchable=false&templateVars=19390&marketsQuery=%24filter%3DeventId+eq+%2734481682%27+AND+clientMetadata%2FsubCategoryId+eq+%2719390%27+AND+tags%2Fall%28t%3A+t+ne+%27SportcastBetBuilder%27%29&eventsQuery=%24filter%3Did+in+%28%2734481682%27%29&include=Events&entity=markets,data/market/raw/draftkings/2026-08-15/event_34481682/snapshot_draftkings_20260815_233051_subcategory_19390.json,4,success,
draftkings_20260815_233051,2026-08-15T23:30:51.073845+00:00,draftkings_public,DraftKings,34481685,13025,Main Lines,main_lines,https://sportsbook-nash.draftkings.com/sites/US-KS-SB/api/sportscontent/controldata/league/eventSubcategory/v1/markets?isBatchable=false&templateVars=13025&marketsQuery=%24filter%3DeventId+eq+%2734481685%27+AND+clientMetadata%2FsubCategoryId+eq+%2713025%27+AND+tags%2Fall%28t%3A+t+ne+%27SportcastBetBuilder%27%29&eventsQuery=%24filter%3Did+in+%28%2734481685%27%29&include=Events&entity=markets,data/market/raw/draftkings/2026-08-15/event_34481685/snapshot_draftkings_20260815_233051_subcategory_13025.json,6,success,
draftkings_20260815_233051,2026-08-15T23:30:51.073845+00:00,draftkings_public,DraftKings,34481685,13179,Alternate Total Rounds,alternate_total_rounds,https://sportsbook-nash.draftkings.com/sites/US-KS-SB/api/sportscontent/controldata/league/eventSubcategory/v1/markets?isBatchable=false&templateVars=13179&marketsQuery=%24filter%3DeventId+eq+%2734481685%27+AND+clientMetadata%2FsubCategoryId+eq+%2713179%27+AND+tags%2Fall%28t%3A+t+ne+%27SportcastBetBuilder%27%29&eventsQuery=%24filter%3Did+in+%28%2734481685%27%29&include=Events&entity=markets,data/market/raw/draftkings/2026-08-15/event_34481685/snapshot_draftkings_20260815_233051_subcategory_13179.json,4,success,
draftkings_20260815_233051,2026-08-15T23:30:51.073845+00:00,draftkings_public,DraftKings,34481685,16272,Alternate Point Spread,alternate_point_spread,https://sportsbook-nash.draftkings.com/sites/US-KS-SB/api/sportscontent/controldata/league/eventSubcategory/v1/markets?isBatchable=false&templateVars=16272&marketsQuery=%24filter%3DeventId+eq+%2734481685%27+AND+clientMetadata%2FsubCategoryId+eq+%2716272%27+AND+tags%2Fall%28t%3A+t+ne+%27SportcastBetBuilder%27%29&eventsQuery=%24filter%3Did+in+%28%2734481685%27%29&include=Events&entity=markets,data/market/raw/draftkings/2026-08-15/event_34481685/snapshot_draftkings_20260815_233051_subcategory_16272.json,10,success,
draftkings_20260815_233051,2026-08-15T23:30:51.073845+00:00,draftkings_public,DraftKings,34481685,17644,Fight to Go the Distance,goes_distance,https://sportsbook-nash.draftkings.com/sites/US-KS-SB/api/sportscontent/controldata/league/eventSubcategory/v1/markets?isBatchable=false&templateVars=17644&marketsQuery=%24filter%3DeventId+eq+%2734481685%27+AND+clientMetadata%2FsubCategoryId+eq+%2717644%27+AND+tags%2Fall%28t%3A+t+ne+%27SportcastBetBuilder%27%29&eventsQuery=%24filter%3Did+in+%28%2734481685%27%29&include=Events&entity=markets,data/market/raw/draftkings/2026-08-15/event_34481685/snapshot_draftkings_20260815_233051_subcategory_17644.json,2,success,
draftkings_20260815_233051,2026-08-15T23:30:51.073845+00:00,draftkings_public,DraftKings,34481685,18911,Fighter Method Props,fighter_method_props,https://sportsbook-nash.draftkings.com/sites/US-KS-SB/api/sportscontent/controldata/league/eventSubcategory/v1/markets?isBatchable=false&templateVars=18911&marketsQuery=%24filter%3DeventId+eq+%2734481685%27+AND+clientMetadata%2FsubCategoryId+eq+%2718911%27+AND+tags%2Fall%28t%3A+t+ne+%27SportcastBetBuilder%27%29&eventsQuery=%24filter%3Did+in+%28%2734481685%27%29&include=Events&entity=markets,data/market/raw/draftkings/2026-08-15/event_34481685/snapshot_draftkings_20260815_233051_subcategory_18911.json,6,success,
draftkings_20260815_233051,2026-08-15T23:30:51.073845+00:00,draftkings_public,DraftKings,34481685,6437,Exact Method of Victory,exact_method,https://sportsbook-nash.draftkings.com/sites/US-KS-SB/api/sportscontent/controldata/league/eventSubcategory/v1/markets?isBatchable=false&templateVars=6437&marketsQuery=%24filter%3DeventId+eq+%2734481685%27+AND+clientMetadata%2FsubCategoryId+eq+%276437%27+AND+tags%2Fall%28t%3A+t+ne+%27SportcastBetBuilder%27%29&eventsQuery=%24filter%3Did+in+%28%2734481685%27%29&include=Events&entity=markets,data/market/raw/draftkings/2026-08-15/event_34481685/snapshot_draftkings_20260815_233051_subcategory_6437.json,4,success,
draftkings_20260815_233051,2026-08-15T23:30:51.073845+00:00,draftkings_public,DraftKings,34481685,5735,Round and Method,round_method,https://sportsbook-nash.draftkings.com/sites/US-KS-SB/api/sportscontent/controldata/league/eventSubcategory/v1/markets?isBatchable=false&templateVars=5735&marketsQuery=%24filter%3DeventId+eq+%2734481685%27+AND+clientMetadata%2FsubCategoryId+eq+%275735%27+AND+tags%2Fall%28t%3A+t+ne+%27SportcastBetBuilder%27%29&eventsQuery=%24filter%3Did+in+%28%2734481685%27%29&include=Events&entity=markets,data/market/raw/draftkings/2026-08-15/event_34481685/snapshot_draftkings_20260815_233051_subcategory_5735.json,13,success,
draftkings_20260815_233051,2026-08-15T23:30:51.073845+00:00,draftkings_public,DraftKings,34481685,15122,Finish Only,finish_only_moneyline,https://sportsbook-nash.draftkings.com/sites/US-KS-SB/api/sportscontent/controldata/league/eventSubcategory/v1/markets?isBatchable=false&templateVars=15122&marketsQuery=%24filter%3DeventId+eq+%2734481685%27+AND+clientMetadata%2FsubCategoryId+eq+%2715122%27+AND+tags%2Fall%28t%3A+t+ne+%27SportcastBetBuilder%27%29&eventsQuery=%24filter%3Did+in+%28%2734481685%27%29&include=Events&entity=markets,data/market/raw/draftkings/2026-08-15/event_34481685/snapshot_draftkings_20260815_233051_subcategory_15122.json,2,success,
draftkings_20260815_233051,2026-08-15T23:30:51.073845+00:00,draftkings_public,DraftKings,34481685,15123,Decision Only,decision_only_moneyline,https://sportsbook-nash.draftkings.com/sites/US-KS-SB/api/sportscontent/controldata/league/eventSubcategory/v1/markets?isBatchable=false&templateVars=15123&marketsQuery=%24filter%3DeventId+eq+%2734481685%27+AND+clientMetadata%2FsubCategoryId+eq+%2715123%27+AND+tags%2Fall%28t%3A+t+ne+%27SportcastBetBuilder%27%29&eventsQuery=%24filter%3Did+in+%28%2734481685%27%29&include=Events&entity=markets,data/market/raw/draftkings/2026-08-15/event_34481685/snapshot_draftkings_20260815_233051_subcategory_15123.json,2,success,
draftkings_20260815_233051,2026-08-15T23:30:51.073845+00:00,draftkings_public,DraftKings,34481685,15124,Round 1 Only,round_1_only_moneyline,https://sportsbook-nash.draftkings.com/sites/US-KS-SB/api/sportscontent/controldata/league/eventSubcategory/v1/markets?isBatchable=false&templateVars=15124&marketsQuery=%24filter%3DeventId+eq+%2734481685%27+AND+clientMetadata%2FsubCategoryId+eq+%2715124%27+AND+tags%2Fall%28t%3A+t+ne+%27SportcastBetBuilder%27%29&eventsQuery=%24filter%3Did+in+%28%2734481685%27%29&include=Events&entity=markets,data/market/raw/draftkings/2026-08-15/event_34481685/snapshot_draftkings_20260815_233051_subcategory_15124.json,2,success,
draftkings_20260815_233051,2026-08-15T23:30:51.073845+00:00,draftkings_public,DraftKings,34481685,15125,Submission Only,submission_only_moneyline,https://sportsbook-nash.draftkings.com/sites/US-KS-SB/api/sportscontent/controldata/league/eventSubcategory/v1/markets?isBatchable=false&templateVars=15125&marketsQuery=%24filter%3DeventId+eq+%2734481685%27+AND+clientMetadata%2FsubCategoryId+eq+%2715125%27+AND+tags%2Fall%28t%3A+t+ne+%27SportcastBetBuilder%27%29&eventsQuery=%24filter%3Did+in+%28%2734481685%27%29&include=Events&entity=markets,data/market/raw/draftkings/2026-08-15/event_34481685/snapshot_draftkings_20260815_233051_subcategory_15125.json,2,success,
draftkings_20260815_233051,2026-08-15T23:30:51.073845+00:00,draftkings_public,DraftKings,34481685,15126,KO TKO DQ Only,ko_tko_only_moneyline,https://sportsbook-nash.draftkings.com/sites/US-KS-SB/api/sportscontent/controldata/league/eventSubcategory/v1/markets?isBatchable=false&templateVars=15126&marketsQuery=%24filter%3DeventId+eq+%2734481685%27+AND+clientMetadata%2FsubCategoryId+eq+%2715126%27+AND+tags%2Fall%28t%3A+t+ne+%27SportcastBetBuilder%27%29&eventsQuery=%24filter%3Did+in+%28%2734481685%27%29&include=Events&entity=markets,data/market/raw/draftkings/2026-08-15/event_34481685/snapshot_draftkings_20260815_233051_subcategory_15126.json,2,success,
draftkings_20260815_233051,2026-08-15T23:30:51.073845+00:00,draftkings_public,DraftKings,34481685,19390,Fighter Significant Strikes Total,fighter_sig_strikes_total,https://sportsbook-nash.draftkings.com/sites/US-KS-SB/api/sportscontent/controldata/league/eventSubcategory/v1/markets?isBatchable=false&templateVars=19390&marketsQuery=%24filter%3DeventId+eq+%2734481685%27+AND+clientMetadata%2FsubCategoryId+eq+%2719390%27+AND+tags%2Fall%28t%3A+t+ne+%27SportcastBetBuilder%27%29&eventsQuery=%24filter%3Did+in+%28%2734481685%27%29&include=Events&entity=markets,data/market/raw/draftkings/2026-08-15/event_34481685/snapshot_draftkings_20260815_233051_subcategory_19390.json,4,success,
draftkings_20260815_233051,2026-08-15T23:30:51.073845+00:00,draftkings_public,DraftKings,34292155,13025,Main Lines,main_lines,https://sportsbook-nash.draftkings.com/sites/US-KS-SB/api/sportscontent/controldata/league/eventSubcategory/v1/markets?isBatchable=false&templateVars=13025&marketsQuery=%24filter%3DeventId+eq+%2734292155%27+AND+clientMetadata%2FsubCategoryId+eq+%2713025%27+AND+tags%2Fall%28t%3A+t+ne+%27SportcastBetBuilder%27%29&eventsQuery=%24filter%3Did+in+%28%2734292155%27%29&include=Events&entity=markets,data/market/raw/draftkings/2026-08-15/event_34292155/snapshot_draftkings_20260815_233051_subcategory_13025.json,6,success,
draftkings_20260815_233051,2026-08-15T23:30:51.073845+00:00,draftkings_public,DraftKings,34292155,13179,Alternate Total Rounds,alternate_total_rounds,https://sportsbook-nash.draftkings.com/sites/US-KS-SB/api/sportscontent/controldata/league/eventSubcategory/v1/markets?isBatchable=false&templateVars=13179&marketsQuery=%24filter%3DeventId+eq+%2734292155%27+AND+clientMetadata%2FsubCategoryId+eq+%2713179%27+AND+tags%2Fall%28t%3A+t+ne+%27SportcastBetBuilder%27%29&eventsQuery=%24filter%3Did+in+%28%2734292155%27%29&include=Events&entity=markets,data/market/raw/draftkings/2026-08-15/event_34292155/snapshot_draftkings_20260815_233051_subcategory_13179.json,8,success,
draftkings_20260815_233051,2026-08-15T23:30:51.073845+00:00,draftkings_public,DraftKings,34292155,16272,Alternate Point Spread,alternate_point_spread,https://sportsbook-nash.draftkings.com/sites/US-KS-SB/api/sportscontent/controldata/league/eventSubcategory/v1/markets?isBatchable=false&templateVars=16272&marketsQuery=%24filter%3DeventId+eq+%2734292155%27+AND+clientMetadata%2FsubCategoryId+eq+%2716272%27+AND+tags%2Fall%28t%3A+t+ne+%27SportcastBetBuilder%27%29&eventsQuery=%24filter%3Did+in+%28%2734292155%27%29&include=Events&entity=markets,data/market/raw/draftkings/2026-08-15/event_34292155/snapshot_draftkings_20260815_233051_subcategory_16272.json,10,success,
draftkings_20260815_233051,2026-08-15T23:30:51.073845+00:00,draftkings_public,DraftKings,34292155,17644,Fight to Go the Distance,goes_distance,https://sportsbook-nash.draftkings.com/sites/US-KS-SB/api/sportscontent/controldata/league/eventSubcategory/v1/markets?isBatchable=false&templateVars=17644&marketsQuery=%24filter%3DeventId+eq+%2734292155%27+AND+clientMetadata%2FsubCategoryId+eq+%2717644%27+AND+tags%2Fall%28t%3A+t+ne+%27SportcastBetBuilder%27%29&eventsQuery=%24filter%3Did+in+%28%2734292155%27%29&include=Events&entity=markets,data/market/raw/draftkings/2026-08-15/event_34292155/snapshot_draftkings_20260815_233051_subcategory_17644.json,2,success,
draftkings_20260815_233051,2026-08-15T23:30:51.073845+00:00,draftkings_public,DraftKings,34292155,18911,Fighter Method Props,fighter_method_props,https://sportsbook-nash.draftkings.com/sites/US-KS-SB/api/sportscontent/controldata/league/eventSubcategory/v1/markets?isBatchable=false&templateVars=18911&marketsQuery=%24filter%3DeventId+eq+%2734292155%27+AND+clientMetadata%2FsubCategoryId+eq+%2718911%27+AND+tags%2Fall%28t%3A+t+ne+%27SportcastBetBuilder%27%29&eventsQuery=%24filter%3Did+in+%28%2734292155%27%29&include=Events&entity=markets,data/market/raw/draftkings/2026-08-15/event_34292155/snapshot_draftkings_20260815_233051_subcategory_18911.json,6,success,
draftkings_20260815_233051,2026-08-15T23:30:51.073845+00:00,draftkings_public,DraftKings,34292155,6437,Exact Method of Victory,exact_method,https://sportsbook-nash.draftkings.com/sites/US-KS-SB/api/sportscontent/controldata/league/eventSubcategory/v1/markets?isBatchable=false&templateVars=6437&marketsQuery=%24filter%3DeventId+eq+%2734292155%27+AND+clientMetadata%2FsubCategoryId+eq+%276437%27+AND+tags%2Fall%28t%3A+t+ne+%27SportcastBetBuilder%27%29&eventsQuery=%24filter%3Did+in+%28%2734292155%27%29&include=Events&entity=markets,data/market/raw/draftkings/2026-08-15/event_34292155/snapshot_draftkings_20260815_233051_subcategory_6437.json,4,success,
draftkings_20260815_233051,2026-08-15T23:30:51.073845+00:00,draftkings_public,DraftKings,34292155,5735,Round and Method,round_method,https://sportsbook-nash.draftkings.com/sites/US-KS-SB/api/sportscontent/controldata/league/eventSubcategory/v1/markets?isBatchable=false&templateVars=5735&marketsQuery=%24filter%3DeventId+eq+%2734292155%27+AND+clientMetadata%2FsubCategoryId+eq+%275735%27+AND+tags%2Fall%28t%3A+t+ne+%27SportcastBetBuilder%27%29&eventsQuery=%24filter%3Did+in+%28%2734292155%27%29&include=Events&entity=markets,data/market/raw/draftkings/2026-08-15/event_34292155/snapshot_draftkings_20260815_233051_subcategory_5735.json,21,success,
draftkings_20260815_233051,2026-08-15T23:30:51.073845+00:00,draftkings_public,DraftKings,34292155,15122,Finish Only,finish_only_moneyline,https://sportsbook-nash.draftkings.com/sites/US-KS-SB/api/sportscontent/controldata/league/eventSubcategory/v1/markets?isBatchable=false&templateVars=15122&marketsQuery=%24filter%3DeventId+eq+%2734292155%27+AND+clientMetadata%2FsubCategoryId+eq+%2715122%27+AND+tags%2Fall%28t%3A+t+ne+%27SportcastBetBuilder%27%29&eventsQuery=%24filter%3Did+in+%28%2734292155%27%29&include=Events&entity=markets,data/market/raw/draftkings/2026-08-15/event_34292155/snapshot_draftkings_20260815_233051_subcategory_15122.json,2,success,
draftkings_20260815_233051,2026-08-15T23:30:51.073845+00:00,draftkings_public,DraftKings,34292155,15123,Decision Only,decision_only_moneyline,https://sportsbook-nash.draftkings.com/sites/US-KS-SB/api/sportscontent/controldata/league/eventSubcategory/v1/markets?isBatchable=false&templateVars=15123&marketsQuery=%24filter%3DeventId+eq+%2734292155%27+AND+clientMetadata%2FsubCategoryId+eq+%2715123%27+AND+tags%2Fall%28t%3A+t+ne+%27SportcastBetBuilder%27%29&eventsQuery=%24filter%3Did+in+%28%2734292155%27%29&include=Events&entity=markets,data/market/raw/draftkings/2026-08-15/event_34292155/snapshot_draftkings_20260815_233051_subcategory_15123.json,2,success,
draftkings_20260815_233051,2026-08-15T23:30:51.073845+00:00,draftkings_public,DraftKings,34292155,15124,Round 1 Only,round_1_only_moneyline,https://sportsbook-nash.draftkings.com/sites/US-KS-SB/api/sportscontent/controldata/league/eventSubcategory/v1/markets?isBatchable=false&templateVars=15124&marketsQuery=%24filter%3DeventId+eq+%2734292155%27+AND+clientMetadata%2FsubCategoryId+eq+%2715124%27+AND+tags%2Fall%28t%3A+t+ne+%27SportcastBetBuilder%27%29&eventsQuery=%24filter%3Did+in+%28%2734292155%27%29&include=Events&entity=markets,data/market/raw/draftkings/2026-08-15/event_34292155/snapshot_draftkings_20260815_233051_subcategory_15124.json,2,success,
draftkings_20260815_233051,2026-08-15T23:30:51.073845+00:00,draftkings_public,DraftKings,34292155,15125,Submission Only,submission_only_moneyline,https://sportsbook-nash.draftkings.com/sites/US-KS-SB/api/sportscontent/controldata/league/eventSubcategory/v1/markets?isBatchable=false&templateVars=15125&marketsQuery=%24filter%3DeventId+eq+%2734292155%27+AND+clientMetadata%2FsubCategoryId+eq+%2715125%27+AND+tags%2Fall%28t%3A+t+ne+%27SportcastBetBuilder%27%29&eventsQuery=%24filter%3Did+in+%28%2734292155%27%29&include=Events&entity=markets,data/market/raw/draftkings/2026-08-15/event_34292155/snapshot_draftkings_20260815_233051_subcategory_15125.json,2,success,
draftkings_20260815_233051,2026-08-15T23:30:51.073845+00:00,draftkings_public,DraftKings,34292155,15126,KO TKO DQ Only,ko_tko_only_moneyline,https://sportsbook-nash.draftkings.com/sites/US-KS-SB/api/sportscontent/controldata/league/eventSubcategory/v1/markets?isBatchable=false&templateVars=15126&marketsQuery=%24filter%3DeventId+eq+%2734292155%27+AND+clientMetadata%2FsubCategoryId+eq+%2715126%27+AND+tags%2Fall%28t%3A+t+ne+%27SportcastBetBuilder%27%29&eventsQuery=%24filter%3Did+in+%28%2734292155%27%29&include=Events&entity=markets,data/market/raw/draftkings/2026-08-15/event_34292155/snapshot_draftkings_20260815_233051_subcategory_15126.json,2,success,
draftkings_20260815_233051,2026-08-15T23:30:51.073845+00:00,draftkings_public,DraftKings,34292155,19390,Fighter Significant Strikes Total,fighter_sig_strikes_total,https://sportsbook-nash.draftkings.com/sites/US-KS-SB/api/sportscontent/controldata/league/eventSubcategory/v1/markets?isBatchable=false&templateVars=19390&marketsQuery=%24filter%3DeventId+eq+%2734292155%27+AND+clientMetadata%2FsubCategoryId+eq+%2719390%27+AND+tags%2Fall%28t%3A+t+ne+%27SportcastBetBuilder%27%29&eventsQuery=%24filter%3Did+in+%28%2734292155%27%29&include=Events&entity=markets,data/market/raw/draftkings/2026-08-15/event_34292155/snapshot_draftkings_20260815_233051_subcategory_19390.json,4,success,
draftkings_20260815_233051,2026-08-15T23:30:51.073845+00:00,draftkings_public,DraftKings,33394665,13025,Main Lines,main_lines,https://sportsbook-nash.draftkings.com/sites/US-KS-SB/api/sportscontent/controldata/league/eventSubcategory/v1/markets?isBatchable=false&templateVars=13025&marketsQuery=%24filter%3DeventId+eq+%2733394665%27+AND+clientMetadata%2FsubCategoryId+eq+%2713025%27+AND+tags%2Fall%28t%3A+t+ne+%27SportcastBetBuilder%27%29&eventsQuery=%24filter%3Did+in+%28%2733394665%27%29&include=Events&entity=markets,data/market/raw/draftkings/2026-08-15/event_33394665/snapshot_draftkings_20260815_233051_subcategory_13025.json,6,success,
draftkings_20260815_233051,2026-08-15T23:30:51.073845+00:00,draftkings_public,DraftKings,33394665,13179,Alternate Total Rounds,alternate_total_rounds,https://sportsbook-nash.draftkings.com/sites/US-KS-SB/api/sportscontent/controldata/league/eventSubcategory/v1/markets?isBatchable=false&templateVars=13179&marketsQuery=%24filter%3DeventId+eq+%2733394665%27+AND+clientMetadata%2FsubCategoryId+eq+%2713179%27+AND+tags%2Fall%28t%3A+t+ne+%27SportcastBetBuilder%27%29&eventsQuery=%24filter%3Did+in+%28%2733394665%27%29&include=Events&entity=markets,data/market/raw/draftkings/2026-08-15/event_33394665/snapshot_draftkings_20260815_233051_subcategory_13179.json,8,success,
draftkings_20260815_233051,2026-08-15T23:30:51.073845+00:00,draftkings_public,DraftKings,33394665,16272,Alternate Point Spread,alternate_point_spread,https://sportsbook-nash.draftkings.com/sites/US-KS-SB/api/sportscontent/controldata/league/eventSubcategory/v1/markets?isBatchable=false&templateVars=16272&marketsQuery=%24filter%3DeventId+eq+%2733394665%27+AND+clientMetadata%2FsubCategoryId+eq+%2716272%27+AND+tags%2Fall%28t%3A+t+ne+%27SportcastBetBuilder%27%29&eventsQuery=%24filter%3Did+in+%28%2733394665%27%29&include=Events&entity=markets,data/market/raw/draftkings/2026-08-15/event_33394665/snapshot_draftkings_20260815_233051_subcategory_16272.json,10,success,
draftkings_20260815_233051,2026-08-15T23:30:51.073845+00:00,draftkings_public,DraftKings,33394665,17644,Fight to Go the Distance,goes_distance,https://sportsbook-nash.draftkings.com/sites/US-KS-SB/api/sportscontent/controldata/league/eventSubcategory/v1/markets?isBatchable=false&templateVars=17644&marketsQuery=%24filter%3DeventId+eq+%2733394665%27+AND+clientMetadata%2FsubCategoryId+eq+%2717644%27+AND+tags%2Fall%28t%3A+t+ne+%27SportcastBetBuilder%27%29&eventsQuery=%24filter%3Did+in+%28%2733394665%27%29&include=Events&entity=markets,data/market/raw/draftkings/2026-08-15/event_33394665/snapshot_draftkings_20260815_233051_subcategory_17644.json,2,success,
draftkings_20260815_233051,2026-08-15T23:30:51.073845+00:00,draftkings_public,DraftKings,33394665,18911,Fighter Method Props,fighter_method_props,https://sportsbook-nash.draftkings.com/sites/US-KS-SB/api/sportscontent/controldata/league/eventSubcategory/v1/markets?isBatchable=false&templateVars=18911&marketsQuery=%24filter%3DeventId+eq+%2733394665%27+AND+clientMetadata%2FsubCategoryId+eq+%2718911%27+AND+tags%2Fall%28t%3A+t+ne+%27SportcastBetBuilder%27%29&eventsQuery=%24filter%3Did+in+%28%2733394665%27%29&include=Events&entity=markets,data/market/raw/draftkings/2026-08-15/event_33394665/snapshot_draftkings_20260815_233051_subcategory_18911.json,6,success,
draftkings_20260815_233051,2026-08-15T23:30:51.073845+00:00,draftkings_public,DraftKings,33394665,6437,Exact Method of Victory,exact_method,https://sportsbook-nash.draftkings.com/sites/US-KS-SB/api/sportscontent/controldata/league/eventSubcategory/v1/markets?isBatchable=false&templateVars=6437&marketsQuery=%24filter%3DeventId+eq+%2733394665%27+AND+clientMetadata%2FsubCategoryId+eq+%276437%27+AND+tags%2Fall%28t%3A+t+ne+%27SportcastBetBuilder%27%29&eventsQuery=%24filter%3Did+in+%28%2733394665%27%29&include=Events&entity=markets,data/market/raw/draftkings/2026-08-15/event_33394665/snapshot_draftkings_20260815_233051_subcategory_6437.json,4,success,
draftkings_20260815_233051,2026-08-15T23:30:51.073845+00:00,draftkings_public,DraftKings,33394665,5735,Round and Method,round_method,https://sportsbook-nash.draftkings.com/sites/US-KS-SB/api/sportscontent/controldata/league/eventSubcategory/v1/markets?isBatchable=false&templateVars=5735&marketsQuery=%24filter%3DeventId+eq+%2733394665%27+AND+clientMetadata%2FsubCategoryId+eq+%275735%27+AND+tags%2Fall%28t%3A+t+ne+%27SportcastBetBuilder%27%29&eventsQuery=%24filter%3Did+in+%28%2733394665%27%29&include=Events&entity=markets,data/market/raw/draftkings/2026-08-15/event_33394665/snapshot_draftkings_20260815_233051_subcategory_5735.json,21,success,
draftkings_20260815_233051,2026-08-15T23:30:51.073845+00:00,draftkings_public,DraftKings,33394665,15122,Finish Only,finish_only_moneyline,https://sportsbook-nash.draftkings.com/sites/US-KS-SB/api/sportscontent/controldata/league/eventSubcategory/v1/markets?isBatchable=false&templateVars=15122&marketsQuery=%24filter%3DeventId+eq+%2733394665%27+AND+clientMetadata%2FsubCategoryId+eq+%2715122%27+AND+tags%2Fall%28t%3A+t+ne+%27SportcastBetBuilder%27%29&eventsQuery=%24filter%3Did+in+%28%2733394665%27%29&include=Events&entity=markets,data/market/raw/draftkings/2026-08-15/event_33394665/snapshot_draftkings_20260815_233051_subcategory_15122.json,2,success,
draftkings_20260815_233051,2026-08-15T23:30:51.073845+00:00,draftkings_public,DraftKings,33394665,15123,Decision Only,decision_only_moneyline,https://sportsbook-nash.draftkings.com/sites/US-KS-SB/api/sportscontent/controldata/league/eventSubcategory/v1/markets?isBatchable=false&templateVars=15123&marketsQuery=%24filter%3DeventId+eq+%2733394665%27+AND+clientMetadata%2FsubCategoryId+eq+%2715123%27+AND+tags%2Fall%28t%3A+t+ne+%27SportcastBetBuilder%27%29&eventsQuery=%24filter%3Did+in+%28%2733394665%27%29&include=Events&entity=markets,data/market/raw/draftkings/2026-08-15/event_33394665/snapshot_draftkings_20260815_233051_subcategory_15123.json,2,success,
draftkings_20260815_233051,2026-08-15T23:30:51.073845+00:00,draftkings_public,DraftKings,33394665,15124,Round 1 Only,round_1_only_moneyline,https://sportsbook-nash.draftkings.com/sites/US-KS-SB/api/sportscontent/controldata/league/eventSubcategory/v1/markets?isBatchable=false&templateVars=15124&marketsQuery=%24filter%3DeventId+eq+%2733394665%27+AND+clientMetadata%2FsubCategoryId+eq+%2715124%27+AND+tags%2Fall%28t%3A+t+ne+%27SportcastBetBuilder%27%29&eventsQuery=%24filter%3Did+in+%28%2733394665%27%29&include=Events&entity=markets,data/market/raw/draftkings/2026-08-15/event_33394665/snapshot_draftkings_20260815_233051_subcategory_15124.json,2,success,
draftkings_20260815_233051,2026-08-15T23:30:51.073845+00:00,draftkings_public,DraftKings,33394665,15125,Submission Only,submission_only_moneyline,https://sportsbook-nash.draftkings.com/sites/US-KS-SB/api/sportscontent/controldata/league/eventSubcategory/v1/markets?isBatchable=false&templateVars=15125&marketsQuery=%24filter%3DeventId+eq+%2733394665%27+AND+clientMetadata%2FsubCategoryId+eq+%2715125%27+AND+tags%2Fall%28t%3A+t+ne+%27SportcastBetBuilder%27%29&eventsQuery=%24filter%3Did+in+%28%2733394665%27%29&include=Events&entity=markets,data/market/raw/draftkings/2026-08-15/event_33394665/snapshot_draftkings_20260815_233051_subcategory_15125.json,2,success,
draftkings_20260815_233051,2026-08-15T23:30:51.073845+00:00,draftkings_public,DraftKings,33394665,15126,KO TKO DQ Only,ko_tko_only_moneyline,https://sportsbook-nash.draftkings.com/sites/US-KS-SB/api/sportscontent/controldata/league/eventSubcategory/v1/markets?isBatchable=false&templateVars=15126&marketsQuery=%24filter%3DeventId+eq+%2733394665%27+AND+clientMetadata%2FsubCategoryId+eq+%2715126%27+AND+tags%2Fall%28t%3A+t+ne+%27SportcastBetBuilder%27%29&eventsQuery=%24filter%3Did+in+%28%2733394665%27%29&include=Events&entity=markets,data/market/raw/draftkings/2026-08-15/event_33394665/snapshot_draftkings_20260815_233051_subcategory_15126.json,2,success,
draftkings_20260815_233051,2026-08-15T23:30:51.073845+00:00,draftkings_public,DraftKings,33394665,19390,Fighter Significant Strikes Total,fighter_sig_strikes_total,https://sportsbook-nash.draftkings.com/sites/US-KS-SB/api/sportscontent/controldata/league/eventSubcategory/v1/markets?isBatchable=false&templateVars=19390&marketsQuery=%24filter%3DeventId+eq+%2733394665%27+AND+clientMetadata%2FsubCategoryId+eq+%2719390%27+AND+tags%2Fall%28t%3A+t+ne+%27SportcastBetBuilder%27%29&eventsQuery=%24filter%3Did+in+%28%2733394665%27%29&include=Events&entity=markets,data/market/raw/draftkings/2026-08-15/event_33394665/snapshot_draftkings_20260815_233051_subcategory_19390.json,4,success,
draftkings_20260819_084146,2026-08-19T08:41:46.983386+00:00,draftkings_public,DraftKings,34532645,13025,Main Lines,main_lines,https://sportsbook-nash.draftkings.com/sites/US-KS-SB/api/sportscontent/controldata/league/eventSubcategory/v1/markets?isBatchable=false&templateVars=13025&marketsQuery=%24filter%3DeventId+eq+%2734532645%27+AND+clientMetadata%2FsubCategoryId+eq+%2713025%27+AND+tags%2Fall%28t%3A+t+ne+%27SportcastBetBuilder%27%29&eventsQuery=%24filter%3Did+in+%28%2734532645%27%29&include=Events&entity=markets,data/market/raw/draftkings/2026-08-19/event_34532645/snapshot_draftkings_20260819_084146_subcategory_13025.json,4,success,
draftkings_20260819_084146,2026-08-19T08:41:46.983386+00:00,draftkings_public,DraftKings,34532645,13179,Alternate Total Rounds,alternate_total_rounds,https://sportsbook-nash.draftkings.com/sites/US-KS-SB/api/sportscontent/controldata/league/eventSubcategory/v1/markets?isBatchable=false&templateVars=13179&marketsQuery=%24filter%3DeventId+eq+%2734532645%27+AND+clientMetadata%2FsubCategoryId+eq+%2713179%27+AND+tags%2Fall%28t%3A+t+ne+%27SportcastBetBuilder%27%29&eventsQuery=%24filter%3Did+in+%28%2734532645%27%29&include=Events&entity=markets,data/market/raw/draftkings/2026-08-19/event_34532645/snapshot_draftkings_20260819_084146_subcategory_13179.json,0,success,
draftkings_20260819_084146,2026-08-19T08:41:46.983386+00:00,draftkings_public,DraftKings,34532645,16272,Alternate Point Spread,alternate_point_spread,https://sportsbook-nash.draftkings.com/sites/US-KS-SB/api/sportscontent/controldata/league/eventSubcategory/v1/markets?isBatchable=false&templateVars=16272&marketsQuery=%24filter%3DeventId+eq+%2734532645%27+AND+clientMetadata%2FsubCategoryId+eq+%2716272%27+AND+tags%2Fall%28t%3A+t+ne+%27SportcastBetBuilder%27%29&eventsQuery=%24filter%3Did+in+%28%2734532645%27%29&include=Events&entity=markets,data/market/raw/draftkings/2026-08-19/event_34532645/snapshot_draftkings_20260819_084146_subcategory_16272.json,0,success,
draftkings_20260819_084146,2026-08-19T08:41:46.983386+00:00,draftkings_public,DraftKings,34532645,17644,Fight to Go the Distance,goes_distance,https://sportsbook-nash.draftkings.com/sites/US-KS-SB/api/sportscontent/controldata/league/eventSubcategory/v1/markets?isBatchable=false&templateVars=17644&marketsQuery=%24filter%3DeventId+eq+%2734532645%27+AND+clientMetadata%2FsubCategoryId+eq+%2717644%27+AND+tags%2Fall%28t%3A+t+ne+%27SportcastBetBuilder%27%29&eventsQuery=%24filter%3Did+in+%28%2734532645%27%29&include=Events&entity=markets,data/market/raw/draftkings/2026-08-19/event_34532645/snapshot_draftkings_20260819_084146_subcategory_17644.json,0,success,
draftkings_20260819_084146,2026-08-19T08:41:46.983386+00:00,draftkings_public,DraftKings,34532645,18911,Fighter Method Props,fighter_method_props,https://sportsbook-nash.draftkings.com/sites/US-KS-SB/api/sportscontent/controldata/league/eventSubcategory/v1/markets?isBatchable=false&templateVars=18911&marketsQuery=%24filter%3DeventId+eq+%2734532645%27+AND+clientMetadata%2FsubCategoryId+eq+%2718911%27+AND+tags%2Fall%28t%3A+t+ne+%27SportcastBetBuilder%27%29&eventsQuery=%24filter%3Did+in+%28%2734532645%27%29&include=Events&entity=markets,data/market/raw/draftkings/2026-08-19/event_34532645/snapshot_draftkings_20260819_084146_subcategory_18911.json,0,success,
draftkings_20260819_084146,2026-08-19T08:41:46.983386+00:00,draftkings_public,DraftKings,34532645,6437,Exact Method of Victory,exact_method,https://sportsbook-nash.draftkings.com/sites/US-KS-SB/api/sportscontent/controldata/league/eventSubcategory/v1/markets?isBatchable=false&templateVars=6437&marketsQuery=%24filter%3DeventId+eq+%2734532645%27+AND+clientMetadata%2FsubCategoryId+eq+%276437%27+AND+tags%2Fall%28t%3A+t+ne+%27SportcastBetBuilder%27%29&eventsQuery=%24filter%3Did+in+%28%2734532645%27%29&include=Events&entity=markets,data/market/raw/draftkings/2026-08-19/event_34532645/snapshot_draftkings_20260819_084146_subcategory_6437.json,0,success,
draftkings_20260819_084146,2026-08-19T08:41:46.983386+00:00,draftkings_public,DraftKings,34532645,5735,Round and Method,round_method,https://sportsbook-nash.draftkings.com/sites/US-KS-SB/api/sportscontent/controldata/league/eventSubcategory/v1/markets?isBatchable=false&templateVars=5735&marketsQuery=%24filter%3DeventId+eq+%2734532645%27+AND+clientMetadata%2FsubCategoryId+eq+%275735%27+AND+tags%2Fall%28t%3A+t+ne+%27SportcastBetBuilder%27%29&eventsQuery=%24filter%3Did+in+%28%2734532645%27%29&include=Events&entity=markets,data/market/raw/draftkings/2026-08-19/event_34532645/snapshot_draftkings_20260819_084146_subcategory_5735.json,0,success,
draftkings_20260819_084146,2026-08-19T08:41:46.983386+00:00,draftkings_public,DraftKings,34532645,15122,Finish Only,finish_only_moneyline,https://sportsbook-nash.draftkings.com/sites/US-KS-SB/api/sportscontent/controldata/league/eventSubcategory/v1/markets?isBatchable=false&templateVars=15122&marketsQuery=%24filter%3DeventId+eq+%2734532645%27+AND+clientMetadata%2FsubCategoryId+eq+%2715122%27+AND+tags%2Fall%28t%3A+t+ne+%27SportcastBetBuilder%27%29&eventsQuery=%24filter%3Did+in+%28%2734532645%27%29&include=Events&entity=markets,data/market/raw/draftkings/2026-08-19/event_34532645/snapshot_draftkings_20260819_084146_subcategory_15122.json,0,success,
draftkings_20260819_084146,2026-08-19T08:41:46.983386+00:00,draftkings_public,DraftKings,34532645,15123,Decision Only,decision_only_moneyline,https://sportsbook-nash.draftkings.com/sites/US-KS-SB/api/sportscontent/controldata/league/eventSubcategory/v1/markets?isBatchable=false&templateVars=15123&marketsQuery=%24filter%3DeventId+eq+%2734532645%27+AND+clientMetadata%2FsubCategoryId+eq+%2715123%27+AND+tags%2Fall%28t%3A+t+ne+%27SportcastBetBuilder%27%29&eventsQuery=%24filter%3Did+in+%28%2734532645%27%29&include=Events&entity=markets,data/market/raw/draftkings/2026-08-19/event_34532645/snapshot_draftkings_20260819_084146_subcategory_15123.json,0,success,
draftkings_20260819_084146,2026-08-19T08:41:46.983386+00:00,draftkings_public,DraftKings,34532645,15124,Round 1 Only,round_1_only_moneyline,https://sportsbook-nash.draftkings.com/sites/US-KS-SB/api/sportscontent/controldata/league/eventSubcategory/v1/markets?isBatchable=false&templateVars=15124&marketsQuery=%24filter%3DeventId+eq+%2734532645%27+AND+clientMetadata%2FsubCategoryId+eq+%2715124%27+AND+tags%2Fall%28t%3A+t+ne+%27SportcastBetBuilder%27%29&eventsQuery=%24filter%3Did+in+%28%2734532645%27%29&include=Events&entity=markets,data/market/raw/draftkings/2026-08-19/event_34532645/snapshot_draftkings_20260819_084146_subcategory_15124.json,0,success,
draftkings_20260819_084146,2026-08-19T08:41:46.983386+00:00,draftkings_public,DraftKings,34532645,15125,Submission Only,submission_only_moneyline,https://sportsbook-nash.draftkings.com/sites/US-KS-SB/api/sportscontent/controldata/league/eventSubcategory/v1/markets?isBatchable=false&templateVars=15125&marketsQuery=%24filter%3DeventId+eq+%2734532645%27+AND+clientMetadata%2FsubCategoryId+eq+%2715125%27+AND+tags%2Fall%28t%3A+t+ne+%27SportcastBetBuilder%27%29&eventsQuery=%24filter%3Did+in+%28%2734532645%27%29&include=Events&entity=markets,data/market/raw/draftkings/2026-08-19/event_34532645/snapshot_draftkings_20260819_084146_subcategory_15125.json,0,success,
draftkings_20260819_084146,2026-08-19T08:41:46.983386+00:00,draftkings_public,DraftKings,34532645,15126,KO TKO DQ Only,ko_tko_only_moneyline,https://sportsbook-nash.draftkings.com/sites/US-KS-SB/api/sportscontent/controldata/league/eventSubcategory/v1/markets?isBatchable=false&templateVars=15126&marketsQuery=%24filter%3DeventId+eq+%2734532645%27+AND+clientMetadata%2FsubCategoryId+eq+%2715126%27+AND+tags%2Fall%28t%3A+t+ne+%27SportcastBetBuilder%27%29&eventsQuery=%24filter%3Did+in+%28%2734532645%27%29&include=Events&entity=markets,data/market/raw/draftkings/2026-08-19/event_34532645/snapshot_draftkings_20260819_084146_subcategory_15126.json,0,success,
draftkings_20260819_084146,2026-08-19T08:41:46.983386+00:00,draftkings_public,DraftKings,34532645,19390,Fighter Significant Strikes Total,fighter_sig_strikes_total,https://sportsbook-nash.draftkings.com/sites/US-KS-SB/api/sportscontent/controldata/league/eventSubcategory/v1/markets?isBatchable=false&templateVars=19390&marketsQuery=%24filter%3DeventId+eq+%2734532645%27+AND+clientMetadata%2FsubCategoryId+eq+%2719390%27+AND+tags%2Fall%28t%3A+t+ne+%27SportcastBetBuilder%27%29&eventsQuery=%24filter%3Did+in+%28%2734532645%27%29&include=Events&entity=markets,data/market/raw/draftkings/2026-08-19/event_34532645/snapshot_draftkings_20260819_084146_subcategory_19390.json,0,success,
draftkings_20260821_202943,2026-08-21T20:29:43.053328+00:00,draftkings_public,DraftKings,34526484,13025,Main Lines,main_lines,https://sportsbook-nash.draftkings.com/sites/US-KS-SB/api/sportscontent/controldata/league/eventSubcategory/v1/markets?isBatchable=false&templateVars=13025&marketsQuery=%24filter%3DeventId+eq+%2734526484%27+AND+clientMetadata%2FsubCategoryId+eq+%2713025%27+AND+tags%2Fall%28t%3A+t+ne+%27SportcastBetBuilder%27%29&eventsQuery=%24filter%3Did+in+%28%2734526484%27%29&include=Events&entity=markets,data/market/raw/draftkings/2026-08-21/event_34526484/snapshot_draftkings_20260821_202943_subcategory_13025.json,6,success,
draftkings_20260821_202943,2026-08-21T20:29:43.053328+00:00,draftkings_public,DraftKings,34526484,13179,Alternate Total Rounds,alternate_total_rounds,https://sportsbook-nash.draftkings.com/sites/US-KS-SB/api/sportscontent/controldata/league/eventSubcategory/v1/markets?isBatchable=false&templateVars=13179&marketsQuery=%24filter%3DeventId+eq+%2734526484%27+AND+clientMetadata%2FsubCategoryId+eq+%2713179%27+AND+tags%2Fall%28t%3A+t+ne+%27SportcastBetBuilder%27%29&eventsQuery=%24filter%3Did+in+%28%2734526484%27%29&include=Events&entity=markets,data/market/raw/draftkings/2026-08-21/event_34526484/snapshot_draftkings_20260821_202943_subcategory_13179.json,4,success,
draftkings_20260821_202943,2026-08-21T20:29:43.053328+00:00,draftkings_public,DraftKings,34526484,16272,Alternate Point Spread,alternate_point_spread,https://sportsbook-nash.draftkings.com/sites/US-KS-SB/api/sportscontent/controldata/league/eventSubcategory/v1/markets?isBatchable=false&templateVars=16272&marketsQuery=%24filter%3DeventId+eq+%2734526484%27+AND+clientMetadata%2FsubCategoryId+eq+%2716272%27+AND+tags%2Fall%28t%3A+t+ne+%27SportcastBetBuilder%27%29&eventsQuery=%24filter%3Did+in+%28%2734526484%27%29&include=Events&entity=markets,data/market/raw/draftkings/2026-08-21/event_34526484/snapshot_draftkings_20260821_202943_subcategory_16272.json,10,success,
draftkings_20260821_202943,2026-08-21T20:29:43.053328+00:00,draftkings_public,DraftKings,34526484,17644,Fight to Go the Distance,goes_distance,https://sportsbook-nash.draftkings.com/sites/US-KS-SB/api/sportscontent/controldata/league/eventSubcategory/v1/markets?isBatchable=false&templateVars=17644&marketsQuery=%24filter%3DeventId+eq+%2734526484%27+AND+clientMetadata%2FsubCategoryId+eq+%2717644%27+AND+tags%2Fall%28t%3A+t+ne+%27SportcastBetBuilder%27%29&eventsQuery=%24filter%3Did+in+%28%2734526484%27%29&include=Events&entity=markets,data/market/raw/draftkings/2026-08-21/event_34526484/snapshot_draftkings_20260821_202943_subcategory_17644.json,2,success,
draftkings_20260821_202943,2026-08-21T20:29:43.053328+00:00,draftkings_public,DraftKings,34526484,18911,Fighter Method Props,fighter_method_props,https://sportsbook-nash.draftkings.com/sites/US-KS-SB/api/sportscontent/controldata/league/eventSubcategory/v1/markets?isBatchable=false&templateVars=18911&marketsQuery=%24filter%3DeventId+eq+%2734526484%27+AND+clientMetadata%2FsubCategoryId+eq+%2718911%27+AND+tags%2Fall%28t%3A+t+ne+%27SportcastBetBuilder%27%29&eventsQuery=%24filter%3Did+in+%28%2734526484%27%29&include=Events&entity=markets,data/market/raw/draftkings/2026-08-21/event_34526484/snapshot_draftkings_20260821_202943_subcategory_18911.json,6,success,
draftkings_20260821_202943,2026-08-21T20:29:43.053328+00:00,draftkings_public,DraftKings,34526484,6437,Exact Method of Victory,exact_method,https://sportsbook-nash.draftkings.com/sites/US-KS-SB/api/sportscontent/controldata/league/eventSubcategory/v1/markets?isBatchable=false&templateVars=6437&marketsQuery=%24filter%3DeventId+eq+%2734526484%27+AND+clientMetadata%2FsubCategoryId+eq+%276437%27+AND+tags%2Fall%28t%3A+t+ne+%27SportcastBetBuilder%27%29&eventsQuery=%24filter%3Did+in+%28%2734526484%27%29&include=Events&entity=markets,data/market/raw/draftkings/2026-08-21/event_34526484/snapshot_draftkings_20260821_202943_subcategory_6437.json,4,success,
draftkings_20260821_202943,2026-08-21T20:29:43.053328+00:00,draftkings_public,DraftKings,34526484,5735,Round and Method,round_method,https://sportsbook-nash.draftkings.com/sites/US-KS-SB/api/sportscontent/controldata/league/eventSubcategory/v1/markets?isBatchable=false&templateVars=5735&marketsQuery=%24filter%3DeventId+eq+%2734526484%27+AND+clientMetadata%2FsubCategoryId+eq+%275735%27+AND+tags%2Fall%28t%3A+t+ne+%27SportcastBetBuilder%27%29&eventsQuery=%24filter%3Did+in+%28%2734526484%27%29&include=Events&entity=markets,data/market/raw/draftkings/2026-08-21/event_34526484/snapshot_draftkings_20260821_202943_subcategory_5735.json,13,success,
draftkings_20260821_202943,2026-08-21T20:29:43.053328+00:00,draftkings_public,DraftKings,34526484,15122,Finish Only,finish_only_moneyline,https://sportsbook-nash.draftkings.com/sites/US-KS-SB/api/sportscontent/controldata/league/eventSubcategory/v1/markets?isBatchable=false&templateVars=15122&marketsQuery=%24filter%3DeventId+eq+%2734526484%27+AND+clientMetadata%2FsubCategoryId+eq+%2715122%27+AND+tags%2Fall%28t%3A+t+ne+%27SportcastBetBuilder%27%29&eventsQuery=%24filter%3Did+in+%28%2734526484%27%29&include=Events&entity=markets,data/market/raw/draftkings/2026-08-21/event_34526484/snapshot_draftkings_20260821_202943_subcategory_15122.json,2,success,
draftkings_20260821_202943,2026-08-21T20:29:43.053328+00:00,draftkings_public,DraftKings,34526484,15123,Decision Only,decision_only_moneyline,https://sportsbook-nash.draftkings.com/sites/US-KS-SB/api/sportscontent/controldata/league/eventSubcategory/v1/markets?isBatchable=false&templateVars=15123&marketsQuery=%24filter%3DeventId+eq+%2734526484%27+AND+clientMetadata%2FsubCategoryId+eq+%2715123%27+AND+tags%2Fall%28t%3A+t+ne+%27SportcastBetBuilder%27%29&eventsQuery=%24filter%3Did+in+%28%2734526484%27%29&include=Events&entity=markets,data/market/raw/draftkings/2026-08-21/event_34526484/snapshot_draftkings_20260821_202943_subcategory_15123.json,2,success,
draftkings_20260821_202943,2026-08-21T20:29:43.053328+00:00,draftkings_public,DraftKings,34526484,15124,Round 1 Only,round_1_only_moneyline,https://sportsbook-nash.draftkings.com/sites/US-KS-SB/api/sportscontent/controldata/league/eventSubcategory/v1/markets?isBatchable=false&templateVars=15124&marketsQuery=%24filter%3DeventId+eq+%2734526484%27+AND+clientMetadata%2FsubCategoryId+eq+%2715124%27+AND+tags%2Fall%28t%3A+t+ne+%27SportcastBetBuilder%27%29&eventsQuery=%24filter%3Did+in+%28%2734526484%27%29&include=Events&entity=markets,data/market/raw/draftkings/2026-08-21/event_34526484/snapshot_draftkings_20260821_202943_subcategory_15124.json,2,success,
draftkings_20260821_202943,2026-08-21T20:29:43.053328+00:00,draftkings_public,DraftKings,34526484,15125,Submission Only,submission_only_moneyline,https://sportsbook-nash.draftkings.com/sites/US-KS-SB/api/sportscontent/controldata/league/eventSubcategory/v1/markets?isBatchable=false&templateVars=15125&marketsQuery=%24filter%3DeventId+eq+%2734526484%27+AND+clientMetadata%2FsubCategoryId+eq+%2715125%27+AND+tags%2Fall%28t%3A+t+ne+%27SportcastBetBuilder%27%29&eventsQuery=%24filter%3Did+in+%28%2734526484%27%29&include=Events&entity=markets,data/market/raw/draftkings/2026-08-21/event_34526484/snapshot_draftkings_20260821_202943_subcategory_15125.json,2,success,
draftkings_20260821_202943,2026-08-21T20:29:43.053328+00:00,draftkings_public,DraftKings,34526484,15126,KO TKO DQ Only,ko_tko_only_moneyline,https://sportsbook-nash.draftkings.com/sites/US-KS-SB/api/sportscontent/controldata/league/eventSubcategory/v1/markets?isBatchable=false&templateVars=15126&marketsQuery=%24filter%3DeventId+eq+%2734526484%27+AND+clientMetadata%2FsubCategoryId+eq+%2715126%27+AND+tags%2Fall%28t%3A+t+ne+%27SportcastBetBuilder%27%29&eventsQuery=%24filter%3Did+in+%28%2734526484%27%29&include=Events&entity=markets,data/market/raw/draftkings/2026-08-21/event_34526484/snapshot_draftkings_20260821_202943_subcategory_15126.json,2,success,
draftkings_20260821_202943,2026-08-21T20:29:43.053328+00:00,draftkings_public,DraftKings,34526484,19390,Fighter Significant Strikes Total,fighter_sig_strikes_total,https://sportsbook-nash.draftkings.com/sites/US-KS-SB/api/sportscontent/controldata/league/eventSubcategory/v1/markets?isBatchable=false&templateVars=19390&marketsQuery=%24filter%3DeventId+eq+%2734526484%27+AND+clientMetadata%2FsubCategoryId+eq+%2719390%27+AND+tags%2Fall%28t%3A+t+ne+%27SportcastBetBuilder%27%29&eventsQuery=%24filter%3Did+in+%28%2734526484%27%29&include=Events&entity=markets,data/market/raw/draftkings/2026-08-21/event_34526484/snapshot_draftkings_20260821_202943_subcategory_19390.json,0,success,
draftkings_20260821_202943,2026-08-21T20:29:43.053328+00:00,draftkings_public,DraftKings,34515361,13025,Main Lines,main_lines,https://sportsbook-nash.draftkings.com/sites/US-KS-SB/api/sportscontent/controldata/league/eventSubcategory/v1/markets?isBatchable=false&templateVars=13025&marketsQuery=%24filter%3DeventId+eq+%2734515361%27+AND+clientMetadata%2FsubCategoryId+eq+%2713025%27+AND+tags%2Fall%28t%3A+t+ne+%27SportcastBetBuilder%27%29&eventsQuery=%24filter%3Did+in+%28%2734515361%27%29&include=Events&entity=markets,data/market/raw/draftkings/2026-08-21/event_34515361/snapshot_draftkings_20260821_202943_subcategory_13025.json,6,success,
draftkings_20260821_202943,2026-08-21T20:29:43.053328+00:00,draftkings_public,DraftKings,34515361,13179,Alternate Total Rounds,alternate_total_rounds,https://sportsbook-nash.draftkings.com/sites/US-KS-SB/api/sportscontent/controldata/league/eventSubcategory/v1/markets?isBatchable=false&templateVars=13179&marketsQuery=%24filter%3DeventId+eq+%2734515361%27+AND+clientMetadata%2FsubCategoryId+eq+%2713179%27+AND+tags%2Fall%28t%3A+t+ne+%27SportcastBetBuilder%27%29&eventsQuery=%24filter%3Did+in+%28%2734515361%27%29&include=Events&entity=markets,data/market/raw/draftkings/2026-08-21/event_34515361/snapshot_draftkings_20260821_202943_subcategory_13179.json,4,success,
draftkings_20260821_202943,2026-08-21T20:29:43.053328+00:00,draftkings_public,DraftKings,34515361,16272,Alternate Point Spread,alternate_point_spread,https://sportsbook-nash.draftkings.com/sites/US-KS-SB/api/sportscontent/controldata/league/eventSubcategory/v1/markets?isBatchable=false&templateVars=16272&marketsQuery=%24filter%3DeventId+eq+%2734515361%27+AND+clientMetadata%2FsubCategoryId+eq+%2716272%27+AND+tags%2Fall%28t%3A+t+ne+%27SportcastBetBuilder%27%29&eventsQuery=%24filter%3Did+in+%28%2734515361%27%29&include=Events&entity=markets,data/market/raw/draftkings/2026-08-21/event_34515361/snapshot_draftkings_20260821_202943_subcategory_16272.json,10,success,
draftkings_20260821_202943,2026-08-21T20:29:43.053328+00:00,draftkings_public,DraftKings,34515361,17644,Fight to Go the Distance,goes_distance,https://sportsbook-nash.draftkings.com/sites/US-KS-SB/api/sportscontent/controldata/league/eventSubcategory/v1/markets?isBatchable=false&templateVars=17644&marketsQuery=%24filter%3DeventId+eq+%2734515361%27+AND+clientMetadata%2FsubCategoryId+eq+%2717644%27+AND+tags%2Fall%28t%3A+t+ne+%27SportcastBetBuilder%27%29&eventsQuery=%24filter%3Did+in+%28%2734515361%27%29&include=Events&entity=markets,data/market/raw/draftkings/2026-08-21/event_34515361/snapshot_draftkings_20260821_202943_subcategory_17644.json,2,success,
draftkings_20260821_202943,2026-08-21T20:29:43.053328+00:00,draftkings_public,DraftKings,34515361,18911,Fighter Method Props,fighter_method_props,https://sportsbook-nash.draftkings.com/sites/US-KS-SB/api/sportscontent/controldata/league/eventSubcategory/v1/markets?isBatchable=false&templateVars=18911&marketsQuery=%24filter%3DeventId+eq+%2734515361%27+AND+clientMetadata%2FsubCategoryId+eq+%2718911%27+AND+tags%2Fall%28t%3A+t+ne+%27SportcastBetBuilder%27%29&eventsQuery=%24filter%3Did+in+%28%2734515361%27%29&include=Events&entity=markets,data/market/raw/draftkings/2026-08-21/event_34515361/snapshot_draftkings_20260821_202943_subcategory_18911.json,6,success,
draftkings_20260821_202943,2026-08-21T20:29:43.053328+00:00,draftkings_public,DraftKings,34515361,6437,Exact Method of Victory,exact_method,https://sportsbook-nash.draftkings.com/sites/US-KS-SB/api/sportscontent/controldata/league/eventSubcategory/v1/markets?isBatchable=false&templateVars=6437&marketsQuery=%24filter%3DeventId+eq+%2734515361%27+AND+clientMetadata%2FsubCategoryId+eq+%276437%27+AND+tags%2Fall%28t%3A+t+ne+%27SportcastBetBuilder%27%29&eventsQuery=%24filter%3Did+in+%28%2734515361%27%29&include=Events&entity=markets,data/market/raw/draftkings/2026-08-21/event_34515361/snapshot_draftkings_20260821_202943_subcategory_6437.json,4,success,
draftkings_20260821_202943,2026-08-21T20:29:43.053328+00:00,draftkings_public,DraftKings,34515361,5735,Round and Method,round_method,https://sportsbook-nash.draftkings.com/sites/US-KS-SB/api/sportscontent/controldata/league/eventSubcategory/v1/markets?isBatchable=false&templateVars=5735&marketsQuery=%24filter%3DeventId+eq+%2734515361%27+AND+clientMetadata%2FsubCategoryId+eq+%275735%27+AND+tags%2Fall%28t%3A+t+ne+%27SportcastBetBuilder%27%29&eventsQuery=%24filter%3Did+in+%28%2734515361%27%29&include=Events&entity=markets,data/market/raw/draftkings/2026-08-21/event_34515361/snapshot_draftkings_20260821_202943_subcategory_5735.json,13,success,
draftkings_20260821_202943,2026-08-21T20:29:43.053328+00:00,draftkings_public,DraftKings,34515361,15122,Finish Only,finish_only_moneyline,https://sportsbook-nash.draftkings.com/sites/US-KS-SB/api/sportscontent/controldata/league/eventSubcategory/v1/markets?isBatchable=false&templateVars=15122&marketsQuery=%24filter%3DeventId+eq+%2734515361%27+AND+clientMetadata%2FsubCategoryId+eq+%2715122%27+AND+tags%2Fall%28t%3A+t+ne+%27SportcastBetBuilder%27%29&eventsQuery=%24filter%3Did+in+%28%2734515361%27%29&include=Events&entity=markets,data/market/raw/draftkings/2026-08-21/event_34515361/snapshot_draftkings_20260821_202943_subcategory_15122.json,2,success,
draftkings_20260821_202943,2026-08-21T20:29:43.053328+00:00,draftkings_public,DraftKings,34515361,15123,Decision Only,decision_only_moneyline,https://sportsbook-nash.draftkings.com/sites/US-KS-SB/api/sportscontent/controldata/league/eventSubcategory/v1/markets?isBatchable=false&templateVars=15123&marketsQuery=%24filter%3DeventId+eq+%2734515361%27+AND+clientMetadata%2FsubCategoryId+eq+%2715123%27+AND+tags%2Fall%28t%3A+t+ne+%27SportcastBetBuilder%27%29&eventsQuery=%24filter%3Did+in+%28%2734515361%27%29&include=Events&entity=markets,data/market/raw/draftkings/2026-08-21/event_34515361/snapshot_draftkings_20260821_202943_subcategory_15123.json,2,success,
draftkings_20260821_202943,2026-08-21T20:29:43.053328+00:00,draftkings_public,DraftKings,34515361,15124,Round 1 Only,round_1_only_moneyline,https://sportsbook-nash.draftkings.com/sites/US-KS-SB/api/sportscontent/controldata/league/eventSubcategory/v1/markets?isBatchable=false&templateVars=15124&marketsQuery=%24filter%3DeventId+eq+%2734515361%27+AND+clientMetadata%2FsubCategoryId+eq+%2715124%27+AND+tags%2Fall%28t%3A+t+ne+%27SportcastBetBuilder%27%29&eventsQuery=%24filter%3Did+in+%28%2734515361%27%29&include=Events&entity=markets,data/market/raw/draftkings/2026-08-21/event_34515361/snapshot_draftkings_20260821_202943_subcategory_15124.json,2,success,
draftkings_20260821_202943,2026-08-21T20:29:43.053328+00:00,draftkings_public,DraftKings,34515361,15125,Submission Only,submission_only_moneyline,https://sportsbook-nash.draftkings.com/sites/US-KS-SB/api/sportscontent/controldata/league/eventSubcategory/v1/markets?isBatchable=false&templateVars=15125&marketsQuery=%24filter%3DeventId+eq+%2734515361%27+AND+clientMetadata%2FsubCategoryId+eq+%2715125%27+AND+tags%2Fall%28t%3A+t+ne+%27SportcastBetBuilder%27%29&eventsQuery=%24filter%3Did+in+%28%2734515361%27%29&include=Events&entity=markets,data/market/raw/draftkings/2026-08-21/event_34515361/snapshot_draftkings_20260821_202943_subcategory_15125.json,2,success,
draftkings_20260821_202943,2026-08-21T20:29:43.053328+00:00,draftkings_public,DraftKings,34515361,15126,KO TKO DQ Only,ko_tko_only_moneyline,https://sportsbook-nash.draftkings.com/sites/US-KS-SB/api/sportscontent/controldata/league/eventSubcategory/v1/markets?isBatchable=false&templateVars=15126&marketsQuery=%24filter%3DeventId+eq+%2734515361%27+AND+clientMetadata%2FsubCategoryId+eq+%2715126%27+AND+tags%2Fall%28t%3A+t+ne+%27SportcastBetBuilder%27%29&eventsQuery=%24filter%3Did+in+%28%2734515361%27%29&include=Events&entity=markets,data/market/raw/draftkings/2026-08-21/event_34515361/snapshot_draftkings_20260821_202943_subcategory_15126.json,2,success,
draftkings_20260821_202943,2026-08-21T20:29:43.053328+00:00,draftkings_public,DraftKings,34515361,19390,Fighter Significant Strikes Total,fighter_sig_strikes_total,https://sportsbook-nash.draftkings.com/sites/US-KS-SB/api/sportscontent/controldata/league/eventSubcategory/v1/markets?isBatchable=false&templateVars=19390&marketsQuery=%24filter%3DeventId+eq+%2734515361%27+AND+clientMetadata%2FsubCategoryId+eq+%2719390%27+AND+tags%2Fall%28t%3A+t+ne+%27SportcastBetBuilder%27%29&eventsQuery=%24filter%3Did+in+%28%2734515361%27%29&include=Events&entity=markets,data/market/raw/draftkings/2026-08-21/event_34515361/snapshot_draftkings_20260821_202943_subcategory_19390.json,0,success,
draftkings_20260821_202943,2026-08-21T20:29:43.053328+00:00,draftkings_public,DraftKings,34531310,13025,Main Lines,main_lines,https://sportsbook-nash.draftkings.com/sites/US-KS-SB/api/sportscontent/controldata/league/eventSubcategory/v1/markets?isBatchable=false&templateVars=13025&marketsQuery=%24filter%3DeventId+eq+%2734531310%27+AND+clientMetadata%2FsubCategoryId+eq+%2713025%27+AND+tags%2Fall%28t%3A+t+ne+%27SportcastBetBuilder%27%29&eventsQuery=%24filter%3Did+in+%28%2734531310%27%29&include=Events&entity=markets,data/market/raw/draftkings/2026-08-21/event_34531310/snapshot_draftkings_20260821_202943_subcategory_13025.json,6,success,
draftkings_20260821_202943,2026-08-21T20:29:43.053328+00:00,draftkings_public,DraftKings,34531310,13179,Alternate Total Rounds,alternate_total_rounds,https://sportsbook-nash.draftkings.com/sites/US-KS-SB/api/sportscontent/controldata/league/eventSubcategory/v1/markets?isBatchable=false&templateVars=13179&marketsQuery=%24filter%3DeventId+eq+%2734531310%27+AND+clientMetadata%2FsubCategoryId+eq+%2713179%27+AND+tags%2Fall%28t%3A+t+ne+%27SportcastBetBuilder%27%29&eventsQuery=%24filter%3Did+in+%28%2734531310%27%29&include=Events&entity=markets,data/market/raw/draftkings/2026-08-21/event_34531310/snapshot_draftkings_20260821_202943_subcategory_13179.json,4,success,
draftkings_20260821_202943,2026-08-21T20:29:43.053328+00:00,draftkings_public,DraftKings,34531310,16272,Alternate Point Spread,alternate_point_spread,https://sportsbook-nash.draftkings.com/sites/US-KS-SB/api/sportscontent/controldata/league/eventSubcategory/v1/markets?isBatchable=false&templateVars=16272&marketsQuery=%24filter%3DeventId+eq+%2734531310%27+AND+clientMetadata%2FsubCategoryId+eq+%2716272%27+AND+tags%2Fall%28t%3A+t+ne+%27SportcastBetBuilder%27%29&eventsQuery=%24filter%3Did+in+%28%2734531310%27%29&include=Events&entity=markets,data/market/raw/draftkings/2026-08-21/event_34531310/snapshot_draftkings_20260821_202943_subcategory_16272.json,10,success,
draftkings_20260821_202943,2026-08-21T20:29:43.053328+00:00,draftkings_public,DraftKings,34531310,17644,Fight to Go the Distance,goes_distance,https://sportsbook-nash.draftkings.com/sites/US-KS-SB/api/sportscontent/controldata/league/eventSubcategory/v1/markets?isBatchable=false&templateVars=17644&marketsQuery=%24filter%3DeventId+eq+%2734531310%27+AND+clientMetadata%2FsubCategoryId+eq+%2717644%27+AND+tags%2Fall%28t%3A+t+ne+%27SportcastBetBuilder%27%29&eventsQuery=%24filter%3Did+in+%28%2734531310%27%29&include=Events&entity=markets,data/market/raw/draftkings/2026-08-21/event_34531310/snapshot_draftkings_20260821_202943_subcategory_17644.json,2,success,
draftkings_20260821_202943,2026-08-21T20:29:43.053328+00:00,draftkings_public,DraftKings,34531310,18911,Fighter Method Props,fighter_method_props,https://sportsbook-nash.draftkings.com/sites/US-KS-SB/api/sportscontent/controldata/league/eventSubcategory/v1/markets?isBatchable=false&templateVars=18911&marketsQuery=%24filter%3DeventId+eq+%2734531310%27+AND+clientMetadata%2FsubCategoryId+eq+%2718911%27+AND+tags%2Fall%28t%3A+t+ne+%27SportcastBetBuilder%27%29&eventsQuery=%24filter%3Did+in+%28%2734531310%27%29&include=Events&entity=markets,data/market/raw/draftkings/2026-08-21/event_34531310/snapshot_draftkings_20260821_202943_subcategory_18911.json,6,success,
draftkings_20260821_202943,2026-08-21T20:29:43.053328+00:00,draftkings_public,DraftKings,34531310,6437,Exact Method of Victory,exact_method,https://sportsbook-nash.draftkings.com/sites/US-KS-SB/api/sportscontent/controldata/league/eventSubcategory/v1/markets?isBatchable=false&templateVars=6437&marketsQuery=%24filter%3DeventId+eq+%2734531310%27+AND+clientMetadata%2FsubCategoryId+eq+%276437%27+AND+tags%2Fall%28t%3A+t+ne+%27SportcastBetBuilder%27%29&eventsQuery=%24filter%3Did+in+%28%2734531310%27%29&include=Events&entity=markets,data/market/raw/draftkings/2026-08-21/event_34531310/snapshot_draftkings_20260821_202943_subcategory_6437.json,4,success,
draftkings_20260821_202943,2026-08-21T20:29:43.053328+00:00,draftkings_public,DraftKings,34531310,5735,Round and Method,round_method,https://sportsbook-nash.draftkings.com/sites/US-KS-SB/api/sportscontent/controldata/league/eventSubcategory/v1/markets?isBatchable=false&templateVars=5735&marketsQuery=%24filter%3DeventId+eq+%2734531310%27+AND+clientMetadata%2FsubCategoryId+eq+%275735%27+AND+tags%2Fall%28t%3A+t+ne+%27SportcastBetBuilder%27%29&eventsQuery=%24filter%3Did+in+%28%2734531310%27%29&include=Events&entity=markets,data/market/raw/draftkings/2026-08-21/event_34531310/snapshot_draftkings_20260821_202943_subcategory_5735.json,13,success,
draftkings_20260821_202943,2026-08-21T20:29:43.053328+00:00,draftkings_public,DraftKings,34531310,15122,Finish Only,finish_only_moneyline,https://sportsbook-nash.draftkings.com/sites/US-KS-SB/api/sportscontent/controldata/league/eventSubcategory/v1/markets?isBatchable=false&templateVars=15122&marketsQuery=%24filter%3DeventId+eq+%2734531310%27+AND+clientMetadata%2FsubCategoryId+eq+%2715122%27+AND+tags%2Fall%28t%3A+t+ne+%27SportcastBetBuilder%27%29&eventsQuery=%24filter%3Did+in+%28%2734531310%27%29&include=Events&entity=markets,data/market/raw/draftkings/2026-08-21/event_34531310/snapshot_draftkings_20260821_202943_subcategory_15122.json,2,success,
draftkings_20260821_202943,2026-08-21T20:29:43.053328+00:00,draftkings_public,DraftKings,34531310,15123,Decision Only,decision_only_moneyline,https://sportsbook-nash.draftkings.com/sites/US-KS-SB/api/sportscontent/controldata/league/eventSubcategory/v1/markets?isBatchable=false&templateVars=15123&marketsQuery=%24filter%3DeventId+eq+%2734531310%27+AND+clientMetadata%2FsubCategoryId+eq+%2715123%27+AND+tags%2Fall%28t%3A+t+ne+%27SportcastBetBuilder%27%29&eventsQuery=%24filter%3Did+in+%28%2734531310%27%29&include=Events&entity=markets,data/market/raw/draftkings/2026-08-21/event_34531310/snapshot_draftkings_20260821_202943_subcategory_15123.json,2,success,
draftkings_20260821_202943,2026-08-21T20:29:43.053328+00:00,draftkings_public,DraftKings,34531310,15124,Round 1 Only,round_1_only_moneyline,https://sportsbook-nash.draftkings.com/sites/US-KS-SB/api/sportscontent/controldata/league/eventSubcategory/v1/markets?isBatchable=false&templateVars=15124&marketsQuery=%24filter%3DeventId+eq+%2734531310%27+AND+clientMetadata%2FsubCategoryId+eq+%2715124%27+AND+tags%2Fall%28t%3A+t+ne+%27SportcastBetBuilder%27%29&eventsQuery=%24filter%3Did+in+%28%2734531310%27%29&include=Events&entity=markets,data/market/raw/draftkings/2026-08-21/event_34531310/snapshot_draftkings_20260821_202943_subcategory_15124.json,2,success,
draftkings_20260821_202943,2026-08-21T20:29:43.053328+00:00,draftkings_public,DraftKings,34531310,15125,Submission Only,submission_only_moneyline,https://sportsbook-nash.draftkings.com/sites/US-KS-SB/api/sportscontent/controldata/league/eventSubcategory/v1/markets?isBatchable=false&templateVars=15125&marketsQuery=%24filter%3DeventId+eq+%2734531310%27+AND+clientMetadata%2FsubCategoryId+eq+%2715125%27+AND+tags%2Fall%28t%3A+t+ne+%27SportcastBetBuilder%27%29&eventsQuery=%24filter%3Did+in+%28%2734531310%27%29&include=Events&entity=markets,data/market/raw/draftkings/2026-08-21/event_34531310/snapshot_draftkings_20260821_202943_subcategory_15125.json,2,success,
draftkings_20260821_202943,2026-08-21T20:29:43.053328+00:00,draftkings_public,DraftKings,34531310,15126,KO TKO DQ Only,ko_tko_only_moneyline,https://sportsbook-nash.draftkings.com/sites/US-KS-SB/api/sportscontent/controldata/league/eventSubcategory/v1/markets?isBatchable=false&templateVars=15126&marketsQuery=%24filter%3DeventId+eq+%2734531310%27+AND+clientMetadata%2FsubCategoryId+eq+%2715126%27+AND+tags%2Fall%28t%3A+t+ne+%27SportcastBetBuilder%27%29&eventsQuery=%24filter%3Did+in+%28%2734531310%27%29&include=Events&entity=markets,data/market/raw/draftkings/2026-08-21/event_34531310/snapshot_draftkings_20260821_202943_subcategory_15126.json,2,success,
draftkings_20260821_202943,2026-08-21T20:29:43.053328+00:00,draftkings_public,DraftKings,34531310,19390,Fighter Significant Strikes Total,fighter_sig_strikes_total,https://sportsbook-nash.draftkings.com/sites/US-KS-SB/api/sportscontent/controldata/league/eventSubcategory/v1/markets?isBatchable=false&templateVars=19390&marketsQuery=%24filter%3DeventId+eq+%2734531310%27+AND+clientMetadata%2FsubCategoryId+eq+%2719390%27+AND+tags%2Fall%28t%3A+t+ne+%27SportcastBetBuilder%27%29&eventsQuery=%24filter%3Did+in+%28%2734531310%27%29&include=Events&entity=markets,data/market/raw/draftkings/2026-08-21/event_34531310/snapshot_draftkings_20260821_202943_subcategory_19390.json,0,success,
draftkings_20260821_202943,2026-08-21T20:29:43.053328+00:00,draftkings_public,DraftKings,34532644,13025,Main Lines,main_lines,https://sportsbook-nash.draftkings.com/sites/US-KS-SB/api/sportscontent/controldata/league/eventSubcategory/v1/markets?isBatchable=false&templateVars=13025&marketsQuery=%24filter%3DeventId+eq+%2734532644%27+AND+clientMetadata%2FsubCategoryId+eq+%2713025%27+AND+tags%2Fall%28t%3A+t+ne+%27SportcastBetBuilder%27%29&eventsQuery=%24filter%3Did+in+%28%2734532644%27%29&include=Events&entity=markets,data/market/raw/draftkings/2026-08-21/event_34532644/snapshot_draftkings_20260821_202943_subcategory_13025.json,6,success,
draftkings_20260821_202943,2026-08-21T20:29:43.053328+00:00,draftkings_public,DraftKings,34532644,13179,Alternate Total Rounds,alternate_total_rounds,https://sportsbook-nash.draftkings.com/sites/US-KS-SB/api/sportscontent/controldata/league/eventSubcategory/v1/markets?isBatchable=false&templateVars=13179&marketsQuery=%24filter%3DeventId+eq+%2734532644%27+AND+clientMetadata%2FsubCategoryId+eq+%2713179%27+AND+tags%2Fall%28t%3A+t+ne+%27SportcastBetBuilder%27%29&eventsQuery=%24filter%3Did+in+%28%2734532644%27%29&include=Events&entity=markets,data/market/raw/draftkings/2026-08-21/event_34532644/snapshot_draftkings_20260821_202943_subcategory_13179.json,4,success,
draftkings_20260821_202943,2026-08-21T20:29:43.053328+00:00,draftkings_public,DraftKings,34532644,16272,Alternate Point Spread,alternate_point_spread,https://sportsbook-nash.draftkings.com/sites/US-KS-SB/api/sportscontent/controldata/league/eventSubcategory/v1/markets?isBatchable=false&templateVars=16272&marketsQuery=%24filter%3DeventId+eq+%2734532644%27+AND+clientMetadata%2FsubCategoryId+eq+%2716272%27+AND+tags%2Fall%28t%3A+t+ne+%27SportcastBetBuilder%27%29&eventsQuery=%24filter%3Did+in+%28%2734532644%27%29&include=Events&entity=markets,data/market/raw/draftkings/2026-08-21/event_34532644/snapshot_draftkings_20260821_202943_subcategory_16272.json,10,success,
draftkings_20260821_202943,2026-08-21T20:29:43.053328+00:00,draftkings_public,DraftKings,34532644,17644,Fight to Go the Distance,goes_distance,https://sportsbook-nash.draftkings.com/sites/US-KS-SB/api/sportscontent/controldata/league/eventSubcategory/v1/markets?isBatchable=false&templateVars=17644&marketsQuery=%24filter%3DeventId+eq+%2734532644%27+AND+clientMetadata%2FsubCategoryId+eq+%2717644%27+AND+tags%2Fall%28t%3A+t+ne+%27SportcastBetBuilder%27%29&eventsQuery=%24filter%3Did+in+%28%2734532644%27%29&include=Events&entity=markets,data/market/raw/draftkings/2026-08-21/event_34532644/snapshot_draftkings_20260821_202943_subcategory_17644.json,2,success,
draftkings_20260821_202943,2026-08-21T20:29:43.053328+00:00,draftkings_public,DraftKings,34532644,18911,Fighter Method Props,fighter_method_props,https://sportsbook-nash.draftkings.com/sites/US-KS-SB/api/sportscontent/controldata/league/eventSubcategory/v1/markets?isBatchable=false&templateVars=18911&marketsQuery=%24filter%3DeventId+eq+%2734532644%27+AND+clientMetadata%2FsubCategoryId+eq+%2718911%27+AND+tags%2Fall%28t%3A+t+ne+%27SportcastBetBuilder%27%29&eventsQuery=%24filter%3Did+in+%28%2734532644%27%29&include=Events&entity=markets,data/market/raw/draftkings/2026-08-21/event_34532644/snapshot_draftkings_20260821_202943_subcategory_18911.json,6,success,
draftkings_20260821_202943,2026-08-21T20:29:43.053328+00:00,draftkings_public,DraftKings,34532644,6437,Exact Method of Victory,exact_method,https://sportsbook-nash.draftkings.com/sites/US-KS-SB/api/sportscontent/controldata/league/eventSubcategory/v1/markets?isBatchable=false&templateVars=6437&marketsQuery=%24filter%3DeventId+eq+%2734532644%27+AND+clientMetadata%2FsubCategoryId+eq+%276437%27+AND+tags%2Fall%28t%3A+t+ne+%27SportcastBetBuilder%27%29&eventsQuery=%24filter%3Did+in+%28%2734532644%27%29&include=Events&entity=markets,data/market/raw/draftkings/2026-08-21/event_34532644/snapshot_draftkings_20260821_202943_subcategory_6437.json,4,success,
draftkings_20260821_202943,2026-08-21T20:29:43.053328+00:00,draftkings_public,DraftKings,34532644,5735,Round and Method,round_method,https://sportsbook-nash.draftkings.com/sites/US-KS-SB/api/sportscontent/controldata/league/eventSubcategory/v1/markets?isBatchable=false&templateVars=5735&marketsQuery=%24filter%3DeventId+eq+%2734532644%27+AND+clientMetadata%2FsubCategoryId+eq+%275735%27+AND+tags%2Fall%28t%3A+t+ne+%27SportcastBetBuilder%27%29&eventsQuery=%24filter%3Did+in+%28%2734532644%27%29&include=Events&entity=markets,data/market/raw/draftkings/2026-08-21/event_34532644/snapshot_draftkings_20260821_202943_subcategory_5735.json,13,success,
draftkings_20260821_202943,2026-08-21T20:29:43.053328+00:00,draftkings_public,DraftKings,34532644,15122,Finish Only,finish_only_moneyline,https://sportsbook-nash.draftkings.com/sites/US-KS-SB/api/sportscontent/controldata/league/eventSubcategory/v1/markets?isBatchable=false&templateVars=15122&marketsQuery=%24filter%3DeventId+eq+%2734532644%27+AND+clientMetadata%2FsubCategoryId+eq+%2715122%27+AND+tags%2Fall%28t%3A+t+ne+%27SportcastBetBuilder%27%29&eventsQuery=%24filter%3Did+in+%28%2734532644%27%29&include=Events&entity=markets,data/market/raw/draftkings/2026-08-21/event_34532644/snapshot_draftkings_20260821_202943_subcategory_15122.json,2,success,
draftkings_20260821_202943,2026-08-21T20:29:43.053328+00:00,draftkings_public,DraftKings,34532644,15123,Decision Only,decision_only_moneyline,https://sportsbook-nash.draftkings.com/sites/US-KS-SB/api/sportscontent/controldata/league/eventSubcategory/v1/markets?isBatchable=false&templateVars=15123&marketsQuery=%24filter%3DeventId+eq+%2734532644%27+AND+clientMetadata%2FsubCategoryId+eq+%2715123%27+AND+tags%2Fall%28t%3A+t+ne+%27SportcastBetBuilder%27%29&eventsQuery=%24filter%3Did+in+%28%2734532644%27%29&include=Events&entity=markets,data/market/raw/draftkings/2026-08-21/event_34532644/snapshot_draftkings_20260821_202943_subcategory_15123.json,2,success,
draftkings_20260821_202943,2026-08-21T20:29:43.053328+00:00,draftkings_public,DraftKings,34532644,15124,Round 1 Only,round_1_only_moneyline,https://sportsbook-nash.draftkings.com/sites/US-KS-SB/api/sportscontent/controldata/league/eventSubcategory/v1/markets?isBatchable=false&templateVars=15124&marketsQuery=%24filter%3DeventId+eq+%2734532644%27+AND+clientMetadata%2FsubCategoryId+eq+%2715124%27+AND+tags%2Fall%28t%3A+t+ne+%27SportcastBetBuilder%27%29&eventsQuery=%24filter%3Did+in+%28%2734532644%27%29&include=Events&entity=markets,data/market/raw/draftkings/2026-08-21/event_34532644/snapshot_draftkings_20260821_202943_subcategory_15124.json,2,success,
draftkings_20260821_202943,2026-08-21T20:29:43.053328+00:00,draftkings_public,DraftKings,34532644,15125,Submission Only,submission_only_moneyline,https://sportsbook-nash.draftkings.com/sites/US-KS-SB/api/sportscontent/controldata/league/eventSubcategory/v1/markets?isBatchable=false&templateVars=15125&marketsQuery=%24filter%3DeventId+eq+%2734532644%27+AND+clientMetadata%2FsubCategoryId+eq+%2715125%27+AND+tags%2Fall%28t%3A+t+ne+%27SportcastBetBuilder%27%29&eventsQuery=%24filter%3Did+in+%28%2734532644%27%29&include=Events&entity=markets,data/market/raw/draftkings/2026-08-21/event_34532644/snapshot_draftkings_20260821_202943_subcategory_15125.json,2,success,
draftkings_20260821_202943,2026-08-21T20:29:43.053328+00:00,draftkings_public,DraftKings,34532644,15126,KO TKO DQ Only,ko_tko_only_moneyline,https://sportsbook-nash.draftkings.com/sites/US-KS-SB/api/sportscontent/controldata/league/eventSubcategory/v1/markets?isBatchable=false&templateVars=15126&marketsQuery=%24filter%3DeventId+eq+%2734532644%27+AND+clientMetadata%2FsubCategoryId+eq+%2715126%27+AND+tags%2Fall%28t%3A+t+ne+%27SportcastBetBuilder%27%29&eventsQuery=%24filter%3Did+in+%28%2734532644%27%29&include=Events&entity=markets,data/market/raw/draftkings/2026-08-21/event_34532644/snapshot_draftkings_20260821_202943_subcategory_15126.json,2,success,
draftkings_20260821_202943,2026-08-21T20:29:43.053328+00:00,draftkings_public,DraftKings,34532644,19390,Fighter Significant Strikes Total,fighter_sig_strikes_total,https://sportsbook-nash.draftkings.com/sites/US-KS-SB/api/sportscontent/controldata/league/eventSubcategory/v1/markets?isBatchable=false&templateVars=19390&marketsQuery=%24filter%3DeventId+eq+%2734532644%27+AND+clientMetadata%2FsubCategoryId+eq+%2719390%27+AND+tags%2Fall%28t%3A+t+ne+%27SportcastBetBuilder%27%29&eventsQuery=%24filter%3Did+in+%28%2734532644%27%29&include=Events&entity=markets,data/market/raw/draftkings/2026-08-21/event_34532644/snapshot_draftkings_20260821_202943_subcategory_19390.json,0,success,
draftkings_20260821_202943,2026-08-21T20:29:43.053328+00:00,draftkings_public,DraftKings,34528108,13025,Main Lines,main_lines,https://sportsbook-nash.draftkings.com/sites/US-KS-SB/api/sportscontent/controldata/league/eventSubcategory/v1/markets?isBatchable=false&templateVars=13025&marketsQuery=%24filter%3DeventId+eq+%2734528108%27+AND+clientMetadata%2FsubCategoryId+eq+%2713025%27+AND+tags%2Fall%28t%3A+t+ne+%27SportcastBetBuilder%27%29&eventsQuery=%24filter%3Did+in+%28%2734528108%27%29&include=Events&entity=markets,data/market/raw/draftkings/2026-08-21/event_34528108/snapshot_draftkings_20260821_202943_subcategory_13025.json,6,success,
draftkings_20260821_202943,2026-08-21T20:29:43.053328+00:00,draftkings_public,DraftKings,34528108,13179,Alternate Total Rounds,alternate_total_rounds,https://sportsbook-nash.draftkings.com/sites/US-KS-SB/api/sportscontent/controldata/league/eventSubcategory/v1/markets?isBatchable=false&templateVars=13179&marketsQuery=%24filter%3DeventId+eq+%2734528108%27+AND+clientMetadata%2FsubCategoryId+eq+%2713179%27+AND+tags%2Fall%28t%3A+t+ne+%27SportcastBetBuilder%27%29&eventsQuery=%24filter%3Did+in+%28%2734528108%27%29&include=Events&entity=markets,data/market/raw/draftkings/2026-08-21/event_34528108/snapshot_draftkings_20260821_202943_subcategory_13179.json,4,success,
draftkings_20260821_202943,2026-08-21T20:29:43.053328+00:00,draftkings_public,DraftKings,34528108,16272,Alternate Point Spread,alternate_point_spread,https://sportsbook-nash.draftkings.com/sites/US-KS-SB/api/sportscontent/controldata/league/eventSubcategory/v1/markets?isBatchable=false&templateVars=16272&marketsQuery=%24filter%3DeventId+eq+%2734528108%27+AND+clientMetadata%2FsubCategoryId+eq+%2716272%27+AND+tags%2Fall%28t%3A+t+ne+%27SportcastBetBuilder%27%29&eventsQuery=%24filter%3Did+in+%28%2734528108%27%29&include=Events&entity=markets,data/market/raw/draftkings/2026-08-21/event_34528108/snapshot_draftkings_20260821_202943_subcategory_16272.json,10,success,
draftkings_20260821_202943,2026-08-21T20:29:43.053328+00:00,draftkings_public,DraftKings,34528108,17644,Fight to Go the Distance,goes_distance,https://sportsbook-nash.draftkings.com/sites/US-KS-SB/api/sportscontent/controldata/league/eventSubcategory/v1/markets?isBatchable=false&templateVars=17644&marketsQuery=%24filter%3DeventId+eq+%2734528108%27+AND+clientMetadata%2FsubCategoryId+eq+%2717644%27+AND+tags%2Fall%28t%3A+t+ne+%27SportcastBetBuilder%27%29&eventsQuery=%24filter%3Did+in+%28%2734528108%27%29&include=Events&entity=markets,data/market/raw/draftkings/2026-08-21/event_34528108/snapshot_draftkings_20260821_202943_subcategory_17644.json,2,success,
draftkings_20260821_202943,2026-08-21T20:29:43.053328+00:00,draftkings_public,DraftKings,34528108,18911,Fighter Method Props,fighter_method_props,https://sportsbook-nash.draftkings.com/sites/US-KS-SB/api/sportscontent/controldata/league/eventSubcategory/v1/markets?isBatchable=false&templateVars=18911&marketsQuery=%24filter%3DeventId+eq+%2734528108%27+AND+clientMetadata%2FsubCategoryId+eq+%2718911%27+AND+tags%2Fall%28t%3A+t+ne+%27SportcastBetBuilder%27%29&eventsQuery=%24filter%3Did+in+%28%2734528108%27%29&include=Events&entity=markets,data/market/raw/draftkings/2026-08-21/event_34528108/snapshot_draftkings_20260821_202943_subcategory_18911.json,6,success,
draftkings_20260821_202943,2026-08-21T20:29:43.053328+00:00,draftkings_public,DraftKings,34528108,6437,Exact Method of Victory,exact_method,https://sportsbook-nash.draftkings.com/sites/US-KS-SB/api/sportscontent/controldata/league/eventSubcategory/v1/markets?isBatchable=false&templateVars=6437&marketsQuery=%24filter%3DeventId+eq+%2734528108%27+AND+clientMetadata%2FsubCategoryId+eq+%276437%27+AND+tags%2Fall%28t%3A+t+ne+%27SportcastBetBuilder%27%29&eventsQuery=%24filter%3Did+in+%28%2734528108%27%29&include=Events&entity=markets,data/market/raw/draftkings/2026-08-21/event_34528108/snapshot_draftkings_20260821_202943_subcategory_6437.json,4,success,
draftkings_20260821_202943,2026-08-21T20:29:43.053328+00:00,draftkings_public,DraftKings,34528108,5735,Round and Method,round_method,https://sportsbook-nash.draftkings.com/sites/US-KS-SB/api/sportscontent/controldata/league/eventSubcategory/v1/markets?isBatchable=false&templateVars=5735&marketsQuery=%24filter%3DeventId+eq+%2734528108%27+AND+clientMetadata%2FsubCategoryId+eq+%275735%27+AND+tags%2Fall%28t%3A+t+ne+%27SportcastBetBuilder%27%29&eventsQuery=%24filter%3Did+in+%28%2734528108%27%29&include=Events&entity=markets,data/market/raw/draftkings/2026-08-21/event_34528108/snapshot_draftkings_20260821_202943_subcategory_5735.json,13,success,
draftkings_20260821_202943,2026-08-21T20:29:43.053328+00:00,draftkings_public,DraftKings,34528108,15122,Finish Only,finish_only_moneyline,https://sportsbook-nash.draftkings.com/sites/US-KS-SB/api/sportscontent/controldata/league/eventSubcategory/v1/markets?isBatchable=false&templateVars=15122&marketsQuery=%24filter%3DeventId+eq+%2734528108%27+AND+clientMetadata%2FsubCategoryId+eq+%2715122%27+AND+tags%2Fall%28t%3A+t+ne+%27SportcastBetBuilder%27%29&eventsQuery=%24filter%3Did+in+%28%2734528108%27%29&include=Events&entity=markets,data/market/raw/draftkings/2026-08-21/event_34528108/snapshot_draftkings_20260821_202943_subcategory_15122.json,2,success,
draftkings_20260821_202943,2026-08-21T20:29:43.053328+00:00,draftkings_public,DraftKings,34528108,15123,Decision Only,decision_only_moneyline,https://sportsbook-nash.draftkings.com/sites/US-KS-SB/api/sportscontent/controldata/league/eventSubcategory/v1/markets?isBatchable=false&templateVars=15123&marketsQuery=%24filter%3DeventId+eq+%2734528108%27+AND+clientMetadata%2FsubCategoryId+eq+%2715123%27+AND+tags%2Fall%28t%3A+t+ne+%27SportcastBetBuilder%27%29&eventsQuery=%24filter%3Did+in+%28%2734528108%27%29&include=Events&entity=markets,data/market/raw/draftkings/2026-08-21/event_34528108/snapshot_draftkings_20260821_202943_subcategory_15123.json,2,success,
draftkings_20260821_202943,2026-08-21T20:29:43.053328+00:00,draftkings_public,DraftKings,34528108,15124,Round 1 Only,round_1_only_moneyline,https://sportsbook-nash.draftkings.com/sites/US-KS-SB/api/sportscontent/controldata/league/eventSubcategory/v1/markets?isBatchable=false&templateVars=15124&marketsQuery=%24filter%3DeventId+eq+%2734528108%27+AND+clientMetadata%2FsubCategoryId+eq+%2715124%27+AND+tags%2Fall%28t%3A+t+ne+%27SportcastBetBuilder%27%29&eventsQuery=%24filter%3Did+in+%28%2734528108%27%29&include=Events&entity=markets,data/market/raw/draftkings/2026-08-21/event_34528108/snapshot_draftkings_20260821_202943_subcategory_15124.json,2,success,
draftkings_20260821_202943,2026-08-21T20:29:43.053328+00:00,draftkings_public,DraftKings,34528108,15125,Submission Only,submission_only_moneyline,https://sportsbook-nash.draftkings.com/sites/US-KS-SB/api/sportscontent/controldata/league/eventSubcategory/v1/markets?isBatchable=false&templateVars=15125&marketsQuery=%24filter%3DeventId+eq+%2734528108%27+AND+clientMetadata%2FsubCategoryId+eq+%2715125%27+AND+tags%2Fall%28t%3A+t+ne+%27SportcastBetBuilder%27%29&eventsQuery=%24filter%3Did+in+%28%2734528108%27%29&include=Events&entity=markets,data/market/raw/draftkings/2026-08-21/event_34528108/snapshot_draftkings_20260821_202943_subcategory_15125.json,2,success,
draftkings_20260821_202943,2026-08-21T20:29:43.053328+00:00,draftkings_public,DraftKings,34528108,15126,KO TKO DQ Only,ko_tko_only_moneyline,https://sportsbook-nash.draftkings.com/sites/US-KS-SB/api/sportscontent/controldata/league/eventSubcategory/v1/markets?isBatchable=false&templateVars=15126&marketsQuery=%24filter%3DeventId+eq+%2734528108%27+AND+clientMetadata%2FsubCategoryId+eq+%2715126%27+AND+tags%2Fall%28t%3A+t+ne+%27SportcastBetBuilder%27%29&eventsQuery=%24filter%3Did+in+%28%2734528108%27%29&include=Events&entity=markets,data/market/raw/draftkings/2026-08-21/event_34528108/snapshot_draftkings_20260821_202943_subcategory_15126.json,2,success,
draftkings_20260821_202943,2026-08-21T20:29:43.053328+00:00,draftkings_public,DraftKings,34528108,19390,Fighter Significant Strikes Total,fighter_sig_strikes_total,https://sportsbook-nash.draftkings.com/sites/US-KS-SB/api/sportscontent/controldata/league/eventSubcategory/v1/markets?isBatchable=false&templateVars=19390&marketsQuery=%24filter%3DeventId+eq+%2734528108%27+AND+clientMetadata%2FsubCategoryId+eq+%2719390%27+AND+tags%2Fall%28t%3A+t+ne+%27SportcastBetBuilder%27%29&eventsQuery=%24filter%3Did+in+%28%2734528108%27%29&include=Events&entity=markets,data/market/raw/draftkings/2026-08-21/event_34528108/snapshot_draftkings_20260821_202943_subcategory_19390.json,0,success,
draftkings_20260821_202943,2026-08-21T20:29:43.053328+00:00,draftkings_public,DraftKings,34515358,13025,Main Lines,main_lines,https://sportsbook-nash.draftkings.com/sites/US-KS-SB/api/sportscontent/controldata/league/eventSubcategory/v1/markets?isBatchable=false&templateVars=13025&marketsQuery=%24filter%3DeventId+eq+%2734515358%27+AND+clientMetadata%2FsubCategoryId+eq+%2713025%27+AND+tags%2Fall%28t%3A+t+ne+%27SportcastBetBuilder%27%29&eventsQuery=%24filter%3Did+in+%28%2734515358%27%29&include=Events&entity=markets,data/market/raw/draftkings/2026-08-21/event_34515358/snapshot_draftkings_20260821_202943_subcategory_13025.json,6,success,
draftkings_20260821_202943,2026-08-21T20:29:43.053328+00:00,draftkings_public,DraftKings,34515358,13179,Alternate Total Rounds,alternate_total_rounds,https://sportsbook-nash.draftkings.com/sites/US-KS-SB/api/sportscontent/controldata/league/eventSubcategory/v1/markets?isBatchable=false&templateVars=13179&marketsQuery=%24filter%3DeventId+eq+%2734515358%27+AND+clientMetadata%2FsubCategoryId+eq+%2713179%27+AND+tags%2Fall%28t%3A+t+ne+%27SportcastBetBuilder%27%29&eventsQuery=%24filter%3Did+in+%28%2734515358%27%29&include=Events&entity=markets,data/market/raw/draftkings/2026-08-21/event_34515358/snapshot_draftkings_20260821_202943_subcategory_13179.json,4,success,
draftkings_20260821_202943,2026-08-21T20:29:43.053328+00:00,draftkings_public,DraftKings,34515358,16272,Alternate Point Spread,alternate_point_spread,https://sportsbook-nash.draftkings.com/sites/US-KS-SB/api/sportscontent/controldata/league/eventSubcategory/v1/markets?isBatchable=false&templateVars=16272&marketsQuery=%24filter%3DeventId+eq+%2734515358%27+AND+clientMetadata%2FsubCategoryId+eq+%2716272%27+AND+tags%2Fall%28t%3A+t+ne+%27SportcastBetBuilder%27%29&eventsQuery=%24filter%3Did+in+%28%2734515358%27%29&include=Events&entity=markets,data/market/raw/draftkings/2026-08-21/event_34515358/snapshot_draftkings_20260821_202943_subcategory_16272.json,10,success,
draftkings_20260821_202943,2026-08-21T20:29:43.053328+00:00,draftkings_public,DraftKings,34515358,17644,Fight to Go the Distance,goes_distance,https://sportsbook-nash.draftkings.com/sites/US-KS-SB/api/sportscontent/controldata/league/eventSubcategory/v1/markets?isBatchable=false&templateVars=17644&marketsQuery=%24filter%3DeventId+eq+%2734515358%27+AND+clientMetadata%2FsubCategoryId+eq+%2717644%27+AND+tags%2Fall%28t%3A+t+ne+%27SportcastBetBuilder%27%29&eventsQuery=%24filter%3Did+in+%28%2734515358%27%29&include=Events&entity=markets,data/market/raw/draftkings/2026-08-21/event_34515358/snapshot_draftkings_20260821_202943_subcategory_17644.json,2,success,
draftkings_20260821_202943,2026-08-21T20:29:43.053328+00:00,draftkings_public,DraftKings,34515358,18911,Fighter Method Props,fighter_method_props,https://sportsbook-nash.draftkings.com/sites/US-KS-SB/api/sportscontent/controldata/league/eventSubcategory/v1/markets?isBatchable=false&templateVars=18911&marketsQuery=%24filter%3DeventId+eq+%2734515358%27+AND+clientMetadata%2FsubCategoryId+eq+%2718911%27+AND+tags%2Fall%28t%3A+t+ne+%27SportcastBetBuilder%27%29&eventsQuery=%24filter%3Did+in+%28%2734515358%27%29&include=Events&entity=markets,data/market/raw/draftkings/2026-08-21/event_34515358/snapshot_draftkings_20260821_202943_subcategory_18911.json,6,success,
draftkings_20260821_202943,2026-08-21T20:29:43.053328+00:00,draftkings_public,DraftKings,34515358,6437,Exact Method of Victory,exact_method,https://sportsbook-nash.draftkings.com/sites/US-KS-SB/api/sportscontent/controldata/league/eventSubcategory/v1/markets?isBatchable=false&templateVars=6437&marketsQuery=%24filter%3DeventId+eq+%2734515358%27+AND+clientMetadata%2FsubCategoryId+eq+%276437%27+AND+tags%2Fall%28t%3A+t+ne+%27SportcastBetBuilder%27%29&eventsQuery=%24filter%3Did+in+%28%2734515358%27%29&include=Events&entity=markets,data/market/raw/draftkings/2026-08-21/event_34515358/snapshot_draftkings_20260821_202943_subcategory_6437.json,4,success,
draftkings_20260821_202943,2026-08-21T20:29:43.053328+00:00,draftkings_public,DraftKings,34515358,5735,Round and Method,round_method,https://sportsbook-nash.draftkings.com/sites/US-KS-SB/api/sportscontent/controldata/league/eventSubcategory/v1/markets?isBatchable=false&templateVars=5735&marketsQuery=%24filter%3DeventId+eq+%2734515358%27+AND+clientMetadata%2FsubCategoryId+eq+%275735%27+AND+tags%2Fall%28t%3A+t+ne+%27SportcastBetBuilder%27%29&eventsQuery=%24filter%3Did+in+%28%2734515358%27%29&include=Events&entity=markets,data/market/raw/draftkings/2026-08-21/event_34515358/snapshot_draftkings_20260821_202943_subcategory_5735.json,13,success,
draftkings_20260821_202943,2026-08-21T20:29:43.053328+00:00,draftkings_public,DraftKings,34515358,15122,Finish Only,finish_only_moneyline,https://sportsbook-nash.draftkings.com/sites/US-KS-SB/api/sportscontent/controldata/league/eventSubcategory/v1/markets?isBatchable=false&templateVars=15122&marketsQuery=%24filter%3DeventId+eq+%2734515358%27+AND+clientMetadata%2FsubCategoryId+eq+%2715122%27+AND+tags%2Fall%28t%3A+t+ne+%27SportcastBetBuilder%27%29&eventsQuery=%24filter%3Did+in+%28%2734515358%27%29&include=Events&entity=markets,data/market/raw/draftkings/2026-08-21/event_34515358/snapshot_draftkings_20260821_202943_subcategory_15122.json,2,success,
draftkings_20260821_202943,2026-08-21T20:29:43.053328+00:00,draftkings_public,DraftKings,34515358,15123,Decision Only,decision_only_moneyline,https://sportsbook-nash.draftkings.com/sites/US-KS-SB/api/sportscontent/controldata/league/eventSubcategory/v1/markets?isBatchable=false&templateVars=15123&marketsQuery=%24filter%3DeventId+eq+%2734515358%27+AND+clientMetadata%2FsubCategoryId+eq+%2715123%27+AND+tags%2Fall%28t%3A+t+ne+%27SportcastBetBuilder%27%29&eventsQuery=%24filter%3Did+in+%28%2734515358%27%29&include=Events&entity=markets,data/market/raw/draftkings/2026-08-21/event_34515358/snapshot_draftkings_20260821_202943_subcategory_15123.json,2,success,
draftkings_20260821_202943,2026-08-21T20:29:43.053328+00:00,draftkings_public,DraftKings,34515358,15124,Round 1 Only,round_1_only_moneyline,https://sportsbook-nash.draftkings.com/sites/US-KS-SB/api/sportscontent/controldata/league/eventSubcategory/v1/markets?isBatchable=false&templateVars=15124&marketsQuery=%24filter%3DeventId+eq+%2734515358%27+AND+clientMetadata%2FsubCategoryId+eq+%2715124%27+AND+tags%2Fall%28t%3A+t+ne+%27SportcastBetBuilder%27%29&eventsQuery=%24filter%3Did+in+%28%2734515358%27%29&include=Events&entity=markets,data/market/raw/draftkings/2026-08-21/event_34515358/snapshot_draftkings_20260821_202943_subcategory_15124.json,2,success,
draftkings_20260821_202943,2026-08-21T20:29:43.053328+00:00,draftkings_public,DraftKings,34515358,15125,Submission Only,submission_only_moneyline,https://sportsbook-nash.draftkings.com/sites/US-KS-SB/api/sportscontent/controldata/league/eventSubcategory/v1/markets?isBatchable=false&templateVars=15125&marketsQuery=%24filter%3DeventId+eq+%2734515358%27+AND+clientMetadata%2FsubCategoryId+eq+%2715125%27+AND+tags%2Fall%28t%3A+t+ne+%27SportcastBetBuilder%27%29&eventsQuery=%24filter%3Did+in+%28%2734515358%27%29&include=Events&entity=markets,data/market/raw/draftkings/2026-08-21/event_34515358/snapshot_draftkings_20260821_202943_subcategory_15125.json,2,success,
draftkings_20260821_202943,2026-08-21T20:29:43.053328+00:00,draftkings_public,DraftKings,34515358,15126,KO TKO DQ Only,ko_tko_only_moneyline,https://sportsbook-nash.draftkings.com/sites/US-KS-SB/api/sportscontent/controldata/league/eventSubcategory/v1/markets?isBatchable=false&templateVars=15126&marketsQuery=%24filter%3DeventId+eq+%2734515358%27+AND+clientMetadata%2FsubCategoryId+eq+%2715126%27+AND+tags%2Fall%28t%3A+t+ne+%27SportcastBetBuilder%27%29&eventsQuery=%24filter%3Did+in+%28%2734515358%27%29&include=Events&entity=markets,data/market/raw/draftkings/2026-08-21/event_34515358/snapshot_draftkings_20260821_202943_subcategory_15126.json,2,success,
draftkings_20260821_202943,2026-08-21T20:29:43.053328+00:00,draftkings_public,DraftKings,34515358,19390,Fighter Significant Strikes Total,fighter_sig_strikes_total,https://sportsbook-nash.draftkings.com/sites/US-KS-SB/api/sportscontent/controldata/league/eventSubcategory/v1/markets?isBatchable=false&templateVars=19390&marketsQuery=%24filter%3DeventId+eq+%2734515358%27+AND+clientMetadata%2FsubCategoryId+eq+%2719390%27+AND+tags%2Fall%28t%3A+t+ne+%27SportcastBetBuilder%27%29&eventsQuery=%24filter%3Did+in+%28%2734515358%27%29&include=Events&entity=markets,data/market/raw/draftkings/2026-08-21/event_34515358/snapshot_draftkings_20260821_202943_subcategory_19390.json,0,success,
draftkings_20260822_233011,2026-08-22T23:30:11.416503+00:00,draftkings_public,DraftKings,34531316,13025,Main Lines,main_lines,https://sportsbook-nash.draftkings.com/sites/US-KS-SB/api/sportscontent/controldata/league/eventSubcategory/v1/markets?isBatchable=false&templateVars=13025&marketsQuery=%24filter%3DeventId+eq+%2734531316%27+AND+clientMetadata%2FsubCategoryId+eq+%2713025%27+AND+tags%2Fall%28t%3A+t+ne+%27SportcastBetBuilder%27%29&eventsQuery=%24filter%3Did+in+%28%2734531316%27%29&include=Events&entity=markets,data/market/raw/draftkings/2026-08-22/event_34531316/snapshot_draftkings_20260822_233011_subcategory_13025.json,6,success,
draftkings_20260822_233011,2026-08-22T23:30:11.416503+00:00,draftkings_public,DraftKings,34531316,13179,Alternate Total Rounds,alternate_total_rounds,https://sportsbook-nash.draftkings.com/sites/US-KS-SB/api/sportscontent/controldata/league/eventSubcategory/v1/markets?isBatchable=false&templateVars=13179&marketsQuery=%24filter%3DeventId+eq+%2734531316%27+AND+clientMetadata%2FsubCategoryId+eq+%2713179%27+AND+tags%2Fall%28t%3A+t+ne+%27SportcastBetBuilder%27%29&eventsQuery=%24filter%3Did+in+%28%2734531316%27%29&include=Events&entity=markets,data/market/raw/draftkings/2026-08-22/event_34531316/snapshot_draftkings_20260822_233011_subcategory_13179.json,4,success,
draftkings_20260822_233011,2026-08-22T23:30:11.416503+00:00,draftkings_public,DraftKings,34531316,16272,Alternate Point Spread,alternate_point_spread,https://sportsbook-nash.draftkings.com/sites/US-KS-SB/api/sportscontent/controldata/league/eventSubcategory/v1/markets?isBatchable=false&templateVars=16272&marketsQuery=%24filter%3DeventId+eq+%2734531316%27+AND+clientMetadata%2FsubCategoryId+eq+%2716272%27+AND+tags%2Fall%28t%3A+t+ne+%27SportcastBetBuilder%27%29&eventsQuery=%24filter%3Did+in+%28%2734531316%27%29&include=Events&entity=markets,data/market/raw/draftkings/2026-08-22/event_34531316/snapshot_draftkings_20260822_233011_subcategory_16272.json,10,success,
draftkings_20260822_233011,2026-08-22T23:30:11.416503+00:00,draftkings_public,DraftKings,34531316,17644,Fight to Go the Distance,goes_distance,https://sportsbook-nash.draftkings.com/sites/US-KS-SB/api/sportscontent/controldata/league/eventSubcategory/v1/markets?isBatchable=false&templateVars=17644&marketsQuery=%24filter%3DeventId+eq+%2734531316%27+AND+clientMetadata%2FsubCategoryId+eq+%2717644%27+AND+tags%2Fall%28t%3A+t+ne+%27SportcastBetBuilder%27%29&eventsQuery=%24filter%3Did+in+%28%2734531316%27%29&include=Events&entity=markets,data/market/raw/draftkings/2026-08-22/event_34531316/snapshot_draftkings_20260822_233011_subcategory_17644.json,2,success,
draftkings_20260822_233011,2026-08-22T23:30:11.416503+00:00,draftkings_public,DraftKings,34531316,18911,Fighter Method Props,fighter_method_props,https://sportsbook-nash.draftkings.com/sites/US-KS-SB/api/sportscontent/controldata/league/eventSubcategory/v1/markets?isBatchable=false&templateVars=18911&marketsQuery=%24filter%3DeventId+eq+%2734531316%27+AND+clientMetadata%2FsubCategoryId+eq+%2718911%27+AND+tags%2Fall%28t%3A+t+ne+%27SportcastBetBuilder%27%29&eventsQuery=%24filter%3Did+in+%28%2734531316%27%29&include=Events&entity=markets,data/market/raw/draftkings/2026-08-22/event_34531316/snapshot_draftkings_20260822_233011_subcategory_18911.json,6,success,
draftkings_20260822_233011,2026-08-22T23:30:11.416503+00:00,draftkings_public,DraftKings,34531316,6437,Exact Method of Victory,exact_method,https://sportsbook-nash.draftkings.com/sites/US-KS-SB/api/sportscontent/controldata/league/eventSubcategory/v1/markets?isBatchable=false&templateVars=6437&marketsQuery=%24filter%3DeventId+eq+%2734531316%27+AND+clientMetadata%2FsubCategoryId+eq+%276437%27+AND+tags%2Fall%28t%3A+t+ne+%27SportcastBetBuilder%27%29&eventsQuery=%24filter%3Did+in+%28%2734531316%27%29&include=Events&entity=markets,data/market/raw/draftkings/2026-08-22/event_34531316/snapshot_draftkings_20260822_233011_subcategory_6437.json,4,success,
draftkings_20260822_233011,2026-08-22T23:30:11.416503+00:00,draftkings_public,DraftKings,34531316,5735,Round and Method,round_method,https://sportsbook-nash.draftkings.com/sites/US-KS-SB/api/sportscontent/controldata/league/eventSubcategory/v1/markets?isBatchable=false&templateVars=5735&marketsQuery=%24filter%3DeventId+eq+%2734531316%27+AND+clientMetadata%2FsubCategoryId+eq+%275735%27+AND+tags%2Fall%28t%3A+t+ne+%27SportcastBetBuilder%27%29&eventsQuery=%24filter%3Did+in+%28%2734531316%27%29&include=Events&entity=markets,data/market/raw/draftkings/2026-08-22/event_34531316/snapshot_draftkings_20260822_233011_subcategory_5735.json,13,success,
draftkings_20260822_233011,2026-08-22T23:30:11.416503+00:00,draftkings_public,DraftKings,34531316,15122,Finish Only,finish_only_moneyline,https://sportsbook-nash.draftkings.com/sites/US-KS-SB/api/sportscontent/controldata/league/eventSubcategory/v1/markets?isBatchable=false&templateVars=15122&marketsQuery=%24filter%3DeventId+eq+%2734531316%27+AND+clientMetadata%2FsubCategoryId+eq+%2715122%27+AND+tags%2Fall%28t%3A+t+ne+%27SportcastBetBuilder%27%29&eventsQuery=%24filter%3Did+in+%28%2734531316%27%29&include=Events&entity=markets,data/market/raw/draftkings/2026-08-22/event_34531316/snapshot_draftkings_20260822_233011_subcategory_15122.json,2,success,
draftkings_20260822_233011,2026-08-22T23:30:11.416503+00:00,draftkings_public,DraftKings,34531316,15123,Decision Only,decision_only_moneyline,https://sportsbook-nash.draftkings.com/sites/US-KS-SB/api/sportscontent/controldata/league/eventSubcategory/v1/markets?isBatchable=false&templateVars=15123&marketsQuery=%24filter%3DeventId+eq+%2734531316%27+AND+clientMetadata%2FsubCategoryId+eq+%2715123%27+AND+tags%2Fall%28t%3A+t+ne+%27SportcastBetBuilder%27%29&eventsQuery=%24filter%3Did+in+%28%2734531316%27%29&include=Events&entity=markets,data/market/raw/draftkings/2026-08-22/event_34531316/snapshot_draftkings_20260822_233011_subcategory_15123.json,2,success,
draftkings_20260822_233011,2026-08-22T23:30:11.416503+00:00,draftkings_public,DraftKings,34531316,15124,Round 1 Only,round_1_only_moneyline,https://sportsbook-nash.draftkings.com/sites/US-KS-SB/api/sportscontent/controldata/league/eventSubcategory/v1/markets?isBatchable=false&templateVars=15124&marketsQuery=%24filter%3DeventId+eq+%2734531316%27+AND+clientMetadata%2FsubCategoryId+eq+%2715124%27+AND+tags%2Fall%28t%3A+t+ne+%27SportcastBetBuilder%27%29&eventsQuery=%24filter%3Did+in+%28%2734531316%27%29&include=Events&entity=markets,data/market/raw/draftkings/2026-08-22/event_34531316/snapshot_draftkings_20260822_233011_subcategory_15124.json,2,success,
draftkings_20260822_233011,2026-08-22T23:30:11.416503+00:00,draftkings_public,DraftKings,34531316,15125,Submission Only,submission_only_moneyline,https://sportsbook-nash.draftkings.com/sites/US-KS-SB/api/sportscontent/controldata/league/eventSubcategory/v1/markets?isBatchable=false&templateVars=15125&marketsQuery=%24filter%3DeventId+eq+%2734531316%27+AND+clientMetadata%2FsubCategoryId+eq+%2715125%27+AND+tags%2Fall%28t%3A+t+ne+%27SportcastBetBuilder%27%29&eventsQuery=%24filter%3Did+in+%28%2734531316%27%29&include=Events&entity=markets,data/market/raw/draftkings/2026-08-22/event_34531316/snapshot_draftkings_20260822_233011_subcategory_15125.json,2,success,
draftkings_20260822_233011,2026-08-22T23:30:11.416503+00:00,draftkings_public,DraftKings,34531316,15126,KO TKO DQ Only,ko_tko_only_moneyline,https://sportsbook-nash.draftkings.com/sites/US-KS-SB/api/sportscontent/controldata/league/eventSubcategory/v1/markets?isBatchable=false&templateVars=15126&marketsQuery=%24filter%3DeventId+eq+%2734531316%27+AND+clientMetadata%2FsubCategoryId+eq+%2715126%27+AND+tags%2Fall%28t%3A+t+ne+%27SportcastBetBuilder%27%29&eventsQuery=%24filter%3Did+in+%28%2734531316%27%29&include=Events&entity=markets,data/market/raw/draftkings/2026-08-22/event_34531316/snapshot_draftkings_20260822_233011_subcategory_15126.json,2,success,
draftkings_20260822_233011,2026-08-22T23:30:11.416503+00:00,draftkings_public,DraftKings,34531316,19390,Fighter Significant Strikes Total,fighter_sig_strikes_total,https://sportsbook-nash.draftkings.com/sites/US-KS-SB/api/sportscontent/controldata/league/eventSubcategory/v1/markets?isBatchable=false&templateVars=19390&marketsQuery=%24filter%3DeventId+eq+%2734531316%27+AND+clientMetadata%2FsubCategoryId+eq+%2719390%27+AND+tags%2Fall%28t%3A+t+ne+%27SportcastBetBuilder%27%29&eventsQuery=%24filter%3Did+in+%28%2734531316%27%29&include=Events&entity=markets,data/market/raw/draftkings/2026-08-22/event_34531316/snapshot_draftkings_20260822_233011_subcategory_19390.json,0,success,
draftkings_20260822_233011,2026-08-22T23:30:11.416503+00:00,draftkings_public,DraftKings,34544481,13025,Main Lines,main_lines,https://sportsbook-nash.draftkings.com/sites/US-KS-SB/api/sportscontent/controldata/league/eventSubcategory/v1/markets?isBatchable=false&templateVars=13025&marketsQuery=%24filter%3DeventId+eq+%2734544481%27+AND+clientMetadata%2FsubCategoryId+eq+%2713025%27+AND+tags%2Fall%28t%3A+t+ne+%27SportcastBetBuilder%27%29&eventsQuery=%24filter%3Did+in+%28%2734544481%27%29&include=Events&entity=markets,data/market/raw/draftkings/2026-08-22/event_34544481/snapshot_draftkings_20260822_233011_subcategory_13025.json,6,success,
draftkings_20260822_233011,2026-08-22T23:30:11.416503+00:00,draftkings_public,DraftKings,34544481,13179,Alternate Total Rounds,alternate_total_rounds,https://sportsbook-nash.draftkings.com/sites/US-KS-SB/api/sportscontent/controldata/league/eventSubcategory/v1/markets?isBatchable=false&templateVars=13179&marketsQuery=%24filter%3DeventId+eq+%2734544481%27+AND+clientMetadata%2FsubCategoryId+eq+%2713179%27+AND+tags%2Fall%28t%3A+t+ne+%27SportcastBetBuilder%27%29&eventsQuery=%24filter%3Did+in+%28%2734544481%27%29&include=Events&entity=markets,data/market/raw/draftkings/2026-08-22/event_34544481/snapshot_draftkings_20260822_233011_subcategory_13179.json,4,success,
draftkings_20260822_233011,2026-08-22T23:30:11.416503+00:00,draftkings_public,DraftKings,34544481,16272,Alternate Point Spread,alternate_point_spread,https://sportsbook-nash.draftkings.com/sites/US-KS-SB/api/sportscontent/controldata/league/eventSubcategory/v1/markets?isBatchable=false&templateVars=16272&marketsQuery=%24filter%3DeventId+eq+%2734544481%27+AND+clientMetadata%2FsubCategoryId+eq+%2716272%27+AND+tags%2Fall%28t%3A+t+ne+%27SportcastBetBuilder%27%29&eventsQuery=%24filter%3Did+in+%28%2734544481%27%29&include=Events&entity=markets,data/market/raw/draftkings/2026-08-22/event_34544481/snapshot_draftkings_20260822_233011_subcategory_16272.json,10,success,
draftkings_20260822_233011,2026-08-22T23:30:11.416503+00:00,draftkings_public,DraftKings,34544481,17644,Fight to Go the Distance,goes_distance,https://sportsbook-nash.draftkings.com/sites/US-KS-SB/api/sportscontent/controldata/league/eventSubcategory/v1/markets?isBatchable=false&templateVars=17644&marketsQuery=%24filter%3DeventId+eq+%2734544481%27+AND+clientMetadata%2FsubCategoryId+eq+%2717644%27+AND+tags%2Fall%28t%3A+t+ne+%27SportcastBetBuilder%27%29&eventsQuery=%24filter%3Did+in+%28%2734544481%27%29&include=Events&entity=markets,data/market/raw/draftkings/2026-08-22/event_34544481/snapshot_draftkings_20260822_233011_subcategory_17644.json,2,success,
draftkings_20260822_233011,2026-08-22T23:30:11.416503+00:00,draftkings_public,DraftKings,34544481,18911,Fighter Method Props,fighter_method_props,https://sportsbook-nash.draftkings.com/sites/US-KS-SB/api/sportscontent/controldata/league/eventSubcategory/v1/markets?isBatchable=false&templateVars=18911&marketsQuery=%24filter%3DeventId+eq+%2734544481%27+AND+clientMetadata%2FsubCategoryId+eq+%2718911%27+AND+tags%2Fall%28t%3A+t+ne+%27SportcastBetBuilder%27%29&eventsQuery=%24filter%3Did+in+%28%2734544481%27%29&include=Events&entity=markets,data/market/raw/draftkings/2026-08-22/event_34544481/snapshot_draftkings_20260822_233011_subcategory_18911.json,6,success,
draftkings_20260822_233011,2026-08-22T23:30:11.416503+00:00,draftkings_public,DraftKings,34544481,6437,Exact Method of Victory,exact_method,https://sportsbook-nash.draftkings.com/sites/US-KS-SB/api/sportscontent/controldata/league/eventSubcategory/v1/markets?isBatchable=false&templateVars=6437&marketsQuery=%24filter%3DeventId+eq+%2734544481%27+AND+clientMetadata%2FsubCategoryId+eq+%276437%27+AND+tags%2Fall%28t%3A+t+ne+%27SportcastBetBuilder%27%29&eventsQuery=%24filter%3Did+in+%28%2734544481%27%29&include=Events&entity=markets,data/market/raw/draftkings/2026-08-22/event_34544481/snapshot_draftkings_20260822_233011_subcategory_6437.json,4,success,
draftkings_20260822_233011,2026-08-22T23:30:11.416503+00:00,draftkings_public,DraftKings,34544481,5735,Round and Method,round_method,https://sportsbook-nash.draftkings.com/sites/US-KS-SB/api/sportscontent/controldata/league/eventSubcategory/v1/markets?isBatchable=false&templateVars=5735&marketsQuery=%24filter%3DeventId+eq+%2734544481%27+AND+clientMetadata%2FsubCategoryId+eq+%275735%27+AND+tags%2Fall%28t%3A+t+ne+%27SportcastBetBuilder%27%29&eventsQuery=%24filter%3Did+in+%28%2734544481%27%29&include=Events&entity=markets,data/market/raw/draftkings/2026-08-22/event_34544481/snapshot_draftkings_20260822_233011_subcategory_5735.json,13,success,
draftkings_20260822_233011,2026-08-22T23:30:11.416503+00:00,draftkings_public,DraftKings,34544481,15122,Finish Only,finish_only_moneyline,https://sportsbook-nash.draftkings.com/sites/US-KS-SB/api/sportscontent/controldata/league/eventSubcategory/v1/markets?isBatchable=false&templateVars=15122&marketsQuery=%24filter%3DeventId+eq+%2734544481%27+AND+clientMetadata%2FsubCategoryId+eq+%2715122%27+AND+tags%2Fall%28t%3A+t+ne+%27SportcastBetBuilder%27%29&eventsQuery=%24filter%3Did+in+%28%2734544481%27%29&include=Events&entity=markets,data/market/raw/draftkings/2026-08-22/event_34544481/snapshot_draftkings_20260822_233011_subcategory_15122.json,2,success,
draftkings_20260822_233011,2026-08-22T23:30:11.416503+00:00,draftkings_public,DraftKings,34544481,15123,Decision Only,decision_only_moneyline,https://sportsbook-nash.draftkings.com/sites/US-KS-SB/api/sportscontent/controldata/league/eventSubcategory/v1/markets?isBatchable=false&templateVars=15123&marketsQuery=%24filter%3DeventId+eq+%2734544481%27+AND+clientMetadata%2FsubCategoryId+eq+%2715123%27+AND+tags%2Fall%28t%3A+t+ne+%27SportcastBetBuilder%27%29&eventsQuery=%24filter%3Did+in+%28%2734544481%27%29&include=Events&entity=markets,data/market/raw/draftkings/2026-08-22/event_34544481/snapshot_draftkings_20260822_233011_subcategory_15123.json,2,success,
draftkings_20260822_233011,2026-08-22T23:30:11.416503+00:00,draftkings_public,DraftKings,34544481,15124,Round 1 Only,round_1_only_moneyline,https://sportsbook-nash.draftkings.com/sites/US-KS-SB/api/sportscontent/controldata/league/eventSubcategory/v1/markets?isBatchable=false&templateVars=15124&marketsQuery=%24filter%3DeventId+eq+%2734544481%27+AND+clientMetadata%2FsubCategoryId+eq+%2715124%27+AND+tags%2Fall%28t%3A+t+ne+%27SportcastBetBuilder%27%29&eventsQuery=%24filter%3Did+in+%28%2734544481%27%29&include=Events&entity=markets,data/market/raw/draftkings/2026-08-22/event_34544481/snapshot_draftkings_20260822_233011_subcategory_15124.json,2,success,
draftkings_20260822_233011,2026-08-22T23:30:11.416503+00:00,draftkings_public,DraftKings,34544481,15125,Submission Only,submission_only_moneyline,https://sportsbook-nash.draftkings.com/sites/US-KS-SB/api/sportscontent/controldata/league/eventSubcategory/v1/markets?isBatchable=false&templateVars=15125&marketsQuery=%24filter%3DeventId+eq+%2734544481%27+AND+clientMetadata%2FsubCategoryId+eq+%2715125%27+AND+tags%2Fall%28t%3A+t+ne+%27SportcastBetBuilder%27%29&eventsQuery=%24filter%3Did+in+%28%2734544481%27%29&include=Events&entity=markets,data/market/raw/draftkings/2026-08-22/event_34544481/snapshot_draftkings_20260822_233011_subcategory_15125.json,2,success,
draftkings_20260822_233011,2026-08-22T23:30:11.416503+00:00,draftkings_public,DraftKings,34544481,15126,KO TKO DQ Only,ko_tko_only_moneyline,https://sportsbook-nash.draftkings.com/sites/US-KS-SB/api/sportscontent/controldata/league/eventSubcategory/v1/markets?isBatchable=false&templateVars=15126&marketsQuery=%24filter%3DeventId+eq+%2734544481%27+AND+clientMetadata%2FsubCategoryId+eq+%2715126%27+AND+tags%2Fall%28t%3A+t+ne+%27SportcastBetBuilder%27%29&eventsQuery=%24filter%3Did+in+%28%2734544481%27%29&include=Events&entity=markets,data/market/raw/draftkings/2026-08-22/event_34544481/snapshot_draftkings_20260822_233011_subcategory_15126.json,2,success,
draftkings_20260822_233011,2026-08-22T23:30:11.416503+00:00,draftkings_public,DraftKings,34544481,19390,Fighter Significant Strikes Total,fighter_sig_strikes_total,https://sportsbook-nash.draftkings.com/sites/US-KS-SB/api/sportscontent/controldata/league/eventSubcategory/v1/markets?isBatchable=false&templateVars=19390&marketsQuery=%24filter%3DeventId+eq+%2734544481%27+AND+clientMetadata%2FsubCategoryId+eq+%2719390%27+AND+tags%2Fall%28t%3A+t+ne+%27SportcastBetBuilder%27%29&eventsQuery=%24filter%3Did+in+%28%2734544481%27%29&include=Events&entity=markets,data/market/raw/draftkings/2026-08-22/event_34544481/snapshot_draftkings_20260822_233011_subcategory_19390.json,4,success,
draftkings_20260822_233011,2026-08-22T23:30:11.416503+00:00,draftkings_public,DraftKings,34515363,13025,Main Lines,main_lines,https://sportsbook-nash.draftkings.com/sites/US-KS-SB/api/sportscontent/controldata/league/eventSubcategory/v1/markets?isBatchable=false&templateVars=13025&marketsQuery=%24filter%3DeventId+eq+%2734515363%27+AND+clientMetadata%2FsubCategoryId+eq+%2713025%27+AND+tags%2Fall%28t%3A+t+ne+%27SportcastBetBuilder%27%29&eventsQuery=%24filter%3Did+in+%28%2734515363%27%29&include=Events&entity=markets,data/market/raw/draftkings/2026-08-22/event_34515363/snapshot_draftkings_20260822_233011_subcategory_13025.json,6,success,
draftkings_20260822_233011,2026-08-22T23:30:11.416503+00:00,draftkings_public,DraftKings,34515363,13179,Alternate Total Rounds,alternate_total_rounds,https://sportsbook-nash.draftkings.com/sites/US-KS-SB/api/sportscontent/controldata/league/eventSubcategory/v1/markets?isBatchable=false&templateVars=13179&marketsQuery=%24filter%3DeventId+eq+%2734515363%27+AND+clientMetadata%2FsubCategoryId+eq+%2713179%27+AND+tags%2Fall%28t%3A+t+ne+%27SportcastBetBuilder%27%29&eventsQuery=%24filter%3Did+in+%28%2734515363%27%29&include=Events&entity=markets,data/market/raw/draftkings/2026-08-22/event_34515363/snapshot_draftkings_20260822_233011_subcategory_13179.json,4,success,
draftkings_20260822_233011,2026-08-22T23:30:11.416503+00:00,draftkings_public,DraftKings,34515363,16272,Alternate Point Spread,alternate_point_spread,https://sportsbook-nash.draftkings.com/sites/US-KS-SB/api/sportscontent/controldata/league/eventSubcategory/v1/markets?isBatchable=false&templateVars=16272&marketsQuery=%24filter%3DeventId+eq+%2734515363%27+AND+clientMetadata%2FsubCategoryId+eq+%2716272%27+AND+tags%2Fall%28t%3A+t+ne+%27SportcastBetBuilder%27%29&eventsQuery=%24filter%3Did+in+%28%2734515363%27%29&include=Events&entity=markets,data/market/raw/draftkings/2026-08-22/event_34515363/snapshot_draftkings_20260822_233011_subcategory_16272.json,10,success,
draftkings_20260822_233011,2026-08-22T23:30:11.416503+00:00,draftkings_public,DraftKings,34515363,17644,Fight to Go the Distance,goes_distance,https://sportsbook-nash.draftkings.com/sites/US-KS-SB/api/sportscontent/controldata/league/eventSubcategory/v1/markets?isBatchable=false&templateVars=17644&marketsQuery=%24filter%3DeventId+eq+%2734515363%27+AND+clientMetadata%2FsubCategoryId+eq+%2717644%27+AND+tags%2Fall%28t%3A+t+ne+%27SportcastBetBuilder%27%29&eventsQuery=%24filter%3Did+in+%28%2734515363%27%29&include=Events&entity=markets,data/market/raw/draftkings/2026-08-22/event_34515363/snapshot_draftkings_20260822_233011_subcategory_17644.json,2,success,
draftkings_20260822_233011,2026-08-22T23:30:11.416503+00:00,draftkings_public,DraftKings,34515363,18911,Fighter Method Props,fighter_method_props,https://sportsbook-nash.draftkings.com/sites/US-KS-SB/api/sportscontent/controldata/league/eventSubcategory/v1/markets?isBatchable=false&templateVars=18911&marketsQuery=%24filter%3DeventId+eq+%2734515363%27+AND+clientMetadata%2FsubCategoryId+eq+%2718911%27+AND+tags%2Fall%28t%3A+t+ne+%27SportcastBetBuilder%27%29&eventsQuery=%24filter%3Did+in+%28%2734515363%27%29&include=Events&entity=markets,data/market/raw/draftkings/2026-08-22/event_34515363/snapshot_draftkings_20260822_233011_subcategory_18911.json,6,success,
draftkings_20260822_233011,2026-08-22T23:30:11.416503+00:00,draftkings_public,DraftKings,34515363,6437,Exact Method of Victory,exact_method,https://sportsbook-nash.draftkings.com/sites/US-KS-SB/api/sportscontent/controldata/league/eventSubcategory/v1/markets?isBatchable=false&templateVars=6437&marketsQuery=%24filter%3DeventId+eq+%2734515363%27+AND+clientMetadata%2FsubCategoryId+eq+%276437%27+AND+tags%2Fall%28t%3A+t+ne+%27SportcastBetBuilder%27%29&eventsQuery=%24filter%3Did+in+%28%2734515363%27%29&include=Events&entity=markets,data/market/raw/draftkings/2026-08-22/event_34515363/snapshot_draftkings_20260822_233011_subcategory_6437.json,4,success,
draftkings_20260822_233011,2026-08-22T23:30:11.416503+00:00,draftkings_public,DraftKings,34515363,5735,Round and Method,round_method,https://sportsbook-nash.draftkings.com/sites/US-KS-SB/api/sportscontent/controldata/league/eventSubcategory/v1/markets?isBatchable=false&templateVars=5735&marketsQuery=%24filter%3DeventId+eq+%2734515363%27+AND+clientMetadata%2FsubCategoryId+eq+%275735%27+AND+tags%2Fall%28t%3A+t+ne+%27SportcastBetBuilder%27%29&eventsQuery=%24filter%3Did+in+%28%2734515363%27%29&include=Events&entity=markets,data/market/raw/draftkings/2026-08-22/event_34515363/snapshot_draftkings_20260822_233011_subcategory_5735.json,13,success,
draftkings_20260822_233011,2026-08-22T23:30:11.416503+00:00,draftkings_public,DraftKings,34515363,15122,Finish Only,finish_only_moneyline,https://sportsbook-nash.draftkings.com/sites/US-KS-SB/api/sportscontent/controldata/league/eventSubcategory/v1/markets?isBatchable=false&templateVars=15122&marketsQuery=%24filter%3DeventId+eq+%2734515363%27+AND+clientMetadata%2FsubCategoryId+eq+%2715122%27+AND+tags%2Fall%28t%3A+t+ne+%27SportcastBetBuilder%27%29&eventsQuery=%24filter%3Did+in+%28%2734515363%27%29&include=Events&entity=markets,data/market/raw/draftkings/2026-08-22/event_34515363/snapshot_draftkings_20260822_233011_subcategory_15122.json,2,success,
draftkings_20260822_233011,2026-08-22T23:30:11.416503+00:00,draftkings_public,DraftKings,34515363,15123,Decision Only,decision_only_moneyline,https://sportsbook-nash.draftkings.com/sites/US-KS-SB/api/sportscontent/controldata/league/eventSubcategory/v1/markets?isBatchable=false&templateVars=15123&marketsQuery=%24filter%3DeventId+eq+%2734515363%27+AND+clientMetadata%2FsubCategoryId+eq+%2715123%27+AND+tags%2Fall%28t%3A+t+ne+%27SportcastBetBuilder%27%29&eventsQuery=%24filter%3Did+in+%28%2734515363%27%29&include=Events&entity=markets,data/market/raw/draftkings/2026-08-22/event_34515363/snapshot_draftkings_20260822_233011_subcategory_15123.json,2,success,
draftkings_20260822_233011,2026-08-22T23:30:11.416503+00:00,draftkings_public,DraftKings,34515363,15124,Round 1 Only,round_1_only_moneyline,https://sportsbook-nash.draftkings.com/sites/US-KS-SB/api/sportscontent/controldata/league/eventSubcategory/v1/markets?isBatchable=false&templateVars=15124&marketsQuery=%24filter%3DeventId+eq+%2734515363%27+AND+clientMetadata%2FsubCategoryId+eq+%2715124%27+AND+tags%2Fall%28t%3A+t+ne+%27SportcastBetBuilder%27%29&eventsQuery=%24filter%3Did+in+%28%2734515363%27%29&include=Events&entity=markets,data/market/raw/draftkings/2026-08-22/event_34515363/snapshot_draftkings_20260822_233011_subcategory_15124.json,2,success,
draftkings_20260822_233011,2026-08-22T23:30:11.416503+00:00,draftkings_public,DraftKings,34515363,15125,Submission Only,submission_only_moneyline,https://sportsbook-nash.draftkings.com/sites/US-KS-SB/api/sportscontent/controldata/league/eventSubcategory/v1/markets?isBatchable=false&templateVars=15125&marketsQuery=%24filter%3DeventId+eq+%2734515363%27+AND+clientMetadata%2FsubCategoryId+eq+%2715125%27+AND+tags%2Fall%28t%3A+t+ne+%27SportcastBetBuilder%27%29&eventsQuery=%24filter%3Did+in+%28%2734515363%27%29&include=Events&entity=markets,data/market/raw/draftkings/2026-08-22/event_34515363/snapshot_draftkings_20260822_233011_subcategory_15125.json,2,success,
draftkings_20260822_233011,2026-08-22T23:30:11.416503+00:00,draftkings_public,DraftKings,34515363,15126,KO TKO DQ Only,ko_tko_only_moneyline,https://sportsbook-nash.draftkings.com/sites/US-KS-SB/api/sportscontent/controldata/league/eventSubcategory/v1/markets?isBatchable=false&templateVars=15126&marketsQuery=%24filter%3DeventId+eq+%2734515363%27+AND+clientMetadata%2FsubCategoryId+eq+%2715126%27+AND+tags%2Fall%28t%3A+t+ne+%27SportcastBetBuilder%27%29&eventsQuery=%24filter%3Did+in+%28%2734515363%27%29&include=Events&entity=markets,data/market/raw/draftkings/2026-08-22/event_34515363/snapshot_draftkings_20260822_233011_subcategory_15126.json,2,success,
draftkings_20260822_233011,2026-08-22T23:30:11.416503+00:00,draftkings_public,DraftKings,34515363,19390,Fighter Significant Strikes Total,fighter_sig_strikes_total,https://sportsbook-nash.draftkings.com/sites/US-KS-SB/api/sportscontent/controldata/league/eventSubcategory/v1/markets?isBatchable=false&templateVars=19390&marketsQuery=%24filter%3DeventId+eq+%2734515363%27+AND+clientMetadata%2FsubCategoryId+eq+%2719390%27+AND+tags%2Fall%28t%3A+t+ne+%27SportcastBetBuilder%27%29&eventsQuery=%24filter%3Did+in+%28%2734515363%27%29&include=Events&entity=markets,data/market/raw/draftkings/2026-08-22/event_34515363/snapshot_draftkings_20260822_233011_subcategory_19390.json,4,success,
draftkings_20260822_233011,2026-08-22T23:30:11.416503+00:00,draftkings_public,DraftKings,34531309,13025,Main Lines,main_lines,https://sportsbook-nash.draftkings.com/sites/US-KS-SB/api/sportscontent/controldata/league/eventSubcategory/v1/markets?isBatchable=false&templateVars=13025&marketsQuery=%24filter%3DeventId+eq+%2734531309%27+AND+clientMetadata%2FsubCategoryId+eq+%2713025%27+AND+tags%2Fall%28t%3A+t+ne+%27SportcastBetBuilder%27%29&eventsQuery=%24filter%3Did+in+%28%2734531309%27%29&include=Events&entity=markets,data/market/raw/draftkings/2026-08-22/event_34531309/snapshot_draftkings_20260822_233011_subcategory_13025.json,6,success,
draftkings_20260822_233011,2026-08-22T23:30:11.416503+00:00,draftkings_public,DraftKings,34531309,13179,Alternate Total Rounds,alternate_total_rounds,https://sportsbook-nash.draftkings.com/sites/US-KS-SB/api/sportscontent/controldata/league/eventSubcategory/v1/markets?isBatchable=false&templateVars=13179&marketsQuery=%24filter%3DeventId+eq+%2734531309%27+AND+clientMetadata%2FsubCategoryId+eq+%2713179%27+AND+tags%2Fall%28t%3A+t+ne+%27SportcastBetBuilder%27%29&eventsQuery=%24filter%3Did+in+%28%2734531309%27%29&include=Events&entity=markets,data/market/raw/draftkings/2026-08-22/event_34531309/snapshot_draftkings_20260822_233011_subcategory_13179.json,4,success,
draftkings_20260822_233011,2026-08-22T23:30:11.416503+00:00,draftkings_public,DraftKings,34531309,16272,Alternate Point Spread,alternate_point_spread,https://sportsbook-nash.draftkings.com/sites/US-KS-SB/api/sportscontent/controldata/league/eventSubcategory/v1/markets?isBatchable=false&templateVars=16272&marketsQuery=%24filter%3DeventId+eq+%2734531309%27+AND+clientMetadata%2FsubCategoryId+eq+%2716272%27+AND+tags%2Fall%28t%3A+t+ne+%27SportcastBetBuilder%27%29&eventsQuery=%24filter%3Did+in+%28%2734531309%27%29&include=Events&entity=markets,data/market/raw/draftkings/2026-08-22/event_34531309/snapshot_draftkings_20260822_233011_subcategory_16272.json,10,success,
draftkings_20260822_233011,2026-08-22T23:30:11.416503+00:00,draftkings_public,DraftKings,34531309,17644,Fight to Go the Distance,goes_distance,https://sportsbook-nash.draftkings.com/sites/US-KS-SB/api/sportscontent/controldata/league/eventSubcategory/v1/markets?isBatchable=false&templateVars=17644&marketsQuery=%24filter%3DeventId+eq+%2734531309%27+AND+clientMetadata%2FsubCategoryId+eq+%2717644%27+AND+tags%2Fall%28t%3A+t+ne+%27SportcastBetBuilder%27%29&eventsQuery=%24filter%3Did+in+%28%2734531309%27%29&include=Events&entity=markets,data/market/raw/draftkings/2026-08-22/event_34531309/snapshot_draftkings_20260822_233011_subcategory_17644.json,2,success,
draftkings_20260822_233011,2026-08-22T23:30:11.416503+00:00,draftkings_public,DraftKings,34531309,18911,Fighter Method Props,fighter_method_props,https://sportsbook-nash.draftkings.com/sites/US-KS-SB/api/sportscontent/controldata/league/eventSubcategory/v1/markets?isBatchable=false&templateVars=18911&marketsQuery=%24filter%3DeventId+eq+%2734531309%27+AND+clientMetadata%2FsubCategoryId+eq+%2718911%27+AND+tags%2Fall%28t%3A+t+ne+%27SportcastBetBuilder%27%29&eventsQuery=%24filter%3Did+in+%28%2734531309%27%29&include=Events&entity=markets,data/market/raw/draftkings/2026-08-22/event_34531309/snapshot_draftkings_20260822_233011_subcategory_18911.json,6,success,
draftkings_20260822_233011,2026-08-22T23:30:11.416503+00:00,draftkings_public,DraftKings,34531309,6437,Exact Method of Victory,exact_method,https://sportsbook-nash.draftkings.com/sites/US-KS-SB/api/sportscontent/controldata/league/eventSubcategory/v1/markets?isBatchable=false&templateVars=6437&marketsQuery=%24filter%3DeventId+eq+%2734531309%27+AND+clientMetadata%2FsubCategoryId+eq+%276437%27+AND+tags%2Fall%28t%3A+t+ne+%27SportcastBetBuilder%27%29&eventsQuery=%24filter%3Did+in+%28%2734531309%27%29&include=Events&entity=markets,data/market/raw/draftkings/2026-08-22/event_34531309/snapshot_draftkings_20260822_233011_subcategory_6437.json,4,success,
draftkings_20260822_233011,2026-08-22T23:30:11.416503+00:00,draftkings_public,DraftKings,34531309,5735,Round and Method,round_method,https://sportsbook-nash.draftkings.com/sites/US-KS-SB/api/sportscontent/controldata/league/eventSubcategory/v1/markets?isBatchable=false&templateVars=5735&marketsQuery=%24filter%3DeventId+eq+%2734531309%27+AND+clientMetadata%2FsubCategoryId+eq+%275735%27+AND+tags%2Fall%28t%3A+t+ne+%27SportcastBetBuilder%27%29&eventsQuery=%24filter%3Did+in+%28%2734531309%27%29&include=Events&entity=markets,data/market/raw/draftkings/2026-08-22/event_34531309/snapshot_draftkings_20260822_233011_subcategory_5735.json,13,success,
draftkings_20260822_233011,2026-08-22T23:30:11.416503+00:00,draftkings_public,DraftKings,34531309,15122,Finish Only,finish_only_moneyline,https://sportsbook-nash.draftkings.com/sites/US-KS-SB/api/sportscontent/controldata/league/eventSubcategory/v1/markets?isBatchable=false&templateVars=15122&marketsQuery=%24filter%3DeventId+eq+%2734531309%27+AND+clientMetadata%2FsubCategoryId+eq+%2715122%27+AND+tags%2Fall%28t%3A+t+ne+%27SportcastBetBuilder%27%29&eventsQuery=%24filter%3Did+in+%28%2734531309%27%29&include=Events&entity=markets,data/market/raw/draftkings/2026-08-22/event_34531309/snapshot_draftkings_20260822_233011_subcategory_15122.json,2,success,
draftkings_20260822_233011,2026-08-22T23:30:11.416503+00:00,draftkings_public,DraftKings,34531309,15123,Decision Only,decision_only_moneyline,https://sportsbook-nash.draftkings.com/sites/US-KS-SB/api/sportscontent/controldata/league/eventSubcategory/v1/markets?isBatchable=false&templateVars=15123&marketsQuery=%24filter%3DeventId+eq+%2734531309%27+AND+clientMetadata%2FsubCategoryId+eq+%2715123%27+AND+tags%2Fall%28t%3A+t+ne+%27SportcastBetBuilder%27%29&eventsQuery=%24filter%3Did+in+%28%2734531309%27%29&include=Events&entity=markets,data/market/raw/draftkings/2026-08-22/event_34531309/snapshot_draftkings_20260822_233011_subcategory_15123.json,2,success,
draftkings_20260822_233011,2026-08-22T23:30:11.416503+00:00,draftkings_public,DraftKings,34531309,15124,Round 1 Only,round_1_only_moneyline,https://sportsbook-nash.draftkings.com/sites/US-KS-SB/api/sportscontent/controldata/league/eventSubcategory/v1/markets?isBatchable=false&templateVars=15124&marketsQuery=%24filter%3DeventId+eq+%2734531309%27+AND+clientMetadata%2FsubCategoryId+eq+%2715124%27+AND+tags%2Fall%28t%3A+t+ne+%27SportcastBetBuilder%27%29&eventsQuery=%24filter%3Did+in+%28%2734531309%27%29&include=Events&entity=markets,data/market/raw/draftkings/2026-08-22/event_34531309/snapshot_draftkings_20260822_233011_subcategory_15124.json,2,success,
draftkings_20260822_233011,2026-08-22T23:30:11.416503+00:00,draftkings_public,DraftKings,34531309,15125,Submission Only,submission_only_moneyline,https://sportsbook-nash.draftkings.com/sites/US-KS-SB/api/sportscontent/controldata/league/eventSubcategory/v1/markets?isBatchable=false&templateVars=15125&marketsQuery=%24filter%3DeventId+eq+%2734531309%27+AND+clientMetadata%2FsubCategoryId+eq+%2715125%27+AND+tags%2Fall%28t%3A+t+ne+%27SportcastBetBuilder%27%29&eventsQuery=%24filter%3Did+in+%28%2734531309%27%29&include=Events&entity=markets,data/market/raw/draftkings/2026-08-22/event_34531309/snapshot_draftkings_20260822_233011_subcategory_15125.json,2,success,
draftkings_20260822_233011,2026-08-22T23:30:11.416503+00:00,draftkings_public,DraftKings,34531309,15126,KO TKO DQ Only,ko_tko_only_moneyline,https://sportsbook-nash.draftkings.com/sites/US-KS-SB/api/sportscontent/controldata/league/eventSubcategory/v1/markets?isBatchable=false&templateVars=15126&marketsQuery=%24filter%3DeventId+eq+%2734531309%27+AND+clientMetadata%2FsubCategoryId+eq+%2715126%27+AND+tags%2Fall%28t%3A+t+ne+%27SportcastBetBuilder%27%29&eventsQuery=%24filter%3Did+in+%28%2734531309%27%29&include=Events&entity=markets,data/market/raw/draftkings/2026-08-22/event_34531309/snapshot_draftkings_20260822_233011_subcategory_15126.json,2,success,
draftkings_20260822_233011,2026-08-22T23:30:11.416503+00:00,draftkings_public,DraftKings,34531309,19390,Fighter Significant Strikes Total,fighter_sig_strikes_total,https://sportsbook-nash.draftkings.com/sites/US-KS-SB/api/sportscontent/controldata/league/eventSubcategory/v1/markets?isBatchable=false&templateVars=19390&marketsQuery=%24filter%3DeventId+eq+%2734531309%27+AND+clientMetadata%2FsubCategoryId+eq+%2719390%27+AND+tags%2Fall%28t%3A+t+ne+%27SportcastBetBuilder%27%29&eventsQuery=%24filter%3Did+in+%28%2734531309%27%29&include=Events&entity=markets,data/market/raw/draftkings/2026-08-22/event_34531309/snapshot_draftkings_20260822_233011_subcategory_19390.json,4,success,
draftkings_20260822_233011,2026-08-22T23:30:11.416503+00:00,draftkings_public,DraftKings,34532031,13025,Main Lines,main_lines,https://sportsbook-nash.draftkings.com/sites/US-KS-SB/api/sportscontent/controldata/league/eventSubcategory/v1/markets?isBatchable=false&templateVars=13025&marketsQuery=%24filter%3DeventId+eq+%2734532031%27+AND+clientMetadata%2FsubCategoryId+eq+%2713025%27+AND+tags%2Fall%28t%3A+t+ne+%27SportcastBetBuilder%27%29&eventsQuery=%24filter%3Did+in+%28%2734532031%27%29&include=Events&entity=markets,data/market/raw/draftkings/2026-08-22/event_34532031/snapshot_draftkings_20260822_233011_subcategory_13025.json,6,success,
draftkings_20260822_233011,2026-08-22T23:30:11.416503+00:00,draftkings_public,DraftKings,34532031,13179,Alternate Total Rounds,alternate_total_rounds,https://sportsbook-nash.draftkings.com/sites/US-KS-SB/api/sportscontent/controldata/league/eventSubcategory/v1/markets?isBatchable=false&templateVars=13179&marketsQuery=%24filter%3DeventId+eq+%2734532031%27+AND+clientMetadata%2FsubCategoryId+eq+%2713179%27+AND+tags%2Fall%28t%3A+t+ne+%27SportcastBetBuilder%27%29&eventsQuery=%24filter%3Did+in+%28%2734532031%27%29&include=Events&entity=markets,data/market/raw/draftkings/2026-08-22/event_34532031/snapshot_draftkings_20260822_233011_subcategory_13179.json,4,success,
draftkings_20260822_233011,2026-08-22T23:30:11.416503+00:00,draftkings_public,DraftKings,34532031,16272,Alternate Point Spread,alternate_point_spread,https://sportsbook-nash.draftkings.com/sites/US-KS-SB/api/sportscontent/controldata/league/eventSubcategory/v1/markets?isBatchable=false&templateVars=16272&marketsQuery=%24filter%3DeventId+eq+%2734532031%27+AND+clientMetadata%2FsubCategoryId+eq+%2716272%27+AND+tags%2Fall%28t%3A+t+ne+%27SportcastBetBuilder%27%29&eventsQuery=%24filter%3Did+in+%28%2734532031%27%29&include=Events&entity=markets,data/market/raw/draftkings/2026-08-22/event_34532031/snapshot_draftkings_20260822_233011_subcategory_16272.json,10,success,
draftkings_20260822_233011,2026-08-22T23:30:11.416503+00:00,draftkings_public,DraftKings,34532031,17644,Fight to Go the Distance,goes_distance,https://sportsbook-nash.draftkings.com/sites/US-KS-SB/api/sportscontent/controldata/league/eventSubcategory/v1/markets?isBatchable=false&templateVars=17644&marketsQuery=%24filter%3DeventId+eq+%2734532031%27+AND+clientMetadata%2FsubCategoryId+eq+%2717644%27+AND+tags%2Fall%28t%3A+t+ne+%27SportcastBetBuilder%27%29&eventsQuery=%24filter%3Did+in+%28%2734532031%27%29&include=Events&entity=markets,data/market/raw/draftkings/2026-08-22/event_34532031/snapshot_draftkings_20260822_233011_subcategory_17644.json,2,success,
draftkings_20260822_233011,2026-08-22T23:30:11.416503+00:00,draftkings_public,DraftKings,34532031,18911,Fighter Method Props,fighter_method_props,https://sportsbook-nash.draftkings.com/sites/US-KS-SB/api/sportscontent/controldata/league/eventSubcategory/v1/markets?isBatchable=false&templateVars=18911&marketsQuery=%24filter%3DeventId+eq+%2734532031%27+AND+clientMetadata%2FsubCategoryId+eq+%2718911%27+AND+tags%2Fall%28t%3A+t+ne+%27SportcastBetBuilder%27%29&eventsQuery=%24filter%3Did+in+%28%2734532031%27%29&include=Events&entity=markets,data/market/raw/draftkings/2026-08-22/event_34532031/snapshot_draftkings_20260822_233011_subcategory_18911.json,6,success,
draftkings_20260822_233011,2026-08-22T23:30:11.416503+00:00,draftkings_public,DraftKings,34532031,6437,Exact Method of Victory,exact_method,https://sportsbook-nash.draftkings.com/sites/US-KS-SB/api/sportscontent/controldata/league/eventSubcategory/v1/markets?isBatchable=false&templateVars=6437&marketsQuery=%24filter%3DeventId+eq+%2734532031%27+AND+clientMetadata%2FsubCategoryId+eq+%276437%27+AND+tags%2Fall%28t%3A+t+ne+%27SportcastBetBuilder%27%29&eventsQuery=%24filter%3Did+in+%28%2734532031%27%29&include=Events&entity=markets,data/market/raw/draftkings/2026-08-22/event_34532031/snapshot_draftkings_20260822_233011_subcategory_6437.json,4,success,
draftkings_20260822_233011,2026-08-22T23:30:11.416503+00:00,draftkings_public,DraftKings,34532031,5735,Round and Method,round_method,https://sportsbook-nash.draftkings.com/sites/US-KS-SB/api/sportscontent/controldata/league/eventSubcategory/v1/markets?isBatchable=false&templateVars=5735&marketsQuery=%24filter%3DeventId+eq+%2734532031%27+AND+clientMetadata%2FsubCategoryId+eq+%275735%27+AND+tags%2Fall%28t%3A+t+ne+%27SportcastBetBuilder%27%29&eventsQuery=%24filter%3Did+in+%28%2734532031%27%29&include=Events&entity=markets,data/market/raw/draftkings/2026-08-22/event_34532031/snapshot_draftkings_20260822_233011_subcategory_5735.json,13,success,
draftkings_20260822_233011,2026-08-22T23:30:11.416503+00:00,draftkings_public,DraftKings,34532031,15122,Finish Only,finish_only_moneyline,https://sportsbook-nash.draftkings.com/sites/US-KS-SB/api/sportscontent/controldata/league/eventSubcategory/v1/markets?isBatchable=false&templateVars=15122&marketsQuery=%24filter%3DeventId+eq+%2734532031%27+AND+clientMetadata%2FsubCategoryId+eq+%2715122%27+AND+tags%2Fall%28t%3A+t+ne+%27SportcastBetBuilder%27%29&eventsQuery=%24filter%3Did+in+%28%2734532031%27%29&include=Events&entity=markets,data/market/raw/draftkings/2026-08-22/event_34532031/snapshot_draftkings_20260822_233011_subcategory_15122.json,2,success,
draftkings_20260822_233011,2026-08-22T23:30:11.416503+00:00,draftkings_public,DraftKings,34532031,15123,Decision Only,decision_only_moneyline,https://sportsbook-nash.draftkings.com/sites/US-KS-SB/api/sportscontent/controldata/league/eventSubcategory/v1/markets?isBatchable=false&templateVars=15123&marketsQuery=%24filter%3DeventId+eq+%2734532031%27+AND+clientMetadata%2FsubCategoryId+eq+%2715123%27+AND+tags%2Fall%28t%3A+t+ne+%27SportcastBetBuilder%27%29&eventsQuery=%24filter%3Did+in+%28%2734532031%27%29&include=Events&entity=markets,data/market/raw/draftkings/2026-08-22/event_34532031/snapshot_draftkings_20260822_233011_subcategory_15123.json,2,success,
draftkings_20260822_233011,2026-08-22T23:30:11.416503+00:00,draftkings_public,DraftKings,34532031,15124,Round 1 Only,round_1_only_moneyline,https://sportsbook-nash.draftkings.com/sites/US-KS-SB/api/sportscontent/controldata/league/eventSubcategory/v1/markets?isBatchable=false&templateVars=15124&marketsQuery=%24filter%3DeventId+eq+%2734532031%27+AND+clientMetadata%2FsubCategoryId+eq+%2715124%27+AND+tags%2Fall%28t%3A+t+ne+%27SportcastBetBuilder%27%29&eventsQuery=%24filter%3Did+in+%28%2734532031%27%29&include=Events&entity=markets,data/market/raw/draftkings/2026-08-22/event_34532031/snapshot_draftkings_20260822_233011_subcategory_15124.json,2,success,
draftkings_20260822_233011,2026-08-22T23:30:11.416503+00:00,draftkings_public,DraftKings,34532031,15125,Submission Only,submission_only_moneyline,https://sportsbook-nash.draftkings.com/sites/US-KS-SB/api/sportscontent/controldata/league/eventSubcategory/v1/markets?isBatchable=false&templateVars=15125&marketsQuery=%24filter%3DeventId+eq+%2734532031%27+AND+clientMetadata%2FsubCategoryId+eq+%2715125%27+AND+tags%2Fall%28t%3A+t+ne+%27SportcastBetBuilder%27%29&eventsQuery=%24filter%3Did+in+%28%2734532031%27%29&include=Events&entity=markets,data/market/raw/draftkings/2026-08-22/event_34532031/snapshot_draftkings_20260822_233011_subcategory_15125.json,2,success,
draftkings_20260822_233011,2026-08-22T23:30:11.416503+00:00,draftkings_public,DraftKings,34532031,15126,KO TKO DQ Only,ko_tko_only_moneyline,https://sportsbook-nash.draftkings.com/sites/US-KS-SB/api/sportscontent/controldata/league/eventSubcategory/v1/markets?isBatchable=false&templateVars=15126&marketsQuery=%24filter%3DeventId+eq+%2734532031%27+AND+clientMetadata%2FsubCategoryId+eq+%2715126%27+AND+tags%2Fall%28t%3A+t+ne+%27SportcastBetBuilder%27%29&eventsQuery=%24filter%3Did+in+%28%2734532031%27%29&include=Events&entity=markets,data/market/raw/draftkings/2026-08-22/event_34532031/snapshot_draftkings_20260822_233011_subcategory_15126.json,2,success,
draftkings_20260822_233011,2026-08-22T23:30:11.416503+00:00,draftkings_public,DraftKings,34532031,19390,Fighter Significant Strikes Total,fighter_sig_strikes_total,https://sportsbook-nash.draftkings.com/sites/US-KS-SB/api/sportscontent/controldata/league/eventSubcategory/v1/markets?isBatchable=false&templateVars=19390&marketsQuery=%24filter%3DeventId+eq+%2734532031%27+AND+clientMetadata%2FsubCategoryId+eq+%2719390%27+AND+tags%2Fall%28t%3A+t+ne+%27SportcastBetBuilder%27%29&eventsQuery=%24filter%3Did+in+%28%2734532031%27%29&include=Events&entity=markets,data/market/raw/draftkings/2026-08-22/event_34532031/snapshot_draftkings_20260822_233011_subcategory_19390.json,4,success,
draftkings_20260822_233011,2026-08-22T23:30:11.416503+00:00,draftkings_public,DraftKings,34515362,13025,Main Lines,main_lines,https://sportsbook-nash.draftkings.com/sites/US-KS-SB/api/sportscontent/controldata/league/eventSubcategory/v1/markets?isBatchable=false&templateVars=13025&marketsQuery=%24filter%3DeventId+eq+%2734515362%27+AND+clientMetadata%2FsubCategoryId+eq+%2713025%27+AND+tags%2Fall%28t%3A+t+ne+%27SportcastBetBuilder%27%29&eventsQuery=%24filter%3Did+in+%28%2734515362%27%29&include=Events&entity=markets,data/market/raw/draftkings/2026-08-22/event_34515362/snapshot_draftkings_20260822_233011_subcategory_13025.json,6,success,
draftkings_20260822_233011,2026-08-22T23:30:11.416503+00:00,draftkings_public,DraftKings,34515362,13179,Alternate Total Rounds,alternate_total_rounds,https://sportsbook-nash.draftkings.com/sites/US-KS-SB/api/sportscontent/controldata/league/eventSubcategory/v1/markets?isBatchable=false&templateVars=13179&marketsQuery=%24filter%3DeventId+eq+%2734515362%27+AND+clientMetadata%2FsubCategoryId+eq+%2713179%27+AND+tags%2Fall%28t%3A+t+ne+%27SportcastBetBuilder%27%29&eventsQuery=%24filter%3Did+in+%28%2734515362%27%29&include=Events&entity=markets,data/market/raw/draftkings/2026-08-22/event_34515362/snapshot_draftkings_20260822_233011_subcategory_13179.json,4,success,
draftkings_20260822_233011,2026-08-22T23:30:11.416503+00:00,draftkings_public,DraftKings,34515362,16272,Alternate Point Spread,alternate_point_spread,https://sportsbook-nash.draftkings.com/sites/US-KS-SB/api/sportscontent/controldata/league/eventSubcategory/v1/markets?isBatchable=false&templateVars=16272&marketsQuery=%24filter%3DeventId+eq+%2734515362%27+AND+clientMetadata%2FsubCategoryId+eq+%2716272%27+AND+tags%2Fall%28t%3A+t+ne+%27SportcastBetBuilder%27%29&eventsQuery=%24filter%3Did+in+%28%2734515362%27%29&include=Events&entity=markets,data/market/raw/draftkings/2026-08-22/event_34515362/snapshot_draftkings_20260822_233011_subcategory_16272.json,10,success,
draftkings_20260822_233011,2026-08-22T23:30:11.416503+00:00,draftkings_public,DraftKings,34515362,17644,Fight to Go the Distance,goes_distance,https://sportsbook-nash.draftkings.com/sites/US-KS-SB/api/sportscontent/controldata/league/eventSubcategory/v1/markets?isBatchable=false&templateVars=17644&marketsQuery=%24filter%3DeventId+eq+%2734515362%27+AND+clientMetadata%2FsubCategoryId+eq+%2717644%27+AND+tags%2Fall%28t%3A+t+ne+%27SportcastBetBuilder%27%29&eventsQuery=%24filter%3Did+in+%28%2734515362%27%29&include=Events&entity=markets,data/market/raw/draftkings/2026-08-22/event_34515362/snapshot_draftkings_20260822_233011_subcategory_17644.json,2,success,
draftkings_20260822_233011,2026-08-22T23:30:11.416503+00:00,draftkings_public,DraftKings,34515362,18911,Fighter Method Props,fighter_method_props,https://sportsbook-nash.draftkings.com/sites/US-KS-SB/api/sportscontent/controldata/league/eventSubcategory/v1/markets?isBatchable=false&templateVars=18911&marketsQuery=%24filter%3DeventId+eq+%2734515362%27+AND+clientMetadata%2FsubCategoryId+eq+%2718911%27+AND+tags%2Fall%28t%3A+t+ne+%27SportcastBetBuilder%27%29&eventsQuery=%24filter%3Did+in+%28%2734515362%27%29&include=Events&entity=markets,data/market/raw/draftkings/2026-08-22/event_34515362/snapshot_draftkings_20260822_233011_subcategory_18911.json,6,success,
draftkings_20260822_233011,2026-08-22T23:30:11.416503+00:00,draftkings_public,DraftKings,34515362,6437,Exact Method of Victory,exact_method,https://sportsbook-nash.draftkings.com/sites/US-KS-SB/api/sportscontent/controldata/league/eventSubcategory/v1/markets?isBatchable=false&templateVars=6437&marketsQuery=%24filter%3DeventId+eq+%2734515362%27+AND+clientMetadata%2FsubCategoryId+eq+%276437%27+AND+tags%2Fall%28t%3A+t+ne+%27SportcastBetBuilder%27%29&eventsQuery=%24filter%3Did+in+%28%2734515362%27%29&include=Events&entity=markets,data/market/raw/draftkings/2026-08-22/event_34515362/snapshot_draftkings_20260822_233011_subcategory_6437.json,4,success,
draftkings_20260822_233011,2026-08-22T23:30:11.416503+00:00,draftkings_public,DraftKings,34515362,5735,Round and Method,round_method,https://sportsbook-nash.draftkings.com/sites/US-KS-SB/api/sportscontent/controldata/league/eventSubcategory/v1/markets?isBatchable=false&templateVars=5735&marketsQuery=%24filter%3DeventId+eq+%2734515362%27+AND+clientMetadata%2FsubCategoryId+eq+%275735%27+AND+tags%2Fall%28t%3A+t+ne+%27SportcastBetBuilder%27%29&eventsQuery=%24filter%3Did+in+%28%2734515362%27%29&include=Events&entity=markets,data/market/raw/draftkings/2026-08-22/event_34515362/snapshot_draftkings_20260822_233011_subcategory_5735.json,13,success,
draftkings_20260822_233011,2026-08-22T23:30:11.416503+00:00,draftkings_public,DraftKings,34515362,15122,Finish Only,finish_only_moneyline,https://sportsbook-nash.draftkings.com/sites/US-KS-SB/api/sportscontent/controldata/league/eventSubcategory/v1/markets?isBatchable=false&templateVars=15122&marketsQuery=%24filter%3DeventId+eq+%2734515362%27+AND+clientMetadata%2FsubCategoryId+eq+%2715122%27+AND+tags%2Fall%28t%3A+t+ne+%27SportcastBetBuilder%27%29&eventsQuery=%24filter%3Did+in+%28%2734515362%27%29&include=Events&entity=markets,data/market/raw/draftkings/2026-08-22/event_34515362/snapshot_draftkings_20260822_233011_subcategory_15122.json,2,success,
draftkings_20260822_233011,2026-08-22T23:30:11.416503+00:00,draftkings_public,DraftKings,34515362,15123,Decision Only,decision_only_moneyline,https://sportsbook-nash.draftkings.com/sites/US-KS-SB/api/sportscontent/controldata/league/eventSubcategory/v1/markets?isBatchable=false&templateVars=15123&marketsQuery=%24filter%3DeventId+eq+%2734515362%27+AND+clientMetadata%2FsubCategoryId+eq+%2715123%27+AND+tags%2Fall%28t%3A+t+ne+%27SportcastBetBuilder%27%29&eventsQuery=%24filter%3Did+in+%28%2734515362%27%29&include=Events&entity=markets,data/market/raw/draftkings/2026-08-22/event_34515362/snapshot_draftkings_20260822_233011_subcategory_15123.json,2,success,
draftkings_20260822_233011,2026-08-22T23:30:11.416503+00:00,draftkings_public,DraftKings,34515362,15124,Round 1 Only,round_1_only_moneyline,https://sportsbook-nash.draftkings.com/sites/US-KS-SB/api/sportscontent/controldata/league/eventSubcategory/v1/markets?isBatchable=false&templateVars=15124&marketsQuery=%24filter%3DeventId+eq+%2734515362%27+AND+clientMetadata%2FsubCategoryId+eq+%2715124%27+AND+tags%2Fall%28t%3A+t+ne+%27SportcastBetBuilder%27%29&eventsQuery=%24filter%3Did+in+%28%2734515362%27%29&include=Events&entity=markets,data/market/raw/draftkings/2026-08-22/event_34515362/snapshot_draftkings_20260822_233011_subcategory_15124.json,2,success,
draftkings_20260822_233011,2026-08-22T23:30:11.416503+00:00,draftkings_public,DraftKings,34515362,15125,Submission Only,submission_only_moneyline,https://sportsbook-nash.draftkings.com/sites/US-KS-SB/api/sportscontent/controldata/league/eventSubcategory/v1/markets?isBatchable=false&templateVars=15125&marketsQuery=%24filter%3DeventId+eq+%2734515362%27+AND+clientMetadata%2FsubCategoryId+eq+%2715125%27+AND+tags%2Fall%28t%3A+t+ne+%27SportcastBetBuilder%27%29&eventsQuery=%24filter%3Did+in+%28%2734515362%27%29&include=Events&entity=markets,data/market/raw/draftkings/2026-08-22/event_34515362/snapshot_draftkings_20260822_233011_subcategory_15125.json,2,success,
draftkings_20260822_233011,2026-08-22T23:30:11.416503+00:00,draftkings_public,DraftKings,34515362,15126,KO TKO DQ Only,ko_tko_only_moneyline,https://sportsbook-nash.draftkings.com/sites/US-KS-SB/api/sportscontent/controldata/league/eventSubcategory/v1/markets?isBatchable=false&templateVars=15126&marketsQuery=%24filter%3DeventId+eq+%2734515362%27+AND+clientMetadata%2FsubCategoryId+eq+%2715126%27+AND+tags%2Fall%28t%3A+t+ne+%27SportcastBetBuilder%27%29&eventsQuery=%24filter%3Did+in+%28%2734515362%27%29&include=Events&entity=markets,data/market/raw/draftkings/2026-08-22/event_34515362/snapshot_draftkings_20260822_233011_subcategory_15126.json,2,success,
draftkings_20260822_233011,2026-08-22T23:30:11.416503+00:00,draftkings_public,DraftKings,34515362,19390,Fighter Significant Strikes Total,fighter_sig_strikes_total,https://sportsbook-nash.draftkings.com/sites/US-KS-SB/api/sportscontent/controldata/league/eventSubcategory/v1/markets?isBatchable=false&templateVars=19390&marketsQuery=%24filter%3DeventId+eq+%2734515362%27+AND+clientMetadata%2FsubCategoryId+eq+%2719390%27+AND+tags%2Fall%28t%3A+t+ne+%27SportcastBetBuilder%27%29&eventsQuery=%24filter%3Did+in+%28%2734515362%27%29&include=Events&entity=markets,data/market/raw/draftkings/2026-08-22/event_34515362/snapshot_draftkings_20260822_233011_subcategory_19390.json,4,success,
draftkings_20260822_233011,2026-08-22T23:30:11.416503+00:00,draftkings_public,DraftKings,34515359,13025,Main Lines,main_lines,https://sportsbook-nash.draftkings.com/sites/US-KS-SB/api/sportscontent/controldata/league/eventSubcategory/v1/markets?isBatchable=false&templateVars=13025&marketsQuery=%24filter%3DeventId+eq+%2734515359%27+AND+clientMetadata%2FsubCategoryId+eq+%2713025%27+AND+tags%2Fall%28t%3A+t+ne+%27SportcastBetBuilder%27%29&eventsQuery=%24filter%3Did+in+%28%2734515359%27%29&include=Events&entity=markets,data/market/raw/draftkings/2026-08-22/event_34515359/snapshot_draftkings_20260822_233011_subcategory_13025.json,6,success,
draftkings_20260822_233011,2026-08-22T23:30:11.416503+00:00,draftkings_public,DraftKings,34515359,13179,Alternate Total Rounds,alternate_total_rounds,https://sportsbook-nash.draftkings.com/sites/US-KS-SB/api/sportscontent/controldata/league/eventSubcategory/v1/markets?isBatchable=false&templateVars=13179&marketsQuery=%24filter%3DeventId+eq+%2734515359%27+AND+clientMetadata%2FsubCategoryId+eq+%2713179%27+AND+tags%2Fall%28t%3A+t+ne+%27SportcastBetBuilder%27%29&eventsQuery=%24filter%3Did+in+%28%2734515359%27%29&include=Events&entity=markets,data/market/raw/draftkings/2026-08-22/event_34515359/snapshot_draftkings_20260822_233011_subcategory_13179.json,8,success,
draftkings_20260822_233011,2026-08-22T23:30:11.416503+00:00,draftkings_public,DraftKings,34515359,16272,Alternate Point Spread,alternate_point_spread,https://sportsbook-nash.draftkings.com/sites/US-KS-SB/api/sportscontent/controldata/league/eventSubcategory/v1/markets?isBatchable=false&templateVars=16272&marketsQuery=%24filter%3DeventId+eq+%2734515359%27+AND+clientMetadata%2FsubCategoryId+eq+%2716272%27+AND+tags%2Fall%28t%3A+t+ne+%27SportcastBetBuilder%27%29&eventsQuery=%24filter%3Did+in+%28%2734515359%27%29&include=Events&entity=markets,data/market/raw/draftkings/2026-08-22/event_34515359/snapshot_draftkings_20260822_233011_subcategory_16272.json,10,success,
draftkings_20260822_233011,2026-08-22T23:30:11.416503+00:00,draftkings_public,DraftKings,34515359,17644,Fight to Go the Distance,goes_distance,https://sportsbook-nash.draftkings.com/sites/US-KS-SB/api/sportscontent/controldata/league/eventSubcategory/v1/markets?isBatchable=false&templateVars=17644&marketsQuery=%24filter%3DeventId+eq+%2734515359%27+AND+clientMetadata%2FsubCategoryId+eq+%2717644%27+AND+tags%2Fall%28t%3A+t+ne+%27SportcastBetBuilder%27%29&eventsQuery=%24filter%3Did+in+%28%2734515359%27%29&include=Events&entity=markets,data/market/raw/draftkings/2026-08-22/event_34515359/snapshot_draftkings_20260822_233011_subcategory_17644.json,2,success,
draftkings_20260822_233011,2026-08-22T23:30:11.416503+00:00,draftkings_public,DraftKings,34515359,18911,Fighter Method Props,fighter_method_props,https://sportsbook-nash.draftkings.com/sites/US-KS-SB/api/sportscontent/controldata/league/eventSubcategory/v1/markets?isBatchable=false&templateVars=18911&marketsQuery=%24filter%3DeventId+eq+%2734515359%27+AND+clientMetadata%2FsubCategoryId+eq+%2718911%27+AND+tags%2Fall%28t%3A+t+ne+%27SportcastBetBuilder%27%29&eventsQuery=%24filter%3Did+in+%28%2734515359%27%29&include=Events&entity=markets,data/market/raw/draftkings/2026-08-22/event_34515359/snapshot_draftkings_20260822_233011_subcategory_18911.json,6,success,
draftkings_20260822_233011,2026-08-22T23:30:11.416503+00:00,draftkings_public,DraftKings,34515359,6437,Exact Method of Victory,exact_method,https://sportsbook-nash.draftkings.com/sites/US-KS-SB/api/sportscontent/controldata/league/eventSubcategory/v1/markets?isBatchable=false&templateVars=6437&marketsQuery=%24filter%3DeventId+eq+%2734515359%27+AND+clientMetadata%2FsubCategoryId+eq+%276437%27+AND+tags%2Fall%28t%3A+t+ne+%27SportcastBetBuilder%27%29&eventsQuery=%24filter%3Did+in+%28%2734515359%27%29&include=Events&entity=markets,data/market/raw/draftkings/2026-08-22/event_34515359/snapshot_draftkings_20260822_233011_subcategory_6437.json,4,success,
draftkings_20260822_233011,2026-08-22T23:30:11.416503+00:00,draftkings_public,DraftKings,34515359,5735,Round and Method,round_method,https://sportsbook-nash.draftkings.com/sites/US-KS-SB/api/sportscontent/controldata/league/eventSubcategory/v1/markets?isBatchable=false&templateVars=5735&marketsQuery=%24filter%3DeventId+eq+%2734515359%27+AND+clientMetadata%2FsubCategoryId+eq+%275735%27+AND+tags%2Fall%28t%3A+t+ne+%27SportcastBetBuilder%27%29&eventsQuery=%24filter%3Did+in+%28%2734515359%27%29&include=Events&entity=markets,data/market/raw/draftkings/2026-08-22/event_34515359/snapshot_draftkings_20260822_233011_subcategory_5735.json,21,success,
draftkings_20260822_233011,2026-08-22T23:30:11.416503+00:00,draftkings_public,DraftKings,34515359,15122,Finish Only,finish_only_moneyline,https://sportsbook-nash.draftkings.com/sites/US-KS-SB/api/sportscontent/controldata/league/eventSubcategory/v1/markets?isBatchable=false&templateVars=15122&marketsQuery=%24filter%3DeventId+eq+%2734515359%27+AND+clientMetadata%2FsubCategoryId+eq+%2715122%27+AND+tags%2Fall%28t%3A+t+ne+%27SportcastBetBuilder%27%29&eventsQuery=%24filter%3Did+in+%28%2734515359%27%29&include=Events&entity=markets,data/market/raw/draftkings/2026-08-22/event_34515359/snapshot_draftkings_20260822_233011_subcategory_15122.json,2,success,
draftkings_20260822_233011,2026-08-22T23:30:11.416503+00:00,draftkings_public,DraftKings,34515359,15123,Decision Only,decision_only_moneyline,https://sportsbook-nash.draftkings.com/sites/US-KS-SB/api/sportscontent/controldata/league/eventSubcategory/v1/markets?isBatchable=false&templateVars=15123&marketsQuery=%24filter%3DeventId+eq+%2734515359%27+AND+clientMetadata%2FsubCategoryId+eq+%2715123%27+AND+tags%2Fall%28t%3A+t+ne+%27SportcastBetBuilder%27%29&eventsQuery=%24filter%3Did+in+%28%2734515359%27%29&include=Events&entity=markets,data/market/raw/draftkings/2026-08-22/event_34515359/snapshot_draftkings_20260822_233011_subcategory_15123.json,2,success,
draftkings_20260822_233011,2026-08-22T23:30:11.416503+00:00,draftkings_public,DraftKings,34515359,15124,Round 1 Only,round_1_only_moneyline,https://sportsbook-nash.draftkings.com/sites/US-KS-SB/api/sportscontent/controldata/league/eventSubcategory/v1/markets?isBatchable=false&templateVars=15124&marketsQuery=%24filter%3DeventId+eq+%2734515359%27+AND+clientMetadata%2FsubCategoryId+eq+%2715124%27+AND+tags%2Fall%28t%3A+t+ne+%27SportcastBetBuilder%27%29&eventsQuery=%24filter%3Did+in+%28%2734515359%27%29&include=Events&entity=markets,data/market/raw/draftkings/2026-08-22/event_34515359/snapshot_draftkings_20260822_233011_subcategory_15124.json,2,success,
draftkings_20260822_233011,2026-08-22T23:30:11.416503+00:00,draftkings_public,DraftKings,34515359,15125,Submission Only,submission_only_moneyline,https://sportsbook-nash.draftkings.com/sites/US-KS-SB/api/sportscontent/controldata/league/eventSubcategory/v1/markets?isBatchable=false&templateVars=15125&marketsQuery=%24filter%3DeventId+eq+%2734515359%27+AND+clientMetadata%2FsubCategoryId+eq+%2715125%27+AND+tags%2Fall%28t%3A+t+ne+%27SportcastBetBuilder%27%29&eventsQuery=%24filter%3Did+in+%28%2734515359%27%29&include=Events&entity=markets,data/market/raw/draftkings/2026-08-22/event_34515359/snapshot_draftkings_20260822_233011_subcategory_15125.json,2,success,
draftkings_20260822_233011,2026-08-22T23:30:11.416503+00:00,draftkings_public,DraftKings,34515359,15126,KO TKO DQ Only,ko_tko_only_moneyline,https://sportsbook-nash.draftkings.com/sites/US-KS-SB/api/sportscontent/controldata/league/eventSubcategory/v1/markets?isBatchable=false&templateVars=15126&marketsQuery=%24filter%3DeventId+eq+%2734515359%27+AND+clientMetadata%2FsubCategoryId+eq+%2715126%27+AND+tags%2Fall%28t%3A+t+ne+%27SportcastBetBuilder%27%29&eventsQuery=%24filter%3Did+in+%28%2734515359%27%29&include=Events&entity=markets,data/market/raw/draftkings/2026-08-22/event_34515359/snapshot_draftkings_20260822_233011_subcategory_15126.json,2,success,
draftkings_20260822_233011,2026-08-22T23:30:11.416503+00:00,draftkings_public,DraftKings,34515359,19390,Fighter Significant Strikes Total,fighter_sig_strikes_total,https://sportsbook-nash.draftkings.com/sites/US-KS-SB/api/sportscontent/controldata/league/eventSubcategory/v1/markets?isBatchable=false&templateVars=19390&marketsQuery=%24filter%3DeventId+eq+%2734515359%27+AND+clientMetadata%2FsubCategoryId+eq+%2719390%27+AND+tags%2Fall%28t%3A+t+ne+%27SportcastBetBuilder%27%29&eventsQuery=%24filter%3Did+in+%28%2734515359%27%29&include=Events&entity=markets,data/market/raw/draftkings/2026-08-22/event_34515359/snapshot_draftkings_20260822_233011_subcategory_19390.json,4,success,
draftkings_20260828_235556,2026-08-28T23:55:56.382293+00:00,draftkings_public,DraftKings,34558821,13025,Main Lines,main_lines,https://sportsbook-nash.draftkings.com/sites/US-KS-SB/api/sportscontent/controldata/league/eventSubcategory/v1/markets?isBatchable=false&templateVars=13025&marketsQuery=%24filter%3DeventId+eq+%2734558821%27+AND+clientMetadata%2FsubCategoryId+eq+%2713025%27+AND+tags%2Fall%28t%3A+t+ne+%27SportcastBetBuilder%27%29&eventsQuery=%24filter%3Did+in+%28%2734558821%27%29&include=Events&entity=markets,data/market/raw/draftkings/2026-08-28/event_34558821/snapshot_draftkings_20260828_235556_subcategory_13025.json,6,success,
draftkings_20260828_235556,2026-08-28T23:55:56.382293+00:00,draftkings_public,DraftKings,34558821,13179,Alternate Total Rounds,alternate_total_rounds,https://sportsbook-nash.draftkings.com/sites/US-KS-SB/api/sportscontent/controldata/league/eventSubcategory/v1/markets?isBatchable=false&templateVars=13179&marketsQuery=%24filter%3DeventId+eq+%2734558821%27+AND+clientMetadata%2FsubCategoryId+eq+%2713179%27+AND+tags%2Fall%28t%3A+t+ne+%27SportcastBetBuilder%27%29&eventsQuery=%24filter%3Did+in+%28%2734558821%27%29&include=Events&entity=markets,data/market/raw/draftkings/2026-08-28/event_34558821/snapshot_draftkings_20260828_235556_subcategory_13179.json,4,success,
draftkings_20260828_235556,2026-08-28T23:55:56.382293+00:00,draftkings_public,DraftKings,34558821,16272,Alternate Point Spread,alternate_point_spread,https://sportsbook-nash.draftkings.com/sites/US-KS-SB/api/sportscontent/controldata/league/eventSubcategory/v1/markets?isBatchable=false&templateVars=16272&marketsQuery=%24filter%3DeventId+eq+%2734558821%27+AND+clientMetadata%2FsubCategoryId+eq+%2716272%27+AND+tags%2Fall%28t%3A+t+ne+%27SportcastBetBuilder%27%29&eventsQuery=%24filter%3Did+in+%28%2734558821%27%29&include=Events&entity=markets,data/market/raw/draftkings/2026-08-28/event_34558821/snapshot_draftkings_20260828_235556_subcategory_16272.json,10,success,
draftkings_20260828_235556,2026-08-28T23:55:56.382293+00:00,draftkings_public,DraftKings,34558821,17644,Fight to Go the Distance,goes_distance,https://sportsbook-nash.draftkings.com/sites/US-KS-SB/api/sportscontent/controldata/league/eventSubcategory/v1/markets?isBatchable=false&templateVars=17644&marketsQuery=%24filter%3DeventId+eq+%2734558821%27+AND+clientMetadata%2FsubCategoryId+eq+%2717644%27+AND+tags%2Fall%28t%3A+t+ne+%27SportcastBetBuilder%27%29&eventsQuery=%24filter%3Did+in+%28%2734558821%27%29&include=Events&entity=markets,data/market/raw/draftkings/2026-08-28/event_34558821/snapshot_draftkings_20260828_235556_subcategory_17644.json,2,success,
draftkings_20260828_235556,2026-08-28T23:55:56.382293+00:00,draftkings_public,DraftKings,34558821,18911,Fighter Method Props,fighter_method_props,https://sportsbook-nash.draftkings.com/sites/US-KS-SB/api/sportscontent/controldata/league/eventSubcategory/v1/markets?isBatchable=false&templateVars=18911&marketsQuery=%24filter%3DeventId+eq+%2734558821%27+AND+clientMetadata%2FsubCategoryId+eq+%2718911%27+AND+tags%2Fall%28t%3A+t+ne+%27SportcastBetBuilder%27%29&eventsQuery=%24filter%3Did+in+%28%2734558821%27%29&include=Events&entity=markets,data/market/raw/draftkings/2026-08-28/event_34558821/snapshot_draftkings_20260828_235556_subcategory_18911.json,6,success,
draftkings_20260828_235556,2026-08-28T23:55:56.382293+00:00,draftkings_public,DraftKings,34558821,6437,Exact Method of Victory,exact_method,https://sportsbook-nash.draftkings.com/sites/US-KS-SB/api/sportscontent/controldata/league/eventSubcategory/v1/markets?isBatchable=false&templateVars=6437&marketsQuery=%24filter%3DeventId+eq+%2734558821%27+AND+clientMetadata%2FsubCategoryId+eq+%276437%27+AND+tags%2Fall%28t%3A+t+ne+%27SportcastBetBuilder%27%29&eventsQuery=%24filter%3Did+in+%28%2734558821%27%29&include=Events&entity=markets,data/market/raw/draftkings/2026-08-28/event_34558821/snapshot_draftkings_20260828_235556_subcategory_6437.json,4,success,
draftkings_20260828_235556,2026-08-28T23:55:56.382293+00:00,draftkings_public,DraftKings,34558821,5735,Round and Method,round_method,https://sportsbook-nash.draftkings.com/sites/US-KS-SB/api/sportscontent/controldata/league/eventSubcategory/v1/markets?isBatchable=false&templateVars=5735&marketsQuery=%24filter%3DeventId+eq+%2734558821%27+AND+clientMetadata%2FsubCategoryId+eq+%275735%27+AND+tags%2Fall%28t%3A+t+ne+%27SportcastBetBuilder%27%29&eventsQuery=%24filter%3Did+in+%28%2734558821%27%29&include=Events&entity=markets,data/market/raw/draftkings/2026-08-28/event_34558821/snapshot_draftkings_20260828_235556_subcategory_5735.json,13,success,
draftkings_20260828_235556,2026-08-28T23:55:56.382293+00:00,draftkings_public,DraftKings,34558821,15122,Finish Only,finish_only_moneyline,https://sportsbook-nash.draftkings.com/sites/US-KS-SB/api/sportscontent/controldata/league/eventSubcategory/v1/markets?isBatchable=false&templateVars=15122&marketsQuery=%24filter%3DeventId+eq+%2734558821%27+AND+clientMetadata%2FsubCategoryId+eq+%2715122%27+AND+tags%2Fall%28t%3A+t+ne+%27SportcastBetBuilder%27%29&eventsQuery=%24filter%3Did+in+%28%2734558821%27%29&include=Events&entity=markets,data/market/raw/draftkings/2026-08-28/event_34558821/snapshot_draftkings_20260828_235556_subcategory_15122.json,2,success,
draftkings_20260828_235556,2026-08-28T23:55:56.382293+00:00,draftkings_public,DraftKings,34558821,15123,Decision Only,decision_only_moneyline,https://sportsbook-nash.draftkings.com/sites/US-KS-SB/api/sportscontent/controldata/league/eventSubcategory/v1/markets?isBatchable=false&templateVars=15123&marketsQuery=%24filter%3DeventId+eq+%2734558821%27+AND+clientMetadata%2FsubCategoryId+eq+%2715123%27+AND+tags%2Fall%28t%3A+t+ne+%27SportcastBetBuilder%27%29&eventsQuery=%24filter%3Did+in+%28%2734558821%27%29&include=Events&entity=markets,data/market/raw/draftkings/2026-08-28/event_34558821/snapshot_draftkings_20260828_235556_subcategory_15123.json,2,success,
draftkings_20260828_235556,2026-08-28T23:55:56.382293+00:00,draftkings_public,DraftKings,34558821,15124,Round 1 Only,round_1_only_moneyline,https://sportsbook-nash.draftkings.com/sites/US-KS-SB/api/sportscontent/controldata/league/eventSubcategory/v1/markets?isBatchable=false&templateVars=15124&marketsQuery=%24filter%3DeventId+eq+%2734558821%27+AND+clientMetadata%2FsubCategoryId+eq+%2715124%27+AND+tags%2Fall%28t%3A+t+ne+%27SportcastBetBuilder%27%29&eventsQuery=%24filter%3Did+in+%28%2734558821%27%29&include=Events&entity=markets,data/market/raw/draftkings/2026-08-28/event_34558821/snapshot_draftkings_20260828_235556_subcategory_15124.json,2,success,
draftkings_20260828_235556,2026-08-28T23:55:56.382293+00:00,draftkings_public,DraftKings,34558821,15125,Submission Only,submission_only_moneyline,https://sportsbook-nash.draftkings.com/sites/US-KS-SB/api/sportscontent/controldata/league/eventSubcategory/v1/markets?isBatchable=false&templateVars=15125&marketsQuery=%24filter%3DeventId+eq+%2734558821%27+AND+clientMetadata%2FsubCategoryId+eq+%2715125%27+AND+tags%2Fall%28t%3A+t+ne+%27SportcastBetBuilder%27%29&eventsQuery=%24filter%3Did+in+%28%2734558821%27%29&include=Events&entity=markets,data/market/raw/draftkings/2026-08-28/event_34558821/snapshot_draftkings_20260828_235556_subcategory_15125.json,2,success,
draftkings_20260828_235556,2026-08-28T23:55:56.382293+00:00,draftkings_public,DraftKings,34558821,15126,KO TKO DQ Only,ko_tko_only_moneyline,https://sportsbook-nash.draftkings.com/sites/US-KS-SB/api/sportscontent/controldata/league/eventSubcategory/v1/markets?isBatchable=false&templateVars=15126&marketsQuery=%24filter%3DeventId+eq+%2734558821%27+AND+clientMetadata%2FsubCategoryId+eq+%2715126%27+AND+tags%2Fall%28t%3A+t+ne+%27SportcastBetBuilder%27%29&eventsQuery=%24filter%3Did+in+%28%2734558821%27%29&include=Events&entity=markets,data/market/raw/draftkings/2026-08-28/event_34558821/snapshot_draftkings_20260828_235556_subcategory_15126.json,2,success,
draftkings_20260828_235556,2026-08-28T23:55:56.382293+00:00,draftkings_public,DraftKings,34558821,19390,Fighter Significant Strikes Total,fighter_sig_strikes_total,https://sportsbook-nash.draftkings.com/sites/US-KS-SB/api/sportscontent/controldata/league/eventSubcategory/v1/markets?isBatchable=false&templateVars=19390&marketsQuery=%24filter%3DeventId+eq+%2734558821%27+AND+clientMetadata%2FsubCategoryId+eq+%2719390%27+AND+tags%2Fall%28t%3A+t+ne+%27SportcastBetBuilder%27%29&eventsQuery=%24filter%3Did+in+%28%2734558821%27%29&include=Events&entity=markets,data/market/raw/draftkings/2026-08-28/event_34558821/snapshot_draftkings_20260828_235556_subcategory_19390.json,0,success,
draftkings_20260828_235556,2026-08-28T23:55:56.382293+00:00,draftkings_public,DraftKings,34558811,13025,Main Lines,main_lines,https://sportsbook-nash.draftkings.com/sites/US-KS-SB/api/sportscontent/controldata/league/eventSubcategory/v1/markets?isBatchable=false&templateVars=13025&marketsQuery=%24filter%3DeventId+eq+%2734558811%27+AND+clientMetadata%2FsubCategoryId+eq+%2713025%27+AND+tags%2Fall%28t%3A+t+ne+%27SportcastBetBuilder%27%29&eventsQuery=%24filter%3Did+in+%28%2734558811%27%29&include=Events&entity=markets,data/market/raw/draftkings/2026-08-28/event_34558811/snapshot_draftkings_20260828_235556_subcategory_13025.json,6,success,
draftkings_20260828_235556,2026-08-28T23:55:56.382293+00:00,draftkings_public,DraftKings,34558811,13179,Alternate Total Rounds,alternate_total_rounds,https://sportsbook-nash.draftkings.com/sites/US-KS-SB/api/sportscontent/controldata/league/eventSubcategory/v1/markets?isBatchable=false&templateVars=13179&marketsQuery=%24filter%3DeventId+eq+%2734558811%27+AND+clientMetadata%2FsubCategoryId+eq+%2713179%27+AND+tags%2Fall%28t%3A+t+ne+%27SportcastBetBuilder%27%29&eventsQuery=%24filter%3Did+in+%28%2734558811%27%29&include=Events&entity=markets,data/market/raw/draftkings/2026-08-28/event_34558811/snapshot_draftkings_20260828_235556_subcategory_13179.json,4,success,
draftkings_20260828_235556,2026-08-28T23:55:56.382293+00:00,draftkings_public,DraftKings,34558811,16272,Alternate Point Spread,alternate_point_spread,https://sportsbook-nash.draftkings.com/sites/US-KS-SB/api/sportscontent/controldata/league/eventSubcategory/v1/markets?isBatchable=false&templateVars=16272&marketsQuery=%24filter%3DeventId+eq+%2734558811%27+AND+clientMetadata%2FsubCategoryId+eq+%2716272%27+AND+tags%2Fall%28t%3A+t+ne+%27SportcastBetBuilder%27%29&eventsQuery=%24filter%3Did+in+%28%2734558811%27%29&include=Events&entity=markets,data/market/raw/draftkings/2026-08-28/event_34558811/snapshot_draftkings_20260828_235556_subcategory_16272.json,10,success,
draftkings_20260828_235556,2026-08-28T23:55:56.382293+00:00,draftkings_public,DraftKings,34558811,17644,Fight to Go the Distance,goes_distance,https://sportsbook-nash.draftkings.com/sites/US-KS-SB/api/sportscontent/controldata/league/eventSubcategory/v1/markets?isBatchable=false&templateVars=17644&marketsQuery=%24filter%3DeventId+eq+%2734558811%27+AND+clientMetadata%2FsubCategoryId+eq+%2717644%27+AND+tags%2Fall%28t%3A+t+ne+%27SportcastBetBuilder%27%29&eventsQuery=%24filter%3Did+in+%28%2734558811%27%29&include=Events&entity=markets,data/market/raw/draftkings/2026-08-28/event_34558811/snapshot_draftkings_20260828_235556_subcategory_17644.json,2,success,
draftkings_20260828_235556,2026-08-28T23:55:56.382293+00:00,draftkings_public,DraftKings,34558811,18911,Fighter Method Props,fighter_method_props,https://sportsbook-nash.draftkings.com/sites/US-KS-SB/api/sportscontent/controldata/league/eventSubcategory/v1/markets?isBatchable=false&templateVars=18911&marketsQuery=%24filter%3DeventId+eq+%2734558811%27+AND+clientMetadata%2FsubCategoryId+eq+%2718911%27+AND+tags%2Fall%28t%3A+t+ne+%27SportcastBetBuilder%27%29&eventsQuery=%24filter%3Did+in+%28%2734558811%27%29&include=Events&entity=markets,data/market/raw/draftkings/2026-08-28/event_34558811/snapshot_draftkings_20260828_235556_subcategory_18911.json,6,success,
draftkings_20260828_235556,2026-08-28T23:55:56.382293+00:00,draftkings_public,DraftKings,34558811,6437,Exact Method of Victory,exact_method,https://sportsbook-nash.draftkings.com/sites/US-KS-SB/api/sportscontent/controldata/league/eventSubcategory/v1/markets?isBatchable=false&templateVars=6437&marketsQuery=%24filter%3DeventId+eq+%2734558811%27+AND+clientMetadata%2FsubCategoryId+eq+%276437%27+AND+tags%2Fall%28t%3A+t+ne+%27SportcastBetBuilder%27%29&eventsQuery=%24filter%3Did+in+%28%2734558811%27%29&include=Events&entity=markets,data/market/raw/draftkings/2026-08-28/event_34558811/snapshot_draftkings_20260828_235556_subcategory_6437.json,4,success,
draftkings_20260828_235556,2026-08-28T23:55:56.382293+00:00,draftkings_public,DraftKings,34558811,5735,Round and Method,round_method,https://sportsbook-nash.draftkings.com/sites/US-KS-SB/api/sportscontent/controldata/league/eventSubcategory/v1/markets?isBatchable=false&templateVars=5735&marketsQuery=%24filter%3DeventId+eq+%2734558811%27+AND+clientMetadata%2FsubCategoryId+eq+%275735%27+AND+tags%2Fall%28t%3A+t+ne+%27SportcastBetBuilder%27%29&eventsQuery=%24filter%3Did+in+%28%2734558811%27%29&include=Events&entity=markets,data/market/raw/draftkings/2026-08-28/event_34558811/snapshot_draftkings_20260828_235556_subcategory_5735.json,13,success,
draftkings_20260828_235556,2026-08-28T23:55:56.382293+00:00,draftkings_public,DraftKings,34558811,15122,Finish Only,finish_only_moneyline,https://sportsbook-nash.draftkings.com/sites/US-KS-SB/api/sportscontent/controldata/league/eventSubcategory/v1/markets?isBatchable=false&templateVars=15122&marketsQuery=%24filter%3DeventId+eq+%2734558811%27+AND+clientMetadata%2FsubCategoryId+eq+%2715122%27+AND+tags%2Fall%28t%3A+t+ne+%27SportcastBetBuilder%27%29&eventsQuery=%24filter%3Did+in+%28%2734558811%27%29&include=Events&entity=markets,data/market/raw/draftkings/2026-08-28/event_34558811/snapshot_draftkings_20260828_235556_subcategory_15122.json,2,success,
draftkings_20260828_235556,2026-08-28T23:55:56.382293+00:00,draftkings_public,DraftKings,34558811,15123,Decision Only,decision_only_moneyline,https://sportsbook-nash.draftkings.com/sites/US-KS-SB/api/sportscontent/controldata/league/eventSubcategory/v1/markets?isBatchable=false&templateVars=15123&marketsQuery=%24filter%3DeventId+eq+%2734558811%27+AND+clientMetadata%2FsubCategoryId+eq+%2715123%27+AND+tags%2Fall%28t%3A+t+ne+%27SportcastBetBuilder%27%29&eventsQuery=%24filter%3Did+in+%28%2734558811%27%29&include=Events&entity=markets,data/market/raw/draftkings/2026-08-28/event_34558811/snapshot_draftkings_20260828_235556_subcategory_15123.json,2,success,
draftkings_20260828_235556,2026-08-28T23:55:56.382293+00:00,draftkings_public,DraftKings,34558811,15124,Round 1 Only,round_1_only_moneyline,https://sportsbook-nash.draftkings.com/sites/US-KS-SB/api/sportscontent/controldata/league/eventSubcategory/v1/markets?isBatchable=false&templateVars=15124&marketsQuery=%24filter%3DeventId+eq+%2734558811%27+AND+clientMetadata%2FsubCategoryId+eq+%2715124%27+AND+tags%2Fall%28t%3A+t+ne+%27SportcastBetBuilder%27%29&eventsQuery=%24filter%3Did+in+%28%2734558811%27%29&include=Events&entity=markets,data/market/raw/draftkings/2026-08-28/event_34558811/snapshot_draftkings_20260828_235556_subcategory_15124.json,2,success,
draftkings_20260828_235556,2026-08-28T23:55:56.382293+00:00,draftkings_public,DraftKings,34558811,15125,Submission Only,submission_only_moneyline,https://sportsbook-nash.draftkings.com/sites/US-KS-SB/api/sportscontent/controldata/league/eventSubcategory/v1/markets?isBatchable=false&templateVars=15125&marketsQuery=%24filter%3DeventId+eq+%2734558811%27+AND+clientMetadata%2FsubCategoryId+eq+%2715125%27+AND+tags%2Fall%28t%3A+t+ne+%27SportcastBetBuilder%27%29&eventsQuery=%24filter%3Did+in+%28%2734558811%27%29&include=Events&entity=markets,data/market/raw/draftkings/2026-08-28/event_34558811/snapshot_draftkings_20260828_235556_subcategory_15125.json,2,success,
draftkings_20260828_235556,2026-08-28T23:55:56.382293+00:00,draftkings_public,DraftKings,34558811,15126,KO TKO DQ Only,ko_tko_only_moneyline,https://sportsbook-nash.draftkings.com/sites/US-KS-SB/api/sportscontent/controldata/league/eventSubcategory/v1/markets?isBatchable=false&templateVars=15126&marketsQuery=%24filter%3DeventId+eq+%2734558811%27+AND+clientMetadata%2FsubCategoryId+eq+%2715126%27+AND+tags%2Fall%28t%3A+t+ne+%27SportcastBetBuilder%27%29&eventsQuery=%24filter%3Did+in+%28%2734558811%27%29&include=Events&entity=markets,data/market/raw/draftkings/2026-08-28/event_34558811/snapshot_draftkings_20260828_235556_subcategory_15126.json,2,success,
draftkings_20260828_235556,2026-08-28T23:55:56.382293+00:00,draftkings_public,DraftKings,34558811,19390,Fighter Significant Strikes Total,fighter_sig_strikes_total,https://sportsbook-nash.draftkings.com/sites/US-KS-SB/api/sportscontent/controldata/league/eventSubcategory/v1/markets?isBatchable=false&templateVars=19390&marketsQuery=%24filter%3DeventId+eq+%2734558811%27+AND+clientMetadata%2FsubCategoryId+eq+%2719390%27+AND+tags%2Fall%28t%3A+t+ne+%27SportcastBetBuilder%27%29&eventsQuery=%24filter%3Did+in+%28%2734558811%27%29&include=Events&entity=markets,data/market/raw/draftkings/2026-08-28/event_34558811/snapshot_draftkings_20260828_235556_subcategory_19390.json,0,success,
draftkings_20260828_235556,2026-08-28T23:55:56.382293+00:00,draftkings_public,DraftKings,34558810,13025,Main Lines,main_lines,https://sportsbook-nash.draftkings.com/sites/US-KS-SB/api/sportscontent/controldata/league/eventSubcategory/v1/markets?isBatchable=false&templateVars=13025&marketsQuery=%24filter%3DeventId+eq+%2734558810%27+AND+clientMetadata%2FsubCategoryId+eq+%2713025%27+AND+tags%2Fall%28t%3A+t+ne+%27SportcastBetBuilder%27%29&eventsQuery=%24filter%3Did+in+%28%2734558810%27%29&include=Events&entity=markets,data/market/raw/draftkings/2026-08-28/event_34558810/snapshot_draftkings_20260828_235556_subcategory_13025.json,6,success,
draftkings_20260828_235556,2026-08-28T23:55:56.382293+00:00,draftkings_public,DraftKings,34558810,13179,Alternate Total Rounds,alternate_total_rounds,https://sportsbook-nash.draftkings.com/sites/US-KS-SB/api/sportscontent/controldata/league/eventSubcategory/v1/markets?isBatchable=false&templateVars=13179&marketsQuery=%24filter%3DeventId+eq+%2734558810%27+AND+clientMetadata%2FsubCategoryId+eq+%2713179%27+AND+tags%2Fall%28t%3A+t+ne+%27SportcastBetBuilder%27%29&eventsQuery=%24filter%3Did+in+%28%2734558810%27%29&include=Events&entity=markets,data/market/raw/draftkings/2026-08-28/event_34558810/snapshot_draftkings_20260828_235556_subcategory_13179.json,4,success,
draftkings_20260828_235556,2026-08-28T23:55:56.382293+00:00,draftkings_public,DraftKings,34558810,16272,Alternate Point Spread,alternate_point_spread,https://sportsbook-nash.draftkings.com/sites/US-KS-SB/api/sportscontent/controldata/league/eventSubcategory/v1/markets?isBatchable=false&templateVars=16272&marketsQuery=%24filter%3DeventId+eq+%2734558810%27+AND+clientMetadata%2FsubCategoryId+eq+%2716272%27+AND+tags%2Fall%28t%3A+t+ne+%27SportcastBetBuilder%27%29&eventsQuery=%24filter%3Did+in+%28%2734558810%27%29&include=Events&entity=markets,data/market/raw/draftkings/2026-08-28/event_34558810/snapshot_draftkings_20260828_235556_subcategory_16272.json,10,success,
draftkings_20260828_235556,2026-08-28T23:55:56.382293+00:00,draftkings_public,DraftKings,34558810,17644,Fight to Go the Distance,goes_distance,https://sportsbook-nash.draftkings.com/sites/US-KS-SB/api/sportscontent/controldata/league/eventSubcategory/v1/markets?isBatchable=false&templateVars=17644&marketsQuery=%24filter%3DeventId+eq+%2734558810%27+AND+clientMetadata%2FsubCategoryId+eq+%2717644%27+AND+tags%2Fall%28t%3A+t+ne+%27SportcastBetBuilder%27%29&eventsQuery=%24filter%3Did+in+%28%2734558810%27%29&include=Events&entity=markets,data/market/raw/draftkings/2026-08-28/event_34558810/snapshot_draftkings_20260828_235556_subcategory_17644.json,2,success,
draftkings_20260828_235556,2026-08-28T23:55:56.382293+00:00,draftkings_public,DraftKings,34558810,18911,Fighter Method Props,fighter_method_props,https://sportsbook-nash.draftkings.com/sites/US-KS-SB/api/sportscontent/controldata/league/eventSubcategory/v1/markets?isBatchable=false&templateVars=18911&marketsQuery=%24filter%3DeventId+eq+%2734558810%27+AND+clientMetadata%2FsubCategoryId+eq+%2718911%27+AND+tags%2Fall%28t%3A+t+ne+%27SportcastBetBuilder%27%29&eventsQuery=%24filter%3Did+in+%28%2734558810%27%29&include=Events&entity=markets,data/market/raw/draftkings/2026-08-28/event_34558810/snapshot_draftkings_20260828_235556_subcategory_18911.json,6,success,
draftkings_20260828_235556,2026-08-28T23:55:56.382293+00:00,draftkings_public,DraftKings,34558810,6437,Exact Method of Victory,exact_method,https://sportsbook-nash.draftkings.com/sites/US-KS-SB/api/sportscontent/controldata/league/eventSubcategory/v1/markets?isBatchable=false&templateVars=6437&marketsQuery=%24filter%3DeventId+eq+%2734558810%27+AND+clientMetadata%2FsubCategoryId+eq+%276437%27+AND+tags%2Fall%28t%3A+t+ne+%27SportcastBetBuilder%27%29&eventsQuery=%24filter%3Did+in+%28%2734558810%27%29&include=Events&entity=markets,data/market/raw/draftkings/2026-08-28/event_34558810/snapshot_draftkings_20260828_235556_subcategory_6437.json,4,success,
draftkings_20260828_235556,2026-08-28T23:55:56.382293+00:00,draftkings_public,DraftKings,34558810,5735,Round and Method,round_method,https://sportsbook-nash.draftkings.com/sites/US-KS-SB/api/sportscontent/controldata/league/eventSubcategory/v1/markets?isBatchable=false&templateVars=5735&marketsQuery=%24filter%3DeventId+eq+%2734558810%27+AND+clientMetadata%2FsubCategoryId+eq+%275735%27+AND+tags%2Fall%28t%3A+t+ne+%27SportcastBetBuilder%27%29&eventsQuery=%24filter%3Did+in+%28%2734558810%27%29&include=Events&entity=markets,data/market/raw/draftkings/2026-08-28/event_34558810/snapshot_draftkings_20260828_235556_subcategory_5735.json,13,success,
draftkings_20260828_235556,2026-08-28T23:55:56.382293+00:00,draftkings_public,DraftKings,34558810,15122,Finish Only,finish_only_moneyline,https://sportsbook-nash.draftkings.com/sites/US-KS-SB/api/sportscontent/controldata/league/eventSubcategory/v1/markets?isBatchable=false&templateVars=15122&marketsQuery=%24filter%3DeventId+eq+%2734558810%27+AND+clientMetadata%2FsubCategoryId+eq+%2715122%27+AND+tags%2Fall%28t%3A+t+ne+%27SportcastBetBuilder%27%29&eventsQuery=%24filter%3Did+in+%28%2734558810%27%29&include=Events&entity=markets,data/market/raw/draftkings/2026-08-28/event_34558810/snapshot_draftkings_20260828_235556_subcategory_15122.json,2,success,
draftkings_20260828_235556,2026-08-28T23:55:56.382293+00:00,draftkings_public,DraftKings,34558810,15123,Decision Only,decision_only_moneyline,https://sportsbook-nash.draftkings.com/sites/US-KS-SB/api/sportscontent/controldata/league/eventSubcategory/v1/markets?isBatchable=false&templateVars=15123&marketsQuery=%24filter%3DeventId+eq+%2734558810%27+AND+clientMetadata%2FsubCategoryId+eq+%2715123%27+AND+tags%2Fall%28t%3A+t+ne+%27SportcastBetBuilder%27%29&eventsQuery=%24filter%3Did+in+%28%2734558810%27%29&include=Events&entity=markets,data/market/raw/draftkings/2026-08-28/event_34558810/snapshot_draftkings_20260828_235556_subcategory_15123.json,2,success,
draftkings_20260828_235556,2026-08-28T23:55:56.382293+00:00,draftkings_public,DraftKings,34558810,15124,Round 1 Only,round_1_only_moneyline,https://sportsbook-nash.draftkings.com/sites/US-KS-SB/api/sportscontent/controldata/league/eventSubcategory/v1/markets?isBatchable=false&templateVars=15124&marketsQuery=%24filter%3DeventId+eq+%2734558810%27+AND+clientMetadata%2FsubCategoryId+eq+%2715124%27+AND+tags%2Fall%28t%3A+t+ne+%27SportcastBetBuilder%27%29&eventsQuery=%24filter%3Did+in+%28%2734558810%27%29&include=Events&entity=markets,data/market/raw/draftkings/2026-08-28/event_34558810/snapshot_draftkings_20260828_235556_subcategory_15124.json,2,success,
draftkings_20260828_235556,2026-08-28T23:55:56.382293+00:00,draftkings_public,DraftKings,34558810,15125,Submission Only,submission_only_moneyline,https://sportsbook-nash.draftkings.com/sites/US-KS-SB/api/sportscontent/controldata/league/eventSubcategory/v1/markets?isBatchable=false&templateVars=15125&marketsQuery=%24filter%3DeventId+eq+%2734558810%27+AND+clientMetadata%2FsubCategoryId+eq+%2715125%27+AND+tags%2Fall%28t%3A+t+ne+%27SportcastBetBuilder%27%29&eventsQuery=%24filter%3Did+in+%28%2734558810%27%29&include=Events&entity=markets,data/market/raw/draftkings/2026-08-28/event_34558810/snapshot_draftkings_20260828_235556_subcategory_15125.json,2,success,
draftkings_20260828_235556,2026-08-28T23:55:56.382293+00:00,draftkings_public,DraftKings,34558810,15126,KO TKO DQ Only,ko_tko_only_moneyline,https://sportsbook-nash.draftkings.com/sites/US-KS-SB/api/sportscontent/controldata/league/eventSubcategory/v1/markets?isBatchable=false&templateVars=15126&marketsQuery=%24filter%3DeventId+eq+%2734558810%27+AND+clientMetadata%2FsubCategoryId+eq+%2715126%27+AND+tags%2Fall%28t%3A+t+ne+%27SportcastBetBuilder%27%29&eventsQuery=%24filter%3Did+in+%28%2734558810%27%29&include=Events&entity=markets,data/market/raw/draftkings/2026-08-28/event_34558810/snapshot_draftkings_20260828_235556_subcategory_15126.json,2,success,
draftkings_20260828_235556,2026-08-28T23:55:56.382293+00:00,draftkings_public,DraftKings,34558810,19390,Fighter Significant Strikes Total,fighter_sig_strikes_total,https://sportsbook-nash.draftkings.com/sites/US-KS-SB/api/sportscontent/controldata/league/eventSubcategory/v1/markets?isBatchable=false&templateVars=19390&marketsQuery=%24filter%3DeventId+eq+%2734558810%27+AND+clientMetadata%2FsubCategoryId+eq+%2719390%27+AND+tags%2Fall%28t%3A+t+ne+%27SportcastBetBuilder%27%29&eventsQuery=%24filter%3Did+in+%28%2734558810%27%29&include=Events&entity=markets,data/market/raw/draftkings/2026-08-28/event_34558810/snapshot_draftkings_20260828_235556_subcategory_19390.json,0,success,
draftkings_20260828_235556,2026-08-28T23:55:56.382293+00:00,draftkings_public,DraftKings,34558815,13025,Main Lines,main_lines,https://sportsbook-nash.draftkings.com/sites/US-KS-SB/api/sportscontent/controldata/league/eventSubcategory/v1/markets?isBatchable=false&templateVars=13025&marketsQuery=%24filter%3DeventId+eq+%2734558815%27+AND+clientMetadata%2FsubCategoryId+eq+%2713025%27+AND+tags%2Fall%28t%3A+t+ne+%27SportcastBetBuilder%27%29&eventsQuery=%24filter%3Did+in+%28%2734558815%27%29&include=Events&entity=markets,data/market/raw/draftkings/2026-08-28/event_34558815/snapshot_draftkings_20260828_235556_subcategory_13025.json,6,success,
draftkings_20260828_235556,2026-08-28T23:55:56.382293+00:00,draftkings_public,DraftKings,34558815,13179,Alternate Total Rounds,alternate_total_rounds,https://sportsbook-nash.draftkings.com/sites/US-KS-SB/api/sportscontent/controldata/league/eventSubcategory/v1/markets?isBatchable=false&templateVars=13179&marketsQuery=%24filter%3DeventId+eq+%2734558815%27+AND+clientMetadata%2FsubCategoryId+eq+%2713179%27+AND+tags%2Fall%28t%3A+t+ne+%27SportcastBetBuilder%27%29&eventsQuery=%24filter%3Did+in+%28%2734558815%27%29&include=Events&entity=markets,data/market/raw/draftkings/2026-08-28/event_34558815/snapshot_draftkings_20260828_235556_subcategory_13179.json,4,success,
draftkings_20260828_235556,2026-08-28T23:55:56.382293+00:00,draftkings_public,DraftKings,34558815,16272,Alternate Point Spread,alternate_point_spread,https://sportsbook-nash.draftkings.com/sites/US-KS-SB/api/sportscontent/controldata/league/eventSubcategory/v1/markets?isBatchable=false&templateVars=16272&marketsQuery=%24filter%3DeventId+eq+%2734558815%27+AND+clientMetadata%2FsubCategoryId+eq+%2716272%27+AND+tags%2Fall%28t%3A+t+ne+%27SportcastBetBuilder%27%29&eventsQuery=%24filter%3Did+in+%28%2734558815%27%29&include=Events&entity=markets,data/market/raw/draftkings/2026-08-28/event_34558815/snapshot_draftkings_20260828_235556_subcategory_16272.json,10,success,
draftkings_20260828_235556,2026-08-28T23:55:56.382293+00:00,draftkings_public,DraftKings,34558815,17644,Fight to Go the Distance,goes_distance,https://sportsbook-nash.draftkings.com/sites/US-KS-SB/api/sportscontent/controldata/league/eventSubcategory/v1/markets?isBatchable=false&templateVars=17644&marketsQuery=%24filter%3DeventId+eq+%2734558815%27+AND+clientMetadata%2FsubCategoryId+eq+%2717644%27+AND+tags%2Fall%28t%3A+t+ne+%27SportcastBetBuilder%27%29&eventsQuery=%24filter%3Did+in+%28%2734558815%27%29&include=Events&entity=markets,data/market/raw/draftkings/2026-08-28/event_34558815/snapshot_draftkings_20260828_235556_subcategory_17644.json,2,success,
draftkings_20260828_235556,2026-08-28T23:55:56.382293+00:00,draftkings_public,DraftKings,34558815,18911,Fighter Method Props,fighter_method_props,https://sportsbook-nash.draftkings.com/sites/US-KS-SB/api/sportscontent/controldata/league/eventSubcategory/v1/markets?isBatchable=false&templateVars=18911&marketsQuery=%24filter%3DeventId+eq+%2734558815%27+AND+clientMetadata%2FsubCategoryId+eq+%2718911%27+AND+tags%2Fall%28t%3A+t+ne+%27SportcastBetBuilder%27%29&eventsQuery=%24filter%3Did+in+%28%2734558815%27%29&include=Events&entity=markets,data/market/raw/draftkings/2026-08-28/event_34558815/snapshot_draftkings_20260828_235556_subcategory_18911.json,6,success,
draftkings_20260828_235556,2026-08-28T23:55:56.382293+00:00,draftkings_public,DraftKings,34558815,6437,Exact Method of Victory,exact_method,https://sportsbook-nash.draftkings.com/sites/US-KS-SB/api/sportscontent/controldata/league/eventSubcategory/v1/markets?isBatchable=false&templateVars=6437&marketsQuery=%24filter%3DeventId+eq+%2734558815%27+AND+clientMetadata%2FsubCategoryId+eq+%276437%27+AND+tags%2Fall%28t%3A+t+ne+%27SportcastBetBuilder%27%29&eventsQuery=%24filter%3Did+in+%28%2734558815%27%29&include=Events&entity=markets,data/market/raw/draftkings/2026-08-28/event_34558815/snapshot_draftkings_20260828_235556_subcategory_6437.json,4,success,
draftkings_20260828_235556,2026-08-28T23:55:56.382293+00:00,draftkings_public,DraftKings,34558815,5735,Round and Method,round_method,https://sportsbook-nash.draftkings.com/sites/US-KS-SB/api/sportscontent/controldata/league/eventSubcategory/v1/markets?isBatchable=false&templateVars=5735&marketsQuery=%24filter%3DeventId+eq+%2734558815%27+AND+clientMetadata%2FsubCategoryId+eq+%275735%27+AND+tags%2Fall%28t%3A+t+ne+%27SportcastBetBuilder%27%29&eventsQuery=%24filter%3Did+in+%28%2734558815%27%29&include=Events&entity=markets,data/market/raw/draftkings/2026-08-28/event_34558815/snapshot_draftkings_20260828_235556_subcategory_5735.json,13,success,
draftkings_20260828_235556,2026-08-28T23:55:56.382293+00:00,draftkings_public,DraftKings,34558815,15122,Finish Only,finish_only_moneyline,https://sportsbook-nash.draftkings.com/sites/US-KS-SB/api/sportscontent/controldata/league/eventSubcategory/v1/markets?isBatchable=false&templateVars=15122&marketsQuery=%24filter%3DeventId+eq+%2734558815%27+AND+clientMetadata%2FsubCategoryId+eq+%2715122%27+AND+tags%2Fall%28t%3A+t+ne+%27SportcastBetBuilder%27%29&eventsQuery=%24filter%3Did+in+%28%2734558815%27%29&include=Events&entity=markets,data/market/raw/draftkings/2026-08-28/event_34558815/snapshot_draftkings_20260828_235556_subcategory_15122.json,2,success,
draftkings_20260828_235556,2026-08-28T23:55:56.382293+00:00,draftkings_public,DraftKings,34558815,15123,Decision Only,decision_only_moneyline,https://sportsbook-nash.draftkings.com/sites/US-KS-SB/api/sportscontent/controldata/league/eventSubcategory/v1/markets?isBatchable=false&templateVars=15123&marketsQuery=%24filter%3DeventId+eq+%2734558815%27+AND+clientMetadata%2FsubCategoryId+eq+%2715123%27+AND+tags%2Fall%28t%3A+t+ne+%27SportcastBetBuilder%27%29&eventsQuery=%24filter%3Did+in+%28%2734558815%27%29&include=Events&entity=markets,data/market/raw/draftkings/2026-08-28/event_34558815/snapshot_draftkings_20260828_235556_subcategory_15123.json,2,success,
draftkings_20260828_235556,2026-08-28T23:55:56.382293+00:00,draftkings_public,DraftKings,34558815,15124,Round 1 Only,round_1_only_moneyline,https://sportsbook-nash.draftkings.com/sites/US-KS-SB/api/sportscontent/controldata/league/eventSubcategory/v1/markets?isBatchable=false&templateVars=15124&marketsQuery=%24filter%3DeventId+eq+%2734558815%27+AND+clientMetadata%2FsubCategoryId+eq+%2715124%27+AND+tags%2Fall%28t%3A+t+ne+%27SportcastBetBuilder%27%29&eventsQuery=%24filter%3Did+in+%28%2734558815%27%29&include=Events&entity=markets,data/market/raw/draftkings/2026-08-28/event_34558815/snapshot_draftkings_20260828_235556_subcategory_15124.json,2,success,
draftkings_20260828_235556,2026-08-28T23:55:56.382293+00:00,draftkings_public,DraftKings,34558815,15125,Submission Only,submission_only_moneyline,https://sportsbook-nash.draftkings.com/sites/US-KS-SB/api/sportscontent/controldata/league/eventSubcategory/v1/markets?isBatchable=false&templateVars=15125&marketsQuery=%24filter%3DeventId+eq+%2734558815%27+AND+clientMetadata%2FsubCategoryId+eq+%2715125%27+AND+tags%2Fall%28t%3A+t+ne+%27SportcastBetBuilder%27%29&eventsQuery=%24filter%3Did+in+%28%2734558815%27%29&include=Events&entity=markets,data/market/raw/draftkings/2026-08-28/event_34558815/snapshot_draftkings_20260828_235556_subcategory_15125.json,2,success,
draftkings_20260828_235556,2026-08-28T23:55:56.382293+00:00,draftkings_public,DraftKings,34558815,15126,KO TKO DQ Only,ko_tko_only_moneyline,https://sportsbook-nash.draftkings.com/sites/US-KS-SB/api/sportscontent/controldata/league/eventSubcategory/v1/markets?isBatchable=false&templateVars=15126&marketsQuery=%24filter%3DeventId+eq+%2734558815%27+AND+clientMetadata%2FsubCategoryId+eq+%2715126%27+AND+tags%2Fall%28t%3A+t+ne+%27SportcastBetBuilder%27%29&eventsQuery=%24filter%3Did+in+%28%2734558815%27%29&include=Events&entity=markets,data/market/raw/draftkings/2026-08-28/event_34558815/snapshot_draftkings_20260828_235556_subcategory_15126.json,2,success,
draftkings_20260828_235556,2026-08-28T23:55:56.382293+00:00,draftkings_public,DraftKings,34558815,19390,Fighter Significant Strikes Total,fighter_sig_strikes_total,https://sportsbook-nash.draftkings.com/sites/US-KS-SB/api/sportscontent/controldata/league/eventSubcategory/v1/markets?isBatchable=false&templateVars=19390&marketsQuery=%24filter%3DeventId+eq+%2734558815%27+AND+clientMetadata%2FsubCategoryId+eq+%2719390%27+AND+tags%2Fall%28t%3A+t+ne+%27SportcastBetBuilder%27%29&eventsQuery=%24filter%3Did+in+%28%2734558815%27%29&include=Events&entity=markets,data/market/raw/draftkings/2026-08-28/event_34558815/snapshot_draftkings_20260828_235556_subcategory_19390.json,0,success,
draftkings_20260828_235556,2026-08-28T23:55:56.382293+00:00,draftkings_public,DraftKings,34558807,13025,Main Lines,main_lines,https://sportsbook-nash.draftkings.com/sites/US-KS-SB/api/sportscontent/controldata/league/eventSubcategory/v1/markets?isBatchable=false&templateVars=13025&marketsQuery=%24filter%3DeventId+eq+%2734558807%27+AND+clientMetadata%2FsubCategoryId+eq+%2713025%27+AND+tags%2Fall%28t%3A+t+ne+%27SportcastBetBuilder%27%29&eventsQuery=%24filter%3Did+in+%28%2734558807%27%29&include=Events&entity=markets,data/market/raw/draftkings/2026-08-28/event_34558807/snapshot_draftkings_20260828_235556_subcategory_13025.json,6,success,
draftkings_20260828_235556,2026-08-28T23:55:56.382293+00:00,draftkings_public,DraftKings,34558807,13179,Alternate Total Rounds,alternate_total_rounds,https://sportsbook-nash.draftkings.com/sites/US-KS-SB/api/sportscontent/controldata/league/eventSubcategory/v1/markets?isBatchable=false&templateVars=13179&marketsQuery=%24filter%3DeventId+eq+%2734558807%27+AND+clientMetadata%2FsubCategoryId+eq+%2713179%27+AND+tags%2Fall%28t%3A+t+ne+%27SportcastBetBuilder%27%29&eventsQuery=%24filter%3Did+in+%28%2734558807%27%29&include=Events&entity=markets,data/market/raw/draftkings/2026-08-28/event_34558807/snapshot_draftkings_20260828_235556_subcategory_13179.json,4,success,
draftkings_20260828_235556,2026-08-28T23:55:56.382293+00:00,draftkings_public,DraftKings,34558807,16272,Alternate Point Spread,alternate_point_spread,https://sportsbook-nash.draftkings.com/sites/US-KS-SB/api/sportscontent/controldata/league/eventSubcategory/v1/markets?isBatchable=false&templateVars=16272&marketsQuery=%24filter%3DeventId+eq+%2734558807%27+AND+clientMetadata%2FsubCategoryId+eq+%2716272%27+AND+tags%2Fall%28t%3A+t+ne+%27SportcastBetBuilder%27%29&eventsQuery=%24filter%3Did+in+%28%2734558807%27%29&include=Events&entity=markets,data/market/raw/draftkings/2026-08-28/event_34558807/snapshot_draftkings_20260828_235556_subcategory_16272.json,10,success,
draftkings_20260828_235556,2026-08-28T23:55:56.382293+00:00,draftkings_public,DraftKings,34558807,17644,Fight to Go the Distance,goes_distance,https://sportsbook-nash.draftkings.com/sites/US-KS-SB/api/sportscontent/controldata/league/eventSubcategory/v1/markets?isBatchable=false&templateVars=17644&marketsQuery=%24filter%3DeventId+eq+%2734558807%27+AND+clientMetadata%2FsubCategoryId+eq+%2717644%27+AND+tags%2Fall%28t%3A+t+ne+%27SportcastBetBuilder%27%29&eventsQuery=%24filter%3Did+in+%28%2734558807%27%29&include=Events&entity=markets,data/market/raw/draftkings/2026-08-28/event_34558807/snapshot_draftkings_20260828_235556_subcategory_17644.json,2,success,
draftkings_20260828_235556,2026-08-28T23:55:56.382293+00:00,draftkings_public,DraftKings,34558807,18911,Fighter Method Props,fighter_method_props,https://sportsbook-nash.draftkings.com/sites/US-KS-SB/api/sportscontent/controldata/league/eventSubcategory/v1/markets?isBatchable=false&templateVars=18911&marketsQuery=%24filter%3DeventId+eq+%2734558807%27+AND+clientMetadata%2FsubCategoryId+eq+%2718911%27+AND+tags%2Fall%28t%3A+t+ne+%27SportcastBetBuilder%27%29&eventsQuery=%24filter%3Did+in+%28%2734558807%27%29&include=Events&entity=markets,data/market/raw/draftkings/2026-08-28/event_34558807/snapshot_draftkings_20260828_235556_subcategory_18911.json,6,success,
draftkings_20260828_235556,2026-08-28T23:55:56.382293+00:00,draftkings_public,DraftKings,34558807,6437,Exact Method of Victory,exact_method,https://sportsbook-nash.draftkings.com/sites/US-KS-SB/api/sportscontent/controldata/league/eventSubcategory/v1/markets?isBatchable=false&templateVars=6437&marketsQuery=%24filter%3DeventId+eq+%2734558807%27+AND+clientMetadata%2FsubCategoryId+eq+%276437%27+AND+tags%2Fall%28t%3A+t+ne+%27SportcastBetBuilder%27%29&eventsQuery=%24filter%3Did+in+%28%2734558807%27%29&include=Events&entity=markets,data/market/raw/draftkings/2026-08-28/event_34558807/snapshot_draftkings_20260828_235556_subcategory_6437.json,4,success,
draftkings_20260828_235556,2026-08-28T23:55:56.382293+00:00,draftkings_public,DraftKings,34558807,5735,Round and Method,round_method,https://sportsbook-nash.draftkings.com/sites/US-KS-SB/api/sportscontent/controldata/league/eventSubcategory/v1/markets?isBatchable=false&templateVars=5735&marketsQuery=%24filter%3DeventId+eq+%2734558807%27+AND+clientMetadata%2FsubCategoryId+eq+%275735%27+AND+tags%2Fall%28t%3A+t+ne+%27SportcastBetBuilder%27%29&eventsQuery=%24filter%3Did+in+%28%2734558807%27%29&include=Events&entity=markets,data/market/raw/draftkings/2026-08-28/event_34558807/snapshot_draftkings_20260828_235556_subcategory_5735.json,13,success,
draftkings_20260828_235556,2026-08-28T23:55:56.382293+00:00,draftkings_public,DraftKings,34558807,15122,Finish Only,finish_only_moneyline,https://sportsbook-nash.draftkings.com/sites/US-KS-SB/api/sportscontent/controldata/league/eventSubcategory/v1/markets?isBatchable=false&templateVars=15122&marketsQuery=%24filter%3DeventId+eq+%2734558807%27+AND+clientMetadata%2FsubCategoryId+eq+%2715122%27+AND+tags%2Fall%28t%3A+t+ne+%27SportcastBetBuilder%27%29&eventsQuery=%24filter%3Did+in+%28%2734558807%27%29&include=Events&entity=markets,data/market/raw/draftkings/2026-08-28/event_34558807/snapshot_draftkings_20260828_235556_subcategory_15122.json,2,success,
draftkings_20260828_235556,2026-08-28T23:55:56.382293+00:00,draftkings_public,DraftKings,34558807,15123,Decision Only,decision_only_moneyline,https://sportsbook-nash.draftkings.com/sites/US-KS-SB/api/sportscontent/controldata/league/eventSubcategory/v1/markets?isBatchable=false&templateVars=15123&marketsQuery=%24filter%3DeventId+eq+%2734558807%27+AND+clientMetadata%2FsubCategoryId+eq+%2715123%27+AND+tags%2Fall%28t%3A+t+ne+%27SportcastBetBuilder%27%29&eventsQuery=%24filter%3Did+in+%28%2734558807%27%29&include=Events&entity=markets,data/market/raw/draftkings/2026-08-28/event_34558807/snapshot_draftkings_20260828_235556_subcategory_15123.json,2,success,
draftkings_20260828_235556,2026-08-28T23:55:56.382293+00:00,draftkings_public,DraftKings,34558807,15124,Round 1 Only,round_1_only_moneyline,https://sportsbook-nash.draftkings.com/sites/US-KS-SB/api/sportscontent/controldata/league/eventSubcategory/v1/markets?isBatchable=false&templateVars=15124&marketsQuery=%24filter%3DeventId+eq+%2734558807%27+AND+clientMetadata%2FsubCategoryId+eq+%2715124%27+AND+tags%2Fall%28t%3A+t+ne+%27SportcastBetBuilder%27%29&eventsQuery=%24filter%3Did+in+%28%2734558807%27%29&include=Events&entity=markets,data/market/raw/draftkings/2026-08-28/event_34558807/snapshot_draftkings_20260828_235556_subcategory_15124.json,2,success,
draftkings_20260828_235556,2026-08-28T23:55:56.382293+00:00,draftkings_public,DraftKings,34558807,15125,Submission Only,submission_only_moneyline,https://sportsbook-nash.draftkings.com/sites/US-KS-SB/api/sportscontent/controldata/league/eventSubcategory/v1/markets?isBatchable=false&templateVars=15125&marketsQuery=%24filter%3DeventId+eq+%2734558807%27+AND+clientMetadata%2FsubCategoryId+eq+%2715125%27+AND+tags%2Fall%28t%3A+t+ne+%27SportcastBetBuilder%27%29&eventsQuery=%24filter%3Did+in+%28%2734558807%27%29&include=Events&entity=markets,data/market/raw/draftkings/2026-08-28/event_34558807/snapshot_draftkings_20260828_235556_subcategory_15125.json,2,success,
draftkings_20260828_235556,2026-08-28T23:55:56.382293+00:00,draftkings_public,DraftKings,34558807,15126,KO TKO DQ Only,ko_tko_only_moneyline,https://sportsbook-nash.draftkings.com/sites/US-KS-SB/api/sportscontent/controldata/league/eventSubcategory/v1/markets?isBatchable=false&templateVars=15126&marketsQuery=%24filter%3DeventId+eq+%2734558807%27+AND+clientMetadata%2FsubCategoryId+eq+%2715126%27+AND+tags%2Fall%28t%3A+t+ne+%27SportcastBetBuilder%27%29&eventsQuery=%24filter%3Did+in+%28%2734558807%27%29&include=Events&entity=markets,data/market/raw/draftkings/2026-08-28/event_34558807/snapshot_draftkings_20260828_235556_subcategory_15126.json,2,success,
draftkings_20260828_235556,2026-08-28T23:55:56.382293+00:00,draftkings_public,DraftKings,34558807,19390,Fighter Significant Strikes Total,fighter_sig_strikes_total,https://sportsbook-nash.draftkings.com/sites/US-KS-SB/api/sportscontent/controldata/league/eventSubcategory/v1/markets?isBatchable=false&templateVars=19390&marketsQuery=%24filter%3DeventId+eq+%2734558807%27+AND+clientMetadata%2FsubCategoryId+eq+%2719390%27+AND+tags%2Fall%28t%3A+t+ne+%27SportcastBetBuilder%27%29&eventsQuery=%24filter%3Did+in+%28%2734558807%27%29&include=Events&entity=markets,data/market/raw/draftkings/2026-08-28/event_34558807/snapshot_draftkings_20260828_235556_subcategory_19390.json,0,success,
draftkings_20260828_235556,2026-08-28T23:55:56.382293+00:00,draftkings_public,DraftKings,34558809,13025,Main Lines,main_lines,https://sportsbook-nash.draftkings.com/sites/US-KS-SB/api/sportscontent/controldata/league/eventSubcategory/v1/markets?isBatchable=false&templateVars=13025&marketsQuery=%24filter%3DeventId+eq+%2734558809%27+AND+clientMetadata%2FsubCategoryId+eq+%2713025%27+AND+tags%2Fall%28t%3A+t+ne+%27SportcastBetBuilder%27%29&eventsQuery=%24filter%3Did+in+%28%2734558809%27%29&include=Events&entity=markets,data/market/raw/draftkings/2026-08-28/event_34558809/snapshot_draftkings_20260828_235556_subcategory_13025.json,6,success,
draftkings_20260828_235556,2026-08-28T23:55:56.382293+00:00,draftkings_public,DraftKings,34558809,13179,Alternate Total Rounds,alternate_total_rounds,https://sportsbook-nash.draftkings.com/sites/US-KS-SB/api/sportscontent/controldata/league/eventSubcategory/v1/markets?isBatchable=false&templateVars=13179&marketsQuery=%24filter%3DeventId+eq+%2734558809%27+AND+clientMetadata%2FsubCategoryId+eq+%2713179%27+AND+tags%2Fall%28t%3A+t+ne+%27SportcastBetBuilder%27%29&eventsQuery=%24filter%3Did+in+%28%2734558809%27%29&include=Events&entity=markets,data/market/raw/draftkings/2026-08-28/event_34558809/snapshot_draftkings_20260828_235556_subcategory_13179.json,4,success,
draftkings_20260828_235556,2026-08-28T23:55:56.382293+00:00,draftkings_public,DraftKings,34558809,16272,Alternate Point Spread,alternate_point_spread,https://sportsbook-nash.draftkings.com/sites/US-KS-SB/api/sportscontent/controldata/league/eventSubcategory/v1/markets?isBatchable=false&templateVars=16272&marketsQuery=%24filter%3DeventId+eq+%2734558809%27+AND+clientMetadata%2FsubCategoryId+eq+%2716272%27+AND+tags%2Fall%28t%3A+t+ne+%27SportcastBetBuilder%27%29&eventsQuery=%24filter%3Did+in+%28%2734558809%27%29&include=Events&entity=markets,data/market/raw/draftkings/2026-08-28/event_34558809/snapshot_draftkings_20260828_235556_subcategory_16272.json,10,success,
draftkings_20260828_235556,2026-08-28T23:55:56.382293+00:00,draftkings_public,DraftKings,34558809,17644,Fight to Go the Distance,goes_distance,https://sportsbook-nash.draftkings.com/sites/US-KS-SB/api/sportscontent/controldata/league/eventSubcategory/v1/markets?isBatchable=false&templateVars=17644&marketsQuery=%24filter%3DeventId+eq+%2734558809%27+AND+clientMetadata%2FsubCategoryId+eq+%2717644%27+AND+tags%2Fall%28t%3A+t+ne+%27SportcastBetBuilder%27%29&eventsQuery=%24filter%3Did+in+%28%2734558809%27%29&include=Events&entity=markets,data/market/raw/draftkings/2026-08-28/event_34558809/snapshot_draftkings_20260828_235556_subcategory_17644.json,2,success,
draftkings_20260828_235556,2026-08-28T23:55:56.382293+00:00,draftkings_public,DraftKings,34558809,18911,Fighter Method Props,fighter_method_props,https://sportsbook-nash.draftkings.com/sites/US-KS-SB/api/sportscontent/controldata/league/eventSubcategory/v1/markets?isBatchable=false&templateVars=18911&marketsQuery=%24filter%3DeventId+eq+%2734558809%27+AND+clientMetadata%2FsubCategoryId+eq+%2718911%27+AND+tags%2Fall%28t%3A+t+ne+%27SportcastBetBuilder%27%29&eventsQuery=%24filter%3Did+in+%28%2734558809%27%29&include=Events&entity=markets,data/market/raw/draftkings/2026-08-28/event_34558809/snapshot_draftkings_20260828_235556_subcategory_18911.json,6,success,
draftkings_20260828_235556,2026-08-28T23:55:56.382293+00:00,draftkings_public,DraftKings,34558809,6437,Exact Method of Victory,exact_method,https://sportsbook-nash.draftkings.com/sites/US-KS-SB/api/sportscontent/controldata/league/eventSubcategory/v1/markets?isBatchable=false&templateVars=6437&marketsQuery=%24filter%3DeventId+eq+%2734558809%27+AND+clientMetadata%2FsubCategoryId+eq+%276437%27+AND+tags%2Fall%28t%3A+t+ne+%27SportcastBetBuilder%27%29&eventsQuery=%24filter%3Did+in+%28%2734558809%27%29&include=Events&entity=markets,data/market/raw/draftkings/2026-08-28/event_34558809/snapshot_draftkings_20260828_235556_subcategory_6437.json,4,success,
draftkings_20260828_235556,2026-08-28T23:55:56.382293+00:00,draftkings_public,DraftKings,34558809,5735,Round and Method,round_method,https://sportsbook-nash.draftkings.com/sites/US-KS-SB/api/sportscontent/controldata/league/eventSubcategory/v1/markets?isBatchable=false&templateVars=5735&marketsQuery=%24filter%3DeventId+eq+%2734558809%27+AND+clientMetadata%2FsubCategoryId+eq+%275735%27+AND+tags%2Fall%28t%3A+t+ne+%27SportcastBetBuilder%27%29&eventsQuery=%24filter%3Did+in+%28%2734558809%27%29&include=Events&entity=markets,data/market/raw/draftkings/2026-08-28/event_34558809/snapshot_draftkings_20260828_235556_subcategory_5735.json,13,success,
draftkings_20260828_235556,2026-08-28T23:55:56.382293+00:00,draftkings_public,DraftKings,34558809,15122,Finish Only,finish_only_moneyline,https://sportsbook-nash.draftkings.com/sites/US-KS-SB/api/sportscontent/controldata/league/eventSubcategory/v1/markets?isBatchable=false&templateVars=15122&marketsQuery=%24filter%3DeventId+eq+%2734558809%27+AND+clientMetadata%2FsubCategoryId+eq+%2715122%27+AND+tags%2Fall%28t%3A+t+ne+%27SportcastBetBuilder%27%29&eventsQuery=%24filter%3Did+in+%28%2734558809%27%29&include=Events&entity=markets,data/market/raw/draftkings/2026-08-28/event_34558809/snapshot_draftkings_20260828_235556_subcategory_15122.json,2,success,
draftkings_20260828_235556,2026-08-28T23:55:56.382293+00:00,draftkings_public,DraftKings,34558809,15123,Decision Only,decision_only_moneyline,https://sportsbook-nash.draftkings.com/sites/US-KS-SB/api/sportscontent/controldata/league/eventSubcategory/v1/markets?isBatchable=false&templateVars=15123&marketsQuery=%24filter%3DeventId+eq+%2734558809%27+AND+clientMetadata%2FsubCategoryId+eq+%2715123%27+AND+tags%2Fall%28t%3A+t+ne+%27SportcastBetBuilder%27%29&eventsQuery=%24filter%3Did+in+%28%2734558809%27%29&include=Events&entity=markets,data/market/raw/draftkings/2026-08-28/event_34558809/snapshot_draftkings_20260828_235556_subcategory_15123.json,2,success,
draftkings_20260828_235556,2026-08-28T23:55:56.382293+00:00,draftkings_public,DraftKings,34558809,15124,Round 1 Only,round_1_only_moneyline,https://sportsbook-nash.draftkings.com/sites/US-KS-SB/api/sportscontent/controldata/league/eventSubcategory/v1/markets?isBatchable=false&templateVars=15124&marketsQuery=%24filter%3DeventId+eq+%2734558809%27+AND+clientMetadata%2FsubCategoryId+eq+%2715124%27+AND+tags%2Fall%28t%3A+t+ne+%27SportcastBetBuilder%27%29&eventsQuery=%24filter%3Did+in+%28%2734558809%27%29&include=Events&entity=markets,data/market/raw/draftkings/2026-08-28/event_34558809/snapshot_draftkings_20260828_235556_subcategory_15124.json,2,success,
draftkings_20260828_235556,2026-08-28T23:55:56.382293+00:00,draftkings_public,DraftKings,34558809,15125,Submission Only,submission_only_moneyline,https://sportsbook-nash.draftkings.com/sites/US-KS-SB/api/sportscontent/controldata/league/eventSubcategory/v1/markets?isBatchable=false&templateVars=15125&marketsQuery=%24filter%3DeventId+eq+%2734558809%27+AND+clientMetadata%2FsubCategoryId+eq+%2715125%27+AND+tags%2Fall%28t%3A+t+ne+%27SportcastBetBuilder%27%29&eventsQuery=%24filter%3Did+in+%28%2734558809%27%29&include=Events&entity=markets,data/market/raw/draftkings/2026-08-28/event_34558809/snapshot_draftkings_20260828_235556_subcategory_15125.json,2,success,
draftkings_20260828_235556,2026-08-28T23:55:56.382293+00:00,draftkings_public,DraftKings,34558809,15126,KO TKO DQ Only,ko_tko_only_moneyline,https://sportsbook-nash.draftkings.com/sites/US-KS-SB/api/sportscontent/controldata/league/eventSubcategory/v1/markets?isBatchable=false&templateVars=15126&marketsQuery=%24filter%3DeventId+eq+%2734558809%27+AND+clientMetadata%2FsubCategoryId+eq+%2715126%27+AND+tags%2Fall%28t%3A+t+ne+%27SportcastBetBuilder%27%29&eventsQuery=%24filter%3Did+in+%28%2734558809%27%29&include=Events&entity=markets,data/market/raw/draftkings/2026-08-28/event_34558809/snapshot_draftkings_20260828_235556_subcategory_15126.json,2,success,
draftkings_20260828_235556,2026-08-28T23:55:56.382293+00:00,draftkings_public,DraftKings,34558809,19390,Fighter Significant Strikes Total,fighter_sig_strikes_total,https://sportsbook-nash.draftkings.com/sites/US-KS-SB/api/sportscontent/controldata/league/eventSubcategory/v1/markets?isBatchable=false&templateVars=19390&marketsQuery=%24filter%3DeventId+eq+%2734558809%27+AND+clientMetadata%2FsubCategoryId+eq+%2719390%27+AND+tags%2Fall%28t%3A+t+ne+%27SportcastBetBuilder%27%29&eventsQuery=%24filter%3Did+in+%28%2734558809%27%29&include=Events&entity=markets,data/market/raw/draftkings/2026-08-28/event_34558809/snapshot_draftkings_20260828_235556_subcategory_19390.json,0,success,
draftkings_20260828_235556,2026-08-28T23:55:56.382293+00:00,draftkings_public,DraftKings,34558813,13025,Main Lines,main_lines,https://sportsbook-nash.draftkings.com/sites/US-KS-SB/api/sportscontent/controldata/league/eventSubcategory/v1/markets?isBatchable=false&templateVars=13025&marketsQuery=%24filter%3DeventId+eq+%2734558813%27+AND+clientMetadata%2FsubCategoryId+eq+%2713025%27+AND+tags%2Fall%28t%3A+t+ne+%27SportcastBetBuilder%27%29&eventsQuery=%24filter%3Did+in+%28%2734558813%27%29&include=Events&entity=markets,data/market/raw/draftkings/2026-08-28/event_34558813/snapshot_draftkings_20260828_235556_subcategory_13025.json,6,success,
draftkings_20260828_235556,2026-08-28T23:55:56.382293+00:00,draftkings_public,DraftKings,34558813,13179,Alternate Total Rounds,alternate_total_rounds,https://sportsbook-nash.draftkings.com/sites/US-KS-SB/api/sportscontent/controldata/league/eventSubcategory/v1/markets?isBatchable=false&templateVars=13179&marketsQuery=%24filter%3DeventId+eq+%2734558813%27+AND+clientMetadata%2FsubCategoryId+eq+%2713179%27+AND+tags%2Fall%28t%3A+t+ne+%27SportcastBetBuilder%27%29&eventsQuery=%24filter%3Did+in+%28%2734558813%27%29&include=Events&entity=markets,data/market/raw/draftkings/2026-08-28/event_34558813/snapshot_draftkings_20260828_235556_subcategory_13179.json,4,success,
draftkings_20260828_235556,2026-08-28T23:55:56.382293+00:00,draftkings_public,DraftKings,34558813,16272,Alternate Point Spread,alternate_point_spread,https://sportsbook-nash.draftkings.com/sites/US-KS-SB/api/sportscontent/controldata/league/eventSubcategory/v1/markets?isBatchable=false&templateVars=16272&marketsQuery=%24filter%3DeventId+eq+%2734558813%27+AND+clientMetadata%2FsubCategoryId+eq+%2716272%27+AND+tags%2Fall%28t%3A+t+ne+%27SportcastBetBuilder%27%29&eventsQuery=%24filter%3Did+in+%28%2734558813%27%29&include=Events&entity=markets,data/market/raw/draftkings/2026-08-28/event_34558813/snapshot_draftkings_20260828_235556_subcategory_16272.json,10,success,
draftkings_20260828_235556,2026-08-28T23:55:56.382293+00:00,draftkings_public,DraftKings,34558813,17644,Fight to Go the Distance,goes_distance,https://sportsbook-nash.draftkings.com/sites/US-KS-SB/api/sportscontent/controldata/league/eventSubcategory/v1/markets?isBatchable=false&templateVars=17644&marketsQuery=%24filter%3DeventId+eq+%2734558813%27+AND+clientMetadata%2FsubCategoryId+eq+%2717644%27+AND+tags%2Fall%28t%3A+t+ne+%27SportcastBetBuilder%27%29&eventsQuery=%24filter%3Did+in+%28%2734558813%27%29&include=Events&entity=markets,data/market/raw/draftkings/2026-08-28/event_34558813/snapshot_draftkings_20260828_235556_subcategory_17644.json,2,success,
draftkings_20260828_235556,2026-08-28T23:55:56.382293+00:00,draftkings_public,DraftKings,34558813,18911,Fighter Method Props,fighter_method_props,https://sportsbook-nash.draftkings.com/sites/US-KS-SB/api/sportscontent/controldata/league/eventSubcategory/v1/markets?isBatchable=false&templateVars=18911&marketsQuery=%24filter%3DeventId+eq+%2734558813%27+AND+clientMetadata%2FsubCategoryId+eq+%2718911%27+AND+tags%2Fall%28t%3A+t+ne+%27SportcastBetBuilder%27%29&eventsQuery=%24filter%3Did+in+%28%2734558813%27%29&include=Events&entity=markets,data/market/raw/draftkings/2026-08-28/event_34558813/snapshot_draftkings_20260828_235556_subcategory_18911.json,6,success,
draftkings_20260828_235556,2026-08-28T23:55:56.382293+00:00,draftkings_public,DraftKings,34558813,6437,Exact Method of Victory,exact_method,https://sportsbook-nash.draftkings.com/sites/US-KS-SB/api/sportscontent/controldata/league/eventSubcategory/v1/markets?isBatchable=false&templateVars=6437&marketsQuery=%24filter%3DeventId+eq+%2734558813%27+AND+clientMetadata%2FsubCategoryId+eq+%276437%27+AND+tags%2Fall%28t%3A+t+ne+%27SportcastBetBuilder%27%29&eventsQuery=%24filter%3Did+in+%28%2734558813%27%29&include=Events&entity=markets,data/market/raw/draftkings/2026-08-28/event_34558813/snapshot_draftkings_20260828_235556_subcategory_6437.json,4,success,
draftkings_20260828_235556,2026-08-28T23:55:56.382293+00:00,draftkings_public,DraftKings,34558813,5735,Round and Method,round_method,https://sportsbook-nash.draftkings.com/sites/US-KS-SB/api/sportscontent/controldata/league/eventSubcategory/v1/markets?isBatchable=false&templateVars=5735&marketsQuery=%24filter%3DeventId+eq+%2734558813%27+AND+clientMetadata%2FsubCategoryId+eq+%275735%27+AND+tags%2Fall%28t%3A+t+ne+%27SportcastBetBuilder%27%29&eventsQuery=%24filter%3Did+in+%28%2734558813%27%29&include=Events&entity=markets,data/market/raw/draftkings/2026-08-28/event_34558813/snapshot_draftkings_20260828_235556_subcategory_5735.json,13,success,
draftkings_20260828_235556,2026-08-28T23:55:56.382293+00:00,draftkings_public,DraftKings,34558813,15122,Finish Only,finish_only_moneyline,https://sportsbook-nash.draftkings.com/sites/US-KS-SB/api/sportscontent/controldata/league/eventSubcategory/v1/markets?isBatchable=false&templateVars=15122&marketsQuery=%24filter%3DeventId+eq+%2734558813%27+AND+clientMetadata%2FsubCategoryId+eq+%2715122%27+AND+tags%2Fall%28t%3A+t+ne+%27SportcastBetBuilder%27%29&eventsQuery=%24filter%3Did+in+%28%2734558813%27%29&include=Events&entity=markets,data/market/raw/draftkings/2026-08-28/event_34558813/snapshot_draftkings_20260828_235556_subcategory_15122.json,2,success,
draftkings_20260828_235556,2026-08-28T23:55:56.382293+00:00,draftkings_public,DraftKings,34558813,15123,Decision Only,decision_only_moneyline,https://sportsbook-nash.draftkings.com/sites/US-KS-SB/api/sportscontent/controldata/league/eventSubcategory/v1/markets?isBatchable=false&templateVars=15123&marketsQuery=%24filter%3DeventId+eq+%2734558813%27+AND+clientMetadata%2FsubCategoryId+eq+%2715123%27+AND+tags%2Fall%28t%3A+t+ne+%27SportcastBetBuilder%27%29&eventsQuery=%24filter%3Did+in+%28%2734558813%27%29&include=Events&entity=markets,data/market/raw/draftkings/2026-08-28/event_34558813/snapshot_draftkings_20260828_235556_subcategory_15123.json,2,success,
draftkings_20260828_235556,2026-08-28T23:55:56.382293+00:00,draftkings_public,DraftKings,34558813,15124,Round 1 Only,round_1_only_moneyline,https://sportsbook-nash.draftkings.com/sites/US-KS-SB/api/sportscontent/controldata/league/eventSubcategory/v1/markets?isBatchable=false&templateVars=15124&marketsQuery=%24filter%3DeventId+eq+%2734558813%27+AND+clientMetadata%2FsubCategoryId+eq+%2715124%27+AND+tags%2Fall%28t%3A+t+ne+%27SportcastBetBuilder%27%29&eventsQuery=%24filter%3Did+in+%28%2734558813%27%29&include=Events&entity=markets,data/market/raw/draftkings/2026-08-28/event_34558813/snapshot_draftkings_20260828_235556_subcategory_15124.json,2,success,
draftkings_20260828_235556,2026-08-28T23:55:56.382293+00:00,draftkings_public,DraftKings,34558813,15125,Submission Only,submission_only_moneyline,https://sportsbook-nash.draftkings.com/sites/US-KS-SB/api/sportscontent/controldata/league/eventSubcategory/v1/markets?isBatchable=false&templateVars=15125&marketsQuery=%24filter%3DeventId+eq+%2734558813%27+AND+clientMetadata%2FsubCategoryId+eq+%2715125%27+AND+tags%2Fall%28t%3A+t+ne+%27SportcastBetBuilder%27%29&eventsQuery=%24filter%3Did+in+%28%2734558813%27%29&include=Events&entity=markets,data/market/raw/draftkings/2026-08-28/event_34558813/snapshot_draftkings_20260828_235556_subcategory_15125.json,2,success,
draftkings_20260828_235556,2026-08-28T23:55:56.382293+00:00,draftkings_public,DraftKings,34558813,15126,KO TKO DQ Only,ko_tko_only_moneyline,https://sportsbook-nash.draftkings.com/sites/US-KS-SB/api/sportscontent/controldata/league/eventSubcategory/v1/markets?isBatchable=false&templateVars=15126&marketsQuery=%24filter%3DeventId+eq+%2734558813%27+AND+clientMetadata%2FsubCategoryId+eq+%2715126%27+AND+tags%2Fall%28t%3A+t+ne+%27SportcastBetBuilder%27%29&eventsQuery=%24filter%3Did+in+%28%2734558813%27%29&include=Events&entity=markets,data/market/raw/draftkings/2026-08-28/event_34558813/snapshot_draftkings_20260828_235556_subcategory_15126.json,2,success,
draftkings_20260828_235556,2026-08-28T23:55:56.382293+00:00,draftkings_public,DraftKings,34558813,19390,Fighter Significant Strikes Total,fighter_sig_strikes_total,https://sportsbook-nash.draftkings.com/sites/US-KS-SB/api/sportscontent/controldata/league/eventSubcategory/v1/markets?isBatchable=false&templateVars=19390&marketsQuery=%24filter%3DeventId+eq+%2734558813%27+AND+clientMetadata%2FsubCategoryId+eq+%2719390%27+AND+tags%2Fall%28t%3A+t+ne+%27SportcastBetBuilder%27%29&eventsQuery=%24filter%3Did+in+%28%2734558813%27%29&include=Events&entity=markets,data/market/raw/draftkings/2026-08-28/event_34558813/snapshot_draftkings_20260828_235556_subcategory_19390.json,0,success,
draftkings_20260828_235556,2026-08-28T23:55:56.382293+00:00,draftkings_public,DraftKings,34558816,13025,Main Lines,main_lines,https://sportsbook-nash.draftkings.com/sites/US-KS-SB/api/sportscontent/controldata/league/eventSubcategory/v1/markets?isBatchable=false&templateVars=13025&marketsQuery=%24filter%3DeventId+eq+%2734558816%27+AND+clientMetadata%2FsubCategoryId+eq+%2713025%27+AND+tags%2Fall%28t%3A+t+ne+%27SportcastBetBuilder%27%29&eventsQuery=%24filter%3Did+in+%28%2734558816%27%29&include=Events&entity=markets,data/market/raw/draftkings/2026-08-28/event_34558816/snapshot_draftkings_20260828_235556_subcategory_13025.json,6,success,
draftkings_20260828_235556,2026-08-28T23:55:56.382293+00:00,draftkings_public,DraftKings,34558816,13179,Alternate Total Rounds,alternate_total_rounds,https://sportsbook-nash.draftkings.com/sites/US-KS-SB/api/sportscontent/controldata/league/eventSubcategory/v1/markets?isBatchable=false&templateVars=13179&marketsQuery=%24filter%3DeventId+eq+%2734558816%27+AND+clientMetadata%2FsubCategoryId+eq+%2713179%27+AND+tags%2Fall%28t%3A+t+ne+%27SportcastBetBuilder%27%29&eventsQuery=%24filter%3Did+in+%28%2734558816%27%29&include=Events&entity=markets,data/market/raw/draftkings/2026-08-28/event_34558816/snapshot_draftkings_20260828_235556_subcategory_13179.json,4,success,
draftkings_20260828_235556,2026-08-28T23:55:56.382293+00:00,draftkings_public,DraftKings,34558816,16272,Alternate Point Spread,alternate_point_spread,https://sportsbook-nash.draftkings.com/sites/US-KS-SB/api/sportscontent/controldata/league/eventSubcategory/v1/markets?isBatchable=false&templateVars=16272&marketsQuery=%24filter%3DeventId+eq+%2734558816%27+AND+clientMetadata%2FsubCategoryId+eq+%2716272%27+AND+tags%2Fall%28t%3A+t+ne+%27SportcastBetBuilder%27%29&eventsQuery=%24filter%3Did+in+%28%2734558816%27%29&include=Events&entity=markets,data/market/raw/draftkings/2026-08-28/event_34558816/snapshot_draftkings_20260828_235556_subcategory_16272.json,10,success,
draftkings_20260828_235556,2026-08-28T23:55:56.382293+00:00,draftkings_public,DraftKings,34558816,17644,Fight to Go the Distance,goes_distance,https://sportsbook-nash.draftkings.com/sites/US-KS-SB/api/sportscontent/controldata/league/eventSubcategory/v1/markets?isBatchable=false&templateVars=17644&marketsQuery=%24filter%3DeventId+eq+%2734558816%27+AND+clientMetadata%2FsubCategoryId+eq+%2717644%27+AND+tags%2Fall%28t%3A+t+ne+%27SportcastBetBuilder%27%29&eventsQuery=%24filter%3Did+in+%28%2734558816%27%29&include=Events&entity=markets,data/market/raw/draftkings/2026-08-28/event_34558816/snapshot_draftkings_20260828_235556_subcategory_17644.json,2,success,
draftkings_20260828_235556,2026-08-28T23:55:56.382293+00:00,draftkings_public,DraftKings,34558816,18911,Fighter Method Props,fighter_method_props,https://sportsbook-nash.draftkings.com/sites/US-KS-SB/api/sportscontent/controldata/league/eventSubcategory/v1/markets?isBatchable=false&templateVars=18911&marketsQuery=%24filter%3DeventId+eq+%2734558816%27+AND+clientMetadata%2FsubCategoryId+eq+%2718911%27+AND+tags%2Fall%28t%3A+t+ne+%27SportcastBetBuilder%27%29&eventsQuery=%24filter%3Did+in+%28%2734558816%27%29&include=Events&entity=markets,data/market/raw/draftkings/2026-08-28/event_34558816/snapshot_draftkings_20260828_235556_subcategory_18911.json,6,success,
draftkings_20260828_235556,2026-08-28T23:55:56.382293+00:00,draftkings_public,DraftKings,34558816,6437,Exact Method of Victory,exact_method,https://sportsbook-nash.draftkings.com/sites/US-KS-SB/api/sportscontent/controldata/league/eventSubcategory/v1/markets?isBatchable=false&templateVars=6437&marketsQuery=%24filter%3DeventId+eq+%2734558816%27+AND+clientMetadata%2FsubCategoryId+eq+%276437%27+AND+tags%2Fall%28t%3A+t+ne+%27SportcastBetBuilder%27%29&eventsQuery=%24filter%3Did+in+%28%2734558816%27%29&include=Events&entity=markets,data/market/raw/draftkings/2026-08-28/event_34558816/snapshot_draftkings_20260828_235556_subcategory_6437.json,4,success,
draftkings_20260828_235556,2026-08-28T23:55:56.382293+00:00,draftkings_public,DraftKings,34558816,5735,Round and Method,round_method,https://sportsbook-nash.draftkings.com/sites/US-KS-SB/api/sportscontent/controldata/league/eventSubcategory/v1/markets?isBatchable=false&templateVars=5735&marketsQuery=%24filter%3DeventId+eq+%2734558816%27+AND+clientMetadata%2FsubCategoryId+eq+%275735%27+AND+tags%2Fall%28t%3A+t+ne+%27SportcastBetBuilder%27%29&eventsQuery=%24filter%3Did+in+%28%2734558816%27%29&include=Events&entity=markets,data/market/raw/draftkings/2026-08-28/event_34558816/snapshot_draftkings_20260828_235556_subcategory_5735.json,13,success,
draftkings_20260828_235556,2026-08-28T23:55:56.382293+00:00,draftkings_public,DraftKings,34558816,15122,Finish Only,finish_only_moneyline,https://sportsbook-nash.draftkings.com/sites/US-KS-SB/api/sportscontent/controldata/league/eventSubcategory/v1/markets?isBatchable=false&templateVars=15122&marketsQuery=%24filter%3DeventId+eq+%2734558816%27+AND+clientMetadata%2FsubCategoryId+eq+%2715122%27+AND+tags%2Fall%28t%3A+t+ne+%27SportcastBetBuilder%27%29&eventsQuery=%24filter%3Did+in+%28%2734558816%27%29&include=Events&entity=markets,data/market/raw/draftkings/2026-08-28/event_34558816/snapshot_draftkings_20260828_235556_subcategory_15122.json,2,success,
draftkings_20260828_235556,2026-08-28T23:55:56.382293+00:00,draftkings_public,DraftKings,34558816,15123,Decision Only,decision_only_moneyline,https://sportsbook-nash.draftkings.com/sites/US-KS-SB/api/sportscontent/controldata/league/eventSubcategory/v1/markets?isBatchable=false&templateVars=15123&marketsQuery=%24filter%3DeventId+eq+%2734558816%27+AND+clientMetadata%2FsubCategoryId+eq+%2715123%27+AND+tags%2Fall%28t%3A+t+ne+%27SportcastBetBuilder%27%29&eventsQuery=%24filter%3Did+in+%28%2734558816%27%29&include=Events&entity=markets,data/market/raw/draftkings/2026-08-28/event_34558816/snapshot_draftkings_20260828_235556_subcategory_15123.json,2,success,
draftkings_20260828_235556,2026-08-28T23:55:56.382293+00:00,draftkings_public,DraftKings,34558816,15124,Round 1 Only,round_1_only_moneyline,https://sportsbook-nash.draftkings.com/sites/US-KS-SB/api/sportscontent/controldata/league/eventSubcategory/v1/markets?isBatchable=false&templateVars=15124&marketsQuery=%24filter%3DeventId+eq+%2734558816%27+AND+clientMetadata%2FsubCategoryId+eq+%2715124%27+AND+tags%2Fall%28t%3A+t+ne+%27SportcastBetBuilder%27%29&eventsQuery=%24filter%3Did+in+%28%2734558816%27%29&include=Events&entity=markets,data/market/raw/draftkings/2026-08-28/event_34558816/snapshot_draftkings_20260828_235556_subcategory_15124.json,2,success,
draftkings_20260828_235556,2026-08-28T23:55:56.382293+00:00,draftkings_public,DraftKings,34558816,15125,Submission Only,submission_only_moneyline,https://sportsbook-nash.draftkings.com/sites/US-KS-SB/api/sportscontent/controldata/league/eventSubcategory/v1/markets?isBatchable=false&templateVars=15125&marketsQuery=%24filter%3DeventId+eq+%2734558816%27+AND+clientMetadata%2FsubCategoryId+eq+%2715125%27+AND+tags%2Fall%28t%3A+t+ne+%27SportcastBetBuilder%27%29&eventsQuery=%24filter%3Did+in+%28%2734558816%27%29&include=Events&entity=markets,data/market/raw/draftkings/2026-08-28/event_34558816/snapshot_draftkings_20260828_235556_subcategory_15125.json,2,success,
draftkings_20260828_235556,2026-08-28T23:55:56.382293+00:00,draftkings_public,DraftKings,34558816,15126,KO TKO DQ Only,ko_tko_only_moneyline,https://sportsbook-nash.draftkings.com/sites/US-KS-SB/api/sportscontent/controldata/league/eventSubcategory/v1/markets?isBatchable=false&templateVars=15126&marketsQuery=%24filter%3DeventId+eq+%2734558816%27+AND+clientMetadata%2FsubCategoryId+eq+%2715126%27+AND+tags%2Fall%28t%3A+t+ne+%27SportcastBetBuilder%27%29&eventsQuery=%24filter%3Did+in+%28%2734558816%27%29&include=Events&entity=markets,data/market/raw/draftkings/2026-08-28/event_34558816/snapshot_draftkings_20260828_235556_subcategory_15126.json,2,success,
draftkings_20260828_235556,2026-08-28T23:55:56.382293+00:00,draftkings_public,DraftKings,34558816,19390,Fighter Significant Strikes Total,fighter_sig_strikes_total,https://sportsbook-nash.draftkings.com/sites/US-KS-SB/api/sportscontent/controldata/league/eventSubcategory/v1/markets?isBatchable=false&templateVars=19390&marketsQuery=%24filter%3DeventId+eq+%2734558816%27+AND+clientMetadata%2FsubCategoryId+eq+%2719390%27+AND+tags%2Fall%28t%3A+t+ne+%27SportcastBetBuilder%27%29&eventsQuery=%24filter%3Did+in+%28%2734558816%27%29&include=Events&entity=markets,data/market/raw/draftkings/2026-08-28/event_34558816/snapshot_draftkings_20260828_235556_subcategory_19390.json,4,success,
draftkings_20260828_235556,2026-08-28T23:55:56.382293+00:00,draftkings_public,DraftKings,34558808,13025,Main Lines,main_lines,https://sportsbook-nash.draftkings.com/sites/US-KS-SB/api/sportscontent/controldata/league/eventSubcategory/v1/markets?isBatchable=false&templateVars=13025&marketsQuery=%24filter%3DeventId+eq+%2734558808%27+AND+clientMetadata%2FsubCategoryId+eq+%2713025%27+AND+tags%2Fall%28t%3A+t+ne+%27SportcastBetBuilder%27%29&eventsQuery=%24filter%3Did+in+%28%2734558808%27%29&include=Events&entity=markets,data/market/raw/draftkings/2026-08-28/event_34558808/snapshot_draftkings_20260828_235556_subcategory_13025.json,6,success,
draftkings_20260828_235556,2026-08-28T23:55:56.382293+00:00,draftkings_public,DraftKings,34558808,13179,Alternate Total Rounds,alternate_total_rounds,https://sportsbook-nash.draftkings.com/sites/US-KS-SB/api/sportscontent/controldata/league/eventSubcategory/v1/markets?isBatchable=false&templateVars=13179&marketsQuery=%24filter%3DeventId+eq+%2734558808%27+AND+clientMetadata%2FsubCategoryId+eq+%2713179%27+AND+tags%2Fall%28t%3A+t+ne+%27SportcastBetBuilder%27%29&eventsQuery=%24filter%3Did+in+%28%2734558808%27%29&include=Events&entity=markets,data/market/raw/draftkings/2026-08-28/event_34558808/snapshot_draftkings_20260828_235556_subcategory_13179.json,4,success,
draftkings_20260828_235556,2026-08-28T23:55:56.382293+00:00,draftkings_public,DraftKings,34558808,16272,Alternate Point Spread,alternate_point_spread,https://sportsbook-nash.draftkings.com/sites/US-KS-SB/api/sportscontent/controldata/league/eventSubcategory/v1/markets?isBatchable=false&templateVars=16272&marketsQuery=%24filter%3DeventId+eq+%2734558808%27+AND+clientMetadata%2FsubCategoryId+eq+%2716272%27+AND+tags%2Fall%28t%3A+t+ne+%27SportcastBetBuilder%27%29&eventsQuery=%24filter%3Did+in+%28%2734558808%27%29&include=Events&entity=markets,data/market/raw/draftkings/2026-08-28/event_34558808/snapshot_draftkings_20260828_235556_subcategory_16272.json,10,success,
draftkings_20260828_235556,2026-08-28T23:55:56.382293+00:00,draftkings_public,DraftKings,34558808,17644,Fight to Go the Distance,goes_distance,https://sportsbook-nash.draftkings.com/sites/US-KS-SB/api/sportscontent/controldata/league/eventSubcategory/v1/markets?isBatchable=false&templateVars=17644&marketsQuery=%24filter%3DeventId+eq+%2734558808%27+AND+clientMetadata%2FsubCategoryId+eq+%2717644%27+AND+tags%2Fall%28t%3A+t+ne+%27SportcastBetBuilder%27%29&eventsQuery=%24filter%3Did+in+%28%2734558808%27%29&include=Events&entity=markets,data/market/raw/draftkings/2026-08-28/event_34558808/snapshot_draftkings_20260828_235556_subcategory_17644.json,2,success,
draftkings_20260828_235556,2026-08-28T23:55:56.382293+00:00,draftkings_public,DraftKings,34558808,18911,Fighter Method Props,fighter_method_props,https://sportsbook-nash.draftkings.com/sites/US-KS-SB/api/sportscontent/controldata/league/eventSubcategory/v1/markets?isBatchable=false&templateVars=18911&marketsQuery=%24filter%3DeventId+eq+%2734558808%27+AND+clientMetadata%2FsubCategoryId+eq+%2718911%27+AND+tags%2Fall%28t%3A+t+ne+%27SportcastBetBuilder%27%29&eventsQuery=%24filter%3Did+in+%28%2734558808%27%29&include=Events&entity=markets,data/market/raw/draftkings/2026-08-28/event_34558808/snapshot_draftkings_20260828_235556_subcategory_18911.json,6,success,
draftkings_20260828_235556,2026-08-28T23:55:56.382293+00:00,draftkings_public,DraftKings,34558808,6437,Exact Method of Victory,exact_method,https://sportsbook-nash.draftkings.com/sites/US-KS-SB/api/sportscontent/controldata/league/eventSubcategory/v1/markets?isBatchable=false&templateVars=6437&marketsQuery=%24filter%3DeventId+eq+%2734558808%27+AND+clientMetadata%2FsubCategoryId+eq+%276437%27+AND+tags%2Fall%28t%3A+t+ne+%27SportcastBetBuilder%27%29&eventsQuery=%24filter%3Did+in+%28%2734558808%27%29&include=Events&entity=markets,data/market/raw/draftkings/2026-08-28/event_34558808/snapshot_draftkings_20260828_235556_subcategory_6437.json,4,success,
draftkings_20260828_235556,2026-08-28T23:55:56.382293+00:00,draftkings_public,DraftKings,34558808,5735,Round and Method,round_method,https://sportsbook-nash.draftkings.com/sites/US-KS-SB/api/sportscontent/controldata/league/eventSubcategory/v1/markets?isBatchable=false&templateVars=5735&marketsQuery=%24filter%3DeventId+eq+%2734558808%27+AND+clientMetadata%2FsubCategoryId+eq+%275735%27+AND+tags%2Fall%28t%3A+t+ne+%27SportcastBetBuilder%27%29&eventsQuery=%24filter%3Did+in+%28%2734558808%27%29&include=Events&entity=markets,data/market/raw/draftkings/2026-08-28/event_34558808/snapshot_draftkings_20260828_235556_subcategory_5735.json,13,success,
draftkings_20260828_235556,2026-08-28T23:55:56.382293+00:00,draftkings_public,DraftKings,34558808,15122,Finish Only,finish_only_moneyline,https://sportsbook-nash.draftkings.com/sites/US-KS-SB/api/sportscontent/controldata/league/eventSubcategory/v1/markets?isBatchable=false&templateVars=15122&marketsQuery=%24filter%3DeventId+eq+%2734558808%27+AND+clientMetadata%2FsubCategoryId+eq+%2715122%27+AND+tags%2Fall%28t%3A+t+ne+%27SportcastBetBuilder%27%29&eventsQuery=%24filter%3Did+in+%28%2734558808%27%29&include=Events&entity=markets,data/market/raw/draftkings/2026-08-28/event_34558808/snapshot_draftkings_20260828_235556_subcategory_15122.json,2,success,
draftkings_20260828_235556,2026-08-28T23:55:56.382293+00:00,draftkings_public,DraftKings,34558808,15123,Decision Only,decision_only_moneyline,https://sportsbook-nash.draftkings.com/sites/US-KS-SB/api/sportscontent/controldata/league/eventSubcategory/v1/markets?isBatchable=false&templateVars=15123&marketsQuery=%24filter%3DeventId+eq+%2734558808%27+AND+clientMetadata%2FsubCategoryId+eq+%2715123%27+AND+tags%2Fall%28t%3A+t+ne+%27SportcastBetBuilder%27%29&eventsQuery=%24filter%3Did+in+%28%2734558808%27%29&include=Events&entity=markets,data/market/raw/draftkings/2026-08-28/event_34558808/snapshot_draftkings_20260828_235556_subcategory_15123.json,2,success,
draftkings_20260828_235556,2026-08-28T23:55:56.382293+00:00,draftkings_public,DraftKings,34558808,15124,Round 1 Only,round_1_only_moneyline,https://sportsbook-nash.draftkings.com/sites/US-KS-SB/api/sportscontent/controldata/league/eventSubcategory/v1/markets?isBatchable=false&templateVars=15124&marketsQuery=%24filter%3DeventId+eq+%2734558808%27+AND+clientMetadata%2FsubCategoryId+eq+%2715124%27+AND+tags%2Fall%28t%3A+t+ne+%27SportcastBetBuilder%27%29&eventsQuery=%24filter%3Did+in+%28%2734558808%27%29&include=Events&entity=markets,data/market/raw/draftkings/2026-08-28/event_34558808/snapshot_draftkings_20260828_235556_subcategory_15124.json,2,success,
draftkings_20260828_235556,2026-08-28T23:55:56.382293+00:00,draftkings_public,DraftKings,34558808,15125,Submission Only,submission_only_moneyline,https://sportsbook-nash.draftkings.com/sites/US-KS-SB/api/sportscontent/controldata/league/eventSubcategory/v1/markets?isBatchable=false&templateVars=15125&marketsQuery=%24filter%3DeventId+eq+%2734558808%27+AND+clientMetadata%2FsubCategoryId+eq+%2715125%27+AND+tags%2Fall%28t%3A+t+ne+%27SportcastBetBuilder%27%29&eventsQuery=%24filter%3Did+in+%28%2734558808%27%29&include=Events&entity=markets,data/market/raw/draftkings/2026-08-28/event_34558808/snapshot_draftkings_20260828_235556_subcategory_15125.json,2,success,
draftkings_20260828_235556,2026-08-28T23:55:56.382293+00:00,draftkings_public,DraftKings,34558808,15126,KO TKO DQ Only,ko_tko_only_moneyline,https://sportsbook-nash.draftkings.com/sites/US-KS-SB/api/sportscontent/controldata/league/eventSubcategory/v1/markets?isBatchable=false&templateVars=15126&marketsQuery=%24filter%3DeventId+eq+%2734558808%27+AND+clientMetadata%2FsubCategoryId+eq+%2715126%27+AND+tags%2Fall%28t%3A+t+ne+%27SportcastBetBuilder%27%29&eventsQuery=%24filter%3Did+in+%28%2734558808%27%29&include=Events&entity=markets,data/market/raw/draftkings/2026-08-28/event_34558808/snapshot_draftkings_20260828_235556_subcategory_15126.json,2,success,
draftkings_20260828_235556,2026-08-28T23:55:56.382293+00:00,draftkings_public,DraftKings,34558808,19390,Fighter Significant Strikes Total,fighter_sig_strikes_total,https://sportsbook-nash.draftkings.com/sites/US-KS-SB/api/sportscontent/controldata/league/eventSubcategory/v1/markets?isBatchable=false&templateVars=19390&marketsQuery=%24filter%3DeventId+eq+%2734558808%27+AND+clientMetadata%2FsubCategoryId+eq+%2719390%27+AND+tags%2Fall%28t%3A+t+ne+%27SportcastBetBuilder%27%29&eventsQuery=%24filter%3Did+in+%28%2734558808%27%29&include=Events&entity=markets,data/market/raw/draftkings/2026-08-28/event_34558808/snapshot_draftkings_20260828_235556_subcategory_19390.json,4,success,
draftkings_20260828_235556,2026-08-28T23:55:56.382293+00:00,draftkings_public,DraftKings,34558812,13025,Main Lines,main_lines,https://sportsbook-nash.draftkings.com/sites/US-KS-SB/api/sportscontent/controldata/league/eventSubcategory/v1/markets?isBatchable=false&templateVars=13025&marketsQuery=%24filter%3DeventId+eq+%2734558812%27+AND+clientMetadata%2FsubCategoryId+eq+%2713025%27+AND+tags%2Fall%28t%3A+t+ne+%27SportcastBetBuilder%27%29&eventsQuery=%24filter%3Did+in+%28%2734558812%27%29&include=Events&entity=markets,data/market/raw/draftkings/2026-08-28/event_34558812/snapshot_draftkings_20260828_235556_subcategory_13025.json,6,success,
draftkings_20260828_235556,2026-08-28T23:55:56.382293+00:00,draftkings_public,DraftKings,34558812,13179,Alternate Total Rounds,alternate_total_rounds,https://sportsbook-nash.draftkings.com/sites/US-KS-SB/api/sportscontent/controldata/league/eventSubcategory/v1/markets?isBatchable=false&templateVars=13179&marketsQuery=%24filter%3DeventId+eq+%2734558812%27+AND+clientMetadata%2FsubCategoryId+eq+%2713179%27+AND+tags%2Fall%28t%3A+t+ne+%27SportcastBetBuilder%27%29&eventsQuery=%24filter%3Did+in+%28%2734558812%27%29&include=Events&entity=markets,data/market/raw/draftkings/2026-08-28/event_34558812/snapshot_draftkings_20260828_235556_subcategory_13179.json,4,success,
draftkings_20260828_235556,2026-08-28T23:55:56.382293+00:00,draftkings_public,DraftKings,34558812,16272,Alternate Point Spread,alternate_point_spread,https://sportsbook-nash.draftkings.com/sites/US-KS-SB/api/sportscontent/controldata/league/eventSubcategory/v1/markets?isBatchable=false&templateVars=16272&marketsQuery=%24filter%3DeventId+eq+%2734558812%27+AND+clientMetadata%2FsubCategoryId+eq+%2716272%27+AND+tags%2Fall%28t%3A+t+ne+%27SportcastBetBuilder%27%29&eventsQuery=%24filter%3Did+in+%28%2734558812%27%29&include=Events&entity=markets,data/market/raw/draftkings/2026-08-28/event_34558812/snapshot_draftkings_20260828_235556_subcategory_16272.json,10,success,
draftkings_20260828_235556,2026-08-28T23:55:56.382293+00:00,draftkings_public,DraftKings,34558812,17644,Fight to Go the Distance,goes_distance,https://sportsbook-nash.draftkings.com/sites/US-KS-SB/api/sportscontent/controldata/league/eventSubcategory/v1/markets?isBatchable=false&templateVars=17644&marketsQuery=%24filter%3DeventId+eq+%2734558812%27+AND+clientMetadata%2FsubCategoryId+eq+%2717644%27+AND+tags%2Fall%28t%3A+t+ne+%27SportcastBetBuilder%27%29&eventsQuery=%24filter%3Did+in+%28%2734558812%27%29&include=Events&entity=markets,data/market/raw/draftkings/2026-08-28/event_34558812/snapshot_draftkings_20260828_235556_subcategory_17644.json,2,success,
draftkings_20260828_235556,2026-08-28T23:55:56.382293+00:00,draftkings_public,DraftKings,34558812,18911,Fighter Method Props,fighter_method_props,https://sportsbook-nash.draftkings.com/sites/US-KS-SB/api/sportscontent/controldata/league/eventSubcategory/v1/markets?isBatchable=false&templateVars=18911&marketsQuery=%24filter%3DeventId+eq+%2734558812%27+AND+clientMetadata%2FsubCategoryId+eq+%2718911%27+AND+tags%2Fall%28t%3A+t+ne+%27SportcastBetBuilder%27%29&eventsQuery=%24filter%3Did+in+%28%2734558812%27%29&include=Events&entity=markets,data/market/raw/draftkings/2026-08-28/event_34558812/snapshot_draftkings_20260828_235556_subcategory_18911.json,6,success,
draftkings_20260828_235556,2026-08-28T23:55:56.382293+00:00,draftkings_public,DraftKings,34558812,6437,Exact Method of Victory,exact_method,https://sportsbook-nash.draftkings.com/sites/US-KS-SB/api/sportscontent/controldata/league/eventSubcategory/v1/markets?isBatchable=false&templateVars=6437&marketsQuery=%24filter%3DeventId+eq+%2734558812%27+AND+clientMetadata%2FsubCategoryId+eq+%276437%27+AND+tags%2Fall%28t%3A+t+ne+%27SportcastBetBuilder%27%29&eventsQuery=%24filter%3Did+in+%28%2734558812%27%29&include=Events&entity=markets,data/market/raw/draftkings/2026-08-28/event_34558812/snapshot_draftkings_20260828_235556_subcategory_6437.json,4,success,
draftkings_20260828_235556,2026-08-28T23:55:56.382293+00:00,draftkings_public,DraftKings,34558812,5735,Round and Method,round_method,https://sportsbook-nash.draftkings.com/sites/US-KS-SB/api/sportscontent/controldata/league/eventSubcategory/v1/markets?isBatchable=false&templateVars=5735&marketsQuery=%24filter%3DeventId+eq+%2734558812%27+AND+clientMetadata%2FsubCategoryId+eq+%275735%27+AND+tags%2Fall%28t%3A+t+ne+%27SportcastBetBuilder%27%29&eventsQuery=%24filter%3Did+in+%28%2734558812%27%29&include=Events&entity=markets,data/market/raw/draftkings/2026-08-28/event_34558812/snapshot_draftkings_20260828_235556_subcategory_5735.json,13,success,
draftkings_20260828_235556,2026-08-28T23:55:56.382293+00:00,draftkings_public,DraftKings,34558812,15122,Finish Only,finish_only_moneyline,https://sportsbook-nash.draftkings.com/sites/US-KS-SB/api/sportscontent/controldata/league/eventSubcategory/v1/markets?isBatchable=false&templateVars=15122&marketsQuery=%24filter%3DeventId+eq+%2734558812%27+AND+clientMetadata%2FsubCategoryId+eq+%2715122%27+AND+tags%2Fall%28t%3A+t+ne+%27SportcastBetBuilder%27%29&eventsQuery=%24filter%3Did+in+%28%2734558812%27%29&include=Events&entity=markets,data/market/raw/draftkings/2026-08-28/event_34558812/snapshot_draftkings_20260828_235556_subcategory_15122.json,2,success,
draftkings_20260828_235556,2026-08-28T23:55:56.382293+00:00,draftkings_public,DraftKings,34558812,15123,Decision Only,decision_only_moneyline,https://sportsbook-nash.draftkings.com/sites/US-KS-SB/api/sportscontent/controldata/league/eventSubcategory/v1/markets?isBatchable=false&templateVars=15123&marketsQuery=%24filter%3DeventId+eq+%2734558812%27+AND+clientMetadata%2FsubCategoryId+eq+%2715123%27+AND+tags%2Fall%28t%3A+t+ne+%27SportcastBetBuilder%27%29&eventsQuery=%24filter%3Did+in+%28%2734558812%27%29&include=Events&entity=markets,data/market/raw/draftkings/2026-08-28/event_34558812/snapshot_draftkings_20260828_235556_subcategory_15123.json,2,success,
draftkings_20260828_235556,2026-08-28T23:55:56.382293+00:00,draftkings_public,DraftKings,34558812,15124,Round 1 Only,round_1_only_moneyline,https://sportsbook-nash.draftkings.com/sites/US-KS-SB/api/sportscontent/controldata/league/eventSubcategory/v1/markets?isBatchable=false&templateVars=15124&marketsQuery=%24filter%3DeventId+eq+%2734558812%27+AND+clientMetadata%2FsubCategoryId+eq+%2715124%27+AND+tags%2Fall%28t%3A+t+ne+%27SportcastBetBuilder%27%29&eventsQuery=%24filter%3Did+in+%28%2734558812%27%29&include=Events&entity=markets,data/market/raw/draftkings/2026-08-28/event_34558812/snapshot_draftkings_20260828_235556_subcategory_15124.json,2,success,
draftkings_20260828_235556,2026-08-28T23:55:56.382293+00:00,draftkings_public,DraftKings,34558812,15125,Submission Only,submission_only_moneyline,https://sportsbook-nash.draftkings.com/sites/US-KS-SB/api/sportscontent/controldata/league/eventSubcategory/v1/markets?isBatchable=false&templateVars=15125&marketsQuery=%24filter%3DeventId+eq+%2734558812%27+AND+clientMetadata%2FsubCategoryId+eq+%2715125%27+AND+tags%2Fall%28t%3A+t+ne+%27SportcastBetBuilder%27%29&eventsQuery=%24filter%3Did+in+%28%2734558812%27%29&include=Events&entity=markets,data/market/raw/draftkings/2026-08-28/event_34558812/snapshot_draftkings_20260828_235556_subcategory_15125.json,2,success,
draftkings_20260828_235556,2026-08-28T23:55:56.382293+00:00,draftkings_public,DraftKings,34558812,15126,KO TKO DQ Only,ko_tko_only_moneyline,https://sportsbook-nash.draftkings.com/sites/US-KS-SB/api/sportscontent/controldata/league/eventSubcategory/v1/markets?isBatchable=false&templateVars=15126&marketsQuery=%24filter%3DeventId+eq+%2734558812%27+AND+clientMetadata%2FsubCategoryId+eq+%2715126%27+AND+tags%2Fall%28t%3A+t+ne+%27SportcastBetBuilder%27%29&eventsQuery=%24filter%3Did+in+%28%2734558812%27%29&include=Events&entity=markets,data/market/raw/draftkings/2026-08-28/event_34558812/snapshot_draftkings_20260828_235556_subcategory_15126.json,2,success,
draftkings_20260828_235556,2026-08-28T23:55:56.382293+00:00,draftkings_public,DraftKings,34558812,19390,Fighter Significant Strikes Total,fighter_sig_strikes_total,https://sportsbook-nash.draftkings.com/sites/US-KS-SB/api/sportscontent/controldata/league/eventSubcategory/v1/markets?isBatchable=false&templateVars=19390&marketsQuery=%24filter%3DeventId+eq+%2734558812%27+AND+clientMetadata%2FsubCategoryId+eq+%2719390%27+AND+tags%2Fall%28t%3A+t+ne+%27SportcastBetBuilder%27%29&eventsQuery=%24filter%3Did+in+%28%2734558812%27%29&include=Events&entity=markets,data/market/raw/draftkings/2026-08-28/event_34558812/snapshot_draftkings_20260828_235556_subcategory_19390.json,4,success,
draftkings_20260828_235556,2026-08-28T23:55:56.382293+00:00,draftkings_public,DraftKings,34558814,13025,Main Lines,main_lines,https://sportsbook-nash.draftkings.com/sites/US-KS-SB/api/sportscontent/controldata/league/eventSubcategory/v1/markets?isBatchable=false&templateVars=13025&marketsQuery=%24filter%3DeventId+eq+%2734558814%27+AND+clientMetadata%2FsubCategoryId+eq+%2713025%27+AND+tags%2Fall%28t%3A+t+ne+%27SportcastBetBuilder%27%29&eventsQuery=%24filter%3Did+in+%28%2734558814%27%29&include=Events&entity=markets,data/market/raw/draftkings/2026-08-28/event_34558814/snapshot_draftkings_20260828_235556_subcategory_13025.json,6,success,
draftkings_20260828_235556,2026-08-28T23:55:56.382293+00:00,draftkings_public,DraftKings,34558814,13179,Alternate Total Rounds,alternate_total_rounds,https://sportsbook-nash.draftkings.com/sites/US-KS-SB/api/sportscontent/controldata/league/eventSubcategory/v1/markets?isBatchable=false&templateVars=13179&marketsQuery=%24filter%3DeventId+eq+%2734558814%27+AND+clientMetadata%2FsubCategoryId+eq+%2713179%27+AND+tags%2Fall%28t%3A+t+ne+%27SportcastBetBuilder%27%29&eventsQuery=%24filter%3Did+in+%28%2734558814%27%29&include=Events&entity=markets,data/market/raw/draftkings/2026-08-28/event_34558814/snapshot_draftkings_20260828_235556_subcategory_13179.json,4,success,
draftkings_20260828_235556,2026-08-28T23:55:56.382293+00:00,draftkings_public,DraftKings,34558814,16272,Alternate Point Spread,alternate_point_spread,https://sportsbook-nash.draftkings.com/sites/US-KS-SB/api/sportscontent/controldata/league/eventSubcategory/v1/markets?isBatchable=false&templateVars=16272&marketsQuery=%24filter%3DeventId+eq+%2734558814%27+AND+clientMetadata%2FsubCategoryId+eq+%2716272%27+AND+tags%2Fall%28t%3A+t+ne+%27SportcastBetBuilder%27%29&eventsQuery=%24filter%3Did+in+%28%2734558814%27%29&include=Events&entity=markets,data/market/raw/draftkings/2026-08-28/event_34558814/snapshot_draftkings_20260828_235556_subcategory_16272.json,10,success,
draftkings_20260828_235556,2026-08-28T23:55:56.382293+00:00,draftkings_public,DraftKings,34558814,17644,Fight to Go the Distance,goes_distance,https://sportsbook-nash.draftkings.com/sites/US-KS-SB/api/sportscontent/controldata/league/eventSubcategory/v1/markets?isBatchable=false&templateVars=17644&marketsQuery=%24filter%3DeventId+eq+%2734558814%27+AND+clientMetadata%2FsubCategoryId+eq+%2717644%27+AND+tags%2Fall%28t%3A+t+ne+%27SportcastBetBuilder%27%29&eventsQuery=%24filter%3Did+in+%28%2734558814%27%29&include=Events&entity=markets,data/market/raw/draftkings/2026-08-28/event_34558814/snapshot_draftkings_20260828_235556_subcategory_17644.json,2,success,
draftkings_20260828_235556,2026-08-28T23:55:56.382293+00:00,draftkings_public,DraftKings,34558814,18911,Fighter Method Props,fighter_method_props,https://sportsbook-nash.draftkings.com/sites/US-KS-SB/api/sportscontent/controldata/league/eventSubcategory/v1/markets?isBatchable=false&templateVars=18911&marketsQuery=%24filter%3DeventId+eq+%2734558814%27+AND+clientMetadata%2FsubCategoryId+eq+%2718911%27+AND+tags%2Fall%28t%3A+t+ne+%27SportcastBetBuilder%27%29&eventsQuery=%24filter%3Did+in+%28%2734558814%27%29&include=Events&entity=markets,data/market/raw/draftkings/2026-08-28/event_34558814/snapshot_draftkings_20260828_235556_subcategory_18911.json,6,success,
draftkings_20260828_235556,2026-08-28T23:55:56.382293+00:00,draftkings_public,DraftKings,34558814,6437,Exact Method of Victory,exact_method,https://sportsbook-nash.draftkings.com/sites/US-KS-SB/api/sportscontent/controldata/league/eventSubcategory/v1/markets?isBatchable=false&templateVars=6437&marketsQuery=%24filter%3DeventId+eq+%2734558814%27+AND+clientMetadata%2FsubCategoryId+eq+%276437%27+AND+tags%2Fall%28t%3A+t+ne+%27SportcastBetBuilder%27%29&eventsQuery=%24filter%3Did+in+%28%2734558814%27%29&include=Events&entity=markets,data/market/raw/draftkings/2026-08-28/event_34558814/snapshot_draftkings_20260828_235556_subcategory_6437.json,4,success,
draftkings_20260828_235556,2026-08-28T23:55:56.382293+00:00,draftkings_public,DraftKings,34558814,5735,Round and Method,round_method,https://sportsbook-nash.draftkings.com/sites/US-KS-SB/api/sportscontent/controldata/league/eventSubcategory/v1/markets?isBatchable=false&templateVars=5735&marketsQuery=%24filter%3DeventId+eq+%2734558814%27+AND+clientMetadata%2FsubCategoryId+eq+%275735%27+AND+tags%2Fall%28t%3A+t+ne+%27SportcastBetBuilder%27%29&eventsQuery=%24filter%3Did+in+%28%2734558814%27%29&include=Events&entity=markets,data/market/raw/draftkings/2026-08-28/event_34558814/snapshot_draftkings_20260828_235556_subcategory_5735.json,13,success,
draftkings_20260828_235556,2026-08-28T23:55:56.382293+00:00,draftkings_public,DraftKings,34558814,15122,Finish Only,finish_only_moneyline,https://sportsbook-nash.draftkings.com/sites/US-KS-SB/api/sportscontent/controldata/league/eventSubcategory/v1/markets?isBatchable=false&templateVars=15122&marketsQuery=%24filter%3DeventId+eq+%2734558814%27+AND+clientMetadata%2FsubCategoryId+eq+%2715122%27+AND+tags%2Fall%28t%3A+t+ne+%27SportcastBetBuilder%27%29&eventsQuery=%24filter%3Did+in+%28%2734558814%27%29&include=Events&entity=markets,data/market/raw/draftkings/2026-08-28/event_34558814/snapshot_draftkings_20260828_235556_subcategory_15122.json,2,success,
draftkings_20260828_235556,2026-08-28T23:55:56.382293+00:00,draftkings_public,DraftKings,34558814,15123,Decision Only,decision_only_moneyline,https://sportsbook-nash.draftkings.com/sites/US-KS-SB/api/sportscontent/controldata/league/eventSubcategory/v1/markets?isBatchable=false&templateVars=15123&marketsQuery=%24filter%3DeventId+eq+%2734558814%27+AND+clientMetadata%2FsubCategoryId+eq+%2715123%27+AND+tags%2Fall%28t%3A+t+ne+%27SportcastBetBuilder%27%29&eventsQuery=%24filter%3Did+in+%28%2734558814%27%29&include=Events&entity=markets,data/market/raw/draftkings/2026-08-28/event_34558814/snapshot_draftkings_20260828_235556_subcategory_15123.json,2,success,
draftkings_20260828_235556,2026-08-28T23:55:56.382293+00:00,draftkings_public,DraftKings,34558814,15124,Round 1 Only,round_1_only_moneyline,https://sportsbook-nash.draftkings.com/sites/US-KS-SB/api/sportscontent/controldata/league/eventSubcategory/v1/markets?isBatchable=false&templateVars=15124&marketsQuery=%24filter%3DeventId+eq+%2734558814%27+AND+clientMetadata%2FsubCategoryId+eq+%2715124%27+AND+tags%2Fall%28t%3A+t+ne+%27SportcastBetBuilder%27%29&eventsQuery=%24filter%3Did+in+%28%2734558814%27%29&include=Events&entity=markets,data/market/raw/draftkings/2026-08-28/event_34558814/snapshot_draftkings_20260828_235556_subcategory_15124.json,2,success,
draftkings_20260828_235556,2026-08-28T23:55:56.382293+00:00,draftkings_public,DraftKings,34558814,15125,Submission Only,submission_only_moneyline,https://sportsbook-nash.draftkings.com/sites/US-KS-SB/api/sportscontent/controldata/league/eventSubcategory/v1/markets?isBatchable=false&templateVars=15125&marketsQuery=%24filter%3DeventId+eq+%2734558814%27+AND+clientMetadata%2FsubCategoryId+eq+%2715125%27+AND+tags%2Fall%28t%3A+t+ne+%27SportcastBetBuilder%27%29&eventsQuery=%24filter%3Did+in+%28%2734558814%27%29&include=Events&entity=markets,data/market/raw/draftkings/2026-08-28/event_34558814/snapshot_draftkings_20260828_235556_subcategory_15125.json,2,success,
draftkings_20260828_235556,2026-08-28T23:55:56.382293+00:00,draftkings_public,DraftKings,34558814,15126,KO TKO DQ Only,ko_tko_only_moneyline,https://sportsbook-nash.draftkings.com/sites/US-KS-SB/api/sportscontent/controldata/league/eventSubcategory/v1/markets?isBatchable=false&templateVars=15126&marketsQuery=%24filter%3DeventId+eq+%2734558814%27+AND+clientMetadata%2FsubCategoryId+eq+%2715126%27+AND+tags%2Fall%28t%3A+t+ne+%27SportcastBetBuilder%27%29&eventsQuery=%24filter%3Did+in+%28%2734558814%27%29&include=Events&entity=markets,data/market/raw/draftkings/2026-08-28/event_34558814/snapshot_draftkings_20260828_235556_subcategory_15126.json,2,success,
draftkings_20260828_235556,2026-08-28T23:55:56.382293+00:00,draftkings_public,DraftKings,34558814,19390,Fighter Significant Strikes Total,fighter_sig_strikes_total,https://sportsbook-nash.draftkings.com/sites/US-KS-SB/api/sportscontent/controldata/league/eventSubcategory/v1/markets?isBatchable=false&templateVars=19390&marketsQuery=%24filter%3DeventId+eq+%2734558814%27+AND+clientMetadata%2FsubCategoryId+eq+%2719390%27+AND+tags%2Fall%28t%3A+t+ne+%27SportcastBetBuilder%27%29&eventsQuery=%24filter%3Did+in+%28%2734558814%27%29&include=Events&entity=markets,data/market/raw/draftkings/2026-08-28/event_34558814/snapshot_draftkings_20260828_235556_subcategory_19390.json,4,success,
draftkings_20260828_235556,2026-08-28T23:55:56.382293+00:00,draftkings_public,DraftKings,34372937,13025,Main Lines,main_lines,https://sportsbook-nash.draftkings.com/sites/US-KS-SB/api/sportscontent/controldata/league/eventSubcategory/v1/markets?isBatchable=false&templateVars=13025&marketsQuery=%24filter%3DeventId+eq+%2734372937%27+AND+clientMetadata%2FsubCategoryId+eq+%2713025%27+AND+tags%2Fall%28t%3A+t+ne+%27SportcastBetBuilder%27%29&eventsQuery=%24filter%3Did+in+%28%2734372937%27%29&include=Events&entity=markets,data/market/raw/draftkings/2026-08-28/event_34372937/snapshot_draftkings_20260828_235556_subcategory_13025.json,6,success,
draftkings_20260828_235556,2026-08-28T23:55:56.382293+00:00,draftkings_public,DraftKings,34372937,13179,Alternate Total Rounds,alternate_total_rounds,https://sportsbook-nash.draftkings.com/sites/US-KS-SB/api/sportscontent/controldata/league/eventSubcategory/v1/markets?isBatchable=false&templateVars=13179&marketsQuery=%24filter%3DeventId+eq+%2734372937%27+AND+clientMetadata%2FsubCategoryId+eq+%2713179%27+AND+tags%2Fall%28t%3A+t+ne+%27SportcastBetBuilder%27%29&eventsQuery=%24filter%3Did+in+%28%2734372937%27%29&include=Events&entity=markets,data/market/raw/draftkings/2026-08-28/event_34372937/snapshot_draftkings_20260828_235556_subcategory_13179.json,8,success,
draftkings_20260828_235556,2026-08-28T23:55:56.382293+00:00,draftkings_public,DraftKings,34372937,16272,Alternate Point Spread,alternate_point_spread,https://sportsbook-nash.draftkings.com/sites/US-KS-SB/api/sportscontent/controldata/league/eventSubcategory/v1/markets?isBatchable=false&templateVars=16272&marketsQuery=%24filter%3DeventId+eq+%2734372937%27+AND+clientMetadata%2FsubCategoryId+eq+%2716272%27+AND+tags%2Fall%28t%3A+t+ne+%27SportcastBetBuilder%27%29&eventsQuery=%24filter%3Did+in+%28%2734372937%27%29&include=Events&entity=markets,data/market/raw/draftkings/2026-08-28/event_34372937/snapshot_draftkings_20260828_235556_subcategory_16272.json,10,success,
draftkings_20260828_235556,2026-08-28T23:55:56.382293+00:00,draftkings_public,DraftKings,34372937,17644,Fight to Go the Distance,goes_distance,https://sportsbook-nash.draftkings.com/sites/US-KS-SB/api/sportscontent/controldata/league/eventSubcategory/v1/markets?isBatchable=false&templateVars=17644&marketsQuery=%24filter%3DeventId+eq+%2734372937%27+AND+clientMetadata%2FsubCategoryId+eq+%2717644%27+AND+tags%2Fall%28t%3A+t+ne+%27SportcastBetBuilder%27%29&eventsQuery=%24filter%3Did+in+%28%2734372937%27%29&include=Events&entity=markets,data/market/raw/draftkings/2026-08-28/event_34372937/snapshot_draftkings_20260828_235556_subcategory_17644.json,2,success,
draftkings_20260828_235556,2026-08-28T23:55:56.382293+00:00,draftkings_public,DraftKings,34372937,18911,Fighter Method Props,fighter_method_props,https://sportsbook-nash.draftkings.com/sites/US-KS-SB/api/sportscontent/controldata/league/eventSubcategory/v1/markets?isBatchable=false&templateVars=18911&marketsQuery=%24filter%3DeventId+eq+%2734372937%27+AND+clientMetadata%2FsubCategoryId+eq+%2718911%27+AND+tags%2Fall%28t%3A+t+ne+%27SportcastBetBuilder%27%29&eventsQuery=%24filter%3Did+in+%28%2734372937%27%29&include=Events&entity=markets,data/market/raw/draftkings/2026-08-28/event_34372937/snapshot_draftkings_20260828_235556_subcategory_18911.json,6,success,
draftkings_20260828_235556,2026-08-28T23:55:56.382293+00:00,draftkings_public,DraftKings,34372937,6437,Exact Method of Victory,exact_method,https://sportsbook-nash.draftkings.com/sites/US-KS-SB/api/sportscontent/controldata/league/eventSubcategory/v1/markets?isBatchable=false&templateVars=6437&marketsQuery=%24filter%3DeventId+eq+%2734372937%27+AND+clientMetadata%2FsubCategoryId+eq+%276437%27+AND+tags%2Fall%28t%3A+t+ne+%27SportcastBetBuilder%27%29&eventsQuery=%24filter%3Did+in+%28%2734372937%27%29&include=Events&entity=markets,data/market/raw/draftkings/2026-08-28/event_34372937/snapshot_draftkings_20260828_235556_subcategory_6437.json,4,success,
draftkings_20260828_235556,2026-08-28T23:55:56.382293+00:00,draftkings_public,DraftKings,34372937,5735,Round and Method,round_method,https://sportsbook-nash.draftkings.com/sites/US-KS-SB/api/sportscontent/controldata/league/eventSubcategory/v1/markets?isBatchable=false&templateVars=5735&marketsQuery=%24filter%3DeventId+eq+%2734372937%27+AND+clientMetadata%2FsubCategoryId+eq+%275735%27+AND+tags%2Fall%28t%3A+t+ne+%27SportcastBetBuilder%27%29&eventsQuery=%24filter%3Did+in+%28%2734372937%27%29&include=Events&entity=markets,data/market/raw/draftkings/2026-08-28/event_34372937/snapshot_draftkings_20260828_235556_subcategory_5735.json,21,success,
draftkings_20260828_235556,2026-08-28T23:55:56.382293+00:00,draftkings_public,DraftKings,34372937,15122,Finish Only,finish_only_moneyline,https://sportsbook-nash.draftkings.com/sites/US-KS-SB/api/sportscontent/controldata/league/eventSubcategory/v1/markets?isBatchable=false&templateVars=15122&marketsQuery=%24filter%3DeventId+eq+%2734372937%27+AND+clientMetadata%2FsubCategoryId+eq+%2715122%27+AND+tags%2Fall%28t%3A+t+ne+%27SportcastBetBuilder%27%29&eventsQuery=%24filter%3Did+in+%28%2734372937%27%29&include=Events&entity=markets,data/market/raw/draftkings/2026-08-28/event_34372937/snapshot_draftkings_20260828_235556_subcategory_15122.json,2,success,
draftkings_20260828_235556,2026-08-28T23:55:56.382293+00:00,draftkings_public,DraftKings,34372937,15123,Decision Only,decision_only_moneyline,https://sportsbook-nash.draftkings.com/sites/US-KS-SB/api/sportscontent/controldata/league/eventSubcategory/v1/markets?isBatchable=false&templateVars=15123&marketsQuery=%24filter%3DeventId+eq+%2734372937%27+AND+clientMetadata%2FsubCategoryId+eq+%2715123%27+AND+tags%2Fall%28t%3A+t+ne+%27SportcastBetBuilder%27%29&eventsQuery=%24filter%3Did+in+%28%2734372937%27%29&include=Events&entity=markets,data/market/raw/draftkings/2026-08-28/event_34372937/snapshot_draftkings_20260828_235556_subcategory_15123.json,2,success,
draftkings_20260828_235556,2026-08-28T23:55:56.382293+00:00,draftkings_public,DraftKings,34372937,15124,Round 1 Only,round_1_only_moneyline,https://sportsbook-nash.draftkings.com/sites/US-KS-SB/api/sportscontent/controldata/league/eventSubcategory/v1/markets?isBatchable=false&templateVars=15124&marketsQuery=%24filter%3DeventId+eq+%2734372937%27+AND+clientMetadata%2FsubCategoryId+eq+%2715124%27+AND+tags%2Fall%28t%3A+t+ne+%27SportcastBetBuilder%27%29&eventsQuery=%24filter%3Did+in+%28%2734372937%27%29&include=Events&entity=markets,data/market/raw/draftkings/2026-08-28/event_34372937/snapshot_draftkings_20260828_235556_subcategory_15124.json,2,success,
draftkings_20260828_235556,2026-08-28T23:55:56.382293+00:00,draftkings_public,DraftKings,34372937,15125,Submission Only,submission_only_moneyline,https://sportsbook-nash.draftkings.com/sites/US-KS-SB/api/sportscontent/controldata/league/eventSubcategory/v1/markets?isBatchable=false&templateVars=15125&marketsQuery=%24filter%3DeventId+eq+%2734372937%27+AND+clientMetadata%2FsubCategoryId+eq+%2715125%27+AND+tags%2Fall%28t%3A+t+ne+%27SportcastBetBuilder%27%29&eventsQuery=%24filter%3Did+in+%28%2734372937%27%29&include=Events&entity=markets,data/market/raw/draftkings/2026-08-28/event_34372937/snapshot_draftkings_20260828_235556_subcategory_15125.json,2,success,
draftkings_20260828_235556,2026-08-28T23:55:56.382293+00:00,draftkings_public,DraftKings,34372937,15126,KO TKO DQ Only,ko_tko_only_moneyline,https://sportsbook-nash.draftkings.com/sites/US-KS-SB/api/sportscontent/controldata/league/eventSubcategory/v1/markets?isBatchable=false&templateVars=15126&marketsQuery=%24filter%3DeventId+eq+%2734372937%27+AND+clientMetadata%2FsubCategoryId+eq+%2715126%27+AND+tags%2Fall%28t%3A+t+ne+%27SportcastBetBuilder%27%29&eventsQuery=%24filter%3Did+in+%28%2734372937%27%29&include=Events&entity=markets,data/market/raw/draftkings/2026-08-28/event_34372937/snapshot_draftkings_20260828_235556_subcategory_15126.json,2,success,
draftkings_20260828_235556,2026-08-28T23:55:56.382293+00:00,draftkings_public,DraftKings,34372937,19390,Fighter Significant Strikes Total,fighter_sig_strikes_total,https://sportsbook-nash.draftkings.com/sites/US-KS-SB/api/sportscontent/controldata/league/eventSubcategory/v1/markets?isBatchable=false&templateVars=19390&marketsQuery=%24filter%3DeventId+eq+%2734372937%27+AND+clientMetadata%2FsubCategoryId+eq+%2719390%27+AND+tags%2Fall%28t%3A+t+ne+%27SportcastBetBuilder%27%29&eventsQuery=%24filter%3Did+in+%28%2734372937%27%29&include=Events&entity=markets,data/market/raw/draftkings/2026-08-28/event_34372937/snapshot_draftkings_20260828_235556_subcategory_19390.json,4,success,
