fight_id,date,won,market_p,model_p,whr_p_red
0165bd3c26f0c076,2021-01-16,1,0.6255648805681084,0.634661409518078,0.5699725191398801
358f816aff469270,2021-01-16,1,0.4145990075236113,0.3781667964250333,0.5547494423121472
3d903bc35023f50a,2021-01-16,0,0.33880903490759745,0.36920825480699865,0.38926943328020086
3fcd53eb27945231,2021-01-16,0,0.30549898167006106,0.28902089789003843,0.0966953068364671
6b0da0b1cda7799f,2021-01-16,1,0.610215999437135,0.6766168338229612,0.5037584685372557
775c1f401815bbd8,2021-01-16,0,0.6984924623115577,0.6841574801446796,0.7486517142978167
97ad63e644757cf4,2021-01-16,0,0.5,0.4764724765144437,0.4364418241466962
97c80f69ac312030,2021-01-16,0,0.6611909650924026,0.6751807777705485,0.5764550204826431
a4817b7e46028b4a,2021-01-16,1,0.5954042868614491,0.6474145317966339,0.6866256449255547
aeb7ff8ce6e1beac,2021-01-16,0,0.7191400832177531,0.7002075377197973,0.8314066916418058
031e6624f96aceb8,2021-01-20,0,0.599271402550091,0.5775419318349094,0.5583827817109791
11558384f80f6506,2021-01-20,1,0.7998411437648929,0.8393455806699325,0.5
4abcf14faa7f92f2,2021-01-20,1,0.7619047619047619,0.7668205264963338,0.8014669445455871
4e451881e0e47b05,2021-01-20,1,0.5776397515527951,0.5608646487667764,0.6588018368799738
4f6d3cdf2c77fb57,2021-01-20,1,0.5459837019790454,0.5341753534582782,0.48706121907093863
57e784028ef2c17d,2021-01-20,1,0.46324269889224573,0.5299360520546568,0.6246173430645802
61bedad39b15db7a,2021-01-20,1,0.4323570432357044,0.43416286566506496,0.519602526775674
76b61ff4c9760f79,2021-01-20,1,0.5585430102643292,0.5516464372744817,0.6277748172773746
a003e8305d4dbdc8,2021-01-20,0,0.26508226691042047,0.2833230883660606,0.3567634717367999
ac475de5a3d0d7e2,2021-01-20,1,0.4167202986227314,0.4887532687503148,0.5561765388782678
ae38fb2a6b6a0cc1,2021-01-20,0,0.3517587939698492,0.3857502886288985,0.5
d27ac1bc677b89cf,2021-01-20,1,0.7191400832177531,0.7740642241905387,0.5152600597552851
dd34dd337e637767,2021-01-20,1,0.334855403348554,0.30262639993854223,0.6433207735026019
3d3e7dc7b4bf2bc4,2021-01-23,1,0.2750424448217317,0.33669026250816836,0.4338816803945859
65352221c0bfe52d,2021-01-23,0,0.44145698973567077,0.43239833511963127,0.40983765743700856
83da743f6dda7dcc,2021-01-23,1,0.46324269889224573,0.5405121007357269,0.6061449780018615
92f569a6d9374b86,2021-01-23,1,0.5400039315903282,0.5039396723306228,0.6880127633377104
a5075f4eaee6036f,2021-01-23,0,0.5400039315903282,0.5612401960520627,0.8434189748566691
aaf45b095452be23,2021-01-23,1,0.48734604352961025,0.5091650054209961,0.6290279362392364
c597fd8bb66d54d8,2021-01-23,0,0.7293934681181959,0.7443448636518116,0.8038207821633742
cd08b68f0bafafbf,2021-01-23,1,0.27060653188180406,0.2527332315478194,0.13310611133874325
f3ccbfd7036f3cf3,2021-01-23,0,0.1938895417156287,0.18491946935993267,0.36350390691261036
2c81668d1459991f,2021-02-06,1,0.5263157894736842,0.5062174218520579,0.7657040888584322
86d6e09932c5b551,2021-02-06,1,0.3428571428571428,0.30979930009774215,0.4233855126075406
8b9bdacca749ec90,2021-02-06,0,0.38263229308005425,0.3930533225542945,0.5920909734707765
9ef858837dfc65eb,2021-02-06,1,0.7619047619047619,0.7569619636999814,0.6030067481051791
af8ea6db042674ef,2021-02-06,0,0.6702870442203258,0.6219199823974498,0.41528156381649445
bbade63ca780668f,2021-02-06,0,0.5324675324675325,0.5231899607858984,0.606418975502657
d65da3a3bc675449,2021-02-06,0,0.6053006554573952,0.577101391494736,0.5690576006550074
f4fbb11055301e75,2021-02-06,0,0.6556291390728478,0.6775878213317919,0.44490805697721203
17616514e8fdacb9,2021-02-13,1,0.4831460674157303,0.5098355128605913,0.22316196729467805
25b8c932da5e91f4,2021-02-13,0,0.5,0.5096878958479374,0.5448021842363293
26fbf026beb8e9f8,2021-02-13,1,0.6480904580593055,0.6886208388470291,0.5557720066523397
54e2490959f66dc2,2021-02-13,1,0.689615756616548,0.7448336450651863,0.6925636496486336
8cf076524cad5a55,2021-02-13,1,0.7824011456758693,0.7848138028284033,0.8145738303863155
9201312dd860fa5a,2021-02-13,0,0.389784000562865,0.40140667227297844,0.27633008587065466
96b1430379c0694a,2021-02-13,0,0.7941470428363521,0.7971858857965507,0.7686152156706184
be94e5b7a35ce5f2,2021-02-13,1,0.7069403957079948,0.732761670896128,0.88558479232113
f98e954823bd6e02,2021-02-13,0,0.4557395319216686,0.46390673431767954,0.462707269538209
05ceb8b2f93993a6,2021-02-20,1,0.5203045685279188,0.5364423305495156,0.37097206376076364
15b1c7ddc4415fdd,2021-02-20,0,0.3146551724137931,0.32985503437568425,0.43895102193892604
1d892fec31dc7ad7,2021-02-20,0,0.42236024844720504,0.37512728543756413,0.354252177701417
82243207b4dfce87,2021-02-20,0,0.6209150326797385,0.6372870031309501,0.5946243912385732
8f7328fe18806fb0,2021-02-20,0,0.3946993445426048,0.4393850757982028,0.47325078414069327
931fd51ab69fb443,2021-02-20,1,0.4501789414202298,0.41562457358283483,0.5539922335644293
990c2378caec68d4,2021-02-20,0,0.47368421052631565,0.4294716638707554,0.6023244510528692
b12bc15f384ecc42,2021-02-20,0,0.7619047619047619,0.8180813767776113,0.6688776379472481
b9cd4910f0ecff45,2021-02-20,1,0.3790849673202614,0.33679580423190714,0.3647206746703651
c3b6aa47e7532a7b,2021-02-20,1,0.6781609195402298,0.6717727175702736,0.6027597368933618
e175c1a0bff30187,2021-02-20,0,0.5,0.5696931505387008,0.6907383810770708
11a83369d49ad138,2021-02-27,0,0.3720626631853787,0.3582271416678351,0.351549088933505
3a4e2dffcdd1c838,2021-02-27,0,0.2758620689655172,0.3064097078238322,0.48231850655881275
3eac2d47ac252f4b,2021-02-27,0,0.6581196581196581,0.6755168861007081,0.7159346201452538
4a704dae3091adaf,2021-02-27,0,0.33635187580853815,0.3540620066552983,0.5717185892962027
6a0341234ecc4e87,2021-02-27,1,0.5798319327731092,0.5641731669129479,0.37356305606842394
a7315147a7022a93,2021-02-27,1,0.3451298345568095,0.4411281445542319,0.47835775940336145
bc86601cf781a89c,2021-02-27,1,0.5914733980829453,0.6668702322128134,0.4030196800070567
c2ee423d1f0b4f6f,2021-02-27,1,0.447405997144217,0.4206971467015046,0.3784325885453997
04a788abbbd1f256,2021-03-06,0,0.3720626631853787,0.3588638058265812,0.4973661340823198
15c9cb5f9320c555,2021-03-06,0,0.5260865852617197,0.538231547503811,0.6178502376020162
2704d31de2c2f43b,2021-03-06,1,0.5882115462252725,0.6033359375782906,0.530900380097174
50ef636148fa6fac,2021-03-06,0,0.320754716981132,0.4070409410016075,0.7167572182662668
5980ab31e4718a83,2021-03-06,0,0.6581196581196581,0.6266123063827039,0.7883534458404818
7ad09f889d2cdb6f,2021-03-06,1,0.6581196581196581,0.6439939094761596,0.5541539199845995
7de9867b7cc2b1b1,2021-03-06,1,0.3158617532616159,0.33450618829581774,0.10291865350424446
873306ad79b62f5e,2021-03-06,0,0.4435793295775703,0.486402735758663,0.3925293179515044
ae5d14a9fc1ad19c,2021-03-06,0,0.42888402625820565,0.39790515989988245,0.6682050024912832
c06d7bb29bc24d00,2021-03-06,1,0.7925157465728047,0.8339183449875884,0.7672236643218062
c096342c57a6f2c4,2021-03-06,0,0.6792452830188679,0.6675358632050514,0.6061715323802508
d170f6580e1c244f,2021-03-06,1,0.33099297893681046,0.3195472628542331,0.49115454579566487
e2abba69c3371618,2021-03-06,1,0.6428571428571429,0.6014630641540333,0.6953425203548071
f4363f1317b47213,2021-03-06,1,0.43795620437956206,0.45847462807561973,0.6672617772962334
fd92fe0c494d0959,2021-03-06,1,0.84,0.8625681534758292,0.9427603287875279
01f262b68a6a2223,2021-03-13,0,0.5427435387673957,0.6564772465760529,0.21319279565593152
03bdbf2d18f3025d,2021-03-13,1,0.7065820777160983,0.6451815191238811,0.7998276867082177
18c67631b76c18e5,2021-03-13,1,0.7395517867958813,0.7111877392980474,0.6686071858353503
4944437e73071671,2021-03-13,0,0.5324675324675325,0.587826250467629,0.5112211228407552
70aa6b8f863e6861,2021-03-13,0,0.7241379310344829,0.7360861676475862,0.5837188447644818
8a7b0cd5ad9ca4fe,2021-03-13,0,0.6428571428571429,0.6756279415311491,0.7669834085571527
a6828a6dfb21d33c,2021-03-13,1,0.8122418325197146,0.7899432164260265,0.6128137815084124
bb7ce8a6ba7f7cc5,2021-03-13,1,0.7241379310344829,0.7176190474784477,0.49091891905887003
d0ebb0551377a1c1,2021-03-13,1,0.5427435387673957,0.5772627585646667,0.6279622811412208
d15a87087b6f1452,2021-03-13,1,0.6345305608065531,0.6866779725452202,0.3624144379731534
e8adfbbe0053c321,2021-03-13,0,0.4342832531763693,0.45184848188955096,0.5896995309077103
2efbcd870f1f7bc7,2021-03-20,1,0.34929577464788736,0.3779621151963007,0.6137761682407238
55bf7f19a132e0fc,2021-03-20,1,0.447405997144217,0.43504675256433994,0.22946349289992973
68cf99b6551dc3b3,2021-03-20,1,0.5108342361863488,0.5601002603923938,0.4889736907925327
9e45cc594a5a2506,2021-03-20,1,0.783098015142214,0.7965950617681598,0.6020651631002081
a043e279434d5c8c,2021-03-20,0,0.3720626631853787,0.35762967257654976,0.7024486643981853
afc86d1076c4c3a9,2021-03-20,1,0.6548701654431905,0.6755412517942212,0.5851257238292114
b8a0047c927faa75,2021-03-20,1,0.8250000000000002,0.8192942373134608,0.6566392814087879
dcfbbebc0aee6ded,2021-03-20,0,0.33635187580853815,0.38724780286616994,0.3750059301947472
edac9fd482177a64,2021-03-20,0,0.3654694391934467,0.4031898963522928,0.6361879674743743
0aa335dbc4cb3473,2021-03-27,1,0.7634625062908907,0.7950918022053456,0.6735323490401026
2220b73ece1730c3,2021-03-27,0,0.35714285714285715,0.42830633399313656,0.42350619377071846
390694c179f05c7f,2021-03-27,1,0.447405997144217,0.5310992267406733,0.15856298430816185
39d188fa9b95d550,2021-03-27,0,0.35714285714285715,0.3912421956491927,0.45838019725757934
41622791b276ad9e,2021-03-27,1,0.5366306721917165,0.5400786655264053,0.3285714833819388
48292a027df02443,2021-03-27,1,0.7107039537126325,0.6644140035863569,0.5040091900240214
4b3af85b0df51d09,2021-03-27,0,0.34929577464788736,0.343224717782588,0.5862431013370418
6002c24f0b7f8cc7,2021-03-27,0,0.3784721747803632,0.39043459192380836,0.4195060811575252
8317208cfb030ed3,2021-03-27,0,0.42888402625820565,0.4437628129848127,0.47866908560218785
b1eff235241e719b,2021-03-27,0,0.4435793295775703,0.43971614146113225,0.5765114547162457
0992795fd0fa06d0,2021-04-10,0,0.5217391304347826,0.5531811903837773,0.2533962969180793
1fee9eca658d9808,2021-04-10,0,0.3720626631853787,0.35072268118276584,0.4571031303470522
3209bcfaf95de90b,2021-04-10,1,0.6888888888888889,0.7862804713873532,0.3161218217620776
444f0a732695dc81,2021-04-10,0,0.7285666997682886,0.7239076586488614,0.5647510001545625
646eeca9447c6965,2021-04-10,0,0.42888402625820565,0.44043718773667456,0.5032259430740316
71b81d8199a0fa19,2021-04-10,1,0.41178845377472745,0.45037871440444605,0.5969826692163641
7aebf01b5afc0109,2021-04-10,1,0.35714285714285715,0.28147690666758446,0.6549976048550031
93a1cd50374397c0,2021-04-10,1,0.5711159737417942,0.5984719089123797,0.6786108189537404
998296216e7171ed,2021-04-10,0,0.33635187580853815,0.2747787994894581,0.8182067774401499
ac9a8b73e58f3d71,2021-04-10,0,0.4782608695652174,0.567229324601809,0.4623722079109933
ddd63237f1b857a6,2021-04-10,1,0.7195253505933118,0.6833282136346357,0.5754590790453814
e27c28928ed4390f,2021-04-10,0,0.3158617532616159,0.3027189907373521,0.4675558461368021
0b2c3c4306620d6d,2021-04-17,1,0.7362296353762606,0.7827613369161374,0.8549692100564175
24ff385ca78c80d3,2021-04-17,1,0.7697368421052633,0.8156511863320032,0.7082598243411059
25d4376e00b16510,2021-04-17,1,0.3111111111111111,0.2966090871563798,0.37652424347387026
627c0a50cff30405,2021-04-17,0,0.5324675324675325,0.5547223103149017,0.5553497570049292
8d634c9240f161dd,2021-04-17,1,0.6690070210631895,0.6405944125231489,0.4678140955417168
a33ecd2c88154890,2021-04-17,1,0.5882115462252725,0.6047199003180244,0.5614218563206587
a850ba762f3c5334,2021-04-17,0,0.7241379310344829,0.7071577362242287,0.5229792878839618
f2c82f027201ba21,2021-04-17,1,0.4572564612326044,0.4631000338560325,0.7237822994827804
f67aa0b16e16a9ea,2021-04-17,1,0.6841382467383841,0.6842816018537172,0.7845873620968289
fdfe4e7cb2d0b665,2021-04-17,1,0.5962732919254659,0.6159873560414305,0.5317963250984067
00bbcd4a6d647fdf,2021-04-24,1,0.3111111111111111,0.34812408305393705,0.5757496043480727
1820fed0fbcf6294,2021-04-24,1,0.40372670807453415,0.405017508403946,0.39487623615151896
34d2632fd26e7078,2021-04-24,1,0.7900763358778627,0.8070966328563521,0.8470398758890629
512af32553d9bd70,2021-04-24,0,0.46753246753246747,0.5075728973853237,0.386617298313822
6a5eb525331fa1fc,2021-04-24,1,0.7328244274809161,0.7661601218104531,0.9227540792226638
6a7347d1da8a2b87,2021-04-24,1,0.6792452830188679,0.7192036816283677,0.307510385132591
6d8da45352344964,2021-04-24,0,0.6428571428571429,0.6589054603971365,0.4492622054181895
c5dfce1eaa2dc169,2021-04-24,1,0.6187175043327556,0.5717032620572235,0.5451005893767752
f5dd0a24a7dba53c,2021-04-24,0,0.447405997144217,0.5085753528720497,0.31676769630237794
26202a4bd36d3fd2,2021-05-01,1,0.7195253505933118,0.7598962764651855,0.4580608319630549
2ef09c8fe29251ac,2021-05-01,0,0.6841382467383841,0.6976613845530641,0.37891625696557524
2f82e8079ba354f4,2021-05-01,1,0.6581196581196581,0.7007022921314965,0.5995906877425708
394802bb096b403e,2021-05-01,0,0.5217391304347826,0.510304475344428,0.689681631634396
3d790112d2e6d851,2021-05-01,0,0.5366306721917165,0.49871462808490935,0.6095475409740001
78dc032441394331,2021-05-01,1,0.6345305608065531,0.6696720382914592,0.40459504872668506
c9c79de21823d941,2021-05-01,0,0.41178845377472745,0.39012887787444506,0.5227611469381334
d6b5a6ad27a730ae,2021-05-01,1,0.778440562420111,0.7955111080163505,0.4858312565186617
d72f9b3ac742a9e3,2021-05-01,0,0.5994128799461808,0.5859706348676524,0.664622661427781
ffd8e8575a551875,2021-05-01,1,0.6841382467383841,0.6510788205833856,0.770658190778897
00fbeda449926c13,2021-05-08,1,0.4167769251124636,0.41163195695037275,0.6092699644237509
178c4926223dca0c,2021-05-08,1,0.37037037037037035,0.44228624471861105,0.454284810487215
295a0bf12a7373c0,2021-05-08,0,0.4342832531763693,0.4324607644638806,0.6473523967396023
37fda56a435a9b24,2021-05-08,0,0.34929577464788736,0.35526884791436386,0.5558664721581764
3f71ac21472f994c,2021-05-08,0,0.3784721747803632,0.4294415785049149,0.4770640442013081
4ffbadfb86284af5,2021-05-08,0,0.6888888888888889,0.7042483891276794,0.4358832329821014
8a95f0e3f9111f0c,2021-05-08,1,0.41178845377472745,0.3968922984410668,0.30995339916371345
db2c805201a3116e,2021-05-08,0,0.5798319327731092,0.5734276174172757,0.6663768284764922
1f2f27b36e79da74,2021-05-15,0,0.43795620437956206,0.4271646751525474,0.43474296573785365
2b894d87ad9aae05,2021-05-15,1,0.4782608695652174,0.5284261809272024,0.4293982675876149
5573d46130d6b967,2021-05-15,1,0.4956702459300312,0.49137082796153403,0.6381058222911675
6655a8da2655f2d0,2021-05-15,0,0.5746439580499061,0.5514169238051965,0.5247875902948024
be2e28ba3bdeb400,2021-05-15,1,0.46753246753246747,0.49208487386927,0.47675989531977386
bfd672cac0726a9a,2021-05-15,0,0.674203744225626,0.7053088933508186,0.5519987794740884
ca22bafab913aae7,2021-05-15,0,0.5151837230488916,0.4368993570186985,0.5998607515929407
cfbaeb80b5ff7c00,2021-05-15,0,0.4253560419500938,0.41807865506875186,0.5142476269390144
de332779baa1b103,2021-05-15,1,0.6636481241914618,0.6959511485513296,0.824247863627566
fef29aa73bd5b907,2021-05-15,1,0.5427435387673957,0.5705659719638156,0.7530391606463369
138f719d370e8ba0,2021-05-22,0,0.6220052756098223,0.6034019597854079,0.7417432449752067
16369fa06392f6a0,2021-05-22,0,0.5564206704224298,0.5431552778076237,0.7180604074936763
3627f5133ce55902,2021-05-22,1,0.7490483575355985,0.7410952873547136,0.6789232767769203
559c0c3d752f327a,2021-05-22,0,0.6220052756098223,0.5133855947363443,0.44638856755583767
7f8340dfe4220c3e,2021-05-22,1,0.5467333541731791,0.5913592883428875,0.4543752707956207
82d48296fd06c27f,2021-05-22,0,0.19354838709677422,0.17537111470862932,0.13994373481851202
ae0afbff5ba07a34,2021-05-22,1,0.42888402625820565,0.4459908061760669,0.6796340434967947
b381dc272b32ce03,2021-05-22,1,0.7550141337999732,0.7455732625110968,0.4447070723647059
c7cf2194fe5c751f,2021-05-22,1,0.674203744225626,0.6528499043775645,0.5
d16f7ab4e28171ea,2021-05-22,1,0.5427435387673957,0.577026218945672,0.5416808686670339
d44a814b106b94ff,2021-05-22,1,0.8027415580073554,0.7872787224673842,0.7029701359934862
e624d85a0d718578,2021-05-22,1,0.46753246753246747,0.4892263224519176,0.15803443313235563
0716a38768a34789,2021-06-05,0,0.6341463414634145,0.6734935873600781,0.4309181003833408
23b943e9ce495f0b,2021-06-05,0,0.33880903490759745,0.3412550831345599,0.4953173088129167
2c0cddd12deb7450,2021-06-05,1,0.5126539564703898,0.5786429778384559,0.5747186387068777
419d1e29668b57fb,2021-06-05,1,0.7473182359952324,0.7393725995090228,0.6290279362392364
58c5d506181812fa,2021-06-05,1,0.3560327776207968,0.3241769069566458,0.2921118038072064
5c0e5d850d8e661f,2021-06-05,1,0.4599960684096718,0.4151531408246113,0.5765676577674054
73a83b2595416f0a,2021-06-05,1,0.6341463414634145,0.6054598683660368,0.4938963608383107
827aacd14f80e8f3,2021-06-05,0,0.6611909650924026,0.6368746306702376,0.7168542432620212
9252ad2304fd9a26,2021-06-05,0,0.6053006554573952,0.5642663016063095,0.46103140569818374
bb6438338bb8aebf,2021-06-05,1,0.5689655172413793,0.5959894692872122,0.5517653984318164
f187c7ec92f43828,2021-06-05,0,0.3946993445426048,0.3803383831725187,0.2628236664129046
0f51869f98afa6c0,2021-06-12,0,0.623003194888179,0.6118802214186286,0.6923466690105815
1b4d5dbf5f663a97,2021-06-12,1,0.5888285492629945,0.6320962604986713,0.52892102235265
34d38d77c1d3f00e,2021-06-12,1,0.6695178849144635,0.7167042389359838,0.47541679867219166
43dfb2c1e5fecac9,2021-06-12,0,0.35010940919037203,0.3346195390554422,0.5040545674319542
4560734220b96851,2021-06-12,1,0.30549898167006106,0.30196564721365626,0.28940879552959536
6cd44e1b2d093ea4,2021-06-12,1,0.6665837272953471,0.7311394788052,0.7718367122315914
7d2051c6bae907cb,2021-06-12,0,0.5702592087312415,0.5420730096373552,0.3485314195692097
84cde29aebf6c00c,2021-06-12,0,0.4935930292157868,0.5149621731101167,0.6515490617901033
9127a6430e46292c,2021-06-12,1,0.5689655172413793,0.5366884595491798,0.5099025472930873
b070b8c2c489d838,2021-06-12,1,0.7913043478260869,0.8321959879005945,0.7584804179563018
d4ad90ac58429b64,2021-06-12,0,0.6378504672897196,0.6316711907080715,0.7895696950180165
d66164d2c770da68,2021-06-12,1,0.6702870442203258,0.6704655685270594,0.6496650384162499
dedb74ee9d84deab,2021-06-12,1,0.5287958115183247,0.584993837179954,0.5195537048490748
1e9f081a84e7ec18,2021-06-19,0,0.5400039315903282,0.5422279826261975,0.6828607562610621
2bdf774dc8b17504,2021-06-19,1,0.38560064716192527,0.36329940262410537,0.5480437002094646
50cae63d530ede7c,2021-06-19,1,0.4128584935392373,0.3981836648730046,0.6117189205726558
53ed3f8f653b37b2,2021-06-19,0,0.44783390795982614,0.4983935837493553,0.7184256496905759
6fd9a013cea5a403,2021-06-19,0,0.3146551724137931,0.29448166911045776,0.5343811439238229
744627aec853874e,2021-06-19,0,0.685344827586207,0.7053342772048694,0.7399357533262895
87c8e086c29ae543,2021-06-19,1,0.5871415064607627,0.674223255840122,0.3095964041102927
a83ebbf013905949,2021-06-19,1,0.6611909650924026,0.6463582278412847,0.6428861990421328
bb1ac382e0277b3f,2021-06-19,0,0.47368421052631565,0.4612282925158688,0.4743366091340241
d3c0dfa57950aefd,2021-06-19,0,0.43103448275862083,0.39207669927061134,0.4281992370696677
d684d8b02ab53031,2021-06-19,1,0.4048828569262264,0.40666347607294945,0.5733869035999143
e8fd128286788a6d,2021-06-19,1,0.5721476510067114,0.5854382100747325,0.5703496047841453
086c2a0cae0835c4,2021-06-26,1,0.7161380760469599,0.8698498670371941,0.3174815435878533
0eac7075bf3d7ab7,2021-06-26,1,0.7475083056478405,0.7478479909802761,0.7447392349560553
23c7c6ceee34585f,2021-06-26,0,0.43103448275862083,0.40464599538042173,0.6700595262160911
4341ebb5a56e6943,2021-06-26,1,0.6781609195402298,0.6397052178788732,0.8462656323126954
5357dab4d331eb18,2021-06-26,1,0.6053006554573952,0.6645790577151373,0.606217433826145
78afed76d0e9a639,2021-06-26,1,0.5776397515527951,0.6311392848140014,0.6573766785136055
81de3929330076d2,2021-06-26,0,0.6695178849144635,0.6836955215370986,0.8244532425560783
85099c6378ff87c5,2021-06-26,1,0.5475460122699387,0.5576647618963821,0.38358305973189166
c9283da5f4d7aaf4,2021-06-26,1,0.5562373308497234,0.5263628894380024,0.5146932466357212
ce0fda34122f3d48,2021-06-26,0,0.6611909650924026,0.6127502311988527,0.9269524514633644
d40eae4425092219,2021-06-26,1,0.6258007230291115,0.678771663041625,0.33049565693814725
d988760df61f027c,2021-06-26,1,0.6596858638743455,0.7143727105380403,0.5844933904286959
07468b6347ac5e3d,2021-07-10,0,0.3334162727046529,0.3599927564395387,0.6526155013297549
1aba46988c9b58f9,2021-07-10,0,0.4128584935392373,0.44412373664985405,0.5127368044751892
53b480b44b0b51f1,2021-07-10,1,0.5367573011077543,0.562719441423117,0.5649476735981949
5d5bf07dbfada0e3,2021-07-10,1,0.6359223300970873,0.6497719057459999,0.5652350747175378
7070abfa26c079b8,2021-07-10,0,0.3790849673202614,0.40124996643491906,0.6671386938463069
7d0ce28ce8a77eb1,2021-07-10,1,0.5297741273100617,0.6057560635270423,0.5824057771280343
8245791a3d3403c6,2021-07-10,1,0.4128584935392373,0.46164557235969705,0.4985828709854439
858feabaf429a963,2021-07-10,0,0.48734604352961025,0.5010345599518319,0.6552399933994093
96bbb6c573dac27a,2021-07-10,0,0.3808255659121172,0.33422467224016894,0.6820401075292113
ac0a1d87e9ff4085,2021-07-10,1,0.7207267833109018,0.6854705746995053,0.6553744678905361
dbcc5b5d568efa8b,2021-07-10,1,0.860759493670886,0.8451414227609888,0.7469309147574601
49876b12d440af40,2021-07-17,0,0.7228793511321393,0.7475615848665385,0.6712643423313017
72105dd82d964e7a,2021-07-17,0,0.298804780876494,0.29294578513782626,0.5907373741038124
7d4c160dab6eae73,2021-07-17,1,0.8630136986301371,0.8792745822413378,0.7852557256111032
813444e109995c97,2021-07-17,1,0.6507042253521127,0.6151439832110216,0.703602822469363
8151659b2bc16f0e,2021-07-17,1,0.7153024911032029,0.6928034546881041,0.7653091738426377
93d5452726f5f364,2021-07-17,0,0.562043795620438,0.5087890371942477,0.6473557553361085
940701effe1d2b6c,2021-07-17,0,0.5798319327731092,0.60677040661085,0.4476704041160871
f0b83b05f3dd9580,2021-07-17,0,0.37889039242219213,0.395232321619506,0.28736146651513444
1bde9cb65d31cc76,2021-07-24,1,0.41700735895339336,0.47534463419994993,0.4586208493098965
1be65a0d2c1383f6,2021-07-24,1,0.38848920863309355,0.3450777634819632,0.736375868643119
214b268e4a92f950,2021-07-24,0,0.6507042253521127,0.669583928652436,0.6308172778401814
40ce202eaa78860c,2021-07-24,1,0.5217391304347826,0.5275040963010719,0.37323008870648466
43c391b251337c9b,2021-07-24,1,0.6755725190839694,0.6866859746774339,0.6849657105698014
4911094a4ee26868,2021-07-24,0,0.5,0.5204120390140993,0.30061695004953054
4bb77b1d8efc53a9,2021-07-24,0,0.7272727272727274,0.7517414972252904,0.8908565369163608
7c3ad06a520b8716,2021-07-24,0,0.5882115462252725,0.612143869450158,0.6639743726658021
c13474b85d3ced32,2021-07-24,1,0.7672295755362848,0.7476518971048175,0.6083251480414208
cade0268dec56f3d,2021-07-24,1,0.6581196581196581,0.6693373377652693,0.5226384543248734
dff1dbb8fe1f31cb,2021-07-24,1,0.41178845377472745,0.5231867081676824,0.32643563382775814
12ceec9431fb0827,2021-07-31,1,0.25787965616045844,0.18692461789641424,0.5844211190629975
1978b44503c3d9ff,2021-07-31,0,0.562043795620438,0.5463734985011813,0.722273133656854
6671b567c4eb9982,2021-07-31,0,0.41178845377472745,0.4510844649906346,0.5
8522bc62e8d942ab,2021-07-31,0,0.34929577464788736,0.3595096004615062,0.35246640393533346
96c51bc6316a4b47,2021-07-31,1,0.40372670807453415,0.40558397017501896,0.5590205002030365
9eef9b7967991296,2021-07-31,0,0.6957699520733487,0.7222130636658616,0.812813746324792
e3ecb94228c2739f,2021-07-31,0,0.6211096075778079,0.6454415467432437,0.6993826942424003
fb9095887dca34c7,2021-07-31,1,0.39596563317146055,0.5470051124962363,0.5
3d75081ce43774ca,2021-08-07,1,0.5,0.4523616750674396,0.5965590954993316
85c5dd604d5b3634,2021-08-07,1,0.6428571428571429,0.6517336066914082,0.36106576296487397
962aab0abdd34173,2021-08-07,1,0.46753246753246747,0.5095100564552199,0.5056789384582558
980927e7dcc131c0,2021-08-07,1,0.4891657638136511,0.5133594451527606,0.5800090355017842
9a678f346946b6a4,2021-08-07,1,0.6704377766847024,0.6990220640055317,0.7100733407396975
af9927b5589e708b,2021-08-07,1,0.7421203438395415,0.7665198227842276,0.43417029536599205
bf732e22055e8634,2021-08-07,0,0.27272727272727276,0.26891041406717425,0.3479985108535828
cce232c1b1b2e4a0,2021-08-07,0,0.4891657638136511,0.4510441302130171,0.3947944074183031
dcd0793ff1a43b68,2021-08-07,1,0.7104677060133631,0.7136950737627082,0.3913757030354713
efe985e626a0d8c0,2021-08-07,0,0.5108342361863488,0.5689080160614165,0.4771795763195874
f2336b7545f5f442,2021-08-07,0,0.5711159737417942,0.59386515187816,0.5690556397360186
0b47788da6de735e,2021-08-21,1,0.6115107913669064,0.6867594762440434,0.5711891869921344
12d2b282561b5e5f,2021-08-21,1,0.4782608695652174,0.49971443653534026,0.5071163083819292
3a9e0fed344fd07d,2021-08-21,0,0.38848920863309355,0.38975952357340565,0.503745618459106
47230f9b5d7ae037,2021-08-21,1,0.35714285714285715,0.3407651262325818,0.7191027685337253
47a157222b2c9092,2021-08-21,0,0.39596563317146055,0.34840628145677777,0.6016889499058317
5e2ce5aa3a92c2df,2021-08-21,1,0.6115107913669064,0.6191912583233289,0.738072746287468
755d84d5f4aa4dbf,2021-08-21,1,0.562043795620438,0.5886488249726872,0.799848699758384
8badcb2134c1cdaf,2021-08-21,0,0.5882115462252725,0.5494246422993461,0.662129794786264
92d39a17e34cf581,2021-08-21,0,0.5882115462252725,0.5553977586648766,0.6290279362392364
bfacb44c24bfe0e9,2021-08-21,1,0.6115107913669064,0.457051196458222,0.8536355364531614
e1897ff433134cb8,2021-08-21,0,0.5798319327731092,0.5585689893548808,0.8087714071637145
f536ba47f006474a,2021-08-21,1,0.5711159737417942,0.5530743140730119,0.46236883674237
089a17e450cc98aa,2021-08-28,0,0.5711159737417942,0.6482969409804302,0.6000621405984363
0f3a91caeaa55094,2021-08-28,1,0.6428571428571429,0.6382355473929453,0.6024566523254312
1de342e9309c5f0f,2021-08-28,0,0.8128898128898129,0.8177503220912675,0.7428729799744406
2cb9ba68fc855f33,2021-08-28,1,0.7880184331797234,0.7979740615926371,0.5654377805148323
5086f9fb4fdc2f60,2021-08-28,1,0.6428571428571429,0.6822517698978258,0.5
58d5e4afc2dd35d1,2021-08-28,0,0.4891657638136511,0.5069772216151057,0.6807281713786502
5cd1869013741767,2021-08-28,0,0.5324675324675325,0.5428754233953446,0.3140571408008923
ad3aa9520131ff2e,2021-08-28,1,0.8088235294117646,0.8482362010925979,0.5
be4890f4aaadec28,2021-08-28,1,0.7191400832177531,0.8044419437281088,0.5668433959027288
e24c8aab497b4fe1,2021-08-28,0,0.6957699520733487,0.7774699973856384,0.5578138899294457
ed64e42263bf50bf,2021-08-28,1,0.5711159737417942,0.6013535807606456,0.5
ef4484943b1c68a9,2021-08-28,0,0.5798319327731092,0.5973770635139058,0.35979891079541426
06c0c7dda5a5909d,2021-09-04,1,0.5217391304347826,0.47140433108521174,0.4501783779265846
14f2bb86fd888e91,2021-09-04,1,0.42016806722689076,0.4397714956194427,0.6632514453833112
3f76035e52e8819b,2021-09-04,1,0.35714285714285715,0.3739063385100507,0.40841855270441124
4fc128b1bdf088b1,2021-09-04,1,0.8259833134684148,0.836083280594685,0.7579709359713683
8fc238e84c4624a7,2021-09-04,1,0.5711159737417942,0.5945525717563379,0.5608499457379906
a7c38d4d66abf923,2021-09-04,0,0.40372670807453415,0.4100088348788605,0.474443761358119
ad81be01a461c936,2021-09-04,0,0.5962732919254659,0.6127534205375553,0.47652345481289854
b977ffcc6428046f,2021-09-04,1,0.6755725190839694,0.660748223070665,0.5876620048499988
f09912e9d8eaa968,2021-09-04,1,0.5324675324675325,0.5516582015008132,0.8233979617232018
06b3226c34c17001,2021-09-18,0,0.4891657638136511,0.4758071049885432,0.3819003610320954
0ce63c2148e70b4c,2021-09-18,1,0.7775930160049885,0.7878668689300462,0.6467418670335076
13a8ddb1c3f55ed4,2021-09-18,1,0.8579439252336448,0.8818884500891901,0.6847149940009684
2d42742aade53799,2021-09-18,0,0.447405997144217,0.4747604653750244,0.43173907716510057
401f5f4714132d50,2021-09-18,1,0.6211096075778079,0.6724589391244801,0.7454820111798051
4b5f9b7c31d1205d,2021-09-18,1,0.6115107913669064,0.6066859977941533,0.44020888854514634
576b795e33ddd62d,2021-09-18,1,0.35714285714285715,0.3616483905156272,0.6226417755425669
d06495deb1ff1750,2021-09-18,0,0.46753246753246747,0.4477089450967304,0.4912871015537542
d1621b3da377f34b,2021-09-18,1,0.5798319327731092,0.5509366479826853,0.49466799103967146
dc870fab1e0f15e1,2021-09-18,1,0.8259833134684148,0.8244892354116699,0.8303318472124578
eb10feae98ea7d36,2021-09-18,0,0.5324675324675325,0.5442072664318315,0.7154036618344298
18f1b88d8977c216,2021-09-25,1,0.6211096075778079,0.6624219911244692,0.7255634390122774
7233b2a56438d77a,2021-09-25,1,0.8935018050541516,0.9142284476633837,0.8713801594400861
73f6b72b4889088f,2021-09-25,1,0.8029168309026409,0.7805682381569043,0.5991428212023466
7484298ad57099be,2021-09-25,1,0.40372670807453415,0.4989177740082643,0.2379525232849107
7abc4520f63f2c06,2021-09-25,0,0.5108342361863488,0.4304808609362516,0.5235658491895039
92e006a93f983fb5,2021-09-25,0,0.40372670807453415,0.45136922124456846,0.2445447375712122
b3c23fb2d71bba51,2021-09-25,1,0.5798319327731092,0.5397996559921385,0.6864339486456846
bc276e0f07e30a54,2021-09-25,0,0.2771206488678608,0.22400989879092376,0.5937312803440924
d8189169b2c8a2aa,2021-09-25,0,0.42888402625820565,0.45614212457251035,0.5
e7bb37681652c2c2,2021-09-25,0,0.23809523809523808,0.24912541180285055,0.43177982352034694
f085f32bbb3220e1,2021-09-25,0,0.3418803418803419,0.3980045449375046,0.4117919287046732
f4a2806f77ac1cdc,2021-09-25,1,0.6581196581196581,0.6600485591929082,0.388641206989051
f4df74046a1c4364,2021-09-25,1,0.7553516819571866,0.8067871807090352,0.5328941577074289
16d31775a8dcb31d,2021-10-02,0,0.15953307392996105,0.1848401549782894,0.3467434728706137
37c484012ef24a5b,2021-10-02,1,0.5798319327731092,0.5632024513201214,0.6003545718655708
3b7eb8e56052a2af,2021-10-02,0,0.552594002855783,0.5981283188452046,0.6864667302055746
5f444eac11e55161,2021-10-02,1,0.7054263565891473,0.66132994407721,0.7039522965549194
6832e9e62da0f9d3,2021-10-02,0,0.30423004792665137,0.30638808509025245,0.2458062894222566
9c33c8d4a381ba70,2021-10-02,0,0.35714285714285715,0.3876354600150361,0.4405909676773488
a00b4e82f9d4f92c,2021-10-02,1,0.8335570469798658,0.8440614317071772,0.7306984536461075
c1e5859053263811,2021-10-02,1,0.5882115462252725,0.621876856758189,0.4952452636222011
dba710edbc3c29ff,2021-10-02,0,0.4572564612326044,0.4285854676225588,0.5384323654048968
dfa2f5c821a52c63,2021-10-02,0,0.5882115462252725,0.5685371152827495,0.5744725560216257
e7423a91a253b416,2021-10-02,1,0.7153024911032029,0.7596177634730065,0.7189377228417455
149d6b90f33634a4,2021-10-09,0,0.6428571428571429,0.6606258925924083,0.5929727828171456
20f19439e9b100b0,2021-10-09,0,0.3698979591836735,0.41580129576439645,0.26275181717735013
38957d8eb185391c,2021-10-09,0,0.6428571428571429,0.6699560520819132,0.6602127646755755
6101249c2cdd1493,2021-10-09,1,0.7001620745542949,0.7033032852186815,0.770653013790068
777c65184aa63894,2021-10-09,1,0.817258883248731,0.8153101916389077,0.8050402379021766
d5ffdb5388ffabc6,2021-10-09,1,0.725752508361204,0.734699966866734,0.8634270701603387
ddb927b0dfcfac2a,2021-10-09,1,0.725752508361204,0.7610002710340733,0.4418540194938554
df16b9c2fc9722e9,2021-10-09,0,0.35714285714285715,0.37272711525384056,0.5433095527076774
f526892a27b50576,2021-10-09,1,0.7342398022249692,0.7630481161175667,0.3605260511284787
188b63ec6ee1c1c9,2021-10-16,1,0.46753246753246747,0.4686916206363673,0.5389949586558478
330e67abac6e5ce7,2021-10-16,0,0.562043795620438,0.5404785413888029,0.6767767131261158
814d481e79e9a525,2021-10-16,0,0.447405997144217,0.48411916334844673,0.6483384638084994
a2e1116a9fe84aa9,2021-10-16,1,0.25107991360691145,0.24403310852933274,0.41695730739895337
b193e2317b21125c,2021-10-16,1,0.7272727272727274,0.7514315702450589,0.5819724171285507
be8bee783d22bee2,2021-10-16,0,0.6581196581196581,0.6327332656245266,0.252779257563646
cf020c71f1dbfa0b,2021-10-16,1,0.562043795620438,0.6024139662619821,0.5744571812779388
d9ca00b3c62a874d,2021-10-16,1,0.7054263565891473,0.6903100148954684,0.6463358332152762
e3881a6895be3e9e,2021-10-16,1,0.27272727272727276,0.25388270705591304,0.16813795378723054
fefa96b6d939ffea,2021-10-16,0,0.41178845377472745,0.38153602763291694,0.6219863106865205
1fe58cdab57d233b,2021-10-23,1,0.6957699520733487,0.5989795244540358,0.41540415059574454
587d373f18f6c8c0,2021-10-23,1,0.5324675324675325,0.5369269977210835,0.7037276962351557
61d9eff5fa4c8578,2021-10-23,0,0.552594002855783,0.5970073480348665,0.6140301272805816
69167b996ce7a7e4,2021-10-23,1,0.5711159737417942,0.4968800064940296,0.4196245351370852
6d7eecf4acecda2a,2021-10-23,0,0.38848920863309355,0.33225267871397285,0.702170107710149
7151ae256e6c181b,2021-10-23,1,0.4891657638136511,0.46856330354725645,0.4246418101365669
85f920746c58d0a6,2021-10-23,1,0.34929577464788736,0.4739169870805015,0.28703799382762624
860be3cc82895177,2021-10-23,0,0.35714285714285715,0.3504435096294457,0.58934537345509
88256dd5a9aef1cc,2021-10-23,0,0.447405997144217,0.4241900036357776,0.4576820783007955
98842f17dfe4b4ef,2021-10-23,1,0.31339660119178986,0.32579889610670987,0.429976400303759
acec5f4c6fee1ae2,2021-10-23,1,0.5882115462252725,0.5541014253292714,0.5
d44d735e5079bfb8,2021-10-23,1,0.7672295755362848,0.7574756790272061,0.6493700587116207
e078d18fa9ed100d,2021-10-23,1,0.6755725190839694,0.7459337529710467,0.7268137167987592
13e3e41e0c6f4e04,2021-10-30,1,0.6912521440823327,0.7276442862866267,0.5629772136065108
156f2425a937b22f,2021-10-30,0,0.30423004792665137,0.3249306970594365,0.25594920774977586
18edff5447989b3f,2021-10-30,1,0.7191400832177531,0.738184777316655,0.5077385368576772
41cdfea7df63003f,2021-10-30,0,0.40372670807453415,0.42982454855029706,0.6052583460904677
4a5e5232346993c7,2021-10-30,0,0.3418803418803419,0.3393581918737861,0.10471455372355182
58b19ba734fe93a3,2021-10-30,1,0.7489200863930886,0.7753430746183202,0.5471520262221393
5ad4c0eae7512878,2021-10-30,1,0.8178217821782179,0.8382354276160823,0.7512335577750172
6163c18411aca830,2021-10-30,1,0.7727272727272727,0.7575042567227834,0.6859276656216168
768c86e307295944,2021-10-30,1,0.7553516819571866,0.7397399791926719,0.6255281470501192
919fb76d2f3e5827,2021-10-30,0,0.6957699520733487,0.7337350051610124,0.5023789082464892
92c49cb075f612d7,2021-10-30,0,0.4891657638136511,0.5495952918988459,0.49316758612994716
987cdcbc809e210d,2021-10-30,0,0.22240698399501146,0.21203088039154155,0.46236975480476483
d84968d7e9fcb4f3,2021-10-30,1,0.6040343668285393,0.6500725494507632,0.7450207948152642
efc6af0151f72b87,2021-10-30,1,0.7011952191235059,0.6926186726245975,0.8577845037560767
095a351dd6f09f7e,2021-11-06,0,0.4782608695652174,0.4668155050611203,0.6164598405522518
19722043e7eb4e39,2021-11-06,1,0.4782608695652174,0.5199789701913642,0.7137343911507283
31b3ae9352d9389b,2021-11-06,1,0.7272727272727274,0.7355151823406684,0.8493892197877578
385101e8ad828c39,2021-11-06,1,0.7054263565891473,0.7377824493916885,0.5888290832653978
73d541adc2909dc8,2021-11-06,1,0.7619047619047619,0.7313337450805669,0.6290279362392364
8081cb92f71401c6,2021-11-06,0,0.35714285714285715,0.37821582714181,0.6675427736024395
88cc78d2d5d6bcaa,2021-11-06,1,0.7619047619047619,0.7567392070825222,0.759744555373647
999a0fad4c82148d,2021-11-06,1,0.6507042253521127,0.6436805297705572,0.7765471127928948
a260238fdb9c47cf,2021-11-06,1,0.6115107913669064,0.5978839007938725,0.5059369093787524
c634ed84212723ca,2021-11-06,0,0.3698979591836735,0.3817347111372808,0.7073791377104164
e25875165648162b,2021-11-06,0,0.5324675324675325,0.5017653194944276,0.5003611995206768
fa3b28ff3585b4a0,2021-11-06,0,0.7349177330895795,0.7254859948063379,0.7781148445478118
0273dbd5dedbdbe0,2021-11-13,0,0.6755725190839694,0.6274083851249965,0.49469446478918316
1013cdbb6c9a4a2e,2021-11-13,0,0.6040343668285393,0.5874499789996426,0.6181575267412948
147e984aa34e3028,2021-11-13,1,0.8335570469798658,0.8187357493719488,0.6443350962836727
2c21abbc28e3876a,2021-11-13,0,0.6818181818181818,0.6725352630493096,0.6900096963228656
66eee2320e900a8a,2021-11-13,1,0.7489200863930886,0.7519527000248762,0.6435090685230118
73c97d5c314f1270,2021-11-13,1,0.5711159737417942,0.603454499559046,0.7216583974275693
81bb4d9b214adf4b,2021-11-13,0,0.46753246753246747,0.5160145743533409,0.6919716094221251
8636b67096df4b27,2021-11-13,0,0.5962732919254659,0.6007225306351754,0.566605101277952
a27a355f52883f3e,2021-11-13,1,0.7619047619047619,0.7969838597074952,0.6754496602301798
c0518d213b67e754,2021-11-13,0,0.5217391304347826,0.5388075179350875,0.6317639776556405
e6ce8360ef43891c,2021-11-13,1,0.7489200863930886,0.6902681800186825,0.532434745864074
18f19b1422e8154b,2021-11-20,1,0.4782608695652174,0.51998995525937,0.5036241128569816
1cd8f5a107f64e39,2021-11-20,1,0.46753246753246747,0.39350793905323067,0.5617822779600885
1ff89e2a9cc2f2d2,2021-11-20,1,0.289532293986637,0.33944806394367105,0.7297564095369381
450534f9fb9b13cd,2021-11-20,0,0.42016806722689076,0.39915691333602116,0.6489628080335066
50bf4bb2f8d9aba4,2021-11-20,0,0.3698979591836735,0.3919272170807659,0.48823542273644954
84c68c4c387d2e32,2021-11-20,1,0.6040343668285393,0.6121551552578435,0.3709720637607637
8dd086e2e70144fd,2021-11-20,1,0.7553516819571866,0.7592482847923114,0.7845394070447012
9b9ef12603e820ec,2021-11-20,0,0.2945736434108528,0.3465538225471099,0.24022949226417
bb15c0a2911043bd,2021-11-20,0,0.22727272727272727,0.20550911620145232,0.32393672706918675
f592f168f3b8b807,2021-11-20,1,0.4572564612326044,0.4629414783796864,0.665867715544572
fd60e75303622e5e,2021-11-20,1,0.5,0.49786692731553345,0.26879934906127506
1ce1a43ef68ffc7d,2021-12-04,0,0.6040343668285393,0.6303088146207642,0.5646176707798526
3109d1151f149aaf,2021-12-04,0,0.5427435387673957,0.5593283513826519,0.4597633283816396
376dddfa82debbf4,2021-12-04,1,0.7272727272727274,0.7404657585505013,0.5464327878872669
3fc8afbb23b9ac16,2021-12-04,1,0.6301020408163266,0.6487446799639434,0.43606926701953697
405bded9cc7a7c15,2021-12-04,1,0.5711159737417942,0.5508480308750049,0.6268565427590185
42b28adbed6966b7,2021-12-04,0,0.6115107913669064,0.5992231933267895,0.43165827793682454
5d64044b985004e7,2021-12-04,1,0.3418803418803419,0.3787379313708101,0.19668536594719213
657b7da9c89352fe,2021-12-04,1,0.6818181818181818,0.6844286645465956,0.6881189895722615
723a8a8c82cab1c8,2021-12-04,0,0.37889039242219213,0.4099882743145252,0.33113683253014464
9e5bbbacf1d92cb4,2021-12-04,0,0.7489200863930886,0.7964336512119203,0.7265257516017763
a38648a1c190f9be,2021-12-04,0,0.46753246753246747,0.496815952905916,0.6808908450537905
b3847772199e2639,2021-12-04,0,0.6365876193409301,0.670930193331155,0.44749833336932926
c74b03337a8441ed,2021-12-04,1,0.5324675324675325,0.5932458931890457,0.5407914849185562
0b633295d9e017a3,2021-12-11,0,0.880195599022005,0.8819595560290776,0.8831672198264009
16243b1470887cb6,2021-12-11,1,0.6428571428571429,0.6722876956514107,0.7599475701782993
2d0d13dfc6c37ba8,2021-12-11,1,0.4572564612326044,0.5013582149174801,0.40180474193420274
505397f405e40206,2021-12-11,1,0.7421203438395415,0.7962408345595591,0.5385417882818269
50f2539c73b98eec,2021-12-11,0,0.46753246753246747,0.4799926736068586,0.5888512260425103
537a5aa4c248830e,2021-12-11,1,0.6040343668285393,0.6776160250020546,0.6790284985868266
6537a32e7af905b0,2021-12-11,1,0.5427435387673957,0.5326020852013592,0.589497138582854
795aa42785a46643,2021-12-11,1,0.42888402625820565,0.47371044392656136,0.356272633616185
8bcdcfb0f93f1409,2021-12-11,0,0.6428571428571429,0.6201458197323944,0.33537857665871557
8c01b7dccc4d0926,2021-12-11,0,0.28085991678224687,0.29113130718776453,0.28048833616513164
9039762cb9f4abdb,2021-12-11,0,0.2771206488678608,0.2525331591359496,0.44337087821573745
abb8c6c0a057184e,2021-12-11,0,0.5,0.489317806974307,0.29650700142217656
b22eab3aa1522f40,2021-12-11,1,0.4572564612326044,0.5082997803832128,0.27911184413051204
fc2a30bfb760bdf8,2021-12-11,0,0.5798319327731092,0.5344861574367854,0.4955328698605748
2a5484a6d5e7a2da,2021-12-18,1,0.5962732919254659,0.5547955176196292,0.549614554027803
2e200563dd7c4922,2021-12-18,1,0.7104677060133631,0.6824321504281382,0.5463526659728287
4b7ec02b39fc6f70,2021-12-18,1,0.43795620437956206,0.5000051773386074,0.48569283192947194
730f14ccff80f3b0,2021-12-18,0,0.3181818181818181,0.28986735806207675,0.7413800197014813
85d9a516c3c6c205,2021-12-18,1,0.552594002855783,0.5853607421799191,0.6169365647372096
8b3b38167060b1d7,2021-12-18,0,0.6704377766847024,0.6744385028808674,0.4736257291959045
a43dcd04788d95c7,2021-12-18,0,0.2846975088967971,0.26840325151883904,0.4674617493278241
a760d0f5de2e1aaa,2021-12-18,1,0.6040343668285393,0.6240879443243106,0.49147887039913707
b4f88d65b47c2a39,2021-12-18,1,0.6704377766847024,0.6893020042414427,0.4102669938325149
bdaca0a96d44438a,2021-12-18,0,0.3295622233152976,0.40012183854156086,0.143274571609686
dd552b389152636a,2021-12-18,0,0.6040343668285393,0.5801916635187334,0.513493462186007
ea76a3af8c5ecc55,2021-12-18,1,0.562043795620438,0.5788649898142522,0.5560896442066097
fc0927c657c51622,2021-12-18,1,0.7272727272727274,0.7531345698967135,0.3347077169921089
3738135e4c9d8273,2022-01-15,1,0.46753246753246747,0.4832953139871667,0.593097626962768
3a8c0158d910546d,2022-01-15,1,0.6581196581196581,0.7046570010684441,0.2764850168534514
3bcbb0e039f4f5d8,2022-01-15,1,0.562043795620438,0.5680751289136262,0.6447545920623158
7c2a02b5ea169b54,2022-01-15,1,0.7553516819571866,0.6764049974380391,0.6099879752718569
8.69E+73,2022-01-15,1,0.41178845377472745,0.40747772582425573,0.4670881197261162
8d89f3b8798f444d,2022-01-15,1,0.5882115462252725,0.6047737404308597,0.5879009524156468
9dfcf675cf2c1575,2022-01-15,1,0.33635187580853815,0.3194759209369622,0.33801722179924154
b5b5156c713c5d47,2022-01-15,0,0.33635187580853815,0.3412508490230224,0.33674855939875464
e8517ed0b49abc37,2022-01-15,1,0.42888402625820565,0.39321252040112475,0.376629408330739
0669231ebe3dd560,2022-01-22,1,0.776440240756664,0.8000317751443826,0.5
0a0beb5aa9810de4,2022-01-22,0,0.6301020408163266,0.6312889537834941,0.5223333887563578
4047c2e259529179,2022-01-22,0,0.4255319148936171,0.44313983923056094,0.48119933377390645
44a55ba1de2b30e2,2022-01-22,0,0.8,0.7758009761342524,0.7765809308765875
453283e947919ff7,2022-01-22,1,0.5,0.6609555545990267,0.313929526364874
5ba543efdce072f5,2022-01-22,1,0.7183098591549295,0.7135807210087608,0.734335434702646
5da7168ac2ff0e1d,2022-01-22,1,0.6428571428571429,0.6252201272236073,0.6777443166590554
80f65ee9b6f8d63b,2022-01-22,0,0.37889039242219213,0.36726843805498016,0.5437625329420056
9687021e5c4d092a,2022-01-22,1,0.6912521440823327,0.6451405699138835,0.5617872753220701
cddd3d4febe097f8,2022-01-22,0,0.6365876193409301,0.732036759487937,0.49975198276509125
e786542667fdecf0,2022-01-22,1,0.40880503144654085,0.39105044386732135,0.45674317781470447
0489b42ac0ab6d4b,2022-02-05,0,0.5346534653465347,0.6145303355008093,0.37097206376076364
0730c4e6fb247fa1,2022-02-05,0,0.23809523809523808,0.24984548818554336,0.13289774978762225
208c5dc52ccfd47a,2022-02-05,1,0.7228793511321393,0.7208262577489267,0.5762115525508599
4b67a1875390e7ad,2022-02-05,0,0.3181818181818181,0.34937234165313447,0.30198387995538123
6b4c2cc27855506a,2022-02-05,1,0.7054263565891473,0.7379355533781555,0.6424950752690214
ace166f26c2ac2e8,2022-02-05,0,0.6301020408163266,0.5566981852266063,0.5063642870123298
18a1617ee7356352,2022-02-12,1,0.5962732919254659,0.5942664168436609,0.2987219201458959
19e742ccaa09cf08,2022-02-12,0,0.26508226691042047,0.2735490190890764,0.5311047098821567
238832b58a66ae07,2022-02-12,0,0.42016806722689076,0.4625130538302422,0.3648457364798567
3bebd99d5f94bec7,2022-02-12,1,0.6957699520733487,0.6734990660874358,0.5486490456544333
6708f3a32861038a,2022-02-12,0,0.40372670807453415,0.42246792092484853,0.8137645479553076
81c22cfa22002ea4,2022-02-12,1,0.4902470741222366,0.5135928325620073,0.7295008923024373
821bef3a3394dd96,2022-02-12,1,0.34929577464788736,0.30401380236428655,0.684951540607657
a0ba726da4a50458,2022-02-12,1,0.7775930160049885,0.7832804354686878,0.8230983036694685
b1e048825b5bbe1c,2022-02-12,0,0.25787965616045844,0.2453069854409027,0.21826842367398708
bb42336d6417914c,2022-02-12,0,0.6040343668285393,0.6356211494095328,0.7730538584778726
c16bda7548181613,2022-02-12,0,0.5,0.4997434559270485,0.314374517826048
ca8f73d038c4d6e7,2022-02-12,1,0.7228793511321393,0.7283087888367333,0.6223644711154647
04e2d50c24a88dbd,2022-02-19,1,0.5882115462252725,0.641157409255632,0.48602365206026477
25da52bc590ef664,2022-02-19,0,0.3634123806590699,0.2954109437448315,0.610916174344448
2d8db91f91f68069,2022-02-19,1,0.6507042253521127,0.6466647708015613,0.625398076218765
33cc40fc1da409d3,2022-02-19,0,0.5324675324675325,0.5117108941761015,0.5070679828467267
528c208293bdef13,2022-02-19,1,0.7421203438395415,0.7260892153127648,0.5978067040736029
8cd583f6d10692bc,2022-02-19,1,0.7421203438395415,0.7035871811935375,0.5993926534234814
93026443e5140415,2022-02-19,1,0.7054263565891473,0.6845816364726234,0.7490871156542511
958799d957945a3a,2022-02-19,1,0.38848920863309355,0.3664522438084669,0.675554275549945
99fd8396cbe1df03,2022-02-19,1,0.7349177330895795,0.7704489327703499,0.48193197340498334
e36a5d4d53b97d4e,2022-02-19,0,0.6040343668285393,0.6099424250328475,0.6111564570097996
ea63f56779100678,2022-02-19,1,0.6755725190839694,0.6451907975563697,0.595847550593223
f7865e5a6d009a87,2022-02-19,0,0.33635187580853815,0.3531352049322389,0.41839175846463544
01468f766dd7385c,2022-02-26,0,0.5798319327731092,0.6043271854126958,0.6790477416946175
181ceedcacc01d48,2022-02-26,0,0.38848920863309355,0.4210412771674197,0.5
84d633d4a9fbf331,2022-02-26,1,0.43795620437956206,0.4837059521103264,0.25903962918139245
8515f07911765f89,2022-02-26,1,0.6957699520733487,0.752118557415027,0.5382510640645628
901e62b7af57f559,2022-02-26,0,0.2771206488678608,0.312589485965891,0.7505200833698661
c4eb14c3de579842,2022-02-26,0,0.6211096075778079,0.6716195106100121,0.42831429015389977
c5d5fcf290cc029e,2022-02-26,1,0.7727272727272727,0.7599734377017877,0.5345211446444721
cb1f27818d46af0e,2022-02-26,1,0.4891657638136511,0.48134494044275355,0.595372987351748
f087a10a6f2bcc99,2022-02-26,1,0.7191400832177531,0.7279142914932648,0.6626849532927398
36d9337a27b71ba9,2022-03-05,0,0.5711159737417942,0.5594244563728936,0.5472233503193322
43b43c5d439b2f98,2022-03-05,1,0.7775930160049885,0.7918759298500548,0.6875066635937159
59d44b6888885500,2022-03-05,0,0.12790697674418605,0.09772168471206089,0.5270470463958797
838bb84a5a976a9c,2022-03-05,1,0.6301020408163266,0.6338665139499849,0.552501252661993
9321b3c90ea5ca6c,2022-03-05,1,0.7191400832177531,0.785373331379444,0.478830499992318
abd45edc07a8d9e3,2022-03-05,0,0.38848920863309355,0.3309291551506891,0.3399990312309127
c420c376cc1d149c,2022-03-05,1,0.3295622233152976,0.3338798662498734,0.259052016554621
c6fc43c351b08bda,2022-03-05,1,0.39596563317146055,0.49786193155955005,0.6168132041560188
cda06ff86cfe4f5f,2022-03-05,1,0.6211096075778079,0.6942215350674834,0.6608042755689273
d03d0abf331df751,2022-03-05,1,0.7228793511321393,0.7855514525818489,0.7090044795862585
d5323490163dde0e,2022-03-05,1,0.6365876193409301,0.6876524897551213,0.4851268006553375
ee278a5a25744cac,2022-03-05,1,0.447405997144217,0.4634388324027181,0.38737216295411
fce6ab43b7d09aa4,2022-03-05,1,0.5962732919254659,0.6149777784861074,0.5880639741541484
226884e46a10865d,2022-03-12,1,0.6581196581196581,0.6933505356637045,0.47654175266670223
23eec2d9cb2d78cd,2022-03-12,1,0.42888402625820565,0.4885663386220954,0.3830980097881289
26fbee4ed13ff35d,2022-03-12,1,0.4782608695652174,0.4557172477202884,0.5303072270176714
3b06c512abfa0494,2022-03-12,1,0.6365876193409301,0.603813128270283,0.6813967758470539
463fac0e48505b62,2022-03-12,1,0.5882115462252725,0.5796822989776044,0.3085370185520928
5cad3ab6553e9ec9,2022-03-12,1,0.5427435387673957,0.4958488903116532,0.4461553859471276
70b8d357e89383bd,2022-03-12,1,0.7104677060133631,0.787862784529212,0.69386148028594
8aa16cc1ba99aac1,2022-03-12,0,0.17401668653158525,0.1833127090953632,0.4222659805388353
9cb78122a23e6a7d,2022-03-12,0,0.5711159737417942,0.5238914818054455,0.5925224043594371
b400c29fbeee0206,2022-03-12,0,0.5962732919254659,0.6388623850431143,0.5860800630155866
b55de7d791b9f62d,2022-03-12,0,0.25107991360691145,0.24176067273071594,0.4431798043659384
b70313eae7c24b27,2022-03-12,0,0.3698979591836735,0.32786210449471315,0.6926487689280683
f10c2c84652ef573,2022-03-12,0,0.35714285714285715,0.36577186929369726,0.5495719224121969
06641a8c62e45661,2022-03-19,0,0.447405997144217,0.4514497209518963,0.4849571543283555
4c7e55061dc3bf89,2022-03-19,1,0.7925457102672292,0.8623064251090534,0.49434502734912705
53d0df57a917c6a0,2022-03-19,1,0.5427435387673957,0.5968969805144603,0.7388590142449457
5a878a6bebc973d7,2022-03-19,1,0.562043795620438,0.538016392390321,0.1823484256585766
5e378c52f26935d6,2022-03-19,0,0.7153024911032029,0.7449393911912896,0.7694042355455364
6e705b2365bc03fa,2022-03-19,0,0.6755725190839694,0.6651473564929082,0.40993864729321633
766b4f5e77ab0860,2022-03-19,0,0.6428571428571429,0.6892863538726899,0.4805521770332666
a200b5dcbdd2506e,2022-03-19,0,0.17902813299232737,0.23213386199624875,0.1340239043913521
ae989e21c3839b49,2022-03-19,0,0.25787965616045844,0.22710784738989603,0.6198829748765322
bcd1e1d71a172d53,2022-03-19,1,0.8029168309026409,0.8415680591568889,0.6999039362023116
ce3d94186567a684,2022-03-19,1,0.5,0.5413023298117924,0.7984585624172873
1b650c76387c0f4b,2022-03-26,0,0.28085991678224687,0.2614301877994963,0.2324892763789679
3ecccdab76baa59c,2022-03-26,0,0.20115416323165705,0.18709427864067094,0.3685142066949277
3f92025b29e06bfd,2022-03-26,1,0.7054263565891473,0.7673067831151568,0.77754576147061
410e65e4d1782bfc,2022-03-26,0,0.782608695652174,0.8125537706017204,0.7563219414253365
6ed495c177d69a3a,2022-03-26,1,0.8720930232558137,0.8879671153736023,0.5
82b2b97b85c7225c,2022-03-26,1,0.46753246753246747,0.49690399969607696,0.5654511678792714
97e522591ac7eb29,2022-03-26,1,0.42016806722689076,0.4169305305579607,0.6128157027712656
bb31c77bddd1317e,2022-03-26,1,0.298804780876494,0.3209830043723286,0.3308200878760976
c4e866d9dd606faa,2022-03-26,1,0.8209718670076727,0.8667624211075977,0.7076454961497056
d0b7a79d3e7f3362,2022-03-26,1,0.41178845377472745,0.44995020613429587,0.6756690442501384
f3c37e23ca30c87d,2022-03-26,0,0.4891657638136511,0.5057218817817987,0.43521019706458236
f6afaf2a39fa441c,2022-03-26,1,0.447405997144217,0.4570086276566729,0.47370525576245426
15311d4b33d93004,2022-04-09,0,0.5324675324675325,0.5510903276019502,0.5070707133937469
278b965694e563b2,2022-04-09,1,0.42016806722689076,0.421919307270009,0.7170438493300365
313c36ce9bde6cf6,2022-04-09,1,0.6428571428571429,0.6100941549661715,0.6595918326122714
394b0347b0438622,2022-04-09,0,0.20115416323165705,0.18033778948323,0.6433043298957962
7458a37feabf8788,2022-04-09,0,0.38848920863309355,0.34534869397535817,0.5914657388319491
7c6ed5b3d830d0cb,2022-04-09,1,0.6365876193409301,0.5803960539818773,0.5496534188493103
88c6e7f71b79fd65,2022-04-09,0,0.41178845377472745,0.42171273188070757,0.2732038461358157
9a8964b148cb5923,2022-04-09,1,0.23277042446371515,0.25708128845121764,0.4510220345632264
9e52a67410f2c879,2022-04-09,1,0.5324675324675325,0.5490595632217827,0.6037665102380328
dc0ab34f1952cb48,2022-04-09,1,0.8209718670076727,0.8449380379002203,0.8932951019240533
0987b3f785e26d1c,2022-04-16,1,0.447405997144217,0.45339686538746893,0.32165731541376774
0daf776bd222daad,2022-04-16,0,0.6755725190839694,0.70449793616638,0.5599634545649016
1ceab8fa45996f51,2022-04-16,0,0.28085991678224687,0.2441869523028108,0.5052654641780232
4f6e7159e77d4215,2022-04-16,1,0.8259833134684148,0.8183751997400907,0.8997328668348239
559031e51ced0b53,2022-04-16,1,0.6507042253521127,0.6320122166710476,0.5746713335873299
6d4b6224f26572f9,2022-04-16,0,0.6211096075778079,0.5812456484304259,0.584697258423462
74c58b9d638c5eaa,2022-04-16,1,0.8178217821782179,0.7903177172876288,0.7120533841830369
7c5fc3fc7be4a997,2022-04-16,0,0.6211096075778079,0.564011690965249,0.7197296539221545
a0a120c50d93f70a,2022-04-16,1,0.4782608695652174,0.5136067836897698,0.5
b09f8cd4cbd7ba56,2022-04-16,1,0.6301020408163266,0.6423280833627927,0.3900677806722838
c20e6697335c3b3d,2022-04-16,0,0.19708316909735907,0.20786891601457216,0.4691541362121844
eac46cfead228e11,2022-04-16,1,0.447405997144217,0.4520929349492249,0.6041781026902384
173d576e6247a88a,2022-04-23,0,0.4891657638136511,0.5380071515098995,0.6029937658352582
3a3ac7b3987f6799,2022-04-23,0,0.3295622233152976,0.32994350169817127,0.46096977277264534
6017351e164dbca3,2022-04-23,0,0.46753246753246747,0.47976113689281685,0.5847968975995127
6a4ba72b084193b5,2022-04-23,0,0.5324675324675325,0.522444391214314,0.6269949806065684
7cf7960c6ccb5fa1,2022-04-23,0,0.8524590163934428,0.8722497594815675,0.5245579186581162
926977ec3ed0ebe1,2022-04-23,1,0.6636481241914618,0.6733260701125964,0.39341334566060115
992e84bf59837e21,2022-04-23,0,0.3418803418803419,0.32375350974879996,0.2959380562330883
9b8a82276f06829f,2022-04-23,0,0.46753246753246747,0.4526606572719452,0.46945198034512475
a45d4327bc82bc28,2022-04-23,1,0.6211096075778079,0.6516069521426979,0.5793610155693909
e4d946470fd150fe,2022-04-23,1,0.5798319327731092,0.5702023292866498,0.43655216169887934
e8c57c6259193466,2022-04-23,1,0.8259833134684148,0.8446627963290553,0.8450077563251449
5ae5eb729c6bb169,2022-04-30,0,0.4891657638136511,0.5008763966954318,0.645656696864299
5b731da9e4be4391,2022-04-30,1,0.5108342361863488,0.49035240417140064,0.4352718224409988
632c2d4ed12f2bdf,2022-04-30,0,0.6912521440823327,0.64538012194149,0.8401125500207473
6b956992204ec040,2022-04-30,1,0.6428571428571429,0.6604203879308792,0.5302172583250578
760e3f292b834637,2022-04-30,1,0.6040343668285393,0.5880104743637028,0.5601687032644997
7c8701bb78cb4de8,2022-04-30,0,0.3418803418803419,0.33660116112663035,0.22055886330148905
7e4b7a70838e5ba4,2022-04-30,0,0.5324675324675325,0.5606921031991472,0.44911113337217795
80cf37627a129145,2022-04-30,0,0.6428571428571429,0.6590826282426875,0.5234228564262204
9217ecc287ac482d,2022-04-30,1,0.6704377766847024,0.7093233684089006,0.42738672182126847
d2484d74f819d813,2022-04-30,1,0.9128630705394191,0.9203190308021866,0.9354685696922334
eb277b5ea2a19124,2022-04-30,1,0.5,0.5263332330272112,0.7349242405648769
397dd9a8694ef413,2022-05-07,1,0.7880184331797234,0.7763979996319078,0.5835884576941617
430309e0f8a315d5,2022-05-07,1,0.4891657638136511,0.45561745931399705,0.34208769360425595
60d9d50b763adc62,2022-05-07,1,0.5324675324675325,0.5576590865453847,0.5566207729365703
6a902b97ac98c283,2022-05-07,1,0.4572564612326044,0.4646739470304481,0.6470056566981135
7d4e49d8a6678157,2022-05-07,1,0.5427435387673957,0.5764551623377381,0.6036073716120167
80ac36a9dbc4b1a1,2022-05-07,1,0.6912521440823327,0.7118776803596214,0.6671113316989735
8289033e03b4d9a3,2022-05-07,0,0.7619047619047619,0.7843664707292906,0.6703665304853643
8390441d93736719,2022-05-07,1,0.5108342361863488,0.551784526922837,0.5643881871628407
88455c967a7ef6fc,2022-05-07,0,0.3634123806590699,0.3157813443249537,0.438186609002513
9d61012a6020516e,2022-05-07,0,0.6704377766847024,0.6873574877658478,0.5201370390479786
a2ebb5f86eb64f22,2022-05-07,1,0.7421203438395415,0.7246802549829936,0.19086159595942445
c020ccbd7cdefb6e,2022-05-07,0,0.3087478559176673,0.32201648207815603,0.5564450880097676
fc4939b3c9071e66,2022-05-07,1,0.3418803418803419,0.3256492677706387,0.45006737737510105
ff6c8dab41efcc09,2022-05-07,1,0.5882115462252725,0.5997739407582923,0.4660420684879933
22f1133d02700bb2,2022-05-14,1,0.7272727272727274,0.7769401803115008,0.5
2fa88b72973478b6,2022-05-14,1,0.32442748091603046,0.3108483133506501,0.5598816477528168
43543a2c1c7a7135,2022-05-14,1,0.7104677060133631,0.7450527621416888,0.5059117270843425
5c281439d20184f1,2022-05-14,1,0.35714285714285715,0.34675551962560147,0.506387791209649
7e047b195135ef06,2022-05-14,1,0.447405997144217,0.4310284180942639,0.5848691260646431
8a1aa64eb1f17913,2022-05-14,1,0.5798319327731092,0.5688565667756174,0.3491864702583171
afed0bac5ce5a2f3,2022-05-14,0,0.7553516819571866,0.8059717937664844,0.6621279200485307
b3248692dfb954b2,2022-05-14,0,0.6507042253521127,0.6802635915939562,0.6355972936036587
e240d6f77747ec46,2022-05-14,0,0.447405997144217,0.4278447850566116,0.4266956753216849
f549164690d723bb,2022-05-14,1,0.6636481241914618,0.7199485864103496,0.48110913068676386
1b4d0c9e3c59b33b,2022-05-21,1,0.8209718670076727,0.8403884600060271,0.3451109346369942
3542f9f30926f364,2022-05-21,1,0.7054263565891473,0.7549420264009449,0.5107129328584656
4a789cdd5aaf4439,2022-05-21,0,0.36396181384248205,0.3370462780093787,0.596604989449016
5136dc566f46daf6,2022-05-21,1,0.43795620437956206,0.48967067916994234,0.459322624291895
534c07488396e124,2022-05-21,0,0.552594002855783,0.5844062038138705,0.5931563564765784
5d4fb748ad246269,2022-05-21,0,0.42888402625820565,0.3860647385773199,0.5922361149157505
5eaff5c832430378,2022-05-21,0,0.4572564612326044,0.44539031358197556,0.4626812803604082
7a2c841693b54dd7,2022-05-21,0,0.6581196581196581,0.6558124887914244,0.5652950662759794
bc7228d30ff5be46,2022-05-21,0,0.562043795620438,0.585774209751252,0.6466733633236422
cbdfb3c648d7bada,2022-05-21,1,0.6428571428571429,0.6946337200507409,0.6067094185776766
f682118709b4143e,2022-05-21,1,0.6818181818181818,0.626807204281592,0.5987986522494595
04e6198326be4857,2022-06-04,1,0.8467023172905528,0.822748982842402,0.7387356167693157
344d60564cd136ff,2022-06-04,0,0.6704377766847024,0.6739494309169544,0.7768193465341825
3aa49ed298e4c34f,2022-06-04,1,0.5324675324675325,0.6568808290115238,0.5811827382879917
43d7d4b67be48553,2022-06-04,0,0.46753246753246747,0.5296438994473766,0.4177153933769286
4f2501e804c84abe,2022-06-04,0,0.5108342361863488,0.5103879531435935,0.534719710894014
59b2bbb251968ca9,2022-06-04,1,0.7880184331797234,0.8271150917124487,0.5820683283883349
7a635063e5f1699b,2022-06-04,1,0.6115107913669064,0.6681902407474092,0.4389307726999969
7e20b0536fbbd560,2022-06-04,1,0.6211096075778079,0.605388582318441,0.6978948225940542
93969a7368dc2e14,2022-06-04,1,0.7011952191235059,0.6823141509070806,0.5511838662431444
a09447d185a62251,2022-06-04,1,0.7011952191235059,0.7303829125171323,0.6424623342673137
a679800d2e7c3be2,2022-06-04,1,0.6428571428571429,0.6414598320659668,0.5352721969969084
aacb47949a572f25,2022-06-04,0,0.23277042446371515,0.20454259409824652,0.255043686542003
e5e75d831670b401,2022-06-04,1,0.6115107913669064,0.6026463134581823,0.8093350404429663
ed32da52aff68944,2022-06-04,0,0.40372670807453415,0.37900692741380515,0.289286316286655
029f5c36820fdc09,2022-06-11,1,0.5217391304347826,0.5976304759784102,0.5719607751637301
049ad6d87b42eba8,2022-06-11,1,0.8259833134684148,0.840753434027854,0.867783316511922
4305cb30533dac77,2022-06-11,1,0.5962732919254659,0.574170262692592,0.21556359009932538
4a116a55ffaa0d64,2022-06-11,1,0.35714285714285715,0.49249505042858566,0.5202564673948638
50eed57ea1390e16,2022-06-11,1,0.7104677060133631,0.7028803582108746,0.6437561752310681
c94b153951be7590,2022-06-11,0,0.6636481241914618,0.664720041429833,0.45471134975833144
d7a7ba46c4f075d7,2022-06-11,0,0.4782608695652174,0.43599219312549004,0.3786061122357317
f115a91066a77ee7,2022-06-11,1,0.6301020408163266,0.6269021911029193,0.3953102359843279
fd49f89b9d97566b,2022-06-11,0,0.33635187580853815,0.3717949734077151,0.6153874941865148
11e83902f5b8ff63,2022-06-18,1,0.32721864154685176,0.3038556242394723,0.530082350903451
1378fc2be3819b2b,2022-06-18,1,0.7421289355322339,0.760796946283189,0.6934056105187141
1bc662949337a8c4,2022-06-18,0,0.2540415704387991,0.217296177597586,0.38492418285941826
20cefe64f4b28be8,2022-06-18,1,0.7388632872503841,0.7538848641524121,0.6459038610893798
2c7c7648e847f2e5,2022-06-18,0,0.6979865771812079,0.6829786159426999,0.6171662263399776
4e6218b6b892b017,2022-06-18,1,0.6727813584531482,0.6889765126175028,0.6977675340469466
5095f6290670009d,2022-06-18,0,0.3932993445010925,0.46167089610109374,0.4727117557684458
5b5d7f7ae712c6d8,2022-06-18,1,0.28831562974203334,0.3093647020486141,0.4586076434059519
6e559181bfbc77e1,2022-06-18,0,0.7116843702579665,0.7307614338597338,0.5244546025694927
897d9e21c59d0633,2022-06-18,1,0.6888888888888889,0.6790106170102621,0.7803758285346664
8b5c760f34daafe0,2022-06-18,0,0.14285714285714285,0.1198997010714409,0.23368032134593358
9a92d376fba2379d,2022-06-18,0,0.46753246753246747,0.506158003260061,0.3605756831472449
e8a5e53ffd33c0f9,2022-06-18,1,0.3158617532616159,0.3378617161363549,0.5482700736599209
029a12d36a4687e1,2022-06-25,1,0.6792452830188679,0.6950703674770982,0.5803708644909025
1f5f59924b59408b,2022-06-25,0,0.6792452830188679,0.711842445530815,0.6306286765117928
21f79cd40513d075,2022-06-25,1,0.3510791366906475,0.40226310589583336,0.5353113752980357
24a9fc95a3112f51,2022-06-25,0,0.35714285714285715,0.36534735260224555,0.5029923219233546
28bd070f7ab0a0b9,2022-06-25,0,0.12844036697247704,0.10466158743365632,0.5497996635191691
28be3fbe5c377380,2022-06-25,1,0.41178845377472745,0.4334320186798262,0.44801893366757123
2c73bf152247f25a,2022-06-25,1,0.320754716981132,0.2713753695416967,0.5696850311261716
3c98739eb42f96bf,2022-06-25,0,0.2146439317953861,0.22354114160388502,0.4806899831400735
3f38100fd8dae286,2022-06-25,1,0.5108342361863488,0.5211521969186175,0.8306369455635206
8cc43d79b61efc25,2022-06-25,0,0.5324675324675325,0.6349241349261993,0.3554088458846643
a457331c27bce6d5,2022-06-25,0,0.3932993445010925,0.3822836627798368,0.5755109736108274
c57c8e22a3e8dde2,2022-06-25,1,0.552594002855783,0.5430179442460582,0.5906329977603495
0308bcdd00cc72e2,2022-07-02,0,0.5324675324675325,0.5568620986074851,0.8243936417717972
0e2c7ec02a095813,2022-07-02,0,0.5882115462252725,0.5986283797442213,0.7761342469745943
12a33d16e1d4e2d9,2022-07-02,0,0.4782608695652174,0.5077432992104725,0.5661506110512419
1c85003f6ec59c9d,2022-07-02,0,0.2679147837314396,0.2592850214149619,0.28831704082478615
4047e98132306cd5,2022-07-02,1,0.6211096075778079,0.6565981179470184,0.793116548098641
459bc7c0b47719c3,2022-07-02,1,0.6301020408163266,0.6723296770005988,0.39057981872926495
57775c8af89007c7,2022-07-02,0,0.3932993445010925,0.3873945862724107,0.6520649659239685
98411542ca0e847d,2022-07-02,0,0.42016806722689076,0.40652819978497884,0.6109213334800344
99ac96bb67e5c5e4,2022-07-02,0,0.2509516424644015,0.22321122818878322,0.39413241075855937
a7eaf7b101166d3e,2022-07-02,1,0.814385150812065,0.8565497802349454,0.8565731406301179
04e1ff7aeda2a018,2022-07-09,1,0.41178845377472745,0.3766064450825699,0.6268243135740024
478bc7d1288e043e,2022-07-09,1,0.5882115462252725,0.8276090660195955,0.5193962045715477
6c60e58f8e9e7a4c,2022-07-09,1,0.6888888888888889,0.732688995363673,0.38248417885044345
81cbb709dedc914d,2022-07-09,1,0.6211096075778079,0.6318267318689925,0.40383249717390896
a103b30f6898de7e,2022-07-09,0,0.32721864154685176,0.3433644137627608,0.6673722328641306
a652918360fe9a72,2022-07-09,1,0.8515283842794761,0.8290410688808617,0.5542650525195584
bba6cc8760da34ab,2022-07-09,0,0.20140105078809104,0.18921870727608683,0.43268598807378555
be69cbf1f1671c8e,2022-07-09,0,0.3452115812917595,0.37163877401769135,0.6399622303706719
c58b3223b5caa18a,2022-07-09,1,0.32721864154685176,0.27586489861937274,0.3429574807361475
cd63b4144a45b611,2022-07-09,0,0.6727813584531482,0.7047768902870081,0.6504811552877101
fb3f5a65da9f2ac7,2022-07-09,0,0.5217391304347826,0.4974630448284806,0.533085672099007
4965d8eab468b839,2022-07-16,1,0.3510791366906475,0.32896362990549527,0.4059582569051421
4dd2bcd2b025204e,2022-07-16,1,0.6547884187082406,0.6567667233267618,0.47320034231950997
74b8a36293758342,2022-07-16,1,0.3932993445010925,0.3770138725702907,0.5713920533289112
7503d5c892f238fb,2022-07-16,0,0.6365876193409301,0.605729060315397,0.692243415726695
8e4024cb49c963f2,2022-07-16,1,0.30201342281879184,0.33346925859675025,0.5663879952538586
9f3326195672c2b9,2022-07-16,0,0.447405997144217,0.4267256816059545,0.7495202128540545
a5d2f0fed3ce2899,2022-07-16,1,0.46753246753246747,0.4945009230534566,0.5854655309196327
b1af3bd0f8266a90,2022-07-16,0,0.3932993445010925,0.37015772903189215,0.6426116771502671
d439374c1fc95581,2022-07-16,1,0.6140350877192983,0.5835088010315377,0.6782688723669913
dd456668731bd52a,2022-07-16,1,0.41178845377472745,0.40191922695080845,0.28148955481449683
e57bfadb506e4f51,2022-07-16,0,0.2679147837314396,0.3126515937945928,0.3809408276276996
ebefe958473b3843,2022-07-16,1,0.6888888888888889,0.6659834339089113,0.6095094916237707
1c84dafe38694c05,2022-07-23,0,0.33953112368633787,0.35606515415759304,0.6592767388402365
1ff520024da5b3b2,2022-07-23,1,0.6428571428571429,0.7147455725610543,0.337968164235273
2dbf9d8d6915711e,2022-07-23,1,0.8064516129032259,0.8141450866262107,0.6680205965544228
3d35f25d9792a69a,2022-07-23,0,0.42016806722689076,0.42385552537032856,0.5068510209987194
47b1cd4e3e2595f8,2022-07-23,0,0.42888402625820565,0.4412037752374803,0.49036091132552934
8e02bdaac8ed50e5,2022-07-23,1,0.7076023391812865,0.6737687234163501,0.4292243840348128
925a36a4af600291,2022-07-23,1,0.5,0.5597211207710445,0.2910732068791656
a1029686c3f1bead,2022-07-23,1,0.7156573116691285,0.7059201795438951,0.6650942570189939
a57969d4ba7d4a79,2022-07-23,1,0.7942689199118296,0.8104703756501367,0.7970029443506215
b0d06858fb725654,2022-07-23,0,0.7807933194154488,0.7988386535741082,0.7681820769696879
d0fb381cacbb0446,2022-07-23,1,0.41178845377472745,0.47409845343532153,0.5386885344874016
dd6dbe644f599795,2022-07-23,1,0.7853560682046137,0.8259979937834693,0.5952571600033222
e600b78e5a652dc0,2022-07-23,0,0.5,0.5300951611592183,0.6469875869691527
f6fd50bf69bb59e6,2022-07-23,1,0.8180815876515986,0.8362536574313628,0.7296511447662144
0366e183296fea07,2022-07-30,1,0.5217391304347826,0.5770506949666359,0.6260447943766495
058c2724dec1add1,2022-07-30,1,0.8279205041202131,0.8611536524075909,0.660825896108029
189b9af881b96de6,2022-07-30,1,0.6428571428571429,0.626480133928243,0.7271030122170117
1ed550f094ca7745,2022-07-30,1,0.562043795620438,0.5301679061147944,0.6320709839104951
52f87252af59e23b,2022-07-30,0,0.41178845377472745,0.4381587537374018,0.7078745409943874
579b5770129b328a,2022-07-30,1,0.3698979591836735,0.489729564980533,0.6237091048118276
5a1ce88ec1f75160,2022-07-30,1,0.6547884187082406,0.6922826231053146,0.586723959221998
66f7bb31d24b3b36,2022-07-30,1,0.6489208633093525,0.6874073377194072,0.3709720637607637
72c3e5eacde4f0e5,2022-07-30,0,0.3158617532616159,0.37316772705842355,0.32741174534534717
81a18de517a3336a,2022-07-30,1,0.5990922844175492,0.5966954154501889,0.553975365990173
96b62bd56b252bab,2022-07-30,1,0.6365876193409301,0.628557463815543,0.5680901868917761
e492dc60d8e44866,2022-07-30,1,0.8250000000000002,0.8376360307510895,0.7116354473427716
044d210d7b1eb519,2022-08-06,0,0.2679147837314396,0.22380837884988564,0.4857299804840132
2b11aa4b90b1dd41,2022-08-06,0,0.43795620437956206,0.46486945093967863,0.5
36f38c2534ef646b,2022-08-06,1,0.28831562974203334,0.3286479661682937,0.5
4adef20ce69217be,2022-08-06,1,0.7388632872503841,0.8104302335464022,0.6812520851291658
a274ed04c36d40d4,2022-08-06,1,0.4782608695652174,0.48098961485326236,0.402809002672396
a6b328733d610e2b,2022-08-06,0,0.6547884187082406,0.6566384083752344,0.6469692471561226
a8bc6e005077bb0b,2022-08-06,0,0.2644836272040303,0.2855616557261526,0.4983266776477993
b5274277ef6707c9,2022-08-06,1,0.6365876193409301,0.5808563267950244,0.621599442408336
b530bb13aac1e48b,2022-08-06,1,0.8715596330275227,0.8708903200315812,0.7883428945464128
eda397c27787afa4,2022-08-06,0,0.15518546555639667,0.17483502411767834,0.2555531597662958
0823f97be9c3a62e,2022-08-13,0,0.7942689199118296,0.8216087444858913,0.6489382851772674
11cc331fa40ede63,2022-08-13,1,0.6675191815856777,0.661994672650903,0.26273578278945997
38b6ef176439c39b,2022-08-13,0,0.7204034684126703,0.7088034325403091,0.44078911096484014
5f31f3e32669f5b9,2022-08-13,1,0.25787106446776614,0.23154265209140568,0.40046762110808737
7f9a331bc3100afd,2022-08-13,0,0.2758620689655172,0.24382677419196488,0.541750566615816
833d67f423315d18,2022-08-13,1,0.6547884187082406,0.6775181920532327,0.5
8986373b4a6e90b6,2022-08-13,0,0.6301020408163266,0.6391250307361778,0.6913374921769041
b96c8fef6c9f92db,2022-08-13,1,0.7277768442278608,0.721299581810103,0.6437529898397104
d19e010f071a4b45,2022-08-13,0,0.42016806722689076,0.41313141571388146,0.4566416273758219
efd7efba85092c6f,2022-08-13,1,0.2540415704387991,0.25674747162474854,0.4981828039034686
f858f91453555291,2022-08-13,1,0.7555791710945804,0.7459033201594769,0.6813506211235423
0cf7a4593fd44e59,2022-08-20,0,0.29239766081871343,0.28661119917503375,0.6270937651719894
2ac3ce1f62b3c4b9,2022-08-20,0,0.41178845377472745,0.37508893381040975,0.6421352383852839
2cd9e3796be57a79,2022-08-20,0,0.42888402625820565,0.45382538276310147,0.4372104496777121
2de6652160cc7b9f,2022-08-20,1,0.7421289355322339,0.7384046973127436,0.6283970297345104
4dac5258f22be059,2022-08-20,0,0.5990922844175492,0.6053313679815565,0.49885667888839974
5abcf9f282983acc,2022-08-20,1,0.8623188405797101,0.8714191186507292,0.8193826440635804
6b9f82291930bfec,2022-08-20,1,0.8064516129032259,0.8169154937689742,0.7294777768425119
d497d74a0df9e35e,2022-08-20,1,0.5324675324675325,0.4874539713136698,0.5501653499400486
e0b98f3cf4a7cc3b,2022-08-20,1,0.2644836272040303,0.23809770745754263,0.39742313055141415
f70c817388602681,2022-08-20,0,0.7320852162685604,0.7316310168285919,0.8537649064729734
1a191251620a84ca,2022-09-03,0,0.4891657638136511,0.45837552125902514,0.7122346854450945
20f316f96c9e4458,2022-09-03,1,0.6888888888888889,0.6890254038414213,0.565393791428613
398db40015b3c81c,2022-09-03,1,0.6604688763136621,0.7009519864579907,0.5
3e2f00991f511607,2022-09-03,1,0.7241379310344829,0.7430413200172391,0.517356329006703
7bced112f3229b1b,2022-09-03,0,0.32721864154685176,0.34702594836521367,0.5827645307312405
810c9da07970c4a6,2022-09-03,1,0.7985989492119089,0.8318168088264413,0.785324591309603
acc9a109b00a99e1,2022-09-03,0,0.5798319327731092,0.6346203622227429,0.33905917394938084
b8ca1acdf3dc2f58,2022-09-03,1,0.6547884187082406,0.6436085504098196,0.6121384984725073
ca7fd237c16cec84,2022-09-03,0,0.5324675324675325,0.5105594395872173,0.4214114971845644
ce62a50e97d497f9,2022-09-03,1,0.6979865771812079,0.6567295306061167,0.5712260483263492
cf9035f2fc2e232f,2022-09-03,1,0.7204034684126703,0.7317393277805747,0.6469072124728035
fd47032108b85cf0,2022-09-03,1,0.3452115812917595,0.3361519446688234,0.5815542753126477
0111e6a64b5184c6,2022-09-10,1,0.8216159496327387,0.8104502321603541,0.723211098508826
0e6d624086f7952e,2022-09-10,0,0.6604688763136621,0.7454030828710234,0.6980966550172859
301f230c90c4bd7d,2022-09-10,1,0.8339277753009363,0.8506653823322198,0.6871167089244385
6010f681e54ba2cd,2022-09-10,0,0.37889039242219213,0.3705520670403033,0.6110891142985398
77acb96700e89c92,2022-09-10,1,0.4572564612326044,0.4898338509552802,0.5011692712863469
7e8fd03e070d0c25,2022-09-10,1,0.42016806722689076,0.4498627992653738,0.42324364805086323
86d57e8ef2191316,2022-09-10,0,0.5217391304347826,0.5337008615364867,0.5573482150069682
989b8d362742f40b,2022-09-10,1,0.6365876193409301,0.5857968002098329,0.46053502808945534
a5cf273faa3982b7,2022-09-10,0,0.6140350877192983,0.6503945963994033,0.5896294959729138
bf334cb4e63f3430,2022-09-10,0,0.814385150812065,0.847544879576724,0.5289976184221978
d3e23d7d207d3ccf,2022-09-10,0,0.3932993445010925,0.422411517436613,0.38295353340810484
d869eaea38426f06,2022-09-10,1,0.37889039242219213,0.4436107592971764,0.5334861908905715
db3e26d02d790c97,2022-09-10,1,0.7555791710945804,0.7763149594059604,0.6690689506799187
160c17b8fcb0e2a1,2022-09-17,1,0.8105134474327628,0.8414262779968029,0.8562137016723612
35d06627d91b840d,2022-09-17,1,0.22437307523097227,0.22799135124747638,0.36524087595446697
3cbd3565dd631cc4,2022-09-17,0,0.6211096075778079,0.6888491559672867,0.5324809294875619
46b9acec12a35d37,2022-09-17,1,0.6489208633093525,0.625880818774273,0.8260222342530478
8a044e5400b4318f,2022-09-17,1,0.5798319327731092,0.6157087229730617,0.5449923969309471
adb78db5ba8ccc0f,2022-09-17,1,0.552594002855783,0.5560855127040543,0.4642731954978325
bd06f1c2d7e6c4a0,2022-09-17,0,0.5427435387673957,0.60089744938976,0.43984591319075395
be73f75b52b06f14,2022-09-17,0,0.40090771558245086,0.34809643580235905,0.45100551581760684
ce5ebaf8caf8c4a7,2022-09-17,1,0.6604688763136621,0.7296040624294625,0.40872551663164325
d9f5d05b07bae09e,2022-09-17,0,0.41178845377472745,0.37341011850817424,0.41316454168000866
df370b97ea49e6b4,2022-09-17,1,0.6489208633093525,0.6498355052993801,0.49659251266528465
ec0740be19b2ef90,2022-09-17,0,0.35714285714285715,0.4002414330780651,0.534000623888119
f521ecde1e96a1bd,2022-09-17,1,0.33953112368633787,0.33593012007764494,0.3959643151003692
1aedd959f1523a27,2022-10-01,1,0.8795811518324608,0.8850010289291542,0.8593454504447239
330506571d2778b1,2022-10-01,1,0.6301020408163266,0.6240826446085387,0.4524658000552428
63f6af6d5f7b82ad,2022-10-01,0,0.6211096075778079,0.5750640962061231,0.6563952357821579
6c79db79da9ae874,2022-10-01,1,0.28831562974203334,0.32235854592770136,0.5187241233070117
7d0d2cecab358ba1,2022-10-01,1,0.7388632872503841,0.7658561330449855,0.5634448805678847
8c9ff13791378784,2022-10-01,0,0.5324675324675325,0.5699593692983768,0.3569839737388611
a73e33dfce8fcfd8,2022-10-01,1,0.6979865771812079,0.6869531230724125,0.5618539919967356
ad59e2de1ab5c8d2,2022-10-01,0,0.5324675324675325,0.5127206248835675,0.45159681439783206
d33814971932422a,2022-10-01,0,0.6979865771812079,0.7776779667682998,0.4816302232591318
de93fda66d203c26,2022-10-01,1,0.6365876193409301,0.6496841950052012,0.5377774565709478
ecc56a86a1eead9d,2022-10-01,1,0.562043795620438,0.513422510959065,0.6847487076083763
1af23e7aa71a1d17,2022-10-15,0,0.33248081841432225,0.31828547078422403,0.6892372418005224
59695aae245cca73,2022-10-15,0,0.3698979591836735,0.38839511639044316,0.44848278749758597
60bd4d2878c85f70,2022-10-15,1,0.6211096075778079,0.6618527390579916,0.6034888274938406
759c55755d70f7ba,2022-10-15,0,0.33248081841432225,0.31514181814083086,0.5275656176270866
8252a314c778b8e6,2022-10-15,1,0.5711159737417942,0.6018076008776052,0.7021004595786293
84b04e8d6b251c54,2022-10-15,0,0.1606217616580311,0.15973276715292098,0.6774459821338732
860050f211b44d10,2022-10-15,0,0.562043795620438,0.5842373905325428,0.527521633545124
904cf687d22bb486,2022-10-15,1,0.6547884187082406,0.6810642275334949,0.43292832596644115
96d4fe315722d1c1,2022-10-15,1,0.2146439317953861,0.1992454926220528,0.581788279351705
b4bbc1b7efa770f5,2022-10-15,1,0.7644749754661432,0.7288856043006622,0.586592043931111
fac560495e61d34c,2022-10-15,1,0.7076023391812865,0.7545936666567088,0.6666405254022447
1b204fc28bb023e6,2022-10-22,1,0.6604688763136621,0.6690480262070202,0.7169529302885513
1e8c33b1917fe1b7,2022-10-22,1,0.8866213151927438,0.9057948580608329,0.6807499065416213
1f0d4572e0facbea,2022-10-22,1,0.6211096075778079,0.6964687327582303,0.5837300722245286
2d36e2c10ee349fe,2022-10-22,0,0.3452115812917595,0.37394423690946005,0.3830037222408684
4011cdf1f182804c,2022-10-22,1,0.7807933194154488,0.7964416524957423,0.6181555573629222
523815acf1bb2420,2022-10-22,0,0.3510791366906475,0.316303202368204,0.511657246562766
5c3c4bcc6c746ca0,2022-10-22,0,0.7156573116691285,0.7227693874580887,0.7322030216551224
69f39e5d959311b1,2022-10-22,1,0.3111111111111111,0.3207722488131396,0.6401297401000834
cea6760d7bfbe19b,2022-10-22,1,0.562043795620438,0.5597938940296053,0.522796514639113
d325a1483d78ae75,2022-10-22,1,0.447405997144217,0.47282067273426015,0.4885144880934484
f4d8266a42a41dff,2022-10-22,0,0.3698979591836735,0.34557025284285176,0.6402711259558005
44abbf6b947be6de,2022-10-29,1,0.41178845377472745,0.35542016066892845,0.5504497201336931
5b6bdaf89e493674,2022-10-29,1,0.6547884187082406,0.6688669138175406,0.7353090037112784
5dcba156bd13e0c3,2022-10-29,0,0.320754716981132,0.3117054912593526,0.6375819108060063
6a7db3750822d7be,2022-10-29,0,0.5882115462252725,0.598605902172375,0.5922571998469929
86dff1593d8b9a1f,2022-10-29,0,0.7355163727959698,0.7508621002562006,0.6159683883674736
98b7dd0ddc52cffb,2022-10-29,0,0.6140350877192983,0.6352516656576409,0.7732647616191222
a554a72bb0377213,2022-10-29,0,0.46753246753246747,0.4480188208782389,0.24029540921588421
bf59d9f8bd9536f3,2022-10-29,0,0.3698979591836735,0.39330816378346006,0.5843579399197958
d6d141afdd31c3f1,2022-10-29,0,0.35714285714285715,0.4006295926554464,0.2507155527030146
f32d918ee06cb83b,2022-10-29,0,0.6211096075778079,0.6040136607164888,0.6034605820963236
fdb9d29cf0edc16a,2022-10-29,1,0.7807933194154488,0.8226770684481831,0.39813682094205327
1535fb6549fa8bab,2022-11-05,1,0.6428571428571429,0.6919131574135489,0.6194518076290597
2664805fde34fb1b,2022-11-05,0,0.22437307523097227,0.2375083548487634,0.4637898236421047
2ab395e21080b10a,2022-11-05,1,0.7584415584415586,0.7708286284511345,0.6191334271923866
31cb98ce37fd87dd,2022-11-05,0,0.2976554536187564,0.26061233132440126,0.5082705042840262
3adecfc4727a8d73,2022-11-05,1,0.6841382467383841,0.7369516648719404,0.37922976440113415
5475f5b6bad40989,2022-11-05,1,0.5711159737417942,0.6061732998049069,0.6070776547643211
71afa8354da2491e,2022-11-05,1,0.8623188405797101,0.8871554344838555,0.7087857074502921
abfc03893551ae73,2022-11-05,0,0.6841382467383841,0.7338009563135912,0.765270011380277
b279559f15ecf29b,2022-11-05,1,0.5108342361863488,0.5794504335263602,0.4498158367710598
b87ac039e3b13940,2022-11-05,1,0.5324675324675325,0.5760695844502133,0.5974009402295609
cfca30d3ef3c86b9,2022-11-05,0,0.2976554536187564,0.27950880214840823,0.5691271589593706
04f32bb0c0d3a8cc,2022-11-12,0,0.6547884187082406,0.6800440399649114,0.8489082684776625
09afa6ce4747a1a2,2022-11-12,0,0.3111111111111111,0.3471402614178942,0.5523584742805476
1f922cfe6178e830,2022-11-12,0,0.46753246753246747,0.4981335355518061,0.4189133922138533
40707ddc9fdea500,2022-11-12,1,0.40090771558245086,0.39401765873077776,0.543646505875939
65ce9335b93d9c57,2022-11-12,1,0.6140350877192983,0.6301311421234724,0.7620436138086712
6f22afbc5f8e0bd3,2022-11-12,0,0.6365876193409301,0.6270052253274913,0.6566700265878201
77c78d0a71b10692,2022-11-12,1,0.5882115462252725,0.5272063188777438,0.5198505536562105
7f93b2f38497caec,2022-11-12,1,0.3698979591836735,0.3920823323286552,0.6370096752716286
93da91272d4a7ce3,2022-11-12,1,0.7807933194154488,0.8157738680722143,0.7654988469040457
bee95769a221af9a,2022-11-12,0,0.35714285714285715,0.4162523889855856,0.48056352285917436
db026ff6eee4d174,2022-11-12,1,0.552594002855783,0.5743509830906515,0.3775025699737761
ff2e4b411f695017,2022-11-12,1,0.5,0.5146186566863845,0.7833405516669854
0f2983fe7753403f,2022-11-19,1,0.6365876193409301,0.6429469803546416,0.5937632569050443
110f539523a4b571,2022-11-19,0,0.33248081841432225,0.28590276523728003,0.22069267113083257
144443d4dbf43990,2022-11-19,1,0.42016806722689076,0.44049548830508867,0.4443102101658261
33719a2d9c69ed17,2022-11-19,1,0.5990922844175492,0.5631460710092969,0.664507952700269
594435375d641f63,2022-11-19,0,0.3859649122807018,0.3683158430151736,0.37131146319950575
a3696c847ef6c7f9,2022-11-19,1,0.6140350877192983,0.6191960016667128,0.5149714365125709
b4cfb34e8224fd77,2022-11-19,1,0.5990922844175492,0.6309634015851829,0.5856534859360267
bd064deb3494b41a,2022-11-19,1,0.5,0.4002807878463966,0.5384210744723623
c317f85a8266313e,2022-11-19,0,0.4891657638136511,0.47210272333229847,0.27687413175504405
c33257dd0605c7de,2022-11-19,1,0.6365876193409301,0.6368354542466046,0.5453490745186477
d0c01840c72429c6,2022-11-19,1,0.8422090729783039,0.831977914661217,0.7211177570583318
0c9faf26efe2cdcc,2022-12-03,1,0.4572564612326044,0.42253205626339596,0.33803963340330845
1114cd1515cf3b8f,2022-12-03,0,0.41178845377472745,0.3935730283970404,0.29815345329687826
2cec230248d7eb97,2022-12-03,1,0.7520661157024794,0.7723138792978409,0.8668521359900734
30abc50a2e71c576,2022-12-03,1,0.6792452830188679,0.697732728188397,0.5089058643254148
5a8f7afc5ea69537,2022-12-03,1,0.7697368421052633,0.8038096691491452,0.7990362863646489
7bd6969c4ed979f9,2022-12-03,1,0.32721864154685176,0.3443028489979013,0.5261345505896982
7fbf09533c59e43f,2022-12-03,0,0.5217391304347826,0.49429330191500176,0.6080720696952531
92c1d9a6d313cb0c,2022-12-03,1,0.2355250245338567,0.2127830529758638,0.42541084674291485
972e17c1b98fca06,2022-12-03,0,0.37889039242219213,0.34121369444043853,0.4055498433941325
a419e6df765aa755,2022-12-03,1,0.3932993445010925,0.3482806258239164,0.5645065354983517
a71764d5da04e3bc,2022-12-03,0,0.6675191815856777,0.6729413564316222,0.6096893337471939
be977e524ef56aa4,2022-12-03,0,0.19354838709677422,0.1887899408373213,0.49252987259419995
ca0f0a35a1fcb453,2022-12-03,1,0.32721864154685176,0.3222719283202665,0.5427586832296174
f17813d03fcd8e7a,2022-12-03,0,0.21920668058455117,0.217151185891397,0.2972160175957305
11f65de5348e4bc4,2022-12-10,1,0.5882115462252725,0.5859458491366047,0.4194897030004434
144cd3f62591a5fb,2022-12-10,1,0.6979865771812079,0.7035103040795941,0.4409216550896349
1779cc4ae925df01,2022-12-10,1,0.5990922844175492,0.6606146940395794,0.5370549743124555
2d9d966e0e8df232,2022-12-10,1,0.5217391304347826,0.5101468302132249,0.3801298928365058
4e9d76ed54f1f352,2022-12-10,1,0.7320852162685604,0.7428693477689862,0.7826603362472306
5bc31abb5842942a,2022-12-10,1,0.7156573116691285,0.7619185761024981,0.5
a1a5d06b0e7ada62,2022-12-10,1,0.5990922844175492,0.5893696655470481,0.422268435641933
a346180c8b109469,2022-12-10,1,0.3932993445010925,0.33242678151840654,0.732637907579214
ecab8b8b36727b8d,2022-12-10,0,0.3634123806590699,0.38212362632408525,0.33401788276333827
fd7421f421e802bd,2022-12-10,1,0.7116843702579665,0.7439285758019921,0.6963573148438975
4ea48bf2407b405d,2022-12-17,1,0.5108342361863488,0.5387496011534166,0.33855284144438286
5f4e944ff1bdcd9c,2022-12-17,0,0.7277768442278608,0.8274054888552085,0.6858422676358246
8f00da6ea8186ce2,2022-12-17,0,0.41178845377472745,0.37696929886554087,0.68089845944027
9c1a2ac64c98d2f6,2022-12-17,1,0.3932993445010925,0.3857671235507753,0.46295933408061124
c960184a583f1861,2022-12-17,0,0.6301020408163266,0.619685314992132,0.6535149159467435
ccb7e2851319345d,2022-12-17,1,0.7320852162685604,0.7411468627428062,0.6638840400266763
ce7744d45a698aa6,2022-12-17,1,0.6428571428571429,0.6815675921976275,0.29647228097741585
d95eeba3de7ecac5,2022-12-17,1,0.7807933194154488,0.7616665168700515,0.7746451872082768
e0444752d18fda7f,2022-12-17,0,0.3158617532616159,0.37423628503248413,0.3920703709004931
ed6203e849a2bf28,2022-12-17,1,0.5,0.4564317110003164,0.6046574615211399
efc64d8aae5628c9,2022-12-17,1,0.5990922844175492,0.6136588994974358,0.31735072560314637
f87a7812733f7e8f,2022-12-17,0,0.3510791366906475,0.3895043786756422,0.6198884091546933
5305049e4215d263,2023-01-14,0,0.4891657638136511,0.5660573710445101,0.5076988626055358
5a2fa552e70958d4,2023-01-14,1,0.7697368421052633,0.7783285007803814,0.7853691818486874
622cc4ef46913020,2023-01-14,0,0.5798319327731092,0.6298252200638009,0.5597718862006678
76b6058cddda9238,2023-01-14,1,0.8623188405797101,0.8638929979233619,0.5
868c83e734dbbceb,2023-01-14,1,0.447405997144217,0.4388431378743216,0.6714000139955996
9f09e77e46f15766,2023-01-14,1,0.8064516129032259,0.8077413056070641,0.42943141813698515
a4c7d59d340794c0,2023-01-14,1,0.8795811518324608,0.9105465824308501,0.6585327854427039
b6723b9c6ff4d594,2023-01-14,1,0.7555791710945804,0.7855064854655807,0.33402537434591006
c88a7dbe7717d2da,2023-01-14,1,0.552594002855783,0.5382895180285983,0.38889897885224
c9144a294c73b06f,2023-01-14,1,0.7388632872503841,0.7541400653838054,0.41714189995284456
d4420be78065de03,2023-01-14,0,0.562043795620438,0.5545705954342766,0.6949804042032688
1c51f405e5c46572,2023-01-21,1,0.8027415580073554,0.7578573142354292,0.5346015690908168
1d35e4c0941d1397,2023-01-21,0,0.562043795620438,0.5358060667128307,0.3670169438693711
221982930283140,2023-01-21,0,0.1972584419926446,0.213432785607729,0.4397359790601523
2d1ac675e6c1e6ea,2023-01-21,0,0.3698979591836735,0.37661093704606047,0.5672696011123431
354dc211166a3982,2023-01-21,0,0.2415584415584415,0.33277050568189837,0.2394042686293322
5ad8aa57c8d69680,2023-01-21,0,0.7277768442278608,0.711207780313412,0.761850455936714
7ed9e8f3258446c7,2023-01-21,1,0.6140350877192983,0.7224084623242165,0.32396954159800545
8cdcdfb76d1670dd,2023-01-21,1,0.7584415584415586,0.7619737355665912,0.7016440116125989
911b73db91738da6,2023-01-21,1,0.5,0.6089855790320285,0.23467546297366376
a3ef3d05ddd80a94,2023-01-21,0,0.3634123806590699,0.3145500640534785,0.7429806918445724
dde7d29cc443e263,2023-01-21,0,0.42888402625820565,0.4527429509402896,0.5885588550848789
f09c3d8a26806761,2023-01-21,0,0.5427435387673957,0.5586860673396619,0.6590550203828563
fcf385ae75191b57,2023-01-21,1,0.814385150812065,0.8231382545638933,0.8438140068612294
fffdc57255274be1,2023-01-21,0,0.12454742939898623,0.13656298153723603,0.438868973361659
765482eb58e8db48,2023-02-04,1,0.6604688763136621,0.6916147686099875,0.5
7a1abc0230af730c,2023-02-04,0,0.7076023391812865,0.7248238425205492,0.5484968132558775
8741e6a3a5a22a7f,2023-02-04,1,0.5711159737417942,0.5960265326898819,0.6256444513644159
98094a500529d442,2023-02-04,0,0.33953112368633787,0.38046927417715853,0.5
983fab4080743ed0,2023-02-04,1,0.6428571428571429,0.7108597304477134,0.6458311234107887
a26ca06cce403ce2,2023-02-04,1,0.8928571428571429,0.9163077851773104,0.6896296832969095
a8067e65eb737a09,2023-02-04,0,0.17500000000000002,0.20318112304952682,0.5
b1b20c686dfe3204,2023-02-04,0,0.5882115462252725,0.6207689400639148,0.5
c63d8062c89c4c33,2023-02-04,0,0.7490483575355985,0.753628577074641,0.5830403944240026
caeeb398f73d213a,2023-02-04,0,0.2722231557721391,0.24497003186034158,0.6402344726559018
16dbe70eb7007f17,2023-02-11,0,0.24793388429752067,0.23516361721886386,0.6949084220449239
2208b9f471a201d9,2023-02-11,1,0.6211096075778079,0.6795103756834303,0.530323501263734
256894b49303537b,2023-02-11,1,0.7584415584415586,0.8008268475056817,0.2001300447673746
28af78600d6580f1,2023-02-11,1,0.7900763358778627,0.8102527758160686,0.5494964142726393
4f672dd40867d8c6,2023-02-11,1,0.7388632872503841,0.7357620829724213,0.4622338746131614
51a12878b151d67b,2023-02-11,1,0.7490483575355985,0.7917458977233923,0.5268157012779988
8b7bc2af1e15b668,2023-02-11,1,0.5,0.5106335079169795,0.6433203771522745
a37a6b6f9551a6e8,2023-02-11,1,0.7023445463812437,0.6704002858173747,0.6149572240874982
ca2672e68fedf4b7,2023-02-11,0,0.6604688763136621,0.6691244635491508,0.7380816174505546
da22d5a717ae9e35,2023-02-11,1,0.5217391304347826,0.5419977246972449,0.22419450070441613
3d46d635f9ae5e68,2023-02-18,0,0.3452115812917595,0.35229041272184275,0.7449452725071606
3e90b7fd1e9f86bd,2023-02-18,0,0.2795965315873297,0.25709690750093744,0.403564488983915
3f837b469ba33c7c,2023-02-18,0,0.2795965315873297,0.2586700357693708,0.4156898317231993
40781a64c4cea877,2023-02-18,1,0.7355163727959698,0.7466016967667316,0.625197908489717
435ba9b407b844ef,2023-02-18,1,0.7520661157024794,0.7170372545149304,0.2755092112072012
43ec12079ccc371c,2023-02-18,1,0.37889039242219213,0.36354179093484507,0.45990134559147355
682ff095649c9a5c,2023-02-18,0,0.3452115812917595,0.37503896029012607,0.6037499135899337
c3a4187fc821bfff,2023-02-18,0,0.1972584419926446,0.21513758190558807,0.3460723610751966
d45d9c7d60f332da,2023-02-18,1,0.6888888888888889,0.6720727295091145,0.6492214463469469
dc6f69f923744948,2023-02-18,0,0.5427435387673957,0.5535490706740467,0.715845088039907
dcc3da324eb5f26c,2023-02-18,0,0.5217391304347826,0.4762379475304646,0.4152335101723781
00a94d5fc7ce55cf,2023-02-25,1,0.6604688763136621,0.6503932275460254,0.7025521203649591
02615499125b4b5d,2023-02-25,0,0.37889039242219213,0.36696308920105036,0.5492042459474099
12d9b4a3931be5ec,2023-02-25,1,0.8105134474327628,0.8353077609766266,0.7556642652003739
2ba11e0bf32829d6,2023-02-25,0,0.6489208633093525,0.6736575092552092,0.5896155055440145
5737084215c45792,2023-02-25,1,0.8515283842794761,0.8648851607168058,0.8930204607386923
63670e1b8f164d4a,2023-02-25,1,0.3932993445010925,0.3678917497361673,0.3541567858954747
83fa3a382acc7bdc,2023-02-25,0,0.3698979591836735,0.376332083734968,0.3209471545233449
a7f66f13f953352f,2023-02-25,1,0.4891657638136511,0.5022852773901045,0.6409560725154267
d6357dab7ccdf2db,2023-02-25,1,0.552594002855783,0.5325975745051666,0.6202100941544546
faac24c1b3d6368a,2023-02-25,1,0.46753246753246747,0.4557307310149541,0.5176389961139818
009feda296ae589c,2023-03-04,0,0.4572564612326044,0.4409143750901418,0.37712088231192625
0eb16f1307f66a11,2023-03-04,0,0.3111111111111111,0.26951995841033094,0.458735539813413
22fc6b3f4e48cfa3,2023-03-04,0,0.19354838709677422,0.16693923381576425,0.41276875141553193
2b9daf452ab40b9b,2023-03-04,1,0.8986486486486486,0.9125203005080126,0.7217251758108063
636fd144716a3084,2023-03-04,1,0.5882115462252725,0.631438916529848,0.7823069617994727
a69afe4a88c0ca12,2023-03-04,0,0.8250000000000002,0.8452910005991844,0.8278486741805288
c29e2c49e1e417c8,2023-03-04,0,0.46753246753246747,0.4943048208775571,0.41708171167234254
c2fc4c1e0c769655,2023-03-04,0,0.320754716981132,0.35377222292333493,0.4255618036440072
c3b9b97467f828d1,2023-03-04,0,0.32721864154685176,0.30426253735929776,0.33860807186919345
cd20dac4daa4f93a,2023-03-04,0,0.22437307523097227,0.24896801042705818,0.5
ec490d4224d3bc78,2023-03-04,1,0.5990922844175492,0.5903862303945826,0.7040578763639537
0ccd2593c88209e4,2023-03-11,0,0.6900916630292449,0.6516415640708877,0.4470291943515955
2c58a97f2fe6c985,2023-03-11,1,0.8869565217391304,0.9038814638953632,0.7462163620854475
3b561a154aa2bbb2,2023-03-11,1,0.42928940388105546,0.3860049248064196,0.6840742100299537
3cf3771274a4f8b1,2023-03-11,0,0.6853932584269663,0.7504878479498098,0.7465490408325289
804c350ce714770f,2023-03-11,0,0.4454847478103292,0.45844560859031114,0.766469370795223
8d5b88e0ff253617,2023-03-11,1,0.5242214532871973,0.5520653067932917,0.5746024878426569
b9539d5e379b3edc,2023-03-11,0,0.6777862016679302,0.6933760962594893,0.7455125038259534
c3af2b6ab1262fef,2023-03-11,0,0.38167938931297707,0.35364437442080404,0.5465589918934943
c4e4954beb59eca6,2023-03-11,1,0.5634920634920635,0.5967578957247718,0.5457642199644651
ccb5e29cd0347110,2023-03-11,1,0.7212543554006969,0.7713688582857271,0.8217324726344593
d6945828f5fa7492,2023-03-11,1,0.6027039848197344,0.6538323002504125,0.43564528890681137
e9c6bac0d1a5ec0f,2023-03-11,1,0.6946564885496184,0.6942986608153008,0.5962690002696559
019b4d006800504b,2023-03-18,1,0.7612732095490715,0.7938969694529968,0.6022059373320094
13f5be7a2ea5577e,2023-03-18,1,0.8152295632698767,0.8528341876045811,0.6956025336382684
38094db8e3539cba,2023-03-18,1,0.615032080659945,0.6358290112866433,0.6028062363451945
533984c3ff4b4858,2023-03-18,1,0.6183206106870228,0.6197364319716328,0.8782445211766943
53d6d5ad08ac0694,2023-03-18,0,0.747191011235955,0.780455610232047,0.6290279362392364
5e9c027fb24efc2b,2023-03-18,1,0.6853932584269663,0.7311067409296508,0.5886048291225557
6068385c48de6801,2023-03-18,1,0.7946544980443285,0.8268405403291043,0.46967983839000804
8a3e7085e8e5a6e9,2023-03-18,1,0.6700774600745912,0.6554977558127135,0.2366194369847784
90a83875e1d11238,2023-03-18,1,0.31460674157303364,0.33927191221344444,0.46363027879900964
9f8cf5ac0807d64e,2023-03-18,0,0.7135512302607419,0.8892783318665978,0.5
c483ac06b1e33c3b,2023-03-18,1,0.3158617532616159,0.36402923166209,0.3798140900599685
cdaf65287d9a0ecb,2023-03-18,1,0.5044523597506678,0.6196083606021535,0.47940299244977724
dd9cbf6d6284de26,2023-03-18,1,0.3779812606473595,0.36128876119110437,0.36295202543345273
f40ac11da3bd7f8e,2023-03-18,1,0.8606016140865735,0.8835897373157625,0.8199826133338998
07e39fd5f4f23270,2023-03-25,1,0.47577854671280284,0.483600220436191,0.6738556901028474
1c2d0db1c9eed052,2023-03-25,1,0.6805555555555556,0.688299572722233,0.8396023764977205
2f382615155e32b9,2023-03-25,0,0.5913146565171273,0.5228290104502877,0.49090145297330345
33fa6793a7f984ac,2023-03-25,0,0.4454847478103292,0.43817790237218285,0.4261942740842339
6f6fec9c78244174,2023-03-25,1,0.4910905203136137,0.45897082182363264,0.33454505814761726
9433730f95d52fc8,2023-03-25,0,0.299837925445705,0.2951879396373638,0.2895845782129205
b9e037a45f8850fb,2023-03-25,0,0.5965276928719893,0.543292970847983,0.5243225241745291
bce8ece2ff26b4d4,2023-03-25,1,0.6564885496183206,0.6464098216869048,0.4086747105794057
c6cc6ae23cbf8a27,2023-03-25,1,0.27424749163879597,0.2671775929165137,0.5377116947638855
0810cdbeb9dd4d02,2023-04-08,0,0.6067545685866297,0.6042605249312979,0.7238938961446163
28e3d939eb043664,2023-04-08,0,0.35358219336888475,0.341318745249341,0.642825627506222
2cb34fc074f7a9ae,2023-04-08,0,0.7001620745542949,0.7527015458465797,0.5517007025414284
3165b03ddc6d3b6e,2023-04-08,1,0.6946564885496184,0.7546722687396671,0.440227766305474
355a2f4090c0ca31,2023-04-08,0,0.7001620745542949,0.7305007297171241,0.5534049780694992
678d27af287476f8,2023-04-08,1,0.34847122302158273,0.39906778006804544,0.4287833118918779
71ea7d7985dad804,2023-04-08,1,0.7900763358778627,0.8160390142669081,0.688786359060838
780147f2ed2637d1,2023-04-08,0,0.30990833697075515,0.2627805642581243,0.5506067618064293
95349402616097cd,2023-04-08,0,0.41429311237700683,0.40189186120774945,0.19054281779221308
bbc76ff9e1b1b142,2023-04-08,0,0.4572564612326044,0.4084150974306689,0.652277193941923
d7022b6058dbb26b,2023-04-08,1,0.765438008616563,0.7743746511878815,0.5208912775030299
119559fd8124fee3,2023-04-15,0,0.3698979591836735,0.35104604371033715,0.20156103103660447
50e675146cda6e7c,2023-04-15,1,0.6613039796782388,0.6979824248540589,0.6784217787277986
5de3a1bbcf705b58,2023-04-15,0,0.5857068876229935,0.5846043084875863,0.6334869307450564
6049301b4deea035,2023-04-15,1,0.6067545685866297,0.5828967836323024,0.4003936052858523
68c1b833ed8849a3,2023-04-15,1,0.5369611539091952,0.5188180706861213,0.3590250006379327
792f139c2b9fd294,2023-04-15,0,0.593369754159424,0.617610866116924,0.4616107831461521
83c81018bb3aeebf,2023-04-15,1,0.390291151501339,0.4049381529496976,0.5335948004967385
8b2b2562884821a7,2023-04-15,1,0.44934326753206844,0.5014881387183967,0.5689944867962127
995e79b951da945b,2023-04-15,0,0.4596322941646683,0.5268865024831882,0.5773677346156381
b01e6e97d66681c5,2023-04-15,1,0.6411483253588516,0.6140075842280664,0.6893831724781536
bbde45b2c766bb67,2023-04-15,1,0.3638867033831628,0.37695921967310075,0.35382895171945355
bdbddbc00d07dc4b,2023-04-15,0,0.28644876973925815,0.28384599024894297,0.6898960046465429
cef255a992ba7af3,2023-04-15,0,0.4596322941646683,0.3746237955760789,0.7332962062950511
d856812dc733690a,2023-04-15,1,0.34847122302158273,0.3317105215681904,0.4069271219840996
01aa5949ac6851f3,2023-04-22,0,0.48460320253387285,0.4874911682554473,0.5630647954494006
034cbbec91f67852,2023-04-22,0,0.1780185758513932,0.1613366572825993,0.4993843160185369
06d9fb9c995f1e4f,2023-04-22,1,0.48460320253387285,0.5579668018651966,0.6269182415890828
16628e25a043043a,2023-04-22,0,0.5965276928719893,0.5706773412123797,0.6884915897170106
20c0f50c11509301,2023-04-22,1,0.7594936708860761,0.7942294576396256,0.5534626196439324
277233ca9ea25674,2023-04-22,1,0.41101127891416556,0.5121252536031118,0.5120900667681723
856468ba24a37fcc,2023-04-22,1,0.45326664582682086,0.46068801624125666,0.2975465470269648
8beab5f941dae8e0,2023-04-22,1,0.48017621145374445,0.45766132421264194,0.6592836648028577
a941c4e25ddddfff,2023-04-22,0,0.6361132966168371,0.6162357764981673,0.4584402515477287
d00d5ef4ae0ac01b,2023-04-22,0,0.593369754159424,0.6369915288236089,0.7684849741088674
2b1ac5d8f98639bf,2023-04-29,1,0.43286971331251767,0.42988098605032365,0.36350213568453493
37ae5c09d6f03f33,2023-04-29,1,0.6853932584269663,0.6977173916834144,0.557036836608568
5d11b618f24082dd,2023-04-29,1,0.5671302866874822,0.6268110803480811,0.7990882255745508
88a63555728c2025,2023-04-29,0,0.53125,0.516620915416536,0.3524974073517904
8dbfbd8f8bd0f00b,2023-04-29,1,0.6097088484986609,0.6168094426788172,0.5272347378143529
c02d44564cb006a9,2023-04-29,0,0.6805555555555556,0.6838473960385306,0.6551836544123245
ca63933f8c898fa2,2023-04-29,1,0.43286971331251767,0.47020532871998233,0.5509941324633757
e0e2c1fc1a178d89,2023-04-29,0,0.5889887210858344,0.5551194893204523,0.611386415116771
e434035be5453be0,2023-04-29,0,0.40347230712801085,0.4484461269415467,0.5
ecec1b0dd64ca2ae,2023-04-29,1,0.765438008616563,0.8021912243577486,0.6424971391035654
f9345fa82bf43847,2023-04-29,0,0.747191011235955,0.7245651469086916,0.6311851168413758
069ab7e7b8b5d262,2023-05-06,1,0.8735632183908045,0.8795529369246755,0.9239308242052573
0c6e3c1f03cd4061,2023-05-06,0,0.3972960151802657,0.44186454529831276,0.5656976267310035
2372578d3f554c65,2023-05-06,0,0.3873792948573995,0.4199508577511684,0.5598210078330522
3f8b4aeb3baf4724,2023-05-06,0,0.6659815005138747,0.6597596136051934,0.44686403788797197
4c9bbd9758be1168,2023-05-06,1,0.782608695652174,0.7702162408320373,0.69925287737141
5f44d6d9e6bbecff,2023-05-06,0,0.5242214532871973,0.5455228058618496,0.7475793836244362
93fb6c7e590487f9,2023-05-06,0,0.4066302458405761,0.4142868672831615,0.43134304001774715
c3ca708aaf4262a7,2023-05-06,1,0.6220187393526406,0.644176115439576,0.5620037329420049
d22de60b7a3d908c,2023-05-06,0,0.3698979591836735,0.3298993192375758,0.6690514925806944
e3aad51099a23ba4,2023-05-06,1,0.5217391304347826,0.6052963302507773,0.45213570231634087
ed707998b13d0101,2023-05-06,1,0.42101042502004815,0.44553247622286846,0.5492467018931312
14e689e60419d469,2023-05-13,0,0.5836044242029929,0.6359524014211647,0.5794300693646203
3387f430abb7e39f,2023-05-13,1,0.776440240756664,0.8040638422631744,0.8243960994640912
6ca856d1950d8f7f,2023-05-13,0,0.6777862016679302,0.6636806549335086,0.44240371602368317
755202fce24b8f83,2023-05-13,0,0.19620456738501124,0.19897391989537871,0.5912847322381436
81fda78adcaedbc7,2023-05-13,1,0.4548257786000616,0.5065988414719759,0.6042352686590674
838a022ca5d99cc1,2023-05-13,0,0.33869602032176127,0.3770498382351442,0.31855207835231975
acfcf75f0215b7ab,2023-05-13,0,0.48460320253387285,0.46513268766570903,0.4511232997618115
b0f4c7788782e26e,2023-05-13,0,0.27874564459930323,0.2932324755292876,0.8356487365211381
c501576b8ec35758,2023-05-13,0,0.48460320253387285,0.4940843963026748,0.5408784580865055
dae2484418631ff5,2023-05-13,1,0.7994561522773624,0.8286267415990912,0.6582587348103325
f2ced83baf0457fc,2023-05-13,1,0.33099297893681046,0.3379522748019914,0.4393766698936327
12683e06369d1a83,2023-05-20,1,0.5707105961189446,0.5864597312140096,0.7237377268834985
33007109c9ca1ede,2023-05-20,1,0.5671302866874822,0.5770240149941701,0.45509417432985466
3638ee66c7d34fe0,2023-05-20,0,0.33869602032176127,0.3707110130626099,0.44312307682788077
49bd9a2f1fbebd1f,2023-05-20,0,0.4003612281757977,0.3839941388005854,0.6918391171362652
73700c8c5107f719,2023-05-20,0,0.32654254800662835,0.2717604608829261,0.4242044789471607
744cbe6e49d4f41c,2023-05-20,1,0.870775347912525,0.8977346106160526,0.7447091610751747
7d583e4002622848,2023-05-20,0,0.4672117470382112,0.4687609442379119,0.6426429194589914
8502f245aabd64ac,2023-05-20,0,0.4365079365079365,0.34725980717815086,0.6602436183426446
924f982f0d9d2142,2023-05-20,0,0.4454847478103292,0.4613757746159597,0.4742430495440894
cb9654746447b934,2023-05-20,1,0.593369754159424,0.6528711261037616,0.601235675691497
eca400aeeb2763d1,2023-05-20,1,0.47577854671280284,0.43770754502687625,0.5373934713560924
fb70b62915fdcec6,2023-05-20,0,0.36135228209729836,0.3448573370354155,0.56344820003854
4d0029ad31bdd85a,2023-06-03,1,0.6564885496183206,0.6328349124993332,0.6217452484915202
5459c3bb88d031f9,2023-06-03,0,0.4454847478103292,0.42185015260181413,0.7063752222132469
72bb7605e340a8fe,2023-06-03,1,0.41429311237700683,0.4482758395582105,0.468979530162276
7be3e513a31f6570,2023-06-03,1,0.6183206106870228,0.6533755944667029,0.5389666858422038
84f60cb00b8d4187,2023-06-03,1,0.6659815005138747,0.6282425441750958,0.5558526310370285
913d8a35095591d5,2023-06-03,1,0.6097088484986609,0.6551759514468118,0.658093432924608
99808befeece3a8a,2023-06-03,1,0.4714576962283385,0.44862540171196935,0.5154411345200425
a122968e96068800,2023-06-03,0,0.5242214532871973,0.579513564767601,0.1419942714393681
ad7bd4b3ee923498,2023-06-03,0,0.5609756097560976,0.5247185896608308,0.6526786003261047
c98f62eb74e69bcb,2023-06-03,1,0.564288063137126,0.5091301176514202,0.42053144504883605
d7ae0993c7a378ee,2023-06-03,0,0.48460320253387285,0.4768825972295746,0.5487864446460725
dfc62aa72446e4a8,2023-06-03,1,0.5467333541731791,0.6145034802144814,0.6424809760917629
e2f4cd4a9a579488,2023-06-03,1,0.6900916630292449,0.6878384893800173,0.6907271269360251
1676c64a94be0557,2023-06-10,1,0.5594871427548169,0.5757084469020055,0.29316742957448166
46c67efd68a0b15d,2023-06-10,1,0.7001620745542949,0.7340323084581142,0.5925147286131435
47a5d4bb68352055,2023-06-10,0,0.6734574519933717,0.7222393823785738,0.6014607590033481
5311298f79414125,2023-06-10,1,0.5889887210858344,0.5854879363056033,0.59839413237774
69bc7ca8ce831731,2023-06-10,1,0.7402209614810391,0.7669112540051459,0.8631176368679434
7ee8b91d7f80f8a7,2023-06-10,1,0.29556650246305427,0.25126136179330444,0.2748529235698753
947ea1122c04ba18,2023-06-10,0,0.7212543554006969,0.7002395675246106,0.6189565361320675
e24b65cd8721349a,2023-06-10,1,0.4672117470382112,0.4772081035800766,0.5648205135135892
e9d5ffcacf7d8757,2023-06-10,1,0.6613039796782388,0.673404374432695,0.7020614136231447
175d9e1ac0725145,2023-06-17,0,0.5327882529617888,0.5977541422898441,0.5406724724979296
5d9b84493f1ed114,2023-06-17,1,0.41429311237700683,0.33116727888904407,0.5860784885271876
6c2199524d762b11,2023-06-17,1,0.8869565217391304,0.9154977845077896,0.8024158800697676
76fd6919d828d5c2,2023-06-17,1,0.6301020408163266,0.6321674066212898,0.4748311876357885
7ba54a10f28c9496,2023-06-17,1,0.43286971331251767,0.39700322635890045,0.5149885757756466
8794031c523bf534,2023-06-17,0,0.36135228209729836,0.3704940959810704,0.5105475752669207
8ea12c7360fa0f6b,2023-06-17,1,0.4365079365079365,0.39096671161593427,0.513713263754242
98458778348ea5d7,2023-06-17,1,0.6301020408163266,0.649448698741687,0.6378576111387563
9cfb84817a43b63c,2023-06-17,1,0.6734574519933717,0.6817916954727135,0.5330997050716888
bc1be168c064f028,2023-06-17,0,0.28644876973925815,0.24681614126350812,0.556876340495668
07cb64236ae7aaea,2023-06-24,0,0.6411483253588516,0.6750528813757963,0.5880142960318138
42922bab8a3e1828,2023-06-24,1,0.6813031161473088,0.6826294959530628,0.8435754274639696
582806c33ce6dcf6,2023-06-24,1,0.33401849948612544,0.2751016472531272,0.5680389240594781
7b909acede0a26eb,2023-06-24,0,0.6349557522123894,0.5660454019298063,0.6456926934275206
8b296724a6844865,2023-06-24,1,0.5403677058353318,0.5601966120983766,0.5961648799846465
9124740fe7816d70,2023-06-24,1,0.6659815005138747,0.7331675869306938,0.8117230553080019
c22de92b9d9030dc,2023-06-24,1,0.5467012037178121,0.5668239945511686,0.5969203160793001
c2cdeb207cce5ceb,2023-06-24,0,0.6411483253588516,0.6183769855143738,0.2866784550562669
c3ef3cb03edde8bb,2023-06-24,0,0.23456199138343706,0.22050743049072857,0.4729277744967539
ced01368259428f5,2023-06-24,1,0.6067545685866297,0.6441095232137309,0.6169218435085772
f18d44292036d5de,2023-06-24,0,0.629812438302073,0.6139561274108934,0.595976195217929
fcc1191761e365f9,2023-06-24,0,0.6411483253588516,0.625904195897939,0.4445629577614102
0548a24a9bf8d7a0,2023-07-01,0,0.31460674157303364,0.3324007637021997,0.3391309318869568
4dc5a41f357a7d85,2023-07-01,0,0.515396797466127,0.546871127884372,0.2444594924736568
f557405652165aa3,2023-07-01,1,0.593369754159424,0.5643179963658558,0.8490618711115113
420f7e6530dbc727,2023-07-08,0,0.42101042502004815,0.3875772118126883,0.40021630022905236
5b71958ee063a6e8,2023-07-08,0,0.39325842696629215,0.4187868782299106,0.5962619067207809
69f67a4a690eb15d,2023-07-08,1,0.7001620745542949,0.7628576793990621,0.6403498012888883
dbf8a4b0870a47d1,2023-07-08,1,0.8282442748091602,0.8183104812060945,0.7343200676412533
3352c65f3f6d9b2a,2023-07-15,1,0.819229761592874,0.8279844456660427,0.9065601283535942
3624f4ae9c1d703e,2023-07-15,1,0.7212543554006969,0.7817206705513192,0.4238426755323781
57785c9be5b4526d,2023-07-15,1,0.6515287769784174,0.6285041358545284,0.44966263955558466
6adfe44b110c1510,2023-07-15,0,0.4176257809930944,0.457838251072089,0.43362777846409856
81b7a6aa147bd912,2023-07-15,1,0.5634920634920635,0.5447628562994093,0.64735567807769
8362b372adb2f302,2023-07-15,0,0.42576569152588933,0.4733840467671271,0.3297893744666802
b4cc389bb4af3707,2023-07-15,0,0.33401849948612544,0.30713001404574186,0.6876853803936586
b52dccbe69864d2a,2023-07-15,0,0.4910905203136137,0.4643124961955666,0.7535902436024388
cae7de0873e03947,2023-07-15,0,0.30990833697075515,0.26537395275601017,0.5021691771314974
dae80502466c8726,2023-07-15,0,0.22892112420670896,0.21171021893259687,0.4962676962356745
e4620f3fa451a3a4,2023-07-15,1,0.593369754159424,0.6043279407904211,0.418676988329471
eb30c9c975e15436,2023-07-15,1,0.6411483253588516,0.6869803091771276,0.8025618686580605
319b96f615a0a154,2023-07-22,0,0.3698979591836735,0.41618572474243765,0.3082755553165367
3c4305abc2e302d0,2023-07-22,1,0.562043795620438,0.5800099398426917,0.6159663105119466
743a04674ab72ee0,2023-07-22,0,0.6489208633093525,0.6570251515073579,0.7076572295413567
8104fe27bdc46914,2023-07-22,1,0.320754716981132,0.2788116018367024,0.30277558926644377
89b96bc5f3e824c5,2023-07-22,1,0.42016806722689076,0.4223910201379683,0.3725141665498064
8b341eb556c97c23,2023-07-22,1,0.7388632872503841,0.7762198045936413,0.4339289735872652
90e46589a18064bc,2023-07-22,1,0.8064516129032259,0.8344847813542785,0.6138666420402551
9541cf21e031354c,2023-07-22,1,0.6547884187082406,0.681652628642238,0.5725146564350151
a0bc695b35f155f1,2023-07-22,1,0.5882115462252725,0.6245782979606542,0.6862151901798534
a8a4c9f98ff73839,2023-07-22,1,0.562043795620438,0.5703485652176596,0.5254287396421096
b4e2037f180c1e0e,2023-07-22,0,0.42016806722689076,0.39254078751946236,0.6143229475016595
c4caa8a4f32a0eed,2023-07-22,0,0.3859649122807018,0.3320223843183776,0.4620982194852062
c81d1facf185467d,2023-07-22,0,0.42888402625820565,0.4114512842577232,0.6684270040935587
d54ebd2a3435a357,2023-07-22,0,0.562043795620438,0.5507672673046026,0.5796483098009361
d918da575ee1bc35,2023-07-22,1,0.5,0.5817371979443171,0.43366051922697396
4327fe98e1b6f222,2023-07-29,1,0.7555791710945804,0.7888681384208934,0.4303758941029901
5116f9398bfca446,2023-07-29,1,0.6755725190839694,0.6658988890435703,0.571208142969521
7a8f218c07347c88,2023-07-29,1,0.7156573116691285,0.7115520090208012,0.7105354638727224
800a35b3a7e52308,2023-07-29,0,0.4782608695652174,0.5309366053279694,0.2588112871094109
c27e33ee8ef53866,2023-07-29,0,0.5711159737417942,0.6155363539309125,0.6643929911065973
cbf1e76186a0c8b3,2023-07-29,0,0.447405997144217,0.46792618822768706,0.542439914194473
e5ac7343b6d45188,2023-07-29,1,0.6116504854368933,0.5553117951283513,0.6461283739774837
eff6ec2b2f1fb27b,2023-07-29,1,0.33953112368633787,0.30342401052612533,0.6596126621517926
2c0496a5f39ab8a4,2023-08-05,1,0.5427435387673957,0.5345949506822646,0.642628842978672
2c54be25b09fce50,2023-08-05,1,0.3962430290578221,0.37302560984671457,0.4489178673679742
531ce3d8011fa1f6,2023-08-05,0,0.6690070210631895,0.6635965401395709,0.48731296057293144
554163b1c8c05522,2023-08-05,1,0.7600000000000002,0.8078579267951447,0.6532542116270317
79bfba62da6242a6,2023-08-05,1,0.6037569709421778,0.6519659696421337,0.21266283056058122
bda7992779a005fa,2023-08-05,0,0.51736412571627,0.5323164170724989,0.6889242212060668
e5cb9dfc1189d77d,2023-08-05,1,0.6574752261956054,0.7351698071646958,0.5184300259188929
ec2358459ffbe7de,2023-08-05,0,0.2428115015974441,0.21095945326837348,0.2352686591919458
1b1fd32485861655,2023-08-12,1,0.27792074112197634,0.25106455115697957,0.5943183560771408
2c160a1d1fdbf0b0,2023-08-12,0,0.2522172949002217,0.24447063758967308,0.19113712042145037
560a971c6ab8b854,2023-08-12,1,0.42794036443953615,0.42979259464658087,0.3760547385787691
91a5480f48bfaa71,2023-08-12,1,0.6750312469954812,0.6434039377563735,0.48678202420699745
9479ba3cdcb1e513,2023-08-12,0,0.5427435387673957,0.5287977147077495,0.4891732866205819
9576d9cba5cf5c4e,2023-08-12,1,0.7095435684647302,0.7425527988337387,0.7913795619930036
9a9479663bedf8b4,2023-08-12,1,0.7335423197492164,0.7735415033874702,0.6985245648881391
c2f730cb33df5221,2023-08-12,0,0.36309581830587784,0.35309374674056404,0.5446628845051902
c57a4810c932b296,2023-08-12,1,0.6037569709421778,0.6462233620259897,0.4155734472463976
ca2aa660bea0cb60,2023-08-12,1,0.6805555555555556,0.7499561917464461,0.33591636444572776
d5929b7fbc801ce4,2023-08-12,0,0.36309581830587784,0.3730871159988203,0.13664640334927497
e346f2b7af63e804,2023-08-12,1,0.4572564612326044,0.4431996005047724,0.5224646336036762
e3573545220ca4ea,2023-08-12,0,0.42794036443953615,0.3924697396196912,0.46924964054741064
1a95cc401f68f4c8,2023-08-19,0,0.35527082119976705,0.3771664804632855,0.5306463536584509
621e6f0929a3dbfc,2023-08-19,1,0.5996387718242023,0.6592107180806497,0.5448604551315883
62d53ad8f8769666,2023-08-19,1,0.3962430290578221,0.36962527037222404,0.22171437364145807
78d2c01dc963f204,2023-08-19,0,0.19999999999999996,0.2430579063360625,0.6769052866824812
845e38dfbfea6e53,2023-08-19,1,0.725752508361204,0.7569718105828591,0.45504947382566996
e9754f597ec50f6f,2023-08-19,1,0.6309403437815976,0.676153882872998,0.647534648146053
ee796ecb4ee8680b,2023-08-19,0,0.690792883054068,0.7360096465257947,0.7750702848155492
f995ed679ef8bdf4,2023-08-19,1,0.7571884984025559,0.7915740543018772,0.7639160777357626
fd4d30036a3f3efb,2023-08-19,0,0.35527082119976705,0.37315754920966454,0.2761800340868078
23865dfc8361ac62,2023-08-26,0,0.1918429003021148,0.22255974448536697,0.3396049164679713
293c5f4c9aca5c54,2023-08-26,0,0.4572564612326044,0.4599525481538599,0.23254332742202433
48231fbd1af53674,2023-08-26,0,0.4066302458405761,0.3696069800277788,0.5149864338084473
5531317352862978,2023-08-26,1,0.5996387718242023,0.660102081321834,0.7833190892192258
96704d7ba3a452d9,2023-08-26,1,0.84,0.8580414684150025,0.7390155207290738
977250a28d3b8a3f,2023-08-26,1,0.42794036443953615,0.40613504938591927,0.6681077583210201
b65b37c0e00074d9,2023-08-26,1,0.5720596355604638,0.5148901762441856,0.6126660654511815
bfc9989751bd0d04,2023-08-26,1,0.644729178800233,0.6623038750576661,0.6881078552970554
c53b0f678fe2f16a,2023-08-26,1,0.4572564612326044,0.4327099253367961,0.47608870890551547
da6b863cf684e0ae,2023-08-26,1,0.24918743228602383,0.1975713336469671,0.6224323394144434
dd617f6ab4916ec4,2023-08-26,1,0.690792883054068,0.6846413263799863,0.7076013123680737
de89bea7b0dcd2d3,2023-08-26,1,0.8677165354330709,0.841921276512297,0.8588281055928274
f7bc845ce74f5fe7,2023-08-26,1,0.593369754159424,0.6335112089690668,0.38455836979630503
0d41a3fa5efef91b,2023-09-02,1,0.7571884984025559,0.7813523136885123,0.5
1b9a127f9dadaad9,2023-09-02,1,0.6202531645569621,0.6007429887085393,0.5864100994126079
1be27d95bba03f17,2023-09-02,1,0.558797046641455,0.5896643887660097,0.6029430533409732
1c29c53ff032c5c1,2023-09-02,1,0.6369041816941224,0.6633970686721957,0.6939040285897403
2a48d0a98c21e736,2023-09-02,0,0.24000000000000005,0.21785819589691277,0.2862909467936198
4eaf54ad3c82b6fa,2023-09-02,1,0.6369041816941224,0.6654231654509674,0.6682455372453256
5098d052525da54f,2023-09-02,1,0.6092362344582594,0.604906969178446,0.770035012692221
ac73c6888ee9322c,2023-09-02,1,0.7600000000000002,0.7911380597908882,0.7268284499978821
dfa8fd0b82b37fa1,2023-09-02,1,0.6369041816941224,0.6260981265897705,0.32459994578706564
e3a5a7ede88a2555,2023-09-02,1,0.44855888528345095,0.47697768542985375,0.4425687368245179
ea006bae605e2a6b,2023-09-02,1,0.6309403437815976,0.6210316995402875,0.7625979005812337
09a7f0979a58e6ea,2023-09-09,0,0.6637909160111647,0.6758076315194225,0.581153908248824
0aae15358d8606b9,2023-09-09,1,0.7179705215419501,0.750443959072256,0.49331730925663386
222bb2c67a87d312,2023-09-09,1,0.7819063004846527,0.7668687811600419,0.6895569489026773
3e1c27f17433f9e4,2023-09-09,1,0.47391341473828014,0.4682979737400505,0.6621703410805054
7f16e7725245bb2d,2023-09-09,0,0.8118668596237336,0.8315688081244319,0.7521519020201648
a3d75cc363a6544b,2023-09-09,1,0.7146785837057409,0.7163371116515553,0.742997171182661
bfff5a3777841344,2023-09-09,1,0.7905405405405406,0.7918126603971796,0.697442110229034
e4ed294e16e16d81,2023-09-09,0,0.3249687530045188,0.3726768367613989,0.30772273752740675
f9d2137f380e66bf,2023-09-09,1,0.6369041816941224,0.6209432908625452,0.39899424526394384
2e1435c160bfe8b2,2023-09-16,1,0.7135512302607419,0.7430899794626795,0.3713805094475562
697efaf0d162e877,2023-09-16,0,0.5108342361863488,0.5841486870493394,0.3430781778871535
79f03eca3fe5cdb3,2023-09-16,1,0.7659021045164341,0.7853096662084712,0.592388345978955
7a0813ec0fadc84e,2023-09-16,1,0.7335423197492164,0.689493564883429,0.598253146438566
a5d76e93a5052e3f,2023-09-16,0,0.690792883054068,0.7109683482222711,0.7925327596991595
bcec26b425194e40,2023-09-16,1,0.5324675324675325,0.589650211907238,0.6824525539952302
c0ca4c201d086ea8,2023-09-16,1,0.84,0.8487673130633888,0.5432312110080311
1496969c1497dc85,2023-09-23,0,0.8115183246073299,0.8171866312920278,0.8513978042754757
23a604f460289271,2023-09-23,0,0.5634920634920635,0.5189384641081846,0.5226319635393744
49ede01b061cfae3,2023-09-23,1,0.5217391304347826,0.5495752293160401,0.8335387832541206
6e1bf1b163b3aeab,2023-09-23,0,0.44855888528345095,0.4911321574456794,0.7006609291723721
adb411b0f418ce33,2023-09-23,1,0.7307110438729199,0.724628175783125,0.7842787899334259
b3c7a5a97978d156,2023-09-23,1,0.4106205619018215,0.45827545590517016,0.6512551254377335
bf647be41de365e4,2023-09-23,1,0.6309403437815976,0.8053208047396773,0.7800282079187388
d8335b728604b222,2023-09-23,1,0.7380410022779044,0.752679133419145,0.8256164195044015
da1b37edb8ccd3e6,2023-09-23,1,0.6636481241914618,0.706059822577104,0.7015616973064962
e966de63c8e6b1d5,2023-10-07,1,0.7520040080160321,0.7774067151612534,0.6985319900616297
eb76a5b76a68e4c4,2023-10-07,0,0.39076376554174075,0.3801218057029915,0.7213744773479438
0d6d212fcdf47f2e,2023-10-14,1,0.5324675324675325,0.6040395997762358,0.5023308906425451
751cf3d52fce1d1f,2023-10-14,0,0.5720596355604638,0.5847221913535955,0.6526377024200445
824859c7580eb35b,2023-10-14,0,0.6309403437815976,0.6914409079532652,0.6298122829106584
0ea435ddf02deb60,2023-10-21,1,0.713375796178344,0.7518507612233922,0.435498596733286
18e5af00a8478a0e,2023-10-21,1,0.7905405405405406,0.8260343307122993,0.7971544023325822
3c6fb6bf9b7afd40,2023-10-21,0,0.35527082119976705,0.40130747660234856,0.4970777353536753
43de9ff6064361e1,2023-10-21,0,0.3249687530045188,0.3144308037714129,0.546749980606236
7024385b5107bd4b,2023-10-21,1,0.84,0.8693838100787701,0.49099031247978264
75c5f923f966b53b,2023-10-21,1,0.30920711694593195,0.28031778992098016,0.15772677588691694
b84c447bb74febe2,2023-10-21,0,0.7508125677139763,0.7322178061430543,0.65208259885813
e9256316716499b8,2023-10-21,0,0.20945945945945948,0.1992783983146913,0.2665131228575071
ed3334d108b257a6,2023-10-21,1,0.7220792588780237,0.707380087736136,0.9020284553508914
f23e9729b2b73c27,2023-10-21,0,0.24000000000000005,0.2370293351152077,0.6836577347804085
119bc264e2bb9877,2023-11-04,1,0.644729178800233,0.6665581910595619,0.6990233886181387
3a81276a9641c6a1,2023-11-04,0,0.8,0.7974229853224387,0.6270669424270338
7d474fbf31894108,2023-11-04,1,0.7179705215419501,0.7660637434624429,0.8701197042703419
ac37849f627a79c4,2023-11-04,1,0.7957758771164253,0.8522042490353658,0.5889021803127262
ff8f92cf8fb1b76c,2023-11-04,1,0.644808743169399,0.6776195796664964,0.5
128ab9aa4802c73f,2023-11-11,1,0.4572564612326044,0.46120691209920195,0.3765696652748592
480c4dbd2e792d86,2023-11-11,1,0.8542857142857143,0.8462532230344708,0.7120772436770223
4c025d1fff9e9fce,2023-11-11,1,0.6864406779661015,0.7411147975892766,0.3540935598095947
5704e73f91b9e7f7,2023-11-11,1,0.6571428571428573,0.6907546123834458,0.5973043708396469
57333b7bff20ece0,2023-11-11,1,0.5108342361863488,0.5313022159127953,0.3225308776687779
6fd67582d8adb1c7,2023-11-11,1,0.31460674157303364,0.29550228718721555,0.5481104500662489
9fe98de1eac21f2e,2023-11-11,0,0.33651931501393867,0.32850734390123054,0.6107227777363528
a0362d60d2e1db0d,2023-11-11,0,0.3428571428571428,0.35805685699659495,0.6951321196038578
b1f2ec122beda7a5,2023-11-11,0,0.4796954314720812,0.48795860303824395,0.28218623752381156
db49619221b282af,2023-11-11,0,0.4572564612326044,0.46619424881320065,0.5234520000752266
16109688429c09de,2023-11-18,1,0.8284518828451883,0.8663770271512276,0.6773639095040639
2ae243f518948794,2023-11-18,1,0.8630136986301371,0.8612734819631246,0.6564732781684885
36f10b949b935b8c,2023-11-18,1,0.7581792318634423,0.7850238480955896,0.663921949380378
5be63144ac46f97e,2023-11-18,1,0.623003194888179,0.6377129583471327,0.2838581088570852
62b64802ea49e2fd,2023-11-18,0,0.550561797752809,0.5905790930367684,0.6683967623667628
6997693d552600dd,2023-11-18,0,0.36905965621840253,0.33533174129806864,0.37153809703125146
73ebbfb998edc1f1,2023-11-18,1,0.7380410022779044,0.7433911559449982,0.6721085247436704
7990b6716a53b2cd,2023-11-18,1,0.7913616398243045,0.8156072843907572,0.7240280727148607
9abf0b60a44a82d1,2023-11-18,0,0.43103448275862083,0.39697727873554606,0.45321094172834925
b210b99d9c1c9196,2023-11-18,0,0.5692771084337349,0.5077354197814756,0.6257420934238631
bd4d2522cb0d1a23,2023-11-18,0,0.31460674157303364,0.31946994700183173,0.48251712574168
c1aef0f60a5b62e3,2023-11-18,0,0.36309581830587784,0.31292413308576034,0.64262464074482
f0fe73e650b746f2,2023-11-18,1,0.19999999999999996,0.1898296938644281,0.3056889884748851
02713b2d25f74d43,2023-12-02,0,0.7508125677139763,0.7458992080436845,0.7101951882255982
20bfa549cb2cabe7,2023-12-02,0,0.26645768025078376,0.30513714485146876,0.5773166459605205
246d06693b5ca1e8,2023-12-02,0,0.5306122448979592,0.5442487704089165,0.30515120860799166
39c4ae4624052f9f,2023-12-02,1,0.5108342361863488,0.5293287315320437,0.6505249944714544
9feb9500b0fedfcd,2023-12-02,0,0.30448717948717946,0.2866230207853628,0.6281430734980528
1afc4f372a125c74,2023-12-09,0,0.6369041816941224,0.6290256327433627,0.4135931864981326
35addc4646509286,2023-12-09,1,0.7994616419919246,0.8305173653898117,0.8531450321231231
5a6e894e4b6cc703,2023-12-09,1,0.5829926410466066,0.5972139954036098,0.5561153766673884
5ac1725f775c6f00,2023-12-09,1,0.15771230502599654,0.13604784777236717,0.5240058479854377
84f6de7c99779e5f,2023-12-09,1,0.8115183246073299,0.8360494593758689,0.7090267411412349
91093a019d32af2e,2023-12-09,0,0.36309581830587784,0.38975573837760447,0.5626504894645127
acc57a9c114b694a,2023-12-09,1,0.6369041816941224,0.6226320398232822,0.5504977192514433
acde7c89bd724af8,2023-12-09,0,0.593369754159424,0.6602875449146679,0.5
f9ec8bedc15ece93,2023-12-09,1,0.7477827050997783,0.7666493838377082,0.7130915366569438
fbedeb4e4b019b94,2023-12-09,1,0.593369754159424,0.6474840819819124,0.7572859505880289
03de7404decde12f,2024-01-13,1,0.6853932584269663,0.6464519307455653,0.5993958282698544
0494ebcee93e717b,2024-01-13,0,0.13228346456692913,0.1340610857511101,0.5
477c3b9de012e4b3,2024-01-13,1,0.7449664429530201,0.7972827002507905,0.5751995977691985
5344e76e26503716,2024-01-13,1,0.24918743228602383,0.24830840745314434,0.411162601406853
5f622d812b8f407f,2024-01-13,0,0.5306122448979592,0.5015025177446789,0.6899680281775932
640f2ae3995b3b4f,2024-01-13,1,0.5893794380981784,0.6070137769056486,0.7150328151947069
6f13fe34cb3ca906,2024-01-13,0,0.18848167539267016,0.19723424005406834,0.5551040995267496
a8239866e1222eae,2024-01-13,0,0.6067415730337079,0.6260234868349519,0.6252942284645916
d0d99889c6abd8e1,2024-01-13,0,0.441202953358545,0.47837140546304474,0.3724663099526117
f2b407019b2a5c15,2024-01-13,1,0.8042929292929294,0.8293175931516057,0.717770856719582
fd29123ff92789e4,2024-01-13,1,0.7055341817105651,0.7205626004939165,0.5902519663091291
14e53999507c76a7,2024-01-20,0,0.4956702459300312,0.4999102712618506,0.47631315531679164
1a7cd191f0cf160c,2024-01-20,0,0.34252477380439467,0.3198596856608764,0.4960870751473552
331ddc1141e934d1,2024-01-20,0,0.6574752261956054,0.634894526541273,0.5373825824751429
43d90683078fcee5,2024-01-20,0,0.6369041816941224,0.6781168085772005,0.5
670e4754d8d3d172,2024-01-20,0,0.6750312469954812,0.6345997687348819,0.6395498680754472
7736eb6bd5c1ff4a,2024-01-20,1,0.7768331562167907,0.8095894934023292,0.7287797427027594
97817609ed46baa0,2024-01-20,1,0.24000000000000005,0.24142803633092733,0.5918796388574656
a10e2d5416972b9c,2024-01-20,0,0.5634920634920635,0.5783995535148952,0.5600579458097943
ba5005d1116fa45f,2024-01-20,1,0.6092362344582594,0.5860860765524142,0.6156452875492608
dff2685afd98ed9e,2024-01-20,1,0.7179705215419501,0.7534901255397944,0.6616054962425749
faf15b752fb8924c,2024-01-20,1,0.3962430290578221,0.4215324396346905,0.7631627725560618
330d86bfaa4155fe,2024-02-03,0,0.6574752261956054,0.6684095215082407,0.5554739825715973
733e675fd7c0052a,2024-02-03,1,0.644729178800233,0.7095435594244487,0.6802499620300718
767ceb4a0cb43ade,2024-02-03,0,0.38356164383561636,0.3726525903571629,0.5318319829177371
7b1882dc76786d77,2024-02-03,0,0.2591283863368669,0.2552156586069693,0.3719714638925408
af6d56860ba4d259,2024-02-03,1,0.6957699520733487,0.7498936166948251,0.5830140227761657
17050a7b673dc49d,2024-02-10,0,0.6690070210631895,0.7160532278544278,0.5181607280728583
246fef4b19c3a7ed,2024-02-10,0,0.30920711694593195,0.2975069639750676,0.7024736434969088
25259e230be9cdc9,2024-02-10,1,0.6224665518611737,0.6396731669112801,0.6526273748493061
406f2aacd1d1faf9,2024-02-10,1,0.31460674157303364,0.3031137631804668,0.48689635310784
5304956aada097e8,2024-02-10,1,0.5829926410466066,0.5677998738657731,0.7145616232189688
9d8473ae274ed625,2024-02-10,1,0.4891657638136511,0.4789503245555856,0.3391720858043261
e7938bac3ec8b442,2024-02-10,0,0.33099297893681046,0.36392835178083216,0.6142198392146387
01432891260084a4,2024-02-17,1,0.644729178800233,0.6520978641130298,0.7050166725795207
1456a3f96ac7e35b,2024-02-17,1,0.6690070210631895,0.6720217322620418,0.619791190562033
2aeb3ec2d8c05dc8,2024-02-17,1,0.593369754159424,0.5913627668245841,0.502221171766109
8fb0092430448368,2024-02-17,0,0.30920711694593195,0.28937580347014974,0.4859945567855228
9785420602b452f7,2024-02-17,1,0.7179705215419501,0.7697511212225718,0.4573203349184053
9ddaa62cc806958d,2024-02-17,1,0.7600000000000002,0.7939557725311628,0.5
aeb3e4d9710207a4,2024-02-17,1,0.5,0.49808357581652474,0.5
bec3154a11df3299,2024-02-17,0,0.5634920634920635,0.5572956085658027,0.7250981708782865
e92fb5c609e20b49,2024-02-17,1,0.8988580750407831,0.8994763808160555,0.6496705120785718
ef13ed466e0b42d8,2024-02-17,0,0.36309581830587784,0.2927879316637912,0.5167608148961826
f87a3fa07f0009c9,2024-02-17,1,0.6574752261956054,0.718328811972833,0.6918511602865882
063e7ce759c52f81,2024-02-24,0,0.4066302458405761,0.4739518000454912,0.3332131992911295
1c03c1bb62f3aed6,2024-02-24,1,0.8,0.8086711793073356,0.735667907840269
3b05a4ced6dd74f5,2024-02-24,0,0.5996387718242023,0.6332453824139217,0.6043535796602264
50dae6b76c9c6490,2024-02-24,0,0.18813314037626624,0.22227321035076977,0.07714910667533428
673a156925dfb31d,2024-02-24,1,0.6037569709421778,0.564930386450533,0.47452798517427675
6e4acb2aaa2cee56,2024-02-24,1,0.8524590163934428,0.8504757305945323,0.7044733843068386
74f5cbecac011abb,2024-02-24,0,0.7220792588780237,0.7438501302349838,0.6216323161499429
93ddc6b233d1956a,2024-02-24,0,0.2904564315352697,0.27740447954249364,0.4753813331142829
a376f6d5806d0c90,2024-02-24,0,0.34252477380439467,0.33863059500563975,0.5236520872046665
d1d3b6ab8a56e973,2024-02-24,1,0.44855888528345095,0.38273740931783445,0.5871327998123139
ecbece0cbd60029e,2024-02-24,1,0.740871613663133,0.7703327234826227,0.5704480777296302
024beecfd3f0ed7a,2024-03-02,0,0.2042241228835748,0.17800098073739373,0.3081607328202937
32bd7ed48f5aea7e,2024-03-02,1,0.8081570996978852,0.7949121515455849,0.8233565421478458
3ea7d69a1238f26a,2024-03-02,1,0.771505376344086,0.8345277509988711,0.7218730814230377
4e566db7d26df001,2024-03-02,1,0.7894736842105263,0.7863853620295294,0.7048676324891086
5a82757b553c40fc,2024-03-02,0,0.22849462365591394,0.1995150399847356,0.30343456991940587
838fd9d2b14e0790,2024-03-02,1,0.38356164383561636,0.3075698778908334,0.832170283761663
a7d397cd0f2ac93a,2024-03-02,1,0.1475409836065574,0.1423734937333263,0.3487302548303311
ba8f219260e212f8,2024-03-02,0,0.551441114716549,0.6079545413039348,0.5913116486321828
cde2f88251b73305,2024-03-02,1,0.5765973826020016,0.6004474061996726,0.5
dcf5014e56649c2f,2024-03-02,1,0.8933823529411765,0.9041988883656159,0.8911507168423964
df3cc5ec78d05a71,2024-03-02,1,0.7867435158501441,0.8371376208953343,0.6285741096757516
0133019a4f1055ee,2024-03-09,1,0.44855888528345095,0.4442059512534563,0.5059039587123647
270edfb687c0d20c,2024-03-09,0,0.5634920634920635,0.6019385863867629,0.8401290949984525
33658a3ca932d15d,2024-03-09,0,0.37753344813882633,0.3681083807518101,0.15115597934485256
68f7f992603192c6,2024-03-09,0,0.3962430290578221,0.43638223238572327,0.3972616577849345
6e73ebbd089aff5e,2024-03-09,1,0.34252477380439467,0.33662377479327293,0.7390791441396848
7bc7af11050e861b,2024-03-09,0,0.551441114716549,0.6218259009874064,0.4336604949119686
894c44c3d04aaf6f,2024-03-09,1,0.7135512302607419,0.7334743823761725,0.6543874382779246
8baff440b82afd2b,2024-03-09,1,0.7957758771164253,0.8345155030920606,0.5632706898291805
9861b6d04e6ed43c,2024-03-09,1,0.5829926410466066,0.6090441740277716,0.4239908378281516
cbdf29f36b343f6f,2024-03-09,1,0.7571884984025559,0.774186622331172,0.6898776733951008
ebb758b49e82d0ed,2024-03-09,0,0.3249687530045188,0.24467355115311332,0.4882255419688968
f0a9dfbb6f6ac852,2024-03-09,1,0.5829926410466066,0.6228717157985282,0.5729007140578645
35f9beb94b4ef9e2,2024-03-16,1,0.17287630402384502,0.18080235855241175,0.4731248510127477
8bc0c220f7dcefa7,2024-03-16,0,0.51736412571627,0.5075871000493296,0.39618533563765407
acc7392d48cc09a0,2024-03-16,1,0.35527082119976705,0.3341811042442645,0.5051045970318139
0e6782b758451063,2024-03-23,1,0.4066302458405761,0.39678315012420223,0.3021807554113787
127be512f86618b2,2024-03-23,1,0.593369754159424,0.6775272689178963,0.30912549957029084
48ff3f1bcefbf965,2024-03-23,1,0.5634920634920635,0.6266405040737515,0.8803402489936425
72f123ddb4cc9d1c,2024-03-23,0,0.4572564612326044,0.4077250572595555,0.7231235405805091
8c8337ce8437fe2e,2024-03-23,0,0.6092362344582594,0.6720214038276636,0.6419210908046081
a1294453a28beda3,2024-03-23,1,0.6164383561643836,0.6011673964334097,0.5053036120022881
cd6452a463ec8a28,2024-03-23,1,0.644729178800233,0.6814883010468548,0.6844318874803252
d564e3a6c77d0c85,2024-03-23,1,0.6309403437815976,0.6732232228389782,0.6832983044831255
de7cb625bdec0f91,2024-03-23,0,0.46753246753246747,0.44656496264826917,0.44017203079918643
faf19712bd7ea41e,2024-03-23,0,0.34252477380439467,0.35863554300213235,0.5391258160043902
636b01ee49925e49,2024-03-30,1,0.3962430290578221,0.37344597436163984,0.7173013944751911
697e38075fd41819,2024-03-30,1,0.5427435387673957,0.5565959771897591,0.7127173684040741
77992b8727382373,2024-03-30,1,0.39076376554174075,0.4337964875249968,0.5710429777332772
91aa08e910fb4412,2024-03-30,0,0.7179705215419501,0.7214224417542844,0.6591371621789542
976abc27a4e5e26a,2024-03-30,1,0.740871613663133,0.7914887820039372,0.6385140476437599
99dc6d45cbdfa322,2024-03-30,1,0.34252477380439467,0.3679968771218483,0.45639505750490234
de12349f334c964e,2024-03-30,0,0.5720596355604638,0.5469457385749285,0.803827963307039
e30250daa73005a8,2024-03-30,1,0.690792883054068,0.6936076208318511,0.43086958200363107
e6d4fdad2b3422d1,2024-03-30,0,0.6574752261956054,0.7098831195317149,0.470790238370425
eb9f9f61507497a5,2024-03-30,1,0.5427435387673957,0.5415656343497243,0.5827768451727112
f59cefe16905d62c,2024-03-30,1,0.51736412571627,0.5214370755981808,0.5
0b9cd718d7e329e8,2024-04-06,0,0.24918743228602383,0.27434421666585124,0.2502873503404788
1685eecc7ef37fb5,2024-04-06,0,0.7508125677139763,0.7682629770943128,0.34342383143069094
188e6416157e5a1f,2024-04-06,1,0.5108342361863488,0.5917021664049528,0.2305895849108063
1f7566c90343a680,2024-04-06,0,0.41700735895339336,0.408938058393389,0.5264698080919021
32375b4435fea5e6,2024-04-06,0,0.5634920634920635,0.5925996087050316,0.30991107388402794
3ce96bb0c69b39be,2024-04-06,1,0.6636481241914618,0.7136118698610815,0.6581602224959869
3cf5e0ebb5f8322c,2024-04-06,0,0.5996387718242023,0.6640556523385082,0.5
47f8812a335b6ce9,2024-04-06,0,0.41700735895339336,0.41235757917984023,0.5961637979241903
5c3b8819dbe98114,2024-04-06,0,0.41700735895339336,0.4311613118155082,0.5
6ff21ea2c75c48ed,2024-04-06,1,0.725752508361204,0.7432743208280761,0.5048140001776106
9c22ddb8d8fc1838,2024-04-06,0,0.6224665518611737,0.6405455298494437,0.39886006632076704
ff5a8078ea85bbc7,2024-04-06,0,0.6853932584269663,0.7606274075722756,0.7059701983101704
01f7c28804746979,2024-04-13,0,0.334666386023995,0.31306675782047155,0.534409609316204
0c2e3988793b418c,2024-04-13,1,0.9039548022598869,0.9135130476531654,0.5865879332389353
538ca98010ed00ec,2024-04-13,0,0.4365079365079365,0.4610732377451034,0.4861956173512573
66eddbe35056c06d,2024-04-13,1,0.7867435158501441,0.7978983324558564,0.5030959071973838
b1ac165326d8f29e,2024-04-13,0,0.2132564841498559,0.2282874612698476,0.8523866838756713
cf5e8f98159c3971,2024-04-13,0,0.6224665518611737,0.6021756614406126,0.37543376916140303
d95f21817a56eb05,2024-04-13,0,0.37753344813882633,0.33654720546578554,0.22293745622006386
e4931f3ab3bf4141,2024-04-13,1,0.5427435387673957,0.5391967154469344,0.8156498713197298
eda1e8c285a0a788,2024-04-13,1,0.46753246753246747,0.4555975641514248,0.6601406455093289
0976778a6e6cf8a8,2024-04-27,0,0.33099297893681046,0.3469797445856429,0.4964107127753185
0a85b3ad328205ff,2024-04-27,0,0.7867435158501441,0.8271720363746727,0.5
417049c7a3d65ccc,2024-04-27,1,0.44855888528345095,0.40397620845746546,0.64649481451512
4915c8a588513c22,2024-04-27,0,0.2522172949002217,0.23667251047861912,0.6067865481155172
55231cc4112334b4,2024-04-27,0,0.2428115015974441,0.2576834801217259,0.5179492163249488
681cd3cc6299d652,2024-04-27,1,0.39076376554174075,0.367339289126081,0.453657720977812
6ea77cb62aa2f276,2024-04-27,0,0.30448717948717946,0.3474198981548428,0.6164538479842097
7ca5604d99220e88,2024-04-27,0,0.593369754159424,0.6254882745642407,0.6267222556027544
2db0998b24c11ea0,2024-05-04,0,0.19570707070707072,0.18329470243821178,0.24863855220306672
2faf5b8d708f8e94,2024-05-04,0,0.3712871287128713,0.38090195474507144,0.38723200585344286
3e74caa9fff4a5eb,2024-05-04,1,0.7957758771164253,0.8053502203868741,0.791768358380129
3f419fce8ba8aa0e,2024-05-04,1,0.6164383561643836,0.6194289456008404,0.6157539265862856
8a121f9c48f3773c,2024-05-04,0,0.31460674157303364,0.26651123918565756,0.4154133039703681
a8718a3419a11e15,2024-05-04,1,0.22849462365591394,0.1997915886139957,0.4585247757974913
b3d88eaea611a4a8,2024-05-04,1,0.4003612281757977,0.42081683363661004,0.6556612925951286
c456b1950208e0b2,2024-05-04,0,0.34252477380439467,0.3687637958534843,0.5948390602167426
c84a29f426f1aab7,2024-05-04,0,0.2522172949002217,0.2288859637788571,0.5521923072727394
13d8d5cd83e5b57e,2024-05-11,1,0.578989574979952,0.6428040738873226,0.7024670678801429
420a5e3b4010ebef,2024-05-11,1,0.48987854251012153,0.5370089099282893,0.58504811423939
4b45f190122a1ce1,2024-05-11,1,0.51736412571627,0.5586087729397817,0.3085031692434927
8aa07b6cc40f0cb2,2024-05-11,0,0.29446581828943474,0.30623978902430665,0.42891573062328703
8d9bcbb48888a5a3,2024-05-11,0,0.43103448275862083,0.419497025637267,0.483591817318981
ccf3b6eda4c2a564,2024-05-11,0,0.4826358742837298,0.481065265138502,0.55455527072781
e98eb6de29c62c9c,2024-05-11,1,0.33099297893681046,0.3382942538107108,0.6104925795203956
ec5d705232983b87,2024-05-11,0,0.4106205619018215,0.42713627847650704,0.44702844517532764
17aa636aa98678d3,2024-05-18,0,0.4106205619018215,0.37350713195283697,0.2929857782651426
20220ace492af368,2024-05-18,1,0.5260865852617197,0.5611421177894793,0.4763830621248228
85ddb65429a9d517,2024-05-18,1,0.5260865852617197,0.530113499237024,0.3373095647491728
052f53e006b28132,2024-06-08,0,0.4572564612326044,0.4341783504936788,0.6773354161548415
2d12ae4683bbf433,2024-06-08,1,0.32558139534883723,0.3492078363974814,0.5578273338355085
393f9bc7b51791a6,2024-06-08,0,0.6309403437815976,0.6430002883689219,0.6058600476447737
3b12094dd48c2dc5,2024-06-08,0,0.558797046641455,0.5053609501625502,0.46051368302045526
b34abcfe4c2e8a57,2024-06-08,1,0.7055341817105651,0.7594046173411283,0.4305228704898351
dcc0c53100fa1dd2,2024-06-08,1,0.7095435684647302,0.7182750334972977,0.8760446677988423
06713afc60301c0c,2024-06-15,1,0.6439672223792032,0.6552460919745519,0.5
19ef5890b20f903a,2024-06-15,0,0.4066302458405761,0.4515865596770102,0.7006265355326956
3b1438e9ec64990e,2024-06-15,1,0.7659021045164341,0.7536616878795854,0.5099131089047064
6bdb93f9b4581bf6,2024-06-15,0,0.39325842696629215,0.3683244964236717,0.530856265833872
6f31285305881fe3,2024-06-15,0,0.17154811715481172,0.20591131785410666,0.26631780021145435
78a7bf038e56881d,2024-06-15,0,0.6369041816941224,0.7406794670225434,0.37453897681669174
7f14be4e45bca6bd,2024-06-15,0,0.31943212067435667,0.3083013592906164,0.3462632992304917
94f5b35b2b6c72b1,2024-06-15,1,0.6634806849860613,0.7242055723333204,0.3930818707672126
ab7bc93bdf4132c4,2024-06-15,0,0.558797046641455,0.589765742475468,0.48661733350672043
e47523ac32bfa24c,2024-06-15,0,0.7380410022779044,0.7821655081943568,0.6042507918297021
fea3a0643218e16b,2024-06-15,1,0.2904564315352697,0.32018463422792715,0.4065414857852446
0ac2da3dbaf2fce2,2024-06-22,1,0.7581792318634423,0.7358678225098485,0.6290279362392363
774fb0c0c1c2bc6a,2024-06-22,1,0.6853932584269663,0.6793453585881962,0.44043948004141015
8bd5f20f49434c65,2024-06-22,0,0.551441114716549,0.5459365815231394,0.8497120172725082
8db5cf5df713a7e9,2024-06-22,0,0.37699680511182115,0.36941482212056515,0.742620719300076
8ddd53a7ed3754d5,2024-06-22,1,0.6498905908096281,0.7186863360886089,0.44893902079613696
9d5f562e0572058c,2024-06-22,0,0.5427435387673957,0.5784502500772143,0.4986456217516885
cd3bb8a2824fbf22,2024-06-22,0,0.6634806849860613,0.7048187071837173,0.4782156280359452
de1acb6803ab3f14,2024-06-22,1,0.7659021045164341,0.8101190214203873,0.5417133366300038
eba46dbf9cdd83c0,2024-06-22,1,0.5306122448979592,0.5622204245776122,0.8175881560840955
fbbf5391ea25521b,2024-06-22,1,0.8422876949740034,0.8456783922409123,0.5
08489fdfb56ee19c,2024-06-29,0,0.33651931501393867,0.3449420329189988,0.6738862413131774
2b7883b304b3df1c,2024-06-29,0,0.551441114716549,0.5051365345404364,0.4426971511093569
5f8a92f10e5451ce,2024-06-29,1,0.8998646820027065,0.9142139762065086,0.8141686181695139
a571c622ab89b3d9,2024-06-29,0,0.4796954314720812,0.40134421665396114,0.47533622672783965
bca5d01f8775f852,2024-06-29,1,0.558797046641455,0.5800311891240945,0.7976702887044325
bf878c083a6b30ad,2024-06-29,0,0.441202953358545,0.43173817878227533,0.5642697474840238
daa6b47be304ec86,2024-06-29,1,0.7307110438729199,0.7827856409419576,0.5528990260008928
fbf77262d8da342b,2024-06-29,1,0.6287128712871286,0.5969057073058316,0.787087568530803
fc8ad0c7fc70dde7,2024-06-29,0,0.2820294784580499,0.3288975035971309,0.4344056276355027
1394ce1832ddefe0,2024-07-13,1,0.6864406779661015,0.6933296503681586,0.43410897732119313
54de03e04f571735,2024-07-13,0,0.5,0.5519745792297494,0.366829240892364
582afc25875911d1,2024-07-13,1,0.5795601552393274,0.5505652249993382,0.7321954215391951
5eebde8fb4d67259,2024-07-13,1,0.5108342361863488,0.5059916908096496,0.7690909571567285
80108a70c4afa6c2,2024-07-13,0,0.7001620745542949,0.6988112708225469,0.6939037658088669
a63bb85cc39389c7,2024-07-13,1,0.299837925445705,0.2742008623553674,0.390542612061567
dad759ec50508147,2024-07-13,1,0.771505376344086,0.8101102926114891,0.6456717569949356
dff8e4ef87d69516,2024-07-13,0,0.6152818594710127,0.6162071474089837,0.5340860321724192
e06bfd0100eccbad,2024-07-13,1,0.7640449438202247,0.8410107096253516,0.8261799830472345
120ec60ad18cf6c5,2024-07-20,1,0.6092362344582594,0.6133694883955899,0.5671121747444557
4a00db8aeff200a2,2024-07-20,0,0.48987854251012153,0.47216788241384805,0.5443799131146768
6e6567a98ea78891,2024-07-20,0,0.6574752261956054,0.7251702539503093,0.6290279362392364
94541dd979e0b4bd,2024-07-20,0,0.42043984476067275,0.47784508665797953,0.5615370505180933
9eaa33f874bbb999,2024-07-20,1,0.42043984476067275,0.38101197488557925,0.4787430892672139
ec8bc554a0646638,2024-07-20,1,0.33099297893681046,0.3311310003530295,0.4030204706986462
45e6a9b56ee3a9d1,2024-07-27,1,0.7783132530120482,0.810813313795587,0.7486615290157098
678eda89a096dde8,2024-07-27,0,0.7307110438729199,0.7231742589349569,0.5016625618802657
8a2e28da18ba6a25,2024-07-27,1,0.7001620745542949,0.757456866865456,0.6285440391006173
9d8c32c60df0e287,2024-07-27,1,0.3249687530045188,0.32482110459965996,0.6236432096865254
d6e240c47ba6034d,2024-07-27,1,0.6498905908096281,0.7283734166428999,0.7630174047674367
ec434314c5438fc7,2024-07-27,1,0.7640449438202247,0.7683796853886163,0.5127976430156878
ec5163539a133f17,2024-07-27,0,0.6864406779661015,0.729897359087642,0.6698975176107013
f02fed4e98048471,2024-07-27,0,0.5217391304347826,0.6328055373641005,0.32555394483817574
1cd63899011c4bf6,2024-08-03,0,0.26928895612708015,0.24433122119529835,0.3372009391773876
2d39c26876246223,2024-08-03,0,0.204865556978233,0.18099436333074326,0.5322573849958189
33655fd07cfbe034,2024-08-03,0,0.24799599198396793,0.22044985853730706,0.6046663488649971
637f792270a0c746,2024-08-03,1,0.8882882882882882,0.9115891337816164,0.34129191878346044
77df662671ce11c5,2024-08-03,1,0.5795601552393274,0.5862241502277661,0.7168508561283639
b38450d9aa0f52b8,2024-08-03,1,0.7307110438729199,0.7618928637300576,0.4259255757871365
bb85e207eba236bc,2024-08-03,0,0.42794036443953615,0.44354594447787854,0.30808870108726744
d038ff5ac21094f3,2024-08-03,1,0.5101214574898786,0.5076042296367145,0.7247531144244319
d0d74672150ddea3,2024-08-03,1,0.550561797752809,0.5300023151586418,0.47455075154827825
de767dd5216bcad9,2024-08-03,1,0.5893794380981784,0.6220638303654275,0.808348542757387
e6851877e33d343f,2024-08-03,1,0.6750312469954812,0.7563892608645202,0.6824187780446467
f80143e1f3c3d319,2024-08-03,0,0.6571428571428573,0.7090850295115808,0.6529971763389307
fbbb703581440496,2024-08-03,1,0.7179705215419501,0.7213774828256077,0.7332229595164484
6aa89b7b5350b8e2,2024-08-10,1,0.8284518828451883,0.8347377783064952,0.746289522855503
7b4284bd3033a319,2024-08-10,1,0.7640449438202247,0.774278452612776,0.6255920119414233
84973bbdffaf0d0e,2024-08-10,0,0.42043984476067275,0.4065929994791433,0.550559813932589
e72a2130e7387637,2024-08-10,0,0.38167938931297707,0.40113753876209496,0.4850151375982166
059f5cf0e9e37627,2024-08-17,0,0.769993669550538,0.7961582954498013,0.690551118557461
3c319d4659e6c8fd,2024-08-17,0,0.22849462365591394,0.2207709032693406,0.522379440015072
43ebfc8914a39061,2024-08-17,0,0.5407914020517831,0.5989055809308869,0.712813487611364
6c44af21414e4143,2024-08-17,1,0.5217391304347826,0.5770327216757992,0.5432822302107246
b9d5c77ae7a8109b,2024-08-17,1,0.42043984476067275,0.38944433460977707,0.4041242433927129
bf8c5effd23f69c4,2024-08-17,1,0.29446581828943474,0.3183505532154386,0.5386149984110238
bfff6cf22c1c569c,2024-08-17,1,0.8647058823529411,0.8891969639253218,0.6872315410997811
dd3d8f7066c145b7,2024-08-17,0,0.31943212067435667,0.350096574252616,0.30090855424154256
ea4ff1d77928b029,2024-08-17,0,0.441202953358545,0.38939852961254007,0.6723161696072205
15805ae1eea3343e,2024-08-24,0,0.26645768025078376,0.2486990437931011,0.36890103763348103
2cbd53e43d3f606b,2024-08-24,0,0.7335423197492164,0.7561793359865344,0.5258360787258081
560f1e26c2a6690a,2024-08-24,0,0.34252477380439467,0.30204064468375,0.7349893889700462
5c5523a6bf83e44f,2024-08-24,0,0.5634920634920635,0.6261313350957243,0.5
70afe9e0d2422252,2024-08-24,0,0.36905965621840253,0.36960686892584355,0.3203344053967577
903d588b30a471e8,2024-08-24,1,0.7135512302607419,0.7879189051430879,0.3220021736925853
ae50a1a655b1a8f6,2024-08-24,0,0.136986301369863,0.15483166604120932,0.4448710424796458
ba8eda6993922ba0,2024-08-24,1,0.690792883054068,0.6140652467406944,0.5525854994550546
bad06a5380d762b8,2024-08-24,0,0.3194444444444444,0.30095594088133715,0.5
0c418b9cdfd525c9,2024-09-07,0,0.4365079365079365,0.46138015533926224,0.5
69bde5bae0d6ec4f,2024-09-07,0,0.4003612281757977,0.3994314451527439,0.5093505164526692
6e9876d2be2bbd02,2024-09-07,0,0.299837925445705,0.338804020840144,0.4581310203059302
75fa9c0bb31caaa3,2024-09-07,0,0.46753246753246747,0.4666982061189856,0.4811444136621587
abfd5ac6cf186d8a,2024-09-07,1,0.9197080291970804,0.9330066435737444,0.5315377506336189
b80c6eba11c54778,2024-09-07,0,0.690792883054068,0.6784072827426827,0.4027268626012553
f1613b372748c8bb,2024-09-07,1,0.690792883054068,0.8624966744251141,0.47554317280976205
f734b497add754af,2024-09-07,1,0.7179705215419501,0.6815394682646688,0.8660639426076266
fe59646ebad8b6e4,2024-09-07,0,0.2949668357393679,0.2605731908815581,0.45792028448175903
2335e75ce63805b6,2024-09-14,0,0.35527082119976705,0.3392928497843785,0.5861157426637535
2397e2a92710705a,2024-09-14,0,0.4572564612326044,0.4241097367729115,0.3743023281631482
27d98a8ee6608e27,2024-09-14,0,0.6369041816941224,0.7474629705064515,0.382134975395593
3146e5a47a922976,2024-09-14,0,0.4782608695652174,0.5012555787490504,0.503655290074169
3733d100f7bd5590,2024-09-14,0,0.5427435387673957,0.5740538400760066,0.7259545525771983
6f83cfae0c800ef8,2024-09-14,0,0.5427435387673957,0.5621323524855593,0.39485828056370803
78b506e5092a27fd,2024-09-14,1,0.644729178800233,0.6589231296158875,0.4042580164804006
c60a317c7767abb7,2024-09-14,0,0.8081570996978852,0.7954738725607644,0.7983910367480674
dae8ad2e03aa4a9a,2024-09-14,0,0.2949668357393679,0.3161867156017025,0.549323476978747
19706d8ba0edf9cd,2024-09-28,1,0.27792074112197634,0.3019147670266112,0.466264922147802
3599e9de4ae0e171,2024-09-28,1,0.827123695976155,0.8621809000564121,0.587369008967998
45f00a42a17f8e2a,2024-09-28,0,0.36905965621840253,0.39167602327743634,0.22276778722635843
47d978a984a163aa,2024-09-28,1,0.46753246753246747,0.46678694307748814,0.5829118654070904
62ff1e5deb124ff5,2024-09-28,1,0.6636481241914618,0.6905837824275114,0.3427144679571944
7ba432e218edc17d,2024-09-28,1,0.6805555555555556,0.6757801158484829,0.5295669505733365
7ca4c91bab696b89,2024-09-28,1,0.30920711694593195,0.3451772236721817,0.5897990975895434
89b772f864acb637,2024-09-28,1,0.4826358742837298,0.5095004691614482,0.5346079838370579
a187670c5ee1ec5f,2024-09-28,0,0.35527082119976705,0.35310465227721544,0.48203044090234837
d063d46208c560b1,2024-09-28,1,0.7508125677139763,0.7787799791764469,0.5458890482673988
d806aacf5b6ba7f6,2024-09-28,1,0.5324675324675325,0.620886288117333,0.5094209926195004
e01019fbfe0e9528,2024-09-28,1,0.8677165354330709,0.8743645777171105,0.7995306625056833
eedc7fccf7037949,2024-09-28,0,0.5829926410466066,0.6328795896206574,0.3492303546944609
f114929ed709606e,2024-09-28,1,0.8042929292929294,0.8327590352697525,0.6504986758847602
1d68bb733de24b06,2024-10-05,0,0.5829926410466066,0.5867999096602509,0.5443296568289248
3d7d82fff71e395a,2024-10-05,0,0.47391341473828014,0.4648202718397719,0.6341138231497705
5931cd9cf5da5f75,2024-10-05,1,0.42794036443953615,0.4458534304166409,0.4850716272405244
69bca5091b2a31f6,2024-10-05,0,0.33635187580853815,0.3190638844267888,0.646474920266674
8c5e06c71f392f33,2024-10-05,1,0.7768331562167907,0.7914109424627304,0.9494150513266727
9ea124a13d071186,2024-10-05,0,0.12000000000000002,0.1071093530929239,0.6617512592997373
e8aad69aace1d31f,2024-10-05,0,0.5043297540699688,0.5345657469294085,0.29596336976985516
eb73b63bbd7b88a7,2024-10-05,0,0.37753344813882633,0.3555385330042577,0.5686488563633246
ed5b6681ab4e83e5,2024-10-05,1,0.8,0.812987639468099,0.6029284455076342
48dd2c9cb39bd2d4,2024-10-12,1,0.4956702459300312,0.4876551584808333,0.27885095683991123
57415110bd494c79,2024-10-12,1,0.7135512302607419,0.7585389083973735,0.3456838408095808
69a5895fde58432c,2024-10-12,0,0.6164383561643836,0.6462653448785884,0.3835392328840123
85854504ce1aa97a,2024-10-12,1,0.6750312469954812,0.6784464105130673,0.36972007590666917
98c29ba02cee5ba3,2024-10-12,1,0.7600000000000002,0.7728605546229204,0.9210511418297861
b23554da35a84fbc,2024-10-12,0,0.42794036443953615,0.4227259615572773,0.42954389865495335
de484433eef22e1d,2024-10-12,1,0.6805555555555556,0.7032826508776382,0.6014692691036326
f1cc9169813c4a3e,2024-10-12,0,0.2820294784580499,0.25315906885885053,0.5044737173658994
f690949d90ff1dee,2024-10-12,1,0.6805555555555556,0.670698212257247,0.47794314659878107
0599f35e6679de02,2024-10-19,1,0.6037569709421778,0.6301030524444865,0.6887776080004787
308f6cb830019ea9,2024-10-19,0,0.35527082119976705,0.320022546680573,0.3554081233342711
32b8c6c4b735d712,2024-10-19,1,0.2231668437832094,0.25126791045666735,0.3114034224227047
4277b02a4dadac40,2024-10-19,1,0.5829926410466066,0.6421534146015766,0.3108545507522739
503d7342cc08109f,2024-10-19,1,0.7220792588780237,0.7569284954319406,0.7844589599706084
53f7f1b4834387a8,2024-10-19,0,0.33099297893681046,0.34755969519473845,0.5651322210524413
a2f2c64f9fb3fb1c,2024-10-19,1,0.593369754159424,0.6169617987626523,0.4617372029191267
a2f46e94aa6b0c64,2024-10-19,0,0.817258883248731,0.7956711824641206,0.5456099136061363
c61923255389e67c,2024-10-19,0,0.31460674157303364,0.2509772770042952,0.7437620361163694
f01b97e864cb4b8b,2024-10-19,1,0.17287630402384502,0.16194660143070116,0.4262314244522166
fc73ecbd83b7f159,2024-10-19,1,0.690792883054068,0.7288064922702754,0.3570442938748087
108434acbbd75d26,2024-10-26,1,0.5996387718242023,0.653183410958886,0.5490311300354603
1d65c141776949d6,2024-10-26,1,0.6805555555555556,0.6863181465948872,0.5510274974143964
5c783cd188425783,2024-10-26,1,0.817258883248731,0.840880407314024,0.7294358019241001
6114076c689e8457,2024-10-26,1,0.6574752261956054,0.6755592151684061,0.8789494693746798
781a2ea50f5ae68f,2024-10-26,1,0.4956702459300312,0.5066582340452613,0.5834905930052341
919e3c5cc6999cb3,2024-10-26,1,0.30423004792665137,0.22306719520371357,0.508714598226711
af6eeea1cfe33240,2024-10-26,1,0.5829926410466066,0.6247541848585959,0.1815209143715179
b09f54654b0f95f5,2024-10-26,1,0.740871613663133,0.7623886090638657,0.7653880160094012
b8bf186f884678ea,2024-10-26,0,0.3194444444444444,0.30607150531105076,0.382667171605781
bde635a4f345bc3e,2024-10-26,1,0.5720596355604638,0.6472616137105562,0.4906692804641275
cc11a0762f246fa4,2024-10-26,1,0.740871613663133,0.7692811105417704,0.7596527787230669
df7928de73fc2fe8,2024-10-26,1,0.8524590163934428,0.8935213862232486,0.5648492615650853
ebf7cea27b83c432,2024-10-26,1,0.7220792588780237,0.7817936456020714,0.5876763527566831
18729b11614406bf,2024-11-02,1,0.5829926410466066,0.6366880508161922,0.5022641200624154
6ad594777cce2d7d,2024-11-02,0,0.7001620745542949,0.6882100384723582,0.7088705052951185
799acf3ae8a5df0a,2024-11-02,1,0.6164383561643836,0.6145524319931401,0.4988841961152368
7edf2fe3a8776a44,2024-11-02,0,0.6309403437815976,0.6595726452826799,0.5013335521065395
d29a82322bb083d9,2024-11-02,1,0.7571884984025559,0.7687905109117881,0.5445895456647994
eaa885cf7ae31e0b,2024-11-02,0,0.32558139534883723,0.3538654348411666,0.2533613017397021
154138c8fc89c315,2024-11-09,0,0.27424749163879597,0.2726579071470629,0.7193978831922735
73f451d894a1d4ca,2024-11-09,0,0.1475409836065574,0.16694868377383,0.5681598437949469
c31d9cac7534d879,2024-11-09,0,0.20863836017569548,0.21068923847142232,0.5714878900320832
e6685759ed2af90d,2024-11-09,1,0.31460674157303364,0.2902915062716189,0.46110873398061436
ea6427379a83bd01,2024-11-09,1,0.7957758771164253,0.8392153488046077,0.6623826359763468
00414fc5519233b4,2024-11-16,0,0.6037569709421778,0.5952507648425667,0.6443210193543091
2a930e2d7e1f87a9,2024-11-16,0,0.4891657638136511,0.5144072003186627,0.5512246609005544
35c8223cc967fe0a,2024-11-16,1,0.3249687530045188,0.3186299242571458,0.40162715074852284
4f4189009a190e35,2024-11-16,1,0.6957699520733487,0.7417602905971087,0.7507298486480457
55eebc2ee92bf00a,2024-11-16,1,0.8720930232558137,0.8644509397950881,0.7227847878847867
6c1faa6284428e5d,2024-11-16,1,0.4891657638136511,0.47735311409489195,0.8108009122654165
8545a2495db16538,2024-11-16,1,0.28644876973925815,0.3148127902276702,0.4203144045187926
9676a4e9362e4bfd,2024-11-16,0,0.27424749163879597,0.25941806293017106,0.35276664439828076
b35e47f2f58ef026,2024-11-16,1,0.8118668596237336,0.8547069045151892,0.8405235175497062
c565e2baa27cc7e5,2024-11-16,1,0.8988580750407831,0.8854934862839627,0.7006020964189879
cfd3e62c638fbd1f,2024-11-16,1,0.8933823529411765,0.9153833402508601,0.43704091731984523
02ec66f311dce539,2024-11-23,0,0.30423004792665137,0.3631553511235005,0.6087733932035638
38f1c83c19e99fa2,2024-11-23,1,0.725752508361204,0.7438102427768052,0.5
56d2c00dfd391fcf,2024-11-23,1,0.6821515892420539,0.6919942277331823,0.6317754115260108
5dab54e34c2cfe01,2024-11-23,0,0.47391341473828014,0.5357305078795559,0.47755296094936434
64d6d51219e0664c,2024-11-23,0,0.8849315068493151,0.8845869328549322,0.564748078878275
828de4f5585c908c,2024-11-23,0,0.47391341473828014,0.4985170006234471,0.5
86a2f07e0bf20297,2024-11-23,0,0.6805555555555556,0.7482053138228064,0.5245099826403946
9c207acb12c17a67,2024-11-23,0,0.33099297893681046,0.3549574657552035,0.5
baee9b2491c986e2,2024-11-23,1,0.2005438477226377,0.18824802273990568,0.5
f0c4aff7dd1ec4e9,2024-11-23,1,0.6369041816941224,0.6353217940928899,0.4726648712179941
f53573316a4f349f,2024-11-23,1,0.7220792588780237,0.7563037588451906,0.3628372135812386
f5f28a8b472b8012,2024-11-23,1,0.5820772814469718,0.6269219038592955,0.5889640973884824
0292b9c31c0089ac,2024-12-07,1,0.8677165354330709,0.8895740788987819,0.9448257071806635
089388c9f00ce9c6,2024-12-07,0,0.5427435387673957,0.5870196146596928,0.6406253310959273
0f16d83859d608c7,2024-12-07,0,0.5043297540699688,0.5236939588493176,0.7298429640788411
1569186ee820ea87,2024-12-07,1,0.7279508556384379,0.745016779628293,0.5446328984470477
4914f7bd073c6359,2024-12-07,1,0.5836189170664839,0.5473347573884642,0.7659745912494678
72b12a837290b327,2024-12-07,0,0.12000000000000002,0.1312442943715148,0.4812652271623702
7c0d0a28a8fba102,2024-12-07,0,0.38356164383561636,0.41314008656614665,0.6166700065741864
97caf8fca9d9603b,2024-12-07,1,0.7600000000000002,0.7806289154360461,0.6129969917677204
a5c57b0f49e9f61c,2024-12-07,1,0.5427435387673957,0.5865335684719203,0.7216788894850135
d38029cf47e54cf7,2024-12-07,0,0.3962430290578221,0.4160809407752714,0.5140741666139338
df30514e0674d598,2024-12-07,1,0.6750312469954812,0.7130360868048107,0.6351197810902646
e761c5009c09b295,2024-12-07,1,0.6923076923076924,0.6999578508976687,0.8916839794323018
eb94412f15c62650,2024-12-07,1,0.8118668596237336,0.8063071126396063,0.681023669981212
f706508c52f337a6,2024-12-07,1,0.7600000000000002,0.8138147126423642,0.6221672695659803
00c6a2ef07ca51da,2024-12-14,0,0.31460674157303364,0.3552560555162422,0.7126110008885651
1a635a5e4551e7d5,2024-12-14,1,0.7659021045164341,0.7862537670563537,0.5958469324894508
2b6a75175bbca4e9,2024-12-14,1,0.8465011286681715,0.8690827396979127,0.5
5238f6470d0557fb,2024-12-14,0,0.33635187580853815,0.3131367886427446,0.46004197043134304
7521015554088962,2024-12-14,1,0.42794036443953615,0.44781751639787887,0.6271031923753079
7b1bc4ff776f12c1,2024-12-14,0,0.740871613663133,0.8198682496660389,0.45368749036307254
9c24c03131d5b49a,2024-12-14,1,0.6690070210631895,0.6698339723104305,0.6855844742177966
b0be38110c2d8b84,2024-12-14,1,0.7768331562167907,0.8147402855625315,0.49463589391368007
b40e4deb48658851,2024-12-14,1,0.5260865852617197,0.49524204359754964,0.5033646031458293
cf258c17234d649e,2024-12-14,0,0.30920711694593195,0.29032568239106815,0.6203407942037821
e5f9d59d00fe3c73,2024-12-14,1,0.827123695976155,0.8545972038414537,0.5263682836885171
ebeeed2595266bbc,2024-12-14,1,0.5829926410466066,0.6129158518696883,0.7067013558493414
edf7ce89ad672e85,2024-12-14,0,0.6805555555555556,0.7265759713500277,0.5812177627064029
