fight_id,date,won,market_p,model_p,method_complete
0165bd3c26f0c076,2021-01-16,1,0.6255648805681084,0.6257874439852523,True
358f816aff469270,2021-01-16,1,0.4145990075236113,0.37957372801848493,True
3d903bc35023f50a,2021-01-16,0,0.33880903490759745,0.36469281667498066,True
3fcd53eb27945231,2021-01-16,0,0.30549898167006106,0.28841269832754907,True
6b0da0b1cda7799f,2021-01-16,1,0.610215999437135,0.6696181876009686,True
775c1f401815bbd8,2021-01-16,0,0.6984924623115577,0.6891201600867658,True
97ad63e644757cf4,2021-01-16,0,0.5,0.4729123792870204,True
97c80f69ac312030,2021-01-16,0,0.6611909650924026,0.6772788896224571,True
a4817b7e46028b4a,2021-01-16,1,0.5954042868614491,0.6424617368196197,True
aeb7ff8ce6e1beac,2021-01-16,0,0.7191400832177531,0.7099084555539175,False
031e6624f96aceb8,2021-01-20,0,0.599271402550091,0.5774415471411465,True
11558384f80f6506,2021-01-20,1,0.7998411437648929,0.8368024060777404,True
4abcf14faa7f92f2,2021-01-20,1,0.7619047619047619,0.7709297990480715,True
4e451881e0e47b05,2021-01-20,1,0.5776397515527951,0.5670195735855259,False
4f6d3cdf2c77fb57,2021-01-20,1,0.5459837019790454,0.5277462456378763,True
57e784028ef2c17d,2021-01-20,1,0.46324269889224573,0.5284220276557267,True
61bedad39b15db7a,2021-01-20,1,0.4323570432357044,0.4460196644923535,True
76b61ff4c9760f79,2021-01-20,1,0.5585430102643292,0.5623958235365146,True
a003e8305d4dbdc8,2021-01-20,0,0.26508226691042047,0.27960259434023527,True
ac475de5a3d0d7e2,2021-01-20,1,0.4167202986227314,0.4727473515258221,True
ae38fb2a6b6a0cc1,2021-01-20,0,0.3517587939698492,0.438336468943155,True
d27ac1bc677b89cf,2021-01-20,1,0.7191400832177531,0.7712165064301136,True
dd34dd337e637767,2021-01-20,1,0.334855403348554,0.3041392656348571,True
3d3e7dc7b4bf2bc4,2021-01-23,1,0.2750424448217317,0.3197238201918843,True
65352221c0bfe52d,2021-01-23,0,0.44145698973567077,0.4204473507955968,True
83da743f6dda7dcc,2021-01-23,1,0.46324269889224573,0.5325360786437877,True
92f569a6d9374b86,2021-01-23,1,0.5400039315903282,0.4908330627340959,True
a5075f4eaee6036f,2021-01-23,0,0.5400039315903282,0.5661238696029145,True
aaf45b095452be23,2021-01-23,1,0.48734604352961025,0.5291288955737844,True
c597fd8bb66d54d8,2021-01-23,0,0.7293934681181959,0.7401801393207583,False
cd08b68f0bafafbf,2021-01-23,1,0.27060653188180406,0.25519725962929746,True
f3ccbfd7036f3cf3,2021-01-23,0,0.1938895417156287,0.18083737389404256,True
2c81668d1459991f,2021-02-06,1,0.5263157894736842,0.5114374871114381,True
86d6e09932c5b551,2021-02-06,1,0.3428571428571428,0.3153207238916664,True
8b9bdacca749ec90,2021-02-06,0,0.38263229308005425,0.37949759567504776,True
9ef858837dfc65eb,2021-02-06,1,0.7619047619047619,0.7601700916288472,True
af8ea6db042674ef,2021-02-06,0,0.6702870442203258,0.6218871583130197,True
bbade63ca780668f,2021-02-06,0,0.5324675324675325,0.5186351978897108,True
d65da3a3bc675449,2021-02-06,0,0.6053006554573952,0.5762923597212379,True
f4fbb11055301e75,2021-02-06,0,0.6556291390728478,0.6730631234685792,True
17616514e8fdacb9,2021-02-13,1,0.4831460674157303,0.4998765414081923,True
25b8c932da5e91f4,2021-02-13,0,0.5,0.5025224343616419,True
26fbf026beb8e9f8,2021-02-13,1,0.6480904580593055,0.6889385002261594,True
54e2490959f66dc2,2021-02-13,1,0.689615756616548,0.7388319651348226,True
8cf076524cad5a55,2021-02-13,1,0.7824011456758693,0.786151073989642,True
9201312dd860fa5a,2021-02-13,0,0.389784000562865,0.4013161477560414,True
96b1430379c0694a,2021-02-13,0,0.7941470428363521,0.7977941606702912,True
be94e5b7a35ce5f2,2021-02-13,1,0.7069403957079948,0.7235452879460386,True
f98e954823bd6e02,2021-02-13,0,0.4557395319216686,0.45517343147942874,True
05ceb8b2f93993a6,2021-02-20,1,0.5203045685279188,0.53925834493815,True
15b1c7ddc4415fdd,2021-02-20,0,0.3146551724137931,0.3183360927142353,True
1d892fec31dc7ad7,2021-02-20,0,0.42236024844720504,0.3686621286587625,True
82243207b4dfce87,2021-02-20,0,0.6209150326797385,0.6203163721261736,True
8f7328fe18806fb0,2021-02-20,0,0.3946993445426048,0.4283393769273059,True
931fd51ab69fb443,2021-02-20,1,0.4501789414202298,0.40755984301585946,True
990c2378caec68d4,2021-02-20,0,0.47368421052631565,0.42627950027024825,True
b12bc15f384ecc42,2021-02-20,0,0.7619047619047619,0.8178018387731132,True
b9cd4910f0ecff45,2021-02-20,1,0.3790849673202614,0.3353899982817506,True
c3b6aa47e7532a7b,2021-02-20,1,0.6781609195402298,0.6693628901503428,False
e175c1a0bff30187,2021-02-20,0,0.5,0.5817147834750253,True
11a83369d49ad138,2021-02-27,0,0.3720626631853787,0.34817474077556065,True
3a4e2dffcdd1c838,2021-02-27,0,0.27586206896551724,0.2982280889067329,True
3eac2d47ac252f4b,2021-02-27,0,0.6581196581196581,0.6698833236604697,True
4a704dae3091adaf,2021-02-27,0,0.33635187580853815,0.3488944776373135,True
6a0341234ecc4e87,2021-02-27,1,0.5798319327731092,0.5579957109505205,True
a7315147a7022a93,2021-02-27,1,0.3451298345568095,0.4301869503232285,True
bc86601cf781a89c,2021-02-27,1,0.5914733980829453,0.6554970962749824,True
c2ee423d1f0b4f6f,2021-02-27,1,0.447405997144217,0.4116669856576021,True
04a788abbbd1f256,2021-03-06,0,0.3720626631853787,0.4108994109609469,True
15c9cb5f9320c555,2021-03-06,0,0.5260865852617197,0.5247871695406419,True
2704d31de2c2f43b,2021-03-06,1,0.5882115462252725,0.5933794388130973,True
50ef636148fa6fac,2021-03-06,0,0.320754716981132,0.3940203485189624,True
5980ab31e4718a83,2021-03-06,0,0.6581196581196581,0.6198929761229904,True
7ad09f889d2cdb6f,2021-03-06,1,0.6581196581196581,0.6450102578665621,True
7de9867b7cc2b1b1,2021-03-06,1,0.3158617532616159,0.3781434873837645,True
873306ad79b62f5e,2021-03-06,0,0.4435793295775703,0.47771810247408264,False
ae5d14a9fc1ad19c,2021-03-06,0,0.42888402625820565,0.45411347425250964,True
c06d7bb29bc24d00,2021-03-06,1,0.7925157465728047,0.8289328919140363,True
c096342c57a6f2c4,2021-03-06,0,0.6792452830188679,0.6667886467661204,True
d170f6580e1c244f,2021-03-06,1,0.33099297893681046,0.3221476150526707,True
e2abba69c3371618,2021-03-06,1,0.6428571428571429,0.6011591218477393,True
f4363f1317b47213,2021-03-06,1,0.43795620437956206,0.4539481138359289,True
fd92fe0c494d0959,2021-03-06,1,0.84,0.8622140287469305,True
01f262b68a6a2223,2021-03-13,0,0.5427435387673957,0.6492013065211207,True
03bdbf2d18f3025d,2021-03-13,1,0.7065820777160983,0.6517434015351228,True
18c67631b76c18e5,2021-03-13,1,0.7395517867958813,0.7126088526040603,True
4944437e73071671,2021-03-13,0,0.5324675324675325,0.5779741708157461,True
70aa6b8f863e6861,2021-03-13,0,0.7241379310344829,0.733724338354105,True
8a7b0cd5ad9ca4fe,2021-03-13,0,0.6428571428571429,0.68621996047942,True
a6828a6dfb21d33c,2021-03-13,1,0.8122418325197146,0.7790407784582055,True
bb7ce8a6ba7f7cc5,2021-03-13,1,0.7241379310344829,0.7121542249775193,True
d0ebb0551377a1c1,2021-03-13,1,0.5427435387673957,0.5788498780838379,True
d15a87087b6f1452,2021-03-13,1,0.6345305608065531,0.6772129257448322,True
e8adfbbe0053c321,2021-03-13,0,0.4342832531763693,0.44240940113090743,True
2efbcd870f1f7bc7,2021-03-20,1,0.34929577464788736,0.36820640690286716,True
55bf7f19a132e0fc,2021-03-20,1,0.447405997144217,0.43253261755212635,True
68cf99b6551dc3b3,2021-03-20,1,0.5108342361863488,0.5467892073075452,True
9e45cc594a5a2506,2021-03-20,1,0.783098015142214,0.7989793204538044,True
a043e279434d5c8c,2021-03-20,0,0.3720626631853787,0.3652859228966075,True
afc86d1076c4c3a9,2021-03-20,1,0.6548701654431905,0.6828084450052114,True
b8a0047c927faa75,2021-03-20,1,0.8250000000000002,0.8127503292262083,True
dcfbbebc0aee6ded,2021-03-20,0,0.33635187580853815,0.3833478749123787,True
edac9fd482177a64,2021-03-20,0,0.3654694391934467,0.40643528419737557,True
0aa335dbc4cb3473,2021-03-27,1,0.7634625062908907,0.7980646204085994,True
2220b73ece1730c3,2021-03-27,0,0.35714285714285715,0.420162214221971,True
390694c179f05c7f,2021-03-27,1,0.447405997144217,0.5142429382013863,True
39d188fa9b95d550,2021-03-27,0,0.35714285714285715,0.3843490874477761,True
41622791b276ad9e,2021-03-27,1,0.5366306721917165,0.532091356138391,True
48292a027df02443,2021-03-27,1,0.7107039537126325,0.6662639758460022,True
4b3af85b0df51d09,2021-03-27,0,0.34929577464788736,0.34268766005186674,True
6002c24f0b7f8cc7,2021-03-27,0,0.3784721747803632,0.38137346719330834,True
8317208cfb030ed3,2021-03-27,0,0.42888402625820565,0.4378340840774946,True
b1eff235241e719b,2021-03-27,0,0.4435793295775703,0.4378236201477658,True
0992795fd0fa06d0,2021-04-10,0,0.5217391304347826,0.5507709984296756,True
1fee9eca658d9808,2021-04-10,0,0.3720626631853787,0.3880877956625726,True
3209bcfaf95de90b,2021-04-10,1,0.6888888888888889,0.7858248231016782,True
444f0a732695dc81,2021-04-10,0,0.7285666997682886,0.7207342379885848,True
646eeca9447c6965,2021-04-10,0,0.42888402625820565,0.4350505688133992,True
71b81d8199a0fa19,2021-04-10,1,0.41178845377472745,0.45152574689117675,True
7aebf01b5afc0109,2021-04-10,1,0.35714285714285715,0.3255717315991129,True
93a1cd50374397c0,2021-04-10,1,0.5711159737417942,0.5984582015408069,True
998296216e7171ed,2021-04-10,0,0.33635187580853815,0.2751489219932694,True
ac9a8b73e58f3d71,2021-04-10,0,0.4782608695652174,0.5445427882541938,True
ddd63237f1b857a6,2021-04-10,1,0.7195253505933118,0.6878511977646813,True
e27c28928ed4390f,2021-04-10,0,0.3158617532616159,0.32830806116015787,True
0b2c3c4306620d6d,2021-04-17,1,0.7362296353762606,0.786732613187569,True
24ff385ca78c80d3,2021-04-17,1,0.7697368421052633,0.8137265509136342,True
25d4376e00b16510,2021-04-17,1,0.3111111111111111,0.30138266380022816,True
627c0a50cff30405,2021-04-17,0,0.5324675324675325,0.5631740194246495,True
8d634c9240f161dd,2021-04-17,1,0.6690070210631895,0.6255300356125785,True
a33ecd2c88154890,2021-04-17,1,0.5882115462252725,0.6097275519313131,True
a850ba762f3c5334,2021-04-17,0,0.7241379310344829,0.6884710054083037,True
f2c82f027201ba21,2021-04-17,1,0.4572564612326044,0.5277866740848631,True
f67aa0b16e16a9ea,2021-04-17,1,0.6841382467383841,0.6818228462425292,True
fdfe4e7cb2d0b665,2021-04-17,1,0.5962732919254659,0.6058392043097028,True
00bbcd4a6d647fdf,2021-04-24,1,0.3111111111111111,0.39355731584899584,True
1820fed0fbcf6294,2021-04-24,1,0.40372670807453415,0.4598855351790265,True
34d2632fd26e7078,2021-04-24,1,0.7900763358778627,0.799559306537564,True
512af32553d9bd70,2021-04-24,0,0.46753246753246747,0.4970149487075924,True
6a5eb525331fa1fc,2021-04-24,1,0.7328244274809161,0.7634823428107166,True
6a7347d1da8a2b87,2021-04-24,1,0.6792452830188679,0.7181227217776077,True
6d8da45352344964,2021-04-24,0,0.6428571428571429,0.648777942562856,False
c5dfce1eaa2dc169,2021-04-24,1,0.6187175043327556,0.5706852270406527,True
f5dd0a24a7dba53c,2021-04-24,0,0.447405997144217,0.4920002874371921,True
26202a4bd36d3fd2,2021-05-01,1,0.7195253505933118,0.7497920972778441,True
2ef09c8fe29251ac,2021-05-01,0,0.6841382467383841,0.6992926004292942,True
2f82e8079ba354f4,2021-05-01,1,0.6581196581196581,0.6907123522592997,True
394802bb096b403e,2021-05-01,0,0.5217391304347826,0.5102313266031764,True
3d790112d2e6d851,2021-05-01,0,0.5366306721917165,0.49944827774580247,True
78dc032441394331,2021-05-01,1,0.6345305608065531,0.666044913179664,True
c9c79de21823d941,2021-05-01,0,0.41178845377472745,0.3876928058693871,True
d6b5a6ad27a730ae,2021-05-01,1,0.778440562420111,0.7867407736694989,True
d72f9b3ac742a9e3,2021-05-01,0,0.5994128799461808,0.5867541463789921,False
ffd8e8575a551875,2021-05-01,1,0.6841382467383841,0.6517641542746208,True
00fbeda449926c13,2021-05-08,1,0.4167769251124636,0.41681480464759896,True
178c4926223dca0c,2021-05-08,1,0.37037037037037035,0.41916531723473804,True
295a0bf12a7373c0,2021-05-08,0,0.4342832531763693,0.4296363612671934,True
37fda56a435a9b24,2021-05-08,0,0.34929577464788736,0.4155723566294965,True
3f71ac21472f994c,2021-05-08,0,0.3784721747803632,0.420354807010149,True
4ffbadfb86284af5,2021-05-08,0,0.6888888888888889,0.698038209800571,True
8a95f0e3f9111f0c,2021-05-08,1,0.41178845377472745,0.38695860296798035,True
db2c805201a3116e,2021-05-08,0,0.5798319327731092,0.5649274930988604,True
1f2f27b36e79da74,2021-05-15,0,0.43795620437956206,0.41891373459598163,True
2b894d87ad9aae05,2021-05-15,1,0.4782608695652174,0.5218502876314394,True
5573d46130d6b967,2021-05-15,1,0.4956702459300312,0.4885694615758877,True
6655a8da2655f2d0,2021-05-15,0,0.5746439580499061,0.5528195510122117,True
be2e28ba3bdeb400,2021-05-15,1,0.46753246753246747,0.4873660059630929,True
bfd672cac0726a9a,2021-05-15,0,0.674203744225626,0.7041445800080828,True
ca22bafab913aae7,2021-05-15,0,0.5151837230488916,0.42676996510434295,True
cfbaeb80b5ff7c00,2021-05-15,0,0.4253560419500938,0.4026959804255678,True
de332779baa1b103,2021-05-15,1,0.6636481241914618,0.6886849808469104,True
fef29aa73bd5b907,2021-05-15,1,0.5427435387673957,0.5618724155907521,True
138f719d370e8ba0,2021-05-22,0,0.6220052756098223,0.5985438020551678,True
16369fa06392f6a0,2021-05-22,0,0.5564206704224298,0.5341031935660977,True
3627f5133ce55902,2021-05-22,1,0.7490483575355985,0.741928181925763,True
559c0c3d752f327a,2021-05-22,0,0.6220052756098223,0.5209519661194859,True
7f8340dfe4220c3e,2021-05-22,1,0.5467333541731791,0.571367652907957,True
82d48296fd06c27f,2021-05-22,0,0.19354838709677422,0.18034085556605586,True
ae0afbff5ba07a34,2021-05-22,1,0.42888402625820565,0.5183262259056539,True
b381dc272b32ce03,2021-05-22,1,0.7550141337999732,0.7364696240492157,True
c7cf2194fe5c751f,2021-05-22,1,0.674203744225626,0.6561238171407794,False
d16f7ab4e28171ea,2021-05-22,1,0.5427435387673957,0.5634643160617399,True
d44a814b106b94ff,2021-05-22,1,0.8027415580073554,0.7845587189305373,True
e624d85a0d718578,2021-05-22,1,0.46753246753246747,0.4842719113953652,True
0716a38768a34789,2021-06-05,0,0.6341463414634145,0.6627297227972263,True
23b943e9ce495f0b,2021-06-05,0,0.33880903490759745,0.33246531410243085,True
2c0cddd12deb7450,2021-06-05,1,0.5126539564703898,0.5636678232903768,True
419d1e29668b57fb,2021-06-05,1,0.7473182359952324,0.7359292655020402,True
58c5d506181812fa,2021-06-05,1,0.3560327776207968,0.3233604215500746,True
5c0e5d850d8e661f,2021-06-05,1,0.4599960684096718,0.41748008888914184,True
73a83b2595416f0a,2021-06-05,1,0.6341463414634145,0.598105645812691,True
827aacd14f80e8f3,2021-06-05,0,0.6611909650924026,0.6421091319744641,True
9252ad2304fd9a26,2021-06-05,0,0.6053006554573952,0.5553200854810327,True
bb6438338bb8aebf,2021-06-05,1,0.5689655172413793,0.5924277367769869,True
f187c7ec92f43828,2021-06-05,0,0.3946993445426048,0.4339907401396713,True
0f51869f98afa6c0,2021-06-12,0,0.623003194888179,0.6087819162324187,True
1b4d5dbf5f663a97,2021-06-12,1,0.5888285492629945,0.6283667657588995,True
34d38d77c1d3f00e,2021-06-12,1,0.6695178849144635,0.7102253766045482,True
43dfb2c1e5fecac9,2021-06-12,0,0.35010940919037203,0.3393821922636161,True
4560734220b96851,2021-06-12,1,0.30549898167006106,0.29480188632729665,True
6cd44e1b2d093ea4,2021-06-12,1,0.6665837272953471,0.7210273865315954,True
7d2051c6bae907cb,2021-06-12,0,0.5702592087312415,0.5340547116692932,True
84cde29aebf6c00c,2021-06-12,0,0.4935930292157868,0.5212266098193559,True
9127a6430e46292c,2021-06-12,1,0.5689655172413793,0.5325216226326948,True
b070b8c2c489d838,2021-06-12,1,0.7913043478260869,0.8329634940603823,True
d4ad90ac58429b64,2021-06-12,0,0.6378504672897196,0.6353724741241619,True
d66164d2c770da68,2021-06-12,1,0.6702870442203258,0.6657972513697934,True
dedb74ee9d84deab,2021-06-12,1,0.5287958115183247,0.5809968929469917,True
1e9f081a84e7ec18,2021-06-19,0,0.5400039315903282,0.5408882673631041,True
2bdf774dc8b17504,2021-06-19,1,0.38560064716192527,0.3666536808566357,True
50cae63d530ede7c,2021-06-19,1,0.4128584935392373,0.46135337488228023,True
53ed3f8f653b37b2,2021-06-19,0,0.44783390795982614,0.5058608295039358,True
6fd9a013cea5a403,2021-06-19,0,0.3146551724137931,0.30157457282312994,False
744627aec853874e,2021-06-19,0,0.685344827586207,0.7064553314240801,True
87c8e086c29ae543,2021-06-19,1,0.5871415064607627,0.666986018441521,True
a83ebbf013905949,2021-06-19,1,0.6611909650924026,0.655927471919063,True
bb1ac382e0277b3f,2021-06-19,0,0.47368421052631565,0.4613034398500544,True
d3c0dfa57950aefd,2021-06-19,0,0.43103448275862083,0.3894621639388604,True
d684d8b02ab53031,2021-06-19,1,0.4048828569262264,0.40924680537680813,True
e8fd128286788a6d,2021-06-19,1,0.5721476510067114,0.5831751908636469,True
086c2a0cae0835c4,2021-06-26,1,0.7161380760469599,0.8584455271211293,True
0eac7075bf3d7ab7,2021-06-26,1,0.7475083056478405,0.7417019434553979,True
23c7c6ceee34585f,2021-06-26,0,0.43103448275862083,0.46235861937062833,True
4341ebb5a56e6943,2021-06-26,1,0.6781609195402298,0.6391998410757261,True
5357dab4d331eb18,2021-06-26,1,0.6053006554573952,0.7039638538401436,True
78afed76d0e9a639,2021-06-26,1,0.5776397515527951,0.6239394291710357,True
81de3929330076d2,2021-06-26,0,0.6695178849144635,0.6786275307327384,True
85099c6378ff87c5,2021-06-26,1,0.5475460122699387,0.550154124140721,True
c9283da5f4d7aaf4,2021-06-26,1,0.5562373308497234,0.5262104521002826,True
ce0fda34122f3d48,2021-06-26,0,0.6611909650924026,0.6052066412620533,True
d40eae4425092219,2021-06-26,1,0.6258007230291115,0.6677844133870708,True
d988760df61f027c,2021-06-26,1,0.6596858638743455,0.7109347622287607,True
07468b6347ac5e3d,2021-07-10,0,0.3334162727046529,0.36039556895821606,True
1aba46988c9b58f9,2021-07-10,0,0.4128584935392373,0.44133722943255954,True
53b480b44b0b51f1,2021-07-10,1,0.5367573011077543,0.5668383514299264,True
5d5bf07dbfada0e3,2021-07-10,1,0.6359223300970873,0.6525638178701862,True
7070abfa26c079b8,2021-07-10,0,0.3790849673202614,0.4038504088875583,True
7d0ce28ce8a77eb1,2021-07-10,1,0.5297741273100617,0.5931859582114257,True
8245791a3d3403c6,2021-07-10,1,0.4128584935392373,0.462617195859269,True
858feabaf429a963,2021-07-10,0,0.48734604352961025,0.5024381396359616,True
96bbb6c573dac27a,2021-07-10,0,0.3808255659121172,0.33748756601037,True
ac0a1d87e9ff4085,2021-07-10,1,0.7207267833109018,0.6939905861831217,True
dbcc5b5d568efa8b,2021-07-10,1,0.860759493670886,0.8467482588112865,True
49876b12d440af40,2021-07-17,0,0.7228793511321393,0.7545586091964332,True
72105dd82d964e7a,2021-07-17,0,0.298804780876494,0.28244572141435775,True
7d4c160dab6eae73,2021-07-17,1,0.8630136986301371,0.87948066782208,True
813444e109995c97,2021-07-17,1,0.6507042253521127,0.6270040962095788,True
8151659b2bc16f0e,2021-07-17,1,0.7153024911032029,0.6899756694274278,True
93d5452726f5f364,2021-07-17,0,0.562043795620438,0.5091425317603018,True
940701effe1d2b6c,2021-07-17,0,0.5798319327731092,0.6015933308126906,True
f0b83b05f3dd9580,2021-07-17,0,0.37889039242219213,0.3812374228855467,True
1bde9cb65d31cc76,2021-07-24,1,0.41700735895339336,0.4631556982471449,True
1be65a0d2c1383f6,2021-07-24,1,0.38848920863309355,0.34506518205370734,True
214b268e4a92f950,2021-07-24,0,0.6507042253521127,0.6727150752119214,True
40ce202eaa78860c,2021-07-24,1,0.5217391304347826,0.5266224112937955,True
43c391b251337c9b,2021-07-24,1,0.6755725190839695,0.6899635185610189,True
4911094a4ee26868,2021-07-24,0,0.5,0.5163965922846037,True
4bb77b1d8efc53a9,2021-07-24,0,0.7272727272727274,0.7514038923655556,True
7c3ad06a520b8716,2021-07-24,0,0.5882115462252725,0.6201729461190427,True
c13474b85d3ced32,2021-07-24,1,0.7672295755362848,0.7466197386782232,True
cade0268dec56f3d,2021-07-24,1,0.6581196581196581,0.6692219900201962,True
dff1dbb8fe1f31cb,2021-07-24,1,0.41178845377472745,0.5001613522416316,True
12ceec9431fb0827,2021-07-31,1,0.25787965616045844,0.1911704894276184,True
1978b44503c3d9ff,2021-07-31,0,0.562043795620438,0.5383524685571051,True
6671b567c4eb9982,2021-07-31,0,0.41178845377472745,0.44521634113991493,True
8522bc62e8d942ab,2021-07-31,0,0.34929577464788736,0.35558035265211224,True
96c51bc6316a4b47,2021-07-31,1,0.40372670807453415,0.40530610245264115,True
9eef9b7967991296,2021-07-31,0,0.6957699520733487,0.715677780876755,True
e3ecb94228c2739f,2021-07-31,0,0.6211096075778079,0.6500091460417118,True
fb9095887dca34c7,2021-07-31,1,0.39596563317146055,0.5369829793676282,True
3d75081ce43774ca,2021-08-07,1,0.5,0.44847364811648727,True
85c5dd604d5b3634,2021-08-07,1,0.6428571428571429,0.6495673582413536,True
962aab0abdd34173,2021-08-07,1,0.46753246753246747,0.5008210651181169,True
980927e7dcc131c0,2021-08-07,1,0.4891657638136511,0.5143022858321802,True
9a678f346946b6a4,2021-08-07,1,0.6704377766847024,0.7064592249931065,True
af9927b5589e708b,2021-08-07,1,0.7421203438395415,0.7616534026985897,True
bf732e22055e8634,2021-08-07,0,0.27272727272727276,0.26728214770227315,True
cce232c1b1b2e4a0,2021-08-07,0,0.4891657638136511,0.4460607729417057,True
dcd0793ff1a43b68,2021-08-07,1,0.7104677060133631,0.7155393860987964,True
efe985e626a0d8c0,2021-08-07,0,0.5108342361863488,0.5598664811239573,True
f2336b7545f5f442,2021-08-07,0,0.5711159737417942,0.5920041702444613,True
0b47788da6de735e,2021-08-21,1,0.6115107913669064,0.6786779919621595,True
12d2b282561b5e5f,2021-08-21,1,0.4782608695652174,0.49666892519964695,True
3a9e0fed344fd07d,2021-08-21,0,0.38848920863309355,0.3727207327427841,True
47230f9b5d7ae037,2021-08-21,1,0.35714285714285715,0.3464054569636996,True
47a157222b2c9092,2021-08-21,0,0.39596563317146055,0.40940662461823796,True
5e2ce5aa3a92c2df,2021-08-21,1,0.6115107913669064,0.6203427146840158,True
755d84d5f4aa4dbf,2021-08-21,1,0.562043795620438,0.5805527015227723,True
8badcb2134c1cdaf,2021-08-21,0,0.5882115462252725,0.5613660637280322,True
92d39a17e34cf581,2021-08-21,0,0.5882115462252725,0.5544663163816329,True
bfacb44c24bfe0e9,2021-08-21,1,0.6115107913669064,0.47796334928490897,True
e1897ff433134cb8,2021-08-21,0,0.5798319327731092,0.5614925178769621,True
f536ba47f006474a,2021-08-21,1,0.5711159737417942,0.5612237570479736,True
089a17e450cc98aa,2021-08-28,0,0.5711159737417942,0.6385026421669697,True
0f3a91caeaa55094,2021-08-28,1,0.6428571428571429,0.6389798722738603,True
1de342e9309c5f0f,2021-08-28,0,0.8128898128898129,0.8217837840503783,True
2cb9ba68fc855f33,2021-08-28,1,0.7880184331797234,0.7983250983795981,True
5086f9fb4fdc2f60,2021-08-28,1,0.6428571428571429,0.6754615404356753,True
58d5e4afc2dd35d1,2021-08-28,0,0.4891657638136511,0.5033099042108174,True
5cd1869013741767,2021-08-28,0,0.5324675324675325,0.51786052521491,True
ad3aa9520131ff2e,2021-08-28,1,0.8088235294117646,0.843898557441631,True
be4890f4aaadec28,2021-08-28,1,0.7191400832177531,0.8028094702172535,True
e24c8aab497b4fe1,2021-08-28,0,0.6957699520733487,0.767290436241389,True
ed64e42263bf50bf,2021-08-28,1,0.5711159737417942,0.5919174133358144,True
ef4484943b1c68a9,2021-08-28,0,0.5798319327731092,0.5821994363766144,True
06c0c7dda5a5909d,2021-09-04,1,0.5217391304347826,0.44886335697484064,True
14f2bb86fd888e91,2021-09-04,1,0.42016806722689076,0.4370382871278851,True
3f76035e52e8819b,2021-09-04,1,0.35714285714285715,0.3664424326423149,True
4fc128b1bdf088b1,2021-09-04,1,0.8259833134684148,0.8366449364090034,True
8fc238e84c4624a7,2021-09-04,1,0.5711159737417942,0.6009998855637914,True
a7c38d4d66abf923,2021-09-04,0,0.40372670807453415,0.421258938000217,True
ad81be01a461c936,2021-09-04,0,0.5962732919254659,0.6038554475878222,True
b977ffcc6428046f,2021-09-04,1,0.6755725190839695,0.6677813455988251,True
f09912e9d8eaa968,2021-09-04,1,0.5324675324675325,0.5546978963100015,True
06b3226c34c17001,2021-09-18,0,0.4891657638136511,0.476082510058624,True
0ce63c2148e70b4c,2021-09-18,1,0.7775930160049885,0.7937349090508996,True
13a8ddb1c3f55ed4,2021-09-18,1,0.8579439252336448,0.8797064460866459,True
2d42742aade53799,2021-09-18,0,0.447405997144217,0.4678078237279592,True
401f5f4714132d50,2021-09-18,1,0.6211096075778079,0.6693479308473974,True
4b5f9b7c31d1205d,2021-09-18,1,0.6115107913669064,0.6061978307672936,True
576b795e33ddd62d,2021-09-18,1,0.35714285714285715,0.3679391414487471,True
d06495deb1ff1750,2021-09-18,0,0.46753246753246747,0.4443927848812789,True
d1621b3da377f34b,2021-09-18,1,0.5798319327731092,0.5464372025302322,True
dc870fab1e0f15e1,2021-09-18,1,0.8259833134684148,0.8296605039445967,True
eb10feae98ea7d36,2021-09-18,0,0.5324675324675325,0.5484450148828227,True
18f1b88d8977c216,2021-09-25,1,0.6211096075778079,0.6591610651030755,True
7233b2a56438d77a,2021-09-25,1,0.8935018050541516,0.9139641731967859,True
73f6b72b4889088f,2021-09-25,1,0.8029168309026409,0.7748581197023863,False
7484298ad57099be,2021-09-25,1,0.40372670807453415,0.4862124007878918,True
7abc4520f63f2c06,2021-09-25,0,0.5108342361863488,0.44440968725237984,True
92e006a93f983fb5,2021-09-25,0,0.40372670807453415,0.44234421060521234,True
b3c23fb2d71bba51,2021-09-25,1,0.5798319327731092,0.5434812379906891,True
bc276e0f07e30a54,2021-09-25,0,0.2771206488678608,0.2308093319289953,True
d8189169b2c8a2aa,2021-09-25,0,0.42888402625820565,0.449836228574039,True
e7bb37681652c2c2,2021-09-25,0,0.23809523809523808,0.231281223830546,True
f085f32bbb3220e1,2021-09-25,0,0.3418803418803419,0.3867008854875586,True
f4a2806f77ac1cdc,2021-09-25,1,0.6581196581196581,0.6539521414595126,True
f4df74046a1c4364,2021-09-25,1,0.7553516819571866,0.802623311161267,True
16d31775a8dcb31d,2021-10-02,0,0.15953307392996105,0.1774239389590119,True
37c484012ef24a5b,2021-10-02,1,0.5798319327731092,0.5688787137594102,True
3b7eb8e56052a2af,2021-10-02,0,0.552594002855783,0.6001011228967615,True
5f444eac11e55161,2021-10-02,1,0.7054263565891473,0.6589625254273683,True
6832e9e62da0f9d3,2021-10-02,0,0.30423004792665137,0.3032591165689119,True
9c33c8d4a381ba70,2021-10-02,0,0.35714285714285715,0.3874442164910151,True
a00b4e82f9d4f92c,2021-10-02,1,0.8335570469798658,0.8436404315957562,True
c1e5859053263811,2021-10-02,1,0.5882115462252725,0.6171531991353413,True
dba710edbc3c29ff,2021-10-02,0,0.4572564612326044,0.42283440008301054,True
dfa2f5c821a52c63,2021-10-02,0,0.5882115462252725,0.5875580114448881,True
e7423a91a253b416,2021-10-02,1,0.7153024911032029,0.7571941595435173,True
149d6b90f33634a4,2021-10-09,0,0.6428571428571429,0.6634106844624486,True
20f19439e9b100b0,2021-10-09,0,0.3698979591836735,0.4000760870137375,True
38957d8eb185391c,2021-10-09,0,0.6428571428571429,0.6604717964970446,True
6101249c2cdd1493,2021-10-09,1,0.7001620745542949,0.7066649725983618,True
777c65184aa63894,2021-10-09,1,0.817258883248731,0.8150695880410652,True
d5ffdb5388ffabc6,2021-10-09,1,0.725752508361204,0.7319168294915235,True
ddb927b0dfcfac2a,2021-10-09,1,0.725752508361204,0.7586646286096056,True
df16b9c2fc9722e9,2021-10-09,0,0.35714285714285715,0.3763573212772797,True
f526892a27b50576,2021-10-09,1,0.7342398022249692,0.7575994772803156,False
188b63ec6ee1c1c9,2021-10-16,1,0.46753246753246747,0.4732953397559361,True
330e67abac6e5ce7,2021-10-16,0,0.562043795620438,0.5445253000262039,True
814d481e79e9a525,2021-10-16,0,0.447405997144217,0.4927064213351756,True
a2e1116a9fe84aa9,2021-10-16,1,0.25107991360691145,0.23449053940053965,True
b193e2317b21125c,2021-10-16,1,0.7272727272727274,0.7541977936719565,True
be8bee783d22bee2,2021-10-16,0,0.6581196581196581,0.6125184019314082,True
cf020c71f1dbfa0b,2021-10-16,1,0.562043795620438,0.6100682856004298,True
d9ca00b3c62a874d,2021-10-16,1,0.7054263565891473,0.6928826570628529,True
e3881a6895be3e9e,2021-10-16,1,0.27272727272727276,0.25514684817964595,True
fefa96b6d939ffea,2021-10-16,0,0.41178845377472745,0.3810570364878564,True
1fe58cdab57d233b,2021-10-23,1,0.6957699520733487,0.5986494033098562,False
587d373f18f6c8c0,2021-10-23,1,0.5324675324675325,0.5344096769052724,True
61d9eff5fa4c8578,2021-10-23,0,0.552594002855783,0.5960773719932355,True
69167b996ce7a7e4,2021-10-23,1,0.5711159737417942,0.49736932717665666,True
6d7eecf4acecda2a,2021-10-23,0,0.38848920863309355,0.33438991148866615,True
7151ae256e6c181b,2021-10-23,1,0.4891657638136511,0.4543715656109391,True
85f920746c58d0a6,2021-10-23,1,0.34929577464788736,0.46684351463485163,True
860be3cc82895177,2021-10-23,0,0.35714285714285715,0.34631411489517494,True
88256dd5a9aef1cc,2021-10-23,0,0.447405997144217,0.41414881495855427,True
98842f17dfe4b4ef,2021-10-23,1,0.31339660119178986,0.32312733729461957,True
acec5f4c6fee1ae2,2021-10-23,1,0.5882115462252725,0.5485429134654728,True
d44d735e5079bfb8,2021-10-23,1,0.7672295755362848,0.756722901844507,True
e078d18fa9ed100d,2021-10-23,1,0.6755725190839695,0.7392382154918926,True
13e3e41e0c6f4e04,2021-10-30,1,0.6912521440823327,0.7230717474990617,True
156f2425a937b22f,2021-10-30,0,0.30423004792665137,0.31308219130197884,True
18edff5447989b3f,2021-10-30,1,0.7191400832177531,0.724016565036732,True
41cdfea7df63003f,2021-10-30,0,0.40372670807453415,0.4264384215186685,True
4a5e5232346993c7,2021-10-30,0,0.3418803418803419,0.33569326792561127,False
58b19ba734fe93a3,2021-10-30,1,0.7489200863930886,0.7760515569211719,True
5ad4c0eae7512878,2021-10-30,1,0.8178217821782179,0.839692170504787,True
6163c18411aca830,2021-10-30,1,0.7727272727272727,0.759327440081803,True
768c86e307295944,2021-10-30,1,0.7553516819571866,0.7419269950191653,True
919fb76d2f3e5827,2021-10-30,0,0.6957699520733487,0.7374305069663454,True
92c49cb075f612d7,2021-10-30,0,0.4891657638136511,0.5960955186494489,True
987cdcbc809e210d,2021-10-30,0,0.22240698399501146,0.20983182651228902,True
d84968d7e9fcb4f3,2021-10-30,1,0.6040343668285393,0.6549876198604836,True
efc6af0151f72b87,2021-10-30,1,0.7011952191235059,0.6937365171995648,True
095a351dd6f09f7e,2021-11-06,0,0.4782608695652174,0.4649113984678868,True
19722043e7eb4e39,2021-11-06,1,0.4782608695652174,0.5142587345595585,True
31b3ae9352d9389b,2021-11-06,1,0.7272727272727274,0.7404847498181296,True
385101e8ad828c39,2021-11-06,1,0.7054263565891473,0.7410469994136306,True
73d541adc2909dc8,2021-11-06,1,0.7619047619047619,0.7322452930114984,True
8081cb92f71401c6,2021-11-06,0,0.35714285714285715,0.38739464992660255,True
88cc78d2d5d6bcaa,2021-11-06,1,0.7619047619047619,0.752353933357506,True
999a0fad4c82148d,2021-11-06,1,0.6507042253521127,0.6401259412259834,True
a260238fdb9c47cf,2021-11-06,1,0.6115107913669064,0.597627043213656,True
c634ed84212723ca,2021-11-06,0,0.3698979591836735,0.3807814765466169,True
e25875165648162b,2021-11-06,0,0.5324675324675325,0.49642449216292384,True
fa3b28ff3585b4a0,2021-11-06,0,0.7349177330895795,0.72644472690054,True
0273dbd5dedbdbe0,2021-11-13,0,0.6755725190839695,0.6323230264968167,True
1013cdbb6c9a4a2e,2021-11-13,0,0.6040343668285393,0.5756420177195158,False
147e984aa34e3028,2021-11-13,1,0.8335570469798658,0.8173692450640921,True
2c21abbc28e3876a,2021-11-13,0,0.6818181818181818,0.6749739184956469,True
66eee2320e900a8a,2021-11-13,1,0.7489200863930886,0.7492607976336509,True
73c97d5c314f1270,2021-11-13,1,0.5711159737417942,0.6030124764100775,True
81bb4d9b214adf4b,2021-11-13,0,0.46753246753246747,0.4995904604481432,False
8636b67096df4b27,2021-11-13,0,0.5962732919254659,0.595040080451259,True
a27a355f52883f3e,2021-11-13,1,0.7619047619047619,0.7939288202246509,True
c0518d213b67e754,2021-11-13,0,0.5217391304347826,0.5585870257999745,True
e6ce8360ef43891c,2021-11-13,1,0.7489200863930886,0.6995910713112393,True
18f19b1422e8154b,2021-11-20,1,0.4782608695652174,0.5146211393306216,True
1cd8f5a107f64e39,2021-11-20,1,0.46753246753246747,0.4054343747241099,True
1ff89e2a9cc2f2d2,2021-11-20,1,0.289532293986637,0.34034580086821853,False
450534f9fb9b13cd,2021-11-20,0,0.42016806722689076,0.407919011630413,True
50bf4bb2f8d9aba4,2021-11-20,0,0.3698979591836735,0.39134454041778066,True
84c68c4c387d2e32,2021-11-20,1,0.6040343668285393,0.6161664718550824,True
8dd086e2e70144fd,2021-11-20,1,0.7553516819571866,0.766726235075731,True
9b9ef12603e820ec,2021-11-20,0,0.2945736434108528,0.3333390682261182,True
bb15c0a2911043bd,2021-11-20,0,0.22727272727272727,0.20217309146123255,True
f592f168f3b8b807,2021-11-20,1,0.4572564612326044,0.46486664852442644,True
fd60e75303622e5e,2021-11-20,1,0.5,0.4958401388122859,True
1ce1a43ef68ffc7d,2021-12-04,0,0.6040343668285393,0.6236400486076357,True
3109d1151f149aaf,2021-12-04,0,0.5427435387673957,0.5546278255828945,True
376dddfa82debbf4,2021-12-04,1,0.7272727272727274,0.744152855856246,True
3fc8afbb23b9ac16,2021-12-04,1,0.6301020408163266,0.6401710868805874,False
405bded9cc7a7c15,2021-12-04,1,0.5711159737417942,0.5397267134043815,True
42b28adbed6966b7,2021-12-04,0,0.6115107913669064,0.6018199630708917,True
5d64044b985004e7,2021-12-04,1,0.3418803418803419,0.36796920788521165,True
657b7da9c89352fe,2021-12-04,1,0.6818181818181818,0.6866317144527834,True
723a8a8c82cab1c8,2021-12-04,0,0.37889039242219213,0.397784572506638,False
9e5bbbacf1d92cb4,2021-12-04,0,0.7489200863930886,0.7896667657603323,True
a38648a1c190f9be,2021-12-04,0,0.46753246753246747,0.4831329181064043,True
b3847772199e2639,2021-12-04,0,0.6365876193409301,0.6700960953082369,True
c74b03337a8441ed,2021-12-04,1,0.5324675324675325,0.5970261694781792,True
0b633295d9e017a3,2021-12-11,0,0.880195599022005,0.8819291220626343,True
16243b1470887cb6,2021-12-11,1,0.6428571428571429,0.6597996450171888,True
2d0d13dfc6c37ba8,2021-12-11,1,0.4572564612326044,0.5411996122486885,True
505397f405e40206,2021-12-11,1,0.7421203438395415,0.7983098203587482,True
50f2539c73b98eec,2021-12-11,0,0.46753246753246747,0.4692960810303498,True
537a5aa4c248830e,2021-12-11,1,0.6040343668285393,0.6714453076712914,True
6537a32e7af905b0,2021-12-11,1,0.5427435387673957,0.526934744540872,True
795aa42785a46643,2021-12-11,1,0.42888402625820565,0.46679853696902873,False
8bcdcfb0f93f1409,2021-12-11,0,0.6428571428571429,0.6180355262483768,True
8c01b7dccc4d0926,2021-12-11,0,0.28085991678224687,0.28302009625787117,True
9039762cb9f4abdb,2021-12-11,0,0.2771206488678608,0.24582061562053062,True
abb8c6c0a057184e,2021-12-11,0,0.5,0.48084724633280945,True
b22eab3aa1522f40,2021-12-11,1,0.4572564612326044,0.5018903243629697,True
fc2a30bfb760bdf8,2021-12-11,0,0.5798319327731092,0.532298272748859,True
2a5484a6d5e7a2da,2021-12-18,1,0.5962732919254659,0.5656149751570484,True
2e200563dd7c4922,2021-12-18,1,0.7104677060133631,0.6925913636886933,True
4b7ec02b39fc6f70,2021-12-18,1,0.43795620437956206,0.48811349196972265,True
730f14ccff80f3b0,2021-12-18,0,0.3181818181818181,0.3018167390249602,True
85d9a516c3c6c205,2021-12-18,1,0.552594002855783,0.5677081006804393,True
8b3b38167060b1d7,2021-12-18,0,0.6704377766847024,0.6651169017508761,True
a43dcd04788d95c7,2021-12-18,0,0.2846975088967971,0.2677230619093617,True
a760d0f5de2e1aaa,2021-12-18,1,0.6040343668285393,0.6286758123090939,True
b4f88d65b47c2a39,2021-12-18,1,0.6704377766847024,0.6810577928065078,True
bdaca0a96d44438a,2021-12-18,0,0.3295622233152976,0.3854244624993515,True
dd552b389152636a,2021-12-18,0,0.6040343668285393,0.5798209047467605,True
ea76a3af8c5ecc55,2021-12-18,1,0.562043795620438,0.5818784644174074,True
fc0927c657c51622,2021-12-18,1,0.7272727272727274,0.7525593924549302,True
3738135e4c9d8273,2022-01-15,1,0.46753246753246747,0.4809783323907984,True
3a8c0158d910546d,2022-01-15,1,0.6581196581196581,0.6999990584715906,True
3bcbb0e039f4f5d8,2022-01-15,1,0.562043795620438,0.5595860181868769,True
7c2a02b5ea169b54,2022-01-15,1,0.7553516819571866,0.6796799936224168,True
8.69E+73,2022-01-15,1,0.41178845377472745,0.40544771560938275,True
8d89f3b8798f444d,2022-01-15,1,0.5882115462252725,0.598160819708226,True
9dfcf675cf2c1575,2022-01-15,1,0.33635187580853815,0.31422937235900933,False
b5b5156c713c5d47,2022-01-15,0,0.33635187580853815,0.38297238764026187,True
e8517ed0b49abc37,2022-01-15,1,0.42888402625820565,0.39316946577376216,True
0669231ebe3dd560,2022-01-22,1,0.776440240756664,0.7956867836247461,True
0a0beb5aa9810de4,2022-01-22,0,0.6301020408163266,0.6387388982858585,True
4047c2e259529179,2022-01-22,0,0.4255319148936171,0.4512497918975367,True
44a55ba1de2b30e2,2022-01-22,0,0.8,0.7670893979676447,True
453283e947919ff7,2022-01-22,1,0.5,0.6883013885834531,True
5ba543efdce072f5,2022-01-22,1,0.7183098591549295,0.7053942568316867,True
5da7168ac2ff0e1d,2022-01-22,1,0.6428571428571429,0.622496379828829,True
80f65ee9b6f8d63b,2022-01-22,0,0.37889039242219213,0.35944889831161714,True
9687021e5c4d092a,2022-01-22,1,0.6912521440823327,0.6412210100511109,True
cddd3d4febe097f8,2022-01-22,0,0.6365876193409301,0.7173759424619504,True
e786542667fdecf0,2022-01-22,1,0.40880503144654085,0.39102955810547163,True
0489b42ac0ab6d4b,2022-02-05,0,0.5346534653465347,0.611250969441448,True
0730c4e6fb247fa1,2022-02-05,0,0.23809523809523808,0.2479608830199315,True
208c5dc52ccfd47a,2022-02-05,1,0.7228793511321393,0.7130846367923106,True
4b67a1875390e7ad,2022-02-05,0,0.3181818181818181,0.3488225283760025,True
6b4c2cc27855506a,2022-02-05,1,0.7054263565891473,0.7314917493137092,True
ace166f26c2ac2e8,2022-02-05,0,0.6301020408163266,0.5616279963879833,True
18a1617ee7356352,2022-02-12,1,0.5962732919254659,0.5970950571085237,True
19e742ccaa09cf08,2022-02-12,0,0.26508226691042047,0.27413548274070093,True
238832b58a66ae07,2022-02-12,0,0.42016806722689076,0.4483638380431745,True
3bebd99d5f94bec7,2022-02-12,1,0.6957699520733487,0.6728081507398402,True
6708f3a32861038a,2022-02-12,0,0.40372670807453415,0.4261076290972154,True
81c22cfa22002ea4,2022-02-12,1,0.4902470741222366,0.5635250413464479,True
821bef3a3394dd96,2022-02-12,1,0.34929577464788736,0.30227174700847115,True
a0ba726da4a50458,2022-02-12,1,0.7775930160049885,0.7892967254969132,True
b1e048825b5bbe1c,2022-02-12,0,0.25787965616045844,0.23728293583388393,True
bb42336d6417914c,2022-02-12,0,0.6040343668285393,0.6315704078230489,True
c16bda7548181613,2022-02-12,0,0.5,0.500047924986428,True
ca8f73d038c4d6e7,2022-02-12,1,0.7228793511321393,0.7269401162295632,True
04e2d50c24a88dbd,2022-02-19,1,0.5882115462252725,0.6369684840353169,True
25da52bc590ef664,2022-02-19,0,0.3634123806590699,0.3104641853936725,True
2d8db91f91f68069,2022-02-19,1,0.6507042253521127,0.6554540635085064,True
33cc40fc1da409d3,2022-02-19,0,0.5324675324675325,0.5120157762131057,False
528c208293bdef13,2022-02-19,1,0.7421203438395415,0.7266802448973804,True
8cd583f6d10692bc,2022-02-19,1,0.7421203438395415,0.70202821203973,True
93026443e5140415,2022-02-19,1,0.7054263565891473,0.6898849077232526,True
958799d957945a3a,2022-02-19,1,0.38848920863309355,0.36319043461899614,True
99fd8396cbe1df03,2022-02-19,1,0.7349177330895795,0.7739143726336738,False
e36a5d4d53b97d4e,2022-02-19,0,0.6040343668285393,0.5984151519449926,True
ea63f56779100678,2022-02-19,1,0.6755725190839695,0.6562303468690509,True
f7865e5a6d009a87,2022-02-19,0,0.33635187580853815,0.3444873576378654,True
01468f766dd7385c,2022-02-26,0,0.5798319327731092,0.6030137748576228,False
181ceedcacc01d48,2022-02-26,0,0.38848920863309355,0.4167658408715549,True
84d633d4a9fbf331,2022-02-26,1,0.43795620437956206,0.46159490695427674,True
8515f07911765f89,2022-02-26,1,0.6957699520733487,0.7478563307683136,True
901e62b7af57f559,2022-02-26,0,0.2771206488678608,0.30636780584306367,True
c4eb14c3de579842,2022-02-26,0,0.6211096075778079,0.664008752390991,True
c5d5fcf290cc029e,2022-02-26,1,0.7727272727272727,0.7605933944396296,True
cb1f27818d46af0e,2022-02-26,1,0.4891657638136511,0.4915465088659439,True
f087a10a6f2bcc99,2022-02-26,1,0.7191400832177531,0.7326061724469898,False
36d9337a27b71ba9,2022-03-05,0,0.5711159737417942,0.5627028753237527,True
43b43c5d439b2f98,2022-03-05,1,0.7775930160049885,0.7919324673825754,True
59d44b6888885500,2022-03-05,0,0.12790697674418605,0.1024491365281164,True
838bb84a5a976a9c,2022-03-05,1,0.6301020408163266,0.6288285640950039,True
9321b3c90ea5ca6c,2022-03-05,1,0.7191400832177531,0.7778742628274133,True
abd45edc07a8d9e3,2022-03-05,0,0.38848920863309355,0.33470312457729173,True
c420c376cc1d149c,2022-03-05,1,0.3295622233152976,0.3302823819729031,True
c6fc43c351b08bda,2022-03-05,1,0.39596563317146055,0.4766022864946501,True
cda06ff86cfe4f5f,2022-03-05,1,0.6211096075778079,0.691675798954864,True
d03d0abf331df751,2022-03-05,1,0.7228793511321393,0.7767020927859334,True
d5323490163dde0e,2022-03-05,1,0.6365876193409301,0.681852030025135,True
ee278a5a25744cac,2022-03-05,1,0.447405997144217,0.4543258863865405,True
fce6ab43b7d09aa4,2022-03-05,1,0.5962732919254659,0.610145920195267,True
226884e46a10865d,2022-03-12,1,0.6581196581196581,0.6885280316420056,True
23eec2d9cb2d78cd,2022-03-12,1,0.42888402625820565,0.4669934057492297,False
26fbee4ed13ff35d,2022-03-12,1,0.4782608695652174,0.4534049935326137,True
3b06c512abfa0494,2022-03-12,1,0.6365876193409301,0.60207779693868,True
463fac0e48505b62,2022-03-12,1,0.5882115462252725,0.5696005540548512,True
5cad3ab6553e9ec9,2022-03-12,1,0.5427435387673957,0.500274880470489,False
70b8d357e89383bd,2022-03-12,1,0.7104677060133631,0.7851639161905591,True
8aa16cc1ba99aac1,2022-03-12,0,0.17401668653158525,0.18411053279829526,True
9cb78122a23e6a7d,2022-03-12,0,0.5711159737417942,0.525374377223769,True
b400c29fbeee0206,2022-03-12,0,0.5962732919254659,0.6463407884323008,True
b55de7d791b9f62d,2022-03-12,0,0.25107991360691145,0.2376665058446095,True
b70313eae7c24b27,2022-03-12,0,0.3698979591836735,0.3805784522804234,True
f10c2c84652ef573,2022-03-12,0,0.35714285714285715,0.37023400898313563,True
06641a8c62e45661,2022-03-19,0,0.447405997144217,0.4448803266786446,True
4c7e55061dc3bf89,2022-03-19,1,0.7925457102672292,0.8577593639604516,True
53d0df57a917c6a0,2022-03-19,1,0.5427435387673957,0.6046438373916,False
5a878a6bebc973d7,2022-03-19,1,0.562043795620438,0.5292200048104413,True
5e378c52f26935d6,2022-03-19,0,0.7153024911032029,0.7369453791248614,True
6e705b2365bc03fa,2022-03-19,0,0.6755725190839695,0.6585012118278595,True
766b4f5e77ab0860,2022-03-19,0,0.6428571428571429,0.6921653754032091,True
a200b5dcbdd2506e,2022-03-19,0,0.17902813299232737,0.22075566642019429,True
ae989e21c3839b49,2022-03-19,0,0.25787965616045844,0.2242153838321635,True
bcd1e1d71a172d53,2022-03-19,1,0.8029168309026409,0.8330531896729015,True
ce3d94186567a684,2022-03-19,1,0.5,0.5402341518246043,True
1b650c76387c0f4b,2022-03-26,0,0.28085991678224687,0.26016471770684124,False
3ecccdab76baa59c,2022-03-26,0,0.20115416323165705,0.18242660836705896,True
3f92025b29e06bfd,2022-03-26,1,0.7054263565891473,0.7529763975975498,True
410e65e4d1782bfc,2022-03-26,0,0.782608695652174,0.8054560626577763,True
6ed495c177d69a3a,2022-03-26,1,0.8720930232558137,0.8877155979819354,True
82b2b97b85c7225c,2022-03-26,1,0.46753246753246747,0.48493287960224707,True
97e522591ac7eb29,2022-03-26,1,0.42016806722689076,0.4334026204286194,True
bb31c77bddd1317e,2022-03-26,1,0.298804780876494,0.3255146980884401,True
c4e866d9dd606faa,2022-03-26,1,0.8209718670076727,0.8571383784500907,True
d0b7a79d3e7f3362,2022-03-26,1,0.41178845377472745,0.49287989440710994,True
f3c37e23ca30c87d,2022-03-26,0,0.4891657638136511,0.5018682991280746,True
f6afaf2a39fa441c,2022-03-26,1,0.447405997144217,0.45263404621660625,True
15311d4b33d93004,2022-04-09,0,0.5324675324675325,0.5464474103972885,True
278b965694e563b2,2022-04-09,1,0.42016806722689076,0.41423623954257927,False
313c36ce9bde6cf6,2022-04-09,1,0.6428571428571429,0.5999101648209835,True
394b0347b0438622,2022-04-09,0,0.20115416323165705,0.18466116112451528,True
7458a37feabf8788,2022-04-09,0,0.38848920863309355,0.33912117224844573,False
7c6ed5b3d830d0cb,2022-04-09,1,0.6365876193409301,0.5824611678130355,True
88c6e7f71b79fd65,2022-04-09,0,0.41178845377472745,0.41650892932247785,True
9a8964b148cb5923,2022-04-09,1,0.23277042446371515,0.24373601135531062,True
9e52a67410f2c879,2022-04-09,1,0.5324675324675325,0.5483884379844058,True
dc0ab34f1952cb48,2022-04-09,1,0.8209718670076727,0.8424312711083077,True
0987b3f785e26d1c,2022-04-16,1,0.447405997144217,0.45587502258959933,True
0daf776bd222daad,2022-04-16,0,0.6755725190839695,0.7061402602722466,True
1ceab8fa45996f51,2022-04-16,0,0.28085991678224687,0.2547886964527597,True
4f6e7159e77d4215,2022-04-16,1,0.8259833134684148,0.8244674643602653,True
559031e51ced0b53,2022-04-16,1,0.6507042253521127,0.634134542792192,True
6d4b6224f26572f9,2022-04-16,0,0.6211096075778079,0.5795906070663065,True
74c58b9d638c5eaa,2022-04-16,1,0.8178217821782179,0.797358139205432,True
7c5fc3fc7be4a997,2022-04-16,0,0.6211096075778079,0.563837939849708,True
a0a120c50d93f70a,2022-04-16,1,0.4782608695652174,0.5090122109882096,True
b09f8cd4cbd7ba56,2022-04-16,1,0.6301020408163266,0.6282681025782368,True
c20e6697335c3b3d,2022-04-16,0,0.19708316909735907,0.2050622352184187,True
eac46cfead228e11,2022-04-16,1,0.447405997144217,0.4566969649521499,False
173d576e6247a88a,2022-04-23,0,0.4891657638136511,0.5214179627723766,True
3a3ac7b3987f6799,2022-04-23,0,0.3295622233152976,0.3253822113262096,True
6017351e164dbca3,2022-04-23,0,0.46753246753246747,0.47996198366831044,True
6a4ba72b084193b5,2022-04-23,0,0.5324675324675325,0.5179075210180336,True
7cf7960c6ccb5fa1,2022-04-23,0,0.8524590163934428,0.8787773545573953,True
926977ec3ed0ebe1,2022-04-23,1,0.6636481241914618,0.6753578259724242,True
992e84bf59837e21,2022-04-23,0,0.3418803418803419,0.3219986805561379,True
9b8a82276f06829f,2022-04-23,0,0.46753246753246747,0.44475962534523106,True
a45d4327bc82bc28,2022-04-23,1,0.6211096075778079,0.6524593351822737,True
e4d946470fd150fe,2022-04-23,1,0.5798319327731092,0.5723506260529742,True
e8c57c6259193466,2022-04-23,1,0.8259833134684148,0.8432411984754467,True
5ae5eb729c6bb169,2022-04-30,0,0.4891657638136511,0.5205442100271699,True
5b731da9e4be4391,2022-04-30,1,0.5108342361863488,0.5398183642604907,True
632c2d4ed12f2bdf,2022-04-30,0,0.6912521440823327,0.6513063916855102,True
6b956992204ec040,2022-04-30,1,0.6428571428571429,0.6500535940685304,True
760e3f292b834637,2022-04-30,1,0.6040343668285393,0.5788900182927219,True
7c8701bb78cb4de8,2022-04-30,0,0.3418803418803419,0.3356519309641499,False
7e4b7a70838e5ba4,2022-04-30,0,0.5324675324675325,0.5671023603982261,True
80cf37627a129145,2022-04-30,0,0.6428571428571429,0.6561410038881341,True
9217ecc287ac482d,2022-04-30,1,0.6704377766847024,0.7022124368732807,True
d2484d74f819d813,2022-04-30,1,0.9128630705394191,0.9176764129376893,True
eb277b5ea2a19124,2022-04-30,1,0.5,0.5231789743629874,False
397dd9a8694ef413,2022-05-07,1,0.7880184331797234,0.7746410764870266,False
430309e0f8a315d5,2022-05-07,1,0.4891657638136511,0.4534109428631391,True
60d9d50b763adc62,2022-05-07,1,0.5324675324675325,0.5530765387944953,True
6a902b97ac98c283,2022-05-07,1,0.4572564612326044,0.5251550868263962,True
7d4e49d8a6678157,2022-05-07,1,0.5427435387673957,0.5758799562162781,True
80ac36a9dbc4b1a1,2022-05-07,1,0.6912521440823327,0.706125071730248,True
8289033e03b4d9a3,2022-05-07,0,0.7619047619047619,0.7895321149871719,True
8390441d93736719,2022-05-07,1,0.5108342361863488,0.5369570967711269,True
88455c967a7ef6fc,2022-05-07,0,0.3634123806590699,0.3169920118053653,True
9d61012a6020516e,2022-05-07,0,0.6704377766847024,0.6830319133712097,True
a2ebb5f86eb64f22,2022-05-07,1,0.7421203438395415,0.7204018117908282,True
c020ccbd7cdefb6e,2022-05-07,0,0.3087478559176673,0.32131233742856075,True
fc4939b3c9071e66,2022-05-07,1,0.3418803418803419,0.3341170239802691,True
ff6c8dab41efcc09,2022-05-07,1,0.5882115462252725,0.5873778082283818,True
22f1133d02700bb2,2022-05-14,1,0.7272727272727274,0.7757094613894534,True
2fa88b72973478b6,2022-05-14,1,0.32442748091603046,0.30988349911478363,False
43543a2c1c7a7135,2022-05-14,1,0.7104677060133631,0.740969671609523,True
5c281439d20184f1,2022-05-14,1,0.35714285714285715,0.343540442962735,True
7e047b195135ef06,2022-05-14,1,0.447405997144217,0.42752933135593063,True
8a1aa64eb1f17913,2022-05-14,1,0.5798319327731092,0.5628533510868731,True
afed0bac5ce5a2f3,2022-05-14,0,0.7553516819571866,0.7995724313395948,True
b3248692dfb954b2,2022-05-14,0,0.6507042253521127,0.68476094524291,True
e240d6f77747ec46,2022-05-14,0,0.447405997144217,0.4200147581915695,True
f549164690d723bb,2022-05-14,1,0.6636481241914618,0.7076595956975124,True
1b4d0c9e3c59b33b,2022-05-21,1,0.8209718670076727,0.8452610664117898,True
3542f9f30926f364,2022-05-21,1,0.7054263565891473,0.7505538501542254,True
4a789cdd5aaf4439,2022-05-21,0,0.36396181384248205,0.33605905679476616,True
5136dc566f46daf6,2022-05-21,1,0.43795620437956206,0.4867656556207949,True
534c07488396e124,2022-05-21,0,0.552594002855783,0.5673677723887265,True
5d4fb748ad246269,2022-05-21,0,0.42888402625820565,0.38014177732122956,True
5eaff5c832430378,2022-05-21,0,0.4572564612326044,0.44709850981159094,True
7a2c841693b54dd7,2022-05-21,0,0.6581196581196581,0.6520134938268276,True
bc7228d30ff5be46,2022-05-21,0,0.562043795620438,0.5799399102177144,True
cbdfb3c648d7bada,2022-05-21,1,0.6428571428571429,0.702955985533569,True
f682118709b4143e,2022-05-21,1,0.6818181818181818,0.6455179288803773,True
04e6198326be4857,2022-06-04,1,0.8467023172905528,0.8264100430434057,False
344d60564cd136ff,2022-06-04,0,0.6704377766847024,0.6634811015841028,True
3aa49ed298e4c34f,2022-06-04,1,0.5324675324675325,0.649684981815265,True
43d7d4b67be48553,2022-06-04,0,0.46753246753246747,0.5156463617574548,False
4f2501e804c84abe,2022-06-04,0,0.5108342361863488,0.5051078523499237,True
59b2bbb251968ca9,2022-06-04,1,0.7880184331797234,0.8305837019620936,True
7a635063e5f1699b,2022-06-04,1,0.6115107913669064,0.6572823722328114,True
7e20b0536fbbd560,2022-06-04,1,0.6211096075778079,0.6060856940041849,True
93969a7368dc2e14,2022-06-04,1,0.7011952191235059,0.6805349772385293,True
a09447d185a62251,2022-06-04,1,0.7011952191235059,0.7341090095282606,True
a679800d2e7c3be2,2022-06-04,1,0.6428571428571429,0.6402081709170518,True
aacb47949a572f25,2022-06-04,0,0.23277042446371515,0.20463404173125221,True
e5e75d831670b401,2022-06-04,1,0.6115107913669064,0.6042171229840251,True
ed32da52aff68944,2022-06-04,0,0.40372670807453415,0.37478550131522115,False
029f5c36820fdc09,2022-06-11,1,0.5217391304347826,0.576048630585761,False
049ad6d87b42eba8,2022-06-11,1,0.8259833134684148,0.8407617014373032,True
4305cb30533dac77,2022-06-11,1,0.5962732919254659,0.5670899078619671,True
4a116a55ffaa0d64,2022-06-11,1,0.35714285714285715,0.4835734942315633,True
50eed57ea1390e16,2022-06-11,1,0.7104677060133631,0.702894075512272,True
c94b153951be7590,2022-06-11,0,0.6636481241914618,0.6583411799912033,True
d7a7ba46c4f075d7,2022-06-11,0,0.4782608695652174,0.4733174606306808,True
f115a91066a77ee7,2022-06-11,1,0.6301020408163266,0.6363589750539814,True
fd49f89b9d97566b,2022-06-11,0,0.33635187580853815,0.379126675808204,True
11e83902f5b8ff63,2022-06-18,1,0.32721864154685176,0.3042055344123793,True
1378fc2be3819b2b,2022-06-18,1,0.7421289355322339,0.7534298271992372,True
1bc662949337a8c4,2022-06-18,0,0.2540415704387991,0.22162138011504423,True
20cefe64f4b28be8,2022-06-18,1,0.7388632872503841,0.7505912544114406,True
2c7c7648e847f2e5,2022-06-18,0,0.6979865771812079,0.6826225486453598,True
4e6218b6b892b017,2022-06-18,1,0.6727813584531482,0.6882962478909134,True
5095f6290670009d,2022-06-18,0,0.3932993445010925,0.45417011364189247,True
5b5d7f7ae712c6d8,2022-06-18,1,0.28831562974203334,0.3045415447782295,False
6e559181bfbc77e1,2022-06-18,0,0.7116843702579665,0.7317921392174852,False
897d9e21c59d0633,2022-06-18,1,0.6888888888888889,0.6832966516423176,True
8b5c760f34daafe0,2022-06-18,0,0.14285714285714285,0.14068780270953518,True
9a92d376fba2379d,2022-06-18,0,0.46753246753246747,0.4868817862786231,True
e8a5e53ffd33c0f9,2022-06-18,1,0.3158617532616159,0.3394360625131755,True
029a12d36a4687e1,2022-06-25,1,0.6792452830188679,0.7011480339466765,True
1f5f59924b59408b,2022-06-25,0,0.6792452830188679,0.7181707151378421,True
21f79cd40513d075,2022-06-25,1,0.3510791366906475,0.39759896071904344,True
24a9fc95a3112f51,2022-06-25,0,0.35714285714285715,0.3685108287417563,True
28bd070f7ab0a0b9,2022-06-25,0,0.12844036697247704,0.10429200912602778,True
28be3fbe5c377380,2022-06-25,1,0.41178845377472745,0.4180389297051243,False
2c73bf152247f25a,2022-06-25,1,0.320754716981132,0.2899700503846884,True
3c98739eb42f96bf,2022-06-25,0,0.2146439317953861,0.22108150535792612,True
3f38100fd8dae286,2022-06-25,1,0.5108342361863488,0.5140856970538003,True
8cc43d79b61efc25,2022-06-25,0,0.5324675324675325,0.6220896280947977,True
a457331c27bce6d5,2022-06-25,0,0.3932993445010925,0.3912472352911851,True
c57c8e22a3e8dde2,2022-06-25,1,0.552594002855783,0.5381370029267464,True
0308bcdd00cc72e2,2022-07-02,0,0.5324675324675325,0.5540440641104926,True
0e2c7ec02a095813,2022-07-02,0,0.5882115462252725,0.5983049463726187,True
12a33d16e1d4e2d9,2022-07-02,0,0.4782608695652174,0.4986426507404693,True
1c85003f6ec59c9d,2022-07-02,0,0.2679147837314396,0.25147992859299795,True
4047e98132306cd5,2022-07-02,1,0.6211096075778079,0.6497580430763905,True
459bc7c0b47719c3,2022-07-02,1,0.6301020408163266,0.6517852581648049,True
57775c8af89007c7,2022-07-02,0,0.3932993445010925,0.37887188356205503,True
98411542ca0e847d,2022-07-02,0,0.42016806722689076,0.4078880898619866,True
99ac96bb67e5c5e4,2022-07-02,0,0.2509516424644015,0.21502506262536084,True
a7eaf7b101166d3e,2022-07-02,1,0.814385150812065,0.8448726943390984,True
04e1ff7aeda2a018,2022-07-09,1,0.41178845377472745,0.386031935228263,False
478bc7d1288e043e,2022-07-09,1,0.5882115462252725,0.8203433681105007,True
6c60e58f8e9e7a4c,2022-07-09,1,0.6888888888888889,0.7221453167140498,True
81cbb709dedc914d,2022-07-09,1,0.6211096075778079,0.6223513567619569,True
a103b30f6898de7e,2022-07-09,0,0.32721864154685176,0.34390041713652675,True
a652918360fe9a72,2022-07-09,1,0.8515283842794761,0.8301203575022721,True
bba6cc8760da34ab,2022-07-09,0,0.20140105078809104,0.18873220167150703,True
be69cbf1f1671c8e,2022-07-09,0,0.3452115812917595,0.3698487427625412,True
c58b3223b5caa18a,2022-07-09,1,0.32721864154685176,0.32152970314277074,True
cd63b4144a45b611,2022-07-09,0,0.6727813584531482,0.6960758090186496,False
fb3f5a65da9f2ac7,2022-07-09,0,0.5217391304347826,0.4939546490373449,True
4965d8eab468b839,2022-07-16,1,0.3510791366906475,0.3234810662876081,True
4dd2bcd2b025204e,2022-07-16,1,0.6547884187082406,0.6519838490444584,True
74b8a36293758342,2022-07-16,1,0.3932993445010925,0.3720049611711553,True
7503d5c892f238fb,2022-07-16,0,0.6365876193409301,0.60346113193854,True
8e4024cb49c963f2,2022-07-16,1,0.30201342281879184,0.32514209220743123,False
9f3326195672c2b9,2022-07-16,0,0.447405997144217,0.4403971329847933,True
a5d2f0fed3ce2899,2022-07-16,1,0.46753246753246747,0.48022772265046654,True
b1af3bd0f8266a90,2022-07-16,0,0.3932993445010925,0.36344287191003405,True
d439374c1fc95581,2022-07-16,1,0.6140350877192983,0.5835006963744596,True
dd456668731bd52a,2022-07-16,1,0.41178845377472745,0.4051095094922784,False
e57bfadb506e4f51,2022-07-16,0,0.2679147837314396,0.29623772528264336,False
ebefe958473b3843,2022-07-16,1,0.6888888888888889,0.6709102824216281,True
1c84dafe38694c05,2022-07-23,0,0.33953112368633787,0.35845760631673484,True
1ff520024da5b3b2,2022-07-23,1,0.6428571428571429,0.7056355403870961,True
2dbf9d8d6915711e,2022-07-23,1,0.8064516129032259,0.820035351858881,True
3d35f25d9792a69a,2022-07-23,0,0.42016806722689076,0.42270202026495923,True
47b1cd4e3e2595f8,2022-07-23,0,0.42888402625820565,0.4426604592256175,True
8e02bdaac8ed50e5,2022-07-23,1,0.7076023391812865,0.6709083742057347,True
925a36a4af600291,2022-07-23,1,0.5,0.5410243679050288,True
a1029686c3f1bead,2022-07-23,1,0.7156573116691285,0.7082816190707374,True
a57969d4ba7d4a79,2022-07-23,1,0.7942689199118296,0.8093650320272188,True
b0d06858fb725654,2022-07-23,0,0.7807933194154488,0.792632509703646,True
d0fb381cacbb0446,2022-07-23,1,0.41178845377472745,0.44201858183444204,True
dd6dbe644f599795,2022-07-23,1,0.7853560682046137,0.8235051804683458,False
e600b78e5a652dc0,2022-07-23,0,0.5,0.5345621098832877,True
f6fd50bf69bb59e6,2022-07-23,1,0.8180815876515986,0.8310552790443259,True
0366e183296fea07,2022-07-30,1,0.5217391304347826,0.5755234575888714,False
058c2724dec1add1,2022-07-30,1,0.8279205041202131,0.8643628029169851,True
189b9af881b96de6,2022-07-30,1,0.6428571428571429,0.6197759021836989,True
1ed550f094ca7745,2022-07-30,1,0.562043795620438,0.5187915208966453,True
52f87252af59e23b,2022-07-30,0,0.41178845377472745,0.42620956749788674,True
579b5770129b328a,2022-07-30,1,0.3698979591836735,0.5236051682033985,True
5a1ce88ec1f75160,2022-07-30,1,0.6547884187082406,0.6826642054461897,False
66f7bb31d24b3b36,2022-07-30,1,0.6489208633093525,0.6809287600237998,True
72c3e5eacde4f0e5,2022-07-30,0,0.3158617532616159,0.3497103652510147,True
81a18de517a3336a,2022-07-30,1,0.5990922844175492,0.5876020872430219,True
96b62bd56b252bab,2022-07-30,1,0.6365876193409301,0.6317889896211788,True
e492dc60d8e44866,2022-07-30,1,0.8250000000000002,0.8436098282150863,True
044d210d7b1eb519,2022-08-06,0,0.2679147837314396,0.22986704371740863,True
2b11aa4b90b1dd41,2022-08-06,0,0.43795620437956206,0.4725454099713211,True
36f38c2534ef646b,2022-08-06,1,0.28831562974203334,0.32665969201935524,True
4adef20ce69217be,2022-08-06,1,0.7388632872503841,0.8029273156329185,True
a274ed04c36d40d4,2022-08-06,1,0.4782608695652174,0.47879425143067933,False
a6b328733d610e2b,2022-08-06,0,0.6547884187082406,0.6490940891677203,True
a8bc6e005077bb0b,2022-08-06,0,0.2644836272040303,0.2928788382166794,True
b5274277ef6707c9,2022-08-06,1,0.6365876193409301,0.5829154631411525,True
b530bb13aac1e48b,2022-08-06,1,0.8715596330275227,0.8689308906660083,True
eda397c27787afa4,2022-08-06,0,0.15518546555639667,0.16695314363944105,True
0823f97be9c3a62e,2022-08-13,0,0.7942689199118296,0.824177717586898,True
11cc331fa40ede63,2022-08-13,1,0.6675191815856777,0.662520283539109,True
38b6ef176439c39b,2022-08-13,0,0.7204034684126703,0.7132636475796093,True
5f31f3e32669f5b9,2022-08-13,1,0.25787106446776614,0.22989547123599463,True
7f9a331bc3100afd,2022-08-13,0,0.27586206896551724,0.24880140689746819,True
833d67f423315d18,2022-08-13,1,0.6547884187082406,0.6761502023059047,True
8986373b4a6e90b6,2022-08-13,0,0.6301020408163266,0.6277863119560512,True
b96c8fef6c9f92db,2022-08-13,1,0.7277768442278608,0.7183592141309304,True
d19e010f071a4b45,2022-08-13,0,0.42016806722689076,0.4152397298264032,True
efd7efba85092c6f,2022-08-13,1,0.2540415704387991,0.24825425351149102,True
f858f91453555291,2022-08-13,1,0.7555791710945804,0.7472175501917945,True
0cf7a4593fd44e59,2022-08-20,0,0.29239766081871343,0.28610878264912043,True
2ac3ce1f62b3c4b9,2022-08-20,0,0.41178845377472745,0.39965843108105964,True
2cd9e3796be57a79,2022-08-20,0,0.42888402625820565,0.4470016776478377,True
2de6652160cc7b9f,2022-08-20,1,0.7421289355322339,0.7387373216009262,True
4dac5258f22be059,2022-08-20,0,0.5990922844175492,0.6079359235054288,True
5abcf9f282983acc,2022-08-20,1,0.8623188405797101,0.8680399095019922,True
6b9f82291930bfec,2022-08-20,1,0.8064516129032259,0.819932834624813,True
d497d74a0df9e35e,2022-08-20,1,0.5324675324675325,0.4992087515040441,True
e0b98f3cf4a7cc3b,2022-08-20,1,0.2644836272040303,0.22892865694800799,True
f70c817388602681,2022-08-20,0,0.7320852162685604,0.7266943916048767,True
1a191251620a84ca,2022-09-03,0,0.4891657638136511,0.45788314747058056,True
20f316f96c9e4458,2022-09-03,1,0.6888888888888889,0.6799495402570526,True
398db40015b3c81c,2022-09-03,1,0.6604688763136621,0.6938535957638412,False
3e2f00991f511607,2022-09-03,1,0.7241379310344829,0.7415143523108128,True
7bced112f3229b1b,2022-09-03,0,0.32721864154685176,0.3441381363169751,True
810c9da07970c4a6,2022-09-03,1,0.7985989492119089,0.8314554070588673,True
acc9a109b00a99e1,2022-09-03,0,0.5798319327731092,0.6251898751751973,True
b8ca1acdf3dc2f58,2022-09-03,1,0.6547884187082406,0.6376570058529473,True
ca7fd237c16cec84,2022-09-03,0,0.5324675324675325,0.5017292800792388,True
ce62a50e97d497f9,2022-09-03,1,0.6979865771812079,0.659271681479941,True
cf9035f2fc2e232f,2022-09-03,1,0.7204034684126703,0.7297909650929099,True
fd47032108b85cf0,2022-09-03,1,0.3452115812917595,0.3234219278669825,True
0111e6a64b5184c6,2022-09-10,1,0.8216159496327387,0.8095852483646055,True
0e6d624086f7952e,2022-09-10,0,0.6604688763136621,0.7343434699411828,True
301f230c90c4bd7d,2022-09-10,1,0.8339277753009363,0.8527341702953328,True
6010f681e54ba2cd,2022-09-10,0,0.37889039242219213,0.37758087062791507,True
77acb96700e89c92,2022-09-10,1,0.4572564612326044,0.49747477057769796,True
7e8fd03e070d0c25,2022-09-10,1,0.42016806722689076,0.44828455560161873,True
86d57e8ef2191316,2022-09-10,0,0.5217391304347826,0.522322647334177,True
989b8d362742f40b,2022-09-10,1,0.6365876193409301,0.5907062091782606,True
a5cf273faa3982b7,2022-09-10,0,0.6140350877192983,0.6504234230625912,True
bf334cb4e63f3430,2022-09-10,0,0.814385150812065,0.840813963202469,True
d3e23d7d207d3ccf,2022-09-10,0,0.3932993445010925,0.4139356995360138,True
d869eaea38426f06,2022-09-10,1,0.37889039242219213,0.44288525451400257,False
db3e26d02d790c97,2022-09-10,1,0.7555791710945804,0.7707984712247982,True
160c17b8fcb0e2a1,2022-09-17,1,0.8105134474327628,0.8421117601475575,True
35d06627d91b840d,2022-09-17,1,0.22437307523097227,0.22024840065963475,True
3cbd3565dd631cc4,2022-09-17,0,0.6211096075778079,0.6787202087649021,True
46b9acec12a35d37,2022-09-17,1,0.6489208633093525,0.6365424281819181,True
8a044e5400b4318f,2022-09-17,1,0.5798319327731092,0.6046428898679185,True
adb78db5ba8ccc0f,2022-09-17,1,0.552594002855783,0.5368425751935522,True
bd06f1c2d7e6c4a0,2022-09-17,0,0.5427435387673957,0.5943037750250346,True
be73f75b52b06f14,2022-09-17,0,0.40090771558245086,0.357248480701107,True
ce5ebaf8caf8c4a7,2022-09-17,1,0.6604688763136621,0.7197008959656276,True
d9f5d05b07bae09e,2022-09-17,0,0.41178845377472745,0.36721854793579123,True
df370b97ea49e6b4,2022-09-17,1,0.6489208633093525,0.6472921915774441,True
ec0740be19b2ef90,2022-09-17,0,0.35714285714285715,0.4006504248191554,True
f521ecde1e96a1bd,2022-09-17,1,0.33953112368633787,0.3215666317988085,True
1aedd959f1523a27,2022-10-01,1,0.8795811518324608,0.8782671981643002,True
330506571d2778b1,2022-10-01,1,0.6301020408163266,0.6157200406833966,True
63f6af6d5f7b82ad,2022-10-01,0,0.6211096075778079,0.5792865546911115,True
6c79db79da9ae874,2022-10-01,1,0.28831562974203334,0.30697207090123163,True
7d0d2cecab358ba1,2022-10-01,1,0.7388632872503841,0.7627215084775892,True
8c9ff13791378784,2022-10-01,0,0.5324675324675325,0.5624403291020483,True
a73e33dfce8fcfd8,2022-10-01,1,0.6979865771812079,0.6861924818067079,True
ad59e2de1ab5c8d2,2022-10-01,0,0.5324675324675325,0.5088100292205199,True
d33814971932422a,2022-10-01,0,0.6979865771812079,0.767181053372623,False
de93fda66d203c26,2022-10-01,1,0.6365876193409301,0.6507189582509124,False
ecc56a86a1eead9d,2022-10-01,1,0.562043795620438,0.5170334147167998,True
1af23e7aa71a1d17,2022-10-15,0,0.33248081841432225,0.32196572047645683,True
59695aae245cca73,2022-10-15,0,0.3698979591836735,0.38170756828417385,True
60bd4d2878c85f70,2022-10-15,1,0.6211096075778079,0.6559279965457427,True
759c55755d70f7ba,2022-10-15,0,0.33248081841432225,0.30976760446168194,False
8252a314c778b8e6,2022-10-15,1,0.5711159737417942,0.6145567453427876,True
84b04e8d6b251c54,2022-10-15,0,0.1606217616580311,0.19075538047232543,True
860050f211b44d10,2022-10-15,0,0.562043795620438,0.5753630144603208,True
904cf687d22bb486,2022-10-15,1,0.6547884187082406,0.6782910159724681,True
96d4fe315722d1c1,2022-10-15,1,0.2146439317953861,0.20848521066457157,True
b4bbc1b7efa770f5,2022-10-15,1,0.7644749754661432,0.7303356309782234,False
fac560495e61d34c,2022-10-15,1,0.7076023391812865,0.7535878263110417,True
1b204fc28bb023e6,2022-10-22,1,0.6604688763136621,0.6654533409603614,True
1e8c33b1917fe1b7,2022-10-22,1,0.8866213151927438,0.9079020908065245,True
1f0d4572e0facbea,2022-10-22,1,0.6211096075778079,0.6842349981209156,True
2d36e2c10ee349fe,2022-10-22,0,0.3452115812917595,0.35979619505435495,True
4011cdf1f182804c,2022-10-22,1,0.7807933194154488,0.798495861571886,True
523815acf1bb2420,2022-10-22,0,0.3510791366906475,0.3138730692766265,True
5c3c4bcc6c746ca0,2022-10-22,0,0.7156573116691285,0.7119347817429693,False
69f39e5d959311b1,2022-10-22,1,0.3111111111111111,0.32420403017093713,True
cea6760d7bfbe19b,2022-10-22,1,0.562043795620438,0.5882783365888435,True
d325a1483d78ae75,2022-10-22,1,0.447405997144217,0.4728139591734212,True
f4d8266a42a41dff,2022-10-22,0,0.3698979591836735,0.340691927770506,True
44abbf6b947be6de,2022-10-29,1,0.41178845377472745,0.3605582332064509,True
5b6bdaf89e493674,2022-10-29,1,0.6547884187082406,0.6659730785316182,False
5dcba156bd13e0c3,2022-10-29,0,0.320754716981132,0.3034890070792787,True
6a7db3750822d7be,2022-10-29,0,0.5882115462252725,0.5955298209358982,True
86dff1593d8b9a1f,2022-10-29,0,0.7355163727959698,0.7513634295182308,True
98b7dd0ddc52cffb,2022-10-29,0,0.6140350877192983,0.6222830049642232,False
a554a72bb0377213,2022-10-29,0,0.46753246753246747,0.4493700361687389,False
bf59d9f8bd9536f3,2022-10-29,0,0.3698979591836735,0.3940438595335317,True
d6d141afdd31c3f1,2022-10-29,0,0.35714285714285715,0.40620900169255764,True
f32d918ee06cb83b,2022-10-29,0,0.6211096075778079,0.5934138818677507,True
fdb9d29cf0edc16a,2022-10-29,1,0.7807933194154488,0.8172601531341578,True
1535fb6549fa8bab,2022-11-05,1,0.6428571428571429,0.6926792246145863,True
2664805fde34fb1b,2022-11-05,0,0.22437307523097227,0.2723130496541083,True
2ab395e21080b10a,2022-11-05,1,0.7584415584415586,0.7693921299673322,True
31cb98ce37fd87dd,2022-11-05,0,0.2976554536187564,0.2594705131642356,False
3adecfc4727a8d73,2022-11-05,1,0.6841382467383841,0.7266674947118678,True
5475f5b6bad40989,2022-11-05,1,0.5711159737417942,0.6047379945266448,True
71afa8354da2491e,2022-11-05,1,0.8623188405797101,0.8860527283276098,True
abfc03893551ae73,2022-11-05,0,0.6841382467383841,0.7089757477307516,True
b279559f15ecf29b,2022-11-05,1,0.5108342361863488,0.5557210470637001,True
b87ac039e3b13940,2022-11-05,1,0.5324675324675325,0.5765433859383251,True
cfca30d3ef3c86b9,2022-11-05,0,0.2976554536187564,0.2842205808024777,True
04f32bb0c0d3a8cc,2022-11-12,0,0.6547884187082406,0.6804286824530983,True
09afa6ce4747a1a2,2022-11-12,0,0.3111111111111111,0.33442171180759184,True
1f922cfe6178e830,2022-11-12,0,0.46753246753246747,0.49163747707540834,True
40707ddc9fdea500,2022-11-12,1,0.40090771558245086,0.38249667852097313,True
65ce9335b93d9c57,2022-11-12,1,0.6140350877192983,0.6312926441982293,True
6f22afbc5f8e0bd3,2022-11-12,0,0.6365876193409301,0.6243340756713806,True
77c78d0a71b10692,2022-11-12,1,0.5882115462252725,0.5288770352163796,True
7f93b2f38497caec,2022-11-12,1,0.3698979591836735,0.37778753739498055,True
93da91272d4a7ce3,2022-11-12,1,0.7807933194154488,0.8165519383204703,True
bee95769a221af9a,2022-11-12,0,0.35714285714285715,0.3947617218399328,True
db026ff6eee4d174,2022-11-12,1,0.552594002855783,0.5706400947923205,True
ff2e4b411f695017,2022-11-12,1,0.5,0.4962557038814031,True
0f2983fe7753403f,2022-11-19,1,0.6365876193409301,0.6441468778491221,True
110f539523a4b571,2022-11-19,0,0.33248081841432225,0.28915440744578413,True
144443d4dbf43990,2022-11-19,1,0.42016806722689076,0.4388420296682481,True
33719a2d9c69ed17,2022-11-19,1,0.5990922844175492,0.5647848490440189,True
594435375d641f63,2022-11-19,0,0.3859649122807018,0.3643019058397094,True
a3696c847ef6c7f9,2022-11-19,1,0.6140350877192983,0.6214249098339174,True
b4cfb34e8224fd77,2022-11-19,1,0.5990922844175492,0.6280305599818482,True
bd064deb3494b41a,2022-11-19,1,0.5,0.3931315534780285,False
c317f85a8266313e,2022-11-19,0,0.4891657638136511,0.47248909962317504,True
c33257dd0605c7de,2022-11-19,1,0.6365876193409301,0.6186506354501285,True
d0c01840c72429c6,2022-11-19,1,0.8422090729783039,0.8357124443728706,True
0c9faf26efe2cdcc,2022-12-03,1,0.4572564612326044,0.4232694506726629,True
1114cd1515cf3b8f,2022-12-03,0,0.41178845377472745,0.3931737320541639,True
2cec230248d7eb97,2022-12-03,1,0.7520661157024794,0.7760690217465731,True
30abc50a2e71c576,2022-12-03,1,0.6792452830188679,0.6954330172144955,True
5a8f7afc5ea69537,2022-12-03,1,0.7697368421052633,0.7968125079382659,True
7bd6969c4ed979f9,2022-12-03,1,0.32721864154685176,0.34286612877549827,True
7fbf09533c59e43f,2022-12-03,0,0.5217391304347826,0.48588699315573236,True
92c1d9a6d313cb0c,2022-12-03,1,0.2355250245338567,0.210510953326029,True
972e17c1b98fca06,2022-12-03,0,0.37889039242219213,0.3299917988163621,True
a419e6df765aa755,2022-12-03,1,0.3932993445010925,0.3516801460530837,True
a71764d5da04e3bc,2022-12-03,0,0.6675191815856777,0.667284506920993,True
be977e524ef56aa4,2022-12-03,0,0.19354838709677422,0.18942084123832265,True
ca0f0a35a1fcb453,2022-12-03,1,0.32721864154685176,0.32000811073711166,True
f17813d03fcd8e7a,2022-12-03,0,0.21920668058455117,0.21374228623910818,True
11f65de5348e4bc4,2022-12-10,1,0.5882115462252725,0.573805016338478,True
144cd3f62591a5fb,2022-12-10,1,0.6979865771812079,0.7061825705605959,True
1779cc4ae925df01,2022-12-10,1,0.5990922844175492,0.6445080095888523,True
2d9d966e0e8df232,2022-12-10,1,0.5217391304347826,0.5128010917922984,True
4e9d76ed54f1f352,2022-12-10,1,0.7320852162685604,0.740855757338559,True
5bc31abb5842942a,2022-12-10,1,0.7156573116691285,0.7611731176109513,True
a1a5d06b0e7ada62,2022-12-10,1,0.5990922844175492,0.5855009624819693,True
a346180c8b109469,2022-12-10,1,0.3932993445010925,0.3425365516579174,True
ecab8b8b36727b8d,2022-12-10,0,0.3634123806590699,0.38055361725740544,True
fd7421f421e802bd,2022-12-10,1,0.7116843702579665,0.7450621591642936,True
4ea48bf2407b405d,2022-12-17,1,0.5108342361863488,0.5312579137417208,True
5f4e944ff1bdcd9c,2022-12-17,0,0.7277768442278608,0.8059059413898643,True
8f00da6ea8186ce2,2022-12-17,0,0.41178845377472745,0.3791338874172542,True
9c1a2ac64c98d2f6,2022-12-17,1,0.3932993445010925,0.3935708233634352,True
c960184a583f1861,2022-12-17,0,0.6301020408163266,0.6271195657380038,False
ccb7e2851319345d,2022-12-17,1,0.7320852162685604,0.7380364690140674,True
ce7744d45a698aa6,2022-12-17,1,0.6428571428571429,0.6782904566941126,True
d95eeba3de7ecac5,2022-12-17,1,0.7807933194154488,0.7643934410526979,True
e0444752d18fda7f,2022-12-17,0,0.3158617532616159,0.3536211178624942,True
ed6203e849a2bf28,2022-12-17,1,0.5,0.4502549538955376,True
efc64d8aae5628c9,2022-12-17,1,0.5990922844175492,0.5966872752843971,True
f87a7812733f7e8f,2022-12-17,0,0.3510791366906475,0.3818551079788391,True
5305049e4215d263,2023-01-14,0,0.4891657638136511,0.5571551996315068,True
5a2fa552e70958d4,2023-01-14,1,0.7697368421052633,0.7788636790204801,True
622cc4ef46913020,2023-01-14,0,0.5798319327731092,0.6232802837944917,True
76b6058cddda9238,2023-01-14,1,0.8623188405797101,0.8601783683958382,False
868c83e734dbbceb,2023-01-14,1,0.447405997144217,0.43345149335817373,True
9f09e77e46f15766,2023-01-14,1,0.8064516129032259,0.8053289158709488,False
a4c7d59d340794c0,2023-01-14,1,0.8795811518324608,0.9106377153362363,True
b6723b9c6ff4d594,2023-01-14,1,0.7555791710945804,0.7708085801029605,True
c88a7dbe7717d2da,2023-01-14,1,0.552594002855783,0.5454115612048374,True
c9144a294c73b06f,2023-01-14,1,0.7388632872503841,0.7500738242536631,True
d4420be78065de03,2023-01-14,0,0.562043795620438,0.559185318711708,True
1c51f405e5c46572,2023-01-21,1,0.8027415580073554,0.7624608800527597,True
1d35e4c0941d1397,2023-01-21,0,0.562043795620438,0.5410855798872222,True
221982930283140,2023-01-21,0,0.1972584419926446,0.21069302496047237,True
2d1ac675e6c1e6ea,2023-01-21,0,0.3698979591836735,0.3709230866479245,True
354dc211166a3982,2023-01-21,0,0.2415584415584415,0.3284281571408458,True
5ad8aa57c8d69680,2023-01-21,0,0.7277768442278608,0.7096703140703525,True
7ed9e8f3258446c7,2023-01-21,1,0.6140350877192983,0.711078068368679,True
8cdcdfb76d1670dd,2023-01-21,1,0.7584415584415586,0.7597129614162689,True
911b73db91738da6,2023-01-21,1,0.5,0.6011358626640826,True
a3ef3d05ddd80a94,2023-01-21,0,0.3634123806590699,0.31793722194690816,True
dde7d29cc443e263,2023-01-21,0,0.42888402625820565,0.4494176738714301,True
f09c3d8a26806761,2023-01-21,0,0.5427435387673957,0.5590076840394161,True
fcf385ae75191b57,2023-01-21,1,0.814385150812065,0.8153583658484524,True
fffdc57255274be1,2023-01-21,0,0.12454742939898623,0.13569525016032163,True
765482eb58e8db48,2023-02-04,1,0.6604688763136621,0.6877998377727428,False
7a1abc0230af730c,2023-02-04,0,0.7076023391812865,0.7321953899314715,True
8741e6a3a5a22a7f,2023-02-04,1,0.5711159737417942,0.5877288469825084,True
98094a500529d442,2023-02-04,0,0.33953112368633787,0.37625184288349717,True
983fab4080743ed0,2023-02-04,1,0.6428571428571429,0.6977843033786912,True
a26ca06cce403ce2,2023-02-04,1,0.8928571428571429,0.9165295197326124,True
a8067e65eb737a09,2023-02-04,0,0.17500000000000002,0.19956660197845436,True
b1b20c686dfe3204,2023-02-04,0,0.5882115462252725,0.6111539029245637,True
c63d8062c89c4c33,2023-02-04,0,0.7490483575355985,0.755163868524955,True
caeeb398f73d213a,2023-02-04,0,0.2722231557721391,0.2468362859475518,True
16dbe70eb7007f17,2023-02-11,0,0.24793388429752067,0.24076404873605253,True
2208b9f471a201d9,2023-02-11,1,0.6211096075778079,0.6711775085315543,True
256894b49303537b,2023-02-11,1,0.7584415584415586,0.7972825653820192,True
28af78600d6580f1,2023-02-11,1,0.7900763358778627,0.8143464676600691,True
4f672dd40867d8c6,2023-02-11,1,0.7388632872503841,0.7344225086351297,True
51a12878b151d67b,2023-02-11,1,0.7490483575355985,0.7879926403334608,True
8b7bc2af1e15b668,2023-02-11,1,0.5,0.499189262290413,True
a37a6b6f9551a6e8,2023-02-11,1,0.7023445463812437,0.6741892158845766,True
ca2672e68fedf4b7,2023-02-11,0,0.6604688763136621,0.6620327754080623,True
da22d5a717ae9e35,2023-02-11,1,0.5217391304347826,0.5458103376806398,True
3d46d635f9ae5e68,2023-02-18,0,0.3452115812917595,0.34546463371366576,True
3e90b7fd1e9f86bd,2023-02-18,0,0.2795965315873297,0.25679877283535046,True
3f837b469ba33c7c,2023-02-18,0,0.2795965315873297,0.2594473105298279,True
40781a64c4cea877,2023-02-18,1,0.7355163727959698,0.7504731370435964,True
435ba9b407b844ef,2023-02-18,1,0.7520661157024794,0.7195925577515269,True
43ec12079ccc371c,2023-02-18,1,0.37889039242219213,0.3661872428767788,True
682ff095649c9a5c,2023-02-18,0,0.3452115812917595,0.3681152852075121,True
c3a4187fc821bfff,2023-02-18,0,0.1972584419926446,0.20234256549696997,False
d45d9c7d60f332da,2023-02-18,1,0.6888888888888889,0.6719611792544175,True
dc6f69f923744948,2023-02-18,0,0.5427435387673957,0.5535463529422996,True
dcc3da324eb5f26c,2023-02-18,0,0.5217391304347826,0.4733408706108673,True
00a94d5fc7ce55cf,2023-02-25,1,0.6604688763136621,0.6518420598427559,True
02615499125b4b5d,2023-02-25,0,0.37889039242219213,0.3716558528880034,True
12d9b4a3931be5ec,2023-02-25,1,0.8105134474327628,0.8394836949080208,True
2ba11e0bf32829d6,2023-02-25,0,0.6489208633093525,0.679607046463585,True
5737084215c45792,2023-02-25,1,0.8515283842794761,0.8654279934199725,True
63670e1b8f164d4a,2023-02-25,1,0.3932993445010925,0.37061328129880167,False
83fa3a382acc7bdc,2023-02-25,0,0.3698979591836735,0.3686064857921923,True
a7f66f13f953352f,2023-02-25,1,0.4891657638136511,0.5594775514880108,True
d6357dab7ccdf2db,2023-02-25,1,0.552594002855783,0.5290925950159566,True
faac24c1b3d6368a,2023-02-25,1,0.46753246753246747,0.45911504077643855,True
009feda296ae589c,2023-03-04,0,0.4572564612326044,0.44115298955891397,True
0eb16f1307f66a11,2023-03-04,0,0.3111111111111111,0.2776722501115613,True
22fc6b3f4e48cfa3,2023-03-04,0,0.19354838709677422,0.1681165433667925,True
2b9daf452ab40b9b,2023-03-04,1,0.8986486486486486,0.9141162266302335,True
636fd144716a3084,2023-03-04,1,0.5882115462252725,0.6310338895064589,True
a69afe4a88c0ca12,2023-03-04,0,0.8250000000000002,0.8416809397821983,True
c29e2c49e1e417c8,2023-03-04,0,0.46753246753246747,0.4809155110425461,True
c2fc4c1e0c769655,2023-03-04,0,0.320754716981132,0.3400508861953654,True
c3b9b97467f828d1,2023-03-04,0,0.32721864154685176,0.30691499980351894,True
cd20dac4daa4f93a,2023-03-04,0,0.22437307523097227,0.24439093933173295,True
ec490d4224d3bc78,2023-03-04,1,0.5990922844175492,0.5833700451050162,True
0ccd2593c88209e4,2023-03-11,0,0.6900916630292449,0.6600213284753252,True
2c58a97f2fe6c985,2023-03-11,1,0.8869565217391304,0.9046300087590872,True
3b561a154aa2bbb2,2023-03-11,1,0.42928940388105546,0.3798371279043123,True
3cf3771274a4f8b1,2023-03-11,0,0.6853932584269663,0.7402397413284081,True
804c350ce714770f,2023-03-11,0,0.4454847478103292,0.46128519163152926,True
8d5b88e0ff253617,2023-03-11,1,0.5242214532871973,0.547759524253267,True
b9539d5e379b3edc,2023-03-11,0,0.6777862016679302,0.6936981946870201,True
c3af2b6ab1262fef,2023-03-11,0,0.38167938931297707,0.36010162345971536,False
c4e4954beb59eca6,2023-03-11,1,0.5634920634920635,0.5943251662061403,True
ccb5e29cd0347110,2023-03-11,1,0.7212543554006969,0.7649634837664091,True
d6945828f5fa7492,2023-03-11,1,0.6027039848197344,0.6409757123795057,True
e9c6bac0d1a5ec0f,2023-03-11,1,0.6946564885496185,0.7003687178575396,True
019b4d006800504b,2023-03-18,1,0.7612732095490715,0.7902055470172307,True
13f5be7a2ea5577e,2023-03-18,1,0.8152295632698767,0.8508140163920936,True
38094db8e3539cba,2023-03-18,1,0.615032080659945,0.6440235626331514,False
533984c3ff4b4858,2023-03-18,1,0.6183206106870228,0.6223329489063,False
53d6d5ad08ac0694,2023-03-18,0,0.747191011235955,0.7735460139741385,False
5e9c027fb24efc2b,2023-03-18,1,0.6853932584269663,0.729709280133905,True
6068385c48de6801,2023-03-18,1,0.7946544980443285,0.8253990725548488,True
8a3e7085e8e5a6e9,2023-03-18,1,0.6700774600745912,0.6574176869176954,False
90a83875e1d11238,2023-03-18,1,0.31460674157303364,0.3455781654560225,True
9f8cf5ac0807d64e,2023-03-18,0,0.7135512302607419,0.8845748349051401,False
c483ac06b1e33c3b,2023-03-18,1,0.3158617532616159,0.3567977042132668,True
cdaf65287d9a0ecb,2023-03-18,1,0.5044523597506678,0.6178585993643836,True
dd9cbf6d6284de26,2023-03-18,1,0.3779812606473595,0.3563995707459069,True
f40ac11da3bd7f8e,2023-03-18,1,0.8606016140865735,0.882452723526732,True
07e39fd5f4f23270,2023-03-25,1,0.47577854671280284,0.48329327108587844,True
1c2d0db1c9eed052,2023-03-25,1,0.6805555555555556,0.6910871959813197,True
2f382615155e32b9,2023-03-25,0,0.5913146565171273,0.5381834533673246,True
33fa6793a7f984ac,2023-03-25,0,0.4454847478103292,0.43418567929187823,True
6f6fec9c78244174,2023-03-25,1,0.4910905203136137,0.4623518481415813,True
9433730f95d52fc8,2023-03-25,0,0.299837925445705,0.29457652394750794,True
b9e037a45f8850fb,2023-03-25,0,0.5965276928719893,0.5539432550930217,True
bce8ece2ff26b4d4,2023-03-25,1,0.6564885496183206,0.6416926225074531,True
c6cc6ae23cbf8a27,2023-03-25,1,0.27424749163879597,0.3040322410016011,True
0810cdbeb9dd4d02,2023-04-08,0,0.6067545685866297,0.6099388018579884,True
28e3d939eb043664,2023-04-08,0,0.35358219336888475,0.33026918461739835,True
2cb34fc074f7a9ae,2023-04-08,0,0.7001620745542949,0.752871303413554,False
3165b03ddc6d3b6e,2023-04-08,1,0.6946564885496185,0.7479667089539367,True
355a2f4090c0ca31,2023-04-08,0,0.7001620745542949,0.7319853350143166,True
678d27af287476f8,2023-04-08,1,0.3484712230215828,0.4466377090137012,True
71ea7d7985dad804,2023-04-08,1,0.7900763358778627,0.8114051641313492,True
780147f2ed2637d1,2023-04-08,0,0.30990833697075515,0.2558377707328156,True
95349402616097cd,2023-04-08,0,0.41429311237700683,0.3905691013240472,True
bbc76ff9e1b1b142,2023-04-08,0,0.4572564612326044,0.4135408542378915,True
d7022b6058dbb26b,2023-04-08,1,0.765438008616563,0.7719093878128634,True
119559fd8124fee3,2023-04-15,0,0.3698979591836735,0.348975818112035,True
50e675146cda6e7c,2023-04-15,1,0.6613039796782388,0.6942539504630523,True
5de3a1bbcf705b58,2023-04-15,0,0.5857068876229935,0.5852664874993627,True
6049301b4deea035,2023-04-15,1,0.6067545685866297,0.5768895754325756,True
68c1b833ed8849a3,2023-04-15,1,0.5369611539091952,0.5141163857817181,True
792f139c2b9fd294,2023-04-15,0,0.593369754159424,0.6107088677973996,True
83c81018bb3aeebf,2023-04-15,1,0.39029115150133903,0.4016982266522474,True
8b2b2562884821a7,2023-04-15,1,0.44934326753206844,0.49248835014258247,True
995e79b951da945b,2023-04-15,0,0.4596322941646683,0.5167846545755035,True
b01e6e97d66681c5,2023-04-15,1,0.6411483253588516,0.6177235577776836,True
bbde45b2c766bb67,2023-04-15,1,0.36388670338316287,0.3815530530817192,True
bdbddbc00d07dc4b,2023-04-15,0,0.28644876973925815,0.28037663017927,True
cef255a992ba7af3,2023-04-15,0,0.4596322941646683,0.37657164357955725,True
d856812dc733690a,2023-04-15,1,0.3484712230215828,0.3352332937452739,True
01aa5949ac6851f3,2023-04-22,0,0.48460320253387285,0.4983139152056162,True
034cbbec91f67852,2023-04-22,0,0.1780185758513932,0.16612954044575692,True
06d9fb9c995f1e4f,2023-04-22,1,0.48460320253387285,0.5516278325780226,True
16628e25a043043a,2023-04-22,0,0.5965276928719893,0.5717814295468051,True
20c0f50c11509301,2023-04-22,1,0.7594936708860761,0.7899643414838147,True
277233ca9ea25674,2023-04-22,1,0.41101127891416556,0.5113953462569653,True
856468ba24a37fcc,2023-04-22,1,0.45326664582682086,0.4590560868658307,True
8beab5f941dae8e0,2023-04-22,1,0.48017621145374445,0.45868997446706805,True
a941c4e25ddddfff,2023-04-22,0,0.6361132966168371,0.6156552847646243,False
d00d5ef4ae0ac01b,2023-04-22,0,0.593369754159424,0.6300491905913451,True
2b1ac5d8f98639bf,2023-04-29,1,0.43286971331251767,0.4276368054376033,False
37ae5c09d6f03f33,2023-04-29,1,0.6853932584269663,0.6899173479777287,True
5d11b618f24082dd,2023-04-29,1,0.5671302866874822,0.6227682267191184,True
88a63555728c2025,2023-04-29,0,0.53125,0.5606802367567162,True
8dbfbd8f8bd0f00b,2023-04-29,1,0.6097088484986609,0.6101414824626741,True
c02d44564cb006a9,2023-04-29,0,0.6805555555555556,0.6736355078141877,True
ca63933f8c898fa2,2023-04-29,1,0.43286971331251767,0.4668915490182367,True
e0e2c1fc1a178d89,2023-04-29,0,0.5889887210858344,0.5538383545127075,True
e434035be5453be0,2023-04-29,0,0.40347230712801085,0.442475508960141,True
ecec1b0dd64ca2ae,2023-04-29,1,0.765438008616563,0.799805341904799,True
f9345fa82bf43847,2023-04-29,0,0.747191011235955,0.7278102179364301,True
069ab7e7b8b5d262,2023-05-06,1,0.8735632183908045,0.8820831830503142,True
0c6e3c1f03cd4061,2023-05-06,0,0.3972960151802657,0.43443231267200183,True
2372578d3f554c65,2023-05-06,0,0.3873792948573995,0.422635114569403,True
3f8b4aeb3baf4724,2023-05-06,0,0.6659815005138747,0.6651596627922969,True
4c9bbd9758be1168,2023-05-06,1,0.782608695652174,0.775369361524862,False
5f44d6d9e6bbecff,2023-05-06,0,0.5242214532871973,0.53302377827013,True
93fb6c7e590487f9,2023-05-06,0,0.4066302458405761,0.41285002525615155,False
c3ca708aaf4262a7,2023-05-06,1,0.6220187393526406,0.6432544378846352,True
d22de60b7a3d908c,2023-05-06,0,0.3698979591836735,0.3324380249175152,True
e3aad51099a23ba4,2023-05-06,1,0.5217391304347826,0.5891237890086123,True
ed707998b13d0101,2023-05-06,1,0.42101042502004815,0.4461820038988817,True
14e689e60419d469,2023-05-13,0,0.5836044242029929,0.6340184149853652,True
3387f430abb7e39f,2023-05-13,1,0.776440240756664,0.8039596627357252,True
6ca856d1950d8f7f,2023-05-13,0,0.6777862016679302,0.6514380641246347,True
755202fce24b8f83,2023-05-13,0,0.19620456738501124,0.18997767278088942,True
81fda78adcaedbc7,2023-05-13,1,0.4548257786000616,0.5071687605210164,True
838a022ca5d99cc1,2023-05-13,0,0.33869602032176127,0.3637018813415435,True
acfcf75f0215b7ab,2023-05-13,0,0.48460320253387285,0.4652965151703837,True
b0f4c7788782e26e,2023-05-13,0,0.27874564459930323,0.29103120078697253,True
c501576b8ec35758,2023-05-13,0,0.48460320253387285,0.4801110050667368,True
dae2484418631ff5,2023-05-13,1,0.7994561522773624,0.8293210354334483,True
f2ced83baf0457fc,2023-05-13,1,0.33099297893681046,0.32458600901271106,True
12683e06369d1a83,2023-05-20,1,0.5707105961189446,0.5756764156375418,True
33007109c9ca1ede,2023-05-20,1,0.5671302866874822,0.5718813520365944,True
3638ee66c7d34fe0,2023-05-20,0,0.33869602032176127,0.36311729165831336,True
49bd9a2f1fbebd1f,2023-05-20,0,0.4003612281757977,0.39173147542865294,False
73700c8c5107f719,2023-05-20,0,0.32654254800662835,0.282410823366484,True
744cbe6e49d4f41c,2023-05-20,1,0.870775347912525,0.8925106131955597,True
7d583e4002622848,2023-05-20,0,0.4672117470382112,0.46633495774761013,True
8502f245aabd64ac,2023-05-20,0,0.4365079365079365,0.35300189306761526,True
924f982f0d9d2142,2023-05-20,0,0.4454847478103292,0.45898218887713943,True
cb9654746447b934,2023-05-20,1,0.593369754159424,0.6463871518773411,True
eca400aeeb2763d1,2023-05-20,1,0.47577854671280284,0.4475298682496129,True
fb70b62915fdcec6,2023-05-20,0,0.36135228209729836,0.34183178823394283,True
4d0029ad31bdd85a,2023-06-03,1,0.6564885496183206,0.6303582166110289,True
5459c3bb88d031f9,2023-06-03,0,0.4454847478103292,0.4262551127485921,True
72bb7605e340a8fe,2023-06-03,1,0.41429311237700683,0.4410992735817136,True
7be3e513a31f6570,2023-06-03,1,0.6183206106870228,0.655591673251496,True
84f60cb00b8d4187,2023-06-03,1,0.6659815005138747,0.6397353443782142,True
913d8a35095591d5,2023-06-03,1,0.6097088484986609,0.6537474526329752,True
99808befeece3a8a,2023-06-03,1,0.4714576962283385,0.43956039940010294,True
a122968e96068800,2023-06-03,0,0.5242214532871973,0.569170399606248,True
ad7bd4b3ee923498,2023-06-03,0,0.5609756097560976,0.5857675207658218,True
c98f62eb74e69bcb,2023-06-03,1,0.564288063137126,0.5111837627000151,True
d7ae0993c7a378ee,2023-06-03,0,0.48460320253387285,0.47146853857715326,True
dfc62aa72446e4a8,2023-06-03,1,0.5467333541731791,0.6074951065222532,True
e2f4cd4a9a579488,2023-06-03,1,0.6900916630292449,0.683444786188421,True
1676c64a94be0557,2023-06-10,1,0.5594871427548169,0.5672922327748562,False
46c67efd68a0b15d,2023-06-10,1,0.7001620745542949,0.7365111517700877,True
47a5d4bb68352055,2023-06-10,0,0.6734574519933717,0.715641321083943,True
5311298f79414125,2023-06-10,1,0.5889887210858344,0.5939456549805633,True
69bc7ca8ce831731,2023-06-10,1,0.7402209614810391,0.7594124582839615,True
7ee8b91d7f80f8a7,2023-06-10,1,0.29556650246305427,0.25085285546558517,True
947ea1122c04ba18,2023-06-10,0,0.7212543554006969,0.7024495088503317,False
e24b65cd8721349a,2023-06-10,1,0.4672117470382112,0.4839146213061,True
e9d5ffcacf7d8757,2023-06-10,1,0.6613039796782388,0.6786594821966025,True
175d9e1ac0725145,2023-06-17,0,0.5327882529617888,0.5974390363677821,True
5d9b84493f1ed114,2023-06-17,1,0.41429311237700683,0.3312262687978434,True
6c2199524d762b11,2023-06-17,1,0.8869565217391304,0.9161230251486915,True
76fd6919d828d5c2,2023-06-17,1,0.6301020408163266,0.633961928947927,True
7ba54a10f28c9496,2023-06-17,1,0.43286971331251767,0.39930682038026344,False
8794031c523bf534,2023-06-17,0,0.36135228209729836,0.37256366448888056,True
8ea12c7360fa0f6b,2023-06-17,1,0.4365079365079365,0.38860577689764453,True
98458778348ea5d7,2023-06-17,1,0.6301020408163266,0.6490447244852116,True
9cfb84817a43b63c,2023-06-17,1,0.6734574519933717,0.687058848136671,True
bc1be168c064f028,2023-06-17,0,0.28644876973925815,0.2563777782619411,True
07cb64236ae7aaea,2023-06-24,0,0.6411483253588516,0.666115136099794,True
42922bab8a3e1828,2023-06-24,1,0.6813031161473088,0.6875220068952499,True
582806c33ce6dcf6,2023-06-24,1,0.33401849948612544,0.2796702283797209,True
7b909acede0a26eb,2023-06-24,0,0.6349557522123894,0.5594120794369354,True
8b296724a6844865,2023-06-24,1,0.5403677058353318,0.5582182418718206,True
9124740fe7816d70,2023-06-24,1,0.6659815005138747,0.7272735047503349,True
c22de92b9d9030dc,2023-06-24,1,0.5467012037178121,0.5649726581802387,True
c2cdeb207cce5ceb,2023-06-24,0,0.6411483253588516,0.6096365892471376,False
c3ef3cb03edde8bb,2023-06-24,0,0.23456199138343706,0.2222357688643675,True
ced01368259428f5,2023-06-24,1,0.6067545685866297,0.6343786687173341,True
f18d44292036d5de,2023-06-24,0,0.629812438302073,0.6097513728800293,True
fcc1191761e365f9,2023-06-24,0,0.6411483253588516,0.6272215722053347,True
0548a24a9bf8d7a0,2023-07-01,0,0.31460674157303364,0.32356634041346954,True
4dc5a41f357a7d85,2023-07-01,0,0.515396797466127,0.5360420797125564,True
f557405652165aa3,2023-07-01,1,0.593369754159424,0.5639880272038096,True
420f7e6530dbc727,2023-07-08,0,0.42101042502004815,0.38836139786965157,True
5b71958ee063a6e8,2023-07-08,0,0.39325842696629215,0.4141189732471048,True
69f67a4a690eb15d,2023-07-08,1,0.7001620745542949,0.7634310198815288,True
dbf8a4b0870a47d1,2023-07-08,1,0.8282442748091602,0.8194686328046905,False
3352c65f3f6d9b2a,2023-07-15,1,0.819229761592874,0.8286063251634131,True
3624f4ae9c1d703e,2023-07-15,1,0.7212543554006969,0.7659783854384594,True
57785c9be5b4526d,2023-07-15,1,0.6515287769784174,0.6332363844691179,True
6adfe44b110c1510,2023-07-15,0,0.4176257809930944,0.4463243631722692,True
81b7a6aa147bd912,2023-07-15,1,0.5634920634920635,0.5505830303769088,True
8362b372adb2f302,2023-07-15,0,0.42576569152588933,0.4678313998818548,True
b4cc389bb4af3707,2023-07-15,0,0.33401849948612544,0.31340549221252945,True
b52dccbe69864d2a,2023-07-15,0,0.4910905203136137,0.46516776141617083,True
cae7de0873e03947,2023-07-15,0,0.30990833697075515,0.27272765384520925,True
dae80502466c8726,2023-07-15,0,0.22892112420670896,0.22224318674266466,True
e4620f3fa451a3a4,2023-07-15,1,0.593369754159424,0.6101867663277908,True
eb30c9c975e15436,2023-07-15,1,0.6411483253588516,0.6875531226702294,True
319b96f615a0a154,2023-07-22,0,0.3698979591836735,0.41030902461716934,True
3c4305abc2e302d0,2023-07-22,1,0.562043795620438,0.5797582726743048,True
743a04674ab72ee0,2023-07-22,0,0.6489208633093525,0.6526756498281462,True
8104fe27bdc46914,2023-07-22,1,0.320754716981132,0.2864361638080128,True
89b96bc5f3e824c5,2023-07-22,1,0.42016806722689076,0.41466087869859986,True
8b341eb556c97c23,2023-07-22,1,0.7388632872503841,0.769907431060512,True
90e46589a18064bc,2023-07-22,1,0.8064516129032259,0.8290859900425027,True
9541cf21e031354c,2023-07-22,1,0.6547884187082406,0.6711857564389622,True
a0bc695b35f155f1,2023-07-22,1,0.5882115462252725,0.6159443170324709,True
a8a4c9f98ff73839,2023-07-22,1,0.562043795620438,0.5691419274483019,False
b4e2037f180c1e0e,2023-07-22,0,0.42016806722689076,0.3888428604385087,True
c4caa8a4f32a0eed,2023-07-22,0,0.3859649122807018,0.34391568165173736,True
c81d1facf185467d,2023-07-22,0,0.42888402625820565,0.41372208140792655,True
d54ebd2a3435a357,2023-07-22,0,0.562043795620438,0.5474336320672685,True
d918da575ee1bc35,2023-07-22,1,0.5,0.5756135378728607,True
4327fe98e1b6f222,2023-07-29,1,0.7555791710945804,0.7834541519422451,True
5116f9398bfca446,2023-07-29,1,0.6755725190839695,0.660455048359749,False
7a8f218c07347c88,2023-07-29,1,0.7156573116691285,0.7120071909323115,True
800a35b3a7e52308,2023-07-29,0,0.4782608695652174,0.5213672335334054,False
c27e33ee8ef53866,2023-07-29,0,0.5711159737417942,0.6014483264583251,True
cbf1e76186a0c8b3,2023-07-29,0,0.447405997144217,0.45459595354253135,True
e5ac7343b6d45188,2023-07-29,1,0.6116504854368933,0.5609427944591985,True
eff6ec2b2f1fb27b,2023-07-29,1,0.33953112368633787,0.30594011511529856,True
2c0496a5f39ab8a4,2023-08-05,1,0.5427435387673957,0.5225750642001058,True
2c54be25b09fce50,2023-08-05,1,0.3962430290578221,0.37829258105158114,True
531ce3d8011fa1f6,2023-08-05,0,0.6690070210631895,0.6697384752635526,True
554163b1c8c05522,2023-08-05,1,0.7600000000000002,0.8097425604028963,True
79bfba62da6242a6,2023-08-05,1,0.6037569709421778,0.6475214394970475,True
bda7992779a005fa,2023-08-05,0,0.5173641257162701,0.5407946981699563,True
e5cb9dfc1189d77d,2023-08-05,1,0.6574752261956054,0.7320535488436084,True
ec2358459ffbe7de,2023-08-05,0,0.2428115015974441,0.2099296414111633,True
1b1fd32485861655,2023-08-12,1,0.2779207411219764,0.29888738755218713,True
2c160a1d1fdbf0b0,2023-08-12,0,0.2522172949002217,0.24597225689733823,True
560a971c6ab8b854,2023-08-12,1,0.42794036443953615,0.4309237151871867,False
91a5480f48bfaa71,2023-08-12,1,0.6750312469954812,0.6411634157526108,True
9479ba3cdcb1e513,2023-08-12,0,0.5427435387673957,0.587137939127193,True
9576d9cba5cf5c4e,2023-08-12,1,0.7095435684647302,0.7339663705664491,True
9a9479663bedf8b4,2023-08-12,1,0.7335423197492164,0.7724925550435101,True
c2f730cb33df5221,2023-08-12,0,0.36309581830587784,0.34851110307303984,True
c57a4810c932b296,2023-08-12,1,0.6037569709421778,0.6367559792515716,False
ca2aa660bea0cb60,2023-08-12,1,0.6805555555555556,0.7430623958960364,True
d5929b7fbc801ce4,2023-08-12,0,0.36309581830587784,0.3670096691589138,True
e346f2b7af63e804,2023-08-12,1,0.4572564612326044,0.4599314280839491,True
e3573545220ca4ea,2023-08-12,0,0.42794036443953615,0.3935623660328197,True
1a95cc401f68f4c8,2023-08-19,0,0.3552708211997671,0.3700691028982117,True
621e6f0929a3dbfc,2023-08-19,1,0.5996387718242023,0.6539450869632217,True
62d53ad8f8769666,2023-08-19,1,0.3962430290578221,0.3614902863711214,True
78d2c01dc963f204,2023-08-19,0,0.19999999999999996,0.2416848743411818,True
845e38dfbfea6e53,2023-08-19,1,0.725752508361204,0.7589563264555829,True
e9754f597ec50f6f,2023-08-19,1,0.6309403437815976,0.6658161637210137,True
ee796ecb4ee8680b,2023-08-19,0,0.690792883054068,0.7286098156138276,True
f995ed679ef8bdf4,2023-08-19,1,0.7571884984025559,0.7915504127466232,True
fd4d30036a3f3efb,2023-08-19,0,0.3552708211997671,0.37254011771596424,True
23865dfc8361ac62,2023-08-26,0,0.1918429003021148,0.22400100914111268,True
293c5f4c9aca5c54,2023-08-26,0,0.4572564612326044,0.4618637452040923,True
48231fbd1af53674,2023-08-26,0,0.4066302458405761,0.37724417984012415,True
5531317352862978,2023-08-26,1,0.5996387718242023,0.655063623656138,True
96704d7ba3a452d9,2023-08-26,1,0.84,0.859677714506343,True
977250a28d3b8a3f,2023-08-26,1,0.42794036443953615,0.4062336581991609,True
b65b37c0e00074d9,2023-08-26,1,0.5720596355604638,0.513910095155574,True
bfc9989751bd0d04,2023-08-26,1,0.644729178800233,0.6649535856566077,True
c53b0f678fe2f16a,2023-08-26,1,0.4572564612326044,0.4424857760006491,True
da6b863cf684e0ae,2023-08-26,1,0.24918743228602383,0.2038208884993724,True
dd617f6ab4916ec4,2023-08-26,1,0.690792883054068,0.6894984778042789,True
de89bea7b0dcd2d3,2023-08-26,1,0.8677165354330709,0.8449399902067977,True
f7bc845ce74f5fe7,2023-08-26,1,0.593369754159424,0.6297586531248925,False
0d41a3fa5efef91b,2023-09-02,1,0.7571884984025559,0.7772449653896407,True
1b9a127f9dadaad9,2023-09-02,1,0.6202531645569621,0.5906430597451675,True
1be27d95bba03f17,2023-09-02,1,0.558797046641455,0.5863136931497868,True
1c29c53ff032c5c1,2023-09-02,1,0.6369041816941224,0.6622847980996908,False
2a48d0a98c21e736,2023-09-02,0,0.24000000000000005,0.2130046057357711,True
4eaf54ad3c82b6fa,2023-09-02,1,0.6369041816941224,0.6615280937107705,True
5098d052525da54f,2023-09-02,1,0.6092362344582594,0.6055719676869311,True
ac73c6888ee9322c,2023-09-02,1,0.7600000000000002,0.7871087186104162,True
dfa8fd0b82b37fa1,2023-09-02,1,0.6369041816941224,0.6207780396562455,True
e3a5a7ede88a2555,2023-09-02,1,0.44855888528345095,0.4731927381590154,True
ea006bae605e2a6b,2023-09-02,1,0.6309403437815976,0.6280453612144427,False
09a7f0979a58e6ea,2023-09-09,0,0.6637909160111647,0.6740857755142231,True
0aae15358d8606b9,2023-09-09,1,0.7179705215419501,0.7552181949552794,True
222bb2c67a87d312,2023-09-09,1,0.7819063004846527,0.7665733895675675,True
3e1c27f17433f9e4,2023-09-09,1,0.47391341473828014,0.46565293467037794,True
7f16e7725245bb2d,2023-09-09,0,0.8118668596237336,0.8315781246811577,True
a3d75cc363a6544b,2023-09-09,1,0.7146785837057409,0.7204313689884191,True
bfff5a3777841344,2023-09-09,1,0.7905405405405406,0.7893438465800444,True
e4ed294e16e16d81,2023-09-09,0,0.3249687530045188,0.3701502806537227,True
f9d2137f380e66bf,2023-09-09,1,0.6369041816941224,0.6109249621554365,True
2e1435c160bfe8b2,2023-09-16,1,0.7135512302607419,0.7415222122690134,True
697efaf0d162e877,2023-09-16,0,0.5108342361863488,0.5607310971689156,True
79f03eca3fe5cdb3,2023-09-16,1,0.7659021045164341,0.7835637071511374,True
7a0813ec0fadc84e,2023-09-16,1,0.7335423197492164,0.6834950114230484,True
a5d76e93a5052e3f,2023-09-16,0,0.690792883054068,0.7143807373840522,True
bcec26b425194e40,2023-09-16,1,0.5324675324675325,0.5961645725601072,True
c0ca4c201d086ea8,2023-09-16,1,0.84,0.8450831254697944,True
1496969c1497dc85,2023-09-23,0,0.8115183246073299,0.8191815029097671,True
23a604f460289271,2023-09-23,0,0.5634920634920635,0.5238986719204419,True
49ede01b061cfae3,2023-09-23,1,0.5217391304347826,0.5511475360892722,True
6e1bf1b163b3aeab,2023-09-23,0,0.44855888528345095,0.48247329113305437,True
adb411b0f418ce33,2023-09-23,1,0.7307110438729199,0.7363201588914892,False
b3c7a5a97978d156,2023-09-23,1,0.4106205619018215,0.4509250408522587,True
bf647be41de365e4,2023-09-23,1,0.6309403437815976,0.8042549419930135,True
d8335b728604b222,2023-09-23,1,0.7380410022779044,0.7493925511065287,False
da1b37edb8ccd3e6,2023-09-23,1,0.6636481241914618,0.7127286116238983,True
e966de63c8e6b1d5,2023-10-07,1,0.7520040080160321,0.782295816978991,False
eb76a5b76a68e4c4,2023-10-07,0,0.39076376554174075,0.3900162957376504,True
0d6d212fcdf47f2e,2023-10-14,1,0.5324675324675325,0.5918138619134371,True
751cf3d52fce1d1f,2023-10-14,0,0.5720596355604638,0.5866360567520054,True
824859c7580eb35b,2023-10-14,0,0.6309403437815976,0.685013729331794,True
0ea435ddf02deb60,2023-10-21,1,0.713375796178344,0.7535134627406308,True
18e5af00a8478a0e,2023-10-21,1,0.7905405405405406,0.828868781454779,True
3c6fb6bf9b7afd40,2023-10-21,0,0.3552708211997671,0.44885070185623605,True
43de9ff6064361e1,2023-10-21,0,0.3249687530045188,0.3178235017324598,True
7024385b5107bd4b,2023-10-21,1,0.84,0.8674450420172505,True
75c5f923f966b53b,2023-10-21,1,0.30920711694593195,0.2804420812337432,True
b84c447bb74febe2,2023-10-21,0,0.7508125677139763,0.7366432028000865,True
e9256316716499b8,2023-10-21,0,0.20945945945945948,0.19782943292926647,True
ed3334d108b257a6,2023-10-21,1,0.7220792588780237,0.7191604662585955,True
f23e9729b2b73c27,2023-10-21,0,0.24000000000000005,0.23824223867273245,True
119bc264e2bb9877,2023-11-04,1,0.644729178800233,0.660076002834073,True
3a81276a9641c6a1,2023-11-04,0,0.8,0.8039618233927337,True
7d474fbf31894108,2023-11-04,1,0.7179705215419501,0.7654171985146891,True
ac37849f627a79c4,2023-11-04,1,0.7957758771164253,0.8513704548646706,True
ff8f92cf8fb1b76c,2023-11-04,1,0.644808743169399,0.6740485852109583,True
128ab9aa4802c73f,2023-11-11,1,0.4572564612326044,0.4582662445421473,True
480c4dbd2e792d86,2023-11-11,1,0.8542857142857143,0.8426734632607087,False
4c025d1fff9e9fce,2023-11-11,1,0.6864406779661015,0.7298328418535897,True
5704e73f91b9e7f7,2023-11-11,1,0.6571428571428573,0.6888942258623078,False
57333b7bff20ece0,2023-11-11,1,0.5108342361863488,0.5253957963069592,False
6fd67582d8adb1c7,2023-11-11,1,0.31460674157303364,0.29557082414375346,True
9fe98de1eac21f2e,2023-11-11,0,0.33651931501393867,0.32970718091315104,True
a0362d60d2e1db0d,2023-11-11,0,0.3428571428571428,0.41003283461704615,True
b1f2ec122beda7a5,2023-11-11,0,0.4796954314720812,0.4893057639597517,True
db49619221b282af,2023-11-11,0,0.4572564612326044,0.4724568268277805,True
16109688429c09de,2023-11-18,1,0.8284518828451883,0.8634290061234149,True
2ae243f518948794,2023-11-18,1,0.8630136986301371,0.8645003943245456,True
36f10b949b935b8c,2023-11-18,1,0.7581792318634423,0.7859479065116864,True
5be63144ac46f97e,2023-11-18,1,0.623003194888179,0.6405438280979756,True
62b64802ea49e2fd,2023-11-18,0,0.550561797752809,0.584025196760002,True
6997693d552600dd,2023-11-18,0,0.36905965621840253,0.33101358413865956,True
73ebbfb998edc1f1,2023-11-18,1,0.7380410022779044,0.7547241310679705,True
7990b6716a53b2cd,2023-11-18,1,0.7913616398243045,0.813867558113972,True
9abf0b60a44a82d1,2023-11-18,0,0.43103448275862083,0.4447837135729308,True
b210b99d9c1c9196,2023-11-18,0,0.5692771084337349,0.5094702120708287,True
bd4d2522cb0d1a23,2023-11-18,0,0.31460674157303364,0.3223046705020804,True
c1aef0f60a5b62e3,2023-11-18,0,0.36309581830587784,0.30990998757640065,True
f0fe73e650b746f2,2023-11-18,1,0.19999999999999996,0.18816422315898493,True
02713b2d25f74d43,2023-12-02,0,0.7508125677139763,0.7437870262199364,True
20bfa549cb2cabe7,2023-12-02,0,0.26645768025078376,0.2969586545844423,True
246d06693b5ca1e8,2023-12-02,0,0.5306122448979592,0.5409988363368861,True
39c4ae4624052f9f,2023-12-02,1,0.5108342361863488,0.5225201238132475,True
9feb9500b0fedfcd,2023-12-02,0,0.30448717948717946,0.2825256138429527,True
1afc4f372a125c74,2023-12-09,0,0.6369041816941224,0.6190292261153036,True
35addc4646509286,2023-12-09,1,0.7994616419919246,0.826046938449286,True
5a6e894e4b6cc703,2023-12-09,1,0.5829926410466066,0.6041325878123567,True
5ac1725f775c6f00,2023-12-09,1,0.15771230502599654,0.167851095313147,True
84f6de7c99779e5f,2023-12-09,1,0.8115183246073299,0.8417474236027472,True
91093a019d32af2e,2023-12-09,0,0.36309581830587784,0.37744207639043414,False
acc57a9c114b694a,2023-12-09,1,0.6369041816941224,0.621836791774328,True
acde7c89bd724af8,2023-12-09,0,0.593369754159424,0.6537731818277004,True
f9ec8bedc15ece93,2023-12-09,1,0.7477827050997783,0.7527523349040851,True
fbedeb4e4b019b94,2023-12-09,1,0.593369754159424,0.63913501133724,True
03de7404decde12f,2024-01-13,1,0.6853932584269663,0.6468242061059084,True
0494ebcee93e717b,2024-01-13,0,0.13228346456692913,0.13315106379116728,True
477c3b9de012e4b3,2024-01-13,1,0.7449664429530201,0.7923904198008813,True
5344e76e26503716,2024-01-13,1,0.24918743228602383,0.23960389056142967,True
5f622d812b8f407f,2024-01-13,0,0.5306122448979592,0.5045248021975312,True
640f2ae3995b3b4f,2024-01-13,1,0.5893794380981784,0.6034180564511936,True
6f13fe34cb3ca906,2024-01-13,0,0.18848167539267016,0.19542608465829853,True
a8239866e1222eae,2024-01-13,0,0.6067415730337079,0.6301366015878991,True
d0d99889c6abd8e1,2024-01-13,0,0.441202953358545,0.47037096421066105,True
f2b407019b2a5c15,2024-01-13,1,0.8042929292929294,0.8263081124949976,True
fd29123ff92789e4,2024-01-13,1,0.7055341817105651,0.7226068110102023,True
14e53999507c76a7,2024-01-20,0,0.4956702459300312,0.49756495204873247,True
1a7cd191f0cf160c,2024-01-20,0,0.34252477380439467,0.3261006956625543,True
331ddc1141e934d1,2024-01-20,0,0.6574752261956054,0.6440139562244579,True
43d90683078fcee5,2024-01-20,0,0.6369041816941224,0.6750815273131927,True
670e4754d8d3d172,2024-01-20,0,0.6750312469954812,0.6305987848342299,True
7736eb6bd5c1ff4a,2024-01-20,1,0.7768331562167907,0.8103035014732178,True
97817609ed46baa0,2024-01-20,1,0.24000000000000005,0.23481160698468778,True
a10e2d5416972b9c,2024-01-20,0,0.5634920634920635,0.5752566455108123,True
ba5005d1116fa45f,2024-01-20,1,0.6092362344582594,0.5947836287303608,True
dff2685afd98ed9e,2024-01-20,1,0.7179705215419501,0.7520724155797789,True
faf15b752fb8924c,2024-01-20,1,0.3962430290578221,0.4167402693789496,False
330d86bfaa4155fe,2024-02-03,0,0.6574752261956054,0.677140348208541,True
733e675fd7c0052a,2024-02-03,1,0.644729178800233,0.7001457497010645,True
767ceb4a0cb43ade,2024-02-03,0,0.38356164383561636,0.37367545126285934,True
7b1882dc76786d77,2024-02-03,0,0.2591283863368669,0.25117162065027443,True
af6d56860ba4d259,2024-02-03,1,0.6957699520733487,0.7504162970565496,True
17050a7b673dc49d,2024-02-10,0,0.6690070210631895,0.7082936141625187,True
246fef4b19c3a7ed,2024-02-10,0,0.30920711694593195,0.295370773704059,True
25259e230be9cdc9,2024-02-10,1,0.6224665518611737,0.6359405751801886,True
406f2aacd1d1faf9,2024-02-10,1,0.31460674157303364,0.29648730887660163,True
5304956aada097e8,2024-02-10,1,0.5829926410466066,0.560739542582614,True
9d8473ae274ed625,2024-02-10,1,0.4891657638136511,0.4817017060568857,True
e7938bac3ec8b442,2024-02-10,0,0.33099297893681046,0.35919535115826984,True
01432891260084a4,2024-02-17,1,0.644729178800233,0.6529568308392423,True
1456a3f96ac7e35b,2024-02-17,1,0.6690070210631895,0.6634531804868365,False
2aeb3ec2d8c05dc8,2024-02-17,1,0.593369754159424,0.5897539317282281,True
8fb0092430448368,2024-02-17,0,0.30920711694593195,0.2977647795554684,True
9785420602b452f7,2024-02-17,1,0.7179705215419501,0.7723889158807391,True
9ddaa62cc806958d,2024-02-17,1,0.7600000000000002,0.7948550865167379,True
aeb3e4d9710207a4,2024-02-17,1,0.5,0.49699984342939524,True
bec3154a11df3299,2024-02-17,0,0.5634920634920635,0.5590843172257949,False
e92fb5c609e20b49,2024-02-17,1,0.8988580750407831,0.900445096676053,True
ef13ed466e0b42d8,2024-02-17,0,0.36309581830587784,0.2933134552982434,True
f87a3fa07f0009c9,2024-02-17,1,0.6574752261956054,0.7090866279177235,True
063e7ce759c52f81,2024-02-24,0,0.4066302458405761,0.4650046256233224,True
1c03c1bb62f3aed6,2024-02-24,1,0.8,0.8075544439130486,False
3b05a4ced6dd74f5,2024-02-24,0,0.5996387718242023,0.6267337093059957,True
50dae6b76c9c6490,2024-02-24,0,0.18813314037626624,0.21886529155376694,False
673a156925dfb31d,2024-02-24,1,0.6037569709421778,0.5567098792882973,True
6e4acb2aaa2cee56,2024-02-24,1,0.8524590163934428,0.8504973466957128,True
74f5cbecac011abb,2024-02-24,0,0.7220792588780237,0.7449121645455146,True
93ddc6b233d1956a,2024-02-24,0,0.2904564315352697,0.28076591355226743,True
a376f6d5806d0c90,2024-02-24,0,0.34252477380439467,0.3347304666471706,True
d1d3b6ab8a56e973,2024-02-24,1,0.44855888528345095,0.3920929450028276,True
ecbece0cbd60029e,2024-02-24,1,0.740871613663133,0.7593886299890649,True
024beecfd3f0ed7a,2024-03-02,0,0.2042241228835748,0.17886200635044092,True
32bd7ed48f5aea7e,2024-03-02,1,0.8081570996978852,0.7990075981489433,True
3ea7d69a1238f26a,2024-03-02,1,0.771505376344086,0.8280614126591735,False
4e566db7d26df001,2024-03-02,1,0.7894736842105263,0.8189773436162525,True
5a82757b553c40fc,2024-03-02,0,0.22849462365591394,0.19442906430550322,True
838fd9d2b14e0790,2024-03-02,1,0.38356164383561636,0.3140662230875373,True
a7d397cd0f2ac93a,2024-03-02,1,0.1475409836065574,0.14049768919087552,True
ba8f219260e212f8,2024-03-02,0,0.551441114716549,0.6163367471599154,True
cde2f88251b73305,2024-03-02,1,0.5765973826020016,0.5985062339587285,False
dcf5014e56649c2f,2024-03-02,1,0.8933823529411765,0.9026991408078177,True
df3cc5ec78d05a71,2024-03-02,1,0.7867435158501441,0.8343562141603748,True
0133019a4f1055ee,2024-03-09,1,0.44855888528345095,0.4442832537202906,True
270edfb687c0d20c,2024-03-09,0,0.5634920634920635,0.6042194392213768,True
33658a3ca932d15d,2024-03-09,0,0.37753344813882633,0.3591575275304562,True
68f7f992603192c6,2024-03-09,0,0.3962430290578221,0.4224479900554783,True
6e73ebbd089aff5e,2024-03-09,1,0.34252477380439467,0.33505082309785333,True
7bc7af11050e861b,2024-03-09,0,0.551441114716549,0.6150131526000975,False
894c44c3d04aaf6f,2024-03-09,1,0.7135512302607419,0.7287312658595517,False
8baff440b82afd2b,2024-03-09,1,0.7957758771164253,0.8339989986852362,True
9861b6d04e6ed43c,2024-03-09,1,0.5829926410466066,0.6038062483825708,False
cbdf29f36b343f6f,2024-03-09,1,0.7571884984025559,0.7763495276704225,True
ebb758b49e82d0ed,2024-03-09,0,0.3249687530045188,0.24944110585516413,True
f0a9dfbb6f6ac852,2024-03-09,1,0.5829926410466066,0.6109266622858813,True
35f9beb94b4ef9e2,2024-03-16,1,0.17287630402384502,0.18241460735956033,True
8bc0c220f7dcefa7,2024-03-16,0,0.5173641257162701,0.5094436407021119,True
acc7392d48cc09a0,2024-03-16,1,0.3552708211997671,0.32490270555953255,False
0e6782b758451063,2024-03-23,1,0.4066302458405761,0.39419287839618317,True
127be512f86618b2,2024-03-23,1,0.593369754159424,0.6690619101720015,True
48ff3f1bcefbf965,2024-03-23,1,0.5634920634920635,0.6169597633674242,True
72f123ddb4cc9d1c,2024-03-23,0,0.4572564612326044,0.4030372294523751,False
8c8337ce8437fe2e,2024-03-23,0,0.6092362344582594,0.6718162571112972,True
a1294453a28beda3,2024-03-23,1,0.6164383561643836,0.5954741711527561,True
cd6452a463ec8a28,2024-03-23,1,0.644729178800233,0.6764511536744289,True
d564e3a6c77d0c85,2024-03-23,1,0.6309403437815976,0.6703521459795074,True
de7cb625bdec0f91,2024-03-23,0,0.46753246753246747,0.45049592240791536,True
faf19712bd7ea41e,2024-03-23,0,0.34252477380439467,0.35819302157954985,True
636b01ee49925e49,2024-03-30,1,0.3962430290578221,0.36618349390092825,True
697e38075fd41819,2024-03-30,1,0.5427435387673957,0.5533360946639838,True
77992b8727382373,2024-03-30,1,0.39076376554174075,0.42694638167852644,True
91aa08e910fb4412,2024-03-30,0,0.7179705215419501,0.7206486552994168,True
976abc27a4e5e26a,2024-03-30,1,0.740871613663133,0.7840751002935917,True
99dc6d45cbdfa322,2024-03-30,1,0.34252477380439467,0.3653150133580895,True
de12349f334c964e,2024-03-30,0,0.5720596355604638,0.5432194441778498,True
e30250daa73005a8,2024-03-30,1,0.690792883054068,0.6815766086522002,True
e6d4fdad2b3422d1,2024-03-30,0,0.6574752261956054,0.7049017355124305,True
eb9f9f61507497a5,2024-03-30,1,0.5427435387673957,0.5375009819226773,True
f59cefe16905d62c,2024-03-30,1,0.5173641257162701,0.5296594368139255,True
0b9cd718d7e329e8,2024-04-06,0,0.24918743228602383,0.27004313853948264,True
1685eecc7ef37fb5,2024-04-06,0,0.7508125677139763,0.7609030369545123,False
188e6416157e5a1f,2024-04-06,1,0.5108342361863488,0.5783939866758271,True
1f7566c90343a680,2024-04-06,0,0.41700735895339336,0.4111460866109569,False
32375b4435fea5e6,2024-04-06,0,0.5634920634920635,0.5794557351110031,True
3ce96bb0c69b39be,2024-04-06,1,0.6636481241914618,0.7117923885926671,True
3cf5e0ebb5f8322c,2024-04-06,0,0.5996387718242023,0.6600505920920653,True
47f8812a335b6ce9,2024-04-06,0,0.41700735895339336,0.41792474061511037,True
5c3b8819dbe98114,2024-04-06,0,0.41700735895339336,0.4278443400361397,True
6ff21ea2c75c48ed,2024-04-06,1,0.725752508361204,0.7449731160583503,True
9c22ddb8d8fc1838,2024-04-06,0,0.6224665518611737,0.6362945460372758,True
ff5a8078ea85bbc7,2024-04-06,0,0.6853932584269663,0.7561544330620851,True
01f7c28804746979,2024-04-13,0,0.334666386023995,0.3157615634555618,True
0c2e3988793b418c,2024-04-13,1,0.9039548022598869,0.9132995589155497,True
538ca98010ed00ec,2024-04-13,0,0.4365079365079365,0.45875101909661,True
66eddbe35056c06d,2024-04-13,1,0.7867435158501441,0.7953113545648476,False
b1ac165326d8f29e,2024-04-13,0,0.2132564841498559,0.22573859035453597,True
cf5e8f98159c3971,2024-04-13,0,0.6224665518611737,0.5925530272163867,True
d95f21817a56eb05,2024-04-13,0,0.37753344813882633,0.33111514562595357,False
e4931f3ab3bf4141,2024-04-13,1,0.5427435387673957,0.5442566135529429,True
eda1e8c285a0a788,2024-04-13,1,0.46753246753246747,0.4585174511987981,True
0976778a6e6cf8a8,2024-04-27,0,0.33099297893681046,0.33667142699352276,True
0a85b3ad328205ff,2024-04-27,0,0.7867435158501441,0.8266919828676595,True
417049c7a3d65ccc,2024-04-27,1,0.44855888528345095,0.41140130089221233,True
4915c8a588513c22,2024-04-27,0,0.2522172949002217,0.2383273590249834,True
55231cc4112334b4,2024-04-27,0,0.2428115015974441,0.25841868309172966,True
681cd3cc6299d652,2024-04-27,1,0.39076376554174075,0.36738282763218044,True
6ea77cb62aa2f276,2024-04-27,0,0.30448717948717946,0.3403578312729745,True
7ca5604d99220e88,2024-04-27,0,0.593369754159424,0.6167775190190957,True
2db0998b24c11ea0,2024-05-04,0,0.19570707070707072,0.18243526725263076,True
2faf5b8d708f8e94,2024-05-04,0,0.3712871287128713,0.36980643026180926,True
3e74caa9fff4a5eb,2024-05-04,1,0.7957758771164253,0.803817132350996,True
3f419fce8ba8aa0e,2024-05-04,1,0.6164383561643836,0.6213331923146573,True
8a121f9c48f3773c,2024-05-04,0,0.31460674157303364,0.25824322597358534,True
a8718a3419a11e15,2024-05-04,1,0.22849462365591394,0.2051765997662658,True
b3d88eaea611a4a8,2024-05-04,1,0.4003612281757977,0.4201864358373501,True
c456b1950208e0b2,2024-05-04,0,0.34252477380439467,0.41543273228128885,True
c84a29f426f1aab7,2024-05-04,0,0.2522172949002217,0.22161352467513803,True
13d8d5cd83e5b57e,2024-05-11,1,0.578989574979952,0.6414241619757803,True
420a5e3b4010ebef,2024-05-11,1,0.48987854251012153,0.528861157122256,False
4b45f190122a1ce1,2024-05-11,1,0.5173641257162701,0.5474687811103734,True
8aa07b6cc40f0cb2,2024-05-11,0,0.29446581828943474,0.34311985613279106,True
8d9bcbb48888a5a3,2024-05-11,0,0.43103448275862083,0.41671478526061223,True
ccf3b6eda4c2a564,2024-05-11,0,0.4826358742837298,0.4815147356013222,True
e98eb6de29c62c9c,2024-05-11,1,0.33099297893681046,0.33653987240326094,True
ec5d705232983b87,2024-05-11,0,0.4106205619018215,0.4216609996480907,True
17aa636aa98678d3,2024-05-18,0,0.4106205619018215,0.3759318283813983,True
20220ace492af368,2024-05-18,1,0.5260865852617197,0.5588773548842618,True
85ddb65429a9d517,2024-05-18,1,0.5260865852617197,0.5270576327562129,True
052f53e006b28132,2024-06-08,0,0.4572564612326044,0.4339541002706155,True
2d12ae4683bbf433,2024-06-08,1,0.32558139534883723,0.3463308198372417,True
393f9bc7b51791a6,2024-06-08,0,0.6309403437815976,0.6423111988133762,True
3b12094dd48c2dc5,2024-06-08,0,0.558797046641455,0.509338110665325,True
b34abcfe4c2e8a57,2024-06-08,1,0.7055341817105651,0.7534278783543444,True
dcc0c53100fa1dd2,2024-06-08,1,0.7095435684647302,0.7168759723171312,True
06713afc60301c0c,2024-06-15,1,0.6439672223792032,0.6529510769783228,True
19ef5890b20f903a,2024-06-15,0,0.4066302458405761,0.45168817955859464,True
3b1438e9ec64990e,2024-06-15,1,0.7659021045164341,0.7510562627045466,False
6bdb93f9b4581bf6,2024-06-15,0,0.39325842696629215,0.3694775278718509,True
6f31285305881fe3,2024-06-15,0,0.17154811715481172,0.19735246046397475,True
78a7bf038e56881d,2024-06-15,0,0.6369041816941224,0.7331348892553486,True
7f14be4e45bca6bd,2024-06-15,0,0.31943212067435667,0.3060773034083879,True
94f5b35b2b6c72b1,2024-06-15,1,0.6634806849860613,0.7184617418812103,True
ab7bc93bdf4132c4,2024-06-15,0,0.558797046641455,0.5875198637663103,True
e47523ac32bfa24c,2024-06-15,0,0.7380410022779044,0.7827529851209641,True
fea3a0643218e16b,2024-06-15,1,0.2904564315352697,0.3125573908055645,True
0ac2da3dbaf2fce2,2024-06-22,1,0.7581792318634423,0.7370680030775861,True
774fb0c0c1c2bc6a,2024-06-22,1,0.6853932584269663,0.68609404328155,True
8bd5f20f49434c65,2024-06-22,0,0.551441114716549,0.5391741085338145,True
8db5cf5df713a7e9,2024-06-22,0,0.37699680511182115,0.36765701890013536,False
8ddd53a7ed3754d5,2024-06-22,1,0.6498905908096281,0.7189348740453491,True
9d5f562e0572058c,2024-06-22,0,0.5427435387673957,0.5733353903661752,True
cd3bb8a2824fbf22,2024-06-22,0,0.6634806849860613,0.7040865141717996,True
de1acb6803ab3f14,2024-06-22,1,0.7659021045164341,0.8114821342357945,True
eba46dbf9cdd83c0,2024-06-22,1,0.5306122448979592,0.5608206475930417,True
fbbf5391ea25521b,2024-06-22,1,0.8422876949740034,0.8429988497099433,True
08489fdfb56ee19c,2024-06-29,0,0.33651931501393867,0.33798908307441894,True
2b7883b304b3df1c,2024-06-29,0,0.551441114716549,0.5008207045808369,True
5f8a92f10e5451ce,2024-06-29,1,0.8998646820027065,0.9130182489312195,True
a571c622ab89b3d9,2024-06-29,0,0.4796954314720812,0.40611766891128714,False
bca5d01f8775f852,2024-06-29,1,0.558797046641455,0.5799791579865863,True
bf878c083a6b30ad,2024-06-29,0,0.441202953358545,0.43035351970125413,True
daa6b47be304ec86,2024-06-29,1,0.7307110438729199,0.7853655548357412,False
fbf77262d8da342b,2024-06-29,1,0.6287128712871286,0.5992351242695606,True
fc8ad0c7fc70dde7,2024-06-29,0,0.2820294784580499,0.3175805217057016,True
1394ce1832ddefe0,2024-07-13,1,0.6864406779661015,0.6910062226039384,True
54de03e04f571735,2024-07-13,0,0.5,0.5291851956349714,True
582afc25875911d1,2024-07-13,1,0.5795601552393274,0.5477322084808209,True
5eebde8fb4d67259,2024-07-13,1,0.5108342361863488,0.5053902033482133,True
80108a70c4afa6c2,2024-07-13,0,0.7001620745542949,0.6983694694076664,True
a63bb85cc39389c7,2024-07-13,1,0.299837925445705,0.27222799387847574,False
dad759ec50508147,2024-07-13,1,0.771505376344086,0.8095075201415434,True
dff8e4ef87d69516,2024-07-13,0,0.6152818594710127,0.6210200982883765,True
e06bfd0100eccbad,2024-07-13,1,0.7640449438202247,0.8303789550790095,True
120ec60ad18cf6c5,2024-07-20,1,0.6092362344582594,0.6192293801064829,True
4a00db8aeff200a2,2024-07-20,0,0.48987854251012153,0.4617449019614459,True
6e6567a98ea78891,2024-07-20,0,0.6574752261956054,0.7158731311451181,False
94541dd979e0b4bd,2024-07-20,0,0.42043984476067275,0.5268066043599439,True
9eaa33f874bbb999,2024-07-20,1,0.42043984476067275,0.39582193304525193,True
ec8bc554a0646638,2024-07-20,1,0.33099297893681046,0.3710981091701061,True
45e6a9b56ee3a9d1,2024-07-27,1,0.7783132530120482,0.810874180777202,True
678eda89a096dde8,2024-07-27,0,0.7307110438729199,0.7259330771457742,True
8a2e28da18ba6a25,2024-07-27,1,0.7001620745542949,0.751848781767368,True
9d8c32c60df0e287,2024-07-27,1,0.3249687530045188,0.32821598000117563,True
d6e240c47ba6034d,2024-07-27,1,0.6498905908096281,0.7226262014257069,True
ec434314c5438fc7,2024-07-27,1,0.7640449438202247,0.7686127879679018,True
ec5163539a133f17,2024-07-27,0,0.6864406779661015,0.7331059443225217,True
f02fed4e98048471,2024-07-27,0,0.5217391304347826,0.6095267799119298,True
1cd63899011c4bf6,2024-08-03,0,0.26928895612708015,0.24128672382256558,True
2d39c26876246223,2024-08-03,0,0.204865556978233,0.18014865207983655,True
33655fd07cfbe034,2024-08-03,0,0.24799599198396793,0.21876782767548522,True
637f792270a0c746,2024-08-03,1,0.8882882882882882,0.9040254522598258,True
77df662671ce11c5,2024-08-03,1,0.5795601552393274,0.6290702096243784,True
b38450d9aa0f52b8,2024-08-03,1,0.7307110438729199,0.7540841406812415,False
bb85e207eba236bc,2024-08-03,0,0.42794036443953615,0.44190751299603387,True
d038ff5ac21094f3,2024-08-03,1,0.5101214574898786,0.5082785799965512,True
d0d74672150ddea3,2024-08-03,1,0.550561797752809,0.5253757390261832,True
de767dd5216bcad9,2024-08-03,1,0.5893794380981784,0.6163743293364001,True
e6851877e33d343f,2024-08-03,1,0.6750312469954812,0.7438954416260366,True
f80143e1f3c3d319,2024-08-03,0,0.6571428571428573,0.7053445344479731,True
fbbb703581440496,2024-08-03,1,0.7179705215419501,0.714013078524372,True
6aa89b7b5350b8e2,2024-08-10,1,0.8284518828451883,0.8326943089219573,True
7b4284bd3033a319,2024-08-10,1,0.7640449438202247,0.7741584240633312,True
84973bbdffaf0d0e,2024-08-10,0,0.42043984476067275,0.4063418720647276,False
e72a2130e7387637,2024-08-10,0,0.38167938931297707,0.4068206582508717,True
059f5cf0e9e37627,2024-08-17,0,0.769993669550538,0.7925180575504085,True
3c319d4659e6c8fd,2024-08-17,0,0.22849462365591394,0.21913190258550852,False
43ebfc8914a39061,2024-08-17,0,0.5407914020517831,0.5976001110863802,True
6c44af21414e4143,2024-08-17,1,0.5217391304347826,0.5830630141964395,True
b9d5c77ae7a8109b,2024-08-17,1,0.42043984476067275,0.38586907105312257,True
bf8c5effd23f69c4,2024-08-17,1,0.29446581828943474,0.36167333823758296,True
bfff6cf22c1c569c,2024-08-17,1,0.8647058823529411,0.8836195790644236,True
dd3d8f7066c145b7,2024-08-17,0,0.31943212067435667,0.34537939202607965,True
ea4ff1d77928b029,2024-08-17,0,0.441202953358545,0.4495141873079601,True
15805ae1eea3343e,2024-08-24,0,0.26645768025078376,0.24755354814696348,True
2cbd53e43d3f606b,2024-08-24,0,0.7335423197492164,0.7547623058394919,True
560f1e26c2a6690a,2024-08-24,0,0.34252477380439467,0.35227743776324283,True
5c5523a6bf83e44f,2024-08-24,0,0.5634920634920635,0.6253460132832376,True
70afe9e0d2422252,2024-08-24,0,0.36905965621840253,0.4171856394615103,True
903d588b30a471e8,2024-08-24,1,0.7135512302607419,0.7838718558942819,True
ae50a1a655b1a8f6,2024-08-24,0,0.136986301369863,0.15010290154177208,True
ba8eda6993922ba0,2024-08-24,1,0.690792883054068,0.6214179126561018,False
bad06a5380d762b8,2024-08-24,0,0.3194444444444444,0.34503006566092337,True
0c418b9cdfd525c9,2024-09-07,0,0.4365079365079365,0.45948618577858186,True
69bde5bae0d6ec4f,2024-09-07,0,0.4003612281757977,0.4002200714395751,True
6e9876d2be2bbd02,2024-09-07,0,0.299837925445705,0.3356116065934104,False
75fa9c0bb31caaa3,2024-09-07,0,0.46753246753246747,0.46916305558268356,False
abfd5ac6cf186d8a,2024-09-07,1,0.9197080291970804,0.9323542221321931,True
b80c6eba11c54778,2024-09-07,0,0.690792883054068,0.6778708931055045,False
f1613b372748c8bb,2024-09-07,1,0.690792883054068,0.8619743004190773,True
f734b497add754af,2024-09-07,1,0.7179705215419501,0.6803549441717778,True
fe59646ebad8b6e4,2024-09-07,0,0.2949668357393679,0.2633188944526168,True
2335e75ce63805b6,2024-09-14,0,0.3552708211997671,0.3424719214874848,True
2397e2a92710705a,2024-09-14,0,0.4572564612326044,0.4710231362964792,True
27d98a8ee6608e27,2024-09-14,0,0.6369041816941224,0.7377712179596838,True
3146e5a47a922976,2024-09-14,0,0.4782608695652174,0.5012743558381973,False
3733d100f7bd5590,2024-09-14,0,0.5427435387673957,0.5670485914663276,True
6f83cfae0c800ef8,2024-09-14,0,0.5427435387673957,0.5535926239139206,True
78b506e5092a27fd,2024-09-14,1,0.644729178800233,0.6537460629340376,True
c60a317c7767abb7,2024-09-14,0,0.8081570996978852,0.7973936745607664,True
dae8ad2e03aa4a9a,2024-09-14,0,0.2949668357393679,0.32793693889967246,True
19706d8ba0edf9cd,2024-09-28,1,0.2779207411219764,0.29696618320677715,False
3599e9de4ae0e171,2024-09-28,1,0.827123695976155,0.8607704000915984,False
45f00a42a17f8e2a,2024-09-28,0,0.36905965621840253,0.38616021605391637,True
47d978a984a163aa,2024-09-28,1,0.46753246753246747,0.4665365148964205,True
62ff1e5deb124ff5,2024-09-28,1,0.6636481241914618,0.6835183753370411,True
7ba432e218edc17d,2024-09-28,1,0.6805555555555556,0.678059613208674,True
7ca4c91bab696b89,2024-09-28,1,0.30920711694593195,0.33365815131326815,True
89b772f864acb637,2024-09-28,1,0.4826358742837298,0.5027386740239962,False
a187670c5ee1ec5f,2024-09-28,0,0.3552708211997671,0.35625930784667553,True
d063d46208c560b1,2024-09-28,1,0.7508125677139763,0.7778092085378481,True
d806aacf5b6ba7f6,2024-09-28,1,0.5324675324675325,0.6086100693366309,True
e01019fbfe0e9528,2024-09-28,1,0.8677165354330709,0.8736035573788383,True
eedc7fccf7037949,2024-09-28,0,0.5829926410466066,0.6204590542512651,True
f114929ed709606e,2024-09-28,1,0.8042929292929294,0.8292731253888252,True
1d68bb733de24b06,2024-10-05,0,0.5829926410466066,0.5875494243366943,True
3d7d82fff71e395a,2024-10-05,0,0.47391341473828014,0.4658320771536822,True
5931cd9cf5da5f75,2024-10-05,1,0.42794036443953615,0.4423935398194054,True
69bca5091b2a31f6,2024-10-05,0,0.33635187580853815,0.31654527158339196,True
8c5e06c71f392f33,2024-10-05,1,0.7768331562167907,0.7876056106676029,False
9ea124a13d071186,2024-10-05,0,0.12000000000000002,0.10645293893727592,True
e8aad69aace1d31f,2024-10-05,0,0.5043297540699688,0.5275320144878717,True
eb73b63bbd7b88a7,2024-10-05,0,0.37753344813882633,0.35211110831878467,True
ed5b6681ab4e83e5,2024-10-05,1,0.8,0.8114176050096892,True
48dd2c9cb39bd2d4,2024-10-12,1,0.4956702459300312,0.4886661721228237,True
57415110bd494c79,2024-10-12,1,0.7135512302607419,0.7473699576032587,True
69a5895fde58432c,2024-10-12,0,0.6164383561643836,0.6348197895007509,True
85854504ce1aa97a,2024-10-12,1,0.6750312469954812,0.7236276414667452,True
98c29ba02cee5ba3,2024-10-12,1,0.7600000000000002,0.7722897507020892,True
b23554da35a84fbc,2024-10-12,0,0.42794036443953615,0.4186143078495248,False
de484433eef22e1d,2024-10-12,1,0.6805555555555556,0.7024750724784452,True
f1cc9169813c4a3e,2024-10-12,0,0.2820294784580499,0.2543983815020245,True
f690949d90ff1dee,2024-10-12,1,0.6805555555555556,0.665735324941872,True
0599f35e6679de02,2024-10-19,1,0.6037569709421778,0.6250434755287955,True
308f6cb830019ea9,2024-10-19,0,0.3552708211997671,0.31336111638987735,True
32b8c6c4b735d712,2024-10-19,1,0.2231668437832094,0.28099201163544574,True
4277b02a4dadac40,2024-10-19,1,0.5829926410466066,0.6386205929045161,True
503d7342cc08109f,2024-10-19,1,0.7220792588780237,0.7548524750471013,False
53f7f1b4834387a8,2024-10-19,0,0.33099297893681046,0.3948970197225462,True
a2f2c64f9fb3fb1c,2024-10-19,1,0.593369754159424,0.6164419075133657,True
a2f46e94aa6b0c64,2024-10-19,0,0.817258883248731,0.7969427921770835,True
c61923255389e67c,2024-10-19,0,0.31460674157303364,0.2531100500035169,False
f01b97e864cb4b8b,2024-10-19,1,0.17287630402384502,0.1567178200121516,True
fc73ecbd83b7f159,2024-10-19,1,0.690792883054068,0.7170599050434088,True
108434acbbd75d26,2024-10-26,1,0.5996387718242023,0.6489207963946988,True
1d65c141776949d6,2024-10-26,1,0.6805555555555556,0.6876283441540113,True
5c783cd188425783,2024-10-26,1,0.817258883248731,0.8420145435618436,True
6114076c689e8457,2024-10-26,1,0.6574752261956054,0.6706086485900253,False
781a2ea50f5ae68f,2024-10-26,1,0.4956702459300312,0.5036690009641577,True
919e3c5cc6999cb3,2024-10-26,1,0.30423004792665137,0.2283556178923215,False
af6eeea1cfe33240,2024-10-26,1,0.5829926410466066,0.6191366906707614,True
b09f54654b0f95f5,2024-10-26,1,0.740871613663133,0.7564954729597788,False
b8bf186f884678ea,2024-10-26,0,0.3194444444444444,0.2987726636043069,True
bde635a4f345bc3e,2024-10-26,1,0.5720596355604638,0.6492034784060969,True
cc11a0762f246fa4,2024-10-26,1,0.740871613663133,0.7645614170119136,True
df7928de73fc2fe8,2024-10-26,1,0.8524590163934428,0.8939984259132668,True
ebf7cea27b83c432,2024-10-26,1,0.7220792588780237,0.7809104820755779,True
18729b11614406bf,2024-11-02,1,0.5829926410466066,0.6319823842432203,True
6ad594777cce2d7d,2024-11-02,0,0.7001620745542949,0.6837082179116755,True
799acf3ae8a5df0a,2024-11-02,1,0.6164383561643836,0.6236671888064659,True
7edf2fe3a8776a44,2024-11-02,0,0.6309403437815976,0.6517039778612467,True
d29a82322bb083d9,2024-11-02,1,0.7571884984025559,0.771585728642347,True
eaa885cf7ae31e0b,2024-11-02,0,0.32558139534883723,0.35090663037157477,True
154138c8fc89c315,2024-11-09,0,0.27424749163879597,0.2703979836278397,True
73f451d894a1d4ca,2024-11-09,0,0.1475409836065574,0.16361554980235818,True
c31d9cac7534d879,2024-11-09,0,0.20863836017569548,0.21295157437545964,True
e6685759ed2af90d,2024-11-09,1,0.31460674157303364,0.2939616651083853,True
ea6427379a83bd01,2024-11-09,1,0.7957758771164253,0.8385040451901148,False
00414fc5519233b4,2024-11-16,0,0.6037569709421778,0.6004673399117216,True
2a930e2d7e1f87a9,2024-11-16,0,0.4891657638136511,0.5125499340546735,True
35c8223cc967fe0a,2024-11-16,1,0.3249687530045188,0.31476658378197797,True
4f4189009a190e35,2024-11-16,1,0.6957699520733487,0.7441920501941947,True
55eebc2ee92bf00a,2024-11-16,1,0.8720930232558137,0.8637912315689795,True
6c1faa6284428e5d,2024-11-16,1,0.4891657638136511,0.5226275782675881,True
8545a2495db16538,2024-11-16,1,0.28644876973925815,0.30770304169065316,True
9676a4e9362e4bfd,2024-11-16,0,0.27424749163879597,0.2576861252409206,True
b35e47f2f58ef026,2024-11-16,1,0.8118668596237336,0.8546573344809699,True
c565e2baa27cc7e5,2024-11-16,1,0.8988580750407831,0.8871215371352529,True
cfd3e62c638fbd1f,2024-11-16,1,0.8933823529411765,0.9155549447175847,True
02ec66f311dce539,2024-11-23,0,0.30423004792665137,0.36345608250996964,True
38f1c83c19e99fa2,2024-11-23,1,0.725752508361204,0.7437339773460037,True
56d2c00dfd391fcf,2024-11-23,1,0.6821515892420539,0.6936477102516133,True
5dab54e34c2cfe01,2024-11-23,0,0.47391341473828014,0.5394546953110727,True
64d6d51219e0664c,2024-11-23,0,0.8849315068493151,0.8820512388365093,True
828de4f5585c908c,2024-11-23,0,0.47391341473828014,0.49649579879395794,False
86a2f07e0bf20297,2024-11-23,0,0.6805555555555556,0.7455909908999407,False
9c207acb12c17a67,2024-11-23,0,0.33099297893681046,0.35487715584509016,False
baee9b2491c986e2,2024-11-23,1,0.2005438477226377,0.18652828717688427,True
f0c4aff7dd1ec4e9,2024-11-23,1,0.6369041816941224,0.6354837387134842,True
f53573316a4f349f,2024-11-23,1,0.7220792588780237,0.7528589047993078,True
f5f28a8b472b8012,2024-11-23,1,0.5820772814469718,0.6216080103849618,True
0292b9c31c0089ac,2024-12-07,1,0.8677165354330709,0.890000519437402,True
089388c9f00ce9c6,2024-12-07,0,0.5427435387673957,0.5741940825179447,True
0f16d83859d608c7,2024-12-07,0,0.5043297540699688,0.5231369187013704,True
1569186ee820ea87,2024-12-07,1,0.7279508556384379,0.7452895428874033,True
4914f7bd073c6359,2024-12-07,1,0.5836189170664839,0.5411441709846527,True
72b12a837290b327,2024-12-07,0,0.12000000000000002,0.12970747765165452,True
7c0d0a28a8fba102,2024-12-07,0,0.38356164383561636,0.41360511087593244,True
97caf8fca9d9603b,2024-12-07,1,0.7600000000000002,0.7765659171763971,True
a5c57b0f49e9f61c,2024-12-07,1,0.5427435387673957,0.5770400535811087,True
d38029cf47e54cf7,2024-12-07,0,0.3962430290578221,0.4149736188562851,True
df30514e0674d598,2024-12-07,1,0.6750312469954812,0.7185621977749383,True
e761c5009c09b295,2024-12-07,1,0.6923076923076924,0.7001289688302017,True
eb94412f15c62650,2024-12-07,1,0.8118668596237336,0.8054738264274452,True
f706508c52f337a6,2024-12-07,1,0.7600000000000002,0.8092684306724516,True
00c6a2ef07ca51da,2024-12-14,0,0.31460674157303364,0.3496047530572859,True
1a635a5e4551e7d5,2024-12-14,1,0.7659021045164341,0.7878762927185624,True
2b6a75175bbca4e9,2024-12-14,1,0.8465011286681715,0.8710619138442334,True
5238f6470d0557fb,2024-12-14,0,0.33635187580853815,0.31208848925430993,True
7521015554088962,2024-12-14,1,0.42794036443953615,0.4441085544325317,False
7b1bc4ff776f12c1,2024-12-14,0,0.740871613663133,0.8174860413842777,True
9c24c03131d5b49a,2024-12-14,1,0.6690070210631895,0.6663790192993859,True
b0be38110c2d8b84,2024-12-14,1,0.7768331562167907,0.8160751964541589,True
b40e4deb48658851,2024-12-14,1,0.5260865852617197,0.503194336858567,True
cf258c17234d649e,2024-12-14,0,0.30920711694593195,0.2866761972638329,True
e5f9d59d00fe3c73,2024-12-14,1,0.827123695976155,0.8543945628299169,True
ebeeed2595266bbc,2024-12-14,1,0.5829926410466066,0.6081685133274503,True
edf7ce89ad672e85,2024-12-14,0,0.6805555555555556,0.7252705853969605,True
