fight_id,date,fold,event_name,red_fighter,blue_fighter,predicted_side,bet_slug,model_probability,normalized_market_probability,signed_logit_residual,raw_implied_probability,decimal_odds,won,stake_units,profit_units
358f816aff469270,2021-01-16,2021,UFC Fight Night: Holloway vs. Kattar,Punahele Soriano,Dusko Todorovic,blue,blue_ko,0.3325837825924204,0.2679521821010398,0.3085152379035251,0.3333333333333333,3.0,0,1.0,-1.0
3d903bc35023f50a,2021-01-16,2021,UFC Fight Night: Holloway vs. Kattar,Jacob Kilburn,Austin Lingo,blue,blue_dec,0.2957970622485505,0.2264878697159041,0.3608570042831627,0.2857142857142857,3.5,1,1.0,2.5
6b0da0b1cda7799f,2021-01-16,2021,UFC Fight Night: Holloway vs. Kattar,Carlos Condit,Matt Brown,red,red_dec,0.2714022986751916,0.2031671924722523,0.37909611863949444,0.25,4.0,1,1.0,3.0
97ad63e644757cf4,2021-01-16,2021,UFC Fight Night: Holloway vs. Kattar,Wu Yanan,Joselyne Edwards,blue,blue_dec,0.2990731957512642,0.2313068838940011,0.3492313704092641,0.29411764705882354,3.4,1,1.0,2.4
97c80f69ac312030,2021-01-16,2021,UFC Fight Night: Holloway vs. Kattar,Sarah Moras,Vanessa Melo,red,red_dec,0.4969660670122077,0.4225768321513002,0.3000682284524876,0.5238095238095238,1.909090909090909,0,1.0,-1.0
a4817b7e46028b4a,2021-01-16,2021,UFC Fight Night: Holloway vs. Kattar,Max Holloway,Calvin Kattar,red,red_dec,0.491035019582907,0.3582645108758869,0.5470408721040434,0.4444444444444444,2.25,1,1.0,1.25
11558384f80f6506,2021-01-20,2021,UFC Fight Night: Chiesa vs. Magny,Umar Nurmagomedov,Sergey Morozov,red,red_dec,0.5482341357502516,0.4569552411761866,0.3661447042883763,0.5652173913043478,1.7692307692307694,0,1.0,-1.0
4abcf14faa7f92f2,2021-01-20,2021,UFC Fight Night: Chiesa vs. Magny,Ricky Simon,Gaetano Pirrello,red,red_dec,0.4512689023044902,0.3716002234958215,0.32981282219149743,0.46511627906976744,2.15,0,1.0,-1.0
57e784028ef2c17d,2021-01-20,2021,UFC Fight Night: Chiesa vs. Magny,Matt Schnell,Tyson Nam,red,red_dec,0.3045111472055487,0.2396227787069096,0.32884143358569295,0.3076923076923077,3.25,1,1.0,2.25
57e784028ef2c17d,2021-01-20,2021,UFC Fight Night: Chiesa vs. Magny,Matt Schnell,Tyson Nam,red,red_ko,0.1295015308864914,0.0916204742114654,0.38863420892843337,0.11764705882352941,8.5,0,1.0,-1.0
dd34dd337e637767,2021-01-20,2021,UFC Fight Night: Chiesa vs. Magny,Warlley Alves,Mounir Lazzez,blue,blue_dec,0.3563930296651242,0.2245572494716894,0.6482493662774742,0.2857142857142857,3.5,0,1.0,-1.0
83da743f6dda7dcc,2021-01-23,2021,UFC 257: Poirier vs. McGregor,Julianna Pena,Sara McMann,red,red_dec,0.3046264003975568,0.2265662742880035,0.40243933599594806,0.2857142857142857,3.5,0,1.0,-1.0
cd08b68f0bafafbf,2021-01-23,2021,UFC 257: Poirier vs. McGregor,Marina Rodriguez,Amanda Ribas,blue,blue_dec,0.458895676137625,0.3508460752717972,0.4505330690767632,0.4444444444444444,2.25,0,1.0,-1.0
f3ccbfd7036f3cf3,2021-01-23,2021,UFC 257: Poirier vs. McGregor,Nik Lentz,Movsar Evloev,blue,blue_dec,0.6295605481173542,0.5116363125238449,0.4837783686260582,0.6363636363636364,1.5714285714285714,1,1.0,0.5714285714285714
af8ea6db042674ef,2021-02-06,2021,UFC Fight Night: Overeem vs. Volkov,Mike Rodriguez,Danilo Marques,red,red_dec,0.1991189997120402,0.1154537349196177,0.6443951948690281,0.14285714285714285,7.0,0,1.0,-1.0
d65da3a3bc675449,2021-02-06,2021,UFC Fight Night: Overeem vs. Volkov,Molly McCann,Lara Procopio,red,red_dec,0.4675672749325508,0.3660482126603092,0.419294543307989,0.46511627906976744,2.15,0,1.0,-1.0
f4fbb11055301e75,2021-02-06,2021,UFC Fight Night: Overeem vs. Volkov,Michael Johnson,Clay Guida,red,red_dec,0.4222528355768592,0.3448405705588547,0.32826434372902197,0.425531914893617,2.35,0,1.0,-1.0
26fbf026beb8e9f8,2021-02-13,2021,UFC 258: Usman vs. Burns,Kelvin Gastelum,Ian Heinisch,red,red_dec,0.473391401149219,0.3793287756472681,0.38586315835556967,0.4878048780487805,2.0500000000000003,1,1.0,1.0500000000000003
54e2490959f66dc2,2021-02-13,2021,UFC 258: Usman vs. Burns,Ricky Simon,Brian Kelleher,red,red_dec,0.5737157685021221,0.4359373569008151,0.554694521442449,0.5555555555555556,1.7999999999999998,1,1.0,0.7999999999999998
be94e5b7a35ce5f2,2021-02-13,2021,UFC 258: Usman vs. Burns,Kamaru Usman,Gilbert Burns,red,red_dec,0.505679541400072,0.3900195774532995,0.46994906877946924,0.47619047619047616,2.1,0,1.0,-1.0
05ceb8b2f93993a6,2021-02-20,2021,UFC Fight Night: Blaydes vs. Lewis,Phil Hawes,Nassourdine Imavov,red,red_dec,0.1671269755238038,0.1152873107068447,0.4317082378365844,0.14285714285714285,7.0,1,1.0,6.0
05ceb8b2f93993a6,2021-02-20,2021,UFC Fight Night: Blaydes vs. Lewis,Phil Hawes,Nassourdine Imavov,red,red_sub,0.0835587213139522,0.062077782688301,0.320330503360708,0.07692307692307693,13.0,0,1.0,-1.0
15b1c7ddc4415fdd,2021-02-20,2021,UFC Fight Night: Blaydes vs. Lewis,Andrei Arlovski,Tom Aspinall,blue,blue_dec,0.2337964688062856,0.1751178677956316,0.36278433308536306,0.2222222222222222,4.5,0,1.0,-1.0
1d892fec31dc7ad7,2021-02-20,2021,UFC Fight Night: Blaydes vs. Lewis,Shana Dobson,Casey O'Neill,blue,blue_dec,0.3954740405183276,0.3230499530109159,0.31543105487846373,0.40816326530612246,2.4499999999999997,0,1.0,-1.0
82243207b4dfce87,2021-02-20,2021,UFC Fight Night: Blaydes vs. Lewis,Charles Rosa,Darrick Minner,red,red_sub,0.4125594866890815,0.3275949870959595,0.36568822537057905,0.425531914893617,2.35,0,1.0,-1.0
b12bc15f384ecc42,2021-02-20,2021,UFC Fight Night: Blaydes vs. Lewis,Curtis Blaydes,Derrick Lewis,red,red_dec,0.2032655093430841,0.1531869309051955,0.34381259128788333,0.2,5.0,0,1.0,-1.0
b9cd4910f0ecff45,2021-02-20,2021,UFC Fight Night: Blaydes vs. Lewis,Aiemann Zahabi,Drako Rodriguez,blue,blue_ko,0.2176824702044913,0.1325066430469441,0.5997518095472842,0.16666666666666666,6.0,0,1.0,-1.0
bc86601cf781a89c,2021-02-27,2021,UFC Fight Night: Rozenstruik vs. Gane,Dustin Jacoby,Maxim Grishin,red,red_dec,0.4200210268541031,0.2781250278780526,0.6310941262110409,0.3448275862068966,2.9,1,1.0,1.9
c2ee423d1f0b4f6f,2021-02-27,2021,UFC Fight Night: Rozenstruik vs. Gane,Pedro Munhoz,Jimmie Rivera,blue,blue_dec,0.5041281515985496,0.4101203501094091,0.3799808609909841,0.5121951219512195,1.9523809523809523,0,1.0,-1.0
04a788abbbd1f256,2021-03-06,2021,UFC 259: Blachowicz vs. Adesanya,Thiago Santos,Aleksandar Rakic,blue,blue_dec,0.3303892973134627,0.2425164036796436,0.4325076752509167,0.30303030303030304,3.3,1,1.0,2.3
2704d31de2c2f43b,2021-03-06,2021,UFC 259: Blachowicz vs. Adesanya,Tim Elliott,Jordan Espinosa,red,red_dec,0.32710103898056,0.2323316910793053,0.47386562160774715,0.29850746268656714,3.35,1,1.0,2.35
ae5d14a9fc1ad19c,2021-03-06,2021,UFC 259: Blachowicz vs. Adesanya,Joseph Benavidez,Askar Askarov,blue,blue_dec,0.3985144393714282,0.2848101265822785,0.5090665313015064,0.35714285714285715,2.8,1,1.0,1.7999999999999998
c06d7bb29bc24d00,2021-03-06,2021,UFC 259: Blachowicz vs. Adesanya,Islam Makhachev,Drew Dober,red,red_dec,0.5128906986334332,0.3836028582173749,0.5258578958179053,0.47619047619047616,2.1,0,1.0,-1.0
fd92fe0c494d0959,2021-03-06,2021,UFC 259: Blachowicz vs. Adesanya,Amanda Nunes,Megan Anderson,red,red_dec,0.2084707365391149,0.1325633574870342,0.5443136019989305,0.16666666666666666,6.0,0,1.0,-1.0
01f262b68a6a2223,2021-03-13,2021,UFC Fight Night: Edwards vs. Muhammad,Manel Kape,Matheus Nicolau,red,red_dec,0.2946760846685392,0.2316602316602316,0.3261798458396883,0.2857142857142857,3.5,0,1.0,-1.0
01f262b68a6a2223,2021-03-13,2021,UFC Fight Night: Edwards vs. Muhammad,Manel Kape,Matheus Nicolau,red,red_sub,0.0829125227511126,0.054054054054054,0.45878412743657027,0.06666666666666667,15.0,0,1.0,-1.0
4944437e73071671,2021-03-13,2021,UFC Fight Night: Edwards vs. Muhammad,Misha Cirkunov,Ryan Spann,red,red_dec,0.185816052714465,0.111099824411197,0.6021267251212143,0.14285714285714285,7.0,0,1.0,-1.0
70aa6b8f863e6861,2021-03-13,2021,UFC Fight Night: Edwards vs. Muhammad,Jonathan Martinez,Davey Grant,red,red_sub,0.115922212920574,0.0796163758713528,0.41594510185716693,0.1,10.0,0,1.0,-1.0
8a7b0cd5ad9ca4fe,2021-03-13,2021,UFC Fight Night: Edwards vs. Muhammad,Gloria de Paula,Jinh Yu Frey,red,red_dec,0.4814082565394046,0.4061792506516997,0.30538166295960284,0.5121951219512195,1.9523809523809523,0,1.0,-1.0
bb7ce8a6ba7f7cc5,2021-03-13,2021,UFC Fight Night: Edwards vs. Muhammad,Charles Jourdain,Marcelo Rojo,red,red_dec,0.3247936064726873,0.2429408630793819,0.4047948298476468,0.3076923076923077,3.25,0,1.0,-1.0
d15a87087b6f1452,2021-03-13,2021,UFC Fight Night: Edwards vs. Muhammad,Dan Ige,Gavin Tucker,red,red_dec,0.4347808847226309,0.3250306272873174,0.46837662067259195,0.40816326530612246,2.4499999999999997,0,1.0,-1.0
68cf99b6551dc3b3,2021-03-20,2021,UFC Fight Night: Brunson vs. Holland,Trevin Giles,Roman Dolidze,red,red_dec,0.3051298349409383,0.2127459917687799,0.48546438333600683,0.26666666666666666,3.75,1,1.0,2.75
9e45cc594a5a2506,2021-03-20,2021,UFC Fight Night: Brunson vs. Holland,Tai Tuivasa,Harry Hunsucker,red,red_dec,0.1683808941307732,0.1157613535173642,0.43605032313017467,0.14285714285714285,7.0,0,1.0,-1.0
afc86d1076c4c3a9,2021-03-20,2021,UFC Fight Night: Brunson vs. Holland,Adrian Yanez,Gustavo Lopez,red,red_dec,0.2688720293780514,0.19158879207554,0.43936651476204336,0.23809523809523808,4.2,0,1.0,-1.0
afc86d1076c4c3a9,2021-03-20,2021,UFC Fight Night: Brunson vs. Holland,Adrian Yanez,Gustavo Lopez,red,red_sub,0.0852171595278534,0.0618979174397898,0.34488835010206964,0.07692307692307693,13.0,0,1.0,-1.0
390694c179f05c7f,2021-03-27,2021,UFC 260: Miocic vs. Ngannou,Jamie Mullarkey,Khama Worthy,red,red_dec,0.2804021699421969,0.2103663207559899,0.3802511524434954,0.2631578947368421,3.8000000000000003,0,1.0,-1.0
1fee9eca658d9808,2021-04-10,2021,UFC Fight Night: Vettori vs. Holland,Hunter Azure,Jack Shore,blue,blue_dec,0.3455528261996551,0.2660528548853422,0.37609668457638334,0.3333333333333333,3.0,1,1.0,2.0
3209bcfaf95de90b,2021-04-10,2021,UFC Fight Night: Vettori vs. Holland,Impa Kasanganay,Sasha Palatnikov,red,red_dec,0.4913068438624615,0.3962264150943396,0.386437336156212,0.5,2.0,0,1.0,-1.0
444f0a732695dc81,2021-04-10,2021,UFC Fight Night: Vettori vs. Holland,Yorgan De Castro,Jarjis Danho,red,red_dec,0.1887510274767181,0.1339541658273548,0.4082939683002751,0.16666666666666666,6.0,0,1.0,-1.0
7aebf01b5afc0109,2021-04-10,2021,UFC Fight Night: Vettori vs. Holland,John Makdessi,Ignacio Bahamondes,blue,blue_dec,0.4205998983780895,0.2868515351941275,0.5904136022633065,0.35714285714285715,2.8,0,1.0,-1.0
93a1cd50374397c0,2021-04-10,2021,UFC Fight Night: Vettori vs. Holland,Luis Saldana,Jordan Griffin,red,red_dec,0.4113099011653743,0.3176958324241763,0.4058281793047039,0.4,2.5,1,1.0,1.5
998296216e7171ed,2021-04-10,2021,UFC Fight Night: Vettori vs. Holland,Scott Holtzman,Mateusz Gamrot,blue,blue_dec,0.560963293350069,0.3912434008187517,0.6871610889040305,0.4878048780487805,2.0500000000000003,0,1.0,-1.0
ac9a8b73e58f3d71,2021-04-10,2021,UFC Fight Night: Vettori vs. Holland,Mike Perry,Daniel Rodriguez,red,red_dec,0.2431862442745104,0.1787425561701696,0.3896004902567185,0.2222222222222222,4.5,0,1.0,-1.0
ac9a8b73e58f3d71,2021-04-10,2021,UFC Fight Night: Vettori vs. Holland,Mike Perry,Daniel Rodriguez,red,red_ko,0.2677037271358471,0.1892568241801796,0.448542074101721,0.23529411764705882,4.25,0,1.0,-1.0
e27c28928ed4390f,2021-04-10,2021,UFC Fight Night: Vettori vs. Holland,Jim Miller,Joe Solecki,blue,blue_dec,0.4240270134482678,0.3342475145697635,0.3827725807703771,0.4166666666666667,2.4,1,1.0,1.4
0b2c3c4306620d6d,2021-04-17,2021,UFC Fight Night: Whittaker vs. Gastelum,Tracy Cortez,Justine Kish,red,red_dec,0.5745757959431147,0.4912506020227966,0.3355463887679638,0.6153846153846154,1.625,1,1.0,0.625
24ff385ca78c80d3,2021-04-17,2021,UFC Fight Night: Whittaker vs. Gastelum,Tony Gravely,Anthony Birchak,red,red_dec,0.3418057861094652,0.267559240999331,0.35178411226286754,0.3333333333333333,3.0,0,1.0,-1.0
627c0a50cff30405,2021-04-17,2021,UFC Fight Night: Whittaker vs. Gastelum,Bartosz Fabinski,Gerald Meerschaert,red,red_dec,0.4299941522441777,0.3228574008850357,0.458796131334028,0.4166666666666667,2.4,0,1.0,-1.0
8d634c9240f161dd,2021-04-17,2021,UFC Fight Night: Whittaker vs. Gastelum,Austin Hubbard,Dakota Bush,red,red_dec,0.4707218947943688,0.3739310082699346,0.39814271520149425,0.46511627906976744,2.15,1,1.0,1.15
a33ecd2c88154890,2021-04-17,2021,UFC Fight Night: Whittaker vs. Gastelum,Luis Pena,Alexander Munoz,red,red_dec,0.4086492012574294,0.3233690104698299,0.368779618709271,0.4,2.5,1,1.0,1.5
a850ba762f3c5334,2021-04-17,2021,UFC Fight Night: Whittaker vs. Gastelum,Abdul Razak Alhassan,Jacob Malkoun,red,red_dec,0.1792603181730797,0.1339824018249959,0.3448298241015537,0.16666666666666666,6.0,0,1.0,-1.0
f2c82f027201ba21,2021-04-17,2021,UFC Fight Night: Whittaker vs. Gastelum,Andrei Arlovski,Chase Sherman,blue,blue_ko,0.299138351052121,0.2375491851308329,0.3147589777692099,0.29411764705882354,3.4,0,1.0,-1.0
fdfe4e7cb2d0b665,2021-04-17,2021,UFC Fight Night: Whittaker vs. Gastelum,Alexandr Romanov,Juan Espino,red,red_dec,0.196364662298389,0.1443359651880204,0.37056198899385095,0.18181818181818182,5.5,1,1.0,4.5
00bbcd4a6d647fdf,2021-04-24,2021,UFC 261: Usman vs. Masvidal 2,Anthony Smith,Jimmy Crute,blue,blue_dec,0.3051054108348716,0.229230491980537,0.38955852672408675,0.2857142857142857,3.5,0,1.0,-1.0
1820fed0fbcf6294,2021-04-24,2021,UFC 261: Usman vs. Masvidal 2,Uriah Hall,Chris Weidman,blue,blue_dec,0.3565290089841106,0.2756150354564104,0.37585653920226936,0.3448275862068966,2.9,0,1.0,-1.0
6a5eb525331fa1fc,2021-04-24,2021,UFC 261: Usman vs. Masvidal 2,Kamaru Usman,Jorge Masvidal,red,red_dec,0.5581472600019597,0.4420277144360638,0.46658288648140345,0.5454545454545454,1.8333333333333335,0,1.0,-1.0
26202a4bd36d3fd2,2021-05-01,2021,UFC Fight Night: Reyes vs. Prochazka,Merab Dvalishvili,Cody Stamann,red,red_dec,0.5731495052436947,0.4727265845377128,0.40391482973278575,0.5918367346938775,1.6896551724137931,1,1.0,0.6896551724137931
2f82e8079ba354f4,2021-05-01,2021,UFC Fight Night: Reyes vs. Prochazka,Giga Chikadze,Cub Swanson,red,red_ko,0.2586364292314883,0.1979704698956044,0.3459597237407377,0.25,4.0,1,1.0,3.0
3d790112d2e6d851,2021-05-01,2021,UFC Fight Night: Reyes vs. Prochazka,Luke Sanders,Felipe Colares,blue,blue_sub,0.2408202787453394,0.1699827597871027,0.43756184070994775,0.21052631578947367,4.75,0,1.0,-1.0
c9c79de21823d941,2021-05-01,2021,UFC Fight Night: Reyes vs. Prochazka,Randa Markos,Luana Pinheiro,blue,blue_dec,0.3760457708870551,0.2979629647314991,0.3506508122346498,0.37735849056603776,2.65,0,1.0,-1.0
d6b5a6ad27a730ae,2021-05-01,2021,UFC Fight Night: Reyes vs. Prochazka,Loma Lookboonmee,Sam Hughes,red,red_ko,0.24717891502677,0.1836306400839454,0.3782253803907798,0.22727272727272727,4.4,0,1.0,-1.0
00fbeda449926c13,2021-05-08,2021,UFC Fight Night: Rodriguez vs. Waterson,Phil Hawes,Kyle Daukaus,blue,blue_dec,0.2591546927939586,0.189706406751456,0.4015523049357377,0.23529411764705882,4.25,0,1.0,-1.0
37fda56a435a9b24,2021-05-08,2021,UFC Fight Night: Rodriguez vs. Waterson,Christian Aguilera,Carlston Harris,blue,blue_dec,0.3355720290322139,0.2142158602127273,0.6166080727078134,0.26666666666666666,3.75,0,1.0,-1.0
1f2f27b36e79da74,2021-05-15,2021,UFC 262: Oliveira vs. Chandler,Kevin Aguilar,Tucker Lutz,blue,blue_ko,0.2481991067695718,0.1787083889780565,0.4168826255646054,0.2222222222222222,4.5,0,1.0,-1.0
2b894d87ad9aae05,2021-05-15,2021,UFC 262: Oliveira vs. Chandler,Andrea Lee,Antonina Shevchenko,red,red_dec,0.378158393597946,0.3046974185357596,0.3276556363372116,0.37735849056603776,2.65,0,1.0,-1.0
5573d46130d6b967,2021-05-15,2021,UFC 262: Oliveira vs. Chandler,Jordan Wright,Jamie Pickett,blue,blue_dec,0.2622155863260502,0.1613348238707989,0.6138450494539065,0.2,5.0,0,1.0,-1.0
bfd672cac0726a9a,2021-05-15,2021,UFC 262: Oliveira vs. Chandler,Gina Mazany,Priscila Cachoeira,red,red_dec,0.5404839477546193,0.4069955385647109,0.5386907612578145,0.5121951219512195,1.9523809523809523,0,1.0,-1.0
ca22bafab913aae7,2021-05-15,2021,UFC 262: Oliveira vs. Chandler,Jacare Souza,Andre Muniz,blue,blue_dec,0.275352592018888,0.2018890200708382,0.4068967460099746,0.25,4.0,0,1.0,-1.0
cfbaeb80b5ff7c00,2021-05-15,2021,UFC 262: Oliveira vs. Chandler,Tony Ferguson,Beneil Dariush,blue,blue_dec,0.4043011495837436,0.2924332474389363,0.4960203134391195,0.36363636363636365,2.75,1,1.0,1.75
de332779baa1b103,2021-05-15,2021,UFC 262: Oliveira vs. Chandler,Christos Giagos,Sean Soriano,red,red_dec,0.4364213138326012,0.3552769070010449,0.3402245371858422,0.4444444444444444,2.25,0,1.0,-1.0
fef29aa73bd5b907,2021-05-15,2021,UFC 262: Oliveira vs. Chandler,Charles Oliveira,Michael Chandler,red,red_dec,0.1545298720838713,0.1060020713804271,0.43273941037278085,0.13333333333333333,7.5,0,1.0,-1.0
82d48296fd06c27f,2021-05-22,2021,UFC Fight Night: Font vs. Garbrandt,Rafael Alves,Damir Ismagulov,blue,blue_dec,0.5769823239648603,0.4495368056443458,0.5129400296673949,0.5555555555555556,1.7999999999999998,1,1.0,0.7999999999999998
b381dc272b32ce03,2021-05-22,2021,UFC Fight Night: Font vs. Garbrandt,Bruno Silva,Victor Rodriguez,red,red_dec,0.4404178716393336,0.2984399728690933,0.6152713275359816,0.2857142857142857,3.5,0,1.0,-1.0
2c0cddd12deb7450,2021-06-05,2021,UFC Fight Night: Rozenstruik vs. Sakai,Jairzinho Rozenstruik,Augusto Sakai,red,red_dec,0.1708962396957813,0.1307075320612721,0.3154286543520455,0.16,6.25,0,1.0,-1.0
5c0e5d850d8e661f,2021-06-05,2021,UFC Fight Night: Rozenstruik vs. Sakai,Santiago Ponzinibbio,Miguel Baeza,blue,blue_dec,0.2276741743724882,0.1458206752886034,0.5462725706998428,0.18181818181818182,5.5,0,1.0,-1.0
827aacd14f80e8f3,2021-06-05,2021,UFC Fight Night: Rozenstruik vs. Sakai,Makwan Amirkhani,Kamuela Kirk,red,red_dec,0.3020323493507313,0.2015086206896552,0.5392533812214623,0.25,4.0,0,1.0,-1.0
9252ad2304fd9a26,2021-06-05,2021,UFC Fight Night: Rozenstruik vs. Sakai,Dusko Todorovic,Gregory Rodrigues,red,red_dec,0.1909961883201686,0.1466190631810955,0.3178180590106485,0.18181818181818182,5.5,0,1.0,-1.0
f187c7ec92f43828,2021-06-05,2021,UFC Fight Night: Rozenstruik vs. Sakai,Walt Harris,Marcin Tybura,blue,blue_dec,0.3849024896644796,0.2416870848842597,0.674661485419058,0.29850746268656714,3.35,0,1.0,-1.0
1b4d5dbf5f663a97,2021-06-12,2021,UFC 263: Adesanya vs. Vettori 2,Carlos Felipe,Jake Collier,red,red_ko,0.2769203720432375,0.2142436727486756,0.33974335093009944,0.26666666666666666,3.75,0,1.0,-1.0
34d38d77c1d3f00e,2021-06-12,2021,UFC 263: Adesanya vs. Vettori 2,Pannie Kianzad,Alexis Davis,red,red_dec,0.5916763782531854,0.4625240834417397,0.5210851011965631,0.574468085106383,1.7407407407407405,1,1.0,0.7407407407407405
6cd44e1b2d093ea4,2021-06-12,2021,UFC 263: Adesanya vs. Vettori 2,Israel Adesanya,Marvin Vettori,red,red_dec,0.3990121590750352,0.3069466882067851,0.40485003414084264,0.38461538461538464,2.5999999999999996,1,1.0,1.5999999999999996
7d2051c6bae907cb,2021-06-12,2021,UFC 263: Adesanya vs. Vettori 2,Drew Dober,Brad Riddell,red,red_dec,0.3585445088496352,0.2826708773928013,0.34956452532002935,0.3508771929824561,2.85,0,1.0,-1.0
b070b8c2c489d838,2021-06-12,2021,UFC 263: Adesanya vs. Vettori 2,Leon Edwards,Nate Diaz,red,red_ko,0.5000321779799501,0.4020939774482253,0.39687646455254993,0.5,2.0,0,1.0,-1.0
d4ad90ac58429b64,2021-06-12,2021,UFC 263: Adesanya vs. Vettori 2,Matt Frevola,Terrance McKinney,red,red_dec,0.3542240488390866,0.2409189163635872,0.5471251714560614,0.29850746268656714,3.35,0,1.0,-1.0
d66164d2c770da68,2021-06-12,2021,UFC 263: Adesanya vs. Vettori 2,Movsar Evloev,Hakeem Dawodu,red,red_dec,0.5059015689397655,0.4302052232046607,0.30462126926751354,0.5348837209302325,1.8695652173913044,1,1.0,0.8695652173913044
dedb74ee9d84deab,2021-06-12,2021,UFC 263: Adesanya vs. Vettori 2,Fares Ziam,Luigi Vendramini,red,red_ko,0.2101279340664978,0.1617933356178053,0.3207904360956113,0.2,5.0,0,1.0,-1.0
50cae63d530ede7c,2021-06-19,2021,UFC Fight Night: Jung vs. Ige,Chan Sung Jung,Dan Ige,blue,blue_ko,0.2886639941929424,0.2039778395703763,0.4597341284866606,0.26666666666666666,3.75,0,1.0,-1.0
744627aec853874e,2021-06-19,2021,UFC Fight Night: Jung vs. Ige,Aleksa Camur,Nicolae Negumereanu,red,red_dec,0.4507557351296838,0.356100239905194,0.3947131140436577,0.4444444444444444,2.25,0,1.0,-1.0
87c8e086c29ae543,2021-06-19,2021,UFC Fight Night: Jung vs. Ige,Khaos Williams,Matthew Semelsberger,red,red_dec,0.2133814338072129,0.1603009523461682,0.3513284208466019,0.2,5.0,1,1.0,4.0
e8fd128286788a6d,2021-06-19,2021,UFC Fight Night: Jung vs. Ige,Josh Parisian,Roque Martinez,red,red_dec,0.3211332051566697,0.2221355436372501,0.5046956124142609,0.26666666666666666,3.75,1,1.0,2.75
086c2a0cae0835c4,2021-06-26,2021,UFC Fight Night: Gane vs. Volkov,Shavkat Rakhmonov,Michel Prazeres,red,red_dec,0.4905234498001961,0.2469445151983374,1.0770644928451918,0.3076923076923077,3.25,0,1.0,-1.0
086c2a0cae0835c4,2021-06-26,2021,UFC Fight Night: Gane vs. Volkov,Shavkat Rakhmonov,Michel Prazeres,red,red_ko,0.1123310662703823,0.0617361287995843,0.6540135153875322,0.07692307692307693,13.0,0,1.0,-1.0
086c2a0cae0835c4,2021-06-26,2021,UFC Fight Night: Gane vs. Volkov,Shavkat Rakhmonov,Michel Prazeres,red,red_sub,0.2636516181651618,0.1035573773412382,1.1312337118425038,0.12903225806451613,7.75,1,1.0,6.75
0eac7075bf3d7ab7,2021-06-26,2021,UFC Fight Night: Gane vs. Volkov,Julia Avila,Julija Stoliarenko,red,red_dec,0.5773405447099053,0.3907526941297061,0.7560149130552487,0.5,2.0,0,1.0,-1.0
0eac7075bf3d7ab7,2021-06-26,2021,UFC Fight Night: Gane vs. Volkov,Julia Avila,Julija Stoliarenko,red,red_ko,0.0691713076402591,0.0521003592172941,0.3015876797252912,0.06666666666666667,15.0,0,1.0,-1.0
23c7c6ceee34585f,2021-06-26,2021,UFC Fight Night: Gane vs. Volkov,Yancy Medeiros,Damir Hadzovic,blue,blue_dec,0.1859861078875365,0.1263027551336291,0.4577466203830387,0.15384615384615385,6.5,1,1.0,5.5
23c7c6ceee34585f,2021-06-26,2021,UFC Fight Night: Gane vs. Volkov,Yancy Medeiros,Damir Hadzovic,blue,blue_ko,0.1203174497435673,0.0684139923640491,0.6218837080676045,0.08333333333333333,12.0,0,1.0,-1.0
81de3929330076d2,2021-06-26,2021,UFC Fight Night: Gane vs. Volkov,Warlley Alves,Jeremiah Wells,red,red_dec,0.3516155508831406,0.1866012455782822,0.8603020862693117,0.23094688221709006,4.33,0,1.0,-1.0
81de3929330076d2,2021-06-26,2021,UFC Fight Night: Gane vs. Volkov,Warlley Alves,Jeremiah Wells,red,red_ko,0.2082264989206726,0.1292773429366339,0.5717145223091102,0.16,6.25,0,1.0,-1.0
85099c6378ff87c5,2021-06-26,2021,UFC Fight Night: Gane vs. Volkov,Kennedy Nzechukwu,Danilo Marques,red,red_dec,0.386658242337404,0.1793936421323687,1.0590799294047246,0.2222222222222222,4.5,0,1.0,-1.0
85099c6378ff87c5,2021-06-26,2021,UFC Fight Night: Gane vs. Volkov,Kennedy Nzechukwu,Danilo Marques,red,red_ko,0.1189102156688984,0.0849759357469115,0.37379144269192155,0.10526315789473684,9.5,1,1.0,8.5
85099c6378ff87c5,2021-06-26,2021,UFC Fight Night: Gane vs. Volkov,Kennedy Nzechukwu,Danilo Marques,red,red_sub,0.058998357052764,0.0384414947426504,0.4499826540606051,0.047619047619047616,21.0,0,1.0,-1.0
ce0fda34122f3d48,2021-06-26,2021,UFC Fight Night: Gane vs. Volkov,Raoni Barcelos,Timur Valiev,red,red_dec,0.4424219710507325,0.3648049049398983,0.3232311408607138,0.4444444444444444,2.25,0,1.0,-1.0
d40eae4425092219,2021-06-26,2021,UFC Fight Night: Gane vs. Volkov,Tanner Boser,Ovince Saint Preux,red,red_dec,0.4961779440399835,0.2990747608822955,0.8364191322832976,0.36363636363636365,2.75,0,1.0,-1.0
d40eae4425092219,2021-06-26,2021,UFC Fight Night: Gane vs. Volkov,Tanner Boser,Ovince Saint Preux,red,red_ko,0.1397059749853866,0.102806949053289,0.34868392391536007,0.125,8.0,1,1.0,7.0
d988760df61f027c,2021-06-26,2021,UFC Fight Night: Gane vs. Volkov,Marcin Prachnio,Ike Villanueva,red,red_dec,0.4193779521079731,0.2481536189069424,0.7831565589594122,0.3076923076923077,3.25,0,1.0,-1.0
7d0ce28ce8a77eb1,2021-07-10,2021,UFC 264: Poirier vs. McGregor 3,Dustin Poirier,Conor McGregor,red,red_ko,0.3699833303087969,0.3024115240030251,0.303552273444737,0.37735849056603776,2.65,1,1.0,1.65
96bbb6c573dac27a,2021-07-10,2021,UFC 264: Poirier vs. McGregor 3,Niko Price,Michel Pereira,blue,blue_dec,0.3217383932840918,0.2159274444030314,0.5437648237427256,0.26666666666666666,3.75,1,1.0,2.75
49876b12d440af40,2021-07-17,2021,UFC Fight Night: Makhachev vs. Moises,Francisco Figueiredo,Malcolm Gordon,red,red_dec,0.2930109363458399,0.2142054674822119,0.41895440305107745,0.26666666666666666,3.75,0,1.0,-1.0
72105dd82d964e7a,2021-07-17,2021,UFC Fight Night: Makhachev vs. Moises,Jeremy Stephens,Mateusz Gamrot,blue,blue_dec,0.4744938247785423,0.3205681574677809,0.6490486720953588,0.4,2.5,0,1.0,-1.0
7d4c160dab6eae73,2021-07-17,2021,UFC Fight Night: Makhachev vs. Moises,Islam Makhachev,Thiago Moises,red,red_dec,0.5635583757711451,0.4219820562652387,0.5702584130550814,0.5121951219512195,1.9523809523809523,0,1.0,-1.0
813444e109995c97,2021-07-17,2021,UFC Fight Night: Makhachev vs. Moises,Rodolfo Vieira,Dustin Stoltzfus,red,red_dec,0.2489868673134876,0.1576971214017522,0.5714404375101501,0.2,5.0,0,1.0,-1.0
43c391b251337c9b,2021-07-24,2021,UFC Fight Night: Sandhagen vs. Dillashaw,Adrian Yanez,Randy Costa,red,red_dec,0.235209621598926,0.1703761551477287,0.40383907129831,0.20833333333333334,4.8,0,1.0,-1.0
4bb77b1d8efc53a9,2021-07-24,2021,UFC Fight Night: Sandhagen vs. Dillashaw,Kyler Phillips,Raulian Paiva,red,red_dec,0.5430150734000893,0.4614093959731544,0.32715669751636,0.5555555555555556,1.7999999999999998,0,1.0,-1.0
dff1dbb8fe1f31cb,2021-07-24,2021,UFC Fight Night: Sandhagen vs. Dillashaw,Nassourdine Imavov,Ian Heinisch,red,red_dec,0.2860566346719434,0.2179808822128362,0.3628580004920491,0.26666666666666666,3.75,0,1.0,-1.0
12ceec9431fb0827,2021-07-31,2021,UFC Fight Night: Hall vs. Strickland,Chris Gruetzemacher,Rafa Garcia,blue,blue_dec,0.4132930166285611,0.3023547017683169,0.4857412736332893,0.37735849056603776,2.65,0,1.0,-1.0
96c51bc6316a4b47,2021-07-31,2021,UFC Fight Night: Hall vs. Strickland,Jinh Yu Frey,Ashley Yoder,blue,blue_ko,0.0763637981985309,0.0556003907743278,0.33954962706773806,0.06666666666666667,15.0,0,1.0,-1.0
fb9095887dca34c7,2021-07-31,2021,UFC Fight Night: Hall vs. Strickland,Phil Rowe,Orion Cosce,red,red_dec,0.2598228362036689,0.1669026906736799,0.560849932714296,0.20833333333333334,4.8,0,1.0,-1.0
3d75081ce43774ca,2021-08-07,2021,UFC 265: Lewis vs. Gane,Vince Morales,Drako Rodriguez,blue,blue_dec,0.2695831318600545,0.2126262313363484,0.31242860866964084,0.26666666666666666,3.75,0,1.0,-1.0
962aab0abdd34173,2021-08-07,2021,UFC 265: Lewis vs. Gane,Song Yadong,Casey Kenney,red,red_dec,0.319708363563094,0.2567440733900512,0.30784830345169467,0.31746031746031744,3.1500000000000004,1,1.0,2.1500000000000004
cce232c1b1b2e4a0,2021-08-07,2021,UFC 265: Lewis vs. Gane,Victoria Leonardo,Melissa Gatto,blue,blue_dec,0.1950603180982234,0.1520535200035443,0.30112644544726597,0.19047619047619047,5.25,0,1.0,-1.0
dcd0793ff1a43b68,2021-08-07,2021,UFC 265: Lewis vs. Gane,Alonzo Menifield,Ed Herman,red,red_dec,0.1993527377603512,0.1365185171392928,0.45416751977814207,0.16666666666666666,6.0,1,1.0,5.0
efe985e626a0d8c0,2021-08-07,2021,UFC 265: Lewis vs. Gane,Michael Chiesa,Vicente Luque,red,red_dec,0.3539935681796767,0.2435723951285521,0.5316619061383939,0.3076923076923077,3.25,0,1.0,-1.0
3a9e0fed344fd07d,2021-08-21,2021,UFC Fight Night: Cannonier vs. Gastelum,Clay Guida,Mark Madsen,blue,blue_dec,0.4603440884594322,0.374398288464967,0.3544362445098142,0.45454545454545453,2.2,1,1.0,1.2000000000000002
47a157222b2c9092,2021-08-21,2021,UFC Fight Night: Cannonier vs. Gastelum,Sasha Palatnikov,Ramiz Brahimaj,blue,blue_dec,0.2980891060265981,0.1892635925671025,0.5983882575593238,0.23255813953488372,4.3,0,1.0,-1.0
755d84d5f4aa4dbf,2021-08-21,2021,UFC Fight Night: Cannonier vs. Gastelum,Vinc Pichel,Austin Hubbard,red,red_dec,0.4408013255583934,0.3413935404658776,0.41917973294891464,0.4166666666666667,2.4,1,1.0,1.4
bfacb44c24bfe0e9,2021-08-21,2021,UFC Fight Night: Cannonier vs. Gastelum,Brian Kelleher,Domingo Pilarte,blue,blue_dec,0.2659008442286389,0.1772324471710974,0.5196909542139221,0.2222222222222222,4.5,0,1.0,-1.0
bfacb44c24bfe0e9,2021-08-21,2021,UFC Fight Night: Cannonier vs. Gastelum,Brian Kelleher,Domingo Pilarte,blue,blue_sub,0.1924196555774411,0.1226993865030675,0.5327485018013032,0.15384615384615385,6.5,0,1.0,-1.0
089a17e450cc98aa,2021-08-28,2021,UFC Fight Night: Barboza vs. Chikadze,Kevin Lee,Daniel Rodriguez,red,red_dec,0.4034454174338777,0.2609834631630857,0.6497337159359515,0.31746031746031744,3.1500000000000004,0,1.0,-1.0
ad3aa9520131ff2e,2021-08-28,2021,UFC Fight Night: Barboza vs. Chikadze,Andre Petroski,Micheal Gillmore,red,red_dec,0.1801190692719111,0.136451523800755,0.32953962552050164,0.16666666666666666,6.0,0,1.0,-1.0
be4890f4aaadec28,2021-08-28,2021,UFC Fight Night: Barboza vs. Chikadze,Mana Martinez,Guido Cannetti,red,red_dec,0.2108430423612785,0.147205416002867,0.4368384515968968,0.18181818181818182,5.5,1,1.0,4.5
e24c8aab497b4fe1,2021-08-28,2021,UFC Fight Night: Barboza vs. Chikadze,Alessio Di Chirico,Abdul Razak Alhassan,red,red_dec,0.4054461851070501,0.2942979767014102,0.49177722383140404,0.36363636363636365,2.75,0,1.0,-1.0
06c0c7dda5a5909d,2021-09-04,2021,UFC Fight Night: Brunson vs. Till,Molly McCann,Ji Yeon Kim,blue,blue_ko,0.1155095029470676,0.0698895027624309,0.5527289639300088,0.08333333333333333,12.0,0,1.0,-1.0
4fc128b1bdf088b1,2021-09-04,2021,UFC Fight Night: Brunson vs. Till,Jack Shore,Liudvik Sholinian,red,red_dec,0.4040879726743353,0.3313686967910936,0.3135407062653967,0.4,2.5,1,1.0,1.5
a7c38d4d66abf923,2021-09-04,2021,UFC Fight Night: Brunson vs. Till,Dalcha Lungiambula,Marc-Andre Barriault,blue,blue_ko,0.3842196910263059,0.2912855563373203,0.41747284923468264,0.36363636363636365,2.75,0,1.0,-1.0
06b3226c34c17001,2021-09-18,2021,UFC Fight Night: Smith vs. Spann,Impa Kasanganay,Carlston Harris,blue,blue_ko,0.1543372938598462,0.1136168015148906,0.35333780467185183,0.14285714285714285,7.0,1,1.0,6.0
0ce63c2148e70b4c,2021-09-18,2021,UFC Fight Night: Smith vs. Spann,Erin Blanchfield,Sarah Alpar,red,red_dec,0.5015605675171397,0.4144104833500542,0.3520043626449218,0.5,2.0,1,1.0,1.0
401f5f4714132d50,2021-09-18,2021,UFC Fight Night: Smith vs. Spann,Joaquin Buckley,Antonio Arroyo,red,red_dec,0.2318365092251619,0.1695838646111046,0.39060919468690325,0.20833333333333334,4.8,0,1.0,-1.0
4b5f9b7c31d1205d,2021-09-18,2021,UFC Fight Night: Smith vs. Spann,Ion Cutelaba,Devin Clark,red,red_dec,0.1620428256611955,0.1185524126455906,0.36310403966089955,0.14285714285714285,7.0,1,1.0,6.0
d06495deb1ff1750,2021-09-18,2021,UFC Fight Night: Smith vs. Spann,Mike Rodriguez,Tafon Nchukwi,blue,blue_dec,0.2113944599632983,0.1650611422377601,0.30450215375758605,0.2,5.0,1,1.0,4.0
7abc4520f63f2c06,2021-09-25,2021,UFC 266: Volkanovski vs. Ortega,Uros Medic,Jalin Turner,blue,blue_ko,0.2684928697165858,0.2033708196818087,0.36307568026921766,0.25,4.0,0,1.0,-1.0
bc276e0f07e30a54,2021-09-25,2021,UFC 266: Volkanovski vs. Ortega,Marlon Moraes,Merab Dvalishvili,blue,blue_dec,0.532763242501468,0.4031305375073833,0.5236790327599321,0.5,2.0,0,1.0,-1.0
d8189169b2c8a2aa,2021-09-25,2021,UFC 266: Volkanovski vs. Ortega,Cody Brundage,Nick Maximov,blue,blue_dec,0.2502923052135553,0.1936078672403196,0.3296813961113727,0.25,4.0,1,1.0,3.0
f4df74046a1c4364,2021-09-25,2021,UFC 266: Volkanovski vs. Ortega,Curtis Blaydes,Jairzinho Rozenstruik,red,red_dec,0.4305008750526888,0.2928560863777548,0.6017449950878883,0.35714285714285715,2.8,1,1.0,1.7999999999999998
37c484012ef24a5b,2021-10-02,2021,UFC Fight Night: Santos vs. Walker,Thiago Santos,Johnny Walker,red,red_dec,0.1389111535614228,0.0922084234402406,0.46260018093291677,0.1111111111111111,9.0,1,1.0,8.0
6832e9e62da0f9d3,2021-10-02,2021,UFC Fight Night: Santos vs. Walker,Antonina Shevchenko,Casey O'Neill,blue,blue_dec,0.414188530156127,0.2742075738716772,0.6267019140891816,0.3333333333333333,3.0,0,1.0,-1.0
c1e5859053263811,2021-10-02,2021,UFC Fight Night: Santos vs. Walker,Stephanie Egger,Shanna Young,red,red_dec,0.4227316981580138,0.3422908754348451,0.34153242663850375,0.4166666666666667,2.4,0,1.0,-1.0
e7423a91a253b416,2021-10-02,2021,UFC Fight Night: Santos vs. Walker,Alejandro Perez,Johnny Eduardo,red,red_dec,0.299933723488869,0.2284739114377045,0.36933497318423514,0.2857142857142857,3.5,0,1.0,-1.0
149d6b90f33634a4,2021-10-09,2021,UFC Fight Night: Dern vs. Rodriguez,Mackenzie Dern,Marina Rodriguez,red,red_dec,0.1936344236099891,0.1459420677236469,0.34022403986836225,0.18181818181818182,5.5,0,1.0,-1.0
188b63ec6ee1c1c9,2021-10-16,2021,UFC Fight Night: Ladd vs. Dumont,Andrei Arlovski,Carlos Felipe,blue,blue_ko,0.2753878206429569,0.2193801129162345,0.30182620476186106,0.26666666666666666,3.75,0,1.0,-1.0
a2e1116a9fe84aa9,2021-10-16,2021,UFC Fight Night: Ladd vs. Dumont,Nate Landwehr,Ludovit Klein,blue,blue_dec,0.3162664293967414,0.2176071153906069,0.5086824747882164,0.26666666666666666,3.75,0,1.0,-1.0
b193e2317b21125c,2021-10-16,2021,UFC Fight Night: Ladd vs. Dumont,Manon Fiorot,Mayra Bueno Silva,red,red_dec,0.4532210097405662,0.3416657818496215,0.4682149251988177,0.4166666666666667,2.4,1,1.0,1.4
cf020c71f1dbfa0b,2021-10-16,2021,UFC Fight Night: Ladd vs. Dumont,Batgerel Danaa,Brandon Davis,red,red_dec,0.3812324284521947,0.3109748196777955,0.3112453989098378,0.37735849056603776,2.65,0,1.0,-1.0
d9ca00b3c62a874d,2021-10-16,2021,UFC Fight Night: Ladd vs. Dumont,Jim Miller,Erick Gonzalez,red,red_dec,0.4028727024603371,0.2933634849746423,0.4855943253500399,0.35714285714285715,2.8,0,1.0,-1.0
fefa96b6d939ffea,2021-10-16,2021,UFC Fight Night: Ladd vs. Dumont,Andrew Sanchez,Bruno Silva,blue,blue_dec,0.2191867543134932,0.1498024582967515,0.46573936965381857,0.18181818181818182,5.5,0,1.0,-1.0
61d9eff5fa4c8578,2021-10-23,2021,UFC Fight Night: Costa vs. Vettori,Livinha Souza,Randa Markos,red,red_dec,0.4148247793396625,0.327948623645571,0.3734227173529945,0.4,2.5,0,1.0,-1.0
6d7eecf4acecda2a,2021-10-23,2021,UFC Fight Night: Costa vs. Vettori,Khama Worthy,Jai Herbert,blue,blue_dec,0.1980356279240504,0.145719489981785,0.3699589042559104,0.18181818181818182,5.5,0,1.0,-1.0
7151ae256e6c181b,2021-10-23,2021,UFC Fight Night: Costa vs. Vettori,Jonathan Martinez,Zviad Lazishvili,blue,blue_dec,0.2787638896427348,0.1806451612903225,0.5613811662310884,0.2222222222222222,4.5,0,1.0,-1.0
5ad4c0eae7512878,2021-10-30,2021,UFC 267: Blachowicz vs. Teixeira,Islam Makhachev,Dan Hooker,red,red_dec,0.5684161953307459,0.4460296060974144,0.49211809342285956,0.5454545454545454,1.8333333333333335,0,1.0,-1.0
6163c18411aca830,2021-10-30,2021,UFC 267: Blachowicz vs. Teixeira,Tagir Ulanbekov,Allan Nascimento,red,red_dec,0.4960816759886698,0.4167553056779618,0.3204339445764778,0.5238095238095238,1.909090909090909,1,1.0,0.909090909090909
d84968d7e9fcb4f3,2021-10-30,2021,UFC 267: Blachowicz vs. Teixeira,Amanda Ribas,Virna Jandiroba,red,red_dec,0.4808369629668333,0.4039638589332556,0.312286176343223,0.5,2.0,1,1.0,1.0
19722043e7eb4e39,2021-11-06,2021,UFC 268: Usman vs. Covington 2,Rose Namajunas,Zhang Weili,red,red_dec,0.2440577317749549,0.1778290993071593,0.4005651034580029,0.2222222222222222,4.5,1,1.0,3.5
385101e8ad828c39,2021-11-06,2021,UFC 268: Usman vs. Covington 2,Alex Pereira,Andreas Michailidis,red,red_dec,0.2219977668224692,0.1502465174037598,0.4786068203567593,0.18181818181818182,5.5,0,1.0,-1.0
73d541adc2909dc8,2021-11-06,2021,UFC 268: Usman vs. Covington 2,Melsik Baghdasaryan,Bruno Souza,red,red_dec,0.4155492798159295,0.3288168862359336,0.37246972214604307,0.4,2.5,1,1.0,1.5
88cc78d2d5d6bcaa,2021-11-06,2021,UFC 268: Usman vs. Covington 2,Dustin Jacoby,John Allan,red,red_dec,0.3733074062080745,0.2965376782077393,0.3457861161302149,0.36363636363636365,2.75,1,1.0,1.75
e25875165648162b,2021-11-06,2021,UFC 268: Usman vs. Covington 2,Gian Villante,Chris Barnett,blue,blue_ko,0.2811106087482323,0.2176924993770246,0.34020508120948634,0.26666666666666666,3.75,1,1.0,2.75
1cd8f5a107f64e39,2021-11-20,2021,UFC Fight Night: Vieira vs. Tate,Rani Yahya,Kyung Ho Kang,blue,blue_dec,0.397380897674629,0.2810863512549126,0.5226892641079701,0.3333333333333333,3.0,0,1.0,-1.0
450534f9fb9b13cd,2021-11-20,2021,UFC Fight Night: Vieira vs. Tate,Loma Lookboonmee,Loopy Godinez,blue,blue_dec,0.4793162413276281,0.3861900512444491,0.3805734642455979,0.46511627906976744,2.15,1,1.0,1.15
84c68c4c387d2e32,2021-11-20,2021,UFC Fight Night: Vieira vs. Tate,Cody Durden,Aoriqileng,red,red_dec,0.4355513346582145,0.3374870197300104,0.41527632440457424,0.4166666666666667,2.4,1,1.0,1.4
8dd086e2e70144fd,2021-11-20,2021,UFC Fight Night: Vieira vs. Tate,Luana Pinheiro,Sam Hughes,red,red_dec,0.4033835337330653,0.3146315825836348,0.38716748818981866,0.4,2.5,1,1.0,1.5
bb15c0a2911043bd,2021-11-20,2021,UFC Fight Night: Vieira vs. Tate,Joanne Wood,Taila Santos,blue,blue_dec,0.568225761200296,0.4856073318704014,0.33220253174487563,0.6,1.6666666666666667,0,1.0,-1.0
1ce1a43ef68ffc7d,2021-12-04,2021,UFC Fight Night: Font vs. Aldo,Louis Smolka,Vince Morales,red,red_dec,0.3520653829554169,0.2702498107494323,0.38338262657358535,0.3333333333333333,3.0,0,1.0,-1.0
b3847772199e2639,2021-12-04,2021,UFC Fight Night: Font vs. Aldo,Jimmy Crute,Jamahal Hill,red,red_dec,0.2315091153293364,0.1616873847736162,0.44591687892718856,0.2,5.0,0,1.0,-1.0
c74b03337a8441ed,2021-12-04,2021,UFC Fight Night: Font vs. Aldo,Claudio Puelles,Chris Gruetzemacher,red,red_dec,0.3668213094701372,0.2857249570478822,0.3703606034075051,0.35714285714285715,2.8,0,1.0,-1.0
16243b1470887cb6,2021-12-11,2021,UFC 269: Oliveira vs. Poirier,Andre Muniz,Eryk Anders,red,red_dec,0.2243950922397613,0.1717949033154265,0.3327245340715814,0.20833333333333334,4.8,0,1.0,-1.0
505397f405e40206,2021-12-11,2021,UFC 269: Oliveira vs. Poirier,Gillian Robertson,Priscila Cachoeira,red,red_dec,0.3807446498317465,0.2288936805440371,0.7281798754721747,0.2857142857142857,3.5,0,1.0,-1.0
8bcdcfb0f93f1409,2021-12-11,2021,UFC 269: Oliveira vs. Poirier,Randy Costa,Tony Kelley,red,red_dec,0.1780237858672622,0.1275052288792989,0.39340499827119424,0.15384615384615385,6.5,0,1.0,-1.0
abb8c6c0a057184e,2021-12-11,2021,UFC 269: Oliveira vs. Poirier,Pedro Munhoz,Dominick Cruz,blue,blue_dec,0.4456238734219511,0.3633241102948191,0.34259729485172796,0.4444444444444444,2.25,1,1.0,1.25
b22eab3aa1522f40,2021-12-11,2021,UFC 269: Oliveira vs. Poirier,Charles Oliveira,Dustin Poirier,red,red_ko,0.1330227628289574,0.1011081073051899,0.3104800015717959,0.125,8.0,0,1.0,-1.0
4b7ec02b39fc6f70,2021-12-18,2021,UFC Fight Night: Lewis vs. Daukaus,Derrick Lewis,Chris Daukaus,red,red_dec,0.1230864984024174,0.092706645056726,0.31750466832474555,0.1111111111111111,9.0,0,1.0,-1.0
730f14ccff80f3b0,2021-12-18,2021,UFC Fight Night: Lewis vs. Daukaus,Diego Ferreira,Mateusz Gamrot,blue,blue_dec,0.4883734200241529,0.3063616263120419,0.7706698550356891,0.37735849056603776,2.65,0,1.0,-1.0
a43dcd04788d95c7,2021-12-18,2021,UFC Fight Night: Lewis vs. Daukaus,Raphael Assuncao,Ricky Simon,blue,blue_dec,0.5385500309072524,0.4285461306888613,0.4422921343547296,0.5238095238095238,1.909090909090909,0,1.0,-1.0
a760d0f5de2e1aaa,2021-12-18,2021,UFC Fight Night: Lewis vs. Daukaus,Don'Tale Mayes,Josh Parisian,red,red_dec,0.3583089976200113,0.271329077190946,0.40517868271613844,0.3333333333333333,3.0,0,1.0,-1.0
b4f88d65b47c2a39,2021-12-18,2021,UFC Fight Night: Lewis vs. Daukaus,Charles Jourdain,Andre Ewell,red,red_dec,0.3543049872270467,0.2705314009661835,0.3917589582850708,0.3333333333333333,3.0,1,1.0,2.0
3a8c0158d910546d,2022-01-15,2022,UFC Fight Night: Kattar vs. Chikadze,TJ Brown,Charles Rosa,red,red_dec,0.507670865213747,0.3859952987752071,0.49486326328760943,0.47619047619047616,2.1,1,1.0,1.1
8d89f3b8798f444d,2022-01-15,2022,UFC Fight Night: Kattar vs. Chikadze,Brandon Royval,Rogerio Bontorin,red,red_dec,0.20280511809469,0.1418439716312056,0.4312046123652731,0.18181818181818182,5.5,1,1.0,4.5
e8517ed0b49abc37,2022-01-15,2022,UFC Fight Night: Kattar vs. Chikadze,Jamie Pickett,Joseph Holmes,blue,blue_ko,0.2207568590267205,0.1596958174904943,0.39923187718330677,0.2,5.0,0,1.0,-1.0
0669231ebe3dd560,2022-01-22,2022,UFC 270: Ngannou vs. Gane,Jack Della Maddalena,Pete Rodriguez,red,red_dec,0.2174847405758343,0.1584744252361433,0.3892384464338543,0.2,5.0,0,1.0,-1.0
453283e947919ff7,2022-01-22,2022,UFC 270: Ngannou vs. Gane,Michael Morales,Trevin Giles,red,red_dec,0.3510472802625604,0.2790781418797263,0.3345999834124962,0.35714285714285715,2.8,0,1.0,-1.0
5ba543efdce072f5,2022-01-22,2022,UFC 270: Ngannou vs. Gane,Michel Pereira,Andre Fialho,red,red_ko,0.3396446074473588,0.2746547951407228,0.30625430249338936,0.3333333333333333,3.0,0,1.0,-1.0
5da7168ac2ff0e1d,2022-01-22,2022,UFC 270: Ngannou vs. Gane,Matt Frevola,Genaro Valdez,red,red_dec,0.3812425028649769,0.2907857679506067,0.4072930710316652,0.36363636363636365,2.75,0,1.0,-1.0
9687021e5c4d092a,2022-01-22,2022,UFC 270: Ngannou vs. Gane,Tony Gravely,Saimon Oliveira,red,red_dec,0.4366020629223725,0.3197785083924555,0.49982584841947736,0.4,2.5,1,1.0,1.5
cddd3d4febe097f8,2022-01-22,2022,UFC 270: Ngannou vs. Gane,Brandon Moreno,Deiveson Figueiredo,red,red_dec,0.2805210439904808,0.2164821648216482,0.3444071279976678,0.26666666666666666,3.75,0,1.0,-1.0
cddd3d4febe097f8,2022-01-22,2022,UFC 270: Ngannou vs. Gane,Brandon Moreno,Deiveson Figueiredo,red,red_ko,0.1902391094084303,0.1476014760147601,0.30508100064188026,0.18181818181818182,5.5,0,1.0,-1.0
cddd3d4febe097f8,2022-01-22,2022,UFC 270: Ngannou vs. Gane,Brandon Moreno,Deiveson Figueiredo,red,red_sub,0.2593255075676718,0.2029520295202951,0.3184680337165098,0.25,4.0,0,1.0,-1.0
0730c4e6fb247fa1,2022-02-05,2022,UFC Fight Night: Hermansson vs. Strickland,Sam Alvey,Brendan Allen,blue,blue_sub,0.2816830925331707,0.2193391704480091,0.33339332978572533,0.26666666666666666,3.75,1,1.0,2.75
19e742ccaa09cf08,2022-02-12,2022,UFC 271: Adesanya vs. Whittaker 2,Mana Martinez,Ronnie Lawrence,blue,blue_dec,0.4742144173318597,0.3897835675453892,0.3449881560081119,0.47619047619047616,2.1,1,1.0,1.1
3bebd99d5f94bec7,2022-02-12,2022,UFC 271: Adesanya vs. Whittaker 2,Carlos Ulberg,Fabio Cherant,red,red_dec,0.1948741678551037,0.1515746286611541,0.30365950387826346,0.18181818181818182,5.5,1,1.0,4.5
821bef3a3394dd96,2022-02-12,2022,UFC 271: Adesanya vs. Whittaker 2,Douglas Silva de Andrade,Sergey Morozov,blue,blue_dec,0.4864871998957502,0.4086687306501547,0.3154071399129204,0.5,2.0,0,1.0,-1.0
b1e048825b5bbe1c,2022-02-12,2022,UFC 271: Adesanya vs. Whittaker 2,Roxanne Modafferi,Casey O'Neill,blue,blue_dec,0.531452875039583,0.4307940151835518,0.40459017399370945,0.5238095238095238,1.909090909090909,1,1.0,0.909090909090909
c16bda7548181613,2022-02-12,2022,UFC 271: Adesanya vs. Whittaker 2,AJ Dobson,Jacob Malkoun,blue,blue_dec,0.2739465861874987,0.2103488960053935,0.3481332073432847,0.26666666666666666,3.75,1,1.0,2.75
04e2d50c24a88dbd,2022-02-19,2022,UFC Fight Night: Walker vs. Hill,Joaquin Buckley,Abdul Razak Alhassan,red,red_dec,0.2222706321673219,0.1539443896209438,0.4515107557408573,0.18181818181818182,5.5,1,1.0,4.5
25da52bc590ef664,2022-02-19,2022,UFC Fight Night: Walker vs. Hill,Gabriel Benitez,David Onama,blue,blue_ko,0.4822023434968304,0.3462325021005406,0.5644205439861205,0.43478260869565216,2.3000000000000003,1,1.0,1.3000000000000003
c4eb14c3de579842,2022-02-26,2022,UFC Fight Night: Makhachev vs. Green,Ji Yeon Kim,Priscila Cachoeira,red,red_dec,0.4686435150846477,0.3739544038051501,0.3896985721090497,0.45454545454545453,2.2,0,1.0,-1.0
c5d5fcf290cc029e,2022-02-26,2022,UFC Fight Night: Makhachev vs. Green,Ramiz Brahimaj,Micheal Gillmore,red,red_dec,0.2913476603865583,0.1897854007035148,0.5625573963240716,0.23255813953488372,4.3,0,1.0,-1.0
cb1f27818d46af0e,2022-02-26,2022,UFC Fight Night: Makhachev vs. Green,Terrance McKinney,Fares Ziam,blue,blue_dec,0.2606237695079488,0.1982025586588491,0.35483745003323297,0.25,4.0,0,1.0,-1.0
59d44b6888885500,2022-03-05,2022,UFC 272: Covington vs. Masvidal,Brian Kelleher,Umar Nurmagomedov,blue,blue_sub,0.3754954665838662,0.3049858272722682,0.31495473950935904,0.37735849056603776,2.65,1,1.0,1.65
abd45edc07a8d9e3,2022-03-05,2022,UFC 272: Covington vs. Masvidal,Edson Barboza,Bryce Mitchell,blue,blue_dec,0.3210254749133491,0.2524901602458686,0.33631206260489066,0.3076923076923077,3.25,1,1.0,2.25
cda06ff86cfe4f5f,2022-03-05,2022,UFC 272: Covington vs. Masvidal,Serghei Spivac,Greg Hardy,red,red_dec,0.326991475913727,0.2245261704531191,0.517658070576564,0.26666666666666666,3.75,0,1.0,-1.0
d03d0abf331df751,2022-03-05,2022,UFC 272: Covington vs. Masvidal,Colby Covington,Jorge Masvidal,red,red_dec,0.5928211621213906,0.456023981121245,0.5520000425215059,0.5555555555555556,1.7999999999999998,1,1.0,0.7999999999999998
d5323490163dde0e,2022-03-05,2022,UFC 272: Covington vs. Masvidal,Dustin Jacoby,Michal Oleksiejczuk,red,red_dec,0.3430973798067766,0.2603298185214675,0.3947335506562615,0.31746031746031744,3.1500000000000004,1,1.0,2.1500000000000004
fce6ab43b7d09aa4,2022-03-05,2022,UFC 272: Covington vs. Masvidal,Jalin Turner,Jamie Mullarkey,red,red_dec,0.2693199925882742,0.1998615677452846,0.3890844060011701,0.25,4.0,0,1.0,-1.0
226884e46a10865d,2022-03-12,2022,UFC Fight Night: Santos vs. Ankalaev,Alex Pereira,Bruno Silva,red,red_dec,0.1492652015341687,0.0917577073558992,0.5519838529203187,0.1111111111111111,9.0,1,1.0,8.0
70b8d357e89383bd,2022-03-12,2022,UFC Fight Night: Santos vs. Ankalaev,Sodiq Yusuff,Alex Caceres,red,red_ko,0.3768507826998702,0.2925171116729358,0.380253579714784,0.35714285714285715,2.8,0,1.0,-1.0
8aa16cc1ba99aac1,2022-03-12,2022,UFC Fight Night: Santos vs. Ankalaev,Thiago Santos,Magomed Ankalaev,blue,blue_dec,0.402730583753121,0.3210203902337729,0.35498597184374436,0.4,2.5,1,1.0,1.5
9cb78122a23e6a7d,2022-03-12,2022,UFC Fight Night: Santos vs. Ankalaev,Dalcha Lungiambula,Cody Brundage,red,red_dec,0.2173430979075212,0.1682627663071085,0.3167725084936124,0.20833333333333334,4.8,0,1.0,-1.0
b400c29fbeee0206,2022-03-12,2022,UFC Fight Night: Santos vs. Ankalaev,Kris Moutinho,Guido Cannetti,red,red_dec,0.2905994470639058,0.227526210127147,0.32985816473786067,0.2857142857142857,3.5,0,1.0,-1.0
b70313eae7c24b27,2022-03-12,2022,UFC Fight Night: Santos vs. Ankalaev,Trevin Jones,Javid Basharat,blue,blue_dec,0.345225357661015,0.2118384712995447,0.6737852935441725,0.26666666666666666,3.75,1,1.0,2.75
f10c2c84652ef573,2022-03-12,2022,UFC Fight Night: Santos vs. Ankalaev,Tafon Nchukwi,Azamat Murzakanov,blue,blue_ko,0.4127070357691519,0.3351452895799193,0.3322186003276537,0.4166666666666667,2.4,1,1.0,1.4
06641a8c62e45661,2022-03-19,2022,UFC Fight Night: Volkov vs. Aspinall,Alexander Volkov,Tom Aspinall,blue,blue_dec,0.2213844576925702,0.1606197293586977,0.3960076255680003,0.2,5.0,0,1.0,-1.0
4c7e55061dc3bf89,2022-03-19,2022,UFC Fight Night: Volkov vs. Aspinall,Muhammad Mokaev,Cody Durden,red,red_dec,0.3463692907684666,0.2728138446706953,0.3453558224673229,0.3333333333333333,3.0,0,1.0,-1.0
a200b5dcbdd2506e,2022-03-19,2022,UFC Fight Night: Volkov vs. Aspinall,Jai Herbert,Ilia Topuria,blue,blue_dec,0.1819565211771266,0.124035317757386,0.45161170349392865,0.15384615384615385,6.5,0,1.0,-1.0
ae989e21c3839b49,2022-03-19,2022,UFC Fight Night: Volkov vs. Aspinall,Shamil Abdurakhimov,Sergei Pavlovich,blue,blue_ko,0.681033946721435,0.588182207665661,0.402071695214977,0.6923076923076923,1.4444444444444444,1,1.0,0.4444444444444444
3ecccdab76baa59c,2022-03-26,2022,UFC Fight Night: Blaydes vs. Daukaus,Jennifer Maia,Manon Fiorot,blue,blue_dec,0.642555513038197,0.4767968618784885,0.6793524097667581,0.574468085106383,1.7407407407407405,1,1.0,0.7407407407407405
3f92025b29e06bfd,2022-03-26,2022,UFC Fight Night: Blaydes vs. Daukaus,Neil Magny,Max Griffin,red,red_dec,0.5219912383976175,0.446355170415493,0.30343013902019533,0.5454545454545454,1.8333333333333335,1,1.0,0.8333333333333335
6ed495c177d69a3a,2022-03-26,2022,UFC Fight Night: Blaydes vs. Daukaus,Aliaskhab Khizriev,Denis Tiuliulin,red,red_dec,0.1638464310666052,0.1204835486362789,0.3579763536770606,0.15384615384615385,6.5,0,1.0,-1.0
c4e866d9dd606faa,2022-03-26,2022,UFC Fight Night: Blaydes vs. Daukaus,Curtis Blaydes,Chris Daukaus,red,red_dec,0.3173984212669913,0.2381525138320904,0.39708158824294015,0.29411764705882354,3.4,0,1.0,-1.0
f3c37e23ca30c87d,2022-03-26,2022,UFC Fight Night: Blaydes vs. Daukaus,Matt Brown,Bryan Barberena,red,red_dec,0.1923821332360097,0.1410169777852859,0.3722635260849887,0.18181818181818182,5.5,0,1.0,-1.0
15311d4b33d93004,2022-04-09,2022,UFC 273: Volkanovski vs. The Korean Zombie,Vinc Pichel,Mark Madsen,red,red_dec,0.3775732982504862,0.3044198019691575,0.32647748245590064,0.37735849056603776,2.65,0,1.0,-1.0
394b0347b0438622,2022-04-09,2022,UFC 273: Volkanovski vs. The Korean Zombie,Gilbert Burns,Khamzat Chimaev,blue,blue_dec,0.2228667547830867,0.1718494271685761,0.32353857739392144,0.20833333333333334,4.8,1,1.0,3.8
88c6e7f71b79fd65,2022-04-09,2022,UFC 273: Volkanovski vs. The Korean Zombie,Aspen Ladd,Raquel Pennington,blue,blue_ko,0.1307314242444026,0.0832467976258804,0.5045215205008848,0.1,10.0,0,1.0,-1.0
0daf776bd222daad,2022-04-16,2022,UFC Fight Night: Luque vs. Muhammad,Istela Nunes,Sam Hughes,red,red_dec,0.5162668729936867,0.4307763188205482,0.34377495948395587,0.5238095238095238,1.909090909090909,0,1.0,-1.0
1ceab8fa45996f51,2022-04-16,2022,UFC Fight Night: Luque vs. Muhammad,Chris Barnett,Martin Buday,blue,blue_dec,0.2254331790951189,0.1600717091063488,0.42341448287180294,0.2,5.0,1,1.0,4.0
4f6e7159e77d4215,2022-04-16,2022,UFC Fight Night: Luque vs. Muhammad,Pat Sabatini,TJ Laramie,red,red_dec,0.4089336138098004,0.327189525867548,0.3525485734702635,0.4,2.5,1,1.0,1.5
74c58b9d638c5eaa,2022-04-16,2022,UFC Fight Night: Luque vs. Muhammad,Drakkar Klose,Brandon Jenkins,red,red_dec,0.4368951061733999,0.3441882521222675,0.3909122373854812,0.4166666666666667,2.4,0,1.0,-1.0
a0a120c50d93f70a,2022-04-16,2022,UFC Fight Night: Luque vs. Muhammad,Caio Borralho,Gadzhi Omargadzhiev,red,red_dec,0.2536716620829853,0.1978834444766599,0.3204508624852609,0.25,4.0,1,1.0,3.0
b09f8cd4cbd7ba56,2022-04-16,2022,UFC Fight Night: Luque vs. Muhammad,Devin Clark,William Knight,red,red_dec,0.4481889712931723,0.3412001396313799,0.4499598675354308,0.4166666666666667,2.4,0,1.0,-1.0
6a4ba72b084193b5,2022-04-23,2022,UFC Fight Night: Lemos vs. Andrade,Marcin Prachnio,Philipe Lins,red,red_dec,0.2097953618136943,0.1621953716977268,0.315823966580439,0.2,5.0,0,1.0,-1.0
992e84bf59837e21,2022-04-23,2022,UFC Fight Night: Lemos vs. Andrade,Jordan Wright,Marc-Andre Barriault,blue,blue_dec,0.2658421351747769,0.2106272355175338,0.3053273219428585,0.26666666666666666,3.75,0,1.0,-1.0
e4d946470fd150fe,2022-04-23,2022,UFC Fight Night: Lemos vs. Andrade,Preston Parsons,Evan Elder,red,red_dec,0.2561471551136854,0.17623045521066,0.47600714687185763,0.2222222222222222,4.5,1,1.0,3.5
5b731da9e4be4391,2022-04-30,2022,UFC Fight Night: Font vs. Vera,Gabe Green,Yohan Lainesse,blue,blue_ko,0.3438917206675309,0.2663261098029825,0.3673441110560728,0.3333333333333333,3.0,0,1.0,-1.0
632c2d4ed12f2bdf,2022-04-30,2022,UFC Fight Night: Font vs. Vera,Andre Fili,Joanderson Brito,red,red_dec,0.4147625866163814,0.3056768558951965,0.476097636511701,0.37735849056603776,2.65,0,1.0,-1.0
7e4b7a70838e5ba4,2022-04-30,2022,UFC Fight Night: Font vs. Vera,Daniel Lacerda,Francisco Figueiredo,red,red_dec,0.2561496114569558,0.1813695758425147,0.4410176940402064,0.23255813953488372,4.3,0,1.0,-1.0
80cf37627a129145,2022-04-30,2022,UFC Fight Night: Font vs. Vera,Gina Mazany,Shanna Young,red,red_dec,0.394667824110813,0.3045732129397468,0.3978813454319573,0.37735849056603776,2.65,0,1.0,-1.0
9217ecc287ac482d,2022-04-30,2022,UFC Fight Night: Font vs. Vera,Natan Levy,Mike Breeden,red,red_dec,0.4468836569029026,0.3646255353628892,0.34207355733944333,0.45454545454545453,2.2,1,1.0,1.2000000000000002
d2484d74f819d813,2022-04-30,2022,UFC Fight Night: Font vs. Vera,Alexandr Romanov,Chase Sherman,red,red_ko,0.4872918245664501,0.3898356379004593,0.39715950612715656,0.47619047619047616,2.1,0,1.0,-1.0
8289033e03b4d9a3,2022-05-07,2022,UFC 274: Oliveira vs. Gaethje,Kleydson Rodrigues,CJ Vergara,red,red_dec,0.4461887241390199,0.3491117925983766,0.4068637488913156,0.43478260869565216,2.3000000000000003,0,1.0,-1.0
8390441d93736719,2022-05-07,2022,UFC 274: Oliveira vs. Gaethje,Randy Brown,Khaos Williams,red,red_dec,0.2814490584462283,0.2120771749830903,0.3751647695634076,0.26666666666666666,3.75,1,1.0,2.75
88455c967a7ef6fc,2022-05-07,2022,UFC 274: Oliveira vs. Gaethje,Ariane Carnelossi,Loopy Godinez,blue,blue_dec,0.53833174825412,0.425313355440447,0.4546271613328387,0.5121951219512195,1.9523809523809523,1,1.0,0.9523809523809523
9d61012a6020516e,2022-05-07,2022,UFC 274: Oliveira vs. Gaethje,Rose Namajunas,Carla Esparza,red,red_dec,0.4117483467846604,0.3237634036665514,0.37978751189728777,0.4,2.5,0,1.0,-1.0
c020ccbd7cdefb6e,2022-05-07,2022,UFC 274: Oliveira vs. Gaethje,Mauricio Rua,Ovince Saint Preux,blue,blue_ko,0.3488541508816815,0.2705712524682606,0.3676464897107111,0.3333333333333333,3.0,0,1.0,-1.0
fc4939b3c9071e66,2022-05-07,2022,UFC 274: Oliveira vs. Gaethje,Macy Chiasson,Norma Dumont,blue,blue_dec,0.4617158632414563,0.3856214724265307,0.3123181169398078,0.47619047619047616,2.1,0,1.0,-1.0
22f1133d02700bb2,2022-05-14,2022,UFC Fight Night: Blachowicz vs. Rakic,Tatsuro Taira,Carlos Candelario,red,red_dec,0.3690154783904805,0.291678581641407,0.3508027809265163,0.36363636363636365,2.75,1,1.0,1.75
43543a2c1c7a7135,2022-05-14,2022,UFC Fight Night: Blachowicz vs. Rakic,Davey Grant,Louis Smolka,red,red_dec,0.2557897008945838,0.1795447258736774,0.45146702344912515,0.2222222222222222,4.5,0,1.0,-1.0
f549164690d723bb,2022-05-14,2022,UFC Fight Night: Blachowicz vs. Rakic,Virna Jandiroba,Angela Hill,red,red_dec,0.4194791257311334,0.3416226792864943,0.3311593568243332,0.4166666666666667,2.4,1,1.0,1.4
1b4d0c9e3c59b33b,2022-05-21,2022,UFC Fight Night: Holm vs. Vieira,Jailton Almeida,Parker Porter,red,red_dec,0.1929923969353526,0.1461240984330465,0.334647323357929,0.18181818181818182,5.5,0,1.0,-1.0
3542f9f30926f364,2022-05-21,2022,UFC Fight Night: Holm vs. Vieira,Jonathan Martinez,Vince Morales,red,red_dec,0.5211700206404656,0.3463591106126145,0.7198127115504673,0.5348837209302325,1.8695652173913044,1,1.0,0.8695652173913044
5d4fb748ad246269,2022-05-21,2022,UFC Fight Night: Holm vs. Vieira,Santiago Ponzinibbio,Michel Pereira,blue,blue_dec,0.3850143432036324,0.3079851039884345,0.3412377067001425,0.37735849056603776,2.65,1,1.0,1.65
5eaff5c832430378,2022-05-21,2022,UFC Fight Night: Holm vs. Vieira,Polyana Viana,Tabatha Ricci,blue,blue_dec,0.3610947413542745,0.2867155144950621,0.34077404024515634,0.35714285714285715,2.8,1,1.0,1.7999999999999998
cbdfb3c648d7bada,2022-05-21,2022,UFC Fight Night: Holm vs. Vieira,Joseph Holmes,Alen Amedovski,red,red_dec,0.2200419255292139,0.1658644464680629,0.34980298735980875,0.20833333333333334,4.8,0,1.0,-1.0
3aa49ed298e4c34f,2022-06-04,2022,UFC Fight Night: Volkov vs. Rozenstruik,Karine Silva,Poliana Botelho,red,red_dec,0.3564501475713809,0.2527707563678786,0.49308394389477783,0.31746031746031744,3.1500000000000004,0,1.0,-1.0
59b2bbb251968ca9,2022-06-04,2022,UFC Fight Night: Volkov vs. Rozenstruik,Erin Blanchfield,JJ Aldrich,red,red_dec,0.598530606439282,0.5161795689049754,0.3346054830670308,0.6363636363636364,1.5714285714285714,0,1.0,-1.0
a679800d2e7c3be2,2022-06-04,2022,UFC Fight Night: Volkov vs. Rozenstruik,Ode Osbourne,Zarrukh Adashev,red,red_dec,0.3408952478798746,0.2490342287305722,0.44446248246543163,0.3076923076923077,3.25,0,1.0,-1.0
aacb47949a572f25,2022-06-04,2022,UFC Fight Night: Volkov vs. Rozenstruik,Dan Ige,Movsar Evloev,blue,blue_dec,0.6606785277856401,0.550701203395628,0.4628151818853816,0.6666666666666666,1.5,1,1.0,0.5
e5e75d831670b401,2022-06-04,2022,UFC Fight Night: Volkov vs. Rozenstruik,Joe Solecki,Alex Da Silva,red,red_dec,0.3448834055547644,0.2539723886428757,0.4359302355001481,0.35714285714285715,2.8,1,1.0,1.7999999999999998
50eed57ea1390e16,2022-06-11,2022,UFC 275: Teixeira vs. Prochazka,Brendan Allen,Jacob Malkoun,red,red_dec,0.3156036329846421,0.2284878090125863,0.4428194832151148,0.2857142857142857,3.5,1,1.0,2.5
d7a7ba46c4f075d7,2022-06-11,2022,UFC 275: Teixeira vs. Prochazka,Andre Fialho,Jake Matthews,blue,blue_dec,0.4019571679905319,0.2653799758745476,0.6208738801932111,0.31746031746031744,3.1500000000000004,0,1.0,-1.0
f115a91066a77ee7,2022-06-11,2022,UFC 275: Teixeira vs. Prochazka,Jack Della Maddalena,Ramazan Emeev,red,red_dec,0.4182702894821405,0.3321227301189731,0.3687217834630781,0.4,2.5,0,1.0,-1.0
11e83902f5b8ff63,2022-06-18,2022,UFC Fight Night: Kattar vs. Emmett,Joaquin Buckley,Albert Duraev,blue,blue_ko,0.2527966546756913,0.1696863805344897,0.5040996363579875,0.20833333333333334,4.8,0,1.0,-1.0
1378fc2be3819b2b,2022-06-18,2022,UFC Fight Night: Kattar vs. Emmett,Ricardo Ramos,Danny Chavez,red,red_dec,0.5198830725651771,0.4136057110392016,0.42865353293134767,0.5121951219512195,1.9523809523809523,0,1.0,-1.0
1bc662949337a8c4,2022-06-18,2022,UFC Fight Night: Kattar vs. Emmett,Tim Means,Kevin Holland,blue,blue_dec,0.3597765143877893,0.2886597938144329,0.325567728065003,0.36363636363636365,2.75,0,1.0,-1.0
20cefe64f4b28be8,2022-06-18,2022,UFC Fight Night: Kattar vs. Emmett,Adrian Yanez,Tony Kelley,red,red_dec,0.3718211520314423,0.2895965584177115,0.37293230858473314,0.36363636363636365,2.75,0,1.0,-1.0
4e6218b6b892b017,2022-06-18,2022,UFC Fight Night: Kattar vs. Emmett,Damir Ismagulov,Guram Kutateladze,red,red_dec,0.5464320487926558,0.4027830011282436,0.5801474367353472,0.5,2.0,1,1.0,1.0
897d9e21c59d0633,2022-06-18,2022,UFC Fight Night: Kattar vs. Emmett,Phil Hawes,Deron Winn,red,red_dec,0.3140746811549232,0.2313075746232219,0.4198046443091359,0.2857142857142857,3.5,0,1.0,-1.0
8b5c760f34daafe0,2022-06-18,2022,UFC Fight Night: Kattar vs. Emmett,Eddie Wineland,Cody Stamann,blue,blue_dec,0.5355902571891474,0.3987926435011908,0.5531004970672997,0.4878048780487805,2.0500000000000003,0,1.0,-1.0
e8a5e53ffd33c0f9,2022-06-18,2022,UFC Fight Night: Kattar vs. Emmett,Roman Dolidze,Kyle Daukaus,blue,blue_ko,0.2344875482645107,0.1457263267003996,0.5853782212417102,0.18181818181818182,5.5,0,1.0,-1.0
24a9fc95a3112f51,2022-06-25,2022,UFC Fight Night: Tsarukyan vs. Gamrot,Brian Kelleher,Mario Bautista,blue,blue_dec,0.3847657276076893,0.3043328347103796,0.3573809050158313,0.37735849056603776,2.65,0,1.0,-1.0
2c73bf152247f25a,2022-06-25,2022,UFC Fight Night: Tsarukyan vs. Gamrot,Vanessa Demopoulos,Jinh Yu Frey,blue,blue_dec,0.5371197506954807,0.4247623707017053,0.45200602823601554,0.5238095238095238,1.909090909090909,0,1.0,-1.0
8cc43d79b61efc25,2022-06-25,2022,UFC Fight Night: Tsarukyan vs. Gamrot,JP Buys,Cody Durden,red,red_ko,0.1741013997015233,0.1227600098816107,0.4097151739547913,0.15384615384615385,6.5,0,1.0,-1.0
a457331c27bce6d5,2022-06-25,2022,UFC Fight Night: Tsarukyan vs. Gamrot,Raulian Paiva,Sergey Morozov,blue,blue_dec,0.4398612068018308,0.3212189482421296,0.5064502863255287,0.4,2.5,1,1.0,1.5
0e2c7ec02a095813,2022-07-02,2022,UFC 276: Adesanya vs. Cannonier,Jessica-Rose Clark,Julija Stoliarenko,red,red_dec,0.445673821009472,0.372991583779648,0.30123816494536493,0.45454545454545453,2.2,0,1.0,-1.0
1c85003f6ec59c9d,2022-07-02,2022,UFC 276: Adesanya vs. Cannonier,Jessica Eye,Maycee Barber,blue,blue_dec,0.584563617022432,0.4833633730938252,0.4081072040888118,0.6,1.6666666666666667,1,1.0,0.6666666666666667
57775c8af89007c7,2022-07-02,2022,UFC 276: Adesanya vs. Cannonier,Brad Tavares,Dricus Du Plessis,blue,blue_dec,0.212913573720096,0.1626694473409801,0.33104697311202336,0.2,5.0,1,1.0,4.0
478bc7d1288e043e,2022-07-09,2022,UFC Fight Night: Dos Anjos vs. Fiziev,Kennedy Nzechukwu,Karl Roberson,red,red_dec,0.4207083406890122,0.2712211086111679,0.6685697308765524,0.3333333333333333,3.0,0,1.0,-1.0
478bc7d1288e043e,2022-07-09,2022,UFC Fight Night: Dos Anjos vs. Fiziev,Kennedy Nzechukwu,Karl Roberson,red,red_ko,0.3477245689105456,0.239312742892207,0.5273948508381016,0.29411764705882354,3.4,1,1.0,2.4
a652918360fe9a72,2022-07-09,2022,UFC Fight Night: Dos Anjos vs. Fiziev,David Onama,Garrett Armfield,red,red_dec,0.3416710913396125,0.2667839343301084,0.3551452168272191,0.3333333333333333,3.0,0,1.0,-1.0
bba6cc8760da34ab,2022-07-09,2022,UFC Fight Night: Dos Anjos vs. Fiziev,Douglas Silva de Andrade,Said Nurmagomedov,blue,blue_ko,0.3615756665861842,0.2816901408450704,0.36756153003222924,0.35714285714285715,2.8,0,1.0,-1.0
c58b3223b5caa18a,2022-07-09,2022,UFC Fight Night: Dos Anjos vs. Fiziev,Aiemann Zahabi,Ricky Turcios,blue,blue_dec,0.4679358902040408,0.3527670084537295,0.47846584452547475,0.43478260869565216,2.3000000000000003,0,1.0,-1.0
4dd2bcd2b025204e,2022-07-16,2022,UFC Fight Night: Ortega vs. Rodriguez,Bill Algeo,Herbert Burns,red,red_sub,0.1288258570045532,0.0881599179907739,0.4249318660943564,0.1111111111111111,9.0,0,1.0,-1.0
9f3326195672c2b9,2022-07-16,2022,UFC Fight Night: Ortega vs. Rodriguez,Dwight Grant,Dustin Stoltzfus,blue,blue_ko,0.1748826201567772,0.1009353971792254,0.6354635644486906,0.125,8.0,0,1.0,-1.0
2dbf9d8d6915711e,2022-07-23,2022,UFC Fight Night: Blaydes vs. Aspinall,Muhammad Mokaev,Charles Johnson,red,red_dec,0.4616358460520659,0.3365384615384615,0.524999614113169,0.4166666666666667,2.4,1,1.0,1.4
8e02bdaac8ed50e5,2022-07-23,2022,UFC Fight Night: Blaydes vs. Aspinall,Paddy Pimblett,Jordan Leavitt,red,red_dec,0.2187864251615936,0.1695767437608556,0.3158773788271485,0.20833333333333334,4.8,0,1.0,-1.0
a1029686c3f1bead,2022-07-23,2022,UFC Fight Night: Blaydes vs. Aspinall,Jai Herbert,Kyle Nelson,red,red_dec,0.2773904502108587,0.1924591024407313,0.47666707137327635,0.23255813953488372,4.3,1,1.0,3.3
a1029686c3f1bead,2022-07-23,2022,UFC Fight Night: Blaydes vs. Aspinall,Jai Herbert,Kyle Nelson,red,red_sub,0.0732821315016019,0.0551716093663429,0.3032224526524834,0.06666666666666667,15.0,0,1.0,-1.0
f6fd50bf69bb59e6,2022-07-23,2022,UFC Fight Night: Blaydes vs. Aspinall,Nathaniel Wood,Charles Rosa,red,red_dec,0.5953220079391873,0.5080366306858094,0.3538614879176438,0.6226415094339622,1.6060606060606062,1,1.0,0.6060606060606062
66f7bb31d24b3b36,2022-07-30,2022,UFC 277: Pena vs. Nunes 2,Orion Cosce,Blood Diamond,red,red_dec,0.2289166302397246,0.1640210325540718,0.4141701648060305,0.19230769230769232,5.199999999999999,1,1.0,4.199999999999999
e492dc60d8e44866,2022-07-30,2022,UFC 277: Pena vs. Nunes 2,Michael Morales,Adam Fugitt,red,red_dec,0.272004485576887,0.216223530207699,0.30333480056083795,0.26666666666666666,3.75,0,1.0,-1.0
044d210d7b1eb519,2022-08-06,2022,UFC Fight Night: Santos vs. Hill,Augusto Sakai,Serghei Spivac,blue,blue_dec,0.3136314648839011,0.2030088182405491,0.5843981079501243,0.25,4.0,0,1.0,-1.0
4adef20ce69217be,2022-08-06,2022,UFC Fight Night: Santos vs. Hill,Bryan Battle,Takashi Sato,red,red_ko,0.1365940092050783,0.104021994169649,0.30944157441728004,0.13333333333333333,7.5,1,1.0,6.5
a6b328733d610e2b,2022-08-06,2022,UFC Fight Night: Santos vs. Hill,Vicente Luque,Geoff Neal,red,red_dec,0.2964998123730784,0.2371741154111888,0.30421371359000327,0.29411764705882354,3.4,0,1.0,-1.0
a8bc6e005077bb0b,2022-08-06,2022,UFC Fight Night: Santos vs. Hill,Thiago Santos,Jamahal Hill,blue,blue_ko,0.6065364335610081,0.5268963374373713,0.32508702149158675,0.6363636363636364,1.5714285714285714,1,1.0,0.5714285714285714
b530bb13aac1e48b,2022-08-06,2022,UFC Fight Night: Santos vs. Hill,Terrance McKinney,Erick Gonzalez,red,red_dec,0.164331945819056,0.1261226500276956,0.30934215974834745,0.15384615384615385,6.5,0,1.0,-1.0
0823f97be9c3a62e,2022-08-13,2022,UFC Fight Night: Vera vs. Cruz,Ode Osbourne,Tyson Nam,red,red_dec,0.3718749849348861,0.2538959901943617,0.5537588386422537,0.31746031746031744,3.1500000000000004,0,1.0,-1.0
7f9a331bc3100afd,2022-08-13,2022,UFC Fight Night: Vera vs. Cruz,Jason Witt,Josh Quinlan,blue,blue_ko,0.4957220162724862,0.4093771868439468,0.34942829487837335,0.5,2.0,1,1.0,1.0
833d67f423315d18,2022-08-13,2022,UFC Fight Night: Vera vs. Cruz,Yazmin Jauregui,Iasmin Lucindo,red,red_dec,0.420208303370125,0.3437986140574176,0.32449332434762806,0.4166666666666667,2.4,1,1.0,1.4
8986373b4a6e90b6,2022-08-13,2022,UFC Fight Night: Vera vs. Cruz,Cynthia Calvillo,Nina Nunes,red,red_dec,0.4206722539137278,0.3404329608938547,0.3413510598945754,0.4166666666666667,2.4,0,1.0,-1.0
0cf7a4593fd44e59,2022-08-20,2022,UFC 278: Usman vs. Edwards,Leonardo Santos,Jared Gordon,blue,blue_dec,0.4321244758071345,0.3352490421455938,0.41135024404894144,0.4166666666666667,2.4,1,1.0,1.4
2ac3ce1f62b3c4b9,2022-08-20,2022,UFC 278: Usman vs. Edwards,Jose Aldo,Merab Dvalishvili,blue,blue_ko,0.1638787911249694,0.1263174412218531,0.3042724779944841,0.15384615384615385,6.5,0,1.0,-1.0
2cd9e3796be57a79,2022-08-20,2022,UFC 278: Usman vs. Edwards,Wu Yanan,Lucie Pudilova,blue,blue_ko,0.1112076288531496,0.0834327147831894,0.3181303132384157,0.1,10.0,1,1.0,9.0
5abcf9f282983acc,2022-08-20,2022,UFC 278: Usman vs. Edwards,Tyson Pedro,Harry Hunsucker,red,red_dec,0.0941123683880007,0.0540575237624984,0.5977072306876976,0.06666666666666667,15.0,0,1.0,-1.0
6b9f82291930bfec,2022-08-20,2022,UFC 278: Usman vs. Edwards,Amir Albazi,Francisco Figueiredo,red,red_dec,0.4649220573118732,0.3850642246444345,0.3275650437049922,0.47619047619047616,2.1,0,1.0,-1.0
f70c817388602681,2022-08-20,2022,UFC 278: Usman vs. Edwards,Kamaru Usman,Leon Edwards,red,red_dec,0.5309292459392778,0.4276071326487984,0.4154958739249877,0.5238095238095238,1.909090909090909,0,1.0,-1.0
acc9a109b00a99e1,2022-09-03,2022,UFC Fight Night: Gane vs. Tuivasa,Charles Jourdain,Nathaniel Wood,red,red_dec,0.3325623507328014,0.2514575173852879,0.3942352878777363,0.3076923076923077,3.25,0,1.0,-1.0
ce62a50e97d497f9,2022-09-03,2022,UFC Fight Night: Gane vs. Tuivasa,Stephanie Egger,Ailin Perez,red,red_dec,0.3187353404991817,0.2449849103497248,0.3659513576473723,0.3076923076923077,3.25,0,1.0,-1.0
cf9035f2fc2e232f,2022-09-03,2022,UFC Fight Night: Gane vs. Tuivasa,Abus Magomedov,Dustin Stoltzfus,red,red_dec,0.3812299506251275,0.2832374903441764,0.4441278453251689,0.35714285714285715,2.8,0,1.0,-1.0
fd47032108b85cf0,2022-09-03,2022,UFC Fight Night: Gane vs. Tuivasa,Fares Ziam,Michal Figlak,blue,blue_dec,0.5090516052532743,0.4090909090909091,0.4039351571809709,0.5,2.0,0,1.0,-1.0
0e6d624086f7952e,2022-09-10,2022,UFC 279: Diaz vs. Ferguson,Hakeem Dawodu,Julian Erosa,red,red_dec,0.378883532368832,0.3108703161118746,0.30176388105845137,0.37735849056603776,2.65,0,1.0,-1.0
6010f681e54ba2cd,2022-09-10,2022,UFC 279: Diaz vs. Ferguson,Chad Anheliger,Alatengheili,blue,blue_dec,0.3994338804369342,0.30411562356747,0.41995105368583,0.37735849056603776,2.65,1,1.0,1.65
a5cf273faa3982b7,2022-09-10,2022,UFC 279: Diaz vs. Ferguson,Melissa Martinez,Elise Reed,red,red_dec,0.4395947656164105,0.3549203487666626,0.3546735652728309,0.43478260869565216,2.3000000000000003,0,1.0,-1.0
db3e26d02d790c97,2022-09-10,2022,UFC 279: Diaz vs. Ferguson,Norma Dumont,Danyelle Wolf,red,red_dec,0.4881718270988109,0.4058615873351439,0.33377860626878125,0.5,2.0,1,1.0,1.0
160c17b8fcb0e2a1,2022-09-17,2022,UFC Fight Night: Sandhagen vs. Song,Joe Pyfer,Alen Amedovski,red,red_dec,0.1608311378773646,0.1170644037707265,0.368471046921504,0.14285714285714285,7.0,0,1.0,-1.0
3cbd3565dd631cc4,2022-09-17,2022,UFC Fight Night: Sandhagen vs. Song,Tanner Boser,Rodrigo Nascimento,red,red_ko,0.4346581874891927,0.3438975050573162,0.38310277666939113,0.4166666666666667,2.4,0,1.0,-1.0
adb78db5ba8ccc0f,2022-09-17,2022,UFC Fight Night: Sandhagen vs. Song,Andre Fili,Bill Algeo,red,red_dec,0.3889604706646308,0.2914507772020725,0.4366644676350621,0.35714285714285715,2.8,1,1.0,1.7999999999999998
be73f75b52b06f14,2022-09-17,2022,UFC Fight Night: Sandhagen vs. Song,Tony Gravely,Javid Basharat,blue,blue_ko,0.3087546643044285,0.2137249364586275,0.4966690299274831,0.26666666666666666,3.75,0,1.0,-1.0
ce5ebaf8caf8c4a7,2022-09-17,2022,UFC Fight Night: Sandhagen vs. Song,Anthony Hernandez,Marc-Andre Barriault,red,red_dec,0.3742350898630111,0.2897062518434363,0.3827205541296075,0.36363636363636365,2.75,0,1.0,-1.0
7d0d2cecab358ba1,2022-10-01,2022,UFC Fight Night: Dern vs. Yan,Randy Brown,Francisco Trinaldo,red,red_dec,0.4342285863397758,0.3400041045766029,0.3986568843665358,0.4166666666666667,2.4,1,1.0,1.4
1af23e7aa71a1d17,2022-10-15,2022,UFC Fight Night: Grasso vs. Araujo,Cub Swanson,Jonathan Martinez,blue,blue_dec,0.3981066401179703,0.3264786169244767,0.31079491259321285,0.4,2.5,0,1.0,-1.0
60bd4d2878c85f70,2022-10-15,2022,UFC Fight Night: Grasso vs. Araujo,Piera Rodriguez,Sam Hughes,red,red_dec,0.4697864562165624,0.3918201828494186,0.31866597758956017,0.47619047619047616,2.1,1,1.0,1.1
84b04e8d6b251c54,2022-10-15,2022,UFC Fight Night: Grasso vs. Araujo,Mike Jackson,Pete Rodriguez,blue,blue_ko,0.2509013793768535,0.1644445360314876,0.5317126901250384,0.15384615384615385,6.5,1,1.0,5.5
96d4fe315722d1c1,2022-10-15,2022,UFC Fight Night: Grasso vs. Araujo,Raphael Assuncao,Victor Henry,blue,blue_ko,0.4412435092021088,0.3308266298205073,0.4683318492397541,0.4,2.5,0,1.0,-1.0
fac560495e61d34c,2022-10-15,2022,UFC Fight Night: Grasso vs. Araujo,Tatsuro Taira,CJ Vergara,red,red_dec,0.5350362331019933,0.408454727220794,0.5107321262667249,0.5,2.0,0,1.0,-1.0
1b204fc28bb023e6,2022-10-22,2022,UFC 280: Oliveira vs. Makhachev,Armen Petrosyan,AJ Dobson,red,red_dec,0.2464338597798948,0.1806541267556702,0.3941988537064185,0.2222222222222222,4.5,1,1.0,3.5
1e8c33b1917fe1b7,2022-10-22,2022,UFC 280: Oliveira vs. Makhachev,Muhammad Mokaev,Malcolm Gordon,red,red_dec,0.3192742252456851,0.2497376705141658,0.34290269798814854,0.3076923076923077,3.25,0,1.0,-1.0
1f0d4572e0facbea,2022-10-22,2022,UFC 280: Oliveira vs. Makhachev,Aljamain Sterling,TJ Dillashaw,red,red_dec,0.477746906079684,0.3741876189850981,0.4252220711143894,0.45454545454545453,2.2,0,1.0,-1.0
4011cdf1f182804c,2022-10-22,2022,UFC 280: Oliveira vs. Makhachev,Karol Rosa,Lina Lansberg,red,red_dec,0.5603515870733674,0.4854050197591005,0.3009855852111739,0.6,1.6666666666666667,1,1.0,0.6666666666666667
523815acf1bb2420,2022-10-22,2022,UFC 280: Oliveira vs. Makhachev,Charles Oliveira,Islam Makhachev,blue,blue_dec,0.2426194273216019,0.1539653302576991,0.5654610985018853,0.19047619047619047,5.25,0,1.0,-1.0
69f39e5d959311b1,2022-10-22,2022,UFC 280: Oliveira vs. Makhachev,Beneil Dariush,Mateusz Gamrot,blue,blue_dec,0.437273680183211,0.3554862211748306,0.3427755817653094,0.43478260869565216,2.3000000000000003,0,1.0,-1.0
f4d8266a42a41dff,2022-10-22,2022,UFC 280: Oliveira vs. Makhachev,Volkan Oezdemir,Nikita Krylov,blue,blue_ko,0.2453099850103315,0.193812208039302,0.3016425843936772,0.23255813953488372,4.3,0,1.0,-1.0
2664805fde34fb1b,2022-11-05,2022,UFC Fight Night: Rodriguez vs. Lemos,Darrick Minner,Shayilan Nuerdanbieke,blue,blue_ko,0.3814950260694991,0.2823086574654956,0.44983116826417985,0.35714285714285715,2.8,1,1.0,1.7999999999999998
2ab395e21080b10a,2022-11-05,2022,UFC Fight Night: Rodriguez vs. Lemos,Mario Bautista,Benito Lopez,red,red_dec,0.3773045320661018,0.3076310793440789,0.3102127201587429,0.37735849056603776,2.65,0,1.0,-1.0
5475f5b6bad40989,2022-11-05,2022,UFC Fight Night: Rodriguez vs. Lemos,Polyana Viana,Jinh Yu Frey,red,red_dec,0.3313685068436294,0.2542142468733007,0.374258955466674,0.3076923076923077,3.25,0,1.0,-1.0
71afa8354da2491e,2022-11-05,2022,UFC Fight Night: Rodriguez vs. Lemos,Miranda Maverick,Shanna Young,red,red_dec,0.425571236320819,0.3192922177314325,0.4570826460009305,0.4,2.5,1,1.0,1.5
abfc03893551ae73,2022-11-05,2022,UFC Fight Night: Rodriguez vs. Lemos,Marina Rodriguez,Amanda Lemos,red,red_ko,0.3297830714292115,0.2621648460774577,0.32558058660341127,0.3333333333333333,3.0,0,1.0,-1.0
abfc03893551ae73,2022-11-05,2022,UFC Fight Night: Rodriguez vs. Lemos,Marina Rodriguez,Amanda Lemos,red,red_sub,0.1065432817334754,0.0786494538232373,0.33429330457942985,0.1,10.0,0,1.0,-1.0
b279559f15ecf29b,2022-11-05,2022,UFC Fight Night: Rodriguez vs. Lemos,Neil Magny,Daniel Rodriguez,red,red_dec,0.4398466439034867,0.2957430918595966,0.6258676045438821,0.43478260869565216,2.3000000000000003,0,1.0,-1.0
b87ac039e3b13940,2022-11-05,2022,UFC Fight Night: Rodriguez vs. Lemos,Tamires Vidal,Ramona Pascual,red,red_dec,0.3777583150864297,0.3049940103157648,0.3245543605015569,0.37735849056603776,2.65,0,1.0,-1.0
cfca30d3ef3c86b9,2022-11-05,2022,UFC Fight Night: Rodriguez vs. Lemos,Carlos Candelario,Jake Hadley,blue,blue_ko,0.1364553178222474,0.1021732079143691,0.3282592553105437,0.125,8.0,0,1.0,-1.0
93da91272d4a7ce3,2022-11-12,2022,UFC 281: Adesanya vs. Pereira,Erin Blanchfield,Molly McCann,red,red_dec,0.542992322788223,0.4413668462120327,0.40801161426875643,0.5454545454545454,1.8333333333333335,0,1.0,-1.0
db026ff6eee4d174,2022-11-12,2022,UFC 281: Adesanya vs. Pereira,Carlos Ulberg,Nicolae Negumereanu,red,red_dec,0.2819300488969565,0.1789606971720833,0.5884967647167768,0.2222222222222222,4.5,0,1.0,-1.0
c317f85a8266313e,2022-11-19,2022,UFC Fight Night: Nzechukwu vs. Cutelaba,Andre Fialho,Muslim Salikhov,blue,blue_dec,0.3056749788308581,0.2226740507282621,0.42973290895074134,0.26666666666666666,3.75,0,1.0,-1.0
1114cd1515cf3b8f,2022-12-03,2022,UFC Fight Night: Thompson vs. Holland,Marcelo Rojo,Francis Marshall,blue,blue_ko,0.1261323664995521,0.0941231781852374,0.3287019760806882,0.11764705882352941,8.5,1,1.0,7.5
2cec230248d7eb97,2022-12-03,2022,UFC Fight Night: Thompson vs. Holland,Yazmin Jauregui,Istela Nunes,red,red_dec,0.5335572394174078,0.4393429303646208,0.37826020617433354,0.5348837209302325,1.8695652173913044,0,1.0,-1.0
30abc50a2e71c576,2022-12-03,2022,UFC Fight Night: Thompson vs. Holland,Natan Levy,Genaro Valdez,red,red_dec,0.2402931035984728,0.1633986928104575,0.4820811859857148,0.20833333333333334,4.8,1,1.0,3.8
30abc50a2e71c576,2022-12-03,2022,UFC Fight Night: Thompson vs. Holland,Natan Levy,Genaro Valdez,red,red_ko,0.2319823356468174,0.1742919389978213,0.3583580663796875,0.2222222222222222,4.5,0,1.0,-1.0
7fbf09533c59e43f,2022-12-03,2022,UFC Fight Night: Thompson vs. Holland,Niko Price,Phil Rowe,blue,blue_dec,0.2087253481053676,0.1441461574992318,0.4486459846010915,0.18181818181818182,5.5,0,1.0,-1.0
be977e524ef56aa4,2022-12-03,2022,UFC Fight Night: Thompson vs. Holland,Darren Elkins,Jonathan Pearce,blue,blue_dec,0.3970771347377906,0.291701306807922,0.46947681655405116,0.36363636363636365,2.75,1,1.0,1.75
1779cc4ae925df01,2022-12-10,2022,UFC 282: Blachowicz vs. Ankalaev,Jairzinho Rozenstruik,Chris Daukaus,red,red_dec,0.129802306494322,0.0945456447366833,0.35664629072116716,0.1111111111111111,9.0,0,1.0,-1.0
5bc31abb5842942a,2022-12-10,2022,UFC 282: Blachowicz vs. Ankalaev,Cameron Saaiman,Steven Koslow,red,red_dec,0.2731940487045836,0.2142374915610231,0.32109224028992644,0.26666666666666666,3.75,0,1.0,-1.0
a346180c8b109469,2022-12-10,2022,UFC 282: Blachowicz vs. Ankalaev,Chris Curtis,Joaquin Buckley,blue,blue_dec,0.3258802638509537,0.2259074030350512,0.5046885864176569,0.26666666666666666,3.75,0,1.0,-1.0
fd7421f421e802bd,2022-12-10,2022,UFC 282: Blachowicz vs. Ankalaev,Raul Rosas Jr.,Jay Perrin,red,red_dec,0.390005345751318,0.2849715692700122,0.4726431392991312,0.35714285714285715,2.8,0,1.0,-1.0
4ea48bf2407b405d,2022-12-17,2022,UFC Fight Night: Cannonier vs. Strickland,Jared Cannonier,Sean Strickland,red,red_dec,0.2414824915554142,0.1847534421325826,0.3398994917471829,0.23255813953488372,4.3,1,1.0,3.3
5f4e944ff1bdcd9c,2022-12-17,2022,UFC Fight Night: Cannonier vs. Strickland,Jake Matthews,Matthew Semelsberger,red,red_dec,0.4859221458600914,0.3456494696559648,0.5818917151203855,0.43478260869565216,2.3000000000000003,0,1.0,-1.0
ce7744d45a698aa6,2022-12-17,2022,UFC Fight Night: Cannonier vs. Strickland,Arman Tsarukyan,Damir Ismagulov,red,red_dec,0.430874125951958,0.358690473489575,0.30276676215568676,0.43478260869565216,2.3000000000000003,1,1.0,1.3000000000000003
5305049e4215d263,2023-01-14,2023,UFC Fight Night: Strickland vs. Imavov,Claudio Ribeiro,Abdul Razak Alhassan,red,red_dec,0.1086082365973568,0.0716032148990183,0.4572824654340253,0.08333333333333333,12.0,0,1.0,-1.0
5305049e4215d263,2023-01-14,2023,UFC Fight Night: Strickland vs. Imavov,Claudio Ribeiro,Abdul Razak Alhassan,red,red_sub,0.0620576274772976,0.0452230830941168,0.33424499214042136,0.05263157894736842,19.0,0,1.0,-1.0
5a2fa552e70958d4,2023-01-14,2023,UFC Fight Night: Strickland vs. Imavov,Javid Basharat,Mateus Mendonca,red,red_dec,0.4040780524264725,0.3290248358936185,0.3240972464116863,0.4,2.5,1,1.0,1.5
622cc4ef46913020,2023-01-14,2023,UFC Fight Night: Strickland vs. Imavov,Ketlen Vieira,Raquel Pennington,red,red_dec,0.46367892444991,0.3593890386343216,0.4324762095626511,0.43478260869565216,2.3000000000000003,0,1.0,-1.0
221982930283140,2023-01-21,2023,UFC 283: Teixeira vs. Hill,Lauren Murphy,Jessica Andrade,blue,blue_dec,0.3734397052145155,0.3036657319515163,0.3124138340701027,0.37735849056603776,2.65,1,1.0,1.65
5ad8aa57c8d69680,2023-01-21,2023,UFC 283: Teixeira vs. Hill,Gregory Rodrigues,Brunno Ferreira,red,red_dec,0.1231437652761811,0.0935871651887741,0.3076110655488953,0.11764705882352941,8.5,0,1.0,-1.0
8cdcdfb76d1670dd,2023-01-21,2023,UFC 283: Teixeira vs. Hill,Thiago Moises,Melquizael Costa,red,red_dec,0.3591085252818097,0.291894709408392,0.30696415040264036,0.36363636363636365,2.75,0,1.0,-1.0
a3ef3d05ddd80a94,2023-01-21,2023,UFC 283: Teixeira vs. Hill,Mauricio Rua,Ihor Potieria,blue,blue_ko,0.4678845728235838,0.3824245179579065,0.35063119608309856,0.47619047619047616,2.1,1,1.0,1.1
f09c3d8a26806761,2023-01-21,2023,UFC 283: Teixeira vs. Hill,Warlley Alves,Nicolas Dalby,red,red_dec,0.2553559300490686,0.2008898776418242,0.3104939062869827,0.25,4.0,0,1.0,-1.0
fffdc57255274be1,2023-01-21,2023,UFC 283: Teixeira vs. Hill,Shamil Abdurakhimov,Jailton Almeida,blue,blue_dec,0.0988061260123035,0.0735433927549151,0.32293079594533136,0.09090909090909091,11.0,0,1.0,-1.0
7a1abc0230af730c,2023-02-04,2023,UFC Fight Night: Lewis vs. Spivac,Da Woon Jung,Devin Clark,red,red_dec,0.2498301580222262,0.188497183762314,0.36028647304786743,0.23255813953488372,4.3,0,1.0,-1.0
983fab4080743ed0,2023-02-04,2023,UFC Fight Night: Lewis vs. Spivac,JunYong Park,Denis Tiuliulin,red,red_dec,0.4863494364793119,0.3937405350832912,0.3770000762855029,0.47619047619047616,2.1,0,1.0,-1.0
a26ca06cce403ce2,2023-02-04,2023,UFC Fight Night: Lewis vs. Spivac,Tatsuro Taira,Jesus Aguilar,red,red_dec,0.3634939915195853,0.2898131083699666,0.33606081120017717,0.36363636363636365,2.75,0,1.0,-1.0
b1b20c686dfe3204,2023-02-04,2023,UFC Fight Night: Lewis vs. Spivac,Jeka Saragih,Anshul Jubli,red,red_dec,0.2027215653825602,0.1386475780109806,0.45719790150873907,0.16666666666666666,6.0,0,1.0,-1.0
caeeb398f73d213a,2023-02-04,2023,UFC Fight Night: Lewis vs. Spivac,Derrick Lewis,Serghei Spivac,blue,blue_dec,0.1634016371093941,0.1083650190114068,0.47441859987097845,0.13333333333333333,7.5,0,1.0,-1.0
256894b49303537b,2023-02-11,2023,UFC 284: Makhachev vs. Volkanovski,Islam Makhachev,Alexander Volkanovski,red,red_dec,0.3390084060090111,0.260062278071854,0.37792867061980273,0.31746031746031744,3.1500000000000004,1,1.0,2.1500000000000004
4f672dd40867d8c6,2023-02-11,2023,UFC 284: Makhachev vs. Volkanovski,Jack Della Maddalena,Randy Brown,red,red_dec,0.282568318432144,0.2082879045996593,0.40351916118310005,0.25,4.0,0,1.0,-1.0
3f837b469ba33c7c,2023-02-18,2023,UFC Fight Night: Andrade vs. Blanchfield,Jordan Wright,Zac Pauga,blue,blue_ko,0.5982059823096346,0.5043851391694785,0.380454576742483,0.6226415094339622,1.6060606060606062,0,1.0,-1.0
43ec12079ccc371c,2023-02-18,2023,UFC Fight Night: Andrade vs. Blanchfield,Jamall Emmers,Khusein Askhabov,blue,blue_dec,0.3416531813882,0.2397680383628861,0.4980159108342326,0.29411764705882354,3.4,0,1.0,-1.0
d45d9c7d60f332da,2023-02-18,2023,UFC Fight Night: Andrade vs. Blanchfield,Nazim Sadykhov,Evan Elder,red,red_dec,0.3407616589557918,0.2487467056857577,0.44540588414015314,0.3076923076923077,3.25,0,1.0,-1.0
02615499125b4b5d,2023-02-25,2023,UFC Fight Night: Muniz vs. Allen,Rafael Alves,Nurullo Aliev,blue,blue_ko,0.2490626368271142,0.1959152038809868,0.3084049737004624,0.22727272727272727,4.4,0,1.0,-1.0
12d9b4a3931be5ec,2023-02-25,2023,UFC Fight Night: Muniz vs. Allen,Joe Solecki,Carl Deaton,red,red_ko,0.1060800544192451,0.0769512641993404,0.3530875602407457,0.09090909090909091,11.0,0,1.0,-1.0
22fc6b3f4e48cfa3,2023-03-04,2023,UFC 285: Jones vs. Gane,Geoff Neal,Shavkat Rakhmonov,blue,blue_dec,0.2739283314082161,0.2150690623386761,0.3198543206327048,0.25,4.0,0,1.0,-1.0
c3b9b97467f828d1,2023-03-04,2023,UFC 285: Jones vs. Gane,Jessica Penne,Tabatha Ricci,blue,blue_dec,0.5809261889753505,0.4753398568332567,0.42529731341815674,0.5555555555555556,1.7999999999999998,0,1.0,-1.0
ec490d4224d3bc78,2023-03-04,2023,UFC 285: Jones vs. Gane,Cody Garbrandt,Trevin Jones,red,red_dec,0.251459506815321,0.164434273138116,0.5347547460398347,0.22727272727272727,4.4,1,1.0,3.4000000000000004
2c58a97f2fe6c985,2023-03-11,2023,UFC Fight Night: Yan vs. Dvalishvili,Mario Bautista,Guido Cannetti,red,red_dec,0.2039239388544065,0.1519014993115835,0.35781684566331573,0.17543859649122806,5.7,0,1.0,-1.0
3cf3771274a4f8b1,2023-03-11,2023,UFC Fight Night: Yan vs. Dvalishvili,Sedriques Dumas,Josh Fremd,red,red_sub,0.2954063520330323,0.2351683591662213,0.3100846748931487,0.2777777777777778,3.5999999999999996,0,1.0,-1.0
ccb5e29cd0347110,2023-03-11,2023,UFC Fight Night: Yan vs. Dvalishvili,Carlston Harris,Jared Gooden,red,red_dec,0.2831420449047118,0.2018288129080596,0.44597420361124196,0.23809523809523808,4.2,1,1.0,3.2
d6945828f5fa7492,2023-03-11,2023,UFC Fight Night: Yan vs. Dvalishvili,Nikita Krylov,Ryan Spann,red,red_ko,0.3045528782546043,0.2388276443583898,0.3334074282171542,0.2777777777777778,3.5999999999999996,0,1.0,-1.0
e9c6bac0d1a5ec0f,2023-03-11,2023,UFC Fight Night: Yan vs. Dvalishvili,Karl Williams,Lukasz Brzeski,red,red_dec,0.3869178814736473,0.3061297798686076,0.3579894003374527,0.35714285714285715,2.8,1,1.0,1.7999999999999998
019b4d006800504b,2023-03-18,2023,UFC 286: Edwards vs. Usman 3,Gunnar Nelson,Bryan Barberena,red,red_dec,0.3297817025341086,0.2602749521110648,0.3353674315439129,0.30303030303030304,3.3,0,1.0,-1.0
13f5be7a2ea5577e,2023-03-18,2023,UFC 286: Edwards vs. Usman 3,Jack Shore,Makwan Amirkhani,red,red_ko,0.3621449953652529,0.2884675362390964,0.33677216937899235,0.3389830508474576,2.95,0,1.0,-1.0
5e9c027fb24efc2b,2023-03-18,2023,UFC 286: Edwards vs. Usman 3,Marvin Vettori,Roman Dolidze,red,red_dec,0.547277479179617,0.4722690743129278,0.30071419488462964,0.5555555555555556,1.7999999999999998,1,1.0,0.7999999999999998
6068385c48de6801,2023-03-18,2023,UFC 286: Edwards vs. Usman 3,Jake Hadley,Malcolm Gordon,red,red_dec,0.2735900281350654,0.2043539527794553,0.38281705287878753,0.23809523809523808,4.2,0,1.0,-1.0
90a83875e1d11238,2023-03-18,2023,UFC 286: Edwards vs. Usman 3,Justin Gaethje,Rafael Fiziev,blue,blue_dec,0.3128227375777216,0.2470559544176387,0.32742048295790904,0.2857142857142857,3.5,0,1.0,-1.0
cdaf65287d9a0ecb,2023-03-18,2023,UFC 286: Edwards vs. Usman 3,Chris Duncan,Omar Morales,red,red_dec,0.1981727291387434,0.1425634485677691,0.3964058381931921,0.16666666666666666,6.0,1,1.0,5.0
dd9cbf6d6284de26,2023-03-18,2023,UFC 286: Edwards vs. Usman 3,Jennifer Maia,Casey O'Neill,blue,blue_dec,0.5041641064117015,0.3936859961405566,0.4485011933672316,0.45454545454545453,2.2,0,1.0,-1.0
07e39fd5f4f23270,2023-03-25,2023,UFC Fight Night: Vera vs. Sandhagen,Trevin Giles,Preston Parsons,blue,blue_dec,0.2325308658102931,0.1787573431184894,0.33071407702916833,0.20833333333333334,4.8,0,1.0,-1.0
c6cc6ae23cbf8a27,2023-03-25,2023,UFC Fight Night: Vera vs. Sandhagen,Daniel Pineda,Tucker Lutz,blue,blue_dec,0.2726837006278914,0.2153627846543117,0.3118485483190594,0.25,4.0,0,1.0,-1.0
3165b03ddc6d3b6e,2023-04-08,2023,UFC 287: Pereira vs. Adesanya 2,Kevin Holland,Santiago Ponzinibbio,red,red_dec,0.3090681314446312,0.2386100172965811,0.35583571714799933,0.2777777777777778,3.5999999999999996,0,1.0,-1.0
71ea7d7985dad804,2023-04-08,2023,UFC 287: Pereira vs. Adesanya 2,Gilbert Burns,Jorge Masvidal,red,red_dec,0.3854962371901308,0.2988815608559824,0.38634583253977894,0.3448275862068966,2.9,1,1.0,1.9
780147f2ed2637d1,2023-04-08,2023,UFC 287: Pereira vs. Adesanya 2,Cynthia Calvillo,Loopy Godinez,blue,blue_dec,0.568093845505347,0.4770323030641553,0.366013783667202,0.5555555555555556,1.7999999999999998,1,1.0,0.7999999999999998
95349402616097cd,2023-04-08,2023,UFC 287: Pereira vs. Adesanya 2,Michelle Waterson-Gomez,Luana Pinheiro,blue,blue_dec,0.4647909855942404,0.377400912094158,0.35952520277202693,0.4444444444444444,2.25,1,1.0,1.25
bbc76ff9e1b1b142,2023-04-08,2023,UFC 287: Pereira vs. Adesanya 2,Chris Curtis,Kelvin Gastelum,blue,blue_dec,0.436486813513409,0.355130877140384,0.34112842736143195,0.40816326530612246,2.4499999999999997,1,1.0,1.4499999999999997
d7022b6058dbb26b,2023-04-08,2023,UFC 287: Pereira vs. Adesanya 2,Ignacio Bahamondes,Trey Ogden,red,red_dec,0.4058841024197357,0.3227202514867618,0.36029179470330425,0.37735849056603776,2.65,1,1.0,1.65
68c1b833ed8849a3,2023-04-15,2023,UFC Fight Night: Holloway vs. Allen,Gillian Robertson,Piera Rodriguez,red,red_dec,0.2815774708227343,0.2197619245817031,0.33040403879926383,0.2564102564102564,3.9000000000000004,0,1.0,-1.0
034cbbec91f67852,2023-04-22,2023,UFC Fight Night: Pavlovich vs. Blaydes,Rani Yahya,Montel Jackson,blue,blue_dec,0.3333088206130065,0.254634917845532,0.3807858270975939,0.29411764705882354,3.4,0,1.0,-1.0
06d9fb9c995f1e4f,2023-04-22,2023,UFC Fight Night: Pavlovich vs. Blaydes,Jeremiah Wells,Matthew Semelsberger,red,red_sub,0.2472951491268335,0.1917867536366421,0.3253512181664553,0.2222222222222222,4.5,0,1.0,-1.0
277233ca9ea25674,2023-04-22,2023,UFC Fight Night: Pavlovich vs. Blaydes,Brady Hiestand,Batgerel Danaa,red,red_dec,0.2142027143789446,0.1663523198792908,0.3119268963378061,0.19230769230769232,5.199999999999999,0,1.0,-1.0
856468ba24a37fcc,2023-04-22,2023,UFC Fight Night: Pavlovich vs. Blaydes,Sergei Pavlovich,Curtis Blaydes,blue,blue_dec,0.1235151638058234,0.0916079311502401,0.3346027553289348,0.10526315789473684,9.5,0,1.0,-1.0
d00d5ef4ae0ac01b,2023-04-22,2023,UFC Fight Night: Pavlovich vs. Blaydes,Brad Tavares,Bruno Silva,red,red_dec,0.3905609251668903,0.3074635263855954,0.36704943011729463,0.35714285714285715,2.8,0,1.0,-1.0
37ae5c09d6f03f33,2023-04-29,2023,UFC Fight Night: Song vs. Simon,Rodolfo Vieira,Cody Brundage,red,red_dec,0.2217425353818636,0.1314965560425798,0.6322504470879751,0.15384615384615385,6.5,0,1.0,-1.0
8dbfbd8f8bd0f00b,2023-04-29,2023,UFC Fight Night: Song vs. Simon,Marcos Rogerio de Lima,Waldo Cortes-Acosta,red,red_dec,0.2672635659402735,0.177503618259425,0.5248023344317452,0.20833333333333334,4.8,1,1.0,3.8
c02d44564cb006a9,2023-04-29,2023,UFC Fight Night: Song vs. Simon,Josh Quinlan,Trey Waters,red,red_dec,0.1920622261032677,0.1317844590166939,0.44860667195901716,0.15384615384615385,6.5,0,1.0,-1.0
e0e2c1fc1a178d89,2023-04-29,2023,UFC Fight Night: Song vs. Simon,Julian Erosa,Fernando Padilla,red,red_dec,0.2758280823549579,0.1960468007187057,0.44593660984499417,0.22727272727272727,4.4,0,1.0,-1.0
f9345fa82bf43847,2023-04-29,2023,UFC Fight Night: Song vs. Simon,Stephanie Egger,Irina Alekseeva,red,red_dec,0.3597709734925541,0.2882506953029981,0.32753685596531557,0.3389830508474576,2.95,0,1.0,-1.0
d22de60b7a3d908c,2023-05-06,2023,UFC 288: Sterling vs. Cejudo,Phil Hawes,Ikram Aliskerov,blue,blue_ko,0.308079226877692,0.2382679061090641,0.353084735192677,0.2777777777777778,3.5999999999999996,1,1.0,2.5999999999999996
e3aad51099a23ba4,2023-05-06,2023,UFC 288: Sterling vs. Cejudo,Aljamain Sterling,Henry Cejudo,red,red_sub,0.2272145970828673,0.1729446446118571,0.3407935963551565,0.2,5.0,0,1.0,-1.0
14e689e60419d469,2023-05-13,2023,UFC Fight Night: Rozenstruik vs. Almeida,Cody Stamann,Douglas Silva de Andrade,red,red_dec,0.500019743834823,0.420693692008398,0.320005345925598,0.4878048780487805,2.0500000000000003,0,1.0,-1.0
755202fce24b8f83,2023-05-13,2023,UFC Fight Night: Rozenstruik vs. Almeida,Jairzinho Rozenstruik,Jailton Almeida,blue,blue_sub,0.5234063809591745,0.4452076167121266,0.313747237130112,0.5121951219512195,1.9523809523809523,1,1.0,0.9523809523809523
dae2484418631ff5,2023-05-13,2023,UFC Fight Night: Rozenstruik vs. Almeida,Carlos Ulberg,Ihor Potieria,red,red_dec,0.2233466040197256,0.1671614395549853,0.35961044092516103,0.19230769230769232,5.199999999999999,0,1.0,-1.0
3638ee66c7d34fe0,2023-05-20,2023,UFC Fight Night: Dern vs. Hill,Edmen Shahbazyan,Anthony Hernandez,blue,blue_dec,0.2925381515722835,0.2261775365558419,0.34693360833331877,0.2631578947368421,3.8000000000000003,0,1.0,-1.0
73700c8c5107f719,2023-05-20,2023,UFC Fight Night: Dern vs. Hill,Andre Fialho,Joaquin Buckley,blue,blue_dec,0.2905604129732943,0.2011645050853387,0.4863682016621801,0.23255813953488372,4.3,0,1.0,-1.0
744cbe6e49d4f41c,2023-05-20,2023,UFC Fight Night: Dern vs. Hill,Natalia Silva,Victoria Leonardo,red,red_dec,0.3602905930925203,0.2781315266670062,0.37964572042373235,0.3225806451612903,3.1,0,1.0,-1.0
7d583e4002622848,2023-05-20,2023,UFC Fight Night: Dern vs. Hill,Orion Cosce,Gilbert Urbina,blue,blue_ko,0.2048670930613409,0.1301790431464631,0.5432287989999396,0.15384615384615385,6.5,1,1.0,5.5
8502f245aabd64ac,2023-05-20,2023,UFC Fight Night: Dern vs. Hill,Takashi Sato,Themba Gorimbo,blue,blue_dec,0.3239732543648933,0.2082088377097993,0.6001843939320862,0.24390243902439024,4.1000000000000005,1,1.0,3.1000000000000005
8502f245aabd64ac,2023-05-20,2023,UFC Fight Night: Dern vs. Hill,Takashi Sato,Themba Gorimbo,blue,blue_ko,0.1414304826210499,0.1004301452482561,0.38899495124968464,0.11764705882352941,8.5,0,1.0,-1.0
eca400aeeb2763d1,2023-05-20,2023,UFC Fight Night: Dern vs. Hill,Chase Hooper,Nick Fiore,blue,blue_ko,0.2594010869858259,0.1982642746672689,0.34809443422883235,0.23255813953488372,4.3,0,1.0,-1.0
fb70b62915fdcec6,2023-05-20,2023,UFC Fight Night: Dern vs. Hill,Ilir Latifi,Rodrigo Nascimento,blue,blue_dec,0.2832860324190834,0.2257895735469144,0.3040205013295826,0.2631578947368421,3.8000000000000003,1,1.0,2.8000000000000003
4d0029ad31bdd85a,2023-06-03,2023,UFC Fight Night: Kara-France vs. Albazi,Karine Silva,Ketlen Souza,red,red_dec,0.2715794121418445,0.2083793653408109,0.34809796885262134,0.24390243902439024,4.1000000000000005,0,1.0,-1.0
5459c3bb88d031f9,2023-06-03,2023,UFC Fight Night: Kara-France vs. Albazi,Andrei Arlovski,Don'Tale Mayes,blue,blue_dec,0.2870168416384639,0.2199214566226347,0.356207240377202,0.2564102564102564,3.9000000000000004,0,1.0,-1.0
913d8a35095591d5,2023-06-03,2023,UFC Fight Night: Kara-France vs. Albazi,Tim Elliott,Victor Altamirano,red,red_dec,0.5052143699195656,0.4160530962999088,0.35985540879139855,0.4878048780487805,2.0500000000000003,1,1.0,1.0500000000000003
a122968e96068800,2023-06-03,2023,UFC Fight Night: Kara-France vs. Albazi,Abubakar Nurmagomedov,Elizeu Zaleski dos Santos,red,red_dec,0.4279536014239617,0.3129995507807583,0.4959278681091969,0.425531914893617,2.35,0,1.0,-1.0
a122968e96068800,2023-06-03,2023,UFC Fight Night: Kara-France vs. Albazi,Abubakar Nurmagomedov,Elizeu Zaleski dos Santos,red,red_ko,0.0941983271095818,0.0700522804128363,0.32246858726048,0.09523809523809523,10.5,0,1.0,-1.0
d7ae0993c7a378ee,2023-06-03,2023,UFC Fight Night: Kara-France vs. Albazi,Kai Kara-France,Amir Albazi,blue,blue_dec,0.2330432554162439,0.1692529554502042,0.3997246536904637,0.19607843137254902,5.1,1,1.0,4.1
dfc62aa72446e4a8,2023-06-03,2023,UFC Fight Night: Kara-France vs. Albazi,Elise Reed,Jinh Yu Frey,red,red_dec,0.3980299177072094,0.3129190880643719,0.3728268341872943,0.37037037037037035,2.7,1,1.0,1.7000000000000002
e2f4cd4a9a579488,2023-06-03,2023,UFC Fight Night: Kara-France vs. Albazi,Jim Miller,Jesse Butler,red,red_dec,0.2867115138545945,0.2041061351902989,0.44941629673753514,0.23809523809523808,4.2,0,1.0,-1.0
69bc7ca8ce831731,2023-06-10,2023,UFC 289: Nunes vs. Aldana,Amanda Nunes,Irene Aldana,red,red_dec,0.2825082874932516,0.2024630606342184,0.4389171886164215,0.23809523809523808,4.2,1,1.0,3.2
7ee8b91d7f80f8a7,2023-06-10,2023,UFC 289: Nunes vs. Aldana,Kyle Nelson,Blake Bilder,blue,blue_dec,0.3534710734778498,0.2336165048543689,0.5841855006561767,0.2777777777777778,3.5999999999999996,0,1.0,-1.0
7ee8b91d7f80f8a7,2023-06-10,2023,UFC 289: Nunes vs. Aldana,Kyle Nelson,Blake Bilder,blue,blue_ko,0.1968044296453481,0.1401699029126213,0.40749178796868124,0.16666666666666666,6.0,0,1.0,-1.0
e9d5ffcacf7d8757,2023-06-10,2023,UFC 289: Nunes vs. Aldana,Mike Malott,Adam Fugitt,red,red_dec,0.1871660150281792,0.1304838022699371,0.4281569796254596,0.15384615384615385,6.5,0,1.0,-1.0
175d9e1ac0725145,2023-06-17,2023,UFC Fight Night: Vettori vs. Cannonier,Marvin Vettori,Jared Cannonier,red,red_dec,0.4689066969440369,0.376864213985339,0.3783455931152118,0.43478260869565216,2.3000000000000003,0,1.0,-1.0
5d9b84493f1ed114,2023-06-17,2023,UFC Fight Night: Vettori vs. Cannonier,Armen Petrosyan,Christian Leroy Duncan,blue,blue_dec,0.2725639136499228,0.2156546650513691,0.3095180369807057,0.25,4.0,0,1.0,-1.0
6c2199524d762b11,2023-06-17,2023,UFC Fight Night: Vettori vs. Cannonier,Arman Tsarukyan,Joaquim Silva,red,red_ko,0.5737954623461555,0.4804879204917126,0.37544160287277556,0.5555555555555556,1.7999999999999998,1,1.0,0.7999999999999998
8ea12c7360fa0f6b,2023-06-17,2023,UFC Fight Night: Vettori vs. Cannonier,Carlos Hernandez,Denys Bondar,blue,blue_dec,0.3773863716100759,0.2681131902523341,0.5035600012530141,0.3125,3.2,0,1.0,-1.0
bc1be168c064f028,2023-06-17,2023,UFC Fight Night: Vettori vs. Cannonier,Jimmy Flick,Alessandro Costa,blue,blue_dec,0.2955423081427812,0.1967405006302899,0.5381759453520041,0.22727272727272727,4.4,0,1.0,-1.0
07cb64236ae7aaea,2023-06-24,2023,UFC Fight Night: Emmett vs. Topuria,Amanda Ribas,Maycee Barber,red,red_dec,0.4897962912183795,0.4070472965887129,0.33536474863676385,0.47619047619047616,2.1,0,1.0,-1.0
42922bab8a3e1828,2023-06-24,2023,UFC Fight Night: Emmett vs. Topuria,Randy Brown,Wellington Turman,red,red_dec,0.3056064084567655,0.228910320363596,0.3937334626974046,0.2702702702702703,3.6999999999999997,1,1.0,2.6999999999999997
582806c33ce6dcf6,2023-06-24,2023,UFC Fight Night: Emmett vs. Topuria,David Onama,Gabriel Santos,blue,blue_dec,0.3958528980167022,0.2662281246121385,0.59106958924148,0.3125,3.2,0,1.0,-1.0
7b909acede0a26eb,2023-06-24,2023,UFC Fight Night: Emmett vs. Topuria,Cody Brundage,Sedriques Dumas,red,red_dec,0.1601321881242905,0.1211180124223602,0.32464038878961277,0.14285714285714285,7.0,0,1.0,-1.0
9124740fe7816d70,2023-06-24,2023,UFC Fight Night: Emmett vs. Topuria,Brendan Allen,Bruno Silva,red,red_dec,0.2253402585027251,0.1764355467469432,0.30587380875846737,0.20833333333333334,4.8,0,1.0,-1.0
9124740fe7816d70,2023-06-24,2023,UFC Fight Night: Emmett vs. Topuria,Brendan Allen,Bruno Silva,red,red_ko,0.2084499747479555,0.1411484373975546,0.4714900231284094,0.16666666666666666,6.0,0,1.0,-1.0
c3ef3cb03edde8bb,2023-06-24,2023,UFC Fight Night: Emmett vs. Topuria,Josh Emmett,Ilia Topuria,blue,blue_dec,0.1495558289850162,0.0908432738551603,0.5652927329427335,0.10526315789473684,9.5,1,1.0,8.5
ced01368259428f5,2023-06-24,2023,UFC Fight Night: Emmett vs. Topuria,Neil Magny,Phil Rowe,red,red_dec,0.5018080657158023,0.4152557035865239,0.34951246220851695,0.4878048780487805,2.0500000000000003,1,1.0,1.0500000000000003
f18d44292036d5de,2023-06-24,2023,UFC Fight Night: Emmett vs. Topuria,Trevor Peek,Chepe Mariscal,red,red_dec,0.1465402021575869,0.1076512475672834,0.3529615912301749,0.125,8.0,0,1.0,-1.0
fcc1191761e365f9,2023-06-24,2023,UFC Fight Night: Emmett vs. Topuria,Jamall Emmers,Jack Jenkins,red,red_dec,0.4475697954374639,0.3658723796203114,0.33947103930443234,0.425531914893617,2.35,0,1.0,-1.0
420f7e6530dbc727,2023-07-08,2023,UFC 290: Volkanovski vs. Rodriguez,Shannon Ross,Jesus Aguilar,blue,blue_ko,0.1432878937809275,0.1033328684981174,0.37248311146697066,0.125,8.0,1,1.0,7.0
b4cc389bb4af3707,2023-07-15,2023,UFC Fight Night: Holm vs. Bueno Silva,Austin Lingo,Melquizael Costa,blue,blue_dec,0.3773371186630588,0.301268365133883,0.3403990461963907,0.3508771929824561,2.85,1,1.0,1.85
dae80502466c8726,2023-07-15,2023,UFC Fight Night: Holm vs. Bueno Silva,Tyson Nam,Azat Maksum,blue,blue_dec,0.3490751828883853,0.2605466062680991,0.42002267564829776,0.30303030303030304,3.3,1,1.0,2.3
eb30c9c975e15436,2023-07-15,2023,UFC Fight Night: Holm vs. Bueno Silva,Viktoriia Dudakova,Istela Nunes,red,red_dec,0.3444931175309207,0.2767113142437821,0.31749896470740924,0.3225806451612903,3.1,0,1.0,-1.0
8104fe27bdc46914,2023-07-22,2023,UFC Fight Night: Aspinall vs. Tybura,Paul Craig,Andre Muniz,blue,blue_dec,0.2540462216968174,0.1851930304479129,0.4044051358217904,0.23255813953488372,4.3,0,1.0,-1.0
89b96bc5f3e824c5,2023-07-22,2023,UFC Fight Night: Aspinall vs. Tybura,Mick Parkin,Jamal Pogues,blue,blue_dec,0.3546717243286618,0.2763437594898269,0.3641043771932717,0.3333333333333333,3.0,0,1.0,-1.0
90e46589a18064bc,2023-07-22,2023,UFC Fight Night: Aspinall vs. Tybura,Tom Aspinall,Marcin Tybura,red,red_dec,0.0840986914852282,0.0624612634841993,0.3207938863475075,0.07692307692307693,13.0,0,1.0,-1.0
a0bc695b35f155f1,2023-07-22,2023,UFC Fight Night: Aspinall vs. Tybura,Ketlen Vieira,Pannie Kianzad,red,red_dec,0.4608659527533671,0.3792182636567772,0.3360106056084647,0.45454545454545453,2.2,1,1.0,1.2000000000000002
b4e2037f180c1e0e,2023-07-22,2023,UFC Fight Night: Aspinall vs. Tybura,Davey Grant,Daniel Marcos,blue,blue_ko,0.3044633555494421,0.2376438067415796,0.33950798837336804,0.29411764705882354,3.4,0,1.0,-1.0
c4caa8a4f32a0eed,2023-07-22,2023,UFC Fight Night: Aspinall vs. Tybura,Jai Herbert,Fares Ziam,blue,blue_dec,0.3567489546547138,0.2895926765845615,0.30786037823412626,0.35714285714285715,2.8,1,1.0,1.7999999999999998
d54ebd2a3435a357,2023-07-22,2023,UFC Fight Night: Aspinall vs. Tybura,Danny Roberts,Jonny Parsons,red,red_dec,0.2907730752294319,0.2169954476479514,0.39162974950594764,0.26666666666666666,3.75,0,1.0,-1.0
d918da575ee1bc35,2023-07-22,2023,UFC Fight Night: Aspinall vs. Tybura,Jafel Filho,Daniel Barez,red,red_dec,0.2672084872774876,0.1991150442477876,0.3830025151072136,0.25,4.0,0,1.0,-1.0
7a8f218c07347c88,2023-07-29,2023,UFC 291: Poirier vs. Gaethje 2,Jake Matthews,Darrius Flowers,red,red_dec,0.2980063768377107,0.2024661287867255,0.5141422630829878,0.25,4.0,0,1.0,-1.0
eff6ec2b2f1fb27b,2023-07-29,2023,UFC 291: Poirier vs. Gaethje 2,Derrick Lewis,Marcos Rogerio de Lima,blue,blue_dec,0.1713283802451293,0.1168714414144441,0.4461543503453367,0.14285714285714285,7.0,0,1.0,-1.0
2c54be25b09fce50,2023-08-05,2023,UFC Fight Night: Sandhagen vs. Font,Dustin Jacoby,Kennedy Nzechukwu,blue,blue_dec,0.3115117493535445,0.2340272183830075,0.3926480127735884,0.2857142857142857,3.5,0,1.0,-1.0
79bfba62da6242a6,2023-08-05,2023,UFC Fight Night: Sandhagen vs. Font,Diego Lopes,Gavin Tucker,red,red_sub,0.3453623723218043,0.2496099843993759,0.46120583286739236,0.3076923076923077,3.25,1,1.0,2.25
ec2358459ffbe7de,2023-08-05,2023,UFC Fight Night: Sandhagen vs. Font,Jessica Andrade,Tatiana Suarez,blue,blue_dec,0.2706706154841395,0.1983069830613841,0.4056866931953619,0.25,4.0,0,1.0,-1.0
1b1fd32485861655,2023-08-12,2023,UFC Fight Night: Luque vs. Dos Anjos,Cub Swanson,Hakeem Dawodu,blue,blue_ko,0.4138247092321228,0.3309002433090024,0.3559398125921688,0.4,2.5,0,1.0,-1.0
2c160a1d1fdbf0b0,2023-08-12,2023,UFC Fight Night: Luque vs. Dos Anjos,JP Buys,Marcus McGhee,blue,blue_ko,0.5774717857633519,0.4837090264789841,0.37759032930477,0.6,1.6666666666666667,1,1.0,0.6666666666666667
9576d9cba5cf5c4e,2023-08-12,2023,UFC Fight Night: Luque vs. Dos Anjos,Terrance McKinney,Mike Breeden,red,red_dec,0.0825055431114995,0.0617527070504049,0.31209468132034157,0.07692307692307693,13.0,0,1.0,-1.0
9576d9cba5cf5c4e,2023-08-12,2023,UFC Fight Night: Luque vs. Dos Anjos,Terrance McKinney,Mike Breeden,red,red_sub,0.3866580549101684,0.3029378081717976,0.3719652244269883,0.37735849056603776,2.65,0,1.0,-1.0
9a9479663bedf8b4,2023-08-12,2023,UFC Fight Night: Luque vs. Dos Anjos,Josh Fremd,Jamie Pickett,red,red_dec,0.318654803636011,0.2332924652083198,0.4298518587603808,0.2857142857142857,3.5,1,1.0,2.5
c2f730cb33df5221,2023-08-12,2023,UFC Fight Night: Luque vs. Dos Anjos,Polyana Viana,Iasmin Lucindo,blue,blue_dec,0.4974305760982493,0.4025756979944946,0.38446664976945466,0.5,2.0,0,1.0,-1.0
ca2aa660bea0cb60,2023-08-12,2023,UFC Fight Night: Luque vs. Dos Anjos,Jaqueline Amorim,Montserrat Conejo Ruiz,red,red_sub,0.5406459238789943,0.4540829061305992,0.34713058720980094,0.5555555555555556,1.7999999999999998,0,1.0,-1.0
e346f2b7af63e804,2023-08-12,2023,UFC Fight Night: Luque vs. Dos Anjos,Vicente Luque,Rafael Dos Anjos,blue,blue_dec,0.3239591964086873,0.245045045045045,0.38958017047392934,0.3076923076923077,3.25,0,1.0,-1.0
e346f2b7af63e804,2023-08-12,2023,UFC Fight Night: Luque vs. Dos Anjos,Vicente Luque,Rafael Dos Anjos,blue,blue_ko,0.1433875617901107,0.1061861861861862,0.34286906578085463,0.13333333333333333,7.5,0,1.0,-1.0
e3573545220ca4ea,2023-08-12,2023,UFC Fight Night: Luque vs. Dos Anjos,Juliana Miller,Luana Santos,blue,blue_dec,0.4528575687421406,0.3691084611016468,0.3469119302663919,0.45454545454545453,2.2,0,1.0,-1.0
e9754f597ec50f6f,2023-08-19,2023,UFC 292: Sterling vs. O'Malley,Brad Katona,Cody Gibson,red,red_sub,0.1611656206083686,0.1158697433219594,0.38255699426353806,0.14285714285714285,7.0,0,1.0,-1.0
f995ed679ef8bdf4,2023-08-19,2023,UFC 292: Sterling vs. O'Malley,Gregory Rodrigues,Denis Tiuliulin,red,red_dec,0.165421111215614,0.1120162932790224,0.4518761970714442,0.14285714285714285,7.0,0,1.0,-1.0
5531317352862978,2023-08-26,2023,UFC Fight Night: Holloway vs. The Korean Zombie,Erin Blanchfield,Taila Santos,red,red_dec,0.4343396161421331,0.3207191171235315,0.48630188204448355,0.4,2.5,1,1.0,1.5
b65b37c0e00074d9,2023-08-26,2023,UFC Fight Night: Holloway vs. The Korean Zombie,SeungWoo Choi,Jarno Errens,red,red_dec,0.2702436145900823,0.2128482629302071,0.31445457162743806,0.26666666666666666,3.75,1,1.0,2.75
da6b863cf684e0ae,2023-08-26,2023,UFC Fight Night: Holloway vs. The Korean Zombie,Song Kenan,Rolando Bedoya,blue,blue_ko,0.4040331180760288,0.2903623907176305,0.5049364160123677,0.35714285714285715,2.8,0,1.0,-1.0
de89bea7b0dcd2d3,2023-08-26,2023,UFC Fight Night: Holloway vs. The Korean Zombie,Rinya Nakamura,Fernie Garcia,red,red_dec,0.2427593678601975,0.1632010737951638,0.49699040601642364,0.2,5.0,1,1.0,4.0
de89bea7b0dcd2d3,2023-08-26,2023,UFC Fight Night: Holloway vs. The Korean Zombie,Rinya Nakamura,Fernie Garcia,red,red_sub,0.2369654814994858,0.1813345264390709,0.33794321751386835,0.2222222222222222,4.5,0,1.0,-1.0
0d41a3fa5efef91b,2023-09-02,2023,UFC Fight Night: Gane vs. Spivac,Morgan Charriere,Manolo Zecchini,red,red_dec,0.3116335845571591,0.2483674598782512,0.3148450309038485,0.3076923076923077,3.25,0,1.0,-1.0
dfa8fd0b82b37fa1,2023-09-02,2023,UFC Fight Night: Gane vs. Spivac,Benoit Saint Denis,Thiago Moises,red,red_dec,0.3128444700266629,0.230601252001747,0.41806483543761974,0.2857142857142857,3.5,0,1.0,-1.0
3e1c27f17433f9e4,2023-09-09,2023,UFC 293: Adesanya vs. Strickland,Tyson Pedro,Anton Turkalj,blue,blue_dec,0.2043990689487262,0.1570155028626702,0.32158060894540474,0.2,5.0,0,1.0,-1.0
a3d75cc363a6544b,2023-09-09,2023,UFC 293: Adesanya vs. Strickland,Carlos Ulberg,Da Woon Jung,red,red_dec,0.2280517987767306,0.168714723177807,0.3754191091438963,0.2,5.0,0,1.0,-1.0
697efaf0d162e877,2023-09-16,2023,UFC Fight Night: Grasso vs. Shevchenko 2,Kevin Holland,Jack Della Maddalena,red,red_dec,0.2505968265189035,0.1649824167121834,0.5261821374208522,0.2,5.0,0,1.0,-1.0
697efaf0d162e877,2023-09-16,2023,UFC Fight Night: Grasso vs. Shevchenko 2,Kevin Holland,Jack Della Maddalena,red,red_ko,0.2165975295103624,0.1649824167121834,0.33600823357506315,0.2,5.0,0,1.0,-1.0
7a0813ec0fadc84e,2023-09-16,2023,UFC Fight Night: Grasso vs. Shevchenko 2,Roman Kopylov,Josh Fremd,red,red_dec,0.2852585424524269,0.2069730790260847,0.42474349360503305,0.25,4.0,0,1.0,-1.0
a5d76e93a5052e3f,2023-09-16,2023,UFC Fight Night: Grasso vs. Shevchenko 2,Fernando Padilla,Kyle Nelson,red,red_dec,0.2541246775749284,0.2005288673424416,0.30625875678640946,0.25,4.0,0,1.0,-1.0
bf647be41de365e4,2023-09-23,2023,UFC Fight Night: Fiziev vs. Gamrot,Bryan Battle,AJ Fletcher,red,red_dec,0.3688964917352271,0.2439024390243902,0.5944483184357948,0.3076923076923077,3.25,0,1.0,-1.0
da1b37edb8ccd3e6,2023-09-23,2023,UFC Fight Night: Fiziev vs. Gamrot,Bryce Mitchell,Dan Ige,red,red_dec,0.5241217638931656,0.4359428639594939,0.35420637876534244,0.5348837209302325,1.8695652173913044,1,1.0,0.8695652173913044
eb76a5b76a68e4c4,2023-10-07,2023,UFC Fight Night: Dawson vs. Green,Alex Morono,Joaquin Buckley,blue,blue_dec,0.2224450705244414,0.1372648505697308,0.5867213800380815,0.16666666666666666,6.0,1,1.0,5.0
0d6d212fcdf47f2e,2023-10-14,2023,UFC Fight Night: Yusuff vs. Barboza,Jonathan Martinez,Adrian Yanez,red,red_ko,0.306643729375243,0.232419547079857,0.37884178449085004,0.2857142857142857,3.5,1,1.0,2.5
824859c7580eb35b,2023-10-14,2023,UFC Fight Night: Yusuff vs. Barboza,Sodiq Yusuff,Edson Barboza,red,red_ko,0.3532496193083856,0.2757158006362671,0.36102776274756665,0.3333333333333333,3.0,0,1.0,-1.0
0ea435ddf02deb60,2023-10-21,2023,UFC 294: Makhachev vs. Volkanovski 2,Islam Makhachev,Alexander Volkanovski,red,red_dec,0.3875456657681639,0.3025813383116212,0.37739507023128316,0.37735849056603776,2.65,0,1.0,-1.0
3c6fb6bf9b7afd40,2023-10-21,2023,UFC 294: Makhachev vs. Volkanovski 2,Mohammad Yahya,Trevor Peek,blue,blue_sub,0.0721731005180703,0.0543309022371547,0.30302177269563924,0.06666666666666667,15.0,0,1.0,-1.0
43de9ff6064361e1,2023-10-21,2023,UFC 294: Makhachev vs. Volkanovski 2,Abu Azaitar,Sedriques Dumas,blue,blue_ko,0.3723971608311794,0.2998641919420552,0.3259980258017714,0.36363636363636365,2.75,0,1.0,-1.0
119bc264e2bb9877,2023-11-04,2023,UFC Fight Night: Almeida vs. Lewis,Rodrigo Nascimento,Don'Tale Mayes,red,red_dec,0.2893004282059994,0.2296143656167206,0.31170587765302504,0.2857142857142857,3.5,1,1.0,2.5
3a81276a9641c6a1,2023-11-04,2023,UFC Fight Night: Almeida vs. Lewis,Gabriel Bonfim,Nicolas Dalby,red,red_dec,0.2519703538263815,0.1882699941869336,0.3731595337866114,0.23255813953488372,4.3,0,1.0,-1.0
7d474fbf31894108,2023-11-04,2023,UFC Fight Night: Almeida vs. Lewis,Caio Borralho,Abus Magomedov,red,red_dec,0.3202729743711187,0.253775577206339,0.32605846004927697,0.31746031746031744,3.1500000000000004,1,1.0,2.1500000000000004
ac37849f627a79c4,2023-11-04,2023,UFC Fight Night: Almeida vs. Lewis,Jailton Almeida,Derrick Lewis,red,red_ko,0.3712793261186379,0.2885706888654332,0.37560358423248497,0.35714285714285715,2.8,0,1.0,-1.0
128ab9aa4802c73f,2023-11-11,2023,UFC 295: Prochazka vs. Pereira,Diego Lopes,Pat Sabatini,blue,blue_dec,0.3188906678335174,0.2381501823048876,0.40397342408254866,0.29411764705882354,3.4,0,1.0,-1.0
6fd67582d8adb1c7,2023-11-11,2023,UFC 295: Prochazka vs. Pereira,Jessica Andrade,Mackenzie Dern,blue,blue_ko,0.1421202662809486,0.1027184063083627,0.36958814180353006,0.125,8.0,0,1.0,-1.0
a0362d60d2e1db0d,2023-11-11,2023,UFC 295: Prochazka vs. Pereira,Tabatha Ricci,Loopy Godinez,blue,blue_ko,0.1427578902679589,0.1004627993470322,0.39952263954747913,0.11764705882352941,8.5,0,1.0,-1.0
db49619221b282af,2023-11-11,2023,UFC 295: Prochazka vs. Pereira,Sergei Pavlovich,Tom Aspinall,blue,blue_dec,0.0831870363559386,0.0546099290780141,0.45156993502157317,0.06666666666666667,15.0,0,1.0,-1.0
2ae243f518948794,2023-11-18,2023,UFC Fight Night: Allen vs. Craig,Payton Talbott,Nick Aguirre,red,red_dec,0.4391939430754119,0.33867429287785,0.4247735731027976,0.4166666666666667,2.4,0,1.0,-1.0
62b64802ea49e2fd,2023-11-18,2023,UFC Fight Night: Allen vs. Craig,Jonathan Pearce,Joanderson Brito,red,red_dec,0.2701032042684242,0.1979343119096739,0.4051562678007241,0.25,4.0,0,1.0,-1.0
6997693d552600dd,2023-11-18,2023,UFC Fight Night: Allen vs. Craig,Lucie Pudilova,Ailin Perez,blue,blue_dec,0.5166510041782023,0.3937376121862681,0.4982568019412916,0.47619047619047616,2.1,1,1.0,1.1
7990b6716a53b2cd,2023-11-18,2023,UFC Fight Night: Allen vs. Craig,Brendan Allen,Paul Craig,red,red_dec,0.1476857432450921,0.1008088987679703,0.43540030462044377,0.125,8.0,0,1.0,-1.0
9abf0b60a44a82d1,2023-11-18,2023,UFC Fight Night: Allen vs. Craig,Charles Johnson,Rafael Estevam,blue,blue_dec,0.4207710225385129,0.2909000497265042,0.5714076800383936,0.43478260869565216,2.3000000000000003,1,1.0,1.3000000000000003
b210b99d9c1c9196,2023-11-18,2023,UFC Fight Night: Allen vs. Craig,Uros Medic,Myktybek Orolbai,red,red_dec,0.1977979703366347,0.1353750324085235,0.4541325792106541,0.16666666666666666,6.0,0,1.0,-1.0
c1aef0f60a5b62e3,2023-11-18,2023,UFC Fight Night: Allen vs. Craig,Chad Anheliger,Jose Johnson,blue,blue_dec,0.3502513744115874,0.2700661000944286,0.37635278883789425,0.3333333333333333,3.0,0,1.0,-1.0
02713b2d25f74d43,2023-12-02,2023,UFC Fight Night: Dariush vs. Tsarukyan,Punahele Soriano,Dustin Stoltzfus,red,red_dec,0.2615149412268843,0.2050319188884716,0.3170268439764834,0.25,4.0,0,1.0,-1.0
5ac1725f775c6f00,2023-12-09,2023,UFC Fight Night: Song vs. Gutierrez,Steve Garcia,Melquizael Costa,blue,blue_ko,0.501143814012291,0.3322946589415259,0.702400131821479,0.4166666666666667,2.4,0,1.0,-1.0
acde7c89bd724af8,2023-12-09,2023,UFC Fight Night: Song vs. Gutierrez,Rayanne dos Santos,Talita Alencar,red,red_dec,0.3581044054804437,0.2715809893307468,0.40301496279239923,0.3333333333333333,3.0,0,1.0,-1.0
f9ec8bedc15ece93,2023-12-09,2023,UFC Fight Night: Song vs. Gutierrez,Song Yadong,Chris Gutierrez,red,red_dec,0.3561184950780416,0.283991040848508,0.33249880451420655,0.23809523809523808,4.2,1,1.0,3.2
fbedeb4e4b019b94,2023-12-09,2023,UFC Fight Night: Song vs. Gutierrez,Tim Elliott,Sumudaerji,red,red_sub,0.3499128499854026,0.2802430079229541,0.32383422441116216,0.3333333333333333,3.0,1,1.0,2.0
0494ebcee93e717b,2024-01-13,2024,UFC Fight Night: Ankalaev vs. Walker 2,Westin Wilson,Jean Silva,blue,blue_ko,0.6697405205784965,0.5984623494840571,0.3079493966243449,0.7368421052631579,1.3571428571428572,1,1.0,0.3571428571428572
477c3b9de012e4b3,2024-01-13,2024,UFC Fight Night: Ankalaev vs. Walker 2,Farid Basharat,Taylor Lapilus,red,red_dec,0.5721379801871175,0.4719388199578073,0.402942216237898,0.574468085106383,1.7407407407407405,1,1.0,0.7407407407407405
5344e76e26503716,2024-01-13,2024,UFC Fight Night: Ankalaev vs. Walker 2,Nikolas Motta,Tom Nolan,blue,blue_dec,0.0859578579884436,0.0636942675159235,0.3238279689224166,0.07692307692307693,13.0,0,1.0,-1.0
640f2ae3995b3b4f,2024-01-13,2024,UFC Fight Night: Ankalaev vs. Walker 2,Jim Miller,Gabriel Benitez,red,red_dec,0.1923618193302664,0.1484257335829371,0.3122659043268934,0.18181818181818182,5.5,0,1.0,-1.0
1a7cd191f0cf160c,2024-01-20,2024,UFC 297: Strickland vs. Du Plessis,Arnold Allen,Movsar Evloev,blue,blue_dec,0.5631857116537583,0.4610339981755873,0.41028200277368987,0.5555555555555556,1.7999999999999998,1,1.0,0.7999999999999998
43d90683078fcee5,2024-01-20,2024,UFC 297: Strickland vs. Du Plessis,Serhiy Sidey,Ramon Taveras,red,red_dec,0.2346602658441581,0.1756756756756756,0.36374346541700575,0.2222222222222222,4.5,0,1.0,-1.0
330d86bfaa4155fe,2024-02-03,2024,UFC Fight Night: Dolidze vs. Imavov,Gilbert Urbina,Charles Radtke,red,red_dec,0.2989685969943726,0.2148760330578512,0.4435662112078921,0.26666666666666666,3.75,0,1.0,-1.0
733e675fd7c0052a,2024-02-03,2024,UFC Fight Night: Dolidze vs. Imavov,Renato Moicano,Drew Dober,red,red_dec,0.2582653360326509,0.1822089927827064,0.44644837849291075,0.2222222222222222,4.5,1,1.0,3.5
7b1882dc76786d77,2024-02-03,2024,UFC Fight Night: Dolidze vs. Imavov,Viviane Araujo,Natalia Silva,blue,blue_dec,0.5538389058580212,0.4787400479783055,0.30128488915228246,0.574468085106383,1.7407407407407405,1,1.0,0.7407407407407405
17050a7b673dc49d,2024-02-10,2024,UFC Fight Night: Hermansson vs. Pyfer,Robert Bryczek,Ihor Potieria,red,red_ko,0.5839940013539543,0.4718975832322652,0.45171928982549436,0.574468085106383,1.7407407407407405,0,1.0,-1.0
406f2aacd1d1faf9,2024-02-10,2024,UFC Fight Night: Hermansson vs. Pyfer,Jack Hermansson,Joe Pyfer,blue,blue_dec,0.1334999184511332,0.1011148865540297,0.3145365352812457,0.125,8.0,0,1.0,-1.0
5304956aada097e8,2024-02-10,2024,UFC Fight Night: Hermansson vs. Pyfer,Michael Johnson,Darrius Flowers,red,red_dec,0.2450156867859153,0.1791426743442098,0.39679202580575423,0.2222222222222222,4.5,1,1.0,3.5
8fb0092430448368,2024-02-17,2024,UFC 298: Volkanovski vs. Topuria,Geoff Neal,Ian Machado Garry,blue,blue_dec,0.4652047391015132,0.3639240506329114,0.4189664037808315,0.4444444444444444,2.25,1,1.0,1.25
9ddaa62cc806958d,2024-02-17,2024,UFC 298: Volkanovski vs. Topuria,Oban Elliott,Val Woodburn,red,red_ko,0.3220387286400301,0.2598085112809206,0.30254570583688245,0.31746031746031744,3.1500000000000004,0,1.0,-1.0
e92fb5c609e20b49,2024-02-17,2024,UFC 298: Volkanovski vs. Topuria,Rinya Nakamura,Carlos Vera,red,red_dec,0.3444786176729407,0.2683595053972855,0.3595628443599398,0.3333333333333333,3.0,1,1.0,2.0
ef13ed466e0b42d8,2024-02-17,2024,UFC 298: Volkanovski vs. Topuria,Josh Quinlan,Danny Barlow,blue,blue_dec,0.2885607536816257,0.208299574921477,0.4328213842818327,0.26666666666666666,3.75,0,1.0,-1.0
f87a3fa07f0009c9,2024-02-17,2024,UFC 298: Volkanovski vs. Topuria,Anthony Hernandez,Roman Kopylov,red,red_ko,0.2399134271758112,0.1640729781773348,0.4750757968339707,0.2,5.0,0,1.0,-1.0
3b05a4ced6dd74f5,2024-02-24,2024,UFC Fight Night: Moreno vs. Royval 2,Yair Rodriguez,Brian Ortega,red,red_dec,0.2989804266233644,0.2334863300738375,0.3365713002811793,0.2857142857142857,3.5,0,1.0,-1.0
673a156925dfb31d,2024-02-24,2024,UFC Fight Night: Moreno vs. Royval 2,Manuel Torres,Chris Duncan,red,red_dec,0.1104554426412445,0.0801226902072267,0.35458382195066473,0.1,10.0,0,1.0,-1.0
6e4acb2aaa2cee56,2024-02-24,2024,UFC Fight Night: Moreno vs. Royval 2,Yazmin Jauregui,Sam Hughes,red,red_dec,0.5600713209714713,0.461300731718402,0.3965588084501183,0.5555555555555556,1.7999999999999998,1,1.0,0.7999999999999998
a376f6d5806d0c90,2024-02-24,2024,UFC Fight Night: Moreno vs. Royval 2,Claudio Puelles,Fares Ziam,blue,blue_ko,0.3181973840261134,0.2508298495854224,0.3321230068154347,0.3076923076923077,3.25,0,1.0,-1.0
d1d3b6ab8a56e973,2024-02-24,2024,UFC Fight Night: Moreno vs. Royval 2,Jesus Aguilar,Mateus Mendonca,blue,blue_dec,0.2528045798735939,0.1758241758241758,0.46118941247901146,0.2222222222222222,4.5,0,1.0,-1.0
ecbece0cbd60029e,2024-02-24,2024,UFC Fight Night: Moreno vs. Royval 2,Daniel Zellhuber,Francisco Prado,red,red_dec,0.4274149934281362,0.3205165835045495,0.45899302553688787,0.4,2.5,1,1.0,1.5
024beecfd3f0ed7a,2024-03-02,2024,UFC Fight Night: Rozenstruik vs. Gaziev,Matt Schnell,Steve Erceg,blue,blue_dec,0.2911804385920635,0.2160878598990798,0.3989540061687915,0.26666666666666666,3.75,0,1.0,-1.0
32bd7ed48f5aea7e,2024-03-02,2024,UFC Fight Night: Rozenstruik vs. Gaziev,Eryk Anders,Jamie Pickett,red,red_dec,0.4595673817577231,0.3704000499366513,0.36841658901181007,0.45454545454545453,2.2,1,1.0,1.2000000000000002
838fd9d2b14e0790,2024-03-02,2024,UFC Fight Night: Rozenstruik vs. Gaziev,Jairzinho Rozenstruik,Shamil Gaziev,blue,blue_dec,0.0951706750703843,0.0623141510513666,0.45915195808802256,0.07692307692307693,13.0,0,1.0,-1.0
a7d397cd0f2ac93a,2024-03-02,2024,UFC Fight Night: Rozenstruik vs. Gaziev,Aiemann Zahabi,Javid Basharat,blue,blue_dec,0.5815966522619165,0.4945275854366763,0.35122178847958285,0.6,1.6666666666666667,0,1.0,-1.0
dcf5014e56649c2f,2024-03-02,2024,UFC Fight Night: Rozenstruik vs. Gaziev,Umar Nurmagomedov,Bekzat Almakhan,red,red_dec,0.3892494161383236,0.3130308248735513,0.33551939932380576,0.37735849056603776,2.65,1,1.0,1.65
df3cc5ec78d05a71,2024-03-02,2024,UFC Fight Night: Rozenstruik vs. Gaziev,Vitor Petrino,Tyson Pedro,red,red_dec,0.2758935625040074,0.2120481927710843,0.34770010995899114,0.26666666666666666,3.75,1,1.0,2.75
0133019a4f1055ee,2024-03-09,2024,UFC 299: O'Malley vs. Vera 2,Curtis Blaydes,Jailton Almeida,blue,blue_dec,0.1932166592275408,0.1482997139028718,0.31875635669813684,0.18181818181818182,5.5,0,1.0,-1.0
270edfb687c0d20c,2024-03-09,2024,UFC 299: O'Malley vs. Vera 2,Kevin Holland,Michael Page,red,red_dec,0.345099549397173,0.2784810126582279,0.31135849859059317,0.3333333333333333,3.0,0,1.0,-1.0
8baff440b82afd2b,2024-03-09,2024,UFC 299: O'Malley vs. Vera 2,Mateusz Gamrot,Rafael Dos Anjos,red,red_dec,0.5998471327581587,0.5166567888302345,0.3381763825844865,0.6363636363636364,1.5714285714285714,1,1.0,0.5714285714285714
cbdf29f36b343f6f,2024-03-09,2024,UFC 299: O'Malley vs. Vera 2,Robelis Despaigne,Josh Parisian,red,red_dec,0.0689568858336513,0.04871816710672,0.36893425174370753,0.058823529411764705,17.0,0,1.0,-1.0
ebb758b49e82d0ed,2024-03-09,2024,UFC 299: O'Malley vs. Vera 2,Pedro Munhoz,Kyler Phillips,blue,blue_dec,0.6054083363855085,0.4523924601256646,0.6190604838903365,0.5454545454545454,1.8333333333333335,1,1.0,0.8333333333333335
8bc0c220f7dcefa7,2024-03-16,2024,UFC Fight Night: Tuivasa vs. Tybura,Tai Tuivasa,Marcin Tybura,red,red_dec,0.0756163184451135,0.0491365716073901,0.4593117341227506,0.058823529411764705,17.0,0,1.0,-1.0
127be512f86618b2,2024-03-23,2024,UFC Fight Night: Ribas vs. Namajunas,Payton Talbott,Cameron Saaiman,red,red_dec,0.423078272963054,0.3117271470618658,0.4819076734837862,0.37735849056603776,2.65,0,1.0,-1.0
a1294453a28beda3,2024-03-23,2024,UFC Fight Night: Ribas vs. Namajunas,Fernando Padilla,Luis Pajuelo,red,red_dec,0.2898217120466519,0.2311339391544843,0.3056693150841322,0.2857142857142857,3.5,0,1.0,-1.0
de12349f334c964e,2024-03-30,2024,UFC Fight Night: Blanchfield vs. Fiorot,Vicente Luque,Joaquin Buckley,red,red_dec,0.1792752399087523,0.1369737313408808,0.31939043830979097,0.16666666666666666,6.0,0,1.0,-1.0
e30250daa73005a8,2024-03-30,2024,UFC Fight Night: Blanchfield vs. Fiorot,Nursulton Ruziboev,Sedriques Dumas,red,red_dec,0.1206196570604204,0.0894916587694673,0.3332823986392679,0.1111111111111111,9.0,0,1.0,-1.0
e30250daa73005a8,2024-03-30,2024,UFC Fight Night: Blanchfield vs. Fiorot,Nursulton Ruziboev,Sedriques Dumas,red,red_sub,0.392465069397139,0.3221699715700825,0.3068551582859519,0.4,2.5,0,1.0,-1.0
32375b4435fea5e6,2024-04-06,2024,UFC Fight Night: Allen vs. Curtis 2,Morgan Charriere,Chepe Mariscal,red,red_dec,0.3389654719955212,0.2704911004857246,0.3242245450242637,0.31746031746031744,3.1500000000000004,0,1.0,-1.0
3ce96bb0c69b39be,2024-04-06,2024,UFC Fight Night: Allen vs. Curtis 2,Brendan Allen,Chris Curtis,red,red_ko,0.1379954181828009,0.105347104955739,0.30713505371045047,0.125,8.0,0,1.0,-1.0
3cf5e0ebb5f8322c,2024-04-06,2024,UFC Fight Night: Allen vs. Curtis 2,Dylan Budka,Cesar Almeida,red,red_dec,0.3804848959211147,0.3066446307321638,0.3283625429518735,0.37735849056603776,2.65,0,1.0,-1.0
ff5a8078ea85bbc7,2024-04-06,2024,UFC Fight Night: Allen vs. Curtis 2,Valter Walker,Lukasz Brzeski,red,red_dec,0.2733317385610309,0.2065809358159162,0.3678754149339942,0.25,4.0,0,1.0,-1.0
0a85b3ad328205ff,2024-04-27,2024,UFC Fight Night: Nicolau vs. Perez,James Llontop,Chris Padilla,red,red_dec,0.3035087641694156,0.2350566866504422,0.3493303031393268,0.2857142857142857,3.5,0,1.0,-1.0
417049c7a3d65ccc,2024-04-27,2024,UFC Fight Night: Nicolau vs. Perez,Don'Tale Mayes,Caio Machado,blue,blue_dec,0.3628145065764336,0.2952755905511811,0.306728583147599,0.35714285714285715,2.8,0,1.0,-1.0
6ea77cb62aa2f276,2024-04-27,2024,UFC Fight Night: Nicolau vs. Perez,Tim Means,Uros Medic,blue,blue_dec,0.2514990007589352,0.1828403813248594,0.4065873860018221,0.2222222222222222,4.5,0,1.0,-1.0
7ca5604d99220e88,2024-04-27,2024,UFC Fight Night: Nicolau vs. Perez,Jonathan Pearce,David Onama,red,red_dec,0.3982839987186221,0.2709677419354839,0.5770979405399921,0.3333333333333333,3.0,0,1.0,-1.0
2db0998b24c11ea0,2024-05-04,2024,UFC 301: Pantoja vs. Erceg,Paul Craig,Caio Borralho,blue,blue_dec,0.3901344492168622,0.2959028831562974,0.4201378906365837,0.36363636363636365,2.75,0,1.0,-1.0
8a121f9c48f3773c,2024-05-04,2024,UFC 301: Pantoja vs. Erceg,Elves Brener,Myktybek Orolbai,blue,blue_dec,0.4671314066781569,0.3693648187902513,0.40327846185178046,0.45454545454545453,2.2,1,1.0,1.2000000000000002
13d8d5cd83e5b57e,2024-05-11,2024,UFC Fight Night: Lewis vs. Nascimento,Tabatha Ricci,Tecia Pennington,red,red_dec,0.524967943079275,0.4306423071018204,0.3791859491827687,0.5,2.0,1,1.0,1.0
4b45f190122a1ce1,2024-05-11,2024,UFC Fight Night: Lewis vs. Nascimento,Charles Johnson,Jake Hadley,red,red_dec,0.3686091296254499,0.2755905511811024,0.42825221218795084,0.3333333333333333,3.0,1,1.0,2.0
ec5d705232983b87,2024-05-11,2024,UFC Fight Night: Lewis vs. Nascimento,Billy Ray Goff,Trey Waters,blue,blue_dec,0.2453723920250166,0.1618951906166113,0.5207466400847727,0.2,5.0,1,1.0,4.0
3b12094dd48c2dc5,2024-06-08,2024,UFC Fight Night: Cannonier vs. Imavov,Julian Marquez,Zachary Reese,red,red_dec,0.1632255425037669,0.118705035971223,0.3703290209813075,0.14285714285714285,7.0,0,1.0,-1.0
b34abcfe4c2e8a57,2024-06-08,2024,UFC Fight Night: Cannonier vs. Imavov,Raul Rosas Jr.,Ricky Turcios,red,red_sub,0.3667467014768155,0.2756514872334825,0.41993623270432556,0.3333333333333333,3.0,1,1.0,2.0
dcc0c53100fa1dd2,2024-06-08,2024,UFC Fight Night: Cannonier vs. Imavov,Brunno Ferreira,Dustin Stoltzfus,red,red_dec,0.1528785612198926,0.1096837754607022,0.38177508007728367,0.13333333333333333,7.5,0,1.0,-1.0
94f5b35b2b6c72b1,2024-06-15,2024,UFC Fight Night: Perez vs. Taira,Melquizael Costa,Shayilan Nuerdanbieke,red,red_dec,0.363068464851674,0.2892030848329048,0.33718685455340835,0.35714285714285715,2.8,0,1.0,-1.0
8bd5f20f49434c65,2024-06-22,2024,UFC Fight Night: Whittaker vs. Aliskerov,Muhammad Naimov,Felipe Lima,red,red_dec,0.2751444681185572,0.2054641508185056,0.38381046621009185,0.25,4.0,0,1.0,-1.0
8ddd53a7ed3754d5,2024-06-22,2024,UFC Fight Night: Whittaker vs. Aliskerov,Kelvin Gastelum,Daniel Rodriguez,red,red_dec,0.5030959555189809,0.3937007874015748,0.44416639676936703,0.47619047619047616,2.1,1,1.0,1.1
cd3bb8a2824fbf22,2024-06-22,2024,UFC Fight Night: Whittaker vs. Aliskerov,Sergei Pavlovich,Alexander Volkov,red,red_dec,0.174663572834777,0.1175021488892236,0.4633703209706608,0.14285714285714285,7.0,0,1.0,-1.0
de1acb6803ab3f14,2024-06-22,2024,UFC Fight Night: Whittaker vs. Aliskerov,Rinat Fakhretdinov,Nicolas Dalby,red,red_dec,0.5892592310487011,0.4575306479859894,0.5311916416608886,0.5555555555555556,1.7999999999999998,1,1.0,0.7999999999999998
eba46dbf9cdd83c0,2024-06-22,2024,UFC Fight Night: Whittaker vs. Aliskerov,Robert Whittaker,Ikram Aliskerov,red,red_dec,0.3188053181438915,0.2417185644704001,0.38401299784475795,0.29411764705882354,3.4,0,1.0,-1.0
5f8a92f10e5451ce,2024-06-29,2024,UFC 303: Pereira vs. Prochazka 2,Payton Talbott,Yanis Ghemmouri,red,red_dec,0.3338335167550869,0.2539393983999529,0.38681398445266857,0.3076923076923077,3.25,0,1.0,-1.0
bca5d01f8775f852,2024-06-29,2024,UFC 303: Pereira vs. Prochazka 2,Alex Pereira,Jiri Prochazka,red,red_dec,0.1454690209584646,0.1101739588824459,0.3183758168615711,0.13333333333333333,7.5,0,1.0,-1.0
fbf77262d8da342b,2024-06-29,2024,UFC 303: Pereira vs. Prochazka 2,Ian Machado Garry,Michael Page,red,red_dec,0.4373102951786559,0.360386384933524,0.3216021907159526,0.43478260869565216,2.3000000000000003,1,1.0,1.3000000000000003
54de03e04f571735,2024-07-13,2024,UFC Fight Night: Namajunas vs. Cortez,Drew Dober,Jean Silva,red,red_dec,0.1951214605917828,0.1494207138677589,0.32208257650401606,0.18181818181818182,5.5,0,1.0,-1.0
dad759ec50508147,2024-07-13,2024,UFC Fight Night: Namajunas vs. Cortez,Gabriel Bonfim,Ange Loosa,red,red_dec,0.3397003831440826,0.2039821390054424,0.6969594940244445,0.25,4.0,1,1.0,3.0
94541dd979e0b4bd,2024-07-20,2024,UFC Fight Night: Lemos vs. Jandiroba,Cody Durden,Bruno Silva,blue,blue_ko,0.1660311497048226,0.1270024809035091,0.31370546076228645,0.15384615384615385,6.5,1,1.0,5.5
9eaa33f874bbb999,2024-07-20,2024,UFC Fight Night: Lemos vs. Jandiroba,Kurt Holobaugh,Kaynan Kruschewsky,blue,blue_dec,0.2875101683965002,0.2019200667849316,0.4668294366076853,0.25,4.0,0,1.0,-1.0
ec8bc554a0646638,2024-07-20,2024,UFC Fight Night: Lemos vs. Jandiroba,Dooho Choi,Bill Algeo,blue,blue_ko,0.1652883421848051,0.123135335946386,0.34367375270368816,0.15384615384615385,6.5,0,1.0,-1.0
8a2e28da18ba6a25,2024-07-27,2024,UFC 304: Edwards vs. Muhammad 2,Arnold Allen,Giga Chikadze,red,red_dec,0.548134714241379,0.4363512349224584,0.4491207874176204,0.5238095238095238,1.909090909090909,1,1.0,0.909090909090909
d6e240c47ba6034d,2024-07-27,2024,UFC 304: Edwards vs. Muhammad 2,Muhammad Mokaev,Manel Kape,red,red_dec,0.4650812283051587,0.3686635944700461,0.3980514592521538,0.4444444444444444,2.25,1,1.0,1.25
2d39c26876246223,2024-08-03,2024,UFC Fight Night: Sandhagen vs. Nurmagomedov,Tony Ferguson,Michael Chiesa,blue,blue_dec,0.4371713527871743,0.3430053174030066,0.3972799800189333,0.4166666666666667,2.4,0,1.0,-1.0
33655fd07cfbe034,2024-08-03,2024,UFC Fight Night: Sandhagen vs. Nurmagomedov,Cory Sandhagen,Umar Nurmagomedov,blue,blue_dec,0.4714594989866298,0.394075447757552,0.31592685822178646,0.47619047619047616,2.1,1,1.0,1.1
637f792270a0c746,2024-08-03,2024,UFC Fight Night: Sandhagen vs. Nurmagomedov,Shamil Gaziev,Don'Tale Mayes,red,red_dec,0.3245247543601141,0.20227303477202,0.6390932551540051,0.25,4.0,1,1.0,3.0
d0d74672150ddea3,2024-08-03,2024,UFC Fight Night: Sandhagen vs. Nurmagomedov,Mackenzie Dern,Loopy Godinez,red,red_dec,0.3156643811992176,0.2433121223292567,0.36083687673156584,0.29411764705882354,3.4,1,1.0,2.4
de767dd5216bcad9,2024-08-03,2024,UFC Fight Night: Sandhagen vs. Nurmagomedov,Joel Alvarez,Elves Brener,red,red_dec,0.2031401309219887,0.1464991023339317,0.3955444936157604,0.18181818181818182,5.5,0,1.0,-1.0
e6851877e33d343f,2024-08-03,2024,UFC Fight Night: Sandhagen vs. Nurmagomedov,Sedriques Dumas,Denis Tiuliulin,red,red_dec,0.3334735151713183,0.2427072285771196,0.44537760600455656,0.29411764705882354,3.4,1,1.0,2.4
f80143e1f3c3d319,2024-08-03,2024,UFC Fight Night: Sandhagen vs. Nurmagomedov,Viktoriia Dudakova,Sam Hughes,red,red_dec,0.5721752706390205,0.4442689911956135,0.5145859258289806,0.5348837209302325,1.8695652173913044,0,1.0,-1.0
6c44af21414e4143,2024-08-17,2024,UFC 305: Du Plessis vs. Adesanya,Dricus Du Plessis,Israel Adesanya,red,red_dec,0.2316843066697582,0.1666158071406774,0.41097913591511115,0.2,5.0,0,1.0,-1.0
b9d5c77ae7a8109b,2024-08-17,2024,UFC 305: Du Plessis vs. Adesanya,Casey O'Neill,Luana Santos,blue,blue_dec,0.4390397996541282,0.3587792187621341,0.33560673023081855,0.43478260869565216,2.3000000000000003,0,1.0,-1.0
bf8c5effd23f69c4,2024-08-17,2024,UFC 305: Du Plessis vs. Adesanya,Kai Kara-France,Steve Erceg,blue,blue_ko,0.1866810041018273,0.1186559199146148,0.5334981287365732,0.14285714285714285,7.0,0,1.0,-1.0
bfff6cf22c1c569c,2024-08-17,2024,UFC 305: Du Plessis vs. Adesanya,Jack Jenkins,Herbert Burns,red,red_ko,0.6667335039206614,0.5861870287331846,0.345223174492156,0.7142857142857143,1.4,1,1.0,0.3999999999999999
ea4ff1d77928b029,2024-08-17,2024,UFC 305: Du Plessis vs. Adesanya,Junior Tafa,Valter Walker,blue,blue_dec,0.389584583595883,0.2417843453312869,0.6938629214295946,0.29411764705882354,3.4,0,1.0,-1.0
15805ae1eea3343e,2024-08-24,2024,UFC Fight Night: Cannonier vs. Borralho,Jared Cannonier,Caio Borralho,blue,blue_dec,0.4128985170789009,0.3209376266325863,0.39747034177588836,0.4,2.5,1,1.0,1.5
560f1e26c2a6690a,2024-08-24,2024,UFC Fight Night: Cannonier vs. Borralho,Dennis Buzukja,Francis Marshall,blue,blue_dec,0.47653529504253,0.342327829238824,0.5590099285270866,0.4166666666666667,2.4,1,1.0,1.4
5c5523a6bf83e44f,2024-08-24,2024,UFC Fight Night: Cannonier vs. Borralho,Robert Valentin,Ryan Loder,red,red_dec,0.2655420759809892,0.1937061796836784,0.40874634176009894,0.23255813953488372,4.3,0,1.0,-1.0
70afe9e0d2422252,2024-08-24,2024,UFC Fight Night: Cannonier vs. Borralho,Angela Hill,Tabatha Ricci,blue,blue_dec,0.5300610120119661,0.4200494726770888,0.44295954919265756,0.5,2.0,1,1.0,1.0
903d588b30a471e8,2024-08-24,2024,UFC Fight Night: Cannonier vs. Borralho,Jacqueline Cavalcanti,Josiane Nunes,red,red_dec,0.5677374938309425,0.4747326849328389,0.37378152378348284,0.574468085106383,1.7407407407407405,1,1.0,0.7407407407407405
0c418b9cdfd525c9,2024-09-07,2024,UFC Fight Night: Burns vs. Brady,Zygimantas Ramaska,Nathan Fletcher,blue,blue_dec,0.2290061079844994,0.1635012386457473,0.4184726978010149,0.2,5.0,0,1.0,-1.0
f1613b372748c8bb,2024-09-07,2024,UFC Fight Night: Burns vs. Brady,Jaqueline Amorim,Vanessa Demopoulos,red,red_dec,0.4859622583981192,0.3943558394999309,0.3728732453306605,0.47619047619047616,2.1,0,1.0,-1.0
fe59646ebad8b6e4,2024-09-07,2024,UFC Fight Night: Burns vs. Brady,Matt Schnell,Cody Durden,blue,blue_dec,0.3271600624608554,0.247030608280326,0.3934544011065182,0.3076923076923077,3.25,0,1.0,-1.0
2335e75ce63805b6,2024-09-14,2024,UFC 306: Riyadh Season Noche UFC,Brian Ortega,Diego Lopes,blue,blue_ko,0.3054953591264635,0.2327026825448126,0.37184850786709356,0.2857142857142857,3.5,0,1.0,-1.0
2397e2a92710705a,2024-09-14,2024,UFC 306: Riyadh Season Noche UFC,Irene Aldana,Norma Dumont,blue,blue_dec,0.4697031955402243,0.3632968824371779,0.4397472636547229,0.43478260869565216,2.3000000000000003,1,1.0,1.3000000000000003
27d98a8ee6608e27,2024-09-14,2024,UFC 306: Riyadh Season Noche UFC,Daniel Zellhuber,Esteban Ribovics,red,red_dec,0.4785630308538193,0.3751182565270805,0.4245206199306387,0.45454545454545453,2.2,0,1.0,-1.0
3733d100f7bd5590,2024-09-14,2024,UFC 306: Riyadh Season Noche UFC,Manuel Torres,Ignacio Bahamondes,red,red_dec,0.1479113645344653,0.1096435580302131,0.34330980872389505,0.13333333333333333,7.5,0,1.0,-1.0
c60a317c7767abb7,2024-09-14,2024,UFC 306: Riyadh Season Noche UFC,Yazmin Jauregui,Ketlen Souza,red,red_dec,0.6165005707692998,0.5147033252884676,0.41589085302517764,0.6226415094339622,1.6060606060606062,0,1.0,-1.0
e01019fbfe0e9528,2024-09-28,2024,UFC Fight Night: Moicano vs. Saint Denis,Ludovit Klein,Roosevelt Roberts,red,red_dec,0.349847908389033,0.2756173329402961,0.34659855956735597,0.3333333333333333,3.0,1,1.0,2.0
69bca5091b2a31f6,2024-10-05,2024,UFC 307: Pereira vs. Rountree Jr.,Stephen Thompson,Joaquin Buckley,blue,blue_dec,0.4571141046552175,0.3604512207184054,0.40144013915538923,0.43478260869565216,2.3000000000000003,0,1.0,-1.0
eb73b63bbd7b88a7,2024-10-05,2024,UFC 307: Pereira vs. Rountree Jr.,Marina Rodriguez,Iasmin Lucindo,blue,blue_dec,0.4794448098640636,0.392905530237714,0.35284808392452527,0.47619047619047616,2.1,1,1.0,1.1
de484433eef22e1d,2024-10-12,2024,UFC Fight Night: Royval vs. Taira,Clayton Carpenter,Lucas Rocha,red,red_dec,0.4670156294141935,0.3877414063082544,0.32468671768736657,0.47619047619047616,2.1,0,1.0,-1.0
f690949d90ff1dee,2024-10-12,2024,UFC Fight Night: Royval vs. Taira,Daniel Rodriguez,Alex Morono,red,red_dec,0.3985788254448482,0.3111847498402237,0.38319611166551537,0.37735849056603776,2.65,1,1.0,1.65
0599f35e6679de02,2024-10-19,2024,UFC Fight Night: Hernandez vs. Pereira,Darren Elkins,Daniel Pineda,red,red_dec,0.2938342049416799,0.2117748173614095,0.43742591829039357,0.26666666666666666,3.75,1,1.0,2.75
4277b02a4dadac40,2024-10-19,2024,UFC Fight Night: Hernandez vs. Pereira,Melissa Martinez,Alice Ardelean,red,red_dec,0.4925260604000473,0.4102759567007166,0.33292672052086847,0.5,2.0,1,1.0,1.0
a2f2c64f9fb3fb1c,2024-10-19,2024,UFC Fight Night: Hernandez vs. Pereira,Anthony Hernandez,Michel Pereira,red,red_dec,0.1254464226971003,0.0948094234820915,0.31444189302303704,0.11764705882352941,8.5,0,1.0,-1.0
a2f2c64f9fb3fb1c,2024-10-19,2024,UFC Fight Night: Hernandez vs. Pereira,Anthony Hernandez,Michel Pereira,red,red_ko,0.2001699940707618,0.1465236544723233,0.3768987111624591,0.18181818181818182,5.5,1,1.0,4.5
f01b97e864cb4b8b,2024-10-19,2024,UFC Fight Night: Hernandez vs. Pereira,Rob Font,Kyler Phillips,blue,blue_dec,0.5772860730361155,0.4506065857885615,0.5098624256665273,0.5555555555555556,1.7999999999999998,0,1.0,-1.0
781a2ea50f5ae68f,2024-10-26,2024,UFC 308: Topuria vs. Holloway,Ibo Aslan,Rafael Cerqueira,red,red_dec,0.1480793390397381,0.108739856014948,0.3539327689851359,0.13333333333333333,7.5,0,1.0,-1.0
b8bf186f884678ea,2024-10-26,2024,UFC 308: Topuria vs. Holloway,Robert Whittaker,Khamzat Chimaev,blue,blue_dec,0.1768683332018326,0.1280714878281943,0.3804082361210377,0.15384615384615385,6.5,0,1.0,-1.0
cc11a0762f246fa4,2024-10-26,2024,UFC 308: Topuria vs. Holloway,Lerone Murphy,Dan Ige,red,red_dec,0.6179159232638612,0.52799983713134,0.3685950765504239,0.6363636363636364,1.5714285714285714,1,1.0,0.5714285714285714
df7928de73fc2fe8,2024-10-26,2024,UFC 308: Topuria vs. Holloway,Kennedy Nzechukwu,Chris Barnett,red,red_dec,0.2540682175382651,0.1830880137152064,0.4185330269888934,0.2222222222222222,4.5,0,1.0,-1.0
18729b11614406bf,2024-11-02,2024,UFC Fight Night: Moreno vs. Albazi,Erin Blanchfield,Rose Namajunas,red,red_dec,0.4492210952368449,0.3453206284888199,0.43585397995938335,0.4166666666666667,2.4,1,1.0,1.4
7edf2fe3a8776a44,2024-11-02,2024,UFC Fight Night: Moreno vs. Albazi,Caio Machado,Brendson Ribeiro,red,red_dec,0.2870686253555087,0.203883495145631,0.45253294241788733,0.25,4.0,0,1.0,-1.0
d29a82322bb083d9,2024-11-02,2024,UFC Fight Night: Moreno vs. Albazi,Mike Malott,Trevin Giles,red,red_dec,0.3173554553417933,0.2198327925538213,0.5006892059213985,0.26666666666666666,3.75,1,1.0,2.75
154138c8fc89c315,2024-11-09,2024,UFC Fight Night: Magny vs. Prates,Gerald Meerschaert,Reinier de Ridder,blue,blue_ko,0.2160705480964634,0.148176993624595,0.46025723857311274,0.18181818181818182,5.5,0,1.0,-1.0
e6685759ed2af90d,2024-11-09,2024,UFC Fight Night: Magny vs. Prates,Gaston Bolanos,Cortavious Romious,blue,blue_ko,0.2330339366854959,0.1489969917556892,0.5512310869233172,0.18181818181818182,5.5,0,1.0,-1.0
35c8223cc967fe0a,2024-11-16,2024,UFC 309: Jones vs. Miocic,Jim Miller,Damon Jackson,blue,blue_dec,0.44821444089981,0.3558069519204452,0.38572242110565313,0.43478260869565216,2.3000000000000003,0,1.0,-1.0
55eebc2ee92bf00a,2024-11-16,2024,UFC 309: Jones vs. Miocic,Mauricio Ruffy,James Llontop,red,red_dec,0.419147347234566,0.2914056949298294,0.5622921257694076,0.35714285714285715,2.8,1,1.0,1.7999999999999998
9676a4e9362e4bfd,2024-11-16,2024,UFC 309: Jones vs. Miocic,Bassil Hafez,Oban Elliott,blue,blue_dec,0.6131017032187469,0.4990306320279178,0.464246450077936,0.6,1.6666666666666667,0,1.0,-1.0
c565e2baa27cc7e5,2024-11-16,2024,UFC 309: Jones vs. Miocic,David Onama,Roberto Romero,red,red_dec,0.2805370189894113,0.2197820824527112,0.32513735824236734,0.26666666666666666,3.75,1,1.0,2.75
02ec66f311dce539,2024-11-23,2024,UFC Fight Night: Yan vs. Figueiredo,Volkan Oezdemir,Carlos Ulberg,blue,blue_dec,0.3020309924308458,0.2386992619926199,0.3221789621931189,0.29411764705882354,3.4,1,1.0,2.4
56d2c00dfd391fcf,2024-11-23,2024,UFC Fight Night: Yan vs. Figueiredo,Zhang Mingyang,Ozzy Diaz,red,red_dec,0.1153798762173882,0.0879957656172936,0.30142757949953847,0.1111111111111111,9.0,0,1.0,-1.0
5dab54e34c2cfe01,2024-11-23,2024,UFC Fight Night: Yan vs. Figueiredo,Nyamjargal Tumendemberel,Carlos Hernandez,red,red_dec,0.221096281059211,0.1493945345726172,0.48006854368671226,0.18181818181818182,5.5,0,1.0,-1.0
64d6d51219e0664c,2024-11-23,2024,UFC Fight Night: Yan vs. Figueiredo,Wang Cong,Gabriella Fernandes,red,red_dec,0.5937018698193417,0.4626539519553826,0.5289530158650166,0.5238095238095238,1.909090909090909,0,1.0,-1.0
f5f28a8b472b8012,2024-11-23,2024,UFC Fight Night: Yan vs. Figueiredo,Xiao Long,Quang Le,red,red_dec,0.3762987385878274,0.3020592328375403,0.33222294444871936,0.3508771929824561,2.85,0,1.0,-1.0
0292b9c31c0089ac,2024-12-07,2024,UFC 310: Pantoja vs. Asakura,Bryce Mitchell,Kron Gracie,red,red_dec,0.6251210377298723,0.54821995654354,0.3178609296625251,0.6666666666666666,1.5,0,1.0,-1.0
4914f7bd073c6359,2024-12-07,2024,UFC 310: Pantoja vs. Asakura,Vicente Luque,Themba Gorimbo,red,red_dec,0.2260323076746676,0.1486542634227413,0.5143428988678471,0.18181818181818182,5.5,0,1.0,-1.0
4914f7bd073c6359,2024-12-07,2024,UFC 310: Pantoja vs. Asakura,Vicente Luque,Themba Gorimbo,red,red_ko,0.163180414451729,0.1167997784035824,0.38833868077448397,0.14285714285714285,7.0,0,1.0,-1.0
97caf8fca9d9603b,2024-12-07,2024,UFC 310: Pantoja vs. Asakura,Dominick Reyes,Anthony Smith,red,red_dec,0.2989215165238104,0.2334507042253521,0.3364892833638665,0.2857142857142857,3.5,0,1.0,-1.0
a5c57b0f49e9f61c,2024-12-07,2024,UFC 310: Pantoja vs. Asakura,Michael Chiesa,Max Griffin,red,red_dec,0.3832255733682679,0.2726505346088914,0.5053365952416806,0.3333333333333333,3.0,0,1.0,-1.0
df30514e0674d598,2024-12-07,2024,UFC 310: Pantoja vs. Asakura,Movsar Evloev,Aljamain Sterling,red,red_dec,0.5650867866370062,0.4803400295432866,0.3405132690733238,0.574468085106383,1.7407407407407405,1,1.0,0.7407407407407405
eb94412f15c62650,2024-12-07,2024,UFC 310: Pantoja vs. Asakura,Kennedy Nzechukwu,Lukasz Brzeski,red,red_dec,0.2771064530927477,0.2067514877898625,0.3857587912017173,0.25,4.0,0,1.0,-1.0
e5f9d59d00fe3c73,2024-12-14,2024,UFC Fight Night: Covington vs. Buckley,Miranda Maverick,Jamey-Lyn Horth,red,red_dec,0.6980600413694736,0.6247358716412906,0.3283780983775988,0.7468354430379747,1.3389830508474576,1,1.0,0.3389830508474576
