fight_id,date,won,market_p,model_p
0165bd3c26f0c076,2021-01-16,1,0.6255648805681084,0.6418549770609367
358f816aff469270,2021-01-16,1,0.4145990075236113,0.3848685473575563
3d903bc35023f50a,2021-01-16,0,0.33880903490759745,0.3619807531326459
3fcd53eb27945231,2021-01-16,0,0.30549898167006106,0.29270302642864243
6b0da0b1cda7799f,2021-01-16,1,0.610215999437135,0.6839682464007258
775c1f401815bbd8,2021-01-16,0,0.6984924623115577,0.6841358160378295
97ad63e644757cf4,2021-01-16,0,0.5,0.4794201415929688
97c80f69ac312030,2021-01-16,0,0.6611909650924026,0.6697055938301524
a4817b7e46028b4a,2021-01-16,1,0.5954042868614491,0.6541952576142378
aeb7ff8ce6e1beac,2021-01-16,0,0.7191400832177531,0.7084821846696503
031e6624f96aceb8,2021-01-20,0,0.599271402550091,0.5705378729545435
11558384f80f6506,2021-01-20,1,0.7998411437648929,0.8373292153693821
4abcf14faa7f92f2,2021-01-20,1,0.7619047619047619,0.7625362226885796
4e451881e0e47b05,2021-01-20,1,0.5776397515527951,0.5827686073834695
4f6d3cdf2c77fb57,2021-01-20,1,0.5459837019790454,0.5421918126353809
57e784028ef2c17d,2021-01-20,1,0.46324269889224573,0.5277371746268408
61bedad39b15db7a,2021-01-20,1,0.4323570432357044,0.44670436971578703
76b61ff4c9760f79,2021-01-20,1,0.5585430102643292,0.5499421214385295
a003e8305d4dbdc8,2021-01-20,0,0.26508226691042047,0.28461310254727273
ac475de5a3d0d7e2,2021-01-20,1,0.4167202986227314,0.49457111357488404
ae38fb2a6b6a0cc1,2021-01-20,0,0.3517587939698492,0.3859031617183894
d27ac1bc677b89cf,2021-01-20,1,0.7191400832177531,0.776335576625024
dd34dd337e637767,2021-01-20,1,0.334855403348554,0.3126893177533652
3d3e7dc7b4bf2bc4,2021-01-23,1,0.2750424448217317,0.34323205396833567
65352221c0bfe52d,2021-01-23,0,0.44145698973567077,0.4343324297027538
83da743f6dda7dcc,2021-01-23,1,0.46324269889224573,0.5333993702068983
92f569a6d9374b86,2021-01-23,1,0.5400039315903282,0.511277519115929
a5075f4eaee6036f,2021-01-23,0,0.5400039315903282,0.5540977436511707
aaf45b095452be23,2021-01-23,1,0.48734604352961025,0.5118700459552354
c597fd8bb66d54d8,2021-01-23,0,0.7293934681181959,0.7386316553876826
cd08b68f0bafafbf,2021-01-23,1,0.27060653188180406,0.26496868370198906
f3ccbfd7036f3cf3,2021-01-23,0,0.1938895417156287,0.1935804244905321
2c81668d1459991f,2021-02-06,1,0.5263157894736842,0.5043297179897741
86d6e09932c5b551,2021-02-06,1,0.3428571428571428,0.308504451179992
8b9bdacca749ec90,2021-02-06,0,0.38263229308005425,0.3964427313582567
9ef858837dfc65eb,2021-02-06,1,0.7619047619047619,0.7512257738666399
af8ea6db042674ef,2021-02-06,0,0.6702870442203258,0.6278637475587086
bbade63ca780668f,2021-02-06,0,0.5324675324675325,0.5080232503529555
d65da3a3bc675449,2021-02-06,0,0.6053006554573952,0.5739250128943295
f4fbb11055301e75,2021-02-06,0,0.6556291390728478,0.656492072655902
17616514e8fdacb9,2021-02-13,1,0.4831460674157303,0.5025251092847542
25b8c932da5e91f4,2021-02-13,0,0.5,0.5063494117874472
26fbf026beb8e9f8,2021-02-13,1,0.6480904580593055,0.6737024794463257
54e2490959f66dc2,2021-02-13,1,0.689615756616548,0.7303081494087866
8cf076524cad5a55,2021-02-13,1,0.7824011456758693,0.7711296265643552
9201312dd860fa5a,2021-02-13,0,0.389784000562865,0.3997609953581133
96b1430379c0694a,2021-02-13,0,0.7941470428363521,0.7798143218633049
be94e5b7a35ce5f2,2021-02-13,1,0.7069403957079948,0.7232756374810064
f98e954823bd6e02,2021-02-13,0,0.4557395319216686,0.4540042954206733
05ceb8b2f93993a6,2021-02-20,1,0.5203045685279188,0.5294074445044359
15b1c7ddc4415fdd,2021-02-20,0,0.3146551724137931,0.3078451403866024
1d892fec31dc7ad7,2021-02-20,0,0.42236024844720504,0.376712606625687
82243207b4dfce87,2021-02-20,0,0.6209150326797385,0.6373157981348329
8f7328fe18806fb0,2021-02-20,0,0.3946993445426048,0.4256873772586516
931fd51ab69fb443,2021-02-20,1,0.4501789414202298,0.4202107740107215
990c2378caec68d4,2021-02-20,0,0.47368421052631565,0.4232548277544621
b12bc15f384ecc42,2021-02-20,0,0.7619047619047619,0.8008450435319163
b9cd4910f0ecff45,2021-02-20,1,0.3790849673202614,0.3317103497982083
c3b6aa47e7532a7b,2021-02-20,1,0.6781609195402298,0.6674266424955572
e175c1a0bff30187,2021-02-20,0,0.5,0.5434655806534502
11a83369d49ad138,2021-02-27,0,0.3720626631853787,0.36009861558658945
3a4e2dffcdd1c838,2021-02-27,0,0.27586206896551724,0.30382724434557157
3eac2d47ac252f4b,2021-02-27,0,0.6581196581196581,0.6719993720651213
4a704dae3091adaf,2021-02-27,0,0.33635187580853815,0.32964045171169704
6a0341234ecc4e87,2021-02-27,1,0.5798319327731092,0.5625858233052038
a7315147a7022a93,2021-02-27,1,0.3451298345568095,0.41287749204387625
bc86601cf781a89c,2021-02-27,1,0.5914733980829453,0.6489136400780648
c2ee423d1f0b4f6f,2021-02-27,1,0.447405997144217,0.3948953889310907
04a788abbbd1f256,2021-03-06,0,0.3720626631853787,0.35208534140978964
15c9cb5f9320c555,2021-03-06,0,0.5260865852617197,0.5125584875133512
2704d31de2c2f43b,2021-03-06,1,0.5882115462252725,0.5900756402129779
50ef636148fa6fac,2021-03-06,0,0.320754716981132,0.3712019452480693
5980ab31e4718a83,2021-03-06,0,0.6581196581196581,0.6207614751074653
7ad09f889d2cdb6f,2021-03-06,1,0.6581196581196581,0.62377277637934
7de9867b7cc2b1b1,2021-03-06,1,0.3158617532616159,0.31707433780688027
873306ad79b62f5e,2021-03-06,0,0.4435793295775703,0.47508135718332656
ae5d14a9fc1ad19c,2021-03-06,0,0.42888402625820565,0.38854148541423333
c06d7bb29bc24d00,2021-03-06,1,0.7925157465728047,0.8315419414151473
c096342c57a6f2c4,2021-03-06,0,0.6792452830188679,0.6576626220581504
d170f6580e1c244f,2021-03-06,1,0.33099297893681046,0.32461411702468224
e2abba69c3371618,2021-03-06,1,0.6428571428571429,0.5776604727830503
f4363f1317b47213,2021-03-06,1,0.43795620437956206,0.4620514796141902
fd92fe0c494d0959,2021-03-06,1,0.84,0.8552976264255963
01f262b68a6a2223,2021-03-13,0,0.5427435387673957,0.6264827421355504
03bdbf2d18f3025d,2021-03-13,1,0.7065820777160983,0.6524418591511912
18c67631b76c18e5,2021-03-13,1,0.7395517867958813,0.7064020915651632
4944437e73071671,2021-03-13,0,0.5324675324675325,0.5760886311956241
70aa6b8f863e6861,2021-03-13,0,0.7241379310344829,0.7314313132595373
8a7b0cd5ad9ca4fe,2021-03-13,0,0.6428571428571429,0.6744498234353231
a6828a6dfb21d33c,2021-03-13,1,0.8122418325197146,0.7899797095766281
bb7ce8a6ba7f7cc5,2021-03-13,1,0.7241379310344829,0.7148020902577974
d0ebb0551377a1c1,2021-03-13,1,0.5427435387673957,0.565343269893756
d15a87087b6f1452,2021-03-13,1,0.6345305608065531,0.6815202438766536
e8adfbbe0053c321,2021-03-13,0,0.4342832531763693,0.4337136493898548
2efbcd870f1f7bc7,2021-03-20,1,0.34929577464788736,0.37074224385417015
55bf7f19a132e0fc,2021-03-20,1,0.447405997144217,0.4315835573664341
68cf99b6551dc3b3,2021-03-20,1,0.5108342361863488,0.5410233910489923
9e45cc594a5a2506,2021-03-20,1,0.783098015142214,0.7923187721966799
a043e279434d5c8c,2021-03-20,0,0.3720626631853787,0.3643994200605789
afc86d1076c4c3a9,2021-03-20,1,0.6548701654431905,0.6728141995880673
b8a0047c927faa75,2021-03-20,1,0.8250000000000002,0.8227666623493533
dcfbbebc0aee6ded,2021-03-20,0,0.33635187580853815,0.3575851715014647
edac9fd482177a64,2021-03-20,0,0.3654694391934467,0.3697246863983987
0aa335dbc4cb3473,2021-03-27,1,0.7634625062908907,0.780522375116679
2220b73ece1730c3,2021-03-27,0,0.35714285714285715,0.4001229258410908
390694c179f05c7f,2021-03-27,1,0.447405997144217,0.5022963310257089
39d188fa9b95d550,2021-03-27,0,0.35714285714285715,0.37087632883481103
41622791b276ad9e,2021-03-27,1,0.5366306721917165,0.5293314750484828
48292a027df02443,2021-03-27,1,0.7107039537126325,0.6717292145055249
4b3af85b0df51d09,2021-03-27,0,0.34929577464788736,0.35003994236011415
6002c24f0b7f8cc7,2021-03-27,0,0.3784721747803632,0.38579078046738363
8317208cfb030ed3,2021-03-27,0,0.42888402625820565,0.4291136234643919
b1eff235241e719b,2021-03-27,0,0.4435793295775703,0.44048006374299586
0992795fd0fa06d0,2021-04-10,0,0.5217391304347826,0.5488247867897961
1fee9eca658d9808,2021-04-10,0,0.3720626631853787,0.3388221269108197
3209bcfaf95de90b,2021-04-10,1,0.6888888888888889,0.7678629931686336
444f0a732695dc81,2021-04-10,0,0.7285666997682886,0.7282470532054404
646eeca9447c6965,2021-04-10,0,0.42888402625820565,0.438459463558755
71b81d8199a0fa19,2021-04-10,1,0.41178845377472745,0.442820740750902
7aebf01b5afc0109,2021-04-10,1,0.35714285714285715,0.28055477221467934
93a1cd50374397c0,2021-04-10,1,0.5711159737417942,0.5950475634350902
998296216e7171ed,2021-04-10,0,0.33635187580853815,0.2725568651496655
ac9a8b73e58f3d71,2021-04-10,0,0.4782608695652174,0.5412230849378864
ddd63237f1b857a6,2021-04-10,1,0.7195253505933118,0.6870024826531543
e27c28928ed4390f,2021-04-10,0,0.3158617532616159,0.3005626915061354
0b2c3c4306620d6d,2021-04-17,1,0.7362296353762606,0.7789379549261845
24ff385ca78c80d3,2021-04-17,1,0.7697368421052633,0.8103817686629444
25d4376e00b16510,2021-04-17,1,0.3111111111111111,0.30654707703804224
627c0a50cff30405,2021-04-17,0,0.5324675324675325,0.5386493505499534
8d634c9240f161dd,2021-04-17,1,0.6690070210631895,0.6317464063304143
a33ecd2c88154890,2021-04-17,1,0.5882115462252725,0.607191772094015
a850ba762f3c5334,2021-04-17,0,0.7241379310344829,0.7074668270853776
f2c82f027201ba21,2021-04-17,1,0.4572564612326044,0.4561945358457285
f67aa0b16e16a9ea,2021-04-17,1,0.6841382467383841,0.683877395120255
fdfe4e7cb2d0b665,2021-04-17,1,0.5962732919254659,0.6049885982792115
00bbcd4a6d647fdf,2021-04-24,1,0.3111111111111111,0.34528234315604495
1820fed0fbcf6294,2021-04-24,1,0.40372670807453415,0.4032702673438521
34d2632fd26e7078,2021-04-24,1,0.7900763358778627,0.8089747177730018
512af32553d9bd70,2021-04-24,0,0.46753246753246747,0.4971020881477592
6a5eb525331fa1fc,2021-04-24,1,0.7328244274809161,0.7643517669237655
6a7347d1da8a2b87,2021-04-24,1,0.6792452830188679,0.714224274630079
6d8da45352344964,2021-04-24,0,0.6428571428571429,0.6501821912020731
c5dfce1eaa2dc169,2021-04-24,1,0.6187175043327556,0.5679504543031897
f5dd0a24a7dba53c,2021-04-24,0,0.447405997144217,0.4853931051761766
26202a4bd36d3fd2,2021-05-01,1,0.7195253505933118,0.7542538998155571
2ef09c8fe29251ac,2021-05-01,0,0.6841382467383841,0.6855979635763475
2f82e8079ba354f4,2021-05-01,1,0.6581196581196581,0.6893570196376773
394802bb096b403e,2021-05-01,0,0.5217391304347826,0.5047899644381049
3d790112d2e6d851,2021-05-01,0,0.5366306721917165,0.4864875122370583
78dc032441394331,2021-05-01,1,0.6345305608065531,0.6552200240248635
c9c79de21823d941,2021-05-01,0,0.41178845377472745,0.3939945680885232
d6b5a6ad27a730ae,2021-05-01,1,0.778440562420111,0.7803547306143772
d72f9b3ac742a9e3,2021-05-01,0,0.5994128799461808,0.5840636270674124
ffd8e8575a551875,2021-05-01,1,0.6841382467383841,0.6346262499347974
00fbeda449926c13,2021-05-08,1,0.4167769251124636,0.4044793820708281
178c4926223dca0c,2021-05-08,1,0.37037037037037035,0.429557139821667
295a0bf12a7373c0,2021-05-08,0,0.4342832531763693,0.4352586429358258
37fda56a435a9b24,2021-05-08,0,0.34929577464788736,0.3483990692513758
3f71ac21472f994c,2021-05-08,0,0.3784721747803632,0.42016316536328396
4ffbadfb86284af5,2021-05-08,0,0.6888888888888889,0.7008485990025373
8a95f0e3f9111f0c,2021-05-08,1,0.41178845377472745,0.3894179596499553
db2c805201a3116e,2021-05-08,0,0.5798319327731092,0.5713914613865362
1f2f27b36e79da74,2021-05-15,0,0.43795620437956206,0.4257489014035871
2b894d87ad9aae05,2021-05-15,1,0.4782608695652174,0.5272317949210261
5573d46130d6b967,2021-05-15,1,0.4956702459300312,0.4851546905613891
6655a8da2655f2d0,2021-05-15,0,0.5746439580499061,0.5616985074712428
be2e28ba3bdeb400,2021-05-15,1,0.46753246753246747,0.4909227760375038
bfd672cac0726a9a,2021-05-15,0,0.674203744225626,0.7052506877908006
ca22bafab913aae7,2021-05-15,0,0.5151837230488916,0.4389222991252073
cfbaeb80b5ff7c00,2021-05-15,0,0.4253560419500938,0.41813500759914446
de332779baa1b103,2021-05-15,1,0.6636481241914618,0.6932863691512556
fef29aa73bd5b907,2021-05-15,1,0.5427435387673957,0.5693793738663622
138f719d370e8ba0,2021-05-22,0,0.6220052756098223,0.5861021192123569
16369fa06392f6a0,2021-05-22,0,0.5564206704224298,0.5285592469113988
3627f5133ce55902,2021-05-22,1,0.7490483575355985,0.7419509150650108
559c0c3d752f327a,2021-05-22,0,0.6220052756098223,0.5098889369448683
7f8340dfe4220c3e,2021-05-22,1,0.5467333541731791,0.5884147273527769
82d48296fd06c27f,2021-05-22,0,0.19354838709677422,0.16580651177523426
ae0afbff5ba07a34,2021-05-22,1,0.42888402625820565,0.4429453985038544
b381dc272b32ce03,2021-05-22,1,0.7550141337999732,0.725832006584491
c7cf2194fe5c751f,2021-05-22,1,0.674203744225626,0.66321322229895
d16f7ab4e28171ea,2021-05-22,1,0.5427435387673957,0.5596635481001518
d44a814b106b94ff,2021-05-22,1,0.8027415580073554,0.7900421030677827
e624d85a0d718578,2021-05-22,1,0.46753246753246747,0.4766276745708324
0716a38768a34789,2021-06-05,0,0.6341463414634145,0.6538537500782298
23b943e9ce495f0b,2021-06-05,0,0.33880903490759745,0.33458066961614413
2c0cddd12deb7450,2021-06-05,1,0.5126539564703898,0.5615193633608838
419d1e29668b57fb,2021-06-05,1,0.7473182359952324,0.7397307528900945
58c5d506181812fa,2021-06-05,1,0.3560327776207968,0.3270742940871862
5c0e5d850d8e661f,2021-06-05,1,0.4599960684096718,0.41035942930713254
73a83b2595416f0a,2021-06-05,1,0.6341463414634145,0.6129301838807506
827aacd14f80e8f3,2021-06-05,0,0.6611909650924026,0.6348767997077137
9252ad2304fd9a26,2021-06-05,0,0.6053006554573952,0.5606622772981882
bb6438338bb8aebf,2021-06-05,1,0.5689655172413793,0.5862642923592227
f187c7ec92f43828,2021-06-05,0,0.3946993445426048,0.3632482118315072
0f51869f98afa6c0,2021-06-12,0,0.623003194888179,0.6166563450571881
1b4d5dbf5f663a97,2021-06-12,1,0.5888285492629945,0.633452669323535
34d38d77c1d3f00e,2021-06-12,1,0.6695178849144635,0.7114511692126849
43dfb2c1e5fecac9,2021-06-12,0,0.35010940919037203,0.3460886352737027
4560734220b96851,2021-06-12,1,0.30549898167006106,0.30438747784601905
6cd44e1b2d093ea4,2021-06-12,1,0.6665837272953471,0.7274883119210357
7d2051c6bae907cb,2021-06-12,0,0.5702592087312415,0.5393963867899189
84cde29aebf6c00c,2021-06-12,0,0.4935930292157868,0.5274285339766466
9127a6430e46292c,2021-06-12,1,0.5689655172413793,0.5444013307708114
b070b8c2c489d838,2021-06-12,1,0.7913043478260869,0.8338674869905516
d4ad90ac58429b64,2021-06-12,0,0.6378504672897196,0.636517881800698
d66164d2c770da68,2021-06-12,1,0.6702870442203258,0.6781461458041578
dedb74ee9d84deab,2021-06-12,1,0.5287958115183247,0.5846245437207502
1e9f081a84e7ec18,2021-06-19,0,0.5400039315903282,0.5282673029622672
2bdf774dc8b17504,2021-06-19,1,0.38560064716192527,0.37378792296173274
50cae63d530ede7c,2021-06-19,1,0.4128584935392373,0.40354427912916996
53ed3f8f653b37b2,2021-06-19,0,0.44783390795982614,0.48323054052031333
6fd9a013cea5a403,2021-06-19,0,0.3146551724137931,0.3017008847937733
744627aec853874e,2021-06-19,0,0.685344827586207,0.7011002718112899
87c8e086c29ae543,2021-06-19,1,0.5871415064607627,0.6563075919345476
a83ebbf013905949,2021-06-19,1,0.6611909650924026,0.6530464421285133
bb1ac382e0277b3f,2021-06-19,0,0.47368421052631565,0.46050763980929077
d3c0dfa57950aefd,2021-06-19,0,0.43103448275862083,0.39349356456951595
d684d8b02ab53031,2021-06-19,1,0.4048828569262264,0.4152517207101494
e8fd128286788a6d,2021-06-19,1,0.5721476510067114,0.5910546012692561
086c2a0cae0835c4,2021-06-26,1,0.7161380760469599,0.8640408920824956
0eac7075bf3d7ab7,2021-06-26,1,0.7475083056478405,0.743740566248629
23c7c6ceee34585f,2021-06-26,0,0.43103448275862083,0.4118832913161034
4341ebb5a56e6943,2021-06-26,1,0.6781609195402298,0.6449037023332246
5357dab4d331eb18,2021-06-26,1,0.6053006554573952,0.6486740753454449
78afed76d0e9a639,2021-06-26,1,0.5776397515527951,0.6051720696623019
81de3929330076d2,2021-06-26,0,0.6695178849144635,0.6756665012691712
85099c6378ff87c5,2021-06-26,1,0.5475460122699387,0.5580848062342234
c9283da5f4d7aaf4,2021-06-26,1,0.5562373308497234,0.5213486373500956
ce0fda34122f3d48,2021-06-26,0,0.6611909650924026,0.6139890643052829
d40eae4425092219,2021-06-26,1,0.6258007230291115,0.6428121757474269
d988760df61f027c,2021-06-26,1,0.6596858638743455,0.7136236856725755
07468b6347ac5e3d,2021-07-10,0,0.3334162727046529,0.3582230855500054
1aba46988c9b58f9,2021-07-10,0,0.4128584935392373,0.4181188455444029
53b480b44b0b51f1,2021-07-10,1,0.5367573011077543,0.5382694304867472
5d5bf07dbfada0e3,2021-07-10,1,0.6359223300970873,0.6312251876505413
7070abfa26c079b8,2021-07-10,0,0.3790849673202614,0.39512377946604654
7d0ce28ce8a77eb1,2021-07-10,1,0.5297741273100617,0.5910199880422099
8245791a3d3403c6,2021-07-10,1,0.4128584935392373,0.4549316111324308
858feabaf429a963,2021-07-10,0,0.48734604352961025,0.49310385256824496
96bbb6c573dac27a,2021-07-10,0,0.3808255659121172,0.3459201069934491
ac0a1d87e9ff4085,2021-07-10,1,0.7207267833109018,0.6688300938755903
dbcc5b5d568efa8b,2021-07-10,1,0.860759493670886,0.8472049256268095
49876b12d440af40,2021-07-17,0,0.7228793511321393,0.7281602734783313
72105dd82d964e7a,2021-07-17,0,0.298804780876494,0.28791883430521303
7d4c160dab6eae73,2021-07-17,1,0.8630136986301371,0.8791426004269178
813444e109995c97,2021-07-17,1,0.6507042253521127,0.6179691242867988
8151659b2bc16f0e,2021-07-17,1,0.7153024911032029,0.6979703876055566
93d5452726f5f364,2021-07-17,0,0.562043795620438,0.5239209075067254
940701effe1d2b6c,2021-07-17,0,0.5798319327731092,0.5921162287627162
f0b83b05f3dd9580,2021-07-17,0,0.37889039242219213,0.3681375240226455
1bde9cb65d31cc76,2021-07-24,1,0.41700735895339336,0.4649763113554386
1be65a0d2c1383f6,2021-07-24,1,0.38848920863309355,0.3401362853893069
214b268e4a92f950,2021-07-24,0,0.6507042253521127,0.6543150261216998
40ce202eaa78860c,2021-07-24,1,0.5217391304347826,0.5276560286518718
43c391b251337c9b,2021-07-24,1,0.6755725190839695,0.6776459590616172
4911094a4ee26868,2021-07-24,0,0.5,0.48672303381865695
4bb77b1d8efc53a9,2021-07-24,0,0.7272727272727274,0.7406033274581976
7c3ad06a520b8716,2021-07-24,0,0.5882115462252725,0.6000431477532878
c13474b85d3ced32,2021-07-24,1,0.7672295755362848,0.7532020965894307
cade0268dec56f3d,2021-07-24,1,0.6581196581196581,0.6451816282825451
dff1dbb8fe1f31cb,2021-07-24,1,0.41178845377472745,0.49980741888654917
12ceec9431fb0827,2021-07-31,1,0.25787965616045844,0.1927236783198169
1978b44503c3d9ff,2021-07-31,0,0.562043795620438,0.5298713543570991
6671b567c4eb9982,2021-07-31,0,0.41178845377472745,0.44968095156840804
8522bc62e8d942ab,2021-07-31,0,0.34929577464788736,0.35386249113704576
96c51bc6316a4b47,2021-07-31,1,0.40372670807453415,0.3918631757199633
9eef9b7967991296,2021-07-31,0,0.6957699520733487,0.7086040185739212
e3ecb94228c2739f,2021-07-31,0,0.6211096075778079,0.6320241105450627
fb9095887dca34c7,2021-07-31,1,0.39596563317146055,0.5471392453691067
3d75081ce43774ca,2021-08-07,1,0.5,0.4611290528936299
85c5dd604d5b3634,2021-08-07,1,0.6428571428571429,0.6581397149008418
962aab0abdd34173,2021-08-07,1,0.46753246753246747,0.5042635379728058
980927e7dcc131c0,2021-08-07,1,0.4891657638136511,0.5190116833934881
9a678f346946b6a4,2021-08-07,1,0.6704377766847024,0.6953693475283593
af9927b5589e708b,2021-08-07,1,0.7421203438395415,0.7686357690918982
bf732e22055e8634,2021-08-07,0,0.27272727272727276,0.2744026964899143
cce232c1b1b2e4a0,2021-08-07,0,0.4891657638136511,0.45538727101971116
dcd0793ff1a43b68,2021-08-07,1,0.7104677060133631,0.7180315472652399
efe985e626a0d8c0,2021-08-07,0,0.5108342361863488,0.5679394701807313
f2336b7545f5f442,2021-08-07,0,0.5711159737417942,0.6061708167977317
0b47788da6de735e,2021-08-21,1,0.6115107913669064,0.6511178032378728
12d2b282561b5e5f,2021-08-21,1,0.4782608695652174,0.4983988573091767
3a9e0fed344fd07d,2021-08-21,0,0.38848920863309355,0.37188523075329294
47230f9b5d7ae037,2021-08-21,1,0.35714285714285715,0.32688341816009414
47a157222b2c9092,2021-08-21,0,0.39596563317146055,0.3395747196714651
5e2ce5aa3a92c2df,2021-08-21,1,0.6115107913669064,0.6202598171099599
755d84d5f4aa4dbf,2021-08-21,1,0.562043795620438,0.591093182607922
8badcb2134c1cdaf,2021-08-21,0,0.5882115462252725,0.5486600591318603
92d39a17e34cf581,2021-08-21,0,0.5882115462252725,0.5575627686919891
bfacb44c24bfe0e9,2021-08-21,1,0.6115107913669064,0.47139330688912107
e1897ff433134cb8,2021-08-21,0,0.5798319327731092,0.5608354493291031
f536ba47f006474a,2021-08-21,1,0.5711159737417942,0.5595266055082685
089a17e450cc98aa,2021-08-28,0,0.5711159737417942,0.6430648935931079
0f3a91caeaa55094,2021-08-28,1,0.6428571428571429,0.6451172902747192
1de342e9309c5f0f,2021-08-28,0,0.8128898128898129,0.8050611693539698
2cb9ba68fc855f33,2021-08-28,1,0.7880184331797234,0.7989858492855425
5086f9fb4fdc2f60,2021-08-28,1,0.6428571428571429,0.6829991740911638
58d5e4afc2dd35d1,2021-08-28,0,0.4891657638136511,0.5088614892067421
5cd1869013741767,2021-08-28,0,0.5324675324675325,0.5291496882014854
ad3aa9520131ff2e,2021-08-28,1,0.8088235294117646,0.846272159993154
be4890f4aaadec28,2021-08-28,1,0.7191400832177531,0.7776914252538843
e24c8aab497b4fe1,2021-08-28,0,0.6957699520733487,0.7544727394712415
ed64e42263bf50bf,2021-08-28,1,0.5711159737417942,0.5993478075434169
ef4484943b1c68a9,2021-08-28,0,0.5798319327731092,0.6013796147944747
06c0c7dda5a5909d,2021-09-04,1,0.5217391304347826,0.45015272047345
14f2bb86fd888e91,2021-09-04,1,0.42016806722689076,0.4293706462863019
3f76035e52e8819b,2021-09-04,1,0.35714285714285715,0.3658369981087671
4fc128b1bdf088b1,2021-09-04,1,0.8259833134684148,0.8384315996572215
8fc238e84c4624a7,2021-09-04,1,0.5711159737417942,0.5781417938063494
a7c38d4d66abf923,2021-09-04,0,0.40372670807453415,0.4035545154824575
ad81be01a461c936,2021-09-04,0,0.5962732919254659,0.596087934254524
b977ffcc6428046f,2021-09-04,1,0.6755725190839695,0.6505365235500433
f09912e9d8eaa968,2021-09-04,1,0.5324675324675325,0.5400535147200473
06b3226c34c17001,2021-09-18,0,0.4891657638136511,0.4682400079269272
0ce63c2148e70b4c,2021-09-18,1,0.7775930160049885,0.7757372732330285
13a8ddb1c3f55ed4,2021-09-18,1,0.8579439252336448,0.8816741634709941
2d42742aade53799,2021-09-18,0,0.447405997144217,0.43701549070832685
401f5f4714132d50,2021-09-18,1,0.6211096075778079,0.6607997945370269
4b5f9b7c31d1205d,2021-09-18,1,0.6115107913669064,0.5929360913955122
576b795e33ddd62d,2021-09-18,1,0.35714285714285715,0.36114512348399985
d06495deb1ff1750,2021-09-18,0,0.46753246753246747,0.44466124385965927
d1621b3da377f34b,2021-09-18,1,0.5798319327731092,0.5473102245776267
dc870fab1e0f15e1,2021-09-18,1,0.8259833134684148,0.8152657421307881
eb10feae98ea7d36,2021-09-18,0,0.5324675324675325,0.5370912091410409
18f1b88d8977c216,2021-09-25,1,0.6211096075778079,0.6448396283374352
7233b2a56438d77a,2021-09-25,1,0.8935018050541516,0.9106594040730885
73f6b72b4889088f,2021-09-25,1,0.8029168309026409,0.7814854362174953
7484298ad57099be,2021-09-25,1,0.40372670807453415,0.47628183845095334
7abc4520f63f2c06,2021-09-25,0,0.5108342361863488,0.4147127151712009
92e006a93f983fb5,2021-09-25,0,0.40372670807453415,0.43501792951155666
b3c23fb2d71bba51,2021-09-25,1,0.5798319327731092,0.5489711999330518
bc276e0f07e30a54,2021-09-25,0,0.2771206488678608,0.22587446664565972
d8189169b2c8a2aa,2021-09-25,0,0.42888402625820565,0.44827367990078104
e7bb37681652c2c2,2021-09-25,0,0.23809523809523808,0.24354346343634675
f085f32bbb3220e1,2021-09-25,0,0.3418803418803419,0.3896532170788968
f4a2806f77ac1cdc,2021-09-25,1,0.6581196581196581,0.6472242572697542
f4df74046a1c4364,2021-09-25,1,0.7553516819571866,0.8073912111493463
16d31775a8dcb31d,2021-10-02,0,0.15953307392996105,0.17433447306178895
37c484012ef24a5b,2021-10-02,1,0.5798319327731092,0.5465154298394116
3b7eb8e56052a2af,2021-10-02,0,0.552594002855783,0.5785681335373859
5f444eac11e55161,2021-10-02,1,0.7054263565891473,0.6706882335588551
6832e9e62da0f9d3,2021-10-02,0,0.30423004792665137,0.2902653876424811
9c33c8d4a381ba70,2021-10-02,0,0.35714285714285715,0.3675626286873628
a00b4e82f9d4f92c,2021-10-02,1,0.8335570469798658,0.8431476220617917
c1e5859053263811,2021-10-02,1,0.5882115462252725,0.6158356081335272
dba710edbc3c29ff,2021-10-02,0,0.4572564612326044,0.43160536645547914
dfa2f5c821a52c63,2021-10-02,0,0.5882115462252725,0.5727367495078945
e7423a91a253b416,2021-10-02,1,0.7153024911032029,0.7421758479198537
149d6b90f33634a4,2021-10-09,0,0.6428571428571429,0.6462849388298205
20f19439e9b100b0,2021-10-09,0,0.3698979591836735,0.40160440743962417
38957d8eb185391c,2021-10-09,0,0.6428571428571429,0.648667976257264
6101249c2cdd1493,2021-10-09,1,0.7001620745542949,0.6904603424180711
777c65184aa63894,2021-10-09,1,0.817258883248731,0.804913985467779
d5ffdb5388ffabc6,2021-10-09,1,0.725752508361204,0.7328580930880878
ddb927b0dfcfac2a,2021-10-09,1,0.725752508361204,0.7593469592699974
df16b9c2fc9722e9,2021-10-09,0,0.35714285714285715,0.36212741234160123
f526892a27b50576,2021-10-09,1,0.7342398022249692,0.7562537267796954
188b63ec6ee1c1c9,2021-10-16,1,0.46753246753246747,0.4661604444628327
330e67abac6e5ce7,2021-10-16,0,0.562043795620438,0.5225873567488073
814d481e79e9a525,2021-10-16,0,0.447405997144217,0.4608796140760684
a2e1116a9fe84aa9,2021-10-16,1,0.25107991360691145,0.24434301876166198
b193e2317b21125c,2021-10-16,1,0.7272727272727274,0.7424484568995151
be8bee783d22bee2,2021-10-16,0,0.6581196581196581,0.6146610156225268
cf020c71f1dbfa0b,2021-10-16,1,0.562043795620438,0.5878727798855081
d9ca00b3c62a874d,2021-10-16,1,0.7054263565891473,0.6889543773513832
e3881a6895be3e9e,2021-10-16,1,0.27272727272727276,0.24595470218929932
fefa96b6d939ffea,2021-10-16,0,0.41178845377472745,0.39476937642155774
1fe58cdab57d233b,2021-10-23,1,0.6957699520733487,0.5975055143121466
587d373f18f6c8c0,2021-10-23,1,0.5324675324675325,0.5033696344801476
61d9eff5fa4c8578,2021-10-23,0,0.552594002855783,0.5985526818783327
69167b996ce7a7e4,2021-10-23,1,0.5711159737417942,0.48887784435376785
6d7eecf4acecda2a,2021-10-23,0,0.38848920863309355,0.3424085855636406
7151ae256e6c181b,2021-10-23,1,0.4891657638136511,0.4663943742463713
85f920746c58d0a6,2021-10-23,1,0.34929577464788736,0.4626304023078961
860be3cc82895177,2021-10-23,0,0.35714285714285715,0.3398245965215573
88256dd5a9aef1cc,2021-10-23,0,0.447405997144217,0.41613748450928284
98842f17dfe4b4ef,2021-10-23,1,0.31339660119178986,0.309961540400722
acec5f4c6fee1ae2,2021-10-23,1,0.5882115462252725,0.5481507356732523
d44d735e5079bfb8,2021-10-23,1,0.7672295755362848,0.7632412477892648
e078d18fa9ed100d,2021-10-23,1,0.6755725190839695,0.7301150360206751
13e3e41e0c6f4e04,2021-10-30,1,0.6912521440823327,0.736878263510844
156f2425a937b22f,2021-10-30,0,0.30423004792665137,0.3324165303503102
18edff5447989b3f,2021-10-30,1,0.7191400832177531,0.7386727561987007
41cdfea7df63003f,2021-10-30,0,0.40372670807453415,0.4274987111744833
4a5e5232346993c7,2021-10-30,0,0.3418803418803419,0.3484003817864
58b19ba734fe93a3,2021-10-30,1,0.7489200863930886,0.7824357900001735
5ad4c0eae7512878,2021-10-30,1,0.8178217821782179,0.8430162989052165
6163c18411aca830,2021-10-30,1,0.7727272727272727,0.759802890425567
768c86e307295944,2021-10-30,1,0.7553516819571866,0.7562532433441443
919fb76d2f3e5827,2021-10-30,0,0.6957699520733487,0.7395774780537212
92c49cb075f612d7,2021-10-30,0,0.4891657638136511,0.5543715559176436
987cdcbc809e210d,2021-10-30,0,0.22240698399501146,0.2188807402974711
d84968d7e9fcb4f3,2021-10-30,1,0.6040343668285393,0.6443352774890069
efc6af0151f72b87,2021-10-30,1,0.7011952191235059,0.6977607224581137
095a351dd6f09f7e,2021-11-06,0,0.4782608695652174,0.4640131650760296
19722043e7eb4e39,2021-11-06,1,0.4782608695652174,0.5214380925921147
31b3ae9352d9389b,2021-11-06,1,0.7272727272727274,0.7379409709116843
385101e8ad828c39,2021-11-06,1,0.7054263565891473,0.7405479711759155
73d541adc2909dc8,2021-11-06,1,0.7619047619047619,0.7335360873225296
8081cb92f71401c6,2021-11-06,0,0.35714285714285715,0.3773735340992567
88cc78d2d5d6bcaa,2021-11-06,1,0.7619047619047619,0.7479149738711242
999a0fad4c82148d,2021-11-06,1,0.6507042253521127,0.6459277422335662
a260238fdb9c47cf,2021-11-06,1,0.6115107913669064,0.6028410257913628
c634ed84212723ca,2021-11-06,0,0.3698979591836735,0.3762886051089222
e25875165648162b,2021-11-06,0,0.5324675324675325,0.501636996138508
fa3b28ff3585b4a0,2021-11-06,0,0.7349177330895795,0.7260289671756026
0273dbd5dedbdbe0,2021-11-13,0,0.6755725190839695,0.6241908983408746
1013cdbb6c9a4a2e,2021-11-13,0,0.6040343668285393,0.5888369068426597
147e984aa34e3028,2021-11-13,1,0.8335570469798658,0.8112173252219623
2c21abbc28e3876a,2021-11-13,0,0.6818181818181818,0.6761872549634743
66eee2320e900a8a,2021-11-13,1,0.7489200863930886,0.7351122436726377
73c97d5c314f1270,2021-11-13,1,0.5711159737417942,0.5926534120661642
81bb4d9b214adf4b,2021-11-13,0,0.46753246753246747,0.5112981578759117
8636b67096df4b27,2021-11-13,0,0.5962732919254659,0.5965097203688076
a27a355f52883f3e,2021-11-13,1,0.7619047619047619,0.780209297524199
c0518d213b67e754,2021-11-13,0,0.5217391304347826,0.5227467391589545
e6ce8360ef43891c,2021-11-13,1,0.7489200863930886,0.698164119048553
18f19b1422e8154b,2021-11-20,1,0.4782608695652174,0.5014815922769248
1cd8f5a107f64e39,2021-11-20,1,0.46753246753246747,0.3978036557599824
1ff89e2a9cc2f2d2,2021-11-20,1,0.289532293986637,0.3294106928911485
450534f9fb9b13cd,2021-11-20,0,0.42016806722689076,0.4085553438619953
50bf4bb2f8d9aba4,2021-11-20,0,0.3698979591836735,0.38968029950263594
84c68c4c387d2e32,2021-11-20,1,0.6040343668285393,0.6033657075910038
8dd086e2e70144fd,2021-11-20,1,0.7553516819571866,0.7477601086249557
9b9ef12603e820ec,2021-11-20,0,0.2945736434108528,0.33105844930186473
bb15c0a2911043bd,2021-11-20,0,0.22727272727272727,0.1989676879786198
f592f168f3b8b807,2021-11-20,1,0.4572564612326044,0.4497128639236552
fd60e75303622e5e,2021-11-20,1,0.5,0.49656698473413247
1ce1a43ef68ffc7d,2021-12-04,0,0.6040343668285393,0.6067160144987314
3109d1151f149aaf,2021-12-04,0,0.5427435387673957,0.5434828721163303
376dddfa82debbf4,2021-12-04,1,0.7272727272727274,0.7385761419523548
3fc8afbb23b9ac16,2021-12-04,1,0.6301020408163266,0.640866740679726
405bded9cc7a7c15,2021-12-04,1,0.5711159737417942,0.5523458139803052
42b28adbed6966b7,2021-12-04,0,0.6115107913669064,0.6055775058045937
5d64044b985004e7,2021-12-04,1,0.3418803418803419,0.3637264899714442
657b7da9c89352fe,2021-12-04,1,0.6818181818181818,0.6754459262178587
723a8a8c82cab1c8,2021-12-04,0,0.37889039242219213,0.38448530532361264
9e5bbbacf1d92cb4,2021-12-04,0,0.7489200863930886,0.7953059789884472
a38648a1c190f9be,2021-12-04,0,0.46753246753246747,0.4818071067165654
b3847772199e2639,2021-12-04,0,0.6365876193409301,0.6460283799827937
c74b03337a8441ed,2021-12-04,1,0.5324675324675325,0.5756177239758741
0b633295d9e017a3,2021-12-11,0,0.880195599022005,0.8846182071517957
16243b1470887cb6,2021-12-11,1,0.6428571428571429,0.6673393561786247
2d0d13dfc6c37ba8,2021-12-11,1,0.4572564612326044,0.47800566275746426
505397f405e40206,2021-12-11,1,0.7421203438395415,0.7860800996162074
50f2539c73b98eec,2021-12-11,0,0.46753246753246747,0.47879433695823814
537a5aa4c248830e,2021-12-11,1,0.6040343668285393,0.6632932443430318
6537a32e7af905b0,2021-12-11,1,0.5427435387673957,0.530046905699647
795aa42785a46643,2021-12-11,1,0.42888402625820565,0.4543874657816239
8bcdcfb0f93f1409,2021-12-11,0,0.6428571428571429,0.628419391953585
8c01b7dccc4d0926,2021-12-11,0,0.28085991678224687,0.27790161581811973
9039762cb9f4abdb,2021-12-11,0,0.2771206488678608,0.2525625928417054
abb8c6c0a057184e,2021-12-11,0,0.5,0.4613868319729791
b22eab3aa1522f40,2021-12-11,1,0.4572564612326044,0.49614517345124975
fc2a30bfb760bdf8,2021-12-11,0,0.5798319327731092,0.5270834160592374
2a5484a6d5e7a2da,2021-12-18,1,0.5962732919254659,0.5449040588734435
2e200563dd7c4922,2021-12-18,1,0.7104677060133631,0.6828019774417238
4b7ec02b39fc6f70,2021-12-18,1,0.43795620437956206,0.48636297172285886
730f14ccff80f3b0,2021-12-18,0,0.3181818181818181,0.2921561660295464
85d9a516c3c6c205,2021-12-18,1,0.552594002855783,0.5645499131211643
8b3b38167060b1d7,2021-12-18,0,0.6704377766847024,0.6686068724898071
a43dcd04788d95c7,2021-12-18,0,0.2846975088967971,0.2624954985113054
a760d0f5de2e1aaa,2021-12-18,1,0.6040343668285393,0.6213074725501161
b4f88d65b47c2a39,2021-12-18,1,0.6704377766847024,0.6502885639132912
bdaca0a96d44438a,2021-12-18,0,0.3295622233152976,0.36534158949414036
dd552b389152636a,2021-12-18,0,0.6040343668285393,0.567088466522979
ea76a3af8c5ecc55,2021-12-18,1,0.562043795620438,0.5900123889242481
fc0927c657c51622,2021-12-18,1,0.7272727272727274,0.7353480407265722
3738135e4c9d8273,2022-01-15,1,0.46753246753246747,0.48719203769325886
3a8c0158d910546d,2022-01-15,1,0.6581196581196581,0.6818305916567574
3bcbb0e039f4f5d8,2022-01-15,1,0.562043795620438,0.5681960584823118
7c2a02b5ea169b54,2022-01-15,1,0.7553516819571866,0.6952533138760744
8.69E+73,2022-01-15,1,0.41178845377472745,0.4017014999619249
8d89f3b8798f444d,2022-01-15,1,0.5882115462252725,0.5941916325318269
9dfcf675cf2c1575,2022-01-15,1,0.33635187580853815,0.3228605639512657
b5b5156c713c5d47,2022-01-15,0,0.33635187580853815,0.33888377921535995
e8517ed0b49abc37,2022-01-15,1,0.42888402625820565,0.39581374399759567
0669231ebe3dd560,2022-01-22,1,0.776440240756664,0.801817003958141
0a0beb5aa9810de4,2022-01-22,0,0.6301020408163266,0.6301323368182784
4047c2e259529179,2022-01-22,0,0.4255319148936171,0.4568432505723489
44a55ba1de2b30e2,2022-01-22,0,0.8,0.7721461367437138
453283e947919ff7,2022-01-22,1,0.5,0.6518986002116931
5ba543efdce072f5,2022-01-22,1,0.7183098591549295,0.7082339806683405
5da7168ac2ff0e1d,2022-01-22,1,0.6428571428571429,0.6243768806492086
80f65ee9b6f8d63b,2022-01-22,0,0.37889039242219213,0.37424489741968625
9687021e5c4d092a,2022-01-22,1,0.6912521440823327,0.6455041670039301
cddd3d4febe097f8,2022-01-22,0,0.6365876193409301,0.718958769045679
e786542667fdecf0,2022-01-22,1,0.40880503144654085,0.39993312114964136
0489b42ac0ab6d4b,2022-02-05,0,0.5346534653465347,0.6016524232448319
0730c4e6fb247fa1,2022-02-05,0,0.23809523809523808,0.23140059015536085
208c5dc52ccfd47a,2022-02-05,1,0.7228793511321393,0.7320989562663591
4b67a1875390e7ad,2022-02-05,0,0.3181818181818181,0.35220148286689706
6b4c2cc27855506a,2022-02-05,1,0.7054263565891473,0.7177985341444074
ace166f26c2ac2e8,2022-02-05,0,0.6301020408163266,0.566581183878816
18a1617ee7356352,2022-02-12,1,0.5962732919254659,0.603678667148583
19e742ccaa09cf08,2022-02-12,0,0.26508226691042047,0.272330719532285
238832b58a66ae07,2022-02-12,0,0.42016806722689076,0.4527409314101765
3bebd99d5f94bec7,2022-02-12,1,0.6957699520733487,0.6710901294828403
6708f3a32861038a,2022-02-12,0,0.40372670807453415,0.42890578871710033
81c22cfa22002ea4,2022-02-12,1,0.4902470741222366,0.510019566469802
821bef3a3394dd96,2022-02-12,1,0.34929577464788736,0.31048267484122144
a0ba726da4a50458,2022-02-12,1,0.7775930160049885,0.7888334497768863
b1e048825b5bbe1c,2022-02-12,0,0.25787965616045844,0.250149201473488
bb42336d6417914c,2022-02-12,0,0.6040343668285393,0.6376785858072515
c16bda7548181613,2022-02-12,0,0.5,0.49886638248399007
ca8f73d038c4d6e7,2022-02-12,1,0.7228793511321393,0.7310071643391883
04e2d50c24a88dbd,2022-02-19,1,0.5882115462252725,0.6324007083219932
25da52bc590ef664,2022-02-19,0,0.3634123806590699,0.3009035274832705
2d8db91f91f68069,2022-02-19,1,0.6507042253521127,0.657873854588218
33cc40fc1da409d3,2022-02-19,0,0.5324675324675325,0.48489503626408353
528c208293bdef13,2022-02-19,1,0.7421203438395415,0.7240860068172009
8cd583f6d10692bc,2022-02-19,1,0.7421203438395415,0.7092566810253624
93026443e5140415,2022-02-19,1,0.7054263565891473,0.6834789320767277
958799d957945a3a,2022-02-19,1,0.38848920863309355,0.36395539541219946
99fd8396cbe1df03,2022-02-19,1,0.7349177330895795,0.753984604459836
e36a5d4d53b97d4e,2022-02-19,0,0.6040343668285393,0.6010095691236571
ea63f56779100678,2022-02-19,1,0.6755725190839695,0.6255881572903689
f7865e5a6d009a87,2022-02-19,0,0.33635187580853815,0.3357100160930309
01468f766dd7385c,2022-02-26,0,0.5798319327731092,0.5963910374714222
181ceedcacc01d48,2022-02-26,0,0.38848920863309355,0.4220808666535306
84d633d4a9fbf331,2022-02-26,1,0.43795620437956206,0.4561115055709112
8515f07911765f89,2022-02-26,1,0.6957699520733487,0.740402363792522
901e62b7af57f559,2022-02-26,0,0.2771206488678608,0.29724773321685327
c4eb14c3de579842,2022-02-26,0,0.6211096075778079,0.6575818318661808
c5d5fcf290cc029e,2022-02-26,1,0.7727272727272727,0.7485366315371147
cb1f27818d46af0e,2022-02-26,1,0.4891657638136511,0.4876580745362253
f087a10a6f2bcc99,2022-02-26,1,0.7191400832177531,0.724127790527129
36d9337a27b71ba9,2022-03-05,0,0.5711159737417942,0.5736879120184853
43b43c5d439b2f98,2022-03-05,1,0.7775930160049885,0.7663875011708728
59d44b6888885500,2022-03-05,0,0.12790697674418605,0.10029873975025715
838bb84a5a976a9c,2022-03-05,1,0.6301020408163266,0.597428392396611
9321b3c90ea5ca6c,2022-03-05,1,0.7191400832177531,0.7485501393996438
abd45edc07a8d9e3,2022-03-05,0,0.38848920863309355,0.32710226395275455
c420c376cc1d149c,2022-03-05,1,0.3295622233152976,0.33636366303623755
c6fc43c351b08bda,2022-03-05,1,0.39596563317146055,0.4524067668065494
cda06ff86cfe4f5f,2022-03-05,1,0.6211096075778079,0.667296244646492
d03d0abf331df751,2022-03-05,1,0.7228793511321393,0.7836183686438722
d5323490163dde0e,2022-03-05,1,0.6365876193409301,0.6841101709869561
ee278a5a25744cac,2022-03-05,1,0.447405997144217,0.4115409861025587
fce6ab43b7d09aa4,2022-03-05,1,0.5962732919254659,0.6161079542843595
226884e46a10865d,2022-03-12,1,0.6581196581196581,0.6781835210873837
23eec2d9cb2d78cd,2022-03-12,1,0.42888402625820565,0.4721589007246257
26fbee4ed13ff35d,2022-03-12,1,0.4782608695652174,0.4604519170502046
3b06c512abfa0494,2022-03-12,1,0.6365876193409301,0.5974834605168045
463fac0e48505b62,2022-03-12,1,0.5882115462252725,0.5766362828428846
5cad3ab6553e9ec9,2022-03-12,1,0.5427435387673957,0.5094084697021927
70b8d357e89383bd,2022-03-12,1,0.7104677060133631,0.7688806182086694
8aa16cc1ba99aac1,2022-03-12,0,0.17401668653158525,0.18020487689315776
9cb78122a23e6a7d,2022-03-12,0,0.5711159737417942,0.5316011934639044
b400c29fbeee0206,2022-03-12,0,0.5962732919254659,0.6256452004110673
b55de7d791b9f62d,2022-03-12,0,0.25107991360691145,0.24776920150147383
b70313eae7c24b27,2022-03-12,0,0.3698979591836735,0.3270341781052587
f10c2c84652ef573,2022-03-12,0,0.35714285714285715,0.3664610172158548
06641a8c62e45661,2022-03-19,0,0.447405997144217,0.4757496044167745
4c7e55061dc3bf89,2022-03-19,1,0.7925457102672292,0.8674555961881525
53d0df57a917c6a0,2022-03-19,1,0.5427435387673957,0.6078551906562093
5a878a6bebc973d7,2022-03-19,1,0.562043795620438,0.5522394228072094
5e378c52f26935d6,2022-03-19,0,0.7153024911032029,0.7456840515891544
6e705b2365bc03fa,2022-03-19,0,0.6755725190839695,0.6692135324078673
766b4f5e77ab0860,2022-03-19,0,0.6428571428571429,0.7007700388334676
a200b5dcbdd2506e,2022-03-19,0,0.17902813299232737,0.24135195979748986
ae989e21c3839b49,2022-03-19,0,0.25787965616045844,0.2381174304040999
bcd1e1d71a172d53,2022-03-19,1,0.8029168309026409,0.8448855367560023
ce3d94186567a684,2022-03-19,1,0.5,0.5425850684439985
1b650c76387c0f4b,2022-03-26,0,0.28085991678224687,0.2718332256984747
3ecccdab76baa59c,2022-03-26,0,0.20115416323165705,0.19298008678351636
3f92025b29e06bfd,2022-03-26,1,0.7054263565891473,0.7633938576290257
410e65e4d1782bfc,2022-03-26,0,0.782608695652174,0.8120815097214361
6ed495c177d69a3a,2022-03-26,1,0.8720930232558137,0.8883008701056792
82b2b97b85c7225c,2022-03-26,1,0.46753246753246747,0.4892688707269705
97e522591ac7eb29,2022-03-26,1,0.42016806722689076,0.4287132341573905
bb31c77bddd1317e,2022-03-26,1,0.298804780876494,0.32896403778875344
c4e866d9dd606faa,2022-03-26,1,0.8209718670076727,0.859976546794784
d0b7a79d3e7f3362,2022-03-26,1,0.41178845377472745,0.4372566593467107
f3c37e23ca30c87d,2022-03-26,0,0.4891657638136511,0.5078442775337451
f6afaf2a39fa441c,2022-03-26,1,0.447405997144217,0.4620276714732659
15311d4b33d93004,2022-04-09,0,0.5324675324675325,0.5571982302742787
278b965694e563b2,2022-04-09,1,0.42016806722689076,0.427722299404415
313c36ce9bde6cf6,2022-04-09,1,0.6428571428571429,0.6163045478612705
394b0347b0438622,2022-04-09,0,0.20115416323165705,0.1905844102142117
7458a37feabf8788,2022-04-09,0,0.38848920863309355,0.3467684135878877
7c6ed5b3d830d0cb,2022-04-09,1,0.6365876193409301,0.5902271168787279
88c6e7f71b79fd65,2022-04-09,0,0.41178845377472745,0.425275361875025
9a8964b148cb5923,2022-04-09,1,0.23277042446371515,0.2542601363275315
9e52a67410f2c879,2022-04-09,1,0.5324675324675325,0.5514173919139553
dc0ab34f1952cb48,2022-04-09,1,0.8209718670076727,0.8440524408204314
0987b3f785e26d1c,2022-04-16,1,0.447405997144217,0.4582074108710256
0daf776bd222daad,2022-04-16,0,0.6755725190839695,0.6839791460644424
1ceab8fa45996f51,2022-04-16,0,0.28085991678224687,0.24606899980587457
4f6e7159e77d4215,2022-04-16,1,0.8259833134684148,0.8256668481941499
559031e51ced0b53,2022-04-16,1,0.6507042253521127,0.635141821224126
6d4b6224f26572f9,2022-04-16,0,0.6211096075778079,0.5492731423949988
74c58b9d638c5eaa,2022-04-16,1,0.8178217821782179,0.8009916309181608
7c5fc3fc7be4a997,2022-04-16,0,0.6211096075778079,0.571112534055254
a0a120c50d93f70a,2022-04-16,1,0.4782608695652174,0.5164034431656371
b09f8cd4cbd7ba56,2022-04-16,1,0.6301020408163266,0.6401080497893186
c20e6697335c3b3d,2022-04-16,0,0.19708316909735907,0.20125954085718653
eac46cfead228e11,2022-04-16,1,0.447405997144217,0.45949490495115625
173d576e6247a88a,2022-04-23,0,0.4891657638136511,0.5191991750470225
3a3ac7b3987f6799,2022-04-23,0,0.3295622233152976,0.29097158199628975
6017351e164dbca3,2022-04-23,0,0.46753246753246747,0.4810845902960125
6a4ba72b084193b5,2022-04-23,0,0.5324675324675325,0.5229290053627987
7cf7960c6ccb5fa1,2022-04-23,0,0.8524590163934428,0.869886220436243
926977ec3ed0ebe1,2022-04-23,1,0.6636481241914618,0.6508180357400476
992e84bf59837e21,2022-04-23,0,0.3418803418803419,0.3193631129880789
9b8a82276f06829f,2022-04-23,0,0.46753246753246747,0.46652356076554247
a45d4327bc82bc28,2022-04-23,1,0.6211096075778079,0.6477055070574488
e4d946470fd150fe,2022-04-23,1,0.5798319327731092,0.5727655270742839
e8c57c6259193466,2022-04-23,1,0.8259833134684148,0.8209997762807476
5ae5eb729c6bb169,2022-04-30,0,0.4891657638136511,0.5079163235113804
5b731da9e4be4391,2022-04-30,1,0.5108342361863488,0.48597118690304864
632c2d4ed12f2bdf,2022-04-30,0,0.6912521440823327,0.6536195623622169
6b956992204ec040,2022-04-30,1,0.6428571428571429,0.6177926008536974
760e3f292b834637,2022-04-30,1,0.6040343668285393,0.5899843307545037
7c8701bb78cb4de8,2022-04-30,0,0.3418803418803419,0.3454980322957638
7e4b7a70838e5ba4,2022-04-30,0,0.5324675324675325,0.5634064038895721
80cf37627a129145,2022-04-30,0,0.6428571428571429,0.6651832127325638
9217ecc287ac482d,2022-04-30,1,0.6704377766847024,0.6825753745324472
d2484d74f819d813,2022-04-30,1,0.9128630705394191,0.9132051183391551
eb277b5ea2a19124,2022-04-30,1,0.5,0.5113472869429311
397dd9a8694ef413,2022-05-07,1,0.7880184331797234,0.7732393165598457
430309e0f8a315d5,2022-05-07,1,0.4891657638136511,0.46369609865254824
60d9d50b763adc62,2022-05-07,1,0.5324675324675325,0.5530703950220501
6a902b97ac98c283,2022-05-07,1,0.4572564612326044,0.46977561104013893
7d4e49d8a6678157,2022-05-07,1,0.5427435387673957,0.5765260035463272
80ac36a9dbc4b1a1,2022-05-07,1,0.6912521440823327,0.7107585141832523
8289033e03b4d9a3,2022-05-07,0,0.7619047619047619,0.7908317880902382
8390441d93736719,2022-05-07,1,0.5108342361863488,0.5510491944576026
88455c967a7ef6fc,2022-05-07,0,0.3634123806590699,0.3253822636611469
9d61012a6020516e,2022-05-07,0,0.6704377766847024,0.6929921694780808
a2ebb5f86eb64f22,2022-05-07,1,0.7421203438395415,0.7313333937384021
c020ccbd7cdefb6e,2022-05-07,0,0.3087478559176673,0.3232984127767094
fc4939b3c9071e66,2022-05-07,1,0.3418803418803419,0.3430302286855164
ff6c8dab41efcc09,2022-05-07,1,0.5882115462252725,0.6015881092793024
22f1133d02700bb2,2022-05-14,1,0.7272727272727274,0.777589225130642
2fa88b72973478b6,2022-05-14,1,0.32442748091603046,0.2879105979347089
43543a2c1c7a7135,2022-05-14,1,0.7104677060133631,0.7226185433268878
5c281439d20184f1,2022-05-14,1,0.35714285714285715,0.35251907430738894
7e047b195135ef06,2022-05-14,1,0.447405997144217,0.4281253681398485
8a1aa64eb1f17913,2022-05-14,1,0.5798319327731092,0.5364248850066428
afed0bac5ce5a2f3,2022-05-14,0,0.7553516819571866,0.8083174262965421
b3248692dfb954b2,2022-05-14,0,0.6507042253521127,0.6678115468253674
e240d6f77747ec46,2022-05-14,0,0.447405997144217,0.42666985136872393
f549164690d723bb,2022-05-14,1,0.6636481241914618,0.7006805288264679
1b4d0c9e3c59b33b,2022-05-21,1,0.8209718670076727,0.8333635681159889
3542f9f30926f364,2022-05-21,1,0.7054263565891473,0.7489804780115663
4a789cdd5aaf4439,2022-05-21,0,0.36396181384248205,0.3310208568647152
5136dc566f46daf6,2022-05-21,1,0.43795620437956206,0.48362821941784934
534c07488396e124,2022-05-21,0,0.552594002855783,0.5648735733995794
5d4fb748ad246269,2022-05-21,0,0.42888402625820565,0.3809705981761473
5eaff5c832430378,2022-05-21,0,0.4572564612326044,0.4122942899728578
7a2c841693b54dd7,2022-05-21,0,0.6581196581196581,0.6374241356752447
bc7228d30ff5be46,2022-05-21,0,0.562043795620438,0.5855919398649717
cbdfb3c648d7bada,2022-05-21,1,0.6428571428571429,0.6726234035931736
f682118709b4143e,2022-05-21,1,0.6818181818181818,0.6238235376024335
04e6198326be4857,2022-06-04,1,0.8467023172905528,0.8323863109605869
344d60564cd136ff,2022-06-04,0,0.6704377766847024,0.6626250777696083
3aa49ed298e4c34f,2022-06-04,1,0.5324675324675325,0.6299937276990533
43d7d4b67be48553,2022-06-04,0,0.46753246753246747,0.4772007614245732
4f2501e804c84abe,2022-06-04,0,0.5108342361863488,0.4813909843347689
59b2bbb251968ca9,2022-06-04,1,0.7880184331797234,0.8138215221579976
7a635063e5f1699b,2022-06-04,1,0.6115107913669064,0.6614011349635371
7e20b0536fbbd560,2022-06-04,1,0.6211096075778079,0.5857642666533647
93969a7368dc2e14,2022-06-04,1,0.7011952191235059,0.6815402962190419
a09447d185a62251,2022-06-04,1,0.7011952191235059,0.6980545923768198
a679800d2e7c3be2,2022-06-04,1,0.6428571428571429,0.6474840819819124
aacb47949a572f25,2022-06-04,0,0.23277042446371515,0.20349482871142296
e5e75d831670b401,2022-06-04,1,0.6115107913669064,0.611592572508185
ed32da52aff68944,2022-06-04,0,0.40372670807453415,0.37229817832479556
029f5c36820fdc09,2022-06-11,1,0.5217391304347826,0.5976216898015092
049ad6d87b42eba8,2022-06-11,1,0.8259833134684148,0.8461189656246958
4305cb30533dac77,2022-06-11,1,0.5962732919254659,0.5843465810582102
4a116a55ffaa0d64,2022-06-11,1,0.35714285714285715,0.5008910639324238
50eed57ea1390e16,2022-06-11,1,0.7104677060133631,0.7069119337066664
c94b153951be7590,2022-06-11,0,0.6636481241914618,0.6649752173510154
d7a7ba46c4f075d7,2022-06-11,0,0.4782608695652174,0.4373397542415388
f115a91066a77ee7,2022-06-11,1,0.6301020408163266,0.6309591546446923
fd49f89b9d97566b,2022-06-11,0,0.33635187580853815,0.3811275112885127
11e83902f5b8ff63,2022-06-18,1,0.32721864154685176,0.3106823330579303
1378fc2be3819b2b,2022-06-18,1,0.7421289355322339,0.7630814365496689
1bc662949337a8c4,2022-06-18,0,0.2540415704387991,0.22835643711912715
20cefe64f4b28be8,2022-06-18,1,0.7388632872503841,0.7510886467055844
2c7c7648e847f2e5,2022-06-18,0,0.6979865771812079,0.6855791923689427
4e6218b6b892b017,2022-06-18,1,0.6727813584531482,0.6944776300313071
5095f6290670009d,2022-06-18,0,0.3932993445010925,0.4644340319961545
5b5d7f7ae712c6d8,2022-06-18,1,0.28831562974203334,0.30471875193247333
6e559181bfbc77e1,2022-06-18,0,0.7116843702579665,0.733296044056311
897d9e21c59d0633,2022-06-18,1,0.6888888888888889,0.6924834472007712
8b5c760f34daafe0,2022-06-18,0,0.14285714285714285,0.12564211412310916
9a92d376fba2379d,2022-06-18,0,0.46753246753246747,0.49045867735978443
e8a5e53ffd33c0f9,2022-06-18,1,0.3158617532616159,0.33290838143990087
029a12d36a4687e1,2022-06-25,1,0.6792452830188679,0.6693209135313123
1f5f59924b59408b,2022-06-25,0,0.6792452830188679,0.7048116511338689
21f79cd40513d075,2022-06-25,1,0.3510791366906475,0.3838885777051607
24a9fc95a3112f51,2022-06-25,0,0.35714285714285715,0.35295914880325957
28bd070f7ab0a0b9,2022-06-25,0,0.12844036697247704,0.10202200511586317
28be3fbe5c377380,2022-06-25,1,0.41178845377472745,0.4272017724065334
2c73bf152247f25a,2022-06-25,1,0.320754716981132,0.2958677131056833
3c98739eb42f96bf,2022-06-25,0,0.2146439317953861,0.2266847547712279
3f38100fd8dae286,2022-06-25,1,0.5108342361863488,0.5027176367718563
8cc43d79b61efc25,2022-06-25,0,0.5324675324675325,0.6167107874287789
a457331c27bce6d5,2022-06-25,0,0.3932993445010925,0.37443679144643616
c57c8e22a3e8dde2,2022-06-25,1,0.552594002855783,0.5432968715615317
0308bcdd00cc72e2,2022-07-02,0,0.5324675324675325,0.5486269669311782
0e2c7ec02a095813,2022-07-02,0,0.5882115462252725,0.5985628649507638
12a33d16e1d4e2d9,2022-07-02,0,0.4782608695652174,0.4775625777758404
1c85003f6ec59c9d,2022-07-02,0,0.2679147837314396,0.2582609234752375
4047e98132306cd5,2022-07-02,1,0.6211096075778079,0.6592035810149101
459bc7c0b47719c3,2022-07-02,1,0.6301020408163266,0.6289125881630059
57775c8af89007c7,2022-07-02,0,0.3932993445010925,0.38181832476746846
98411542ca0e847d,2022-07-02,0,0.42016806722689076,0.41769920858865084
99ac96bb67e5c5e4,2022-07-02,0,0.2509516424644015,0.20835155259696048
a7eaf7b101166d3e,2022-07-02,1,0.814385150812065,0.8317485717933741
04e1ff7aeda2a018,2022-07-09,1,0.41178845377472745,0.373953167538058
478bc7d1288e043e,2022-07-09,1,0.5882115462252725,0.813155214474724
6c60e58f8e9e7a4c,2022-07-09,1,0.6888888888888889,0.7158621713621577
81cbb709dedc914d,2022-07-09,1,0.6211096075778079,0.6131242512985866
a103b30f6898de7e,2022-07-09,0,0.32721864154685176,0.3234433313062863
a652918360fe9a72,2022-07-09,1,0.8515283842794761,0.8300873045987325
bba6cc8760da34ab,2022-07-09,0,0.20140105078809104,0.17795650722157333
be69cbf1f1671c8e,2022-07-09,0,0.3452115812917595,0.37559144324082566
c58b3223b5caa18a,2022-07-09,1,0.32721864154685176,0.26978671724898723
cd63b4144a45b611,2022-07-09,0,0.6727813584531482,0.6646588927520439
fb3f5a65da9f2ac7,2022-07-09,0,0.5217391304347826,0.500646765099533
4965d8eab468b839,2022-07-16,1,0.3510791366906475,0.3339152748101478
4dd2bcd2b025204e,2022-07-16,1,0.6547884187082406,0.664069122011845
74b8a36293758342,2022-07-16,1,0.3932993445010925,0.3755547780050451
7503d5c892f238fb,2022-07-16,0,0.6365876193409301,0.6090323090965865
8e4024cb49c963f2,2022-07-16,1,0.30201342281879184,0.33738694130702773
9f3326195672c2b9,2022-07-16,0,0.447405997144217,0.43167226491303345
a5d2f0fed3ce2899,2022-07-16,1,0.46753246753246747,0.48549756127380284
b1af3bd0f8266a90,2022-07-16,0,0.3932993445010925,0.3760098884610888
d439374c1fc95581,2022-07-16,1,0.6140350877192983,0.5880009587181424
dd456668731bd52a,2022-07-16,1,0.41178845377472745,0.40594636378702376
e57bfadb506e4f51,2022-07-16,0,0.2679147837314396,0.3110661237667767
ebefe958473b3843,2022-07-16,1,0.6888888888888889,0.671857323243285
1c84dafe38694c05,2022-07-23,0,0.33953112368633787,0.3574949034791798
1ff520024da5b3b2,2022-07-23,1,0.6428571428571429,0.7228424261931878
2dbf9d8d6915711e,2022-07-23,1,0.8064516129032259,0.8184025561785145
3d35f25d9792a69a,2022-07-23,0,0.42016806722689076,0.44050237063486186
47b1cd4e3e2595f8,2022-07-23,0,0.42888402625820565,0.4398110058507944
8e02bdaac8ed50e5,2022-07-23,1,0.7076023391812865,0.6702985228182349
925a36a4af600291,2022-07-23,1,0.5,0.5703569053279195
a1029686c3f1bead,2022-07-23,1,0.7156573116691285,0.7041828233568423
a57969d4ba7d4a79,2022-07-23,1,0.7942689199118296,0.8126000296943883
b0d06858fb725654,2022-07-23,0,0.7807933194154488,0.799641598147231
d0fb381cacbb0446,2022-07-23,1,0.41178845377472745,0.4730036697942287
dd6dbe644f599795,2022-07-23,1,0.7853560682046137,0.8247209428628213
e600b78e5a652dc0,2022-07-23,0,0.5,0.5361586849287078
f6fd50bf69bb59e6,2022-07-23,1,0.8180815876515986,0.8373646422198571
0366e183296fea07,2022-07-30,1,0.5217391304347826,0.5782877623381313
058c2724dec1add1,2022-07-30,1,0.8279205041202131,0.8592289198532063
189b9af881b96de6,2022-07-30,1,0.6428571428571429,0.6348393552330336
1ed550f094ca7745,2022-07-30,1,0.562043795620438,0.5330433879111504
52f87252af59e23b,2022-07-30,0,0.41178845377472745,0.43581478614148617
579b5770129b328a,2022-07-30,1,0.3698979591836735,0.475437433081387
5a1ce88ec1f75160,2022-07-30,1,0.6547884187082406,0.6906528337996949
66f7bb31d24b3b36,2022-07-30,1,0.6489208633093525,0.6790685157773562
72c3e5eacde4f0e5,2022-07-30,0,0.3158617532616159,0.3677453075944562
81a18de517a3336a,2022-07-30,1,0.5990922844175492,0.5977451706837738
96b62bd56b252bab,2022-07-30,1,0.6365876193409301,0.635831164315442
e492dc60d8e44866,2022-07-30,1,0.8250000000000002,0.8422523464238961
044d210d7b1eb519,2022-08-06,0,0.2679147837314396,0.2190946984087289
2b11aa4b90b1dd41,2022-08-06,0,0.43795620437956206,0.4653075408294511
36f38c2534ef646b,2022-08-06,1,0.28831562974203334,0.32407349176662875
4adef20ce69217be,2022-08-06,1,0.7388632872503841,0.8036892507175061
a274ed04c36d40d4,2022-08-06,1,0.4782608695652174,0.47888927331397435
a6b328733d610e2b,2022-08-06,0,0.6547884187082406,0.6567457757846624
a8bc6e005077bb0b,2022-08-06,0,0.2644836272040303,0.26805514949638315
b5274277ef6707c9,2022-08-06,1,0.6365876193409301,0.6040314738353149
b530bb13aac1e48b,2022-08-06,1,0.8715596330275227,0.8668719539301211
eda397c27787afa4,2022-08-06,0,0.15518546555639667,0.16423585850635
0823f97be9c3a62e,2022-08-13,0,0.7942689199118296,0.8273638788179402
11cc331fa40ede63,2022-08-13,1,0.6675191815856777,0.6618949313664265
38b6ef176439c39b,2022-08-13,0,0.7204034684126703,0.7189648389494763
5f31f3e32669f5b9,2022-08-13,1,0.25787106446776614,0.23572300593395232
7f9a331bc3100afd,2022-08-13,0,0.27586206896551724,0.2529546960791479
833d67f423315d18,2022-08-13,1,0.6547884187082406,0.6793143650079211
8986373b4a6e90b6,2022-08-13,0,0.6301020408163266,0.6385408603653886
b96c8fef6c9f92db,2022-08-13,1,0.7277768442278608,0.7223506429902704
d19e010f071a4b45,2022-08-13,0,0.42016806722689076,0.4250684535243731
efd7efba85092c6f,2022-08-13,1,0.2540415704387991,0.25499968422124686
f858f91453555291,2022-08-13,1,0.7555791710945804,0.7439453802724733
0cf7a4593fd44e59,2022-08-20,0,0.29239766081871343,0.2924141606321837
2ac3ce1f62b3c4b9,2022-08-20,0,0.41178845377472745,0.380040525966398
2cd9e3796be57a79,2022-08-20,0,0.42888402625820565,0.45246268312461035
2de6652160cc7b9f,2022-08-20,1,0.7421289355322339,0.7383088252041206
4dac5258f22be059,2022-08-20,0,0.5990922844175492,0.6227874523672624
5abcf9f282983acc,2022-08-20,1,0.8623188405797101,0.868198472696075
6b9f82291930bfec,2022-08-20,1,0.8064516129032259,0.8197700966381071
d497d74a0df9e35e,2022-08-20,1,0.5324675324675325,0.4901423153630147
e0b98f3cf4a7cc3b,2022-08-20,1,0.2644836272040303,0.23699848617923838
f70c817388602681,2022-08-20,0,0.7320852162685604,0.7369459337534888
1a191251620a84ca,2022-09-03,0,0.4891657638136511,0.4553898283986351
20f316f96c9e4458,2022-09-03,1,0.6888888888888889,0.6949094995693091
398db40015b3c81c,2022-09-03,1,0.6604688763136621,0.6945176936895843
3e2f00991f511607,2022-09-03,1,0.7241379310344829,0.7387744086797617
7bced112f3229b1b,2022-09-03,0,0.32721864154685176,0.34719443221362695
810c9da07970c4a6,2022-09-03,1,0.7985989492119089,0.8349784745417123
acc9a109b00a99e1,2022-09-03,0,0.5798319327731092,0.6214934626758813
b8ca1acdf3dc2f58,2022-09-03,1,0.6547884187082406,0.646632588363719
ca7fd237c16cec84,2022-09-03,0,0.5324675324675325,0.5061479641918994
ce62a50e97d497f9,2022-09-03,1,0.6979865771812079,0.6663327313009098
cf9035f2fc2e232f,2022-09-03,1,0.7204034684126703,0.7431749255839054
fd47032108b85cf0,2022-09-03,1,0.3452115812917595,0.33720834242513853
0111e6a64b5184c6,2022-09-10,1,0.8216159496327387,0.8191992481771085
0e6d624086f7952e,2022-09-10,0,0.6604688763136621,0.7086767009004832
301f230c90c4bd7d,2022-09-10,1,0.8339277753009363,0.8483105528316462
6010f681e54ba2cd,2022-09-10,0,0.37889039242219213,0.3674726542801559
77acb96700e89c92,2022-09-10,1,0.4572564612326044,0.4837125798092237
7e8fd03e070d0c25,2022-09-10,1,0.42016806722689076,0.447645512817107
86d57e8ef2191316,2022-09-10,0,0.5217391304347826,0.5068508019903247
989b8d362742f40b,2022-09-10,1,0.6365876193409301,0.5934555646449655
a5cf273faa3982b7,2022-09-10,0,0.6140350877192983,0.611845236564613
bf334cb4e63f3430,2022-09-10,0,0.814385150812065,0.8433358319381685
d3e23d7d207d3ccf,2022-09-10,0,0.3932993445010925,0.40929688913810486
d869eaea38426f06,2022-09-10,1,0.37889039242219213,0.4325470938462302
db3e26d02d790c97,2022-09-10,1,0.7555791710945804,0.7722020256565603
160c17b8fcb0e2a1,2022-09-17,1,0.8105134474327628,0.8233759923362746
35d06627d91b840d,2022-09-17,1,0.22437307523097227,0.22018316049626904
3cbd3565dd631cc4,2022-09-17,0,0.6211096075778079,0.6425959567578352
46b9acec12a35d37,2022-09-17,1,0.6489208633093525,0.628787230853013
8a044e5400b4318f,2022-09-17,1,0.5798319327731092,0.5979843003497178
adb78db5ba8ccc0f,2022-09-17,1,0.552594002855783,0.5617697864340794
bd06f1c2d7e6c4a0,2022-09-17,0,0.5427435387673957,0.5868562138538244
be73f75b52b06f14,2022-09-17,0,0.40090771558245086,0.360859613485258
ce5ebaf8caf8c4a7,2022-09-17,1,0.6604688763136621,0.7209579392701102
d9f5d05b07bae09e,2022-09-17,0,0.41178845377472745,0.3724620972280697
df370b97ea49e6b4,2022-09-17,1,0.6489208633093525,0.6595842486143407
ec0740be19b2ef90,2022-09-17,0,0.35714285714285715,0.3870953550931396
f521ecde1e96a1bd,2022-09-17,1,0.33953112368633787,0.33439612019367054
1aedd959f1523a27,2022-10-01,1,0.8795811518324608,0.8804564925092125
330506571d2778b1,2022-10-01,1,0.6301020408163266,0.623293215352903
63f6af6d5f7b82ad,2022-10-01,0,0.6211096075778079,0.5797805274668485
6c79db79da9ae874,2022-10-01,1,0.28831562974203334,0.2789242032942028
7d0d2cecab358ba1,2022-10-01,1,0.7388632872503841,0.7733987606298572
8c9ff13791378784,2022-10-01,0,0.5324675324675325,0.5463629505717008
a73e33dfce8fcfd8,2022-10-01,1,0.6979865771812079,0.6829290566409142
ad59e2de1ab5c8d2,2022-10-01,0,0.5324675324675325,0.5240206905057739
d33814971932422a,2022-10-01,0,0.6979865771812079,0.7436249035193566
de93fda66d203c26,2022-10-01,1,0.6365876193409301,0.618917223147132
ecc56a86a1eead9d,2022-10-01,1,0.562043795620438,0.5226976222691976
1af23e7aa71a1d17,2022-10-15,0,0.33248081841432225,0.32200189468160967
59695aae245cca73,2022-10-15,0,0.3698979591836735,0.39211736732711516
60bd4d2878c85f70,2022-10-15,1,0.6211096075778079,0.6295998453544575
759c55755d70f7ba,2022-10-15,0,0.33248081841432225,0.3113676332067234
8252a314c778b8e6,2022-10-15,1,0.5711159737417942,0.578715057477536
84b04e8d6b251c54,2022-10-15,0,0.1606217616580311,0.1406466909351614
860050f211b44d10,2022-10-15,0,0.562043795620438,0.5417817909588262
904cf687d22bb486,2022-10-15,1,0.6547884187082406,0.6663874470009868
96d4fe315722d1c1,2022-10-15,1,0.2146439317953861,0.2063745242882268
b4bbc1b7efa770f5,2022-10-15,1,0.7644749754661432,0.7327267704644174
fac560495e61d34c,2022-10-15,1,0.7076023391812865,0.7382264994201517
1b204fc28bb023e6,2022-10-22,1,0.6604688763136621,0.6663111962838968
1e8c33b1917fe1b7,2022-10-22,1,0.8866213151927438,0.9064031981730618
1f0d4572e0facbea,2022-10-22,1,0.6211096075778079,0.6962664579485329
2d36e2c10ee349fe,2022-10-22,0,0.3452115812917595,0.3715546649126758
4011cdf1f182804c,2022-10-22,1,0.7807933194154488,0.7982967489031055
523815acf1bb2420,2022-10-22,0,0.3510791366906475,0.3161532611749812
5c3c4bcc6c746ca0,2022-10-22,0,0.7156573116691285,0.732378354626629
69f39e5d959311b1,2022-10-22,1,0.3111111111111111,0.32745808168497764
cea6760d7bfbe19b,2022-10-22,1,0.562043795620438,0.5609721097833464
d325a1483d78ae75,2022-10-22,1,0.447405997144217,0.48060857378566796
f4d8266a42a41dff,2022-10-22,0,0.3698979591836735,0.3575277071305331
44abbf6b947be6de,2022-10-29,1,0.41178845377472745,0.36430353466640475
5b6bdaf89e493674,2022-10-29,1,0.6547884187082406,0.6318732904338094
5dcba156bd13e0c3,2022-10-29,0,0.320754716981132,0.3080834247144981
6a7db3750822d7be,2022-10-29,0,0.5882115462252725,0.5542597981323418
86dff1593d8b9a1f,2022-10-29,0,0.7355163727959698,0.7237950317632196
98b7dd0ddc52cffb,2022-10-29,0,0.6140350877192983,0.6096721497137402
a554a72bb0377213,2022-10-29,0,0.46753246753246747,0.4504575225789305
bf59d9f8bd9536f3,2022-10-29,0,0.3698979591836735,0.39048698782124336
d6d141afdd31c3f1,2022-10-29,0,0.35714285714285715,0.35868794441399554
f32d918ee06cb83b,2022-10-29,0,0.6211096075778079,0.6023340322588152
fdb9d29cf0edc16a,2022-10-29,1,0.7807933194154488,0.8203359889784754
1535fb6549fa8bab,2022-11-05,1,0.6428571428571429,0.6942238884747537
2664805fde34fb1b,2022-11-05,0,0.22437307523097227,0.23534130389323238
2ab395e21080b10a,2022-11-05,1,0.7584415584415586,0.7782349248028992
31cb98ce37fd87dd,2022-11-05,0,0.2976554536187564,0.23379313010553368
3adecfc4727a8d73,2022-11-05,1,0.6841382467383841,0.7262200446076877
5475f5b6bad40989,2022-11-05,1,0.5711159737417942,0.6096983405924772
71afa8354da2491e,2022-11-05,1,0.8623188405797101,0.8755198884121959
abfc03893551ae73,2022-11-05,0,0.6841382467383841,0.6810867938473736
b279559f15ecf29b,2022-11-05,1,0.5108342361863488,0.559383072310744
b87ac039e3b13940,2022-11-05,1,0.5324675324675325,0.5660534911564402
cfca30d3ef3c86b9,2022-11-05,0,0.2976554536187564,0.29014685820759917
04f32bb0c0d3a8cc,2022-11-12,0,0.6547884187082406,0.6796192330524498
09afa6ce4747a1a2,2022-11-12,0,0.3111111111111111,0.34700856589765716
1f922cfe6178e830,2022-11-12,0,0.46753246753246747,0.49329688887642065
40707ddc9fdea500,2022-11-12,1,0.40090771558245086,0.40121631508284705
65ce9335b93d9c57,2022-11-12,1,0.6140350877192983,0.6240754151330479
6f22afbc5f8e0bd3,2022-11-12,0,0.6365876193409301,0.6376715210843343
77c78d0a71b10692,2022-11-12,1,0.5882115462252725,0.5475836684023637
7f93b2f38497caec,2022-11-12,1,0.3698979591836735,0.3964934765068162
93da91272d4a7ce3,2022-11-12,1,0.7807933194154488,0.8155767149708346
bee95769a221af9a,2022-11-12,0,0.35714285714285715,0.41259069965998674
db026ff6eee4d174,2022-11-12,1,0.552594002855783,0.5674983462616671
ff2e4b411f695017,2022-11-12,1,0.5,0.5055557843005972
0f2983fe7753403f,2022-11-19,1,0.6365876193409301,0.625015885971134
110f539523a4b571,2022-11-19,0,0.33248081841432225,0.29883700381658806
144443d4dbf43990,2022-11-19,1,0.42016806722689076,0.4262752510139884
33719a2d9c69ed17,2022-11-19,1,0.5990922844175492,0.5792797853434801
594435375d641f63,2022-11-19,0,0.3859649122807018,0.37057100228087797
a3696c847ef6c7f9,2022-11-19,1,0.6140350877192983,0.6265020872724838
b4cfb34e8224fd77,2022-11-19,1,0.5990922844175492,0.5929489383415252
bd064deb3494b41a,2022-11-19,1,0.5,0.39834045557777004
c317f85a8266313e,2022-11-19,0,0.4891657638136511,0.46117197205111443
c33257dd0605c7de,2022-11-19,1,0.6365876193409301,0.5826594578190949
d0c01840c72429c6,2022-11-19,1,0.8422090729783039,0.822316212573878
0c9faf26efe2cdcc,2022-12-03,1,0.4572564612326044,0.43686832859312996
1114cd1515cf3b8f,2022-12-03,0,0.41178845377472745,0.3972697348907331
2cec230248d7eb97,2022-12-03,1,0.7520661157024794,0.7767924922914539
30abc50a2e71c576,2022-12-03,1,0.6792452830188679,0.6961104969611672
5a8f7afc5ea69537,2022-12-03,1,0.7697368421052633,0.7940987009207479
7bd6969c4ed979f9,2022-12-03,1,0.32721864154685176,0.34764147188661143
7fbf09533c59e43f,2022-12-03,0,0.5217391304347826,0.49467851292167353
92c1d9a6d313cb0c,2022-12-03,1,0.2355250245338567,0.21625277976854698
972e17c1b98fca06,2022-12-03,0,0.37889039242219213,0.35358996033735285
a419e6df765aa755,2022-12-03,1,0.3932993445010925,0.3634258832158748
a71764d5da04e3bc,2022-12-03,0,0.6675191815856777,0.6724012503526581
be977e524ef56aa4,2022-12-03,0,0.19354838709677422,0.19496333985648195
ca0f0a35a1fcb453,2022-12-03,1,0.32721864154685176,0.3164281309773605
f17813d03fcd8e7a,2022-12-03,0,0.21920668058455117,0.22387229276730256
11f65de5348e4bc4,2022-12-10,1,0.5882115462252725,0.5812902154817661
144cd3f62591a5fb,2022-12-10,1,0.6979865771812079,0.6688211955228639
1779cc4ae925df01,2022-12-10,1,0.5990922844175492,0.6367429785544393
2d9d966e0e8df232,2022-12-10,1,0.5217391304347826,0.5132039598129776
4e9d76ed54f1f352,2022-12-10,1,0.7320852162685604,0.7267244592397053
5bc31abb5842942a,2022-12-10,1,0.7156573116691285,0.7608664695766033
a1a5d06b0e7ada62,2022-12-10,1,0.5990922844175492,0.5675583558936528
a346180c8b109469,2022-12-10,1,0.3932993445010925,0.3282597977351964
ecab8b8b36727b8d,2022-12-10,0,0.3634123806590699,0.36865141876537355
fd7421f421e802bd,2022-12-10,1,0.7116843702579665,0.7330848349539565
4ea48bf2407b405d,2022-12-17,1,0.5108342361863488,0.5173989607682863
5f4e944ff1bdcd9c,2022-12-17,0,0.7277768442278608,0.8052935539475369
8f00da6ea8186ce2,2022-12-17,0,0.41178845377472745,0.3896106066977619
9c1a2ac64c98d2f6,2022-12-17,1,0.3932993445010925,0.36339476114309577
c960184a583f1861,2022-12-17,0,0.6301020408163266,0.6281545041850287
ccb7e2851319345d,2022-12-17,1,0.7320852162685604,0.7206061999434722
ce7744d45a698aa6,2022-12-17,1,0.6428571428571429,0.678491191766762
d95eeba3de7ecac5,2022-12-17,1,0.7807933194154488,0.7611177657564795
e0444752d18fda7f,2022-12-17,0,0.3158617532616159,0.34746319674755016
ed6203e849a2bf28,2022-12-17,1,0.5,0.44163746894568756
efc64d8aae5628c9,2022-12-17,1,0.5990922844175492,0.6112317565517977
f87a7812733f7e8f,2022-12-17,0,0.3510791366906475,0.3640331920381287
5305049e4215d263,2023-01-14,0,0.4891657638136511,0.5287569780755811
5a2fa552e70958d4,2023-01-14,1,0.7697368421052633,0.7777622942622477
622cc4ef46913020,2023-01-14,0,0.5798319327731092,0.6286781916443296
76b6058cddda9238,2023-01-14,1,0.8623188405797101,0.8654573124584507
868c83e734dbbceb,2023-01-14,1,0.447405997144217,0.443302314898188
9f09e77e46f15766,2023-01-14,1,0.8064516129032259,0.8085993837644072
a4c7d59d340794c0,2023-01-14,1,0.8795811518324608,0.9104042905295504
b6723b9c6ff4d594,2023-01-14,1,0.7555791710945804,0.7798065231874636
c88a7dbe7717d2da,2023-01-14,1,0.552594002855783,0.5048458949439215
c9144a294c73b06f,2023-01-14,1,0.7388632872503841,0.7394465846197709
d4420be78065de03,2023-01-14,0,0.562043795620438,0.5629860930793528
1c51f405e5c46572,2023-01-21,1,0.8027415580073554,0.7666166250167759
1d35e4c0941d1397,2023-01-21,0,0.562043795620438,0.5388121205728378
221982930283140,2023-01-21,0,0.1972584419926446,0.23187349634319418
2d1ac675e6c1e6ea,2023-01-21,0,0.3698979591836735,0.3813309434368815
354dc211166a3982,2023-01-21,0,0.2415584415584415,0.3394467542006944
5ad8aa57c8d69680,2023-01-21,0,0.7277768442278608,0.6872792458543672
7ed9e8f3258446c7,2023-01-21,1,0.6140350877192983,0.7235609777708414
8cdcdfb76d1670dd,2023-01-21,1,0.7584415584415586,0.7468242745708032
911b73db91738da6,2023-01-21,1,0.5,0.6224110818000486
a3ef3d05ddd80a94,2023-01-21,0,0.3634123806590699,0.3183866542592403
dde7d29cc443e263,2023-01-21,0,0.42888402625820565,0.45558141676066843
f09c3d8a26806761,2023-01-21,0,0.5427435387673957,0.5596055808829555
fcf385ae75191b57,2023-01-21,1,0.814385150812065,0.8166165716133578
fffdc57255274be1,2023-01-21,0,0.12454742939898623,0.14563017563905087
765482eb58e8db48,2023-02-04,1,0.6604688763136621,0.6961108752252346
7a1abc0230af730c,2023-02-04,0,0.7076023391812865,0.7262746499920877
8741e6a3a5a22a7f,2023-02-04,1,0.5711159737417942,0.5992862678176203
98094a500529d442,2023-02-04,0,0.33953112368633787,0.3827133019642643
983fab4080743ed0,2023-02-04,1,0.6428571428571429,0.7090432477972087
a26ca06cce403ce2,2023-02-04,1,0.8928571428571429,0.9140895501456289
a8067e65eb737a09,2023-02-04,0,0.17500000000000002,0.20460728714990747
b1b20c686dfe3204,2023-02-04,0,0.5882115462252725,0.6225859909679922
c63d8062c89c4c33,2023-02-04,0,0.7490483575355985,0.7260020176307949
caeeb398f73d213a,2023-02-04,0,0.2722231557721391,0.23160866725571355
16dbe70eb7007f17,2023-02-11,0,0.24793388429752067,0.25101122949663507
2208b9f471a201d9,2023-02-11,1,0.6211096075778079,0.6660301305620621
256894b49303537b,2023-02-11,1,0.7584415584415586,0.7970265602867951
28af78600d6580f1,2023-02-11,1,0.7900763358778627,0.8255759891591965
4f672dd40867d8c6,2023-02-11,1,0.7388632872503841,0.7412147582340625
51a12878b151d67b,2023-02-11,1,0.7490483575355985,0.7915532451169605
8b7bc2af1e15b668,2023-02-11,1,0.5,0.5099573798804523
a37a6b6f9551a6e8,2023-02-11,1,0.7023445463812437,0.6443689609463841
ca2672e68fedf4b7,2023-02-11,0,0.6604688763136621,0.6483226806475291
da22d5a717ae9e35,2023-02-11,1,0.5217391304347826,0.5498777370289134
3d46d635f9ae5e68,2023-02-18,0,0.3452115812917595,0.3367568365656099
3e90b7fd1e9f86bd,2023-02-18,0,0.2795965315873297,0.2636496150919114
3f837b469ba33c7c,2023-02-18,0,0.2795965315873297,0.26263244279990516
40781a64c4cea877,2023-02-18,1,0.7355163727959698,0.734274371455955
435ba9b407b844ef,2023-02-18,1,0.7520661157024794,0.729767691929413
43ec12079ccc371c,2023-02-18,1,0.37889039242219213,0.37147078625397023
682ff095649c9a5c,2023-02-18,0,0.3452115812917595,0.3415219502052034
c3a4187fc821bfff,2023-02-18,0,0.1972584419926446,0.19699432000085654
d45d9c7d60f332da,2023-02-18,1,0.6888888888888889,0.6613718612154313
dc6f69f923744948,2023-02-18,0,0.5427435387673957,0.5299325349934632
dcc3da324eb5f26c,2023-02-18,0,0.5217391304347826,0.48672398588990906
00a94d5fc7ce55cf,2023-02-25,1,0.6604688763136621,0.6404894662575874
02615499125b4b5d,2023-02-25,0,0.37889039242219213,0.37062963175660907
12d9b4a3931be5ec,2023-02-25,1,0.8105134474327628,0.8341189967251356
2ba11e0bf32829d6,2023-02-25,0,0.6489208633093525,0.6712121306179619
5737084215c45792,2023-02-25,1,0.8515283842794761,0.8650456728162726
63670e1b8f164d4a,2023-02-25,1,0.3932993445010925,0.3771301883777939
83fa3a382acc7bdc,2023-02-25,0,0.3698979591836735,0.3824494543152868
a7f66f13f953352f,2023-02-25,1,0.4891657638136511,0.5083422797596179
d6357dab7ccdf2db,2023-02-25,1,0.552594002855783,0.5325603721868041
faac24c1b3d6368a,2023-02-25,1,0.46753246753246747,0.46763313837313064
009feda296ae589c,2023-03-04,0,0.4572564612326044,0.4430883455417104
0eb16f1307f66a11,2023-03-04,0,0.3111111111111111,0.2833148585413834
22fc6b3f4e48cfa3,2023-03-04,0,0.19354838709677422,0.172580977675855
2b9daf452ab40b9b,2023-03-04,1,0.8986486486486486,0.8999318763023749
636fd144716a3084,2023-03-04,1,0.5882115462252725,0.6330705841792518
a69afe4a88c0ca12,2023-03-04,0,0.8250000000000002,0.8464375949033753
c29e2c49e1e417c8,2023-03-04,0,0.46753246753246747,0.4707632589678655
c2fc4c1e0c769655,2023-03-04,0,0.320754716981132,0.33039652849363144
c3b9b97467f828d1,2023-03-04,0,0.32721864154685176,0.290081589613268
cd20dac4daa4f93a,2023-03-04,0,0.22437307523097227,0.2514521268360104
ec490d4224d3bc78,2023-03-04,1,0.5990922844175492,0.5874757347920968
0ccd2593c88209e4,2023-03-11,0,0.6900916630292449,0.6396688667938942
2c58a97f2fe6c985,2023-03-11,1,0.8869565217391304,0.9024227244540195
3b561a154aa2bbb2,2023-03-11,1,0.42928940388105546,0.36481359291746795
3cf3771274a4f8b1,2023-03-11,0,0.6853932584269663,0.7319691042547853
804c350ce714770f,2023-03-11,0,0.4454847478103292,0.43660786916078137
8d5b88e0ff253617,2023-03-11,1,0.5242214532871973,0.5512514619307521
b9539d5e379b3edc,2023-03-11,0,0.6777862016679302,0.673849671569305
c3af2b6ab1262fef,2023-03-11,0,0.38167938931297707,0.34745297999825875
c4e4954beb59eca6,2023-03-11,1,0.5634920634920635,0.5594380709171296
ccb5e29cd0347110,2023-03-11,1,0.7212543554006969,0.7503397302528931
d6945828f5fa7492,2023-03-11,1,0.6027039848197344,0.6472840267110123
e9c6bac0d1a5ec0f,2023-03-11,1,0.6946564885496185,0.6831872228108974
019b4d006800504b,2023-03-18,1,0.7612732095490715,0.8050605145580972
13f5be7a2ea5577e,2023-03-18,1,0.8152295632698767,0.8510331343353967
38094db8e3539cba,2023-03-18,1,0.615032080659945,0.656604622625103
533984c3ff4b4858,2023-03-18,1,0.6183206106870228,0.6110795071510335
53d6d5ad08ac0694,2023-03-18,0,0.747191011235955,0.7822970148195959
5e9c027fb24efc2b,2023-03-18,1,0.6853932584269663,0.7416431308920797
6068385c48de6801,2023-03-18,1,0.7946544980443285,0.8213238913507218
8a3e7085e8e5a6e9,2023-03-18,1,0.6700774600745912,0.6525514391077208
90a83875e1d11238,2023-03-18,1,0.31460674157303364,0.3429672463064422
9f8cf5ac0807d64e,2023-03-18,0,0.7135512302607419,0.8901894631629202
c483ac06b1e33c3b,2023-03-18,1,0.3158617532616159,0.3652844718542054
cdaf65287d9a0ecb,2023-03-18,1,0.5044523597506678,0.6210783486423724
dd9cbf6d6284de26,2023-03-18,1,0.3779812606473595,0.3690621913961217
f40ac11da3bd7f8e,2023-03-18,1,0.8606016140865735,0.8758074408648923
07e39fd5f4f23270,2023-03-25,1,0.47577854671280284,0.49373966622628684
1c2d0db1c9eed052,2023-03-25,1,0.6805555555555556,0.7014709129073861
2f382615155e32b9,2023-03-25,0,0.5913146565171273,0.5459043229704169
33fa6793a7f984ac,2023-03-25,0,0.4454847478103292,0.4458115783455107
6f6fec9c78244174,2023-03-25,1,0.4910905203136137,0.4625998738199187
9433730f95d52fc8,2023-03-25,0,0.299837925445705,0.29973038128984575
b9e037a45f8850fb,2023-03-25,0,0.5965276928719893,0.557107064885091
bce8ece2ff26b4d4,2023-03-25,1,0.6564885496183206,0.652207143184255
c6cc6ae23cbf8a27,2023-03-25,1,0.27424749163879597,0.2770797592920121
0810cdbeb9dd4d02,2023-04-08,0,0.6067545685866297,0.6153738595658201
28e3d939eb043664,2023-04-08,0,0.35358219336888475,0.3522594173490235
2cb34fc074f7a9ae,2023-04-08,0,0.7001620745542949,0.7480180100778601
3165b03ddc6d3b6e,2023-04-08,1,0.6946564885496185,0.768207154797559
355a2f4090c0ca31,2023-04-08,0,0.7001620745542949,0.7395869145123765
678d27af287476f8,2023-04-08,1,0.3484712230215828,0.39526870884553456
71ea7d7985dad804,2023-04-08,1,0.7900763358778627,0.8215826744049459
780147f2ed2637d1,2023-04-08,0,0.30990833697075515,0.2731473739925506
95349402616097cd,2023-04-08,0,0.41429311237700683,0.4048560306724237
bbc76ff9e1b1b142,2023-04-08,0,0.4572564612326044,0.4318031664480955
d7022b6058dbb26b,2023-04-08,1,0.765438008616563,0.773373208940449
119559fd8124fee3,2023-04-15,0,0.3698979591836735,0.36638280693570263
50e675146cda6e7c,2023-04-15,1,0.6613039796782388,0.7064513018573665
5de3a1bbcf705b58,2023-04-15,0,0.5857068876229935,0.6011089443233009
6049301b4deea035,2023-04-15,1,0.6067545685866297,0.5889770728320193
68c1b833ed8849a3,2023-04-15,1,0.5369611539091952,0.5243356371437264
792f139c2b9fd294,2023-04-15,0,0.593369754159424,0.6112101637690939
83c81018bb3aeebf,2023-04-15,1,0.39029115150133903,0.41598830621868227
8b2b2562884821a7,2023-04-15,1,0.44934326753206844,0.5039084195357478
995e79b951da945b,2023-04-15,0,0.4596322941646683,0.5261343226176585
b01e6e97d66681c5,2023-04-15,1,0.6411483253588516,0.6285106906865617
bbde45b2c766bb67,2023-04-15,1,0.36388670338316287,0.40267665454315854
bdbddbc00d07dc4b,2023-04-15,0,0.28644876973925815,0.29407531643549784
cef255a992ba7af3,2023-04-15,0,0.4596322941646683,0.3829087050087213
d856812dc733690a,2023-04-15,1,0.3484712230215828,0.3453429938207607
01aa5949ac6851f3,2023-04-22,0,0.48460320253387285,0.48865040270522664
034cbbec91f67852,2023-04-22,0,0.1780185758513932,0.1519159710213961
06d9fb9c995f1e4f,2023-04-22,1,0.48460320253387285,0.5352049865351411
16628e25a043043a,2023-04-22,0,0.5965276928719893,0.5420785284106644
20c0f50c11509301,2023-04-22,1,0.7594936708860761,0.7848340953871279
277233ca9ea25674,2023-04-22,1,0.41101127891416556,0.4942342549888747
856468ba24a37fcc,2023-04-22,1,0.45326664582682086,0.4373962675260598
8beab5f941dae8e0,2023-04-22,1,0.48017621145374445,0.4678715260469318
a941c4e25ddddfff,2023-04-22,0,0.6361132966168371,0.6242310953217549
d00d5ef4ae0ac01b,2023-04-22,0,0.593369754159424,0.6084056763852173
2b1ac5d8f98639bf,2023-04-29,1,0.43286971331251767,0.38656163360813467
37ae5c09d6f03f33,2023-04-29,1,0.6853932584269663,0.691200511003957
5d11b618f24082dd,2023-04-29,1,0.5671302866874822,0.5886764850603988
88a63555728c2025,2023-04-29,0,0.53125,0.5234052704305954
8dbfbd8f8bd0f00b,2023-04-29,1,0.6097088484986609,0.5949185583694157
c02d44564cb006a9,2023-04-29,0,0.6805555555555556,0.6861674790586457
ca63933f8c898fa2,2023-04-29,1,0.43286971331251767,0.4717163173328105
e0e2c1fc1a178d89,2023-04-29,0,0.5889887210858344,0.5677099072264784
e434035be5453be0,2023-04-29,0,0.40347230712801085,0.45062043633973786
ecec1b0dd64ca2ae,2023-04-29,1,0.765438008616563,0.7854135571551999
f9345fa82bf43847,2023-04-29,0,0.747191011235955,0.7325615202365415
069ab7e7b8b5d262,2023-05-06,1,0.8735632183908045,0.8785409784153778
0c6e3c1f03cd4061,2023-05-06,0,0.3972960151802657,0.435747855161216
2372578d3f554c65,2023-05-06,0,0.3873792948573995,0.42555196521640376
3f8b4aeb3baf4724,2023-05-06,0,0.6659815005138747,0.6700878730334952
4c9bbd9758be1168,2023-05-06,1,0.782608695652174,0.7756555521111389
5f44d6d9e6bbecff,2023-05-06,0,0.5242214532871973,0.5456327049580856
93fb6c7e590487f9,2023-05-06,0,0.4066302458405761,0.4168879962006204
c3ca708aaf4262a7,2023-05-06,1,0.6220187393526406,0.6472834007343692
d22de60b7a3d908c,2023-05-06,0,0.3698979591836735,0.34039882183908055
e3aad51099a23ba4,2023-05-06,1,0.5217391304347826,0.6056553782633586
ed707998b13d0101,2023-05-06,1,0.42101042502004815,0.4485062633472148
14e689e60419d469,2023-05-13,0,0.5836044242029929,0.6338045674221885
3387f430abb7e39f,2023-05-13,1,0.776440240756664,0.8006135357968565
6ca856d1950d8f7f,2023-05-13,0,0.6777862016679302,0.6615191251427404
755202fce24b8f83,2023-05-13,0,0.19620456738501124,0.20579088258263906
81fda78adcaedbc7,2023-05-13,1,0.4548257786000616,0.5189091006508955
838a022ca5d99cc1,2023-05-13,0,0.33869602032176127,0.3828088053900698
acfcf75f0215b7ab,2023-05-13,0,0.48460320253387285,0.4698362584469226
b0f4c7788782e26e,2023-05-13,0,0.27874564459930323,0.2916499241331963
c501576b8ec35758,2023-05-13,0,0.48460320253387285,0.49743445909198414
dae2484418631ff5,2023-05-13,1,0.7994561522773624,0.8313271354438638
f2ced83baf0457fc,2023-05-13,1,0.33099297893681046,0.3453811574053305
12683e06369d1a83,2023-05-20,1,0.5707105961189446,0.5871379319029022
33007109c9ca1ede,2023-05-20,1,0.5671302866874822,0.5813314373723929
3638ee66c7d34fe0,2023-05-20,0,0.33869602032176127,0.33724359220728295
49bd9a2f1fbebd1f,2023-05-20,0,0.4003612281757977,0.36929150626658896
73700c8c5107f719,2023-05-20,0,0.32654254800662835,0.2608043905456903
744cbe6e49d4f41c,2023-05-20,1,0.870775347912525,0.8891243813928489
7d583e4002622848,2023-05-20,0,0.4672117470382112,0.44522921948482636
8502f245aabd64ac,2023-05-20,0,0.4365079365079365,0.3369008162962409
924f982f0d9d2142,2023-05-20,0,0.4454847478103292,0.4491710371380216
cb9654746447b934,2023-05-20,1,0.593369754159424,0.6304863685010659
eca400aeeb2763d1,2023-05-20,1,0.47577854671280284,0.45116584490650974
fb70b62915fdcec6,2023-05-20,0,0.36135228209729836,0.32614224597500074
4d0029ad31bdd85a,2023-06-03,1,0.6564885496183206,0.6422786474728087
5459c3bb88d031f9,2023-06-03,0,0.4454847478103292,0.43235469802675114
72bb7605e340a8fe,2023-06-03,1,0.41429311237700683,0.4300382712790745
7be3e513a31f6570,2023-06-03,1,0.6183206106870228,0.6502824777423948
84f60cb00b8d4187,2023-06-03,1,0.6659815005138747,0.6369281817092259
913d8a35095591d5,2023-06-03,1,0.6097088484986609,0.6573734664387738
99808befeece3a8a,2023-06-03,1,0.4714576962283385,0.4554192532080351
a122968e96068800,2023-06-03,0,0.5242214532871973,0.5483976713488218
ad7bd4b3ee923498,2023-06-03,0,0.5609756097560976,0.5397676214313184
c98f62eb74e69bcb,2023-06-03,1,0.564288063137126,0.5202644715133887
d7ae0993c7a378ee,2023-06-03,0,0.48460320253387285,0.4595879270379972
dfc62aa72446e4a8,2023-06-03,1,0.5467333541731791,0.6086267874201648
e2f4cd4a9a579488,2023-06-03,1,0.6900916630292449,0.6900139818272873
1676c64a94be0557,2023-06-10,1,0.5594871427548169,0.5674419629060352
46c67efd68a0b15d,2023-06-10,1,0.7001620745542949,0.7409056703522058
47a5d4bb68352055,2023-06-10,0,0.6734574519933717,0.7154673644930895
5311298f79414125,2023-06-10,1,0.5889887210858344,0.5896404553151655
69bc7ca8ce831731,2023-06-10,1,0.7402209614810391,0.7696438158269718
7ee8b91d7f80f8a7,2023-06-10,1,0.29556650246305427,0.27219863802581884
947ea1122c04ba18,2023-06-10,0,0.7212543554006969,0.6885017499185465
e24b65cd8721349a,2023-06-10,1,0.4672117470382112,0.4892331989396583
e9d5ffcacf7d8757,2023-06-10,1,0.6613039796782388,0.6768675393423522
175d9e1ac0725145,2023-06-17,0,0.5327882529617888,0.5882211806680993
5d9b84493f1ed114,2023-06-17,1,0.41429311237700683,0.3380762838322015
6c2199524d762b11,2023-06-17,1,0.8869565217391304,0.9122427176276677
76fd6919d828d5c2,2023-06-17,1,0.6301020408163266,0.6151405048646745
7ba54a10f28c9496,2023-06-17,1,0.43286971331251767,0.38961191078289586
8794031c523bf534,2023-06-17,0,0.36135228209729836,0.35688770245205254
8ea12c7360fa0f6b,2023-06-17,1,0.4365079365079365,0.36455604037383765
98458778348ea5d7,2023-06-17,1,0.6301020408163266,0.6432270541314921
9cfb84817a43b63c,2023-06-17,1,0.6734574519933717,0.691954907374949
bc1be168c064f028,2023-06-17,0,0.28644876973925815,0.25647506207498777
07cb64236ae7aaea,2023-06-24,0,0.6411483253588516,0.6713602663540572
42922bab8a3e1828,2023-06-24,1,0.6813031161473088,0.6884213504751886
582806c33ce6dcf6,2023-06-24,1,0.33401849948612544,0.29348852993916835
7b909acede0a26eb,2023-06-24,0,0.6349557522123894,0.5734195912202974
8b296724a6844865,2023-06-24,1,0.5403677058353318,0.5714033946964449
9124740fe7816d70,2023-06-24,1,0.6659815005138747,0.7287651046380713
c22de92b9d9030dc,2023-06-24,1,0.5467012037178121,0.5683412392715947
c2cdeb207cce5ceb,2023-06-24,0,0.6411483253588516,0.6258196865634723
c3ef3cb03edde8bb,2023-06-24,0,0.23456199138343706,0.22801193542221582
ced01368259428f5,2023-06-24,1,0.6067545685866297,0.6416999954899512
f18d44292036d5de,2023-06-24,0,0.629812438302073,0.6179031049146767
fcc1191761e365f9,2023-06-24,0,0.6411483253588516,0.6372936990905606
0548a24a9bf8d7a0,2023-07-01,0,0.31460674157303364,0.3047447034055928
4dc5a41f357a7d85,2023-07-01,0,0.515396797466127,0.5284211773207148
f557405652165aa3,2023-07-01,1,0.593369754159424,0.5562477764225561
420f7e6530dbc727,2023-07-08,0,0.42101042502004815,0.399301959470444
5b71958ee063a6e8,2023-07-08,0,0.39325842696629215,0.3969016008833893
69f67a4a690eb15d,2023-07-08,1,0.7001620745542949,0.749408647665834
dbf8a4b0870a47d1,2023-07-08,1,0.8282442748091602,0.8196914243698737
3352c65f3f6d9b2a,2023-07-15,1,0.819229761592874,0.8241877883794961
3624f4ae9c1d703e,2023-07-15,1,0.7212543554006969,0.7629561556581411
57785c9be5b4526d,2023-07-15,1,0.6515287769784174,0.6432460122141439
6adfe44b110c1510,2023-07-15,0,0.4176257809930944,0.4261585428525111
81b7a6aa147bd912,2023-07-15,1,0.5634920634920635,0.5349501333580747
8362b372adb2f302,2023-07-15,0,0.42576569152588933,0.4786961614367453
b4cc389bb4af3707,2023-07-15,0,0.33401849948612544,0.31693116839295965
b52dccbe69864d2a,2023-07-15,0,0.4910905203136137,0.4766840119980166
cae7de0873e03947,2023-07-15,0,0.30990833697075515,0.27458460545209945
dae80502466c8726,2023-07-15,0,0.22892112420670896,0.217815602988176
e4620f3fa451a3a4,2023-07-15,1,0.593369754159424,0.5744339884705201
eb30c9c975e15436,2023-07-15,1,0.6411483253588516,0.6513323544253261
319b96f615a0a154,2023-07-22,0,0.3698979591836735,0.43503857072809676
3c4305abc2e302d0,2023-07-22,1,0.562043795620438,0.5888422967214479
743a04674ab72ee0,2023-07-22,0,0.6489208633093525,0.6459706678663752
8104fe27bdc46914,2023-07-22,1,0.320754716981132,0.30076508332327206
89b96bc5f3e824c5,2023-07-22,1,0.42016806722689076,0.43378948965658265
8b341eb556c97c23,2023-07-22,1,0.7388632872503841,0.7845766917490468
90e46589a18064bc,2023-07-22,1,0.8064516129032259,0.8313686367154302
9541cf21e031354c,2023-07-22,1,0.6547884187082406,0.6838317644671452
a0bc695b35f155f1,2023-07-22,1,0.5882115462252725,0.6327164225985609
a8a4c9f98ff73839,2023-07-22,1,0.562043795620438,0.5834385084692547
b4e2037f180c1e0e,2023-07-22,0,0.42016806722689076,0.4183860459250904
c4caa8a4f32a0eed,2023-07-22,0,0.3859649122807018,0.34950561951209075
c81d1facf185467d,2023-07-22,0,0.42888402625820565,0.42662745138191066
d54ebd2a3435a357,2023-07-22,0,0.562043795620438,0.5322599434654701
d918da575ee1bc35,2023-07-22,1,0.5,0.5694548987183504
4327fe98e1b6f222,2023-07-29,1,0.7555791710945804,0.7894383826178714
5116f9398bfca446,2023-07-29,1,0.6755725190839695,0.6702512317055412
7a8f218c07347c88,2023-07-29,1,0.7156573116691285,0.7153598455092677
800a35b3a7e52308,2023-07-29,0,0.4782608695652174,0.5279551356351014
c27e33ee8ef53866,2023-07-29,0,0.5711159737417942,0.6081809841593465
cbf1e76186a0c8b3,2023-07-29,0,0.447405997144217,0.46535180693030087
e5ac7343b6d45188,2023-07-29,1,0.6116504854368933,0.5643781598314052
eff6ec2b2f1fb27b,2023-07-29,1,0.33953112368633787,0.31878933312381197
2c0496a5f39ab8a4,2023-08-05,1,0.5427435387673957,0.5484918076926041
2c54be25b09fce50,2023-08-05,1,0.3962430290578221,0.37949899924128716
531ce3d8011fa1f6,2023-08-05,0,0.6690070210631895,0.6688798115299054
554163b1c8c05522,2023-08-05,1,0.7600000000000002,0.811806110586334
79bfba62da6242a6,2023-08-05,1,0.6037569709421778,0.672165360177686
bda7992779a005fa,2023-08-05,0,0.5173641257162701,0.5433104482216877
e5cb9dfc1189d77d,2023-08-05,1,0.6574752261956054,0.7338455931875006
ec2358459ffbe7de,2023-08-05,0,0.2428115015974441,0.22300763823694206
1b1fd32485861655,2023-08-12,1,0.2779207411219764,0.2569504179214198
2c160a1d1fdbf0b0,2023-08-12,0,0.2522172949002217,0.24589693679981114
560a971c6ab8b854,2023-08-12,1,0.42794036443953615,0.4051989889194667
91a5480f48bfaa71,2023-08-12,1,0.6750312469954812,0.651065306846835
9479ba3cdcb1e513,2023-08-12,0,0.5427435387673957,0.5420818648222279
9576d9cba5cf5c4e,2023-08-12,1,0.7095435684647302,0.7219644011034951
9a9479663bedf8b4,2023-08-12,1,0.7335423197492164,0.7680546675287296
c2f730cb33df5221,2023-08-12,0,0.36309581830587784,0.3342176295505379
c57a4810c932b296,2023-08-12,1,0.6037569709421778,0.6081900957314188
ca2aa660bea0cb60,2023-08-12,1,0.6805555555555556,0.7176359448554465
d5929b7fbc801ce4,2023-08-12,0,0.36309581830587784,0.38109870500485066
e346f2b7af63e804,2023-08-12,1,0.4572564612326044,0.4584828818843152
e3573545220ca4ea,2023-08-12,0,0.42794036443953615,0.40681712706950385
1a95cc401f68f4c8,2023-08-19,0,0.3552708211997671,0.38449745755789266
621e6f0929a3dbfc,2023-08-19,1,0.5996387718242023,0.6666725613009572
62d53ad8f8769666,2023-08-19,1,0.3962430290578221,0.37914196195730043
78d2c01dc963f204,2023-08-19,0,0.19999999999999996,0.24970031223056086
845e38dfbfea6e53,2023-08-19,1,0.725752508361204,0.7584212467787391
e9754f597ec50f6f,2023-08-19,1,0.6309403437815976,0.6748958611248693
ee796ecb4ee8680b,2023-08-19,0,0.690792883054068,0.7382804944899449
f995ed679ef8bdf4,2023-08-19,1,0.7571884984025559,0.7903887863572988
fd4d30036a3f3efb,2023-08-19,0,0.3552708211997671,0.3898626575471146
23865dfc8361ac62,2023-08-26,0,0.1918429003021148,0.22242918599955566
293c5f4c9aca5c54,2023-08-26,0,0.4572564612326044,0.4677757114197777
48231fbd1af53674,2023-08-26,0,0.4066302458405761,0.36779898358402197
5531317352862978,2023-08-26,1,0.5996387718242023,0.6569281158242859
96704d7ba3a452d9,2023-08-26,1,0.84,0.859224464351083
977250a28d3b8a3f,2023-08-26,1,0.42794036443953615,0.4235458345258583
b65b37c0e00074d9,2023-08-26,1,0.5720596355604638,0.49992145286588346
bfc9989751bd0d04,2023-08-26,1,0.644729178800233,0.6576549862998621
c53b0f678fe2f16a,2023-08-26,1,0.4572564612326044,0.45679299039399746
da6b863cf684e0ae,2023-08-26,1,0.24918743228602383,0.20002323190875138
dd617f6ab4916ec4,2023-08-26,1,0.690792883054068,0.6807320692733312
de89bea7b0dcd2d3,2023-08-26,1,0.8677165354330709,0.8328183972006912
f7bc845ce74f5fe7,2023-08-26,1,0.593369754159424,0.6385560618611497
0d41a3fa5efef91b,2023-09-02,1,0.7571884984025559,0.7836060181228326
1b9a127f9dadaad9,2023-09-02,1,0.6202531645569621,0.5871350494078098
1be27d95bba03f17,2023-09-02,1,0.558797046641455,0.5921389660871222
1c29c53ff032c5c1,2023-09-02,1,0.6369041816941224,0.6589188697536527
2a48d0a98c21e736,2023-09-02,0,0.24000000000000005,0.22000092185817932
4eaf54ad3c82b6fa,2023-09-02,1,0.6369041816941224,0.6748118689670219
5098d052525da54f,2023-09-02,1,0.6092362344582594,0.5847528455344203
ac73c6888ee9322c,2023-09-02,1,0.7600000000000002,0.8017041544946998
dfa8fd0b82b37fa1,2023-09-02,1,0.6369041816941224,0.6195095107677735
e3a5a7ede88a2555,2023-09-02,1,0.44855888528345095,0.48646254778884296
ea006bae605e2a6b,2023-09-02,1,0.6309403437815976,0.6429653703775665
09a7f0979a58e6ea,2023-09-09,0,0.6637909160111647,0.6747394686994064
0aae15358d8606b9,2023-09-09,1,0.7179705215419501,0.7425485600535705
222bb2c67a87d312,2023-09-09,1,0.7819063004846527,0.7322067033715766
3e1c27f17433f9e4,2023-09-09,1,0.47391341473828014,0.4634090191132768
7f16e7725245bb2d,2023-09-09,0,0.8118668596237336,0.8295664089371807
a3d75cc363a6544b,2023-09-09,1,0.7146785837057409,0.7155253611890595
bfff5a3777841344,2023-09-09,1,0.7905405405405406,0.7630456374310944
e4ed294e16e16d81,2023-09-09,0,0.3249687530045188,0.37372490532113006
f9d2137f380e66bf,2023-09-09,1,0.6369041816941224,0.5780401608851313
2e1435c160bfe8b2,2023-09-16,1,0.7135512302607419,0.7139336915289166
697efaf0d162e877,2023-09-16,0,0.5108342361863488,0.550395516183245
79f03eca3fe5cdb3,2023-09-16,1,0.7659021045164341,0.7811285534999262
7a0813ec0fadc84e,2023-09-16,1,0.7335423197492164,0.6878336004800399
a5d76e93a5052e3f,2023-09-16,0,0.690792883054068,0.7094730318640387
bcec26b425194e40,2023-09-16,1,0.5324675324675325,0.5980893983388824
c0ca4c201d086ea8,2023-09-16,1,0.84,0.8263867668795509
1496969c1497dc85,2023-09-23,0,0.8115183246073299,0.8170775081439157
23a604f460289271,2023-09-23,0,0.5634920634920635,0.5028616960142366
49ede01b061cfae3,2023-09-23,1,0.5217391304347826,0.5149183339549006
6e1bf1b163b3aeab,2023-09-23,0,0.44855888528345095,0.4953372894194908
adb411b0f418ce33,2023-09-23,1,0.7307110438729199,0.7324884597601589
b3c7a5a97978d156,2023-09-23,1,0.4106205619018215,0.44116303344602437
bf647be41de365e4,2023-09-23,1,0.6309403437815976,0.8077562263545542
d8335b728604b222,2023-09-23,1,0.7380410022779044,0.7379729674664302
da1b37edb8ccd3e6,2023-09-23,1,0.6636481241914618,0.7073366938987077
e966de63c8e6b1d5,2023-10-07,1,0.7520040080160321,0.7575364230524053
eb76a5b76a68e4c4,2023-10-07,0,0.39076376554174075,0.3748475152496485
0d6d212fcdf47f2e,2023-10-14,1,0.5324675324675325,0.5703568761156941
751cf3d52fce1d1f,2023-10-14,0,0.5720596355604638,0.5635910130604416
824859c7580eb35b,2023-10-14,0,0.6309403437815976,0.6785895455718802
0ea435ddf02deb60,2023-10-21,1,0.713375796178344,0.7640564453436501
18e5af00a8478a0e,2023-10-21,1,0.7905405405405406,0.8227906326468701
3c6fb6bf9b7afd40,2023-10-21,0,0.3552708211997671,0.4208742108365989
43de9ff6064361e1,2023-10-21,0,0.3249687530045188,0.3064578965227246
7024385b5107bd4b,2023-10-21,1,0.84,0.8685136576461435
75c5f923f966b53b,2023-10-21,1,0.30920711694593195,0.2802909998386632
b84c447bb74febe2,2023-10-21,0,0.7508125677139763,0.7477280666478776
e9256316716499b8,2023-10-21,0,0.20945945945945948,0.2096290878819651
ed3334d108b257a6,2023-10-21,1,0.7220792588780237,0.7147301386940934
f23e9729b2b73c27,2023-10-21,0,0.24000000000000005,0.2529689783463154
119bc264e2bb9877,2023-11-04,1,0.644729178800233,0.66685643450011
3a81276a9641c6a1,2023-11-04,0,0.8,0.7941723882432085
7d474fbf31894108,2023-11-04,1,0.7179705215419501,0.7726640124510558
ac37849f627a79c4,2023-11-04,1,0.7957758771164253,0.8597730872654862
ff8f92cf8fb1b76c,2023-11-04,1,0.644808743169399,0.6485247356142443
128ab9aa4802c73f,2023-11-11,1,0.4572564612326044,0.4841084378999308
480c4dbd2e792d86,2023-11-11,1,0.8542857142857143,0.8449032522422065
4c025d1fff9e9fce,2023-11-11,1,0.6864406779661015,0.7347686229463154
5704e73f91b9e7f7,2023-11-11,1,0.6571428571428573,0.6889786584023175
57333b7bff20ece0,2023-11-11,1,0.5108342361863488,0.5390611048756899
6fd67582d8adb1c7,2023-11-11,1,0.31460674157303364,0.29718230786788785
9fe98de1eac21f2e,2023-11-11,0,0.33651931501393867,0.33672028060206116
a0362d60d2e1db0d,2023-11-11,0,0.3428571428571428,0.3597094017018748
b1f2ec122beda7a5,2023-11-11,0,0.4796954314720812,0.49348314504635893
db49619221b282af,2023-11-11,0,0.4572564612326044,0.48000433184342517
16109688429c09de,2023-11-18,1,0.8284518828451883,0.8514040149736604
2ae243f518948794,2023-11-18,1,0.8630136986301371,0.8570751306885831
36f10b949b935b8c,2023-11-18,1,0.7581792318634423,0.7813423139065108
5be63144ac46f97e,2023-11-18,1,0.623003194888179,0.6474649127679577
62b64802ea49e2fd,2023-11-18,0,0.550561797752809,0.588778850652401
6997693d552600dd,2023-11-18,0,0.36905965621840253,0.3158007652546953
73ebbfb998edc1f1,2023-11-18,1,0.7380410022779044,0.7450402626163658
7990b6716a53b2cd,2023-11-18,1,0.7913616398243045,0.8099547546419986
9abf0b60a44a82d1,2023-11-18,0,0.43103448275862083,0.40323234380872386
b210b99d9c1c9196,2023-11-18,0,0.5692771084337349,0.5226740990195303
bd4d2522cb0d1a23,2023-11-18,0,0.31460674157303364,0.3077626196568831
c1aef0f60a5b62e3,2023-11-18,0,0.36309581830587784,0.31453597924600907
f0fe73e650b746f2,2023-11-18,1,0.19999999999999996,0.1835541020854167
02713b2d25f74d43,2023-12-02,0,0.7508125677139763,0.7449047119940417
20bfa549cb2cabe7,2023-12-02,0,0.26645768025078376,0.29992966206545285
246d06693b5ca1e8,2023-12-02,0,0.5306122448979592,0.5527249143978973
39c4ae4624052f9f,2023-12-02,1,0.5108342361863488,0.5359092453942087
9feb9500b0fedfcd,2023-12-02,0,0.30448717948717946,0.2982358231808214
1afc4f372a125c74,2023-12-09,0,0.6369041816941224,0.6267055144608654
35addc4646509286,2023-12-09,1,0.7994616419919246,0.8183910576516821
5a6e894e4b6cc703,2023-12-09,1,0.5829926410466066,0.5964809491419152
5ac1725f775c6f00,2023-12-09,1,0.15771230502599654,0.13114248192375766
84f6de7c99779e5f,2023-12-09,1,0.8115183246073299,0.8257703792025509
91093a019d32af2e,2023-12-09,0,0.36309581830587784,0.38950709289115126
acc57a9c114b694a,2023-12-09,1,0.6369041816941224,0.5977402334061906
acde7c89bd724af8,2023-12-09,0,0.593369754159424,0.6614744674204405
f9ec8bedc15ece93,2023-12-09,1,0.7477827050997783,0.7614642091832549
fbedeb4e4b019b94,2023-12-09,1,0.593369754159424,0.6457883301727126
03de7404decde12f,2024-01-13,1,0.6853932584269663,0.6337786697505666
0494ebcee93e717b,2024-01-13,0,0.13228346456692913,0.13783910220410406
477c3b9de012e4b3,2024-01-13,1,0.7449664429530201,0.7941173146118503
5344e76e26503716,2024-01-13,1,0.24918743228602383,0.24259162446676155
5f622d812b8f407f,2024-01-13,0,0.5306122448979592,0.4847502485536083
640f2ae3995b3b4f,2024-01-13,1,0.5893794380981784,0.5809872872134634
6f13fe34cb3ca906,2024-01-13,0,0.18848167539267016,0.1850210804908878
a8239866e1222eae,2024-01-13,0,0.6067415730337079,0.6287850744052645
d0d99889c6abd8e1,2024-01-13,0,0.441202953358545,0.4707614286796398
f2b407019b2a5c15,2024-01-13,1,0.8042929292929294,0.8239873063625982
fd29123ff92789e4,2024-01-13,1,0.7055341817105651,0.7271881151128964
14e53999507c76a7,2024-01-20,0,0.4956702459300312,0.54756691978157
1a7cd191f0cf160c,2024-01-20,0,0.34252477380439467,0.3308146120411468
331ddc1141e934d1,2024-01-20,0,0.6574752261956054,0.6501328021806486
43d90683078fcee5,2024-01-20,0,0.6369041816941224,0.6769926259096118
670e4754d8d3d172,2024-01-20,0,0.6750312469954812,0.6589225134109883
7736eb6bd5c1ff4a,2024-01-20,1,0.7768331562167907,0.8253608955274855
97817609ed46baa0,2024-01-20,1,0.24000000000000005,0.275934535200101
a10e2d5416972b9c,2024-01-20,0,0.5634920634920635,0.5800412873290941
ba5005d1116fa45f,2024-01-20,1,0.6092362344582594,0.5999632825118518
dff2685afd98ed9e,2024-01-20,1,0.7179705215419501,0.7573997892087566
faf15b752fb8924c,2024-01-20,1,0.3962430290578221,0.42643229121932275
330d86bfaa4155fe,2024-02-03,0,0.6574752261956054,0.6786898982281179
733e675fd7c0052a,2024-02-03,1,0.644729178800233,0.7045241919394
767ceb4a0cb43ade,2024-02-03,0,0.38356164383561636,0.3786512204937715
7b1882dc76786d77,2024-02-03,0,0.2591283863368669,0.25824562365331905
af6d56860ba4d259,2024-02-03,1,0.6957699520733487,0.7556547361354132
17050a7b673dc49d,2024-02-10,0,0.6690070210631895,0.6810509695900148
246fef4b19c3a7ed,2024-02-10,0,0.30920711694593195,0.3050586819045633
25259e230be9cdc9,2024-02-10,1,0.6224665518611737,0.6116834334359852
406f2aacd1d1faf9,2024-02-10,1,0.31460674157303364,0.30841187785538066
5304956aada097e8,2024-02-10,1,0.5829926410466066,0.5509347678013672
9d8473ae274ed625,2024-02-10,1,0.4891657638136511,0.4803325324577941
e7938bac3ec8b442,2024-02-10,0,0.33099297893681046,0.3398949364308922
01432891260084a4,2024-02-17,1,0.644729178800233,0.6629810641708569
1456a3f96ac7e35b,2024-02-17,1,0.6690070210631895,0.6722440568137171
2aeb3ec2d8c05dc8,2024-02-17,1,0.593369754159424,0.5984317818307461
8fb0092430448368,2024-02-17,0,0.30920711694593195,0.3000759362177022
9785420602b452f7,2024-02-17,1,0.7179705215419501,0.7695284837061135
9ddaa62cc806958d,2024-02-17,1,0.7600000000000002,0.792408186681695
aeb3e4d9710207a4,2024-02-17,1,0.5,0.49917244812136646
bec3154a11df3299,2024-02-17,0,0.5634920634920635,0.5676059657333172
e92fb5c609e20b49,2024-02-17,1,0.8988580750407831,0.9014483578746553
ef13ed466e0b42d8,2024-02-17,0,0.36309581830587784,0.30605138968076645
f87a3fa07f0009c9,2024-02-17,1,0.6574752261956054,0.7127851975242115
063e7ce759c52f81,2024-02-24,0,0.4066302458405761,0.47008360083884065
1c03c1bb62f3aed6,2024-02-24,1,0.8,0.8132949982156998
3b05a4ced6dd74f5,2024-02-24,0,0.5996387718242023,0.6324577805452005
50dae6b76c9c6490,2024-02-24,0,0.18813314037626624,0.25824852372343465
673a156925dfb31d,2024-02-24,1,0.6037569709421778,0.5659629483761982
6e4acb2aaa2cee56,2024-02-24,1,0.8524590163934428,0.8497359161407835
74f5cbecac011abb,2024-02-24,0,0.7220792588780237,0.7406433569256917
93ddc6b233d1956a,2024-02-24,0,0.2904564315352697,0.28339473025375
a376f6d5806d0c90,2024-02-24,0,0.34252477380439467,0.34464203919404424
d1d3b6ab8a56e973,2024-02-24,1,0.44855888528345095,0.4003223975593144
ecbece0cbd60029e,2024-02-24,1,0.740871613663133,0.7858700024578663
024beecfd3f0ed7a,2024-03-02,0,0.2042241228835748,0.16884393633525235
32bd7ed48f5aea7e,2024-03-02,1,0.8081570996978852,0.7967751207678789
3ea7d69a1238f26a,2024-03-02,1,0.771505376344086,0.8244183595598404
4e566db7d26df001,2024-03-02,1,0.7894736842105263,0.7880865648003552
5a82757b553c40fc,2024-03-02,0,0.22849462365591394,0.19894348369348344
838fd9d2b14e0790,2024-03-02,1,0.38356164383561636,0.30330441926197604
a7d397cd0f2ac93a,2024-03-02,1,0.1475409836065574,0.1282830977503188
ba8f219260e212f8,2024-03-02,0,0.551441114716549,0.5713742655963991
cde2f88251b73305,2024-03-02,1,0.5765973826020016,0.6057141847859445
dcf5014e56649c2f,2024-03-02,1,0.8933823529411765,0.9052990397440337
df3cc5ec78d05a71,2024-03-02,1,0.7867435158501441,0.8277092022933963
0133019a4f1055ee,2024-03-09,1,0.44855888528345095,0.4477432816231188
270edfb687c0d20c,2024-03-09,0,0.5634920634920635,0.6115967635374058
33658a3ca932d15d,2024-03-09,0,0.37753344813882633,0.36861321380146306
68f7f992603192c6,2024-03-09,0,0.3962430290578221,0.429293379180044
6e73ebbd089aff5e,2024-03-09,1,0.34252477380439467,0.34333859833189107
7bc7af11050e861b,2024-03-09,0,0.551441114716549,0.61444841198957
894c44c3d04aaf6f,2024-03-09,1,0.7135512302607419,0.7350561115626362
8baff440b82afd2b,2024-03-09,1,0.7957758771164253,0.8345560138915964
9861b6d04e6ed43c,2024-03-09,1,0.5829926410466066,0.6068032724138007
cbdf29f36b343f6f,2024-03-09,1,0.7571884984025559,0.7770859401742968
ebb758b49e82d0ed,2024-03-09,0,0.3249687530045188,0.2604341858071464
f0a9dfbb6f6ac852,2024-03-09,1,0.5829926410466066,0.6146433262058661
35f9beb94b4ef9e2,2024-03-16,1,0.17287630402384502,0.1714586783087625
8bc0c220f7dcefa7,2024-03-16,0,0.5173641257162701,0.48589283255081434
acc7392d48cc09a0,2024-03-16,1,0.3552708211997671,0.3152194980639491
0e6782b758451063,2024-03-23,1,0.4066302458405761,0.40608432464753347
127be512f86618b2,2024-03-23,1,0.593369754159424,0.6549819222869487
48ff3f1bcefbf965,2024-03-23,1,0.5634920634920635,0.5902416408432538
72f123ddb4cc9d1c,2024-03-23,0,0.4572564612326044,0.42164280147431404
8c8337ce8437fe2e,2024-03-23,0,0.6092362344582594,0.6397807724536405
a1294453a28beda3,2024-03-23,1,0.6164383561643836,0.6114517032708303
cd6452a463ec8a28,2024-03-23,1,0.644729178800233,0.6734674382361339
d564e3a6c77d0c85,2024-03-23,1,0.6309403437815976,0.6761288102096872
de7cb625bdec0f91,2024-03-23,0,0.46753246753246747,0.4510634784289448
faf19712bd7ea41e,2024-03-23,0,0.34252477380439467,0.358869181681711
636b01ee49925e49,2024-03-30,1,0.3962430290578221,0.37800480112466295
697e38075fd41819,2024-03-30,1,0.5427435387673957,0.5537087888665895
77992b8727382373,2024-03-30,1,0.39076376554174075,0.4318097326142706
91aa08e910fb4412,2024-03-30,0,0.7179705215419501,0.7301570572842875
976abc27a4e5e26a,2024-03-30,1,0.740871613663133,0.7896509452451592
99dc6d45cbdfa322,2024-03-30,1,0.34252477380439467,0.37582481739619483
de12349f334c964e,2024-03-30,0,0.5720596355604638,0.5589929205691605
e30250daa73005a8,2024-03-30,1,0.690792883054068,0.6891008270130984
e6d4fdad2b3422d1,2024-03-30,0,0.6574752261956054,0.7099736308764188
eb9f9f61507497a5,2024-03-30,1,0.5427435387673957,0.5476028496307203
f59cefe16905d62c,2024-03-30,1,0.5173641257162701,0.5335949157003196
0b9cd718d7e329e8,2024-04-06,0,0.24918743228602383,0.2706758439859594
1685eecc7ef37fb5,2024-04-06,0,0.7508125677139763,0.7638575586438626
188e6416157e5a1f,2024-04-06,1,0.5108342361863488,0.5770777381659906
1f7566c90343a680,2024-04-06,0,0.41700735895339336,0.42243002267679886
32375b4435fea5e6,2024-04-06,0,0.5634920634920635,0.5625629635763962
3ce96bb0c69b39be,2024-04-06,1,0.6636481241914618,0.6958889147402652
3cf5e0ebb5f8322c,2024-04-06,0,0.5996387718242023,0.6638401677902098
47f8812a335b6ce9,2024-04-06,0,0.41700735895339336,0.4035745221644968
5c3b8819dbe98114,2024-04-06,0,0.41700735895339336,0.43601455977818315
6ff21ea2c75c48ed,2024-04-06,1,0.725752508361204,0.7425364815589557
9c22ddb8d8fc1838,2024-04-06,0,0.6224665518611737,0.6417107259376932
ff5a8078ea85bbc7,2024-04-06,0,0.6853932584269663,0.73670862273426
01f7c28804746979,2024-04-13,0,0.334666386023995,0.3048058173977584
0c2e3988793b418c,2024-04-13,1,0.9039548022598869,0.9104728384170642
538ca98010ed00ec,2024-04-13,0,0.4365079365079365,0.4583064898999442
66eddbe35056c06d,2024-04-13,1,0.7867435158501441,0.7986145070618315
b1ac165326d8f29e,2024-04-13,0,0.2132564841498559,0.23015580209204015
cf5e8f98159c3971,2024-04-13,0,0.6224665518611737,0.6073972212834208
d95f21817a56eb05,2024-04-13,0,0.37753344813882633,0.31799984906707524
e4931f3ab3bf4141,2024-04-13,1,0.5427435387673957,0.5320430523635176
eda1e8c285a0a788,2024-04-13,1,0.46753246753246747,0.46029223232779004
0976778a6e6cf8a8,2024-04-27,0,0.33099297893681046,0.338938078365089
0a85b3ad328205ff,2024-04-27,0,0.7867435158501441,0.825616291654535
417049c7a3d65ccc,2024-04-27,1,0.44855888528345095,0.390733687474992
4915c8a588513c22,2024-04-27,0,0.2522172949002217,0.24481990982968685
55231cc4112334b4,2024-04-27,0,0.2428115015974441,0.2446739917709537
681cd3cc6299d652,2024-04-27,1,0.39076376554174075,0.37415202184327684
6ea77cb62aa2f276,2024-04-27,0,0.30448717948717946,0.33673396556282786
7ca5604d99220e88,2024-04-27,0,0.593369754159424,0.6251466602576147
2db0998b24c11ea0,2024-05-04,0,0.19570707070707072,0.20460292207318095
2faf5b8d708f8e94,2024-05-04,0,0.3712871287128713,0.39272928759742914
3e74caa9fff4a5eb,2024-05-04,1,0.7957758771164253,0.8111389938267202
3f419fce8ba8aa0e,2024-05-04,1,0.6164383561643836,0.6334870047565373
8a121f9c48f3773c,2024-05-04,0,0.31460674157303364,0.266899303763867
a8718a3419a11e15,2024-05-04,1,0.22849462365591394,0.22978403344259138
b3d88eaea611a4a8,2024-05-04,1,0.4003612281757977,0.44911503910023765
c456b1950208e0b2,2024-05-04,0,0.34252477380439467,0.3666949566410611
c84a29f426f1aab7,2024-05-04,0,0.2522172949002217,0.22880358116214033
13d8d5cd83e5b57e,2024-05-11,1,0.578989574979952,0.634145868464215
420a5e3b4010ebef,2024-05-11,1,0.48987854251012153,0.5318254701861849
4b45f190122a1ce1,2024-05-11,1,0.5173641257162701,0.5532293249234926
8aa07b6cc40f0cb2,2024-05-11,0,0.29446581828943474,0.3044954690468758
8d9bcbb48888a5a3,2024-05-11,0,0.43103448275862083,0.42553177749455245
ccf3b6eda4c2a564,2024-05-11,0,0.4826358742837298,0.4878650058424183
e98eb6de29c62c9c,2024-05-11,1,0.33099297893681046,0.34094585866767546
ec5d705232983b87,2024-05-11,0,0.4106205619018215,0.422731801484084
17aa636aa98678d3,2024-05-18,0,0.4106205619018215,0.3615714329389673
20220ace492af368,2024-05-18,1,0.5260865852617197,0.5515606436540158
85ddb65429a9d517,2024-05-18,1,0.5260865852617197,0.5234310839588836
052f53e006b28132,2024-06-08,0,0.4572564612326044,0.44035316435925487
2d12ae4683bbf433,2024-06-08,1,0.32558139534883723,0.35386848758306577
393f9bc7b51791a6,2024-06-08,0,0.6309403437815976,0.6467562989381102
3b12094dd48c2dc5,2024-06-08,0,0.558797046641455,0.5163018645479631
b34abcfe4c2e8a57,2024-06-08,1,0.7055341817105651,0.7479358755123556
dcc0c53100fa1dd2,2024-06-08,1,0.7095435684647302,0.7122211649032955
06713afc60301c0c,2024-06-15,1,0.6439672223792032,0.6611644668154951
19ef5890b20f903a,2024-06-15,0,0.4066302458405761,0.428073358606037
3b1438e9ec64990e,2024-06-15,1,0.7659021045164341,0.7544936291635641
6bdb93f9b4581bf6,2024-06-15,0,0.39325842696629215,0.37752559704796385
6f31285305881fe3,2024-06-15,0,0.17154811715481172,0.2014599494857137
78a7bf038e56881d,2024-06-15,0,0.6369041816941224,0.6964328077497585
7f14be4e45bca6bd,2024-06-15,0,0.31943212067435667,0.30369735385510516
94f5b35b2b6c72b1,2024-06-15,1,0.6634806849860613,0.7104010078215305
ab7bc93bdf4132c4,2024-06-15,0,0.558797046641455,0.5648527185681638
e47523ac32bfa24c,2024-06-15,0,0.7380410022779044,0.7720738967561074
fea3a0643218e16b,2024-06-15,1,0.2904564315352697,0.3084577366626655
0ac2da3dbaf2fce2,2024-06-22,1,0.7581792318634423,0.7560588276355343
774fb0c0c1c2bc6a,2024-06-22,1,0.6853932584269663,0.690001321811908
8bd5f20f49434c65,2024-06-22,0,0.551441114716549,0.5400827037016117
8db5cf5df713a7e9,2024-06-22,0,0.37699680511182115,0.37478249849252615
8ddd53a7ed3754d5,2024-06-22,1,0.6498905908096281,0.727608528883077
9d5f562e0572058c,2024-06-22,0,0.5427435387673957,0.5892121559084426
cd3bb8a2824fbf22,2024-06-22,0,0.6634806849860613,0.7045873689944094
de1acb6803ab3f14,2024-06-22,1,0.7659021045164341,0.8044379679721293
eba46dbf9cdd83c0,2024-06-22,1,0.5306122448979592,0.5920234399812114
fbbf5391ea25521b,2024-06-22,1,0.8422876949740034,0.842117370971058
08489fdfb56ee19c,2024-06-29,0,0.33651931501393867,0.3441588948871499
2b7883b304b3df1c,2024-06-29,0,0.551441114716549,0.4890338615844644
5f8a92f10e5451ce,2024-06-29,1,0.8998646820027065,0.9108624616408831
a571c622ab89b3d9,2024-06-29,0,0.4796954314720812,0.3871203219492467
bca5d01f8775f852,2024-06-29,1,0.558797046641455,0.5572770428022974
bf878c083a6b30ad,2024-06-29,0,0.441202953358545,0.4376894351500526
daa6b47be304ec86,2024-06-29,1,0.7307110438729199,0.764621431245848
fbf77262d8da342b,2024-06-29,1,0.6287128712871286,0.6082724302439881
fc8ad0c7fc70dde7,2024-06-29,0,0.2820294784580499,0.3151027247856142
1394ce1832ddefe0,2024-07-13,1,0.6864406779661015,0.6967450016682354
54de03e04f571735,2024-07-13,0,0.5,0.5487005677095556
582afc25875911d1,2024-07-13,1,0.5795601552393274,0.5574910981652478
5eebde8fb4d67259,2024-07-13,1,0.5108342361863488,0.513913168932679
80108a70c4afa6c2,2024-07-13,0,0.7001620745542949,0.7009594704446261
a63bb85cc39389c7,2024-07-13,1,0.299837925445705,0.27876223811632894
dad759ec50508147,2024-07-13,1,0.771505376344086,0.8100761629543265
dff8e4ef87d69516,2024-07-13,0,0.6152818594710127,0.6184067696437338
e06bfd0100eccbad,2024-07-13,1,0.7640449438202247,0.8349820717558668
120ec60ad18cf6c5,2024-07-20,1,0.6092362344582594,0.6184606109012818
4a00db8aeff200a2,2024-07-20,0,0.48987854251012153,0.4807581273964699
6e6567a98ea78891,2024-07-20,0,0.6574752261956054,0.7013512363351969
94541dd979e0b4bd,2024-07-20,0,0.42043984476067275,0.4810801375068657
9eaa33f874bbb999,2024-07-20,1,0.42043984476067275,0.39240909170891664
ec8bc554a0646638,2024-07-20,1,0.33099297893681046,0.31146015731747523
45e6a9b56ee3a9d1,2024-07-27,1,0.7783132530120482,0.8162361063671244
678eda89a096dde8,2024-07-27,0,0.7307110438729199,0.7190469193294794
8a2e28da18ba6a25,2024-07-27,1,0.7001620745542949,0.755664706927035
9d8c32c60df0e287,2024-07-27,1,0.3249687530045188,0.3321902514577189
d6e240c47ba6034d,2024-07-27,1,0.6498905908096281,0.740047538881294
ec434314c5438fc7,2024-07-27,1,0.7640449438202247,0.7708206682251092
ec5163539a133f17,2024-07-27,0,0.6864406779661015,0.7354084709413418
f02fed4e98048471,2024-07-27,0,0.5217391304347826,0.6155782676249228
1cd63899011c4bf6,2024-08-03,0,0.26928895612708015,0.24198040250050112
2d39c26876246223,2024-08-03,0,0.204865556978233,0.1907467316485151
33655fd07cfbe034,2024-08-03,0,0.24799599198396793,0.2180236685416271
637f792270a0c746,2024-08-03,1,0.8882882882882882,0.911638600417301
77df662671ce11c5,2024-08-03,1,0.5795601552393274,0.5655104907452775
b38450d9aa0f52b8,2024-08-03,1,0.7307110438729199,0.7617036709967844
bb85e207eba236bc,2024-08-03,0,0.42794036443953615,0.4397812758175064
d038ff5ac21094f3,2024-08-03,1,0.5101214574898786,0.510675149853205
d0d74672150ddea3,2024-08-03,1,0.550561797752809,0.5500488792506713
de767dd5216bcad9,2024-08-03,1,0.5893794380981784,0.6215437699982359
e6851877e33d343f,2024-08-03,1,0.6750312469954812,0.7686168585415573
f80143e1f3c3d319,2024-08-03,0,0.6571428571428573,0.71649353060793
fbbb703581440496,2024-08-03,1,0.7179705215419501,0.7223612583005877
6aa89b7b5350b8e2,2024-08-10,1,0.8284518828451883,0.8374980297110347
7b4284bd3033a319,2024-08-10,1,0.7640449438202247,0.7796173292515455
84973bbdffaf0d0e,2024-08-10,0,0.42043984476067275,0.3916652939036547
e72a2130e7387637,2024-08-10,0,0.38167938931297707,0.3876699690274364
059f5cf0e9e37627,2024-08-17,0,0.769993669550538,0.8031525380167859
3c319d4659e6c8fd,2024-08-17,0,0.22849462365591394,0.24634765189710475
43ebfc8914a39061,2024-08-17,0,0.5407914020517831,0.5991297385572254
6c44af21414e4143,2024-08-17,1,0.5217391304347826,0.5788268033489485
b9d5c77ae7a8109b,2024-08-17,1,0.42043984476067275,0.4020925121313302
bf8c5effd23f69c4,2024-08-17,1,0.29446581828943474,0.3448532162912387
bfff6cf22c1c569c,2024-08-17,1,0.8647058823529411,0.8925473185038223
dd3d8f7066c145b7,2024-08-17,0,0.31943212067435667,0.35365339384657046
ea4ff1d77928b029,2024-08-17,0,0.441202953358545,0.39483946630645905
15805ae1eea3343e,2024-08-24,0,0.26645768025078376,0.24969763217596086
2cbd53e43d3f606b,2024-08-24,0,0.7335423197492164,0.7552613858150857
560f1e26c2a6690a,2024-08-24,0,0.34252477380439467,0.31063910012807855
5c5523a6bf83e44f,2024-08-24,0,0.5634920634920635,0.6276315185890766
70afe9e0d2422252,2024-08-24,0,0.36905965621840253,0.341491054258911
903d588b30a471e8,2024-08-24,1,0.7135512302607419,0.7795868712419055
ae50a1a655b1a8f6,2024-08-24,0,0.136986301369863,0.14131779332038247
ba8eda6993922ba0,2024-08-24,1,0.690792883054068,0.6112475631268377
bad06a5380d762b8,2024-08-24,0,0.3194444444444444,0.3077961192042555
0c418b9cdfd525c9,2024-09-07,0,0.4365079365079365,0.4668459699331938
69bde5bae0d6ec4f,2024-09-07,0,0.4003612281757977,0.4041900292259487
6e9876d2be2bbd02,2024-09-07,0,0.299837925445705,0.30760504149826495
75fa9c0bb31caaa3,2024-09-07,0,0.46753246753246747,0.4714608839043305
abfd5ac6cf186d8a,2024-09-07,1,0.9197080291970804,0.9295586120252295
b80c6eba11c54778,2024-09-07,0,0.690792883054068,0.6654210555032541
f1613b372748c8bb,2024-09-07,1,0.690792883054068,0.8599515101300595
f734b497add754af,2024-09-07,1,0.7179705215419501,0.6896184163790369
fe59646ebad8b6e4,2024-09-07,0,0.2949668357393679,0.2561545715486643
2335e75ce63805b6,2024-09-14,0,0.3552708211997671,0.3442754929596996
2397e2a92710705a,2024-09-14,0,0.4572564612326044,0.4243484527097957
27d98a8ee6608e27,2024-09-14,0,0.6369041816941224,0.7231074680538236
3146e5a47a922976,2024-09-14,0,0.4782608695652174,0.4866977001966356
3733d100f7bd5590,2024-09-14,0,0.5427435387673957,0.567418349845157
6f83cfae0c800ef8,2024-09-14,0,0.5427435387673957,0.5358185231813034
78b506e5092a27fd,2024-09-14,1,0.644729178800233,0.6306802000703424
c60a317c7767abb7,2024-09-14,0,0.8081570996978852,0.8026242554111698
dae8ad2e03aa4a9a,2024-09-14,0,0.2949668357393679,0.3018151313354731
19706d8ba0edf9cd,2024-09-28,1,0.2779207411219764,0.30705857004981146
3599e9de4ae0e171,2024-09-28,1,0.827123695976155,0.8653456297110113
45f00a42a17f8e2a,2024-09-28,0,0.36905965621840253,0.39590518811506853
47d978a984a163aa,2024-09-28,1,0.46753246753246747,0.4894239074256394
62ff1e5deb124ff5,2024-09-28,1,0.6636481241914618,0.7049682252605409
7ba432e218edc17d,2024-09-28,1,0.6805555555555556,0.6845356744391309
7ca4c91bab696b89,2024-09-28,1,0.30920711694593195,0.35882797226960467
89b772f864acb637,2024-09-28,1,0.4826358742837298,0.49889780608188705
a187670c5ee1ec5f,2024-09-28,0,0.3552708211997671,0.36801699192708376
d063d46208c560b1,2024-09-28,1,0.7508125677139763,0.7746788039330317
d806aacf5b6ba7f6,2024-09-28,1,0.5324675324675325,0.6349364035239404
e01019fbfe0e9528,2024-09-28,1,0.8677165354330709,0.8763636579730434
eedc7fccf7037949,2024-09-28,0,0.5829926410466066,0.6406782555684335
f114929ed709606e,2024-09-28,1,0.8042929292929294,0.8389287605999488
1d68bb733de24b06,2024-10-05,0,0.5829926410466066,0.5835714929034298
3d7d82fff71e395a,2024-10-05,0,0.47391341473828014,0.4713777063440581
5931cd9cf5da5f75,2024-10-05,1,0.42794036443953615,0.45261878411585926
69bca5091b2a31f6,2024-10-05,0,0.33635187580853815,0.3251123911100618
8c5e06c71f392f33,2024-10-05,1,0.7768331562167907,0.7936083326003454
9ea124a13d071186,2024-10-05,0,0.12000000000000002,0.11116033438842239
e8aad69aace1d31f,2024-10-05,0,0.5043297540699688,0.5300502834701988
eb73b63bbd7b88a7,2024-10-05,0,0.37753344813882633,0.3698683160961273
ed5b6681ab4e83e5,2024-10-05,1,0.8,0.8195891068524722
48dd2c9cb39bd2d4,2024-10-12,1,0.4956702459300312,0.4912516658435938
57415110bd494c79,2024-10-12,1,0.7135512302607419,0.744820685331577
69a5895fde58432c,2024-10-12,0,0.6164383561643836,0.6303057034678717
85854504ce1aa97a,2024-10-12,1,0.6750312469954812,0.6814305046407627
98c29ba02cee5ba3,2024-10-12,1,0.7600000000000002,0.7638038617481083
b23554da35a84fbc,2024-10-12,0,0.42794036443953615,0.42445044897156586
de484433eef22e1d,2024-10-12,1,0.6805555555555556,0.7090371118090085
f1cc9169813c4a3e,2024-10-12,0,0.2820294784580499,0.2662667415682033
f690949d90ff1dee,2024-10-12,1,0.6805555555555556,0.6748432202046096
0599f35e6679de02,2024-10-19,1,0.6037569709421778,0.6288220811194677
308f6cb830019ea9,2024-10-19,0,0.3552708211997671,0.32456582063503303
32b8c6c4b735d712,2024-10-19,1,0.2231668437832094,0.24347461937617929
4277b02a4dadac40,2024-10-19,1,0.5829926410466066,0.6210646438159073
503d7342cc08109f,2024-10-19,1,0.7220792588780237,0.762311635807228
53f7f1b4834387a8,2024-10-19,0,0.33099297893681046,0.35028143029384595
a2f2c64f9fb3fb1c,2024-10-19,1,0.593369754159424,0.6242088368919445
a2f46e94aa6b0c64,2024-10-19,0,0.817258883248731,0.8078008722531358
c61923255389e67c,2024-10-19,0,0.31460674157303364,0.24222076995117753
f01b97e864cb4b8b,2024-10-19,1,0.17287630402384502,0.1504758575474955
fc73ecbd83b7f159,2024-10-19,1,0.690792883054068,0.7166112372957052
108434acbbd75d26,2024-10-26,1,0.5996387718242023,0.6607467533615695
1d65c141776949d6,2024-10-26,1,0.6805555555555556,0.6912825374392585
5c783cd188425783,2024-10-26,1,0.817258883248731,0.8531055356363164
6114076c689e8457,2024-10-26,1,0.6574752261956054,0.6769032325259821
781a2ea50f5ae68f,2024-10-26,1,0.4956702459300312,0.5021798789221945
919e3c5cc6999cb3,2024-10-26,1,0.30423004792665137,0.2391842018821073
af6eeea1cfe33240,2024-10-26,1,0.5829926410466066,0.6590664094609077
b09f54654b0f95f5,2024-10-26,1,0.740871613663133,0.7652712099421121
b8bf186f884678ea,2024-10-26,0,0.3194444444444444,0.32406557964498317
bde635a4f345bc3e,2024-10-26,1,0.5720596355604638,0.6630397935640103
cc11a0762f246fa4,2024-10-26,1,0.740871613663133,0.7733189440193871
df7928de73fc2fe8,2024-10-26,1,0.8524590163934428,0.8932076318885371
ebf7cea27b83c432,2024-10-26,1,0.7220792588780237,0.7858219138913192
18729b11614406bf,2024-11-02,1,0.5829926410466066,0.6381872132461662
6ad594777cce2d7d,2024-11-02,0,0.7001620745542949,0.6928650645643406
799acf3ae8a5df0a,2024-11-02,1,0.6164383561643836,0.6446303210917338
7edf2fe3a8776a44,2024-11-02,0,0.6309403437815976,0.6558087619940478
d29a82322bb083d9,2024-11-02,1,0.7571884984025559,0.777415688487449
eaa885cf7ae31e0b,2024-11-02,0,0.32558139534883723,0.35894391248201546
154138c8fc89c315,2024-11-09,0,0.27424749163879597,0.2754477597101131
73f451d894a1d4ca,2024-11-09,0,0.1475409836065574,0.1701504031277696
c31d9cac7534d879,2024-11-09,0,0.20863836017569548,0.21067476700960427
e6685759ed2af90d,2024-11-09,1,0.31460674157303364,0.3016893572667622
ea6427379a83bd01,2024-11-09,1,0.7957758771164253,0.8157524400615179
00414fc5519233b4,2024-11-16,0,0.6037569709421778,0.6040173887349822
2a930e2d7e1f87a9,2024-11-16,0,0.4891657638136511,0.5177080447946715
35c8223cc967fe0a,2024-11-16,1,0.3249687530045188,0.3222957264406687
4f4189009a190e35,2024-11-16,1,0.6957699520733487,0.7476158422577512
55eebc2ee92bf00a,2024-11-16,1,0.8720930232558137,0.8656383129024581
6c1faa6284428e5d,2024-11-16,1,0.4891657638136511,0.48251296334450233
8545a2495db16538,2024-11-16,1,0.28644876973925815,0.316089837013667
9676a4e9362e4bfd,2024-11-16,0,0.27424749163879597,0.2639214514025038
b35e47f2f58ef026,2024-11-16,1,0.8118668596237336,0.8503908177582666
c565e2baa27cc7e5,2024-11-16,1,0.8988580750407831,0.8931767212821604
cfd3e62c638fbd1f,2024-11-16,1,0.8933823529411765,0.9126906791721856
02ec66f311dce539,2024-11-23,0,0.30423004792665137,0.38013298526488687
38f1c83c19e99fa2,2024-11-23,1,0.725752508361204,0.7467930781791875
56d2c00dfd391fcf,2024-11-23,1,0.6821515892420539,0.6853402144105726
5dab54e34c2cfe01,2024-11-23,0,0.47391341473828014,0.5571236393597695
64d6d51219e0664c,2024-11-23,0,0.8849315068493151,0.8863267838368215
828de4f5585c908c,2024-11-23,0,0.47391341473828014,0.5065716660030399
86a2f07e0bf20297,2024-11-23,0,0.6805555555555556,0.7411472515340868
9c207acb12c17a67,2024-11-23,0,0.33099297893681046,0.36381701282741197
baee9b2491c986e2,2024-11-23,1,0.2005438477226377,0.19200788032128055
f0c4aff7dd1ec4e9,2024-11-23,1,0.6369041816941224,0.643315972682988
f53573316a4f349f,2024-11-23,1,0.7220792588780237,0.7594909234360204
f5f28a8b472b8012,2024-11-23,1,0.5820772814469718,0.6261626727891875
0292b9c31c0089ac,2024-12-07,1,0.8677165354330709,0.8900954583737356
089388c9f00ce9c6,2024-12-07,0,0.5427435387673957,0.573306228905919
0f16d83859d608c7,2024-12-07,0,0.5043297540699688,0.5229160202728939
1569186ee820ea87,2024-12-07,1,0.7279508556384379,0.7300450540654488
4914f7bd073c6359,2024-12-07,1,0.5836189170664839,0.5289378979176104
72b12a837290b327,2024-12-07,0,0.12000000000000002,0.12367175016176295
7c0d0a28a8fba102,2024-12-07,0,0.38356164383561636,0.3965189426254195
97caf8fca9d9603b,2024-12-07,1,0.7600000000000002,0.7776443901539958
a5c57b0f49e9f61c,2024-12-07,1,0.5427435387673957,0.5789792529604133
d38029cf47e54cf7,2024-12-07,0,0.3962430290578221,0.39543267233249624
df30514e0674d598,2024-12-07,1,0.6750312469954812,0.7088290579122799
e761c5009c09b295,2024-12-07,1,0.6923076923076924,0.7052575271051871
eb94412f15c62650,2024-12-07,1,0.8118668596237336,0.8044360738404533
f706508c52f337a6,2024-12-07,1,0.7600000000000002,0.8107536206848713
00c6a2ef07ca51da,2024-12-14,0,0.31460674157303364,0.3545553841885763
1a635a5e4551e7d5,2024-12-14,1,0.7659021045164341,0.7926944786228441
2b6a75175bbca4e9,2024-12-14,1,0.8465011286681715,0.8724614284091925
5238f6470d0557fb,2024-12-14,0,0.33635187580853815,0.3191466654559785
7521015554088962,2024-12-14,1,0.42794036443953615,0.4567563375867691
7b1bc4ff776f12c1,2024-12-14,0,0.740871613663133,0.808285507537841
9c24c03131d5b49a,2024-12-14,1,0.6690070210631895,0.6670478555218685
b0be38110c2d8b84,2024-12-14,1,0.7768331562167907,0.8149646106918981
b40e4deb48658851,2024-12-14,1,0.5260865852617197,0.5063882532773403
cf258c17234d649e,2024-12-14,0,0.30920711694593195,0.29396907529426225
e5f9d59d00fe3c73,2024-12-14,1,0.827123695976155,0.8564683940808422
ebeeed2595266bbc,2024-12-14,1,0.5829926410466066,0.6141316210598329
edf7ce89ad672e85,2024-12-14,0,0.6805555555555556,0.7215028248353595
