fight_id,date,event_name,red_fighter,blue_fighter,target,actual_class,fold,market_p_red_ko_tko,model_p_red_ko_tko,edge_red_ko_tko,market_p_red_sub,model_p_red_sub,edge_red_sub,market_p_red_dec,model_p_red_dec,edge_red_dec,market_p_blue_ko_tko,model_p_blue_ko_tko,edge_blue_ko_tko,market_p_blue_sub,model_p_blue_sub,edge_blue_sub,market_p_blue_dec,model_p_blue_dec,edge_blue_dec
0165bd3c26f0c076,2021-01-16,UFC Fight Night: Holloway vs. Kattar,Carlos Felipe,Justin Tafa,2,red_dec,2021,0.2934685292440979,0.3279496729373932,0.0344811436932953,0.04747285031889818,0.046201787889003754,-0.001271062429894429,0.2934685292440979,0.3059569001197815,0.012488370875683608,0.2152102547790051,0.17443516850471497,-0.040775086274290134,0.035088628496576915,0.020864861086010933,-0.014223767410565982,0.11529120791732415,0.1245916336774826,0.009300425760158451
358f816aff469270,2021-01-16,UFC Fight Night: Holloway vs. Kattar,Punahele Soriano,Dusko Todorovic,0,red_ko_tko,2021,0.21436174568083188,0.17259752750396729,-0.0417642181768646,0.04728567919430115,0.03572843223810196,-0.01155724695619919,0.1461557356914763,0.16820557415485382,0.02204983846337752,0.2679521821010398,0.33289095759391785,0.06493877549287802,0.0945713583886023,0.05352079123258591,-0.04105056715601639,0.22967329894374844,0.23705674707889557,0.00738344813514713
3d903bc35023f50a,2021-01-16,UFC Fight Night: Holloway vs. Kattar,Jacob Kilburn,Austin Lingo,5,blue_dec,2021,0.10569433920075527,0.09875386208295822,-0.00694047711779705,0.09325971105948995,0.08892376720905304,-0.00433594385043691,0.14412864436466627,0.1930830478668213,0.04895440350215502,0.24391001354020447,0.19707335531711578,-0.04683665822308869,0.1865194221189799,0.1552542895078659,-0.031265132611113994,0.22648786971590415,0.26691165566444397,0.04042378594853982
3fcd53eb27945231,2021-01-16,UFC Fight Night: Holloway vs. Kattar,David Zawada,Ramazan Emeev,5,blue_dec,2021,0.09277614780746968,0.08490214496850967,-0.007874002838960004,0.12132265482515266,0.08595290035009384,-0.035369754475058815,0.10514630084846563,0.14319659769535065,0.03805029684688502,0.12132265482515266,0.14404433965682983,0.022721684831677177,0.12132265482515266,0.08076483011245728,-0.04055782471269538,0.4381095868686068,0.4611392319202423,0.023029645051635517
6b0da0b1cda7799f,2021-01-16,UFC Fight Night: Holloway vs. Kattar,Carlos Condit,Matt Brown,2,red_dec,2021,0.2579900856790505,0.2704813480377197,0.012491262358669208,0.12502596459830911,0.11724705249071121,-0.007778912107597902,0.20316719247225232,0.25109419226646423,0.047926999794211916,0.14133369911113203,0.13646861910820007,-0.004865080002931954,0.08126687698890094,0.05619904771447182,-0.025067829274429118,0.19121618115035513,0.16850978136062622,-0.02270639978972891
775c1f401815bbd8,2021-01-16,UFC Fight Night: Holloway vs. Kattar,Joaquin Buckley,Alessio Di Chirico,3,blue_ko_tko,2021,0.41260481103468344,0.43593037128448486,0.023325560249801425,0.041457899673341396,0.03099983185529709,-0.010458067818044307,0.23513435635626462,0.27705007791519165,0.04191572155892703,0.09267059926982195,0.07453802973031998,-0.018132569539501972,0.060592314907191275,0.034752726554870605,-0.02583958835232067,0.15754001875869733,0.14672894775867462,-0.01081107100002271
97ad63e644757cf4,2021-01-16,UFC Fight Night: Holloway vs. Kattar,Wu Yanan,Joselyne Edwards,5,blue_dec,2021,0.07864434052396038,0.07487603276968002,-0.003768307754280359,0.09252275355760044,0.06413154304027557,-0.028391210517324864,0.3419319153215668,0.40584930777549744,0.06391739245393063,0.15728868104792076,0.13748545944690704,-0.01980322160101372,0.09830542565495047,0.054077137261629105,-0.044228288393321366,0.23130688389400111,0.26358047127723694,0.032273587383235824
97c80f69ac312030,2021-01-16,UFC Fight Night: Holloway vs. Kattar,Sarah Moras,Vanessa Melo,5,blue_dec,2021,0.10756501182033096,0.09559086710214615,-0.01197414471818481,0.1152482269503546,0.08975563943386078,-0.025492587516493817,0.42257683215130026,0.4553150534629822,0.032738221311681914,0.06205673758865248,0.0677560344338417,0.005699296845189224,0.06205673758865248,0.06388053297996521,0.0018237953913127283,0.2304964539007092,0.22770190238952637,-0.0027945515111828245
a4817b7e46028b4a,2021-01-16,UFC Fight Night: Holloway vs. Kattar,Max Holloway,Calvin Kattar,2,red_dec,2021,0.14656275444922648,0.13952100276947021,-0.007041751679756264,0.053739676631383036,0.03254536911845207,-0.021194307512930964,0.3582645108758869,0.3996225595474243,0.04135804867153742,0.2015237873676864,0.22435212135314941,0.022828333985463023,0.03838548330813074,0.02083355188369751,-0.01755193142443323,0.2015237873676864,0.18312545120716095,-0.01839833616052544
031e6624f96aceb8,2021-01-20,UFC Fight Night: Chiesa vs. Magny,Mike Davis,Mason Jones,5,blue_dec,2021,0.2687652962705167,0.25324010848999023,-0.015525187780526473,0.05196129061229989,0.03196108341217041,-0.02000020720012948,0.2734804769068415,0.3263942301273346,0.052913753220493076,0.11134562274064261,0.10760805010795593,-0.0037375726326866754,0.08660215102049981,0.07378014177083969,-0.012822009249660121,0.20784516244919957,0.20701637864112854,-0.0008287838080710264
11558384f80f6506,2021-01-20,UFC Fight Night: Chiesa vs. Magny,Umar Nurmagomedov,Sergey Morozov,1,red_sub,2021,0.11549418183573947,0.10519540309906006,-0.010298778736679406,0.20211481821254407,0.18644122779369354,-0.015673590418850525,0.4569552411761866,0.5364835262298584,0.07952828505367182,0.06218917483462895,0.05557716265320778,-0.00661201218142117,0.06218917483462895,0.0294790081679821,-0.03271016666664685,0.10105740910627203,0.08682369440793991,-0.014233714698332123
4abcf14faa7f92f2,2021-01-20,UFC Fight Night: Chiesa vs. Magny,Ricky Simon,Gaetano Pirrello,1,red_sub,2021,0.15978809610320324,0.17917923629283905,0.019391140189635808,0.22826870871886176,0.13673947751522064,-0.09152923120364112,0.3716002234958215,0.4691630005836487,0.09756277708782718,0.10652539740213549,0.10027939826250076,-0.0062459991396347225,0.03072848001984678,0.015170174650847912,-0.015558305368998868,0.10308909426013112,0.09946875274181366,-0.0036203415183174575
4f6d3cdf2c77fb57,2021-01-20,UFC Fight Night: Chiesa vs. Magny,Ike Villanueva,Vinicius Moreira,0,red_ko_tko,2021,0.36478890205990944,0.372916579246521,0.00812767718661156,0.030165236131877125,0.03369062393903732,0.0035253878071601977,0.11204230563268645,0.13406683504581451,0.02202452941312806,0.08714401549208947,0.10440224409103394,0.017258228598944464,0.2851985961559292,0.20492590963840485,-0.08027268651752434,0.1206609445275085,0.1499977856874466,0.029336841159938093
57e784028ef2c17d,2021-01-20,UFC Fight Night: Chiesa vs. Magny,Matt Schnell,Tyson Nam,2,red_dec,2021,0.09162047421146544,0.09260743856430054,0.0009869643528351013,0.12979567179957602,0.0878881886601448,-0.04190748313943121,0.2396227787069096,0.2905200719833374,0.05089729327642781,0.34612179146553607,0.38212981820106506,0.036008026735529,0.03708447765702172,0.019053086638450623,-0.018031391018571097,0.15575480615949125,0.12780138850212097,-0.027953417657370278
61bedad39b15db7a,2021-01-20,UFC Fight Night: Chiesa vs. Magny,Michael Chiesa,Neil Magny,2,red_dec,2021,0.07951807228915664,0.08384060859680176,0.0043225363076451195,0.2271944922547332,0.16154256463050842,-0.06565192762422478,0.1514629948364888,0.16878464818000793,0.017321653343519122,0.1514629948364888,0.19063635170459747,0.03917335686810866,0.07228915662650602,0.05115900933742523,-0.02113014728908079,0.31807228915662655,0.34403684735298157,0.025964558196355014
76b61ff4c9760f79,2021-01-20,UFC Fight Night: Chiesa vs. Magny,Dalcha Lungiambula,Markus Perez,2,red_dec,2021,0.34851638511060556,0.33172136545181274,-0.01679501965879282,0.08325669199864466,0.06649144738912582,-0.016765244609518837,0.12488503799796699,0.17416654527187347,0.04928150727390648,0.09366377849847525,0.1553925722837448,0.06172879378526956,0.1498620455975604,0.09769564867019653,-0.052166396927363856,0.19981606079674719,0.17453236877918243,-0.02528369201756475
a003e8305d4dbdc8,2021-01-20,UFC Fight Night: Chiesa vs. Magny,Roxanne Modafferi,Viviane Araujo,5,blue_dec,2021,0.03727955281235193,0.029313424602150917,-0.007966128210201012,0.07828706090593905,0.09047551453113556,0.012188453625196508,0.1565741218118781,0.17883135378360748,0.02225723197172938,0.19571765226484764,0.16769620776176453,-0.02802144450308311,0.08240743253256742,0.05537337809801102,-0.027034054434556407,0.44973417967241586,0.47831007838249207,0.02857589871007621
ac475de5a3d0d7e2,2021-01-20,UFC Fight Night: Chiesa vs. Magny,Omari Akhmedov,Tom Breese,1,red_sub,2021,0.10003664345914257,0.10281756520271301,0.002780921743570447,0.06156101135947235,0.04285036772489548,-0.01871064363457687,0.2540613167216319,0.289041131734848,0.03497981501321612,0.2286551850494687,0.24204087257385254,0.013385687524383849,0.08892146085257116,0.04547606408596039,-0.04344539676661077,0.26676438255771345,0.27777397632598877,0.011009593768275316
ae38fb2a6b6a0cc1,2021-01-20,UFC Fight Night: Chiesa vs. Magny,Victoria Leonardo,Manon Fiorot,3,blue_ko_tko,2021,0.09029906113552984,0.08705297112464905,-0.0032460900108807894,0.10158644377747107,0.08412636071443558,-0.017460083063035495,0.21671774672527164,0.2470083236694336,0.030290576944161957,0.242594492602916,0.23091749846935272,-0.011676994133563268,0.047805385307045214,0.02526847831904888,-0.022536906987996333,0.30099687045176615,0.3256263732910156,0.024629502839249473
d27ac1bc677b89cf,2021-01-20,UFC Fight Night: Chiesa vs. Magny,Lerone Murphy,Douglas Silva de Andrade,2,red_dec,2021,0.37707934904196583,0.4121624231338501,0.03508307409188427,0.07198787572619349,0.07683339715003967,0.004845521423846186,0.26395554432937607,0.30853527784347534,0.04457973351409927,0.08335438241980297,0.07886937260627747,-0.004485009813525509,0.05279110886587522,0.026925526559352875,-0.025865582306522347,0.15083173961678634,0.09667406976222992,-0.05415766985455642
dd34dd337e637767,2021-01-20,UFC Fight Night: Chiesa vs. Magny,Warlley Alves,Mounir Lazzez,0,red_ko_tko,2021,0.08273161822641188,0.07058274745941162,-0.012148870767000261,0.1571900746301826,0.12285863608121872,-0.034331438548963894,0.12575205970414607,0.140160471200943,0.014408411496796919,0.3493112769559613,0.2781425714492798,-0.07116870550668153,0.06045772101160869,0.07055538147687912,0.010097660465270428,0.2245572494716894,0.31770020723342896,0.09314295776173956
3d3e7dc7b4bf2bc4,2021-01-23,UFC 257: Poirier vs. McGregor,Dustin Poirier,Conor McGregor,0,red_ko_tko,2021,0.10372507769847272,0.14207012951374054,0.03834505181526782,0.09457286496037219,0.1090911477804184,0.014518282820046205,0.10718258028842181,0.1201842799782753,0.013001699689853485,0.5526601796121751,0.4732052683830261,-0.07945491122914894,0.047286432480186096,0.03197949379682541,-0.015306938683360687,0.09457286496037219,0.12346964329481125,0.028896778334439058
65352221c0bfe52d,2021-01-23,UFC 257: Poirier vs. McGregor,Andrew Sanchez,Makhmud Muradov,3,blue_ko_tko,2021,0.09037837837837838,0.06663993746042252,-0.023738440917955864,0.07394594594594596,0.03669647127389908,-0.03724947467204688,0.22594594594594597,0.24550306797027588,0.01955712202432991,0.29578378378378384,0.3289296329021454,0.03314584911836155,0.04281081081081081,0.027726585045456886,-0.015084225765353926,0.27113513513513515,0.2945042848587036,0.02336914972356846
83da743f6dda7dcc,2021-01-23,UFC 257: Poirier vs. McGregor,Julianna Pena,Sara McMann,1,red_sub,2021,0.07929819600080126,0.08995294570922852,0.010654749708427252,0.13790990608835002,0.12518158555030823,-0.012728320538041793,0.22656627428800358,0.3044709265232086,0.07790465223520504,0.07208926909163751,0.06937149167060852,-0.002717777421028994,0.16694357052800265,0.08508429676294327,-0.08185927376505939,0.31719278400320505,0.32593873143196106,0.008745947428756007
92f569a6d9374b86,2021-01-23,UFC 257: Poirier vs. McGregor,Brad Tavares,Antonio Carlos Junior,2,red_dec,2021,0.12330960854092526,0.10241982340812683,-0.020889785132798433,0.053434163701067613,0.04129583016037941,-0.012138333540688204,0.29145907473309607,0.3432151973247528,0.05175612259165674,0.08905693950177934,0.07209450006484985,-0.01696243943692949,0.21373665480427045,0.18020053207874298,-0.03353612272552747,0.2290035587188612,0.2607741057872772,0.03177054706841603
a5075f4eaee6036f,2021-01-23,UFC 257: Poirier vs. McGregor,Dan Hooker,Michael Chandler,3,blue_ko_tko,2021,0.3109800364150697,0.37417230010032654,0.06319226368525682,0.08183685168817623,0.05672402307391167,-0.02511282861426456,0.1829294331853351,0.2215796560049057,0.03865022281957059,0.1295750151729457,0.10130567848682404,-0.028269336686121666,0.10031614077905474,0.05463646724820137,-0.045679673530853365,0.19436252275941854,0.19158190488815308,-0.0027806178712654617
aaf45b095452be23,2021-01-23,UFC 257: Poirier vs. McGregor,Amir Albazi,Zhalgas Zhumagulov,2,red_dec,2021,0.08881984947688612,0.07781951129436493,-0.011000338182521191,0.15226259910323336,0.15670230984687805,0.004439710743644687,0.2756478087213708,0.3942728638648987,0.11862505514352789,0.10314563165057744,0.10162904858589172,-0.001516583064685717,0.07267078593563411,0.042619138956069946,-0.030051646979564167,0.30745332511229817,0.22695711255073547,-0.0804962125615627
cd08b68f0bafafbf,2021-01-23,UFC 257: Poirier vs. McGregor,Marina Rodriguez,Amanda Ribas,0,red_ko_tko,2021,0.07176396994195854,0.06755480915307999,-0.004209160788878549,0.04154756154534441,0.035661645233631134,-0.005885916311713278,0.16619024618137765,0.18252751231193542,0.016337266130557776,0.07176396994195854,0.0584377683699131,-0.013326201572045435,0.2978881771175637,0.21233293414115906,-0.08555524297640466,0.35084607527179723,0.4434853494167328,0.09263927414493556
f3ccbfd7036f3cf3,2021-01-23,UFC 257: Poirier vs. McGregor,Nik Lentz,Movsar Evloev,5,blue_dec,2021,0.053599994645355184,0.04076099395751953,-0.012839000687835653,0.07657142092193597,0.04813988879323006,-0.028431532128705916,0.10049998996004096,0.09634856879711151,-0.00415142116292945,0.13399998661338794,0.144080251455307,0.010080264841919068,0.12369229533543505,0.07179640233516693,-0.05189589300026812,0.5116363125238449,0.5988739132881165,0.08723760076427156
2c81668d1459991f,2021-02-06,UFC Fight Night: Overeem vs. Volkov,Alexandre Pantoja,Manel Kape,2,red_dec,2021,0.11274647348417213,0.12226247787475586,0.009516004390583727,0.24283855827360154,0.23369236290454865,-0.009146195369052895,0.157845062877841,0.15670005977153778,-0.0011450031063032218,0.24283855827360154,0.21657347679138184,-0.026265081482219704,0.04642501849348264,0.048322126269340515,0.001897107775857873,0.19730632859730124,0.22244951128959656,0.02514318269229532
86d6e09932c5b551,2021-02-06,UFC Fight Night: Overeem vs. Volkov,SeungWoo Choi,Youssef Zalal,2,red_dec,2021,0.11442441054091539,0.09383729845285416,-0.02058711208806123,0.05339805825242718,0.04220123961567879,-0.011196818636748394,0.1779935275080906,0.19604620337486267,0.01805267586677206,0.15256588072122051,0.1382729858160019,-0.014292894905218623,0.14563106796116504,0.12311046570539474,-0.022520602255770295,0.3559870550161812,0.40653181076049805,0.05054475574431683
8b9bdacca749ec90,2021-02-06,UFC Fight Night: Overeem vs. Volkov,Alistair Overeem,Alexander Volkov,3,blue_ko_tko,2021,0.1771796707229778,0.20605508983135223,0.028875419108374434,0.06133142448103079,0.05663011968135834,-0.00470130479967245,0.11390121689334287,0.11818592250347137,0.004284705610128503,0.39865425912670005,0.3857492506504059,-0.012905008476294166,0.06133142448103079,0.044718652963638306,-0.01661277151739248,0.1876020042949177,0.18866100907325745,0.001059004778339756
9ef858837dfc65eb,2021-02-06,UFC Fight Night: Overeem vs. Volkov,Cory Sandhagen,Frankie Edgar,0,red_ko_tko,2021,0.2520863819786262,0.23517164587974548,-0.016914736098880723,0.07448006740277592,0.04715947434306145,-0.027320593059714474,0.4096403707152676,0.4617234468460083,0.0520830761307407,0.04312003902265974,0.042197875678539276,-0.0009221633441204649,0.04819298479003148,0.02719297632575035,-0.021000008464281128,0.17248015609063896,0.18655459582805634,0.014074439737417371
af8ea6db042674ef,2021-02-06,UFC Fight Night: Overeem vs. Volkov,Mike Rodriguez,Danilo Marques,4,blue_sub,2021,0.4973391658075841,0.4191034436225891,-0.07823572218499497,0.03848457830653924,0.03463428467512131,-0.0038502936314179295,0.11545373491961772,0.15254926681518555,0.03709553189556783,0.09507954640439106,0.08140295743942261,-0.013676588964968456,0.12433479145189602,0.09959662705659866,-0.024738164395297357,0.12930818310997186,0.212713360786438,0.08340517767646613
bbade63ca780668f,2021-02-06,UFC Fight Night: Overeem vs. Volkov,Diego Ferreira,Beneil Dariush,5,blue_dec,2021,0.1524549734698453,0.15670815110206604,0.004253177632220745,0.13339810178611464,0.14146025478839874,0.008062153002284106,0.2134369628577834,0.23423457145690918,0.020797608599125772,0.17786413571481952,0.16107016801834106,-0.01679396769647845,0.09416336596666916,0.07361670583486557,-0.02054666013180359,0.22868246020476793,0.2329101711511612,0.004227710946393265
d65da3a3bc675449,2021-02-06,UFC Fight Night: Overeem vs. Volkov,Molly McCann,Lara Procopio,5,blue_dec,2021,0.09258866555525468,0.06662212312221527,-0.025966542433039405,0.07154578701996953,0.04548177123069763,-0.026064015789271894,0.3660482126603092,0.4434986412525177,0.07745042859220852,0.05246691048131098,0.045295003801584244,-0.007171906679726739,0.13116727620327745,0.09314526617527008,-0.03802201002800737,0.2861831480798781,0.30595719814300537,0.01977405006312727
f4fbb11055301e75,2021-02-06,UFC Fight Night: Overeem vs. Volkov,Michael Johnson,Clay Guida,5,blue_dec,2021,0.24190308680994288,0.2207861691713333,-0.021116917638609567,0.054025022720887245,0.048392217606306076,-0.005632805114581169,0.34484057055885475,0.40331944823265076,0.058478877673796004,0.054025022720887245,0.045579854398965836,-0.008445168321921409,0.07367048552848261,0.04359190911054611,-0.0300785764179365,0.23153581166094533,0.2383304238319397,0.006794612170994363
17616514e8fdacb9,2021-02-13,UFC 258: Usman vs. Burns,Polyana Viana,Mallory Martin,1,red_sub,2021,0.07245834953489068,0.07589264214038849,0.00343429260549781,0.18753925761971704,0.22384290397167206,0.036303646351955016,0.18753925761971704,0.20487460494041443,0.017335347320697386,0.08389914156671552,0.061258263885974884,-0.022640877680740634,0.10627224598450632,0.07439402490854263,-0.03187822107596369,0.3622917476744534,0.3597376048564911,-0.0025541428179622905
25b8c932da5e91f4,2021-02-13,UFC 258: Usman vs. Burns,Maycee Barber,Alexa Grasso,5,blue_dec,2021,0.16733879721408484,0.17752887308597565,0.010190075871890802,0.08831769852965589,0.07025507837533951,-0.01806262015431638,0.19871482169172577,0.21606579422950745,0.017350972537781673,0.10598123823558707,0.11344070732593536,0.007459469090348295,0.061143022058992545,0.0361039973795414,-0.025039024679451148,0.3785044222699538,0.38660550117492676,0.00810107890497297
26fbf026beb8e9f8,2021-02-13,UFC 258: Usman vs. Burns,Kelvin Gastelum,Ian Heinisch,2,red_dec,2021,0.16371031370039993,0.16062192618846893,-0.0030883875119309956,0.07776239900768997,0.04552221670746803,-0.03224018230022194,0.37932877564726813,0.43009504675865173,0.0507662711113836,0.09720299875961247,0.09649123251438141,-0.0007117662452310602,0.059817230005915364,0.03148004412651062,-0.028337185879404744,0.2221782828791142,0.23578958213329315,0.013611299254178949
54e2490959f66dc2,2021-02-13,UFC 258: Usman vs. Burns,Ricky Simon,Brian Kelleher,2,red_dec,2021,0.09231614616723142,0.09137137979269028,-0.0009447663745411478,0.11209817748878101,0.09868184477090836,-0.013416332717872653,0.4359373569008151,0.5736437439918518,0.13770638709103672,0.09808590530268338,0.08656511455774307,-0.011520790744940307,0.13078120707024452,0.057653844356536865,-0.07312736271370765,0.13078120707024452,0.09208402037620544,-0.03869718669403907
8cf076524cad5a55,2021-02-13,UFC 258: Usman vs. Burns,Belal Muhammad,Dhiego Lima,2,red_dec,2021,0.14535195666095505,0.13554710149765015,-0.009804855163304899,0.12299011717465427,0.11650171130895615,-0.006488405865698127,0.4919604686986171,0.5352460145950317,0.043285545896414646,0.08415113280371081,0.07023724913597107,-0.01391388366773974,0.06149505858732714,0.040092870593070984,-0.021402187994256153,0.09405126607473561,0.1023750752210617,0.008323809146326092
9201312dd860fa5a,2021-02-13,UFC 258: Usman vs. Burns,Maki Pitolo,Julian Marquez,4,blue_sub,2021,0.19676421389643325,0.19678577780723572,2.156391080246345e-05,0.04629746209327842,0.04343666508793831,-0.0028607970053401086,0.17490152346349622,0.23323382437229156,0.05833230090879535,0.24217134018022557,0.2391708642244339,-0.0030004759557916705,0.14310124647013328,0.1087755337357521,-0.034325712734381175,0.19676421389643325,0.1785973459482193,-0.018166867948213955
96b1430379c0694a,2021-02-13,UFC 258: Usman vs. Burns,Rodolfo Vieira,Anthony Hernandez,4,blue_sub,2021,0.0876709167819994,0.08800022304058075,0.0003293062585813522,0.5569681772032904,0.5508397817611694,-0.00612839544212096,0.10883286221213719,0.1168375164270401,0.008004654214902915,0.13722404365878169,0.1536315530538559,0.01640750939507421,0.03757325004942831,0.026082199066877365,-0.011491050982550946,0.07173075009436315,0.06460875272750854,-0.007121997366854607
be94e5b7a35ce5f2,2021-02-13,UFC 258: Usman vs. Burns,Kamaru Usman,Gilbert Burns,0,red_ko_tko,2021,0.21841096337384777,0.2110687643289566,-0.007342199044891168,0.04817888897952525,0.048291366547346115,0.00011247756782086643,0.39001957745329957,0.4573436379432678,0.06732406048996825,0.12133942409658209,0.11889850348234177,-0.0024409206142403245,0.13104657802430866,0.07269341498613358,-0.05835316303817509,0.09100456807243658,0.0917043387889862,0.0006997707165496275
f98e954823bd6e02,2021-02-13,UFC 258: Usman vs. Burns,Andre Ewell,Chris Gutierrez,5,blue_dec,2021,0.12126656186840334,0.10911321640014648,-0.01215334546825686,0.07882326521446217,0.06080767139792442,-0.01801559381653775,0.2627442173815406,0.33282288908958435,0.07007867170804377,0.15764653042892435,0.16367486119270325,0.0060283307637789,0.08758140579384685,0.05395235866308212,-0.03362904713076473,0.29193801931282287,0.27962902188301086,-0.012308997429812008
05ceb8b2f93993a6,2021-02-20,UFC Fight Night: Blaydes vs. Lewis,Phil Hawes,Nassourdine Imavov,2,red_dec,2021,0.3586716333101837,0.32321861386299133,-0.03545301944719237,0.06207778268830103,0.0953320637345314,0.03325428104623037,0.11528731070684477,0.1531098186969757,0.03782250799013094,0.15371641427579302,0.14780016243457794,-0.005916251841215081,0.14034976955615885,0.12266691029071808,-0.017682859265440776,0.16989708946271861,0.15787243843078613,-0.012024651031932482
15b1c7ddc4415fdd,2021-02-20,UFC Fight Night: Blaydes vs. Lewis,Andrei Arlovski,Tom Aspinall,4,blue_sub,2021,0.07880304050803426,0.07756602764129639,-0.0012370128667378716,0.06061772346771866,0.04830896109342575,-0.01230876237429291,0.17511786779563168,0.19116182625293732,0.016043958457305635,0.4728182430482055,0.41413840651512146,-0.05867983653308406,0.037525257384778216,0.023572945967316628,-0.013952311417461588,0.17511786779563168,0.2452518194913864,0.07013395169575473
1d892fec31dc7ad7,2021-02-20,UFC Fight Night: Blaydes vs. Lewis,Shana Dobson,Casey O'Neill,3,blue_ko_tko,2021,0.12176498228872984,0.11446122825145721,-0.007303754037272625,0.0719520349887949,0.0467245951294899,-0.025227439859305006,0.24352996457745968,0.2615709602832794,0.01804099570581974,0.11306748355382056,0.12622526288032532,0.013157779326504762,0.12663558158027904,0.10235320031642914,-0.024282381263849906,0.3230499530109159,0.34866470098495483,0.025614747974038954
82243207b4dfce87,2021-02-20,UFC Fight Night: Blaydes vs. Lewis,Charles Rosa,Darrick Minner,5,blue_dec,2021,0.09623102745943811,0.08513227105140686,-0.011098756408031249,0.3275949870959595,0.43368738889694214,0.10609240180098262,0.18114075757070702,0.1617238074541092,-0.01941695011659783,0.06998620178868226,0.04968112334609032,-0.02030507844259194,0.17107738215011217,0.13279065489768982,-0.03828672725242235,0.15396964393510099,0.13698475062847137,-0.01698489330662961
8f7328fe18806fb0,2021-02-20,UFC Fight Night: Blaydes vs. Lewis,Aleksei Oleinik,Chris Daukaus,3,blue_ko_tko,2021,0.07238191138063554,0.07512681931257248,0.002744907931936935,0.24498493082676648,0.20438075065612793,-0.04060418017063855,0.08381063423020957,0.09767351299524307,0.013862878765033504,0.45739207829890977,0.48006725311279297,0.022675174813883203,0.041905317115104784,0.025396088138222694,-0.01650922897688209,0.09952512814837387,0.11735552549362183,0.017830397345247953
931fd51ab69fb443,2021-02-20,UFC Fight Night: Blaydes vs. Lewis,Jared Gordon,Danny Chavez,2,red_dec,2021,0.0737115663707854,0.06641219556331635,-0.007299370807469049,0.1013534037598299,0.0780733972787857,-0.023280006481044196,0.28958115359951403,0.32657957077026367,0.03699841717074964,0.2702757433595464,0.24985040724277496,-0.020425336116771442,0.06237132539066456,0.04048225283622742,-0.021889072554437145,0.2027068075196598,0.2386021912097931,0.03589538369013329
990c2378caec68d4,2021-02-20,UFC Fight Night: Blaydes vs. Lewis,Eddie Wineland,John Castaneda,3,blue_ko_tko,2021,0.13283790060380862,0.12404658645391464,-0.00879131414989398,0.09962842545285648,0.05970025807619095,-0.03992816737666553,0.24523920111472364,0.2648339867591858,0.019594785644462154,0.13283790060380862,0.15753014385700226,0.024692243253193635,0.09962842545285648,0.07160351425409317,-0.02802491119876331,0.2898281467719461,0.3222855031490326,0.032457356377086466
b12bc15f384ecc42,2021-02-20,UFC Fight Night: Blaydes vs. Lewis,Curtis Blaydes,Derrick Lewis,3,blue_ko_tko,2021,0.4874129619710766,0.507961630821228,0.02054866885015144,0.11783610069630425,0.09794480353593826,-0.019891297160365987,0.15318693090519553,0.19869489967823029,0.04550796877303476,0.15318693090519553,0.14517462253570557,-0.008012308369489962,0.029459025174076062,0.011156110092997551,-0.01830291508107851,0.058918050348152125,0.039067938923835754,-0.01985011142431637
b9cd4910f0ecff45,2021-02-20,UFC Fight Night: Blaydes vs. Lewis,Aiemann Zahabi,Drako Rodriguez,0,red_ko_tko,2021,0.09353410097431356,0.08901392668485641,-0.004520174289457141,0.09937998228520815,0.05573098734021187,-0.043648994944996286,0.2120106288751107,0.2285667508840561,0.01655612200894538,0.13250664304694418,0.16924022138118744,0.03673357833424326,0.1445527015057573,0.11552369594573975,-0.029029005560017557,0.3180159433126661,0.34192442893981934,0.023908485627153253
e175c1a0bff30187,2021-02-20,UFC Fight Night: Blaydes vs. Lewis,Nate Landwehr,Julian Erosa,3,blue_ko_tko,2021,0.2412903789832583,0.2966557443141937,0.05536536533093542,0.06032259474581458,0.05550023540854454,-0.004822359337270037,0.2091183284521572,0.25729548931121826,0.04817716085906107,0.1363815185557547,0.0953376442193985,-0.0410438743363562,0.1568387463391179,0.09887511283159256,-0.05796363350752534,0.19604843292389737,0.1963358074426651,0.0002873745187677301
11a83369d49ad138,2021-02-27,UFC Fight Night: Rozenstruik vs. Gane,Vince Cachero,Ronnie Lawrence,3,blue_ko_tko,2021,0.09515793134244606,0.09367107599973679,-0.0014868553427092729,0.08088424164107916,0.07533590495586395,-0.005548336685215205,0.23109783326022612,0.2591593563556671,0.028061523095440993,0.11554891663011306,0.108797587454319,-0.00675132917579406,0.10110530205134893,0.07311802357435226,-0.02798727847699667,0.37620577507478675,0.38991808891296387,0.013712313838177115
3a4e2dffcdd1c838,2021-02-27,UFC Fight Night: Rozenstruik vs. Gane,Nikita Krylov,Magomed Ankalaev,5,blue_dec,2021,0.07904642409033878,0.07603602111339569,-0.0030104029769430912,0.11292346298619824,0.10588866472244263,-0.0070347982637556095,0.1053952321204517,0.10257778316736221,-0.0028174489530894825,0.39523212045169387,0.43221941590309143,0.03698729545139756,0.08782936010037641,0.05162985250353813,-0.03619950759683828,0.21957340025094105,0.2316482812166214,0.012074880965680351
3eac2d47ac252f4b,2021-02-27,UFC Fight Night: Rozenstruik vs. Gane,Alexander Hernandez,Thiago Moises,5,blue_dec,2021,0.1996082723659197,0.183869868516922,-0.01573840384899769,0.053228872630911916,0.03697214275598526,-0.016256729874926656,0.38020623307794227,0.4241325557231903,0.04392632264524804,0.08871478771818653,0.09103082120418549,0.0023160334859989584,0.1330721815772798,0.10760176181793213,-0.025470419759347662,0.14516965262975978,0.1563928872346878,0.011223234604928023
4a704dae3091adaf,2021-02-27,UFC Fight Night: Rozenstruik vs. Gane,Jairzinho Rozenstruik,Ciryl Gane,5,blue_dec,2021,0.21334087854566033,0.2027376890182495,-0.010603189527410822,0.030770319021008706,0.02045029029250145,-0.010320028728507256,0.06666902454551885,0.08368764072656631,0.01701861618104747,0.27587182570559526,0.262699156999588,-0.013172668706007251,0.20000707363655656,0.1793527901172638,-0.02065428351929277,0.21334087854566033,0.2510724663734436,0.03773158782778327
6a0341234ecc4e87,2021-02-27,UFC Fight Night: Rozenstruik vs. Gane,Alex Caceres,Kevin Croom,2,red_dec,2021,0.090423904544991,0.1024223044514656,0.01199839990647461,0.12810053143873726,0.09925676137208939,-0.028843770066647872,0.3660015183963921,0.4088834822177887,0.042881963821396585,0.080905598803413,0.09329662472009659,0.01239102591668359,0.180847809089982,0.1293662190437317,-0.0514815900462503,0.1537206377264847,0.16677458584308624,0.013053948116601544
a7315147a7022a93,2021-02-27,UFC Fight Night: Rozenstruik vs. Gane,Alexis Davis,Sabina Mazo,2,red_dec,2021,0.035660365882504,0.027827883139252663,-0.007832482743251337,0.074562583208872,0.04873611778020859,-0.025826465428663417,0.25236566624541296,0.31180647015571594,0.059440803910302986,0.12618283312270648,0.09725334495306015,-0.028929488169646328,0.09113204614417689,0.06029985472559929,-0.030832191418577598,0.42009650539632765,0.4540763199329376,0.033979814536609976
bc86601cf781a89c,2021-02-27,UFC Fight Night: Rozenstruik vs. Gane,Dustin Jacoby,Maxim Grishin,2,red_dec,2021,0.28300441433205353,0.23782865703105927,-0.04517575730099427,0.04744485769684427,0.03471323847770691,-0.01273161921913736,0.2781250278780526,0.417166143655777,0.13904111577772438,0.1344270968077254,0.09454389661550522,-0.03988320019222019,0.08719595468609218,0.06098886951804161,-0.026207085168050565,0.1698026485992321,0.15475915372371674,-0.015043494875515373
c2ee423d1f0b4f6f,2021-02-27,UFC Fight Night: Rozenstruik vs. Gane,Pedro Munhoz,Jimmie Rivera,2,red_dec,2021,0.13345185995623632,0.11625183373689651,-0.017200026219339803,0.09420131291028445,0.08746284991502762,-0.006738462995256836,0.22877461706783367,0.2255161851644516,-0.0032584319033820697,0.0800711159737418,0.05672954022884369,-0.023341575744898105,0.053380743982494525,0.035282351076602936,-0.01809839290589159,0.41012035010940917,0.47875723242759705,0.06863688231818788
04a788abbbd1f256,2021-03-06,UFC 259: Blachowicz vs. Adesanya,Thiago Santos,Aleksandar Rakic,5,blue_dec,2021,0.26239479742387667,0.23331323266029358,-0.02908156476358309,0.06156185631867877,0.03702326864004135,-0.024538587678637418,0.10670721761904318,0.11676390469074249,0.010056687071699308,0.25406480385486474,0.23818042874336243,-0.015884375111502314,0.07275492110389309,0.060799673199653625,-0.011955247904239463,0.2425164036796436,0.3139194846153259,0.07140308093568232
15c9cb5f9320c555,2021-03-06,UFC 259: Blachowicz vs. Adesanya,Petr Yan,Aljamain Sterling,3,blue_ko_tko,2021,0.25713335918887475,0.3041837811470032,0.04705042195812842,0.05933846750512495,0.04968151077628136,-0.009656956728843591,0.18150590060391159,0.21222469210624695,0.030718791502335363,0.11020001108094632,0.12322384864091873,0.013023837559972412,0.22040002216189264,0.14261378347873688,-0.07778623868315576,0.17142223945924984,0.1680724024772644,-0.0033498369819854323
2704d31de2c2f43b,2021-03-06,UFC 259: Blachowicz vs. Adesanya,Tim Elliott,Jordan Espinosa,2,red_dec,2021,0.059870089624282544,0.0543610081076622,-0.005509081516620343,0.19457779127891828,0.16819840669631958,-0.026379384582598697,0.23233169107930537,0.2728659212589264,0.04053423017962102,0.12452978641850769,0.13009043037891388,0.005560643960406189,0.10042724711169974,0.060139380395412445,-0.0402878667162873,0.28826339448728633,0.3143448531627655,0.026081458675479174
50ef636148fa6fac,2021-03-06,UFC 259: Blachowicz vs. Adesanya,Livinha Souza,Amanda Lemos,3,blue_ko_tko,2021,0.060469319678792925,0.075762540102005,0.01529322042321208,0.0786101155824308,0.09255968034267426,0.01394956476024345,0.18496497784101365,0.2612835168838501,0.07631853904283645,0.1572202311648616,0.14510057866573334,-0.012119652499128275,0.09826264447803851,0.05297790840268135,-0.04528473607535716,0.4204727112548624,0.37231573462486267,-0.04815697662999974
5980ab31e4718a83,2021-03-06,UFC 259: Blachowicz vs. Adesanya,Song Yadong,Kyler Phillips,5,blue_dec,2021,0.25987175160310494,0.20424766838550568,-0.05562408321759926,0.05197435032062099,0.038912560790777206,-0.013061789529843784,0.2834964562942963,0.3308942914009094,0.047397835106613107,0.10394870064124198,0.11176011711359024,0.007811416472348259,0.07796152548093149,0.05630126968026161,-0.02166025580066988,0.22274721565980424,0.25788405537605286,0.03513683971624862
7ad09f889d2cdb6f,2021-03-06,UFC 259: Blachowicz vs. Adesanya,Sean Brady,Jake Matthews,1,red_sub,2021,0.11994937201830394,0.1324768364429474,0.012527464424643447,0.1542206211663908,0.1259615272283554,-0.028259093938035384,0.35984811605491185,0.3665744662284851,0.006726350173573259,0.08996202901372796,0.09544537216424942,0.005483343150521458,0.07360529646577743,0.05030139535665512,-0.02330390110912231,0.20241456528088791,0.22924041748046875,0.026825852199580835
7de9867b7cc2b1b1,2021-03-06,UFC 259: Blachowicz vs. Adesanya,Jan Blachowicz,Israel Adesanya,2,red_dec,2021,0.1896953034666363,0.19463379681110382,0.004938493344467526,0.08957833774813381,0.052229177206754684,-0.03734916054137913,0.08957833774813381,0.09024202823638916,0.0006636904882553474,0.34306597435455505,0.3755654990673065,0.03249952471275147,0.047423825866659074,0.04460459202528,-0.002819233841379075,0.24065822081588187,0.24272491037845612,0.0020666895625742476
ae5d14a9fc1ad19c,2021-03-06,UFC 259: Blachowicz vs. Adesanya,Joseph Benavidez,Askar Askarov,5,blue_dec,2021,0.13291139240506328,0.10448040813207626,-0.028430984272987014,0.11392405063291139,0.07684295624494553,-0.03708109438796586,0.26582278481012656,0.274647057056427,0.008824272246300446,0.11392405063291139,0.1348917931318283,0.02096774249891692,0.08860759493670886,0.06110677868127823,-0.027500816255430632,0.2848101265822785,0.34803104400634766,0.06322091742406916
c06d7bb29bc24d00,2021-03-06,UFC 259: Blachowicz vs. Adesanya,Islam Makhachev,Drew Dober,1,red_sub,2021,0.11508085746521247,0.1207890510559082,0.005708193590695729,0.23016171493042495,0.1765069216489792,-0.05365479328144576,0.38360285821737494,0.4667344093322754,0.08313155111490045,0.1342610003760812,0.15530790388584137,0.021046903509760156,0.0473862354268522,0.018571583554148674,-0.028814651872703524,0.08950733358405415,0.06209009885787964,-0.027417234726174508
c096342c57a6f2c4,2021-03-06,UFC 259: Blachowicz vs. Adesanya,Mario Bautista,Trevin Jones,3,blue_ko_tko,2021,0.210900252407217,0.24647727608680725,0.03557702367959026,0.09885949331588297,0.054976288229227066,-0.0438832050866559,0.3365429559689633,0.36241254210472107,0.025869586135757794,0.09885949331588297,0.10518982261419296,0.006330329298309997,0.07908759465270639,0.05314059555530548,-0.025946999097400905,0.17575021033934748,0.17780344188213348,0.0020532315427859993
d170f6580e1c244f,2021-03-06,UFC 259: Blachowicz vs. Adesanya,Kennedy Nzechukwu,Carlos Ulberg,0,red_ko_tko,2021,0.1509702055858976,0.1760939061641693,0.025123700578271707,0.05283957195506416,0.03932727128267288,-0.01351230067239128,0.126814972692154,0.15309900045394897,0.026284027761794976,0.3962967896629812,0.3421480655670166,-0.05414872409596461,0.046623151725056614,0.029825197532773018,-0.016797954192283596,0.2264553083788464,0.25950661301612854,0.03305130463728215
e2abba69c3371618,2021-03-06,UFC 259: Blachowicz vs. Adesanya,Uros Medic,Aalon Cruz,0,red_ko_tko,2021,0.357212931274645,0.36383020877838135,0.006617277503736363,0.07680078022404867,0.0656624361872673,-0.011138344036781364,0.11815504649853642,0.13830412924289703,0.020149082744360614,0.06981889111277152,0.08897070586681366,0.019151814754042137,0.051200520149365776,0.0527922697365284,0.0015917495871626205,0.32681183074063264,0.29044023156166077,-0.03637159917897187
f4363f1317b47213,2021-03-06,UFC 259: Blachowicz vs. Adesanya,Dominick Cruz,Casey Kenney,2,red_dec,2021,0.07165928803758584,0.048546552658081055,-0.023112735379504784,0.05255014456089628,0.0440889336168766,-0.008461210944019679,0.3354264546440188,0.4018456041812897,0.06641914953727085,0.14331857607517168,0.14487941563129425,0.001560839556122573,0.10510028912179256,0.06280649453401566,-0.042293794587776906,0.29194524756053486,0.29783299565315247,0.005887748092617606
fd92fe0c494d0959,2021-03-06,UFC 259: Blachowicz vs. Adesanya,Amanda Nunes,Megan Anderson,1,red_sub,2021,0.3976900724611028,0.48302948474884033,0.08533941228773756,0.3001434509140398,0.1680735945701599,-0.1320698563438799,0.13256335748703424,0.18543392419815063,0.052870566711116396,0.0994225181152757,0.10755828768014908,0.008135769564873385,0.023393533674182516,0.015467721037566662,-0.007925812636615855,0.04678706734836503,0.04043694585561752,-0.00635012149274751
01f262b68a6a2223,2021-03-13,UFC Fight Night: Edwards vs. Muhammad,Manel Kape,Matheus Nicolau,5,blue_dec,2021,0.23166023166023167,0.2429416924715042,0.011281460811272542,0.05405405405405406,0.07288593798875809,0.01883188393470403,0.23166023166023167,0.252739816904068,0.021079585243836324,0.11583011583011583,0.11732611060142517,0.0014959947713093363,0.13513513513513514,0.0919046476483345,-0.04323048748680064,0.23166023166023167,0.22220179438591003,-0.009458437274321635
03bdbf2d18f3025d,2021-03-13,UFC Fight Night: Edwards vs. Muhammad,Rani Yahya,Ray Rodriguez,1,red_sub,2021,0.07086154312041704,0.05699465423822403,-0.013866888882193007,0.43304276351365967,0.4171532392501831,-0.015889524263476562,0.19486924358114682,0.1932678371667862,-0.0016014064143606288,0.11135385347494103,0.08938062191009521,-0.02197323156484582,0.05995976725573749,0.04203059524297714,-0.01792917201276035,0.12991282905409787,0.2011730819940567,0.07126025293995883
18c67631b76c18e5,2021-03-13,UFC Fight Night: Edwards vs. Muhammad,Angela Hill,Ashley Yoder,2,red_dec,2021,0.14521096050531618,0.13985002040863037,-0.005360940096685807,0.05324401885194926,0.030757063999772072,-0.022486954852177186,0.5134244675009394,0.5380900502204895,0.024665582719550105,0.0420347517252231,0.038921065628528595,-0.003113686096694504,0.09396003326814575,0.08756763488054276,-0.006392398387602999,0.15212576814842646,0.16481411457061768,0.012688346422191216
4944437e73071671,2021-03-13,UFC Fight Night: Edwards vs. Muhammad,Misha Cirkunov,Ryan Spann,3,blue_ko_tko,2021,0.12961646181306324,0.12675641477108002,-0.002860047041983227,0.2827995530466834,0.19587139785289764,-0.08692815519378577,0.11109982441119706,0.15386201441287994,0.04276219000168288,0.2681719899580619,0.3634032905101776,0.0952313005521157,0.09721234635979743,0.06432710587978363,-0.0328852404800138,0.11109982441119706,0.09577979147434235,-0.015320032936854716
70aa6b8f863e6861,2021-03-13,UFC Fight Night: Edwards vs. Muhammad,Jonathan Martinez,Davey Grant,3,blue_ko_tko,2021,0.2376608234965755,0.23488286137580872,-0.0027779621207667804,0.0796163758713528,0.10263588279485703,0.023019506923504227,0.37030872498303624,0.3874422609806061,0.017133535997569838,0.099520469839191,0.08333096653223038,-0.016189503306960618,0.06124336605488677,0.030011355876922607,-0.031232010177964162,0.1516502397549577,0.16169670224189758,0.010046462486939883
8a7b0cd5ad9ca4fe,2021-03-13,UFC Fight Night: Edwards vs. Muhammad,Gloria de Paula,Jinh Yu Frey,5,blue_dec,2021,0.11328809031782099,0.10063523799180984,-0.01265285232601114,0.10232472673867703,0.12032362818717957,0.01799890144850254,0.4061792506516997,0.4866766631603241,0.08049741250862441,0.052867775481649795,0.04295976459980011,-0.009908010881849685,0.06100127940190361,0.040823549032211304,-0.02017773036969231,0.26433887740824896,0.20858117938041687,-0.05575769802783209
a6828a6dfb21d33c,2021-03-13,UFC Fight Night: Edwards vs. Muhammad,Nasrat Haqparast,Rafa Garcia,2,red_dec,2021,0.3849671202243242,0.41050854325294495,0.025541423028620724,0.041535926129466556,0.02734733559191227,-0.014188590537554287,0.3358223814722828,0.349360853433609,0.013538471961326182,0.07174387240544225,0.06992248445749283,-0.001821387947949421,0.06070635357383575,0.03591063618659973,-0.024795717387236016,0.10522434619464861,0.10695020109415054,0.0017258548995019302
bb7ce8a6ba7f7cc5,2021-03-13,UFC Fight Night: Edwards vs. Muhammad,Charles Jourdain,Marcelo Rojo,0,red_ko_tko,2021,0.27703782631859347,0.2819688320159912,0.004931005697397739,0.16622269579115606,0.10924976319074631,-0.056972932600409754,0.24294086307938198,0.30147668719291687,0.05853582411353489,0.1315929675013319,0.15761032700538635,0.026017359504054455,0.060735215769845495,0.03628557547926903,-0.024449640290576467,0.12147043153969099,0.11340880393981934,-0.008061627599871654
d0ebb0551377a1c1,2021-03-13,UFC Fight Night: Edwards vs. Muhammad,Matthew Semelsberger,Jason Witt,0,red_ko_tko,2021,0.259926550448452,0.27331286668777466,0.013386316239322682,0.04104103428133452,0.0453207865357399,0.0042797522544053765,0.22934695627804588,0.2854342460632324,0.05608728978518654,0.14177811842642835,0.11897660791873932,-0.022801510507689027,0.11996610020697784,0.08414748311042786,-0.03581861709654999,0.20794124035876158,0.19280801713466644,-0.015133223224095133
d15a87087b6f1452,2021-03-13,UFC Fight Night: Edwards vs. Muhammad,Dan Ige,Gavin Tucker,0,red_ko_tko,2021,0.1327208394756546,0.13777229189872742,0.005051452423072811,0.0884805596504364,0.09158805757761002,0.0031074979271736164,0.3250306272873174,0.39251574873924255,0.06748512145192515,0.07963250368539278,0.04802335426211357,-0.031609149423279206,0.09954062960674095,0.06382511556148529,-0.035715514045255664,0.27459484029445785,0.26627546548843384,-0.008319374806024016
e8adfbbe0053c321,2021-03-13,UFC Fight Night: Edwards vs. Muhammad,Cortney Casey,JJ Aldrich,5,blue_dec,2021,0.08018215247663328,0.0647515058517456,-0.015430646624887676,0.08909128052959253,0.08028028905391693,-0.0088109914756756,0.2672738415887776,0.27659687399864197,0.009323032409864374,0.07289286588784843,0.06924718618392944,-0.0036456797039189914,0.061678578828179446,0.08121608197689056,0.019537503148711118,0.4288812806889687,0.4279080629348755,-0.000973217754093203
2efbcd870f1f7bc7,2021-03-20,UFC Fight Night: Brunson vs. Holland,Derek Brunson,Kevin Holland,2,red_dec,2021,0.1456829195350153,0.13963110744953156,-0.006051812085483749,0.06677133812021535,0.04545634239912033,-0.02131499572109502,0.16868548577738615,0.17476125061511993,0.0060757648377337825,0.3726772360198066,0.4120822846889496,0.03940504866914296,0.10683414099234456,0.08183050155639648,-0.025003639435948077,0.13934887955523204,0.1462385356426239,0.0068896560873918655
55bf7f19a132e0fc,2021-03-20,UFC Fight Night: Brunson vs. Holland,Bruno Silva,JP Buys,0,red_ko_tko,2021,0.12299782801454498,0.12173516303300858,-0.0012626649815364044,0.09993573526181779,0.0805407464504242,-0.019394988811393593,0.21319623522521128,0.2707904577255249,0.057594222500313624,0.11844235290289515,0.10763439536094666,-0.010807957541948493,0.15989717641890847,0.10614196211099625,-0.05375521430791222,0.28553067217662226,0.313157320022583,0.02762664784596075
68cf99b6551dc3b3,2021-03-20,UFC Fight Night: Brunson vs. Holland,Trevin Giles,Roman Dolidze,2,red_dec,2021,0.15955949382658494,0.1589609682559967,-0.000598525570588232,0.07977974691329247,0.07070359587669373,-0.009076151036598742,0.2127459917687799,0.27578461170196533,0.06303861993318544,0.19224035400793366,0.21225227415561676,0.020011920147683104,0.18771705156068816,0.12619948387145996,-0.0615175676892282,0.16795736192272095,0.15609906613826752,-0.011858295784453438
9e45cc594a5a2506,2021-03-20,UFC Fight Night: Brunson vs. Holland,Tai Tuivasa,Harry Hunsucker,0,red_ko_tko,2021,0.5942416147224696,0.603725016117096,0.009483401394626334,0.0385871178391214,0.02592197060585022,-0.012665147233271182,0.11576135351736422,0.15076816082000732,0.035006807302643106,0.10804392994953993,0.1087547019124031,0.000710771962863177,0.08103294746215496,0.05554593726992607,-0.02548701019222889,0.062333036509349966,0.05528421327471733,-0.0070488232346326354
a043e279434d5c8c,2021-03-20,UFC Fight Night: Brunson vs. Holland,Leonardo Santos,Grant Dawson,3,blue_ko_tko,2021,0.11881887017011061,0.09938536584377289,-0.019433504326337725,0.13367122894137443,0.1592888981103897,0.025617669169015284,0.14582315884513575,0.15720835328102112,0.01138519443588537,0.14582315884513575,0.12572407722473145,-0.020099081620404302,0.11457533909260666,0.10002808272838593,-0.014547256364220731,0.3412882441056369,0.3583652079105377,0.017076963804900813
afc86d1076c4c3a9,2021-03-20,UFC Fight Night: Brunson vs. Holland,Adrian Yanez,Gustavo Lopez,0,red_ko_tko,2021,0.3742664775429155,0.36413976550102234,-0.010126712041893138,0.06189791743978987,0.08519791811704636,0.02330000067725649,0.19158879207554005,0.2740011215209961,0.08241232944545604,0.11098936920238182,0.0790327861905098,-0.03195658301187203,0.11495327524532403,0.08206035196781158,-0.03289292327751245,0.1463041684940488,0.11556808650493622,-0.030736081989112568
b8a0047c927faa75,2021-03-20,UFC Fight Night: Brunson vs. Holland,Montel Jackson,Jesse Strader,0,red_ko_tko,2021,0.42333575690255537,0.4613000154495239,0.037964258546968555,0.1376441402405284,0.11508198827505112,-0.022562151965477284,0.21105434836881024,0.23882390558719635,0.027769557218386115,0.07914538063830384,0.06124569848179817,-0.01789968215650567,0.06088106202946449,0.025475405156612396,-0.0354056568728521,0.0879393118203376,0.09807296842336655,0.010133656603028951
dcfbbebc0aee6ded,2021-03-20,UFC Fight Night: Brunson vs. Holland,Marion Reneau,Macy Chiasson,5,blue_dec,2021,0.08415723033765524,0.07420278340578079,-0.009954446931874444,0.13324894803462078,0.12058240175247192,-0.01266654628214886,0.15989873764154497,0.18292245268821716,0.023023715046672194,0.13324894803462078,0.12315983325242996,-0.010089114782190822,0.07994936882077248,0.05261213704943657,-0.027337231771335915,0.40949676713078587,0.44652044773101807,0.0370236806002322
edac9fd482177a64,2021-03-20,UFC Fight Night: Brunson vs. Holland,Song Kenan,Max Griffin,3,blue_ko_tko,2021,0.1582036675200828,0.15356463193893433,-0.004639035581148476,0.06084756443080108,0.05514577403664589,-0.005701790394155193,0.1582036675200828,0.21727006137371063,0.05906639385362783,0.14382151592734801,0.11661810427904129,-0.027203411648306725,0.09306098089416635,0.07549389451742172,-0.01756708637674463,0.385862603707519,0.38190752267837524,-0.00395508102914377
0aa335dbc4cb3473,2021-03-27,UFC 260: Miocic vs. Ngannou,Sean O'Malley,Thomas Almeida,0,red_ko_tko,2021,0.46191360891778915,0.4901280403137207,0.02821443139593155,0.09057129586623318,0.08393753319978714,-0.006633762666446039,0.18114259173246636,0.1906621903181076,0.009519598585641248,0.10264746864839759,0.09493990987539291,-0.007707558773004677,0.04528564793311659,0.017053240910172462,-0.028232407022944127,0.11843938690199723,0.12327906489372253,0.0048396779917253
2220b73ece1730c3,2021-03-27,UFC 260: Miocic vs. Ngannou,Shane Young,Omar Morales,5,blue_dec,2021,0.10805121908437117,0.1014857143163681,-0.006565504768003064,0.05402560954218558,0.036713533103466034,-0.01731207643871955,0.21610243816874233,0.3434174358844757,0.12731499771573337,0.21048938782669704,0.14578618109226227,-0.06470320673443478,0.07367128573934398,0.05385534465312958,-0.0198159410862144,0.3376600596386599,0.3187417685985565,-0.018918291040103397
390694c179f05c7f,2021-03-27,UFC 260: Miocic vs. Ngannou,Jamie Mullarkey,Khama Worthy,0,red_ko_tko,2021,0.1737808736679917,0.17777058482170105,0.003989711153709358,0.07993920188727618,0.08950117230415344,0.009561970416877258,0.21036632075598993,0.26439791917800903,0.0540315984220191,0.253775244086591,0.24585863947868347,-0.007916604607907551,0.09404611986738373,0.04999418929219246,-0.04405193057519127,0.18809223973476746,0.17247751355171204,-0.015614726183055427
39d188fa9b95d550,2021-03-27,UFC 260: Miocic vs. Ngannou,Tyron Woodley,Vicente Luque,4,blue_sub,2021,0.13224918711948142,0.14295123517513275,0.010702048055651336,0.04667618368922873,0.033321890980005264,-0.013354292709223468,0.16360724179729658,0.2197582870721817,0.056151045274885125,0.22671289220482527,0.18786552548408508,-0.038847366720740184,0.11335644610241263,0.08337351679801941,-0.029982929304393224,0.3173980490867554,0.3327295482158661,0.015331499129110693
41622791b276ad9e,2021-03-27,UFC 260: Miocic vs. Ngannou,Marc-Andre Barriault,Abu Azaitar,0,red_ko_tko,2021,0.16701673520550656,0.1395946592092514,-0.027422075996255152,0.09916618652826953,0.09932826459407806,0.00016207806580853523,0.27356189387108837,0.35013604164123535,0.07657414777014698,0.1322215820376927,0.10067533701658249,-0.0315462450211102,0.07212086292965057,0.04111349955201149,-0.031007363377639083,0.2559127394277923,0.2691522240638733,0.01323948463608099
48292a027df02443,2021-03-27,UFC 260: Miocic vs. Ngannou,Alonzo Menifield,Fabio Cherant,1,red_sub,2021,0.4718392969702582,0.4853370189666748,0.013497721996416578,0.046896806392581446,0.030051007866859436,-0.01684579852572201,0.16784120182608098,0.1785488724708557,0.010707670644774736,0.09965571358423558,0.09860873222351074,-0.0010469813607248413,0.09111379527701538,0.06191445514559746,-0.029199340131417922,0.12265318594982841,0.14553992450237274,0.022886738552544333
4b3af85b0df51d09,2021-03-27,UFC 260: Miocic vs. Ngannou,Jared Gooden,Abubakar Nurmagomedov,5,blue_dec,2021,0.12318029115341544,0.12211494147777557,-0.0010653496756398706,0.06159014557670772,0.07529299706220627,0.013702851485498546,0.1455767077267637,0.1534268707036972,0.0078501629769335,0.16013437849944007,0.13826805353164673,-0.021866324967793338,0.1455767077267637,0.10197868198156357,-0.043598025745200136,0.36394176931690925,0.40891847014427185,0.0449767008273626
6002c24f0b7f8cc7,2021-03-27,UFC 260: Miocic vs. Ngannou,Modestas Bukauskas,Michal Oleksiejczuk,5,blue_dec,2021,0.16156277811810124,0.12704984843730927,-0.034512929680791976,0.07343762641731874,0.07200418412685394,-0.001433442290464798,0.16156277811810124,0.15106101334095,-0.010501764777151229,0.3512234306915244,0.43535783886909485,0.08413440817757045,0.06213953004542355,0.0283327866345644,-0.03380674341085915,0.19007385660953086,0.18619439005851746,-0.0038794665510133997
8317208cfb030ed3,2021-03-27,UFC 260: Miocic vs. Ngannou,Gillian Robertson,Miranda Maverick,5,blue_dec,2021,0.07988210218447879,0.07587248086929321,-0.004009621315185577,0.17751578263217505,0.12339189648628235,-0.0541238861458927,0.16817284670416585,0.2123892605304718,0.04421641382630595,0.13313683697413128,0.13790413737297058,0.004767300398839297,0.09397894374644562,0.0525914765894413,-0.04138746715700432,0.3473134877586034,0.39785075187683105,0.050537264118227676
b1eff235241e719b,2021-03-27,UFC 260: Miocic vs. Ngannou,Stipe Miocic,Francis Ngannou,3,blue_ko_tko,2021,0.22976449914021999,0.19556286931037903,-0.03420162982984096,0.053611716466051326,0.02798766829073429,-0.025624048175317035,0.16930015726121472,0.2196221947669983,0.05032203750578357,0.4545341178643482,0.47247055172920227,0.01793643386485405,0.030929836422721922,0.017900418490171432,-0.01302941793255049,0.061859672845443844,0.06645628064870834,0.004596607803264499
0992795fd0fa06d0,2021-04-10,UFC Fight Night: Vettori vs. Holland,Nina Nunes,Mackenzie Dern,4,blue_sub,2021,0.10650521258945594,0.10259339958429337,-0.003911813005162579,0.07261719040190179,0.07563120126724243,0.003014010865340644,0.34729960626996503,0.38164129853248596,0.03434169226252093,0.07261719040190179,0.07218404114246368,-0.0004331492594381037,0.2130104251789119,0.14828769862651825,-0.06472272655239364,0.18795037515786342,0.2196623533964157,0.03171197823855229
1fee9eca658d9808,2021-04-10,UFC Fight Night: Vettori vs. Holland,Hunter Azure,Jack Shore,5,blue_dec,2021,0.11402265209371808,0.09395895153284073,-0.02006370056087735,0.07255986951418424,0.045111075043678284,-0.027448794470505952,0.23475251901647842,0.2322368621826172,-0.002515656833861235,0.09976982058200332,0.10223901271820068,0.002469192136197368,0.21284228390827375,0.17901252210140228,-0.03382976180687147,0.2660528548853422,0.34744155406951904,0.08138869918417685
3209bcfaf95de90b,2021-04-10,UFC Fight Night: Vettori vs. Holland,Impa Kasanganay,Sasha Palatnikov,1,red_sub,2021,0.22641509433962265,0.21475990116596222,-0.011655193173660428,0.07924528301886793,0.0599488839507103,-0.019296399068157638,0.39622641509433965,0.5122746229171753,0.11604820782283565,0.11320754716981132,0.06228886917233467,-0.05091867799747665,0.052830188679245285,0.02976197563111782,-0.023068213048127464,0.1320754716981132,0.12096576392650604,-0.011109707771607163
444f0a732695dc81,2021-04-10,UFC Fight Night: Vettori vs. Holland,Yorgan De Castro,Jarjis Danho,3,blue_ko_tko,2021,0.4945999969010026,0.4919774532318115,-0.0026225436691910686,0.04230131552442785,0.04093185439705849,-0.0013694611273693605,0.13395416582735484,0.16814520955085754,0.034191043723502706,0.16074499899282585,0.1723605990409851,0.011615600048159258,0.05358166633094194,0.03327213600277901,-0.020309530328162934,0.11481785642344701,0.09331271052360535,-0.021505145899841663
646eeca9447c6965,2021-04-10,UFC Fight Night: Vettori vs. Holland,Sam Alvey,Julian Marquez,4,blue_sub,2021,0.11617561174455476,0.11680053174495697,0.0006249200004022071,0.08132292822118833,0.05984663963317871,-0.021476288588009623,0.17120616467618596,0.20166735351085663,0.030461188834670666,0.3127804931584167,0.29428017139434814,-0.018500321764068572,0.10165366027648542,0.09229519963264465,-0.009358460643840771,0.21686114192316888,0.23511013388633728,0.0182489919631684
71b81d8199a0fa19,2021-04-10,UFC Fight Night: Vettori vs. Holland,Arnold Allen,Sodiq Yusuff,2,red_dec,2021,0.10460059439839445,0.10766912996768951,0.0030685355692950667,0.0922946421162304,0.08800465613603592,-0.004289985980194477,0.24138598707321798,0.30693376064300537,0.06554777356978739,0.22414413085370238,0.23299595713615417,0.008851826282451791,0.052300297199197224,0.02450181171298027,-0.027798485486216953,0.2852743483592576,0.23989465832710266,-0.04537969003215492
7aebf01b5afc0109,2021-04-10,UFC Fight Night: Vettori vs. Holland,John Makdessi,Ignacio Bahamondes,2,red_dec,2021,0.14603350882610128,0.13967469334602356,-0.0063588154800777175,0.0535456199029038,0.02863851934671402,-0.024907100556189783,0.20079607463588928,0.18864373862743378,-0.0121523360084555,0.23975650702792747,0.2430231124162674,0.0032666053883399215,0.07301675441305064,0.05418796092271805,-0.01882879349033259,0.28685153519412754,0.3458319902420044,0.058980455047876856
93a1cd50374397c0,2021-04-10,UFC Fight Night: Vettori vs. Holland,Luis Saldana,Jordan Griffin,2,red_dec,2021,0.15128372972579823,0.13722945749759674,-0.014054272228201492,0.06109535238926468,0.07583308964967728,0.014737737260412595,0.3176958324241763,0.3897879719734192,0.07209213954924287,0.0992799476325551,0.06995327025651932,-0.02932667737603578,0.15884791621208816,0.14417873322963715,-0.014669182982451012,0.21179722161611753,0.18301749229431152,-0.028779729321806002
998296216e7171ed,2021-04-10,UFC Fight Night: Vettori vs. Holland,Scott Holtzman,Mateusz Gamrot,3,blue_ko_tko,2021,0.09435870255040484,0.07076207548379898,-0.023596627066605855,0.0729135428798583,0.03400849923491478,-0.038905043644943516,0.18871740510080967,0.17143896222114563,-0.01727844287966404,0.1458270857597166,0.10012134164571762,-0.04570574411399897,0.10693986289045881,0.07023052126169205,-0.03670934162876677,0.39124340081875175,0.5534386038780212,0.1621952030592695
ac9a8b73e58f3d71,2021-04-10,UFC Fight Night: Vettori vs. Holland,Mike Perry,Daniel Rodriguez,5,blue_dec,2021,0.1892568241801796,0.22134171426296234,0.03208489008278273,0.07312195479688759,0.04832581803202629,-0.024796136764861296,0.17874255617016963,0.22286005318164825,0.04411749701147863,0.20108537569144086,0.21900756657123566,0.017922190879794797,0.08043415027657634,0.06551704555749893,-0.01491710471907741,0.277359138884746,0.22294782102108002,-0.05441131786366599
ddd63237f1b857a6,2021-04-10,UFC Fight Night: Vettori vs. Holland,Marvin Vettori,Kevin Holland,2,red_dec,2021,0.16985875944855441,0.1807997077703476,0.010940948321793181,0.2689430357935445,0.24624241888523102,-0.022700616908313487,0.2782169335795288,0.3129415512084961,0.03472461762896728,0.1536817347391683,0.1370137333869934,-0.016668001352174888,0.06206377749081797,0.04631134867668152,-0.01575242881413645,0.06723575894838613,0.07669126242399216,0.00945550347560603
e27c28928ed4390f,2021-04-10,UFC Fight Night: Vettori vs. Holland,Jim Miller,Joe Solecki,5,blue_dec,2021,0.08021940349674324,0.07328805327415466,-0.006931350222588575,0.16043880699348648,0.15874433517456055,-0.00169447181892593,0.12341446691806651,0.13737225532531738,0.01395778840725087,0.12341446691806651,0.10632658004760742,-0.01708788687045909,0.17826534110387382,0.13084690272808075,-0.04741843837579307,0.3342475145697635,0.3934219181537628,0.059174403583999335
0b2c3c4306620d6d,2021-04-17,UFC Fight Night: Whittaker vs. Gastelum,Tracy Cortez,Justine Kish,2,red_dec,2021,0.09391555626906406,0.09295725077390671,-0.0009583054951573522,0.12281265050569916,0.12808680534362793,0.005274154837928771,0.49125060202279663,0.5667924284934998,0.07554182647070312,0.06140632525284958,0.06754366308450699,0.006137337831657409,0.053218815219136295,0.029821312054991722,-0.023397503164144573,0.1773960507304543,0.11479854583740234,-0.06259750489305196
24ff385ca78c80d3,2021-04-17,UFC Fight Night: Whittaker vs. Gastelum,Tony Gravely,Anthony Birchak,0,red_ko_tko,2021,0.30872220115307425,0.32485494017601013,0.016132739022935882,0.13959612573878138,0.1303025633096695,-0.00929356242911189,0.267559240999331,0.3158853054046631,0.0483260644053321,0.08918641366644366,0.10260778665542603,0.013421372988982369,0.0802677722997993,0.03275833651423454,-0.047509435785564755,0.11466824614257042,0.09359107166528702,-0.021077174477283397
25d4376e00b16510,2021-04-17,UFC Fight Night: Whittaker vs. Gastelum,Jessica Penne,Loopy Godinez,2,red_dec,2021,0.05349045090982581,0.04412318766117096,-0.009367263248654847,0.08023567636473872,0.05428450554609299,-0.02595117081864573,0.1887898267405617,0.26321250200271606,0.07442267526215438,0.13954030672128473,0.12186864763498306,-0.017671659086301666,0.1002945954559234,0.06994295865297318,-0.03035163680295022,0.4376491438076657,0.44656816124916077,0.008919017441495092
627c0a50cff30405,2021-04-17,UFC Fight Night: Whittaker vs. Gastelum,Bartosz Fabinski,Gerald Meerschaert,4,blue_sub,2021,0.12914296035401424,0.12494024634361267,-0.004202714010401565,0.059604443240314275,0.038311466574668884,-0.02129297666564539,0.3228574008850357,0.4542381763458252,0.13138077546078952,0.07748577621240856,0.0868678092956543,0.009382033083245742,0.28176645895421293,0.17612825334072113,-0.1056382056134918,0.12914296035401424,0.11951405555009842,-0.009628904803915816
8d634c9240f161dd,2021-04-17,UFC Fight Night: Whittaker vs. Gastelum,Austin Hubbard,Dakota Bush,2,red_dec,2021,0.12368487196620916,0.1195533275604248,-0.0041315444057843514,0.09458254915063052,0.058134499937295914,-0.03644804921333461,0.37393100826993464,0.42613422870635986,0.052203220436425224,0.10719355570404793,0.08972616493701935,-0.01746739076702858,0.1607903335560719,0.11630138009786606,-0.04448895345820583,0.139817681353106,0.1901504397392273,0.05033275838612131
a33ecd2c88154890,2021-04-17,UFC Fight Night: Whittaker vs. Gastelum,Luis Pena,Alexander Munoz,2,red_dec,2021,0.08982472513050832,0.10039746761322021,0.010572742482711894,0.1469859138499227,0.09641390293836594,-0.050572010911556775,0.32336901046982996,0.37626707553863525,0.05289806506880529,0.10778967015660998,0.08260862529277802,-0.025181044863831964,0.10105281577182186,0.10669229924678802,0.005639483474966164,0.2309778646213071,0.23762059211730957,0.006642727496002476
a850ba762f3c5334,2021-04-17,UFC Fight Night: Whittaker vs. Gastelum,Abdul Razak Alhassan,Jacob Malkoun,5,blue_dec,2021,0.51156917060453,0.5067922472953796,-0.0047769233091503605,0.034951930910868505,0.026602627709507942,-0.008349303201360563,0.13398240182499593,0.15444596111774445,0.020463559292748512,0.12367606322307319,0.12208332121372223,-0.0015927420093509587,0.061838031611536594,0.047889117151498795,-0.0139489144600378,0.13398240182499593,0.1421867311000824,0.008204329275086464
f2c82f027201ba21,2021-04-17,UFC Fight Night: Whittaker vs. Gastelum,Andrei Arlovski,Chase Sherman,2,red_dec,2021,0.14046386599040553,0.12091529369354248,-0.019548572296863048,0.07342429358589381,0.053531214594841,-0.019893078991052804,0.29913601090549324,0.3090091645717621,0.009873153666268841,0.2375491851308329,0.2846204340457916,0.04707124891495873,0.047509837026166575,0.031037896871566772,-0.016471940154599803,0.20191680736120796,0.20088602602481842,-0.0010307813363895357
f67aa0b16e16a9ea,2021-04-17,UFC Fight Night: Whittaker vs. Gastelum,Robert Whittaker,Kelvin Gastelum,2,red_dec,2021,0.24623803009575926,0.24073368310928345,-0.005504346986475811,0.061559507523939815,0.04329119250178337,-0.018268315022156444,0.35567715458276333,0.3922189474105835,0.03654179282782016,0.1600547195622435,0.13667187094688416,-0.02338284861535936,0.0533515731874145,0.029548076912760735,-0.023803496274653765,0.12311901504787963,0.15753623843193054,0.03441722338405091
fdfe4e7cb2d0b665,2021-04-17,UFC Fight Night: Whittaker vs. Gastelum,Alexandr Romanov,Juan Espino,2,red_dec,2021,0.23348464956885656,0.22917349636554718,-0.004311153203309381,0.16712585442823416,0.17072086036205292,0.0035950059338187568,0.14433596518802042,0.18579687178134918,0.04146090659332877,0.109496249452981,0.09088171273469925,-0.018614536718281754,0.18678771965508525,0.14285700023174286,-0.043930719423342396,0.15876956170682247,0.18057012557983398,0.02180056387301152
00bbcd4a6d647fdf,2021-04-24,UFC 261: Usman vs. Masvidal 2,Anthony Smith,Jimmy Crute,0,red_ko_tko,2021,0.10697422959091729,0.10590380430221558,-0.0010704252887017152,0.10028834024148496,0.09534965455532074,-0.004938685686164221,0.16046134438637594,0.17754986882209778,0.01708852443572184,0.3027572535591999,0.24961616098880768,-0.053141092570392234,0.10028834024148496,0.08794292062520981,-0.012345419616275152,0.22923049198053702,0.2836375832557678,0.0544070912752308
1820fed0fbcf6294,2021-04-24,UFC 261: Usman vs. Masvidal 2,Uriah Hall,Chris Weidman,0,red_ko_tko,2021,0.2756150354564104,0.3214290142059326,0.0458139787495222,0.03806112394398048,0.035735372453927994,-0.0023257514900524856,0.15985672056471803,0.15565520524978638,-0.004201515314931653,0.12296670812670618,0.09280911087989807,-0.03015759724680811,0.12788537645177442,0.09227864444255829,-0.03560673200921613,0.2756150354564104,0.30209264159202576,0.02647760613561534
34d2632fd26e7078,2021-04-24,UFC 261: Usman vs. Masvidal 2,Valentina Shevchenko,Jessica Andrade,0,red_ko_tko,2021,0.2990629095622567,0.3249107003211975,0.025847790758940836,0.12919517693089488,0.12450842559337616,-0.004686751337518724,0.31665484541886,0.3458528518676758,0.02919800644881576,0.10093373197726163,0.08492948114871979,-0.016004250828541844,0.07340635052891754,0.04775712639093399,-0.025649224137983553,0.0807469855818093,0.07204144448041916,-0.008705541101390143
512af32553d9bd70,2021-04-24,UFC 261: Usman vs. Masvidal 2,Alex Oliveira,Randy Brown,4,blue_sub,2021,0.13211382113821138,0.13174597918987274,-0.0003678419483386375,0.10569105691056911,0.09935245662927628,-0.006338600281292836,0.19817073170731708,0.2462497502565384,0.04807901854922131,0.19817073170731708,0.20323996245861053,0.005069230751293452,0.12195121951219513,0.0781923308968544,-0.04375888861534073,0.24390243902439027,0.24121956527233124,-0.0026828737520590284
6a5eb525331fa1fc,2021-04-24,UFC 261: Usman vs. Masvidal 2,Kamaru Usman,Jorge Masvidal,0,red_ko_tko,2021,0.21610243816874233,0.1969994157552719,-0.019103022413470422,0.06753201192773198,0.056792017072439194,-0.010739994855292784,0.4420277144360638,0.5359285473823547,0.09390083294629092,0.16207682862655676,0.12942059338092804,-0.03265623524562872,0.03858972110156113,0.01539748627692461,-0.023192234824636518,0.07367128573934398,0.06546197086572647,-0.008209314873617507
6a7347d1da8a2b87,2021-04-24,UFC 261: Usman vs. Masvidal 2,Pat Sabatini,Tristan Connelly,2,red_dec,2021,0.11444701134321034,0.09364653378725052,-0.020800477555959818,0.18850095985940526,0.20541852712631226,0.01691756726690699,0.3726181764662662,0.4450654983520508,0.07244732188578457,0.0667607566168727,0.058340057730674744,-0.008420698886197953,0.08901434215583026,0.058676205575466156,-0.030338136580364106,0.16865875355841523,0.13885317742824554,-0.02980557613016968
c5dfce1eaa2dc169,2021-04-24,UFC 261: Usman vs. Masvidal 2,Dwight Grant,Stefan Sekulic,2,red_dec,2021,0.3823322265821511,0.31818318367004395,-0.06414904291210716,0.04225777241171144,0.03854330629110336,-0.0037144661206080787,0.20072441895562934,0.23712773621082306,0.03640331725519372,0.08921085286916859,0.10190282762050629,0.012691974751337695,0.10705302344300231,0.08550510555505753,-0.021547917887944787,0.17842170573833718,0.21873782575130463,0.040316120012967444
f5dd0a24a7dba53c,2021-04-24,UFC 261: Usman vs. Masvidal 2,Karl Roberson,Brendan Allen,4,blue_sub,2021,0.20077542499254397,0.21450112760066986,0.01372570260812589,0.10038771249627199,0.07187213748693466,-0.028515575009337324,0.13385028332836263,0.17632316052913666,0.04247287720077403,0.09448255293766775,0.10984079539775848,0.015358242460090737,0.2920369818073367,0.26958051323890686,-0.022456468568429866,0.17846704443781686,0.15788224339485168,-0.020584801042965173
26202a4bd36d3fd2,2021-05-01,UFC Fight Night: Reyes vs. Prochazka,Merab Dvalishvili,Cody Stamann,2,red_dec,2021,0.0840784124949108,0.09068669378757477,0.00660828129266397,0.09984311483770658,0.09245723485946655,-0.007385879978240029,0.4727265845377128,0.5497538447380066,0.07702726020029377,0.09396999043548855,0.06660090386867523,-0.02736908656681332,0.06144191682320405,0.027354363352060318,-0.034087553471143735,0.1879399808709771,0.17314696311950684,-0.014793017751470267
2ef09c8fe29251ac,2021-05-01,UFC Fight Night: Reyes vs. Prochazka,Poliana Botelho,Luana Carolina,5,blue_dec,2021,0.1229799417742026,0.10740472376346588,-0.015575218010736719,0.14533993118769398,0.11632537841796875,-0.029014552769725227,0.40943322078484523,0.4700222313404083,0.060589010555563094,0.07266996559384699,0.0911421924829483,0.018472226889101315,0.0614899708871013,0.04647611081600189,-0.015013860071099408,0.18808696977230985,0.16862934827804565,-0.019457621494264193
2f82e8079ba354f4,2021-05-01,UFC Fight Night: Reyes vs. Prochazka,Giga Chikadze,Cub Swanson,0,red_ko_tko,2021,0.1979704698956044,0.24090662598609924,0.04293615609049484,0.0416779936622325,0.047878868877887726,0.006200875215655224,0.3369710125882628,0.3863205313682556,0.04934951877999283,0.1218279814742181,0.10398208349943161,-0.017845897974786487,0.09316257406851972,0.05491437017917633,-0.038248203889343385,0.20838996831116252,0.16599752008914948,-0.042392448222013046
394802bb096b403e,2021-05-01,UFC Fight Night: Reyes vs. Prochazka,Dominick Reyes,Jiri Prochazka,3,blue_ko_tko,2021,0.29051892719244526,0.2629999816417694,-0.027518945550675855,0.061455926906094194,0.03300250694155693,-0.028453419964537263,0.12291185381218839,0.1275005340576172,0.0045886802454288,0.37159397664149973,0.41506001353263855,0.043466036891138815,0.046995708810542616,0.05386878177523613,0.0068730729646935135,0.10652360663722993,0.10756821930408478,0.0010446126668548494
3d790112d2e6d851,2021-05-01,UFC Fight Night: Reyes vs. Prochazka,Luke Sanders,Felipe Colares,5,blue_dec,2021,0.1794262464419418,0.14123021066188812,-0.03819603578005368,0.1196174976279612,0.08120311051607132,-0.03841438711188988,0.2604574545124962,0.2625386714935303,0.002081216981034084,0.09499036576338096,0.062107302248477936,-0.03288306351490303,0.16998275978710276,0.27568843960762024,0.10570567982051748,0.17552567586711698,0.1772323101758957,0.0017066343087787095
78dc032441394331,2021-05-01,UFC Fight Night: Reyes vs. Prochazka,Andreas Michailidis,KB Bhullar,2,red_dec,2021,0.4237849719577831,0.4362453818321228,0.012460409874339717,0.06742033644782912,0.04692873731255531,-0.020491599135273805,0.17032506049977883,0.2042224258184433,0.03389736531866447,0.1078725383165266,0.11179518699645996,0.00392264867993336,0.08989378193043883,0.07090359926223755,-0.01899018266820128,0.1407033108476434,0.1299046277999878,-0.010798683047655605
c9c79de21823d941,2021-05-01,UFC Fight Night: Reyes vs. Prochazka,Randa Markos,Luana Pinheiro,3,blue_ko_tko,2021,0.06073860434911328,0.060051120817661285,-0.0006874835314519961,0.09870023206730907,0.07635992020368576,-0.022340311863623313,0.26320061884615753,0.2987048327922821,0.035504213946124574,0.12147720869822656,0.12062224745750427,-0.0008549612407222906,0.15792037130769454,0.10144725441932678,-0.05647311688836776,0.29796296473149914,0.3428146243095398,0.04485165957804066
d6b5a6ad27a730ae,2021-05-01,UFC Fight Night: Reyes vs. Prochazka,Loma Lookboonmee,Sam Hughes,2,red_dec,2021,0.18363064008394542,0.24953430891036987,0.06590366882642446,0.06733123469744666,0.05209577828645706,-0.015235456410989598,0.47131864288212666,0.46645188331604004,-0.00486675956608662,0.053864987757957325,0.054952222853899,0.0010872350959416771,0.0769499825113676,0.05301367864012718,-0.02393630387124042,0.14690451206715635,0.12395210564136505,-0.0229524064257913
ffd8e8575a551875,2021-05-01,UFC Fight Night: Reyes vs. Prochazka,Sean Strickland,Krzysztof Jotko,2,red_dec,2021,0.2485400607334735,0.24099363386631012,-0.007546426867163392,0.06731293311531573,0.055941950529813766,-0.011370982585501968,0.3365646655765787,0.37430620193481445,0.03774153635823574,0.11539359962625555,0.11799591779708862,0.002602318170833076,0.06213501518336838,0.03415430337190628,-0.027980711811462097,0.17005372576500818,0.17660801112651825,0.006554285361510065
00fbeda449926c13,2021-05-08,UFC Fight Night: Rodriguez vs. Waterson,Phil Hawes,Kyle Daukaus,2,red_dec,2021,0.26875074289789613,0.26374372839927673,-0.0050070144986194,0.042434327825983595,0.04844137281179428,0.006007044985810686,0.13437537144894807,0.16447478532791138,0.03009941387896331,0.13437537144894807,0.13836923241615295,0.0039938609672048875,0.2303577796267681,0.17153364419937134,-0.058824135427396756,0.18970640675145609,0.21343722939491272,0.023730822643456634
178c4926223dca0c,2021-05-08,UFC Fight Night: Rodriguez vs. Waterson,Neil Magny,Geoff Neal,2,red_dec,2021,0.10365657216494845,0.11301364004611969,0.009357067881171244,0.08033384342783506,0.060037996619939804,-0.020295846807895257,0.2231495650773196,0.29442545771598816,0.07127589263866857,0.29212306701030927,0.25980618596076965,-0.032316881049539614,0.0535558956185567,0.03658809885382652,-0.016967796764730175,0.24718105670103094,0.23612862825393677,-0.01105242844709417
295a0bf12a7373c0,2021-05-08,UFC Fight Night: Rodriguez vs. Waterson,Diego Ferreira,Gregor Gillespie,3,blue_ko_tko,2021,0.1123732929747994,0.10656601935625076,-0.005807273618548631,0.14302055469519923,0.16245150566101074,0.019430950965811516,0.17480290018302128,0.17659249901771545,0.0017895988346941782,0.11653526678868084,0.07720734179019928,-0.03932792499848156,0.08740145009151064,0.05938475951552391,-0.028016690575986727,0.3658665352667887,0.41779789328575134,0.05193135801896265
37fda56a435a9b24,2021-05-08,UFC Fight Night: Rodriguez vs. Waterson,Christian Aguilera,Carlston Harris,4,blue_sub,2021,0.20082736894943187,0.22713644802570343,0.026309079076271558,0.06179303659982519,0.03810839727520943,-0.023684639324615765,0.15301132872337664,0.21082724630832672,0.05781591758495008,0.13388491263295457,0.13595466315746307,0.0020697505245085013,0.23626749288168455,0.1601782590150833,-0.07608923386660124,0.21421586021272732,0.22779501974582672,0.013579159533099405
3f71ac21472f994c,2021-05-08,UFC Fight Night: Rodriguez vs. Waterson,Maurice Greene,Marcos Rogerio de Lima,5,blue_dec,2021,0.13888378586912592,0.16699185967445374,0.028108073805327816,0.15971635374949483,0.16515840590000153,0.005442052150506693,0.11830841018481096,0.15270572900772095,0.034397318822909986,0.3549252305544329,0.3164120316505432,-0.03851319890388971,0.11408310982106772,0.07569316029548645,-0.038389949525581266,0.11408310982106772,0.12303879857063293,0.008955688749565219
4ffbadfb86284af5,2021-05-08,UFC Fight Night: Rodriguez vs. Waterson,Ludovit Klein,Michael Trizano,5,blue_dec,2021,0.37064868868986656,0.3776996433734894,0.007050954683622823,0.0724449709712012,0.10018450766801834,0.02773953669681714,0.22768419448091803,0.24107033014297485,0.01338613566205682,0.07968946806832132,0.06334001570940018,-0.016349452358921143,0.0724449709712012,0.04937475174665451,-0.02307021922454669,0.17708770681849179,0.16833072900772095,-0.008756977810770838
8a95f0e3f9111f0c,2021-05-08,UFC Fight Night: Rodriguez vs. Waterson,JunYong Park,Tafon Nchukwi,2,red_dec,2021,0.0996149606357396,0.08879515528678894,-0.010819805348950662,0.09375525706893138,0.05878486484289169,-0.03497039222603969,0.24520605694951286,0.29945170879364014,0.054245651844127274,0.26128514265112024,0.28857025504112244,0.027285112390002197,0.07244724409871971,0.05005519837141037,-0.022392045727309337,0.2276913385959762,0.21434278786182404,-0.01334855073415217
db2c805201a3116e,2021-05-08,UFC Fight Night: Rodriguez vs. Waterson,Donald Cerrone,Alex Morono,3,blue_ko_tko,2021,0.15249412055947517,0.12532013654708862,-0.02717398401238655,0.13343235548954077,0.10095056146383286,-0.032481794025707916,0.3267731154845897,0.35972946882247925,0.03295635333788954,0.11437059041960639,0.14380957186222076,0.02943898144261438,0.0727812848124768,0.05274622514843941,-0.02003505966403739,0.2001485332343112,0.21744407713413239,0.017295543899821186
1f2f27b36e79da74,2021-05-15,UFC 262: Oliveira vs. Chandler,Kevin Aguilar,Tucker Lutz,5,blue_dec,2021,0.14621595461840994,0.14046043157577515,-0.005755523042634797,0.0618605961847119,0.03842407464981079,-0.02343652153490111,0.2680625834670849,0.29741308093070984,0.029350497463624947,0.17870838897805658,0.21217530965805054,0.03346692067999396,0.0473051617883091,0.032834697514772415,-0.014470464273536682,0.29784731496342765,0.278692364692688,-0.019154950270739657
2b894d87ad9aae05,2021-05-15,UFC 262: Oliveira vs. Chandler,Andrea Lee,Antonina Shevchenko,1,red_sub,2021,0.06728734659331358,0.07590407878160477,0.00861673218829119,0.08971646212441811,0.09236186742782593,0.002645405303407816,0.30469741853575966,0.3766953647136688,0.07199794617790917,0.08971646212441811,0.06795564293861389,-0.02176081918580422,0.08971646212441811,0.05150560662150383,-0.03821085550291428,0.35886584849767245,0.33557748794555664,-0.023288360552115805
5573d46130d6b967,2021-05-15,UFC 262: Oliveira vs. Chandler,Jordan Wright,Jamie Pickett,0,red_ko_tko,2021,0.23725709392764555,0.24103544652462006,0.00377835259697451,0.11523915990771354,0.07989080995321274,-0.0353483499545008,0.1698261303903147,0.2247048169374466,0.054878686547131905,0.26889137311799827,0.21587754786014557,-0.0530138252578527,0.0474514187855291,0.03818361088633537,-0.00926780789919373,0.16133482387079898,0.20030781626701355,0.03897299239621457
6655a8da2655f2d0,2021-05-15,UFC 262: Oliveira vs. Chandler,Shane Burgos,Edson Barboza,3,blue_ko_tko,2021,0.21127385707944962,0.21167276799678802,0.000398910917338402,0.09320905459387484,0.057676296681165695,-0.03553275791270914,0.26409232134931204,0.2863297760486603,0.022237454699348236,0.15845539280958723,0.21406377851963043,0.0556083857100432,0.04660452729693742,0.023460818454623222,-0.023143708842314197,0.22636484687083888,0.2067965567111969,-0.019568290159641982
be2e28ba3bdeb400,2021-05-15,UFC 262: Oliveira vs. Chandler,Lando Vannata,Mike Grundy,2,red_dec,2021,0.16751715643146223,0.15190254151821136,-0.015614614913250863,0.09361252859405243,0.05502425506711006,-0.03858827352694237,0.2273447122998416,0.2498994618654251,0.02255474956558351,0.1136723561499208,0.0909733697772026,-0.022698986372718194,0.13261774884157426,0.17817029356956482,0.04555254472799056,0.2652354976831485,0.27403008937835693,0.008794591695208409
bfd672cac0726a9a,2021-05-15,UFC 262: Oliveira vs. Chandler,Gina Mazany,Priscila Cachoeira,3,blue_ko_tko,2021,0.11772004995522502,0.10745394974946976,-0.01026610020575526,0.09631640450882048,0.06712277233600616,-0.029193632172814316,0.4069955385647109,0.5319188833236694,0.12492334475895855,0.15892206743955378,0.12722976505756378,-0.03169230238199,0.06112387209213607,0.035693779587745667,-0.025430092504390406,0.15892206743955378,0.13058079779148102,-0.028341269648072764
ca22bafab913aae7,2021-05-15,UFC 262: Oliveira vs. Chandler,Jacare Souza,Andre Muniz,4,blue_sub,2021,0.1615112160566706,0.13133983314037323,-0.030171382916297368,0.1345926800472255,0.10028351098299026,-0.03430916906423523,0.2243211334120425,0.2844958007335663,0.060174667321523795,0.17001180637544272,0.1500745713710785,-0.01993723500436423,0.10767414403778039,0.08962966501712799,-0.0180444790206524,0.20188902007083823,0.24417659640312195,0.04228757633228372
cfbaeb80b5ff7c00,2021-05-15,UFC 262: Oliveira vs. Chandler,Tony Ferguson,Beneil Dariush,5,blue_dec,2021,0.1531793200870619,0.12383151054382324,-0.02934780954323865,0.10052392880713437,0.08869554847478867,-0.011828380332345706,0.160838286091415,0.1618732064962387,0.001034920404823697,0.16930345904359473,0.1268770545721054,-0.04242640447148932,0.1237217585318577,0.06769629567861557,-0.05602546285324213,0.29243324743893634,0.4310263991355896,0.13859315169665326
de332779baa1b103,2021-05-15,UFC 262: Oliveira vs. Chandler,Christos Giagos,Sean Soriano,1,red_sub,2021,0.13322884012539185,0.11324197798967361,-0.019986862135718236,0.13322884012539185,0.14557796716690063,0.012349127041508784,0.3552769070010449,0.4150295853614807,0.059752678360435796,0.10658307210031348,0.11218474805355072,0.0056016759532372395,0.09404388714733543,0.040822833776474,-0.05322105337086143,0.17763845350052246,0.1731429100036621,-0.004495543496860349
fef29aa73bd5b907,2021-05-15,UFC 262: Oliveira vs. Chandler,Charles Oliveira,Michael Chandler,0,red_ko_tko,2021,0.15900310707064066,0.20010575652122498,0.04110264945058431,0.25645662430748495,0.2025245726108551,-0.053932051696629846,0.1060020713804271,0.14784197509288788,0.04183990371246078,0.31800621414128133,0.33283916115760803,0.014832947016326703,0.06115504118101564,0.035746555775403976,-0.025408485405611664,0.0993769419191504,0.08094193786382675,-0.018435004055323653
138f719d370e8ba0,2021-05-22,UFC Fight Night: Font vs. Garbrandt,Felicia Spencer,Norma Dumont,5,blue_dec,2021,0.10073770536807818,0.09057565033435822,-0.01016205503371996,0.20932510206353905,0.2108144909143448,0.0014893888508057396,0.28277250629635975,0.2852654457092285,0.0024929394128687665,0.08954462699384726,0.06895285844802856,-0.020591768545818692,0.08059016429446254,0.045276809483766556,-0.03531335481069599,0.23702989498371335,0.29911473393440247,0.062084838950689114
16369fa06392f6a0,2021-05-22,UFC Fight Night: Font vs. Garbrandt,Yan Xiaonan,Carla Esparza,3,blue_ko_tko,2021,0.12715663632658605,0.1248663142323494,-0.0022903220942366576,0.0611329982339356,0.05677280202507973,-0.004360196208855874,0.3311370737671512,0.3402266502380371,0.00908957647088593,0.0611329982339356,0.05745422840118408,-0.003678769832751519,0.0883032196712403,0.04715427756309509,-0.04114894210814521,0.3311370737671512,0.3735257387161255,0.04238866494897431
3627f5133ce55902,2021-05-22,UFC Fight Night: Font vs. Garbrandt,Ben Rothwell,Chris Barnett,1,red_sub,2021,0.4014488379112587,0.40877991914749146,0.007331081236232773,0.1338162793037529,0.09722854942083359,-0.036587729882919307,0.20072441895562934,0.22110046446323395,0.020376045507604607,0.11469966797464534,0.0947704166173935,-0.019929251357251848,0.04225777241171144,0.049295857548713684,0.007038085137002242,0.10705302344300231,0.12882477045059204,0.02177174700758973
559c0c3d752f327a,2021-05-22,UFC Fight Night: Font vs. Garbrandt,Justin Tafa,Jared Vanderaa,5,blue_dec,2021,0.3853903260266933,0.34004953503608704,-0.04534079099060628,0.05395464564373707,0.030378812924027443,-0.02357583271970963,0.1703830915065381,0.19630931317806244,0.025926221671524335,0.1798488188124569,0.23233376443386078,0.05248494562140388,0.08093196846560562,0.06439157575368881,-0.016540392711916804,0.129491149544969,0.13653695583343506,0.007045806288466072
7f8340dfe4220c3e,2021-05-22,UFC Fight Night: Font vs. Garbrandt,Jack Hermansson,Edmen Shahbazyan,2,red_dec,2021,0.14410080555600702,0.13368850946426392,-0.0104122960917431,0.27808927388001353,0.2641542851924896,-0.013934988687523908,0.1585108861116077,0.16778340935707092,0.00927252324546321,0.22644412301658243,0.25048917531967163,0.024045052303089204,0.0660462025465032,0.04986517131328583,-0.016181031233217374,0.12680870888928616,0.13401944935321808,0.007210740463931914
82d48296fd06c27f,2021-05-22,UFC Fight Night: Font vs. Garbrandt,Rafael Alves,Damir Ismagulov,5,blue_dec,2021,0.06224355770460172,0.049754418432712555,-0.012489139271889167,0.08091662501598224,0.06920479238033295,-0.011711832635649289,0.08091662501598224,0.09251988679170609,0.01160326177572385,0.23119035718852066,0.17542819678783417,-0.05576216040068649,0.09519602943056733,0.08255479484796524,-0.012641234582602093,0.4495368056443458,0.5305379629135132,0.0810011572691674
ae0afbff5ba07a34,2021-05-22,UFC Fight Night: Font vs. Garbrandt,Ricardo Ramos,Bill Algeo,2,red_dec,2021,0.09999386615960253,0.09768013656139374,-0.0023137295982087885,0.14544562350487641,0.10263083130121231,-0.042814792203664104,0.24613874746979086,0.31970345973968506,0.0735647122698942,0.13332515487947003,0.14931033551692963,0.0159851806374596,0.0842053609765074,0.05294712260365486,-0.031258238372852534,0.29089124700975283,0.2777281403541565,-0.013163106655596335
b381dc272b32ce03,2021-05-22,UFC Fight Night: Font vs. Garbrandt,Bruno Silva,Victor Rodriguez,0,red_ko_tko,2021,0.09495817318562062,0.08960507065057755,-0.005353102535043078,0.2611349762604567,0.18454059958457947,-0.07659437667587721,0.29843997286909335,0.3780304491519928,0.07959047628289945,0.1266108975808275,0.13881434500217438,0.01220344742134688,0.06963599366945511,0.04772194102406502,-0.021914052645390092,0.14921998643454668,0.1612875759601593,0.012067589525612626
d16f7ab4e28171ea,2021-05-22,UFC Fight Night: Font vs. Garbrandt,Rob Font,Cody Garbrandt,2,red_dec,2021,0.3095858917945568,0.309242844581604,-0.00034304721295280727,0.07317484715144071,0.08417025208473206,0.010995404933291347,0.14634969430288142,0.16184085607528687,0.015491161772405448,0.26390928480847464,0.2372254878282547,-0.026683796980219943,0.05366155457772318,0.03594904765486717,-0.01771250692285601,0.15331872736492336,0.1715715378522873,0.018252810487363935
d44a814b106b94ff,2021-05-22,UFC Fight Night: Font vs. Garbrandt,David Dvorak,Juancamilo Ronderos,1,red_sub,2021,0.34014730298893525,0.373588502407074,0.03344119941813872,0.11842165363318487,0.10443705320358276,-0.013984600429602104,0.28047233755227996,0.30384525656700134,0.023372919014721383,0.03806410295352371,0.028491707518696785,-0.009572395434826922,0.1229763326190766,0.08466964215040207,-0.038306690468674534,0.09991827025299974,0.10496781021356583,0.005049539960566091
e624d85a0d718578,2021-05-22,UFC Fight Night: Font vs. Garbrandt,Court McGee,Claudio Silva,2,red_dec,2021,0.1383912295464802,0.15356627106666565,0.01517504152018545,0.08376311262023801,0.07808790355920792,-0.005675209061030098,0.2792103754007934,0.33238542079925537,0.05317504539846196,0.07234086999020557,0.06204307824373245,-0.01029779174647312,0.1989373924730653,0.1449851393699646,-0.0539522531031007,0.22735701996921748,0.228932186961174,0.0015751669919565336
0716a38768a34789,2021-06-05,UFC Fight Night: Rozenstruik vs. Sakai,Tanner Boser,Ilir Latifi,5,blue_dec,2021,0.2616675778429744,0.2897794842720032,0.028111906429028777,0.042693131121748454,0.04679965600371361,0.004106524881965154,0.27038983043774023,0.30267006158828735,0.03228023115054712,0.13519491521887012,0.1033322736620903,-0.031862641556779814,0.07374268102847462,0.04038253426551819,-0.03336014676295643,0.21631186435019217,0.21703599393367767,0.0007241295834854999
23b943e9ce495f0b,2021-06-05,UFC Fight Night: Rozenstruik vs. Sakai,Francisco Trinaldo,Muslim Salikhov,5,blue_dec,2021,0.08423741932221744,0.08471953868865967,0.00048211936644222686,0.06668795696342214,0.0729641318321228,0.0062761748687006624,0.16500113063114757,0.15412916243076324,-0.01087196820038433,0.23888223389882557,0.26363760232925415,0.02475536843042858,0.11855636793497269,0.07105614244937897,-0.047500225485593725,0.3266348912494146,0.3534933924674988,0.026858501218084196
2c0cddd12deb7450,2021-06-05,UFC Fight Night: Rozenstruik vs. Sakai,Jairzinho Rozenstruik,Augusto Sakai,0,red_ko_tko,2021,0.3476264150565748,0.32922977209091187,-0.018396642965662957,0.042995898704365834,0.040970198810100555,-0.0020256998942652787,0.13070753206127214,0.17548544704914093,0.04477791498786879,0.21218755204751968,0.2110402137041092,-0.0011473383434104922,0.0742656432166319,0.058164626359939575,-0.016101016856692324,0.1922169589136355,0.18510976433753967,-0.007107194576095821
419d1e29668b57fb,2021-06-05,UFC Fight Night: Rozenstruik vs. Sakai,Manon Fiorot,Tabatha Ricci,0,red_ko_tko,2021,0.4707899248318608,0.4693396985530853,-0.001450226278775446,0.053804562837926936,0.051489077508449554,-0.002315485329477382,0.23737307134379534,0.27843761444091797,0.041064543097122624,0.04747461426875906,0.04047462344169617,-0.006999990827062895,0.0896742713965449,0.053893204778432846,-0.03578106661811205,0.10088355532111301,0.10636581480503082,0.005482259483917812
58c5d506181812fa,2021-06-05,UFC Fight Night: Rozenstruik vs. Sakai,Claudio Puelles,Jordan Leavitt,2,red_dec,2021,0.11097093061065226,0.11019451171159744,-0.0007764188990548176,0.11919099954477465,0.09013085812330246,-0.029060141421472188,0.1609078493854458,0.17953500151634216,0.018627152130896357,0.10727189959029719,0.10184027254581451,-0.005431627044482676,0.29797749886193664,0.25958290696144104,-0.0383945919004956,0.20368082200689341,0.2587164342403412,0.05503561223344777
5c0e5d850d8e661f,2021-06-05,UFC Fight Night: Rozenstruik vs. Sakai,Santiago Ponzinibbio,Miguel Baeza,2,red_dec,2021,0.2005034285218297,0.18056878447532654,-0.019934644046503164,0.05346758093915459,0.04220069572329521,-0.011266885215859376,0.20831525041229057,0.23696427047252655,0.02864902006023598,0.29164135057720686,0.2645684778690338,-0.027072872708173046,0.10025171426091485,0.06805872917175293,-0.03219298508916192,0.14582067528860343,0.20763903856277466,0.06181836327417123
73a83b2595416f0a,2021-06-05,UFC Fight Night: Rozenstruik vs. Sakai,Sean Woodson,Youssef Zalal,2,red_dec,2021,0.14698075960366863,0.12684564292430878,-0.020135116679359855,0.0850941239810713,0.07378439605236053,-0.011309727928710767,0.35928630125341215,0.3874579966068268,0.028171695353414627,0.06218416752462904,0.03780299797654152,-0.02438116954808752,0.11548488254573963,0.1158716008067131,0.00038671826097347317,0.23096976509147926,0.25823742151260376,0.027267656421124498
827aacd14f80e8f3,2021-06-05,UFC Fight Night: Rozenstruik vs. Sakai,Makwan Amirkhani,Kamuela Kirk,5,blue_dec,2021,0.10747126436781611,0.09873753786087036,-0.008733726506945746,0.31609195402298856,0.20018543303012848,-0.11590652099286008,0.2015086206896552,0.24983203411102295,0.048323413421367756,0.14655172413793105,0.18694621324539185,0.040394489107460796,0.06716954022988506,0.06537111103534698,-0.0017984291945380704,0.16120689655172415,0.19892765581607819,0.03772075926435403
9252ad2304fd9a26,2021-06-05,UFC Fight Night: Rozenstruik vs. Sakai,Dusko Todorovic,Gregory Rodrigues,5,blue_dec,2021,0.3162371950964806,0.3148636221885681,-0.0013735729079125125,0.062031142115078895,0.03763841092586517,-0.024392731189213722,0.14661906318109558,0.1567901074886322,0.010171044307536625,0.24812456846031558,0.29404932260513306,0.045924754144817476,0.10752064633280341,0.05494016036391258,-0.052580485968890825,0.119467384814226,0.14171835780143738,0.022250972987211376
bb6438338bb8aebf,2021-06-05,UFC Fight Night: Rozenstruik vs. Sakai,Roman Dolidze,Laureano Staropoli,2,red_dec,2021,0.14932067428485238,0.15438325703144073,0.005062582746588357,0.14524829225890187,0.14177297055721283,-0.0034753217016890436,0.2662885358079868,0.3213140368461609,0.05502550103817411,0.1331442679039934,0.1336870789527893,0.0005428110487959159,0.08409111657094319,0.06296762824058533,-0.021123488330357862,0.22190711317332232,0.18587499856948853,-0.03603211460383379
f187c7ec92f43828,2021-06-05,UFC Fight Night: Rozenstruik vs. Sakai,Walt Harris,Marcin Tybura,3,blue_ko_tko,2021,0.2840883278464106,0.21899695694446564,-0.06509137090194494,0.053976782290818016,0.04692428931593895,-0.007052492974879067,0.10795356458163603,0.12370719760656357,0.015753633024927535,0.23132906696064862,0.20734210312366486,-0.02398696383698376,0.08096517343622703,0.05702285096049309,-0.02394232247573394,0.24168708488425975,0.3460066020488739,0.10431951716461416
0f51869f98afa6c0,2021-06-12,UFC 263: Adesanya vs. Vettori 2,Deiveson Figueiredo,Brandon Moreno,4,blue_sub,2021,0.29619985352754497,0.3061073422431946,0.009907488715649615,0.12303686223451869,0.09943891316652298,-0.023597949067995713,0.19993490113109288,0.22357545793056488,0.023640556799471996,0.11424851493205307,0.12674547731876373,0.012496962386710664,0.06664496704369761,0.04568461701273918,-0.020960350030958433,0.19993490113109288,0.19844822585582733,-0.0014866752752655532
1b4d5dbf5f663a97,2021-06-12,UFC 263: Adesanya vs. Vettori 2,Carlos Felipe,Jake Collier,2,red_dec,2021,0.21424367274867567,0.2754423916339874,0.061198718885311754,0.06180105944673338,0.06044645234942436,-0.0013546070973090157,0.3090052972336669,0.32920917868614197,0.020203881452475092,0.12360211889346676,0.11191722005605698,-0.01168489883740978,0.06180105944673338,0.03263106569647789,-0.029169993750255488,0.22954679223072394,0.19035369157791138,-0.03919310065281256
34d38d77c1d3f00e,2021-06-12,UFC 263: Adesanya vs. Vettori 2,Pannie Kianzad,Alexis Davis,2,red_dec,2021,0.07319404687461872,0.07282091677188873,-0.0003731301027299905,0.06709454296840049,0.05187525227665901,-0.01521929069174148,0.4625240834417397,0.5666683316230774,0.10414424818133772,0.0920153732138064,0.08084893971681595,-0.011166433496990452,0.10388832459623303,0.06127661466598511,-0.04261170993024792,0.2012836289052015,0.16650991141796112,-0.03477371748724037
43dfb2c1e5fecac9,2021-06-12,UFC 263: Adesanya vs. Vettori 2,Demian Maia,Belal Muhammad,5,blue_dec,2021,0.07314044996438708,0.05850115045905113,-0.014639299505335948,0.17878776657961284,0.1739812046289444,-0.004806561950668448,0.11493499280117969,0.11129787564277649,-0.0036371171584032025,0.17878776657961284,0.21801815927028656,0.039230392690673715,0.06188807304678907,0.036245521157979965,-0.025642551888809102,0.39246095102841844,0.40195608139038086,0.009495130361962423
4560734220b96851,2021-06-12,UFC 263: Adesanya vs. Vettori 2,Paul Craig,Jamahal Hill,0,red_ko_tko,2021,0.06694683451033814,0.05234026536345482,-0.014606569146883325,0.15302133602363005,0.09784382581710815,-0.055177510206521896,0.10711493521654103,0.11323346197605133,0.006118526759510301,0.4615058379010545,0.5602951645851135,0.09878932668405904,0.042282211269687245,0.02538236789405346,-0.016899843375633786,0.16912884507874898,0.15090492367744446,-0.01822392140130452
6cd44e1b2d093ea4,2021-06-12,UFC 263: Adesanya vs. Vettori 2,Israel Adesanya,Marvin Vettori,2,red_dec,2021,0.31922455573505654,0.25606250762939453,-0.063162048105662,0.04200323101777059,0.04302734509110451,0.001024114073333915,0.30694668820678517,0.39301401376724243,0.08606732556045726,0.08400646203554119,0.05599743872880936,-0.02800902330673183,0.07980613893376413,0.04648814722895622,-0.03331799170480791,0.16801292407108237,0.20541052520275116,0.03739760113166879
7d2051c6bae907cb,2021-06-12,UFC 263: Adesanya vs. Vettori 2,Drew Dober,Brad Riddell,5,blue_dec,2021,0.20140300014237092,0.1623162031173706,-0.039086797025000314,0.061970153889960286,0.0470820777118206,-0.014888076178139684,0.2826708773928013,0.327503502368927,0.04483262497612572,0.1342686667615806,0.09800416976213455,-0.03626449699944606,0.0895124445077204,0.06549537926912308,-0.024017065238597327,0.23017485730556675,0.29959869384765625,0.0694238365420895
84cde29aebf6c00c,2021-06-12,UFC 263: Adesanya vs. Vettori 2,Chase Hooper,Steven Peterson,5,blue_dec,2021,0.08990185129028203,0.07040619105100632,-0.01949566023927571,0.24895897280385795,0.3098078966140747,0.060848923810216754,0.1471121202931888,0.19363071024417877,0.04651858995098998,0.19038039096765605,0.19994919002056122,0.00956879905290517,0.053941110774169215,0.02706965245306492,-0.026871458321104297,0.26970555387084605,0.1991363912820816,-0.07056916258876444
9127a6430e46292c,2021-06-12,UFC 263: Adesanya vs. Vettori 2,Eryk Anders,Darren Stewart,2,red_dec,2021,0.25261540127310717,0.19622814655303955,-0.056387254720067614,0.05389128560492952,0.05268987640738487,-0.0012014091975446478,0.2566251695472834,0.2861554026603699,0.029530233113086446,0.1469762334679896,0.158797487616539,0.011821254148549398,0.062182252621072534,0.04457469284534454,-0.01760755977572799,0.22770965748561772,0.26155441999435425,0.033844762508736526
b070b8c2c489d838,2021-06-12,UFC 263: Adesanya vs. Vettori 2,Leon Edwards,Nate Diaz,2,red_dec,2021,0.40209397744822534,0.4676401615142822,0.06554618406605689,0.05361253032643004,0.03585083782672882,-0.01776169249970122,0.30346715279111347,0.32798394560813904,0.024516792817025568,0.07310799589967733,0.07278154045343399,-0.0003264554462433372,0.07310799589967733,0.03626323118805885,-0.036844764711618475,0.09461034763487654,0.05948025733232498,-0.035130090302551556
d4ad90ac58429b64,2021-06-12,UFC 263: Adesanya vs. Vettori 2,Matt Frevola,Terrance McKinney,3,blue_ko_tko,2021,0.20176959245450435,0.19243188202381134,-0.009337710430693008,0.189900792898357,0.11068838089704514,-0.07921241200131188,0.24091891636358725,0.31134387850761414,0.07042496214402688,0.189900792898357,0.22103023529052734,0.03112944239217033,0.07337076089254703,0.04441799223423004,-0.028952768658316988,0.1041391444926474,0.12008766084909439,0.015948516356446993
d66164d2c770da68,2021-06-12,UFC 263: Adesanya vs. Vettori 2,Movsar Evloev,Hakeem Dawodu,2,red_dec,2021,0.1072395628857995,0.09152643382549286,-0.01571312906030664,0.12373795717592251,0.0994110181927681,-0.02432693898315441,0.43020522320466076,0.4687820374965668,0.038576814291906014,0.1072395628857995,0.12690307199954987,0.019663509113750366,0.04233140640228927,0.018822044134140015,-0.02350936226814926,0.18924628744552852,0.19455541670322418,0.005309129257695666
dedb74ee9d84deab,2021-06-12,UFC 263: Adesanya vs. Vettori 2,Fares Ziam,Luigi Vendramini,2,red_dec,2021,0.16179333561780532,0.21431125700473785,0.05251792138693254,0.11556666829843236,0.1245659589767456,0.008999290678313246,0.2609569929319441,0.2744649052619934,0.013507912330049332,0.17977037290867257,0.17158718407154083,-0.008183188837131733,0.13482777968150442,0.08887095749378204,-0.045956822187722374,0.1470848505616412,0.12619975209236145,-0.020885098469279745
1e9f081a84e7ec18,2021-06-19,UFC Fight Night: Jung vs. Ige,Joaquim Silva,Ricky Glenn,3,blue_ko_tko,2021,0.2851095079701067,0.3012111485004425,0.016101640530335803,0.07386928161043674,0.04841852933168411,-0.025450752278752625,0.18056935504773425,0.22801752388477325,0.047448168837039006,0.10834161302864055,0.10375062376260757,-0.004590989266032977,0.08125620977148042,0.04885949194431305,-0.03239671782716737,0.27085403257160134,0.2697426378726959,-0.0011113946989054213
2bdf774dc8b17504,2021-06-19,UFC Fight Night: Jung vs. Ige,Matt Brown,Dhiego Lima,0,red_ko_tko,2021,0.16306194089004641,0.16979213058948517,0.0067301896994387544,0.05163628128184804,0.04755082726478577,-0.0040854540170622705,0.17212093760616012,0.1932002454996109,0.021079307893450777,0.20654512512739215,0.23182591795921326,0.02528079283182111,0.09681802740346507,0.059314414858818054,-0.037503612544647014,0.30981768769108825,0.29831647872924805,-0.011501208961840204
50cae63d530ede7c,2021-06-19,UFC Fight Night: Jung vs. Ige,Chan Sung Jung,Dan Ige,2,red_dec,2021,0.19122922459722783,0.16504202783107758,-0.02618719676615025,0.08741907410158986,0.06290799379348755,-0.024511080308102312,0.21247691621914203,0.25861433148384094,0.04613741526469892,0.20397783957037632,0.23935872316360474,0.03538088359322841,0.0695378998535374,0.0455431267619133,-0.023994773091624094,0.23535904565812657,0.2285337895154953,-0.00682525614263127
53ed3f8f653b37b2,2021-06-19,UFC Fight Night: Jung vs. Ige,Kanako Murata,Virna Jandiroba,3,blue_ko_tko,2021,0.07376498684454977,0.09285656362771988,0.01909157678317011,0.07376498684454977,0.0714363232254982,-0.0023286636190515686,0.30619428501511226,0.3953879177570343,0.08919363274192205,0.0579582039492891,0.04808817431330681,-0.00987002963598229,0.2496661093200146,0.17871342599391937,-0.07095268332609522,0.23865142802648454,0.21351762115955353,-0.025133806866931008
744627aec853874e,2021-06-19,UFC Fight Night: Jung vs. Ige,Aleksa Camur,Nicolae Negumereanu,5,blue_dec,2021,0.22892158279619618,0.19776779413223267,-0.03115378866396351,0.08012255397866867,0.06085611507296562,-0.01926643890570305,0.35610023990519407,0.404188334941864,0.04808809503666994,0.10015319247333583,0.11956778913736343,0.019414596664027603,0.08902505997629852,0.055454861372709274,-0.033570198603589244,0.14567737087030666,0.1621650755405426,0.016487704670235942
87c8e086c29ae543,2021-06-19,UFC Fight Night: Jung vs. Ige,Khaos Williams,Matthew Semelsberger,2,red_dec,2021,0.3643203462412915,0.3596753478050232,-0.0046449984362683105,0.04218446114372849,0.039326589554548264,-0.0028578715891802234,0.16030095234616829,0.22029221057891846,0.05999125823275017,0.1526675736630174,0.11657669395208359,-0.036090879710933804,0.08015047617308414,0.052344705909490585,-0.027805770263593557,0.20037619043271035,0.2117844969034195,0.011408306470709145
a83ebbf013905949,2021-06-19,UFC Fight Night: Jung vs. Ige,Marlon Vera,Davey Grant,2,red_dec,2021,0.16157938513206008,0.16379964351654053,0.00222025838448045,0.20197423141507506,0.240719735622406,0.038745504207330944,0.2805197658542709,0.2765383720397949,-0.003981393814475986,0.1468903501200546,0.12110932916402817,-0.02578102095602644,0.06214591735848464,0.027536023408174515,-0.034609893950310125,0.1468903501200546,0.17029689252376556,0.023406542403710956
bb1ac382e0277b3f,2021-06-19,UFC Fight Night: Jung vs. Ige,Wellington Turman,Bruno Silva,3,blue_ko_tko,2021,0.1083931195436079,0.11740779131650925,0.009014671772901342,0.17114703085832828,0.10250578075647354,-0.06864125010185473,0.1806551992393465,0.2334837019443512,0.05282850270500469,0.2852450514305471,0.3102523386478424,0.025007287217295282,0.07390439968882358,0.03662397339940071,-0.037280426289422866,0.1806551992393465,0.199726402759552,0.0190712035202055
d3c0dfa57950aefd,2021-06-19,UFC Fight Night: Jung vs. Ige,Julian Erosa,SeungWoo Choi,3,blue_ko_tko,2021,0.11156621806124438,0.09836633503437042,-0.013199883026873957,0.12014823483518626,0.09024465829133987,-0.029903576543846386,0.19524088160717767,0.20470048487186432,0.009459603264686645,0.22313243612248876,0.2625727355480194,0.03944029942553065,0.07099668422079188,0.09677213430404663,0.025775450083254756,0.27891554515311096,0.24734362959861755,-0.0315719155544934
d684d8b02ab53031,2021-06-19,UFC Fight Night: Jung vs. Ige,Casey O'Neill,Lara Procopio,1,red_sub,2021,0.12310725989990842,0.1370941400527954,0.013986880152886988,0.10002464866867558,0.10073479264974594,0.0007101439810703603,0.21338591715984123,0.2828473448753357,0.06946142771549446,0.08423128308941101,0.08591240644454956,0.0016811233551385502,0.08891079881660051,0.04508040472865105,-0.04383039408794946,0.3903400923655632,0.34833088517189026,-0.04200920719367296
e8fd128286788a6d,2021-06-19,UFC Fight Night: Jung vs. Ige,Josh Parisian,Roque Martinez,2,red_dec,2021,0.24865919063871283,0.22619906067848206,-0.02246012996023078,0.05553388590931253,0.07425486296415329,0.018720977054840757,0.22213554363725013,0.2819310426712036,0.05979549903395348,0.22213554363725013,0.1871614307165146,-0.034974112920735545,0.05553388590931253,0.035931605845689774,-0.01960228006362276,0.1960019502681619,0.19452202320098877,-0.0014799270671731202
086c2a0cae0835c4,2021-06-26,UFC Fight Night: Gane vs. Volkov,Shavkat Rakhmonov,Michel Prazeres,1,red_sub,2021,0.061736128799584365,0.08089107275009155,0.019154943950507188,0.10355737734123828,0.1428603082895279,0.03930293094828961,0.24694451519833746,0.3617912530899048,0.11484673789156732,0.10032120929932459,0.06568443775177002,-0.03463677154755457,0.1459217589808358,0.0840325728058815,-0.061889186174954286,0.34151901038067944,0.26474031805992126,-0.07677869232075818
0eac7075bf3d7ab7,2021-06-26,UFC Fight Night: Gane vs. Volkov,Julia Avila,Julija Stoliarenko,1,red_sub,2021,0.05210035921729414,0.05104287341237068,-0.0010574858049234581,0.10083940493669834,0.09809266030788422,-0.002746744628814121,0.3907526941297061,0.43227875232696533,0.04152605819725924,0.10420071843458828,0.10847872495651245,0.004278006521924171,0.11164362689420172,0.09189695119857788,-0.01974667569562384,0.24046319638751143,0.21820999681949615,-0.022253199568015275
23c7c6ceee34585f,2021-06-26,UFC Fight Night: Gane vs. Volkov,Yancy Medeiros,Damir Hadzovic,5,blue_dec,2021,0.22804664121349705,0.23909543454647064,0.011048793332973594,0.09658445980806933,0.09150221943855286,-0.005082240369516475,0.22804664121349705,0.2578611373901367,0.02981449617663967,0.0684139923640491,0.07428335398435593,0.005869361620306823,0.25260551026725825,0.1954609602689743,-0.057144549998283944,0.12630275513362912,0.14179690182209015,0.015494146688461025
4341ebb5a56e6943,2021-06-26,UFC Fight Night: Gane vs. Volkov,Renato Moicano,Jai Herbert,1,red_sub,2021,0.18626233845527632,0.2066785842180252,0.02041624576274889,0.28785997761269977,0.19912457466125488,-0.08873540295144489,0.2328279230690954,0.2798786163330078,0.047050693263912424,0.049475933652182766,0.058409761637449265,0.008933827985266499,0.12178691360537297,0.09332900494337082,-0.02845790866200215,0.12178691360537297,0.1625794619321823,0.04079254832680934
5357dab4d331eb18,2021-06-26,UFC Fight Night: Gane vs. Volkov,Charles Rosa,Justin Jaynes,2,red_dec,2021,0.2245895754084365,0.22976769506931305,0.005178119660876557,0.24564484810297743,0.2634870409965515,0.017842192893574083,0.20961693704787407,0.22928237915039062,0.019665442102516556,0.04623903023114869,0.051745202392339706,0.0055061721611910155,0.1654870555641111,0.09691122174263,-0.06857583382148111,0.1084225536454521,0.1288064867258072,0.02038393308035509
78afed76d0e9a639,2021-06-26,UFC Fight Night: Gane vs. Volkov,Ciryl Gane,Alexander Volkov,2,red_dec,2021,0.21193646280449463,0.2588428854942322,0.04690642268973755,0.09934521693960685,0.11507806181907654,0.015732844879469687,0.27595893594335236,0.3123181462287903,0.036359210285437926,0.04675069032452087,0.03738246485590935,-0.009368225468611525,0.16731826010881154,0.10126954317092896,-0.06604871693788258,0.1986904338792137,0.17510886490345,-0.02358156897576369
81de3929330076d2,2021-06-26,UFC Fight Night: Gane vs. Volkov,Warlley Alves,Jeremiah Wells,3,blue_ko_tko,2021,0.12927734293663395,0.14935314655303955,0.020075803616405596,0.14690607151890223,0.08448591083288193,-0.0624201606860203,0.18660124557828225,0.26506730914115906,0.0784660635628768,0.07345303575945111,0.06805144250392914,-0.005401593255521975,0.14690607151890223,0.14717218279838562,0.0002661112794833942,0.3168562326878283,0.2858699858188629,-0.030986246868965395
85099c6378ff87c5,2021-06-26,UFC Fight Night: Gane vs. Volkov,Kennedy Nzechukwu,Danilo Marques,0,red_ko_tko,2021,0.0849759357469115,0.06992287188768387,-0.015053063859227625,0.03844149474265044,0.037131715565919876,-0.0013097791767305647,0.17939364213236872,0.23289820551872253,0.053504563386353815,0.22424205266546093,0.16146014630794525,-0.06278190635751568,0.17939364213236872,0.1670687347650528,-0.012324907367315924,0.29355323258023974,0.3315183222293854,0.037965089649145634
c9283da5f4d7aaf4,2021-06-26,UFC Fight Night: Gane vs. Volkov,Tim Means,Nicolas Dalby,2,red_dec,2021,0.11615080413797987,0.09688133746385574,-0.01926946667412413,0.0903395143295399,0.0648992583155632,-0.025440256013976703,0.30681344489277707,0.3116391599178314,0.004825715025054356,0.07391414808780539,0.07312483340501785,-0.0007893146827875341,0.2501709627587259,0.31212177872657776,0.06195081596785185,0.16261112579317186,0.14133363962173462,-0.021277486171437238
ce0fda34122f3d48,2021-06-26,UFC Fight Night: Gane vs. Volkov,Raoni Barcelos,Timur Valiev,5,blue_dec,2021,0.09120122623497459,0.06746052950620651,-0.02374069672876808,0.11725871944496734,0.09032761305570602,-0.026931106389261314,0.36480490493989837,0.37954825162887573,0.014743346688977366,0.06080081748998306,0.04120492562651634,-0.01959589186346672,0.19313200849759327,0.24663180112838745,0.053499792630794185,0.17280232339258345,0.17482683062553406,0.002024507232950612
d40eae4425092219,2021-06-26,UFC Fight Night: Gane vs. Volkov,Tanner Boser,Ovince Saint Preux,0,red_ko_tko,2021,0.10280694905328908,0.12092377990484238,0.0181168308515533,0.04328713644349014,0.03497752547264099,-0.008309610970849146,0.2990747608822955,0.3875367045402527,0.08846194365795718,0.1370759320710521,0.12720654904842377,-0.009869383022628325,0.18276790942806947,0.1516820639371872,-0.03108584549088228,0.2349873121218036,0.17767341434955597,-0.05731389777224763
d988760df61f027c,2021-06-26,UFC Fight Night: Gane vs. Volkov,Marcin Prachnio,Ike Villanueva,0,red_ko_tko,2021,0.2481536189069424,0.2504250109195709,0.0022713920126285203,0.0620384047267356,0.04637880250811577,-0.015659602218619832,0.2481536189069424,0.36127859354019165,0.11312497463324925,0.03840472673559822,0.04346729815006256,0.00506257141446434,0.11521418020679468,0.07902967929840088,-0.0361845009083938,0.2880354505169867,0.2194206416606903,-0.0686148088562964
07468b6347ac5e3d,2021-07-10,UFC 264: Poirier vs. McGregor 3,Ryan Hall,Ilia Topuria,3,blue_ko_tko,2021,0.06703465530228235,0.06340642273426056,-0.0036282325680217914,0.16935070813208172,0.2293274998664856,0.05997679173440387,0.1340693106045647,0.1522594392299652,0.01819012862540051,0.3035531560858069,0.23525381088256836,-0.06829934520323855,0.07847959645145251,0.054530248045921326,-0.023949348405531187,0.24751257342381178,0.26522260904312134,0.01771003561930956
1aba46988c9b58f9,2021-07-10,UFC 264: Poirier vs. McGregor 3,Omari Akhmedov,Brad Tavares,5,blue_dec,2021,0.10680334388929746,0.10118532925844193,-0.005618014630855539,0.09423824460820364,0.05165553838014603,-0.04258270622805761,0.22886430833420882,0.2677861452102661,0.0389218368760573,0.1602050158339462,0.1620894968509674,0.0018844810170212112,0.061617313782287,0.03185810148715973,-0.02975921229512727,0.3482717735520569,0.3854253590106964,0.037153585458639504
53b480b44b0b51f1,2021-07-10,UFC 264: Poirier vs. McGregor 3,Tai Tuivasa,Greg Hardy,0,red_ko_tko,2021,0.3166894446402717,0.2916661202907562,-0.025023324349515486,0.04843485623910038,0.03590826690196991,-0.012526589337130467,0.18297612356993476,0.2417616844177246,0.05878556084778985,0.2255870016615634,0.2337837815284729,0.008196779866909504,0.04333645031919507,0.032840512692928314,-0.010495937626266758,0.18297612356993476,0.16403965651988983,-0.018936467050044925
5d5bf07dbfada0e3,2021-07-10,UFC 264: Poirier vs. McGregor 3,Jennifer Maia,Jessica Eye,2,red_dec,2021,0.08324589822014261,0.092620350420475,0.009374452200332395,0.11482192857950703,0.08928493410348892,-0.025536994476018107,0.40607755229337855,0.430697500705719,0.024619948412340442,0.07567808929103872,0.08123109489679337,0.005553005605754641,0.06403530632318662,0.03637824207544327,-0.02765706424774335,0.25614122529274647,0.2697879374027252,0.013646712109978754
7070abfa26c079b8,2021-07-10,UFC 264: Poirier vs. McGregor 3,Carlos Condit,Max Griffin,5,blue_dec,2021,0.09963343658777539,0.09576879441738129,-0.003864642170394103,0.06642229105851692,0.04446303844451904,-0.02195925261399788,0.20975460334268503,0.2382407784461975,0.02848617510351248,0.21255133138725418,0.2327331006526947,0.02018176926544052,0.07246068115474574,0.04524361714720726,-0.027217064007538483,0.33917765646902265,0.3435506522655487,0.004372995796526058
7d0ce28ce8a77eb1,2021-07-10,UFC 264: Poirier vs. McGregor 3,Dustin Poirier,Conor McGregor,0,red_ko_tko,2021,0.3024115240030251,0.370120108127594,0.06770858412456887,0.11872452423822465,0.11915358901023865,0.00042906477201400117,0.123290852093541,0.12678533792495728,0.0034944858314162747,0.3205562154432066,0.2568785548210144,-0.06367766062219221,0.03484306689600072,0.02180379070341587,-0.013039276192584846,0.10017381732600206,0.10525856912136078,0.005084751795358722
8245791a3d3403c6,2021-07-10,UFC 264: Poirier vs. McGregor 3,Gilbert Burns,Stephen Thompson,2,red_dec,2021,0.12717702549768722,0.14277003705501556,0.01559301155732834,0.1382358972800948,0.09620265662670135,-0.04203324065339345,0.15897128187210904,0.20918609201908112,0.05021481014697207,0.22710183124587002,0.21706204116344452,-0.010039790082425504,0.03057140036002097,0.013760893605649471,-0.0168105067543715,0.3179425637442181,0.3210182785987854,0.003075714854567313
858feabaf429a963,2021-07-10,UFC 264: Poirier vs. McGregor 3,Trevin Giles,Dricus Du Plessis,3,blue_ko_tko,2021,0.1493247699056685,0.17143897712230682,0.022114207216638315,0.07466238495283425,0.04518342763185501,-0.029478957320979243,0.26493104338102474,0.3276878595352173,0.06275681615419254,0.2053215586202942,0.2315085083246231,0.026186949704328916,0.15643547323450985,0.09166697412729263,-0.06476849910721721,0.1493247699056685,0.13251425325870514,-0.01681051664696337
96bbb6c573dac27a,2021-07-10,UFC 264: Poirier vs. McGregor 3,Niko Price,Michel Pereira,5,blue_dec,2021,0.2049944092433843,0.17895913124084473,-0.026035278002539575,0.05398186110075786,0.04796421155333519,-0.00601764954742267,0.14722325754752144,0.1596357524394989,0.01241249489197746,0.2699093055037893,0.24317851662635803,-0.026730788877431244,0.10796372220151572,0.08178313076496124,-0.026180591436554476,0.21592744440303144,0.2884792387485504,0.07255179434551898
ac0a1d87e9ff4085,2021-07-10,UFC 264: Poirier vs. McGregor 3,Zhalgas Zhumagulov,Jerome Rivera,1,red_sub,2021,0.1747765640516385,0.1389465183019638,-0.03583004574967469,0.09831181727904666,0.08121748268604279,-0.01709433459300387,0.43694141012909626,0.48944878578186035,0.05250737565276409,0.0714995034756703,0.08454836159944534,0.013048858123775042,0.08738828202581925,0.07008296251296997,-0.017305319512849276,0.13108242303872888,0.13575591146945953,0.004673488430730649
dbcc5b5d568efa8b,2021-07-10,UFC 264: Poirier vs. McGregor 3,Sean O'Malley,Kris Moutinho,0,red_ko_tko,2021,0.59357778087261,0.6020841598510742,0.00850637897846418,0.08793744901816446,0.07385776191949844,-0.014079687098666013,0.15828740823269605,0.18021853268146515,0.0219311244487691,0.06087977239719078,0.05179058387875557,-0.00908918851843521,0.04655512006844001,0.0274534709751606,-0.01910164909327941,0.052762469410898676,0.06459546089172363,0.011832991480824957
49876b12d440af40,2021-07-17,UFC Fight Night: Makhachev vs. Moises,Francisco Figueiredo,Malcolm Gordon,5,blue_dec,2021,0.3651229559355886,0.39000919461250305,0.024886238676914474,0.14604918237423545,0.1219434142112732,-0.024105768162962254,0.21420546748221198,0.2590045630931854,0.04479909561097345,0.061790038696791914,0.06490034610033035,0.0031103074035384384,0.08925227811758832,0.04820449650287628,-0.04104778161471204,0.12358007739358383,0.11593800038099289,-0.007642077012590939
72105dd82d964e7a,2021-07-17,UFC Fight Night: Makhachev vs. Moises,Jeremy Stephens,Mateusz Gamrot,4,blue_sub,2021,0.14571279884899133,0.11909318715333939,-0.02661961169565194,0.04714237609820308,0.02916271984577179,-0.017979656252431288,0.1335700656115754,0.13415305316448212,0.0005829875529067274,0.28622156916766156,0.2365483194589615,-0.049673249708700074,0.0667850328057877,0.037800438702106476,-0.02898459410368122,0.32056815746778095,0.44324225187301636,0.12267409440523541
7d4c160dab6eae73,2021-07-17,UFC Fight Night: Makhachev vs. Moises,Islam Makhachev,Thiago Moises,1,red_sub,2021,0.19159761137181383,0.1717836558818817,-0.019813955489932117,0.2196985943730132,0.15003618597984314,-0.06966240839317006,0.42198205626523877,0.543481707572937,0.12149965130769824,0.04846292522934115,0.05225558206439018,0.0037926568350490353,0.04336156467888418,0.028735896572470665,-0.014625668106413518,0.07489724808170904,0.053706973791122437,-0.021190274290586605
813444e109995c97,2021-07-17,UFC Fight Night: Makhachev vs. Moises,Rodolfo Vieira,Dustin Stoltzfus,1,red_sub,2021,0.08760951188986232,0.07667382806539536,-0.010935683824466969,0.41301627033792243,0.3066362142562866,-0.10638005608163581,0.1576971214017522,0.22914786636829376,0.07145074496654155,0.13141426783479349,0.1330932080745697,0.0016789402397762165,0.0525657071339174,0.03282848745584488,-0.019737219678072522,0.1576971214017522,0.2216203808784485,0.06392325947669628
8151659b2bc16f0e,2021-07-17,UFC Fight Night: Makhachev vs. Moises,Daniel Rodriguez,Preston Parsons,0,red_ko_tko,2021,0.4716262820799929,0.46879321336746216,-0.0028330687125307508,0.08209790836207283,0.07603789865970612,-0.0060600097023667115,0.18243979636016183,0.19247202575206757,0.010032229391905734,0.06315223720159449,0.059486113488674164,-0.0036661237129203272,0.09121989818008092,0.10558204352855682,0.014362145348475908,0.10946387781609711,0.09762875735759735,-0.011835120458499757
93d5452726f5f364,2021-07-17,UFC Fight Night: Makhachev vs. Moises,Khalid Taha,Sergey Morozov,5,blue_dec,2021,0.1620658949243099,0.14025717973709106,-0.02180871518721883,0.13505491243692488,0.1353512555360794,0.0002963430991545224,0.27010982487384977,0.2611931562423706,-0.008916668631479163,0.08103294746215495,0.07277807593345642,-0.008254871528698526,0.06233303650934996,0.03622426837682724,-0.02610876813252272,0.2894033837934105,0.35419607162475586,0.06479268783134534
940701effe1d2b6c,2021-07-17,UFC Fight Night: Makhachev vs. Moises,Gabriel Benitez,Billy Quarantillo,3,blue_ko_tko,2021,0.1764744908113846,0.17261885106563568,-0.003855639745748929,0.11344788695017582,0.09419701993465424,-0.01925086701552159,0.31765408346049234,0.3517857789993286,0.03413169553883627,0.13235586810853847,0.13548389077186584,0.0031280226633273733,0.0835931798580243,0.06343892961740494,-0.020154250240619356,0.1764744908113846,0.1824755221605301,0.00600103134914548
f0b83b05f3dd9580,2021-07-17,UFC Fight Night: Makhachev vs. Moises,Marion Reneau,Miesha Tate,3,blue_ko_tko,2021,0.06818131734943476,0.07082231342792511,0.002640996078490346,0.10227197602415215,0.1142943874001503,0.012022411375998146,0.24063994358624036,0.2674180269241333,0.026778083337892944,0.06293660063024747,0.0613270066678524,-0.0016095939623950728,0.13636263469886953,0.10523863881826401,-0.03112399588060552,0.3896075277110558,0.38089966773986816,-0.008707859971187615
1bde9cb65d31cc76,2021-07-24,UFC Fight Night: Sandhagen vs. Dillashaw,Darren Elkins,Darrick Minner,0,red_ko_tko,2021,0.08936617602883748,0.08495055884122849,-0.0044156171876089945,0.1148993691799339,0.11717210710048676,0.002272737920552853,0.21447882246920996,0.24559010565280914,0.03111128318359918,0.1148993691799339,0.10819519311189651,-0.006704176068037387,0.2365575247822169,0.18979807198047638,-0.046759452801740514,0.2297987383598678,0.2542939782142639,0.02449523985439611
1be65a0d2c1383f6,2021-07-24,UFC Fight Night: Sandhagen vs. Dillashaw,Mickey Gall,Jordan Williams,1,red_sub,2021,0.06649012722353347,0.06425723433494568,-0.002232892888587787,0.17730700592942258,0.115866519510746,-0.06144048641867658,0.15957630533648035,0.20014478266239166,0.04056847732591132,0.2901387369754188,0.31764236092567444,0.02750362395025563,0.05319210177882678,0.025433123111724854,-0.027758978667101926,0.25329572275631795,0.27665597200393677,0.023360249247618814
214b268e4a92f950,2021-07-24,UFC Fight Night: Sandhagen vs. Dillashaw,Cory Sandhagen,TJ Dillashaw,5,blue_dec,2021,0.3853564547206165,0.43559521436691284,0.050238759646296316,0.11560693641618495,0.08387733995914459,-0.03172959645704036,0.13487475915221578,0.1583765745162964,0.023501815364080608,0.16184971098265896,0.1739235371351242,0.012073826152465245,0.06743737957610789,0.0423261858522892,-0.02511119372381869,0.13487475915221578,0.10590112954378128,-0.028973629608434498
40ce202eaa78860c,2021-07-24,UFC Fight Night: Sandhagen vs. Dillashaw,Diana Belbita,Hannah Goldy,2,red_dec,2021,0.09630520324789159,0.09245999157428741,-0.0038452116736041736,0.10914589701427713,0.08387376368045807,-0.025272133333819058,0.3089034821158787,0.3777276873588562,0.0688242052429775,0.1023242784508848,0.08944422751665115,-0.012880050934233653,0.07441765705518896,0.06458991765975952,-0.009827739395429441,0.3089034821158787,0.29190438985824585,-0.016999092257632853
43c391b251337c9b,2021-07-24,UFC Fight Night: Sandhagen vs. Dillashaw,Adrian Yanez,Randy Costa,0,red_ko_tko,2021,0.4283743329428608,0.40067556500434875,-0.02769876793851206,0.06815046205909149,0.05979740992188454,-0.008353052137206954,0.17037615514772875,0.18664751946926117,0.016271364321532422,0.148691917219836,0.181990846991539,0.03329892977170301,0.048106208512299874,0.030189616605639458,-0.017916591906660416,0.13630092411818298,0.14069898426532745,0.0043980601471444725
4911094a4ee26868,2021-07-24,UFC Fight Night: Sandhagen vs. Dillashaw,Punahele Soriano,Brendan Allen,5,blue_dec,2021,0.3357753357753358,0.34122222661972046,0.005446890844384655,0.05372405372405372,0.053267523646354675,-0.00045653007769904524,0.1343101343101343,0.15504029393196106,0.020730159621826755,0.07326007326007326,0.07537958770990372,0.0021195144498304536,0.2686202686202686,0.25894707441329956,-0.009673194206969049,0.1343101343101343,0.11614331603050232,-0.018166818279631985
4bb77b1d8efc53a9,2021-07-24,UFC Fight Night: Sandhagen vs. Dillashaw,Kyler Phillips,Raulian Paiva,5,blue_dec,2021,0.16610738255033558,0.18578338623046875,0.01967600368013317,0.07550335570469799,0.058342717587947845,-0.017160638116750143,0.4614093959731544,0.5324493646621704,0.07103996868901602,0.08305369127516779,0.07695897668600082,-0.006094714589166966,0.07550335570469799,0.03362318128347397,-0.04188017442122402,0.1384228187919463,0.11284235864877701,-0.02558046014316928
7c3ad06a520b8716,2021-07-24,UFC Fight Night: Sandhagen vs. Dillashaw,Miranda Maverick,Maycee Barber,5,blue_dec,2021,0.09637850467289719,0.10558570921421051,0.009207204541313324,0.10922897196261681,0.0955449715256691,-0.013684000436947716,0.3723714953271028,0.42801177501678467,0.05564027968968188,0.14894859813084113,0.14004004001617432,-0.008908558114666815,0.05461448598130841,0.03650657832622528,-0.018107907655083126,0.21845794392523363,0.1943109631538391,-0.024146980771394516
c13474b85d3ced32,2021-07-24,UFC Fight Night: Sandhagen vs. Dillashaw,Sijara Eubanks,Elise Reed,0,red_ko_tko,2021,0.20145004360390556,0.20510907471179962,0.003659031107894062,0.17906670542569383,0.15638796985149384,-0.0226787355742,0.3837143687693439,0.40680333971977234,0.023088970950428445,0.07325456131051111,0.06021536514163017,-0.01303919616888094,0.047400010259742484,0.027048582211136818,-0.020351428048605666,0.11511431063080317,0.14443570375442505,0.029321393123621878
cade0268dec56f3d,2021-07-24,UFC Fight Night: Sandhagen vs. Dillashaw,Julio Arce,Andre Ewell,0,red_ko_tko,2021,0.135664538595473,0.11926928162574768,-0.016395256969725325,0.14799767846778875,0.14204329252243042,-0.005954385945358326,0.3699941961694718,0.42015111446380615,0.05015691829433433,0.08139872315728382,0.07225511968135834,-0.00914360347592548,0.047881601857225765,0.05678260326385498,0.008901001406629215,0.2170632617527568,0.18949854373931885,-0.02756471801343796
dff1dbb8fe1f31cb,2021-07-24,UFC Fight Night: Sandhagen vs. Dillashaw,Nassourdine Imavov,Ian Heinisch,0,red_ko_tko,2021,0.12575820127663628,0.15038302540779114,0.024624824131154854,0.06811902569151132,0.09315129369497299,0.025032268003461672,0.21798088221283624,0.2878459692001343,0.06986508698729804,0.12575820127663628,0.10799133032560349,-0.017766870951032798,0.09082536758868176,0.05462721362709999,-0.03619815396158177,0.3715583219536981,0.3060011863708496,-0.06555713558284848
12ceec9431fb0827,2021-07-31,UFC Fight Night: Hall vs. Strickland,Chris Gruetzemacher,Rafa Garcia,2,red_dec,2021,0.08012399596860398,0.06337518990039825,-0.016748806068205724,0.044513331093668874,0.02222372405230999,-0.022289607041358885,0.14567999267018905,0.14812009036540985,0.0024400976952207998,0.16024799193720796,0.17352154850959778,0.013273556572389822,0.26707998656201326,0.20678092539310455,-0.06029906116890871,0.3023547017683169,0.3859785497188568,0.0836238479505399
1978b44503c3d9ff,2021-07-31,UFC Fight Night: Hall vs. Strickland,Ryan Benoit,Zarrukh Adashev,5,blue_dec,2021,0.1769301470588235,0.16346663236618042,-0.013463514692643092,0.07961856617647059,0.0710359662771225,-0.008582599899348092,0.28435202205882354,0.3150177001953125,0.03066567813648896,0.15923713235294118,0.13185635209083557,-0.02738078026210561,0.07238051470588236,0.046942804008722305,-0.025437710697160054,0.22748161764705882,0.2716805636882782,0.04419894604121938
6671b567c4eb9982,2021-07-31,UFC Fight Night: Hall vs. Strickland,Collin Anglin,Melsik Baghdasaryan,3,blue_ko_tko,2021,0.10955634024497807,0.10283435136079788,-0.006721988884180186,0.07469750471248505,0.07443571835756302,-0.00026178635492203617,0.24166839759921635,0.27936574816703796,0.037697350567821614,0.2528223236422571,0.24407733976840973,-0.008744983873847367,0.08649184756182479,0.04636748507618904,-0.04012436248563575,0.2347635862392387,0.25291934609413147,0.01815575985489276
8522bc62e8d942ab,2021-07-31,UFC Fight Night: Hall vs. Strickland,Uriah Hall,Sean Strickland,5,blue_dec,2021,0.2159902820047284,0.2085452377796173,-0.0074450442251110804,0.03115244451991275,0.028192901983857155,-0.0029595425360555948,0.1079951410023642,0.12721626460552216,0.01922112360315796,0.3056466254783892,0.2736523747444153,-0.03199425073397394,0.08999595083530348,0.07741916924715042,-0.012576781588153063,0.249219556159302,0.28497403860092163,0.035754482441619634
96c51bc6316a4b47,2021-07-31,UFC Fight Night: Hall vs. Strickland,Jinh Yu Frey,Ashley Yoder,2,red_dec,2021,0.055600390774327824,0.05258552357554436,-0.0030148671987834663,0.07581871469226523,0.05370678752660751,-0.022111927165657713,0.29785923629104194,0.34024396538734436,0.04238472909630242,0.055600390774327824,0.06610353291034698,0.010503142136019161,0.09811833666057852,0.07380928844213486,-0.024309048218443666,0.4170029308074587,0.4135509133338928,-0.0034520174735658826
9eef9b7967991296,2021-07-31,UFC Fight Night: Hall vs. Strickland,Bryan Barberena,Jason Witt,5,blue_dec,2021,0.36422830988175664,0.3482719957828522,-0.015956314098904467,0.12327727411382533,0.14709767699241638,0.02382040287859105,0.20032557043496615,0.20389710366725922,0.0035715332322930615,0.08434760860419628,0.05846233665943146,-0.025885271944764823,0.0942708566752782,0.11655686050653458,0.022286003831256382,0.13355038028997743,0.1257140189409256,-0.007836361349051829
e3ecb94228c2739f,2021-07-31,UFC Fight Night: Hall vs. Strickland,Niklas Stolze,Jared Gooden,3,blue_ko_tko,2021,0.20495495495495497,0.17237932980060577,-0.0325756251543492,0.11711711711711713,0.11180426925420761,-0.005312847862909517,0.2927927927927928,0.3484613597393036,0.05566856694651079,0.11711711711711713,0.1543397605419159,0.037222643424798765,0.06306306306306307,0.04162943735718727,-0.0214336257058758,0.20495495495495497,0.17138585448265076,-0.033569100472304214
fb9095887dca34c7,2021-07-31,UFC Fight Night: Hall vs. Strickland,Phil Rowe,Orion Cosce,0,red_ko_tko,2021,0.1456605300424843,0.1402122527360916,-0.00544827730639269,0.10681772203115515,0.09287634491920471,-0.01394137711195044,0.16690269067367994,0.21391959488391876,0.047016904210238825,0.2913210600849686,0.3121701180934906,0.020849058008521992,0.08901476835929596,0.06064806133508682,-0.02836670702420914,0.20028322880841593,0.18017365038394928,-0.020109578424466645
3d75081ce43774ca,2021-08-07,UFC 265: Lewis vs. Gane,Vince Morales,Drako Rodriguez,2,red_dec,2021,0.17718852611362368,0.1476171314716339,-0.029571394641989768,0.07248621522830061,0.06462856382131577,-0.007857651406984842,0.2453379592342482,0.28453001379966736,0.03919205456541916,0.13289139458521776,0.12171570956707001,-0.011175685018147752,0.15946967350226132,0.1374673843383789,-0.022002289163882416,0.21262623133634842,0.24404118955135345,0.031414958215005034
85c5dd604d5b3634,2021-08-07,UFC 265: Lewis vs. Gane,Manel Kape,Ode Osbourne,0,red_ko_tko,2021,0.33760825406583483,0.3612072169780731,0.023598962912238286,0.07365998270527305,0.056221555918455124,-0.017438426786817923,0.238311708752354,0.2434961199760437,0.0051844112236897055,0.10803464130106713,0.09094612300395966,-0.017088518297107474,0.062327677673692586,0.04379984363913536,-0.018527834034557225,0.18005773550177856,0.20432911813259125,0.024271382630812688
962aab0abdd34173,2021-08-07,UFC 265: Lewis vs. Gane,Song Yadong,Casey Kenney,2,red_dec,2021,0.1797208513730358,0.15728594362735748,-0.02243490774567833,0.06739531926488843,0.050227995961904526,-0.0171673233029839,0.2567440733900512,0.3262617290019989,0.06951765561194773,0.10109297889733265,0.12071673572063446,0.019623756823301808,0.0898604256865179,0.054223839193582535,-0.03563658649293537,0.30518635138817407,0.2912837564945221,-0.013902594893651976
980927e7dcc131c0,2021-08-07,UFC 265: Lewis vs. Gane,Jose Aldo,Pedro Munhoz,2,red_dec,2021,0.1478013710081926,0.16533096134662628,0.01752959033843368,0.047818090620297606,0.03327413275837898,-0.014543957861918623,0.32516301621802374,0.35147905349731445,0.026316037279290716,0.1478013710081926,0.16753621399402618,0.019734842985833584,0.08129075405450593,0.050284940749406815,-0.03100581330509912,0.25012539709078746,0.2320946604013443,-0.01803073668944316
9a678f346946b6a4,2021-08-07,UFC 265: Lewis vs. Gane,Miles Johns,Anderson Dos Santos,0,red_ko_tko,2021,0.20625000000000004,0.24182438850402832,0.035574388504028276,0.06875,0.046524643898010254,-0.02222535610198975,0.37500000000000006,0.45468685030937195,0.07968685030937189,0.07500000000000001,0.07927055656909943,0.004270556569099415,0.09166666666666667,0.05508974939584732,-0.036576917270819354,0.18333333333333335,0.12260384112596512,-0.06072949220736823
af9927b5589e708b,2021-08-07,UFC 265: Lewis vs. Gane,Johnny Munoz,Jamey Simmons,1,red_sub,2021,0.15537848605577692,0.17493580281734467,0.019557316761567745,0.3699487763232783,0.3509557545185089,-0.018993021804769417,0.221969265793967,0.236960768699646,0.014991502905678994,0.07768924302788846,0.08074948936700821,0.0030602463391197487,0.05549231644849175,0.0398721843957901,-0.01562013205270165,0.11952191235059763,0.11652598530054092,-0.0029959270500567042
bf732e22055e8634,2021-08-07,UFC 265: Lewis vs. Gane,Derrick Lewis,Ciryl Gane,3,blue_ko_tko,2021,0.18492718702300528,0.14942802488803864,-0.03549916213496665,0.03457334366082273,0.02015727572143078,-0.01441606793939195,0.05301246027992818,0.05354347825050354,0.0005310179705753579,0.36144859281769215,0.43767085671424866,0.07622226389655651,0.11359812917127467,0.09068797528743744,-0.022910153883837228,0.25244028704727706,0.2485123574733734,-0.0039279295739036435
cce232c1b1b2e4a0,2021-08-07,UFC 265: Lewis vs. Gane,Victoria Leonardo,Melissa Gatto,3,blue_ko_tko,2021,0.12281245846440123,0.1100221797823906,-0.01279027868201063,0.11404014000265827,0.06933951377868652,-0.04470062622397175,0.2534225333392406,0.3058421015739441,0.052419568234703506,0.07257099818350982,0.06834585219621658,-0.004225145987293233,0.2851003500066457,0.27198946475982666,-0.013110885246819026,0.15205352000354436,0.17446090281009674,0.022407382806552384
dcd0793ff1a43b68,2021-08-07,UFC 265: Lewis vs. Gane,Alonzo Menifield,Ed Herman,2,red_dec,2021,0.4705531867354349,0.4486902058124542,-0.021862980922980668,0.0630085463719813,0.052558109164237976,-0.01045043720774333,0.13651851713929283,0.18024641275405884,0.043727895614766005,0.10238888785446962,0.08686967194080353,-0.01551921591366609,0.09101234475952855,0.05841737240552902,-0.032594972353999524,0.13651851713929283,0.173218235373497,0.036699718234204176
efe985e626a0d8c0,2021-08-07,UFC 265: Lewis vs. Gane,Michael Chiesa,Vicente Luque,4,blue_sub,2021,0.07916102841677944,0.08001327514648438,0.0008522467297049363,0.17591339648173207,0.13956616818904877,-0.0363472282926833,0.2435723951285521,0.32094720005989075,0.07737480493133864,0.19790257104194858,0.22982437908649445,0.03192180804454586,0.10554803788903924,0.06307337433099747,-0.042474663558041775,0.19790257104194858,0.1665755957365036,-0.03132697530544498
f2336b7545f5f442,2021-08-07,UFC 265: Lewis vs. Gane,Karolina Kowalkiewicz,Jessica Penne,4,blue_sub,2021,0.06855801281630115,0.08709880709648132,0.01854079428018017,0.03917600732360066,0.029881039634346962,-0.009294967689253697,0.44004677993718877,0.47702816128730774,0.03698138135011897,0.05141850961222586,0.04262689873576164,-0.008791610876464219,0.12656863904547905,0.07399415969848633,-0.05257447934699272,0.2742320512652046,0.28937092423439026,0.015138872969185646
0b47788da6de735e,2021-08-21,UFC Fight Night: Cannonier vs. Gastelum,Alexandre Pantoja,Brandon Royval,1,red_sub,2021,0.16009528391479153,0.1660255342721939,0.0059302503574023835,0.14554116719526503,0.15962649881839752,0.014085331623132497,0.30206657342413495,0.3275529742240906,0.025486400799955622,0.10005955244674469,0.06371121853590012,-0.03634833391084458,0.11435377422485107,0.1412738710641861,0.026920096839335023,0.17788364879421278,0.14180991053581238,-0.036073738258400406
12d2b282561b5e5f,2021-08-21,UFC Fight Night: Cannonier vs. Gastelum,Austin Lingo,Luis Saldana,2,red_dec,2021,0.17537395917765825,0.162446990609169,-0.012926968568489239,0.07891828162994621,0.08601217716932297,0.007093895539376754,0.22548080465698916,0.27113163471221924,0.045650830055230074,0.17537395917765825,0.18841171264648438,0.01303775346882613,0.11274040232849458,0.0794994980096817,-0.03324090431881288,0.23211259302925358,0.2124979943037033,-0.01961459872555027
3a9e0fed344fd07d,2021-08-21,UFC Fight Night: Cannonier vs. Gastelum,Clay Guida,Mark Madsen,5,blue_dec,2021,0.10295952932786592,0.06804966181516647,-0.03490986751269945,0.08236762346229275,0.06068887189030647,-0.021678751571986274,0.2196469958994473,0.2192813754081726,-0.00036562049127469853,0.10295952932786592,0.07714705169200897,-0.02581247763585695,0.11766803351756105,0.0844191387295723,-0.03324889478798876,0.374398288464967,0.49041393399238586,0.11601564552741889
47230f9b5d7ae037,2021-08-21,UFC Fight Night: Cannonier vs. Gastelum,Parker Porter,Chase Sherman,2,red_dec,2021,0.13753033757446495,0.14237001538276672,0.004839677808301773,0.08251820254467897,0.0517219677567482,-0.030796234787930768,0.15003309553577995,0.1477096676826477,-0.0023234278531322483,0.37508273883944987,0.4244232773780823,0.049340538538632406,0.048540119143928806,0.027887515723705292,-0.020652603420223514,0.2062955063616974,0.2058875858783722,-0.00040792048332521924
47a157222b2c9092,2021-08-21,UFC Fight Night: Cannonier vs. Gastelum,Sasha Palatnikov,Ramiz Brahimaj,4,blue_sub,2021,0.20345836200963524,0.14913487434387207,-0.05432348766576317,0.0542555632025694,0.04340023919939995,-0.01085532400316945,0.18926359256710254,0.22948452830314636,0.04022093573604382,0.06781945400321174,0.0891575962305069,0.02133814222729516,0.29593943565037856,0.2399308681488037,-0.056008567501574846,0.18926359256710254,0.2488919347524643,0.059628342185361755
5e2ce5aa3a92c2df,2021-08-21,UFC Fight Night: Cannonier vs. Gastelum,William Knight,Fabio Cherant,0,red_ko_tko,2021,0.36811966810798175,0.40270867943763733,0.03458901132965558,0.053990884655837325,0.04644792899489403,-0.007542955660943297,0.17996961551945775,0.1942237913608551,0.014254175841397349,0.1349772116395933,0.13048787415027618,-0.0044893374893171245,0.11569475283393713,0.06674223393201828,-0.048952518901918846,0.14724786724319272,0.15938951075077057,0.012141643507577848
755d84d5f4aa4dbf,2021-08-21,UFC Fight Night: Cannonier vs. Gastelum,Vinc Pichel,Austin Hubbard,2,red_dec,2021,0.1024180621397633,0.0976639837026596,-0.004754078437103695,0.06302649977831588,0.04593183100223541,-0.01709466877608047,0.34139354046587767,0.4115365445613861,0.07014300409550844,0.12605299955663177,0.12573741376399994,-0.0003155857926318284,0.07448586337437331,0.04633760452270508,-0.02814825885166823,0.29262303468503803,0.27279260754585266,-0.01983042713918537
8badcb2134c1cdaf,2021-08-21,UFC Fight Night: Cannonier vs. Gastelum,Roosevelt Roberts,Ignacio Bahamondes,3,blue_ko_tko,2021,0.09149345134325688,0.0922529548406601,0.0007595034974032105,0.19149792141611904,0.12784583866596222,-0.06365208275015682,0.2940860936033257,0.34877723455429077,0.054691140950965056,0.18298690268651377,0.19635674357414246,0.013369840887628687,0.048437709534665405,0.03296076878905296,-0.015476940745612441,0.19149792141611904,0.20180644094944,0.010308519533320959
92d39a17e34cf581,2021-08-21,UFC Fight Night: Cannonier vs. Gastelum,Bea Malecki,Josiane Nunes,3,blue_ko_tko,2021,0.17596072524778347,0.17535336315631866,-0.0006073620914648081,0.12181896363308088,0.13157479465007782,0.009755831016996938,0.2988012315528399,0.34897056221961975,0.050169330666779866,0.15836465272300515,0.11977279186248779,-0.03859186086051736,0.06090948181654044,0.03816141188144684,-0.022748069935093602,0.18414494502675016,0.18616712093353271,0.002022175906782553
bfacb44c24bfe0e9,2021-08-21,UFC Fight Night: Cannonier vs. Gastelum,Brian Kelleher,Domingo Pilarte,2,red_dec,2021,0.3190184049079755,0.19672934710979462,-0.12228905779818089,0.15950920245398775,0.11224699765443802,-0.047262204799549734,0.1329243353783231,0.1360456794500351,0.0031213440717119956,0.08861622358554873,0.09141793847084045,0.0028017148852917256,0.1226993865030675,0.22910144925117493,0.10640206274810743,0.17723244717109746,0.23445859551429749,0.05722614834320003
e1897ff433134cb8,2021-08-21,UFC Fight Night: Cannonier vs. Gastelum,Trevin Jones,Saidyokub Kakhramonov,4,blue_sub,2021,0.3104698272798351,0.3133932054042816,0.0029233781244465407,0.15523491363991754,0.14733928442001343,-0.00789562921990411,0.1194114720307058,0.15328040719032288,0.03386893515961707,0.11088208117136966,0.1152816042304039,0.004399523059034238,0.09702182102494847,0.06218470633029938,-0.03483711469464909,0.20697988485322338,0.2085208147764206,0.0015409299231972096
f536ba47f006474a,2021-08-21,UFC Fight Night: Cannonier vs. Gastelum,Jared Cannonier,Kelvin Gastelum,2,red_dec,2021,0.2968814968814969,0.2886579632759094,-0.008223533605587474,0.07422037422037422,0.05755294859409332,-0.016667425626280902,0.20410602910602912,0.22448000311851501,0.02037397401248589,0.11663201663201662,0.10862196981906891,-0.008010046812947716,0.06803534303534303,0.05053804814815521,-0.01749729488718782,0.24012474012474014,0.2701490819454193,0.030024341820679173
089a17e450cc98aa,2021-08-28,UFC Fight Night: Barboza vs. Chikadze,Kevin Lee,Daniel Rodriguez,5,blue_dec,2021,0.10276223862046498,0.09584181755781174,-0.00692042106265324,0.20552447724092995,0.15518629550933838,-0.050338181731591575,0.2609834631630857,0.34752973914146423,0.08654627597837855,0.1911855602241209,0.18616631627082825,-0.005019243953292646,0.048358700527277636,0.02336857281625271,-0.024990127711024927,0.1911855602241209,0.19190722703933716,0.0007216668152162653
0f3a91caeaa55094,2021-08-28,UFC Fight Night: Barboza vs. Chikadze,Dustin Jacoby,Darren Stewart,0,red_ko_tko,2021,0.23658324869707012,0.20245574414730072,-0.0341275045497694,0.04870831590822032,0.0503198504447937,0.0016115345365733807,0.3450172376832273,0.38750094175338745,0.042483704070160166,0.11040551605863273,0.11133819818496704,0.0009326821263343082,0.07527648822179504,0.04875614121556282,-0.026520347006232223,0.18400919343105454,0.19962908327579498,0.015619889844740442
1de342e9309c5f0f,2021-08-28,UFC Fight Night: Barboza vs. Chikadze,Makhmud Muradov,Gerald Meerschaert,4,blue_sub,2021,0.4973157974634631,0.5433966517448425,0.046080854281379424,0.0690716385365921,0.05705960467457771,-0.012012033862014382,0.2550337422889555,0.2623211443424225,0.007287402053467007,0.03946950773519548,0.03087819740176201,-0.008591310333433473,0.07535087840355502,0.04897601529955864,-0.02637486310399638,0.06375843557223887,0.05736832320690155,-0.006390112365337319
2cb9ba68fc855f33,2021-08-28,UFC Fight Night: Barboza vs. Chikadze,JJ Aldrich,Vanessa Demopoulos,2,red_dec,2021,0.17259550608519392,0.18333220481872559,0.010736698733531669,0.07531440265535734,0.04538559168577194,-0.029928810969585398,0.5272008185875013,0.6164035797119141,0.08920276112441272,0.043603075221522666,0.0288888830691576,-0.014714192152365066,0.04873284877699593,0.02333301492035389,-0.02539983385664204,0.1325533486734289,0.10265672951936722,-0.029896619154061693
5086f9fb4fdc2f60,2021-08-28,UFC Fight Night: Barboza vs. Chikadze,Bryan Battle,Gilbert Urbina,1,red_sub,2021,0.17860767201136593,0.1740424782037735,-0.0045651938075924325,0.16074690481022935,0.15911348164081573,-0.001633423169413617,0.29226709965496245,0.33560043573379517,0.04333333607883272,0.08930383600568297,0.0856391191482544,-0.003664716857428571,0.10046681550639333,0.054469283670186996,-0.045997531836206335,0.17860767201136593,0.1911352425813675,0.012527570570001562
58d5e4afc2dd35d1,2021-08-28,UFC Fight Night: Barboza vs. Chikadze,Sam Alvey,Wellington Turman,5,blue_dec,2021,0.23883045450159218,0.2382105439901352,-0.0006199105114569892,0.03866778787168635,0.04306850582361221,0.004400717951925863,0.1804496767345363,0.22541983425617218,0.044970157521635884,0.1624047090610827,0.13281914591789246,-0.029585563143190247,0.14764064460098425,0.12648923695087433,-0.02115140765010992,0.23200672723011811,0.23399275541305542,0.001986028182937305
5cd1869013741767,2021-08-28,UFC Fight Night: Barboza vs. Chikadze,Edson Barboza,Giga Chikadze,3,blue_ko_tko,2021,0.23614895549500453,0.20835113525390625,-0.02779782024109828,0.0551014229488344,0.03777648136019707,-0.01732494158863733,0.23614895549500453,0.24225015938282013,0.006101203887815598,0.27550711474417194,0.29274606704711914,0.017238952302947197,0.031789282470481385,0.022817809134721756,-0.008971473335759629,0.1653042688465032,0.19605833292007446,0.030754064073571258
ad3aa9520131ff2e,2021-08-28,UFC Fight Night: Barboza vs. Chikadze,Andre Petroski,Micheal Gillmore,0,red_ko_tko,2021,0.25191050547831695,0.24491627514362335,-0.006994230334693596,0.40935457140226506,0.4079320728778839,-0.0014224985243811439,0.136451523800755,0.17306339740753174,0.03661187360677673,0.09096768253383668,0.0878240168094635,-0.0031436657243731764,0.04308995488444895,0.022480566054582596,-0.020609388829866356,0.0682257619003775,0.06378369778394699,-0.004442064116430514
be4890f4aaadec28,2021-08-28,UFC Fight Night: Barboza vs. Chikadze,Mana Martinez,Guido Cannetti,2,red_dec,2021,0.4651064739665055,0.4322845935821533,-0.03282188038435219,0.08096297880157688,0.10658858716487885,0.025625608363301966,0.14720541600286705,0.19332660734653473,0.046121191343667683,0.08096297880157688,0.06599141657352448,-0.014971562228052404,0.10120372350197109,0.08357404172420502,-0.017629681777766068,0.1245584289255029,0.118234783411026,-0.006323645514476894
e24c8aab497b4fe1,2021-08-28,UFC Fight Night: Barboza vs. Chikadze,Alessio Di Chirico,Abdul Razak Alhassan,3,blue_ko_tko,2021,0.2942979767014102,0.24596048891544342,-0.048337487785966804,0.10790925812385042,0.10230319947004318,-0.0056060586538072416,0.2942979767014102,0.37983688712120056,0.08553891041979034,0.17984876353975068,0.18623581528663635,0.006387051746885669,0.022481095442468835,0.014308836311101913,-0.008172259131366922,0.10116492949110976,0.07135477662086487,-0.029810152870244896
ed64e42263bf50bf,2021-08-28,UFC Fight Night: Barboza vs. Chikadze,Ricky Turcios,Brady Hiestand,2,red_dec,2021,0.1790785207637172,0.1543837934732437,-0.024694727290473478,0.10073166792959093,0.0996769368648529,-0.0010547310647380237,0.3040956012968783,0.35088661313056946,0.046791011833691165,0.0895392603818586,0.08628389239311218,-0.003255367988746413,0.0895392603818586,0.05389104783535004,-0.03564821254650856,0.23701568924609628,0.2548776865005493,0.017861997254453033
ef4484943b1c68a9,2021-08-28,UFC Fight Night: Barboza vs. Chikadze,Jamall Emmers,Pat Sabatini,4,blue_sub,2021,0.12573823585444846,0.11141888797283173,-0.014319347881616734,0.06810821108782625,0.08145757764577866,0.013349366557952408,0.371499333206325,0.44950559735298157,0.07800626414665657,0.06810821108782625,0.05753489211201668,-0.01057331897580957,0.14859973328253,0.08045314997434616,-0.06814658330818385,0.217946275481044,0.2196299284696579,0.001683652988613893
06c0c7dda5a5909d,2021-09-04,UFC Fight Night: Brunson vs. Till,Molly McCann,Ji Yeon Kim,2,red_dec,2021,0.07624309392265192,0.07404851913452148,-0.0021945747881304406,0.06988950276243093,0.04002586752176285,-0.029863635240668082,0.3646408839779005,0.38056427240371704,0.01592338842581653,0.06988950276243093,0.07803908735513687,0.008149584592705941,0.06988950276243093,0.04095161706209183,-0.028937885700339103,0.34944751381215466,0.38637059926986694,0.03692308545771228
14f2bb86fd888e91,2021-09-04,UFC Fight Night: Brunson vs. Till,Derek Brunson,Darren Till,1,red_sub,2021,0.20915853525806044,0.24098873138427734,0.0318301961262169,0.039839721001535315,0.03882798179984093,-0.001011739201694388,0.1521152983694985,0.20462466776371002,0.052509369394211525,0.3637539743618442,0.26627716422080994,-0.09747681014103426,0.04921377300189657,0.032218094915151596,-0.016995678086744972,0.18591869800716482,0.21706338226795197,0.031144684260787148
3f76035e52e8819b,2021-09-04,UFC Fight Night: Brunson vs. Till,Julian Erosa,Charles Jourdain,1,red_sub,2021,0.1234798877455566,0.10231906175613403,-0.021160825989422566,0.11465989576373112,0.07321008294820786,-0.04144981281552326,0.14593077642656688,0.1529538482427597,0.007023071816192827,0.4204196178003475,0.4626261293888092,0.042206511588461726,0.0617399438727783,0.06676128506660461,0.005021341193826315,0.13376987839101964,0.14212964475154877,0.008359766360529125
4fc128b1bdf088b1,2021-09-04,UFC Fight Night: Brunson vs. Till,Jack Shore,Liudvik Sholinian,2,red_dec,2021,0.18409372043949643,0.20580819249153137,0.021714472052034944,0.3012442698100851,0.2569931745529175,-0.04425109525716764,0.33136869679109365,0.40854206681251526,0.0771733700214216,0.055228116131848935,0.043918315321207047,-0.011309800810641889,0.03601833660772757,0.01247082743793726,-0.023547509169790308,0.09204686021974821,0.07226748019456863,-0.01977938002517958
8fc238e84c4624a7,2021-09-04,UFC Fight Night: Brunson vs. Till,Paddy Pimblett,Luigi Vendramini,0,red_ko_tko,2021,0.17660044150110374,0.18850071728229523,0.011900275781191488,0.2119205298013245,0.2176036685705185,0.0056831387691939905,0.19867549668874174,0.23150569200515747,0.03283019531641573,0.15894039735099338,0.13722485303878784,-0.021715544312205542,0.08830022075055187,0.07345360517501831,-0.014846615575533559,0.16556291390728478,0.15171144902706146,-0.013851464880223319
a7c38d4d66abf923,2021-09-04,UFC Fight Night: Brunson vs. Till,Dalcha Lungiambula,Marc-Andre Barriault,5,blue_dec,2021,0.17800783998391798,0.1385602504014969,-0.03944758958242109,0.03482762086641873,0.02173936925828457,-0.013088251608134163,0.17800783998391798,0.2135462462902069,0.03553840630628893,0.29128555633732034,0.39737847447395325,0.10609291813663291,0.08900391999195899,0.053975120186805725,-0.03502879980515326,0.22886722283646596,0.17480051517486572,-0.05406670766160024
ad81be01a461c936,2021-09-04,UFC Fight Night: Brunson vs. Till,Modestas Bukauskas,Khalil Rountree Jr.,3,blue_ko_tko,2021,0.3137159178929718,0.2570400834083557,-0.056675834484616106,0.06927893186803127,0.06103051081299782,-0.008248421055033456,0.2216925819777001,0.23289772868156433,0.011205146703864244,0.2557991330511924,0.3401550054550171,0.0843558724038247,0.028667144221254322,0.014157785102725029,-0.014509359118529293,0.11084629098885004,0.09471885859966278,-0.016127432389187263
b977ffcc6428046f,2021-09-04,UFC Fight Night: Brunson vs. Till,Tom Aspinall,Serghei Spivac,0,red_ko_tko,2021,0.36656432107274894,0.37072238326072693,0.0041580621879779844,0.1344069177266746,0.12787888944149017,-0.006528028285184423,0.16128830127200955,0.18046744167804718,0.01917914040603763,0.12406792405539195,0.14423447847366333,0.02016655441827138,0.08960461181778306,0.06250642240047455,-0.027098189417308516,0.12406792405539195,0.11419043689966202,-0.009877487155729933
f09912e9d8eaa968,2021-09-04,UFC Fight Night: Brunson vs. Till,Alex Morono,David Zawada,2,red_dec,2021,0.13307984790874525,0.17622196674346924,0.04314211883472399,0.11406844106463877,0.09562090784311295,-0.018447533221525828,0.28517110266159695,0.3239382207393646,0.03876711807776767,0.13307984790874525,0.10224567353725433,-0.030834174371490913,0.10646387832699619,0.07745715975761414,-0.029006718569382056,0.22813688212927755,0.22451606392860413,-0.00362081820067342
06b3226c34c17001,2021-09-18,UFC Fight Night: Smith vs. Spann,Impa Kasanganay,Carlston Harris,3,blue_ko_tko,2021,0.1446032019280427,0.15801526606082916,0.01341206413278645,0.06627646755035291,0.04278818890452385,-0.023488278645829058,0.2892064038560854,0.34523695707321167,0.056030553217126244,0.11361680151489069,0.13379530608654022,0.020178504571649533,0.22723360302978138,0.17052772641181946,-0.05670587661796192,0.15906352212084698,0.14963655173778534,-0.009426970383061645
0ce63c2148e70b4c,2021-09-18,UFC Fight Night: Smith vs. Spann,Erin Blanchfield,Sarah Alpar,2,red_dec,2021,0.19274906202328104,0.14435099065303802,-0.04839807137024302,0.15069472121820154,0.18092158436775208,0.03022686314955053,0.41441048335005426,0.47903910279273987,0.06462861944268561,0.04875417451177109,0.03692346066236496,-0.011830713849406128,0.05525473111334057,0.04269814118742943,-0.01255658992591114,0.1381368277833514,0.11606674641370773,-0.022070081369643668
13a8ddb1c3f55ed4,2021-09-18,UFC Fight Night: Smith vs. Spann,Arman Tsarukyan,Christos Giagos,0,red_ko_tko,2021,0.1926410834379078,0.21676987409591675,0.024128790658008936,0.18407925750733412,0.18794777989387512,0.0038685223865410068,0.4758644635561936,0.4986458718776703,0.02278140832147668,0.03601550690360885,0.0283675417304039,-0.00764796517320495,0.028564022716655296,0.01348915509879589,-0.015074867617859405,0.08283566587830037,0.054779715836048126,-0.02805595004225224
2d42742aade53799,2021-09-18,UFC Fight Night: Smith vs. Spann,Pannie Kianzad,Raquel Pennington,5,blue_dec,2021,0.09321810822506954,0.10576979070901871,0.012551682483949167,0.04935076317797799,0.0391935296356678,-0.010157233542310191,0.3050774451002276,0.3451991677284241,0.040121722628196466,0.06453561338658662,0.062133561819791794,-0.0024020515667948217,0.08831189200269746,0.05678397789597511,-0.03152791410672234,0.3995061781074409,0.390919953584671,-0.008586224522769859
401f5f4714132d50,2021-09-18,UFC Fight Night: Smith vs. Spann,Joaquin Buckley,Antonio Arroyo,0,red_ko_tko,2021,0.38762026196823923,0.3865325152873993,-0.0010877466808399405,0.04284223948070012,0.03866796940565109,-0.00417427007504903,0.16958386461110467,0.2497979700565338,0.08021410544542915,0.14800046366060043,0.11074618250131607,-0.037254281159284364,0.13566709168888372,0.09784505516290665,-0.03782203652597707,0.11628607859047177,0.11641032993793488,0.00012425134746310573
4b5f9b7c31d1205d,2021-09-18,UFC Fight Night: Smith vs. Spann,Ion Cutelaba,Devin Clark,2,red_dec,2021,0.43469217970049917,0.4111163020133972,-0.023575877687101954,0.043677204658901826,0.04129067808389664,-0.0023865265750051892,0.11855241264559067,0.14860594272613525,0.03005353008054458,0.11064891846921797,0.12185586243867874,0.011206943969460773,0.055324459234608984,0.03720143809914589,-0.018123021135463095,0.23710482529118135,0.23992972075939178,0.0028248954682104366
576b795e33ddd62d,2021-09-18,UFC Fight Night: Smith vs. Spann,Nate Maness,Tony Gravely,0,red_ko_tko,2021,0.07520586877839046,0.08132653683423996,0.006120668055849501,0.09191828406247722,0.09195034205913544,3.205799665821629e-05,0.19238710617727792,0.19934473931789398,0.006957633140616065,0.19238710617727792,0.18391084671020508,-0.008476259467072839,0.10340806957028688,0.06895837932825089,-0.034449690242035994,0.3446935652342896,0.37450918555259705,0.029815620318307423
d06495deb1ff1750,2021-09-18,UFC Fight Night: Smith vs. Spann,Mike Rodriguez,Tafon Nchukwi,5,blue_dec,2021,0.20632642779720015,0.19587476551532745,-0.010451662281872692,0.0485473947758118,0.04526572301983833,-0.0032816717559734643,0.22008152298368017,0.26266008615493774,0.04257856317125758,0.3114361174297361,0.26461121439933777,-0.046824903030398324,0.0485473947758118,0.040714330971241,-0.0078330638045708,0.16506114223776014,0.1908738762140274,0.025812733976267266
d1621b3da377f34b,2021-09-18,UFC Fight Night: Smith vs. Spann,Anthony Smith,Ryan Spann,1,red_sub,2021,0.24835115904671576,0.22963663935661316,-0.0187145196901026,0.18770727137251772,0.16551947593688965,-0.02218779543562807,0.14675295761851384,0.16601404547691345,0.01926108785839961,0.18770727137251772,0.22797808051109314,0.04027080913857542,0.13452354448363768,0.10656711459159851,-0.02795642989203917,0.0949577961060972,0.1042846068739891,0.009326810767891908
dc870fab1e0f15e1,2021-09-18,UFC Fight Night: Smith vs. Spann,Montel Jackson,JP Buys,2,red_dec,2021,0.40321717730142315,0.34167057275772095,-0.0615466045437022,0.16128687092056926,0.17625199258327484,0.014965121662705583,0.2560109062231258,0.3192037045955658,0.06319279837244002,0.0424439134001498,0.0347447507083416,-0.0076991626918082035,0.047437314976638015,0.05368698388338089,0.006249668906742875,0.08960381717809403,0.07444198429584503,-0.015161832882248996
eb10feae98ea7d36,2021-09-18,UFC Fight Night: Smith vs. Spann,Emily Whitmire,Hannah Goldy,4,blue_sub,2021,0.05565762129928018,0.044621821492910385,-0.011035799806369796,0.09276270216546696,0.06531784683465958,-0.027444855330807386,0.3794837815860012,0.43811413645744324,0.058630354871442025,0.10435803993615034,0.11294850707054138,0.008590467134391044,0.06957202662410022,0.04839340224862099,-0.021178624375479238,0.29816582838900096,0.29060429334640503,-0.007561535042595935
18f1b88d8977c216,2021-09-25,UFC 266: Volkanovski vs. Ortega,Alexander Volkanovski,Brian Ortega,2,red_dec,2021,0.22804762170923928,0.28403323888778687,0.05598561717854758,0.0469509809401375,0.037999652326107025,-0.008951328614030474,0.33256944832597396,0.3873215317726135,0.054752083446639566,0.09977083449779219,0.10206615179777145,0.0022953172999792687,0.1596333351964675,0.08996188640594482,-0.06967144879052267,0.13302777933038956,0.09861757606267929,-0.03441020326771027
7233b2a56438d77a,2021-09-25,UFC 266: Volkanovski vs. Ortega,Valentina Shevchenko,Lauren Murphy,0,red_ko_tko,2021,0.43471800129654575,0.4486593008041382,0.01394129950759243,0.1844258187318679,0.14448054134845734,-0.039945277383410555,0.2766387280978018,0.32434043288230896,0.04770170478450714,0.03191985324205406,0.034596558660268784,0.0026767054182147212,0.028617799458393295,0.011476829648017883,-0.01714096981037541,0.04367979917333713,0.036446359008550644,-0.007233440164786484
7484298ad57099be,2021-09-25,UFC 266: Volkanovski vs. Ortega,Jonathan Pearce,Omar Morales,1,red_sub,2021,0.16540662158729394,0.18387646973133087,0.018469848144036932,0.06891942566137246,0.04892069846391678,-0.019998727197455685,0.19233328091545804,0.30937883257865906,0.11704555166320102,0.19233328091545804,0.13678719103336334,-0.055546089882094696,0.06891942566137246,0.04313106834888458,-0.02578835731248788,0.31208796525904514,0.2779057025909424,-0.03418226266810276
7abc4520f63f2c06,2021-09-25,UFC 266: Volkanovski vs. Ortega,Uros Medic,Jalin Turner,4,blue_sub,2021,0.30697482216122085,0.25019124150276184,-0.05678358065845901,0.06257563682517193,0.06743386387825012,0.004858227053078187,0.16269665574544703,0.20913836359977722,0.04644170785433019,0.20337081968180878,0.20545221865177155,0.002081398969962761,0.10168540984090439,0.11318900436162949,0.011503594520725094,0.16269665574544703,0.15459533035755157,-0.008101325387895458
92e006a93f983fb5,2021-09-25,UFC 266: Volkanovski vs. Ortega,Nick Diaz,Robbie Lawler,3,blue_ko_tko,2021,0.11036228916111257,0.11723531782627106,0.006873028665158487,0.09196857430092714,0.1103210598230362,0.018352485522109052,0.22072457832222514,0.23823963105678558,0.017515052734560443,0.2904270767397699,0.2187362164258957,-0.07169086031387423,0.031835275719551706,0.018346646800637245,-0.013488628918914461,0.25468220575641365,0.2971211075782776,0.04243890182186394
b3c23fb2d71bba51,2021-09-25,UFC 266: Volkanovski vs. Ortega,Dan Hooker,Nasrat Haqparast,2,red_dec,2021,0.2557055063154319,0.21487008035182953,-0.040835425963602345,0.08310428955251536,0.07464365661144257,-0.008460632941072799,0.2557055063154319,0.26313847303390503,0.007432966718473155,0.18467619900558968,0.18282151222229004,-0.0018546867832996417,0.036132299805441456,0.02276204153895378,-0.013370258266487675,0.18467619900558968,0.24176423251628876,0.05708803351069908
bc276e0f07e30a54,2021-09-25,UFC 266: Volkanovski vs. Ortega,Marlon Moraes,Merab Dvalishvili,3,blue_ko_tko,2021,0.11518015357353809,0.07463133335113525,-0.04054882022240283,0.06202008269344359,0.03411054238677025,-0.027909540306673343,0.13437684583579443,0.11664421111345291,-0.017732634722341517,0.16125221500295334,0.1468423753976822,-0.014409839605271146,0.12404016538688718,0.12686212360858917,0.0028219582217019895,0.4031305375073833,0.5009093880653381,0.09777885055795482
d8189169b2c8a2aa,2021-09-25,UFC 266: Volkanovski vs. Ortega,Cody Brundage,Nick Maximov,5,blue_dec,2021,0.1548862937922557,0.14355269074440002,-0.01133360304785569,0.1290719114935464,0.1139405146241188,-0.015131396869427605,0.17209588199139522,0.22422844171524048,0.052132559723845256,0.1290719114935464,0.13582734763622284,0.00675543614267643,0.22126613398893671,0.15212789177894592,-0.06913824220999079,0.19360786724031964,0.23032313585281372,0.03671526861249408
e7bb37681652c2c2,2021-09-25,UFC 266: Volkanovski vs. Ortega,Roxanne Modafferi,Taila Santos,5,blue_dec,2021,0.03596648695990093,0.029602570459246635,-0.006363916500654293,0.06893576667314344,0.06585703045129776,-0.0030787362218456793,0.12726603078118792,0.1277286559343338,0.00046262515314587915,0.18382871112838253,0.12618866562843323,-0.057640045499949305,0.06893576667314344,0.05586330592632294,-0.013072460746820502,0.5150672377842416,0.5947597622871399,0.07969252450289832
f085f32bbb3220e1,2021-09-25,UFC 266: Volkanovski vs. Ortega,Shamil Abdurakhimov,Chris Daukaus,3,blue_ko_tko,2021,0.148624570857416,0.12752091884613037,-0.02110365201128564,0.043022902090304634,0.033955417573451996,-0.009067484516852638,0.16348702794315761,0.1690807044506073,0.005593676507449685,0.40871756985789404,0.41138502955436707,0.002667459696473029,0.05449567598105254,0.03811550512909889,-0.016380170851953646,0.18165225327017512,0.21994248032569885,0.038290227055523735
f4a2806f77ac1cdc,2021-09-25,UFC 266: Volkanovski vs. Ortega,Jessica Andrade,Cynthia Calvillo,0,red_ko_tko,2021,0.2533504435641355,0.29077041149139404,0.037419967927258546,0.07485354014394911,0.039524395018815994,-0.03532914512513312,0.34307872565976677,0.3866780698299408,0.043599344170174026,0.05489259610556268,0.05574408918619156,0.0008514930806288803,0.08233889415834403,0.061839621514081955,-0.020499272644262073,0.19148580036824192,0.16544339060783386,-0.02604240976040806
f4df74046a1c4364,2021-09-25,UFC 266: Volkanovski vs. Ortega,Curtis Blaydes,Jairzinho Rozenstruik,2,red_dec,2021,0.36444312971453935,0.34732621908187866,-0.017116910632660687,0.0745451856234285,0.05158209428191185,-0.022963091341516653,0.29285608637775484,0.36820682883262634,0.0753507424548715,0.17083271705369033,0.15544122457504272,-0.0153914924786476,0.02277769560715871,0.009187287651002407,-0.013590407956156302,0.0745451856234285,0.06825633347034454,-0.00628885215308396
16d31775a8dcb31d,2021-10-02,UFC Fight Night: Santos vs. Walker,Bethe Correia,Karol Rosa,5,blue_dec,2021,0.04775377941427278,0.033985450863838196,-0.013768328550434583,0.031223625001639898,0.02427903190255165,-0.006944593099088247,0.10147678125532966,0.10693331062793732,0.005456529372607655,0.16236285000852746,0.163894921541214,0.0015320715326865297,0.11597346429180531,0.08922542631626129,-0.026748037975544023,0.5412095000284248,0.5816818475723267,0.04047234754390183
37c484012ef24a5b,2021-10-02,UFC Fight Night: Santos vs. Walker,Thiago Santos,Johnny Walker,2,red_dec,2021,0.4346968533611344,0.3941344916820526,-0.04056236167908178,0.039517895760103124,0.03172825649380684,-0.007789639266296285,0.09220842344024062,0.11456730216741562,0.022358878727175,0.30177302216806023,0.3255097270011902,0.02373670483312995,0.04881622417424504,0.0408974289894104,-0.00791879518483464,0.08298758109621657,0.09316280484199524,0.010175223745778672
3b7eb8e56052a2af,2021-10-02,UFC Fight Night: Santos vs. Walker,Joe Solecki,Jared Gordon,5,blue_dec,2021,0.08126962372989885,0.09389211237430573,0.012622488644406876,0.1625392474597977,0.1728043258190155,0.010265078359217805,0.3066778253958447,0.3338378071784973,0.02715998178265261,0.11609946247128405,0.14228783547878265,0.0261883730074986,0.06251509517684527,0.030773628503084183,-0.031741466673761085,0.27089874576632944,0.22640427947044373,-0.044494466295885715
5f444eac11e55161,2021-10-02,UFC Fight Night: Santos vs. Walker,Douglas Silva de Andrade,Gaetano Pirrello,0,red_ko_tko,2021,0.3288609533019058,0.31472089886665344,-0.014140054435252347,0.05481015888365096,0.04132827743887901,-0.01348188144477195,0.3102461823602885,0.32427167892456055,0.014025496564272044,0.11745034046496634,0.10879508405923843,-0.00865525640572791,0.03915011348832211,0.03512111306190491,-0.004029000426417205,0.14948225150086628,0.17576293647289276,0.026280684972026486
6832e9e62da0f9d3,2021-10-02,UFC Fight Night: Santos vs. Walker,Antonina Shevchenko,Casey O'Neill,3,blue_ko_tko,2021,0.07478388378318472,0.062017153948545456,-0.012766729834639265,0.048389571859707756,0.04322376474738121,-0.005165807112326545,0.20565568040375798,0.21619266271591187,0.010536982312153886,0.20565568040375798,0.16650956869125366,-0.03914611171250432,0.1913076096779144,0.14202912151813507,-0.04927848815977934,0.27420757387167727,0.37002769112586975,0.09582011725419248
9c33c8d4a381ba70,2021-10-02,UFC Fight Night: Santos vs. Walker,Alex Oliveira,Niko Price,5,blue_dec,2021,0.12602434561222053,0.14606663584709167,0.02004229023487114,0.10239478080992918,0.11153780668973923,0.009143025879810043,0.14893786299626063,0.15619926154613495,0.007261398549874315,0.3723446574906516,0.3929300606250763,0.020585403134424696,0.06826318720661946,0.04708492010831833,-0.021178267098301132,0.18203516588431856,0.14618130028247833,-0.03585386560184023
a00b4e82f9d4f92c,2021-10-02,UFC Fight Night: Santos vs. Walker,Alexander Hernandez,Mike Breeden,0,red_ko_tko,2021,0.39108793552974636,0.4056823253631592,0.014594389833412824,0.13688077743541124,0.0869072824716568,-0.049973494963754445,0.29864896894998816,0.35893556475639343,0.060286595806405274,0.06844038871770562,0.06364578753709793,-0.004794601180607691,0.02281346290590187,0.010721233673393726,-0.012092229232508144,0.08212846646124675,0.07410787045955658,-0.008020596001690167
c1e5859053263811,2021-10-02,UFC Fight Night: Santos vs. Walker,Stephanie Egger,Shanna Young,0,red_ko_tko,2021,0.09127756678262534,0.08100833743810654,-0.010269229344518807,0.1493632910988415,0.1368897557258606,-0.012473535372980904,0.3422908754348451,0.41164475679397583,0.06935388135913073,0.08214981010436283,0.0921359658241272,0.00998615571976437,0.08214981010436283,0.054868005216121674,-0.027281804888241154,0.2527686464749625,0.22345319390296936,-0.02931545257199314
dba710edbc3c29ff,2021-10-02,UFC Fight Night: Santos vs. Walker,Misha Cirkunov,Krzysztof Jotko,5,blue_dec,2021,0.11450735566819137,0.10015904158353806,-0.014348314084653313,0.21374706391395723,0.16166982054710388,-0.05207724336685335,0.1233156137965138,0.16292332112789154,0.03960770733137774,0.2812461367288911,0.3374316394329071,0.05618550270401601,0.05343676597848931,0.03204050660133362,-0.02139625937715569,0.21374706391395723,0.205775648355484,-0.007971415558473222
dfa2f5c821a52c63,2021-10-02,UFC Fight Night: Santos vs. Walker,Devonte Smith,Jamie Mullarkey,3,blue_ko_tko,2021,0.3440057185366198,0.3075016140937805,-0.0365041044428393,0.03931493926132798,0.02681809477508068,-0.0124968444862473,0.1920031917413692,0.21974879503250122,0.027745603291132015,0.1920031917413692,0.2354547083377838,0.04345151659641461,0.08256137244878876,0.05941801890730858,-0.023143353541480186,0.150111586270525,0.15105877816677094,0.0009471918962459247
e7423a91a253b416,2021-10-02,UFC Fight Night: Santos vs. Walker,Alejandro Perez,Johnny Eduardo,1,red_sub,2021,0.3476776913182461,0.3254643976688385,-0.022213293649407606,0.1066211586709288,0.08206377178430557,-0.024557386886623234,0.22847391143770457,0.25994613766670227,0.0314722262289977,0.1230244138510717,0.18464921414852142,0.061624800297449725,0.0799658690031966,0.03981989622116089,-0.040145972782035716,0.11423695571885228,0.10805661231279373,-0.006180343406058553
149d6b90f33634a4,2021-10-09,UFC Fight Night: Dern vs. Rodriguez,Mackenzie Dern,Marina Rodriguez,5,blue_dec,2021,0.0617447209600045,0.06768036633729935,0.0059356453772948445,0.4013406862400292,0.40669775009155273,0.005357063851523514,0.14594206772364698,0.19333097338676453,0.04738890566311754,0.191114612495252,0.1755850613117218,-0.015529551183530194,0.03087236048000225,0.01874297671020031,-0.012129383769801941,0.16898555210106492,0.13796286284923553,-0.031022689251829383
20f19439e9b100b0,2021-10-09,UFC Fight Night: Dern vs. Rodriguez,Tim Elliott,Matheus Nicolau,5,blue_dec,2021,0.061435080938281234,0.06184682250022888,0.0004117415619476483,0.11409372174252227,0.12085974216461182,0.0067660204220895415,0.21297494725270827,0.2451903223991394,0.032215375146431136,0.08873956135529511,0.10566485673189163,0.016925295376596525,0.1597312104395312,0.10024159401655197,-0.05948961642297923,0.3630254782716618,0.3661966919898987,0.003171213718236865
38957d8eb185391c,2021-10-09,UFC Fight Night: Dern vs. Rodriguez,Sabina Mazo,Mariya Agapova,4,blue_sub,2021,0.17548682446268382,0.1667204052209854,-0.008766419241698409,0.07896907100820773,0.09106772392988205,0.012098652921674322,0.34334378699220747,0.34038135409355164,-0.0029624328986558313,0.09871133876025966,0.0714818686246872,-0.02722947013557246,0.09290478942142084,0.06010635942220688,-0.032798429999213966,0.21058418935522058,0.27024224400520325,0.05965805464998267
6101249c2cdd1493,2021-10-09,UFC Fight Night: Dern vs. Rodriguez,Chris Gutierrez,Felipe Colares,2,red_dec,2021,0.18109656957988912,0.17458662390708923,-0.006509945672799888,0.078414814628092,0.04836011677980423,-0.030054697848287765,0.41074426709952955,0.46368876099586487,0.05294449389633532,0.052276543085394665,0.048327889293432236,-0.0039486537919624295,0.12063817635091077,0.11743583530187607,-0.0032023410490347043,0.156829629256184,0.14760074019432068,-0.00922888906186331
777c65184aa63894,2021-10-09,UFC Fight Night: Dern vs. Rodriguez,Alexandr Romanov,Jared Vanderaa,0,red_ko_tko,2021,0.29755368364375734,0.3123377859592438,0.014784102315486436,0.3260692449929508,0.28207510709762573,-0.04399413789532508,0.1565132375966164,0.18462568521499634,0.028112447618379943,0.10434215839774426,0.1188005805015564,0.014458422103812138,0.03726505657062295,0.025045817717909813,-0.012219238852713137,0.0782566187983082,0.07711503654718399,-0.0011415822511242069
d5ffdb5388ffabc6,2021-10-09,UFC Fight Night: Dern vs. Rodriguez,Randy Brown,Jared Gooden,2,red_dec,2021,0.2632245001265502,0.22676047682762146,-0.03646402329892873,0.15793470007593013,0.13736481964588165,-0.02056988043004848,0.2467729688686408,0.29077214002609253,0.04399917115745172,0.15793470007593013,0.17017538845539093,0.012240688379460796,0.05264490002531004,0.06044399365782738,0.007799093632517337,0.12148823082763856,0.11448318511247635,-0.007005045715162209
ddb927b0dfcfac2a,2021-10-09,UFC Fight Night: Dern vs. Rodriguez,Steve Garcia,Charlie Ontiveros,0,red_ko_tko,2021,0.4098382011932989,0.4411677122116089,0.03132951101831,0.07824183840962978,0.08442626148462296,0.006184423074993173,0.20864490242567943,0.20541232824325562,-0.003232574182423814,0.11177405487089968,0.11804553866386414,0.006271483792964452,0.07112894400875434,0.04780628904700279,-0.02332265496175155,0.12037205909173813,0.10314188152551651,-0.017230177566221624
df16b9c2fc9722e9,2021-10-09,UFC Fight Night: Dern vs. Rodriguez,Charles Rosa,Damon Jackson,5,blue_dec,2021,0.07962085308056872,0.07878893613815308,-0.0008319169424156475,0.11374407582938388,0.11640849709510803,0.002664421265724151,0.1990521327014218,0.21246665716171265,0.013414524460290844,0.0995260663507109,0.12054626643657684,0.021020200085865942,0.1895734597156398,0.14038728177547455,-0.04918617794016525,0.3184834123222749,0.33140239119529724,0.012918978873022346
188b63ec6ee1c1c9,2021-10-16,UFC Fight Night: Ladd vs. Dumont,Andrei Arlovski,Carlos Felipe,2,red_dec,2021,0.11752506049083994,0.09225913882255554,-0.025265921668284397,0.039175020163613315,0.02716725692152977,-0.012007763242083545,0.3427814264316165,0.3714892864227295,0.02870785999111297,0.21938011291623458,0.2501055598258972,0.03072544690966264,0.039175020163613315,0.02677452191710472,-0.012400498246508594,0.24196335983408226,0.23220421373844147,-0.009759146095640797
330e67abac6e5ce7,2021-10-16,UFC Fight Night: Ladd vs. Dumont,Aspen Ladd,Norma Dumont,5,blue_dec,2021,0.25023979056410023,0.22371505200862885,-0.026524738555471383,0.11618275990476082,0.09667350351810455,-0.019509256386656265,0.18072873762962793,0.20581099390983582,0.025082256280207882,0.14786896715151376,0.1878192275762558,0.039950260424742035,0.10165991491666572,0.06168311461806297,-0.03997680029860275,0.20331982983333144,0.2242981195449829,0.02097828971165147
814d481e79e9a525,2021-10-16,UFC Fight Night: Ladd vs. Dumont,Istela Nunes,Ariane Carnelossi,4,blue_sub,2021,0.12727857110060148,0.10255351662635803,-0.024725054474243446,0.06363928555030074,0.07280673831701279,0.009167452766712048,0.25455714220120296,0.26366230845451355,0.009105166253310593,0.183846824923091,0.15515096485614777,-0.028695860066943246,0.07521006474126452,0.05778254196047783,-0.017427522780786686,0.29546811148353913,0.3480439782142639,0.052575866730724785
a2e1116a9fe84aa9,2021-10-16,UFC Fight Night: Ladd vs. Dumont,Nate Landwehr,Ludovit Klein,1,red_sub,2021,0.10200333533934701,0.08743356168270111,-0.014569773656645899,0.028138851128095724,0.030461981892585754,0.00232313076449003,0.125542566571504,0.15055055916309357,0.025007992591589562,0.4451054632989687,0.3824467062950134,-0.06265875700395529,0.08160266827147761,0.07544174790382385,-0.006160920367653755,0.21760711539060695,0.2736653983592987,0.05605828296869175
b193e2317b21125c,2021-10-16,UFC Fight Night: Ladd vs. Dumont,Manon Fiorot,Mayra Bueno Silva,2,red_dec,2021,0.309433160920412,0.30339542031288147,-0.0060377406075305395,0.04823516920229951,0.045216724276542664,-0.0030184449257568483,0.34166578184962154,0.42330750823020935,0.08164172638058781,0.054666525095939444,0.053245529532432556,-0.0014209955635068883,0.08199978764390918,0.049320075660943985,-0.032679711982965196,0.16399957528781836,0.12551473081111908,-0.03848484447669928
be8bee783d22bee2,2021-10-16,UFC Fight Night: Ladd vs. Dumont,Loopy Godinez,Luana Carolina,5,blue_dec,2021,0.1642262417456216,0.1653946489095688,0.0011684071639471993,0.1642262417456216,0.15785473585128784,-0.0063715058943337455,0.3284524834912432,0.36484941840171814,0.036396934910474965,0.07464829170255526,0.08629792183637619,0.011649630133820935,0.06316393913293138,0.03948796167969704,-0.02367597745323434,0.20528280218202696,0.1861153095960617,-0.019167492585965257
cf020c71f1dbfa0b,2021-10-16,UFC Fight Night: Ladd vs. Dumont,Batgerel Danaa,Brandon Davis,0,red_ko_tko,2021,0.2197555392389755,0.20100317895412445,-0.018752360284851055,0.054938884809743876,0.05447586998343468,-0.0004630148263091993,0.31097481967779556,0.38583698868751526,0.0748621690097197,0.10301040901826977,0.08395609259605408,-0.019054316422215695,0.09156480801623978,0.06696206331253052,-0.024602744703709267,0.2197555392389755,0.20776577293872833,-0.011989766300247173
d9ca00b3c62a874d,2021-10-16,UFC Fight Night: Ladd vs. Dumont,Jim Miller,Erick Gonzalez,0,red_ko_tko,2021,0.09126863976988872,0.09669964015483856,0.005431000384949841,0.30996896525622586,0.1946328580379486,-0.11533610721827725,0.2933634849746423,0.3938385844230652,0.10047509944842287,0.10952236772386648,0.11580441892147064,0.006282051197604166,0.03159299068957687,0.02788875624537468,-0.0037042344442021896,0.16428355158579971,0.17113573849201202,0.00685218690621231
e3881a6895be3e9e,2021-10-16,UFC Fight Night: Ladd vs. Dumont,Danny Roberts,Ramazan Emeev,2,red_dec,2021,0.11327231121281464,0.08851321041584015,-0.024759100796974493,0.03775743707093821,0.025120219215750694,-0.012637217855187517,0.11327231121281464,0.10707515478134155,-0.006197156431473089,0.14416475972540047,0.10302343964576721,-0.04114132007963325,0.17620137299771166,0.22368663549423218,0.04748526249652052,0.41533180778032036,0.45258134603500366,0.0372495382546833
fefa96b6d939ffea,2021-10-16,UFC Fight Night: Ladd vs. Dumont,Andrew Sanchez,Bruno Silva,3,blue_ko_tko,2021,0.11770193151887619,0.11737879365682602,-0.0003231378620501685,0.07490122914837577,0.05310164764523506,-0.021799581503140708,0.2197102721685689,0.26930391788482666,0.04959364571625777,0.3745061457418788,0.3263101577758789,-0.04819598796599989,0.06337796312554873,0.041327103972435,-0.022050859153113736,0.14980245829675154,0.19257837533950806,0.04277591704275652
587d373f18f6c8c0,2021-10-23,UFC Fight Night: Costa vs. Vettori,Francisco Trinaldo,Dwight Grant,2,red_dec,2021,0.18046472290878335,0.15544623136520386,-0.02501849154357949,0.09023236145439167,0.08288741856813431,-0.007344942886257366,0.2900325903891161,0.3346092402935028,0.0445766499043867,0.1691856777269844,0.12908419966697693,-0.04010147806000747,0.031234278964981738,0.01903061755001545,-0.012203661414966288,0.23885036855574268,0.278942346572876,0.040091978017133295
61d9eff5fa4c8578,2021-10-23,UFC Fight Night: Costa vs. Vettori,Livinha Souza,Randa Markos,5,blue_dec,2021,0.0910968399015475,0.0860469788312912,-0.0050498610702563035,0.1171245084448468,0.1076425090432167,-0.009481999401630095,0.32794862364557104,0.42196229100227356,0.09401366735670252,0.039041502814948933,0.04909881204366684,0.010057309228717906,0.06832262992616063,0.03117428719997406,-0.03714834272618657,0.356465895266925,0.30407512187957764,-0.05239077338734738
69167b996ce7a7e4,2021-10-23,UFC Fight Night: Costa vs. Vettori,Jessica-Rose Clark,Joselyne Edwards,2,red_dec,2021,0.12671594508975714,0.09716401249170303,-0.02955193259805411,0.06863780359028511,0.057303592562675476,-0.011334211027609634,0.4118268215417107,0.46400997042655945,0.05218314888484876,0.05491024287222809,0.0531461276113987,-0.0017641152608293964,0.06335797254487857,0.05214584246277809,-0.01121213008210048,0.27455121436114044,0.27623045444488525,0.0016792400837448151
6d7eecf4acecda2a,2021-10-23,UFC Fight Night: Costa vs. Vettori,Khama Worthy,Jai Herbert,3,blue_ko_tko,2021,0.2137219186399514,0.22719010710716248,0.013468188467211067,0.06678809957498481,0.051238976418972015,-0.015549123156012798,0.10018214936247723,0.10607370734214783,0.0058915579796706,0.4007285974499089,0.408695787191391,0.007967189741482084,0.07285974499089252,0.04707251489162445,-0.025787230099268074,0.14571948998178505,0.15972889959812164,0.014009409616336593
7151ae256e6c181b,2021-10-23,UFC Fight Night: Costa vs. Vettori,Jonathan Martinez,Zviad Lazishvili,2,red_dec,2021,0.18064516129032257,0.19735807180404663,0.01671291051372406,0.08129032258064516,0.06534397602081299,-0.015946346559832167,0.23225806451612901,0.2598838210105896,0.027625756494460585,0.10838709677419354,0.1096588596701622,0.001271762895968656,0.2167741935483871,0.1304510086774826,-0.08632318487090448,0.18064516129032257,0.237304225564003,0.05665906427368042
85f920746c58d0a6,2021-10-23,UFC Fight Night: Costa vs. Vettori,Jamie Pickett,Laureano Staropoli,2,red_dec,2021,0.12515520238390862,0.1200818344950676,-0.005073367888841024,0.038738515023590755,0.03652610629796982,-0.0022124087256209374,0.18077973677675688,0.22819072008132935,0.04741098330457247,0.18077973677675688,0.16338151693344116,-0.017398219843315715,0.06779240129128383,0.05401001125574112,-0.013782390035542713,0.406754407747703,0.39780983328819275,-0.008944574459510246
860be3cc82895177,2021-10-23,UFC Fight Night: Costa vs. Vettori,Paulo Costa,Marvin Vettori,5,blue_dec,2021,0.2085455286209004,0.15015578269958496,-0.058389745921315434,0.032083927480138524,0.019644055515527725,-0.0124398719646108,0.11916887349765737,0.13942718505859375,0.020258311560936382,0.16683642289672032,0.16943861544132233,0.0026021925446020056,0.2085455286209004,0.19129221141338348,-0.01725331720751691,0.26481971888368305,0.33004212379455566,0.06522240491087261
88256dd5a9aef1cc,2021-10-23,UFC Fight Night: Costa vs. Vettori,JunYong Park,Gregory Rodrigues,3,blue_ko_tko,2021,0.11592766906118405,0.11467185616493225,-0.001255812896251804,0.06762447361902403,0.041666872799396515,-0.025957600819627516,0.24969036413178108,0.28833577036857605,0.038645406236794966,0.18033192965073075,0.17733022570610046,-0.003001703944630285,0.11592766906118405,0.07565789669752121,-0.040269772363662845,0.2704978944760961,0.3023373484611511,0.031839453985055
98842f17dfe4b4ef,2021-10-23,UFC Fight Night: Costa vs. Vettori,Alex Caceres,SeungWoo Choi,1,red_sub,2021,0.08224467997699449,0.0848289430141449,0.002584263037150411,0.06326513844384192,0.04455903545022011,-0.018706102993621812,0.1495357817763536,0.1698600798845291,0.020324298108175515,0.21931914660531862,0.2795145809650421,0.06019543435972349,0.054829786651329655,0.03358452394604683,-0.021245262705282826,0.4308054665461616,0.3876528739929199,-0.043152592553241664
acec5f4c6fee1ae2,2021-10-23,UFC Fight Night: Costa vs. Vettori,Jeff Molina,Daniel Lacerda,0,red_ko_tko,2021,0.16127061698228468,0.16707834601402283,0.005807729031738151,0.10079413561392792,0.07992362976074219,-0.020870505853185728,0.32254123396456935,0.3695155680179596,0.04697433405339024,0.13439218081857054,0.13140039145946503,-0.002991789359105518,0.14660965180207697,0.10139463096857071,-0.04521502083350626,0.13439218081857054,0.15068742632865906,0.016295245510088513
d44d735e5079bfb8,2021-10-23,UFC Fight Night: Costa vs. Vettori,Mason Jones,David Onama,2,red_dec,2021,0.42249140866752716,0.443045437335968,0.02055402866844086,0.12408838576249048,0.11574278771877289,-0.008345598043717595,0.21508653532165017,0.22962263226509094,0.014536096943440768,0.11522492963659829,0.10277818143367767,-0.012446748202920618,0.04245128986611516,0.02675720490515232,-0.01569408496096284,0.08065745074561882,0.08205379545688629,0.0013963447112674693
e078d18fa9ed100d,2021-10-23,UFC Fight Night: Costa vs. Vettori,Nicolae Negumereanu,Ike Villanueva,0,red_ko_tko,2021,0.29325612812023943,0.31704261898994446,0.023786490869705024,0.2052792896841676,0.21682004630565643,0.011540756621488846,0.19095747877596986,0.22932113707065582,0.038363658294685965,0.19095747877596986,0.13551537692546844,-0.05544210185050141,0.028314384784023115,0.016475442796945572,-0.011838941987077543,0.09123523985963004,0.08482539653778076,-0.006409843321849282
13e3e41e0c6f4e04,2021-10-30,UFC 267: Blachowicz vs. Teixeira,Alexander Volkov,Marcin Tybura,2,red_dec,2021,0.3543384772321394,0.3759896159172058,0.021651138685066407,0.07408895433035642,0.05963711440563202,-0.014451839924724402,0.2910637491549717,0.301626056432724,0.010562307277752314,0.09587982325104949,0.09062238782644272,-0.005257435424606771,0.0428936051386274,0.022137800231575966,-0.020755804907051437,0.14173539089285578,0.14998705685138702,0.008251665958531246
156f2425a937b22f,2021-10-30,UFC 267: Blachowicz vs. Teixeira,Makwan Amirkhani,Lerone Murphy,3,blue_ko_tko,2021,0.05482235377781061,0.038256023079156876,-0.016566330698653736,0.11747647238102274,0.07726634293794632,-0.04021012944307642,0.13705588444452652,0.14260882139205933,0.0055529369475328105,0.31031521006307894,0.35812297463417053,0.04780776457109159,0.05139595666669745,0.02366388589143753,-0.027732070775259916,0.32893412266686367,0.3600819408893585,0.03114781822249485
18edff5447989b3f,2021-10-30,UFC 267: Blachowicz vs. Teixeira,Petr Yan,Cory Sandhagen,2,red_dec,2021,0.27106563517676074,0.27512887120246887,0.004063236025708128,0.07392699141184383,0.05578409880399704,-0.018142892607846794,0.3068667568038801,0.31192249059677124,0.005055733792891148,0.11617098650432603,0.11878615617752075,0.0026151696731947227,0.06255360811771402,0.03990405425429344,-0.022649553863420574,0.16941602198547548,0.19847430288791656,0.029058280902441086
41cdfea7df63003f,2021-10-30,UFC 267: Blachowicz vs. Teixeira,Ricardo Ramos,Zubaira Tukhugov,5,blue_dec,2021,0.06309928858645221,0.07469750940799713,0.011598220821544922,0.13671512527064644,0.11008036881685257,-0.026634756453793873,0.20507268790596966,0.2692210376262665,0.06414834972029682,0.20507268790596966,0.20251332223415375,-0.0025593656718159163,0.0482523971543458,0.031071366742253304,-0.0171810304120925,0.3417878131766161,0.3124163746833801,-0.02937143849323598
58b19ba734fe93a3,2021-10-30,UFC 267: Blachowicz vs. Teixeira,Magomed Ankalaev,Volkan Oezdemir,2,red_dec,2021,0.3965392934390771,0.4164241552352905,0.019884861796213404,0.0555155010814708,0.036173176020383835,-0.019342325061086962,0.26435952895938475,0.2967812120914459,0.032421683132061174,0.1514059120403749,0.16026894748210907,0.008863035441734168,0.03965392934390771,0.023241594433784485,-0.016412334910123227,0.09252583513578466,0.06711094826459885,-0.025414886871185816
5ad4c0eae7512878,2021-10-30,UFC 267: Blachowicz vs. Teixeira,Islam Makhachev,Dan Hooker,1,red_sub,2021,0.11681727778741807,0.11303878575563431,-0.0037784920317837645,0.24050616015056664,0.16173499822616577,-0.07877116192440087,0.44602960609741443,0.5554815530776978,0.10945194698028332,0.07433826768290241,0.08695635944604874,0.012618091763146322,0.031450805558151024,0.015950409695506096,-0.015500395862644928,0.09085788272354739,0.06683788448572159,-0.0240199982378258
6163c18411aca830,2021-10-30,UFC 267: Blachowicz vs. Teixeira,Tagir Ulanbekov,Allan Nascimento,2,red_dec,2021,0.1326039608975333,0.13951224088668823,0.006908279989154942,0.19890594134629996,0.16791191697120667,-0.0309940243750933,0.4167553056779618,0.4787708520889282,0.062015546410966405,0.046801397963835284,0.042162127792835236,-0.004639270171000048,0.07232943321683635,0.03472323715686798,-0.03760619605996837,0.1326039608975333,0.13691967725753784,0.004315716360004551
768c86e307295944,2021-10-30,UFC 267: Blachowicz vs. Teixeira,Albert Duraev,Roman Kopylov,2,red_dec,2021,0.18101372979550806,0.13929447531700134,-0.04171925447850672,0.35415729742599406,0.4278043806552887,0.07364708322929464,0.21721647575460967,0.21109387278556824,-0.006122602969041435,0.09583079812703368,0.09430447965860367,-0.0015263184684300157,0.035415729742599406,0.025925705209374428,-0.009490024533224978,0.11636596915425518,0.10157711803913116,-0.014788851115124013
919fb76d2f3e5827,2021-10-30,UFC 267: Blachowicz vs. Teixeira,Jan Blachowicz,Glover Teixeira,4,blue_sub,2021,0.387634290725718,0.4147947430610657,0.027160452335347696,0.06261784696338522,0.05883971229195595,-0.0037781346714292757,0.2504713878535409,0.2946334481239319,0.04416206027039099,0.10175400131550098,0.09511495381593704,-0.006639047499563941,0.09576847182635387,0.05333050712943077,-0.0424379646969231,0.10175400131550098,0.08328662067651749,-0.018467380638983497
92c49cb075f612d7,2021-10-30,UFC 267: Blachowicz vs. Teixeira,Shamil Gamzatov,Michal Oleksiejczuk,3,blue_ko_tko,2021,0.13286192780052103,0.13982346653938293,0.0069615387388619054,0.13286192780052103,0.13128015398979187,-0.001581773810729159,0.2847041310011165,0.28657758235931396,0.0018734513581974421,0.17714923706736135,0.17305751144886017,-0.004091725618501185,0.037960550800148866,0.025637585669755936,-0.01232296513039293,0.23446222553033125,0.24362368881702423,0.009161463286692983
987cdcbc809e210d,2021-10-30,UFC 267: Blachowicz vs. Teixeira,Li Jingliang,Khamzat Chimaev,4,blue_sub,2021,0.09034051424600416,0.07683180272579193,-0.013508711520212227,0.02258512856150104,0.017046550288796425,-0.005538578272704615,0.08130646282140375,0.07971172779798508,-0.0015947350234186697,0.3387769284225156,0.3146778345108032,-0.024099093911712388,0.2501737317581654,0.2181512713432312,-0.03202246041493417,0.21681723419041,0.2935808300971985,0.0767635959067885
d84968d7e9fcb4f3,2021-10-30,UFC 267: Blachowicz vs. Teixeira,Amanda Ribas,Virna Jandiroba,2,red_dec,2021,0.11541824540950159,0.11322958022356033,-0.002188665185941255,0.08976974642961234,0.06140229105949402,-0.028367455370118325,0.4039638589332556,0.5045174956321716,0.10055363669891604,0.07344797435150102,0.08453844487667084,0.011090470525169815,0.11541824540950159,0.06496839225292206,-0.05044985315657953,0.2019819294666278,0.17134375870227814,-0.03063817076434966
efc6af0151f72b87,2021-10-30,UFC 267: Blachowicz vs. Teixeira,Elizeu Zaleski dos Santos,Benoit Saint Denis,2,red_dec,2021,0.38028375018282873,0.3900543749332428,0.00977062475041407,0.07985958753839403,0.04821717366576195,-0.031642413872632086,0.21295890010238408,0.22673404216766357,0.013775142065279494,0.0614304519526108,0.06318505108356476,0.0017545991309539585,0.14260640631856078,0.13098877668380737,-0.011617629634753407,0.1228609039052216,0.14082060754299164,0.01795970363777004
095a351dd6f09f7e,2021-11-06,UFC 268: Usman vs. Covington 2,Edmen Shahbazyan,Nassourdine Imavov,3,blue_ko_tko,2021,0.21318867495528054,0.1851242482662201,-0.02806442668906045,0.07267795737111836,0.04933725297451019,-0.023340704396608167,0.18592035606565163,0.2319423407316208,0.04602198466596916,0.22841643745208629,0.26067379117012024,0.032257353718033954,0.09993219138528775,0.055986374616622925,-0.043945816768664825,0.1998643827705755,0.21693599224090576,0.017071609470330262
19722043e7eb4e39,2021-11-06,UFC 268: Usman vs. Covington 2,Rose Namajunas,Zhang Weili,2,red_dec,2021,0.17782909930715937,0.1782946139574051,0.0004655146502457186,0.1143187066974596,0.08842513710260391,-0.025893569594855684,0.17782909930715937,0.20878012478351593,0.03095102547635656,0.2286374133949192,0.2797907888889313,0.05115337549401208,0.07274826789838339,0.04820321872830391,-0.024545049170079478,0.2286374133949192,0.19650612771511078,-0.03213128567980841
31b3ae9352d9389b,2021-11-06,UFC 268: Usman vs. Covington 2,Kamaru Usman,Colby Covington,2,red_dec,2021,0.32716650438169426,0.30726146697998047,-0.019905037401713788,0.06815968841285296,0.07297492027282715,0.004815231859974192,0.32716650438169426,0.35631629824638367,0.02914979386468941,0.10223953261927944,0.08833615481853485,-0.01390337780074459,0.03894839337877312,0.022568892687559128,-0.016379500691213994,0.1363193768257059,0.15254229307174683,0.016222916246040914
385101e8ad828c39,2021-11-06,UFC 268: Usman vs. Covington 2,Alex Pereira,Andreas Michailidis,0,red_ko_tko,2021,0.4747150603076242,0.42953282594680786,-0.045182234360816365,0.06356583428620609,0.07533001899719238,0.011764184710986295,0.15024651740375985,0.1744571030139923,0.024210585610232455,0.11018077942942388,0.09145792573690414,-0.018722853692519734,0.06356583428620609,0.05451400950551033,-0.009051824780695758,0.13772597428677985,0.17470808327198029,0.036982108985200435
73d541adc2909dc8,2021-11-06,UFC 268: Usman vs. Covington 2,Melsik Baghdasaryan,Bruno Souza,2,red_dec,2021,0.3736555525408336,0.3299977779388428,-0.04365777460199083,0.0685035179658195,0.06628569215536118,-0.002217825810458318,0.3288168862359336,0.38961920142173767,0.06080231518580409,0.06323401658383339,0.05847897008061409,-0.0047550465032192984,0.04835542444646082,0.03199075162410736,-0.01636467282235346,0.11743460222711913,0.12362761050462723,0.0061930082775081
8081cb92f71401c6,2021-11-06,UFC 268: Usman vs. Covington 2,CJ Vergara,Ode Osbourne,5,blue_dec,2021,0.1960264797447097,0.157838836312294,-0.03818764343241568,0.030493007960288174,0.027021100744605064,-0.00347190721568311,0.13721853582129678,0.15230444073677063,0.015085904915473847,0.19146772440180948,0.20628288388252258,0.014815159480713103,0.2533265276700864,0.2551475763320923,0.0018210486620058863,0.19146772440180948,0.20140515267848969,0.009937428276680205
88cc78d2d5d6bcaa,2021-11-06,UFC 268: Usman vs. Covington 2,Dustin Jacoby,John Allan,2,red_dec,2021,0.38832315003394435,0.3286321461200714,-0.05969100391387294,0.06272912423625256,0.061212144792079926,-0.0015169794441726309,0.29653767820773935,0.39094313979148865,0.0944054615837493,0.08154786150712832,0.06621111184358597,-0.015336749663542357,0.05436524100475221,0.0390436053276062,-0.015321635677146006,0.1164969450101833,0.11395782232284546,-0.002539122687337844
999a0fad4c82148d,2021-11-06,UFC 268: Usman vs. Covington 2,Justin Gaethje,Michael Chandler,2,red_dec,2021,0.44776119402985076,0.45025649666786194,0.0024953026380111765,0.05472636815920399,0.04409421980381012,-0.010632148355393868,0.13681592039800997,0.1574113517999649,0.02059543140195494,0.1492537313432836,0.14532308280467987,-0.003930648538603726,0.0746268656716418,0.046211712062358856,-0.028415153609282942,0.13681592039800997,0.1567031294107437,0.019887209012733748
a260238fdb9c47cf,2021-11-06,UFC 268: Usman vs. Covington 2,Shane Burgos,Billy Quarantillo,2,red_dec,2021,0.2364066193853428,0.2164527326822281,-0.01995388670311471,0.08037825059101655,0.058434464037418365,-0.021943786553598188,0.3215130023640662,0.3656493127346039,0.04413631037053767,0.13396375098502758,0.12651337683200836,-0.007450374153019218,0.06698187549251379,0.04751771315932274,-0.01946416233319105,0.1607565011820331,0.18543244898319244,0.024675947801159337
c634ed84212723ca,2021-11-06,UFC 268: Usman vs. Covington 2,Frankie Edgar,Marlon Vera,3,blue_ko_tko,2021,0.08957341169318066,0.08708510547876358,-0.002488306214417077,0.04742121795521329,0.03604826703667641,-0.011372950918536885,0.26872023507954196,0.3439890742301941,0.07526883915065213,0.20154017630965648,0.18651874363422394,-0.015021432675432544,0.12402472388286555,0.07690506428480148,-0.047119659598064065,0.26872023507954196,0.2694537341594696,0.0007334990799276464
e25875165648162b,2021-11-06,UFC 268: Usman vs. Covington 2,Gian Villante,Chris Barnett,3,blue_ko_tko,2021,0.23324196361824068,0.2184561938047409,-0.014785769813499772,0.05442312484425616,0.04688951373100281,-0.007533611113253354,0.25915773735360076,0.27819639444351196,0.019038657089911204,0.21769249937702465,0.2535706162452698,0.03587811686824513,0.03139795664091702,0.019200382754206657,-0.012197573886710361,0.2040867181659606,0.18368689715862274,-0.020399821007337865
fa3b28ff3585b4a0,2021-11-06,UFC 268: Usman vs. Covington 2,Phil Hawes,Chris Curtis,3,blue_ko_tko,2021,0.38660403501064505,0.439439982175827,0.05283594716518197,0.062451421040181136,0.05031871795654297,-0.012132703083638167,0.27062282450745156,0.29210370779037476,0.02148088328292319,0.14761244973133722,0.11942273378372192,-0.028189715947615296,0.031225710520090568,0.013683049008250237,-0.01754266151184033,0.10148355919029434,0.08503179997205734,-0.016451759218236994
0273dbd5dedbdbe0,2021-11-13,UFC Fight Night: Holloway vs. Rodriguez,Thiago Moises,Joel Alvarez,3,blue_ko_tko,2021,0.1344599870883553,0.14386087656021118,0.009400889471855883,0.1466836222782058,0.12708960473537445,-0.019594017542831355,0.4132184969056773,0.44103655219078064,0.027818055285103338,0.0806759922530132,0.072298064827919,-0.00837792742509419,0.10084499031626648,0.07584118843078613,-0.025003801885480348,0.12411691115848184,0.1398736983537674,0.01575678719528556
147e984aa34e3028,2021-11-13,UFC Fight Night: Holloway vs. Rodriguez,Max Holloway,Yair Rodriguez,2,red_dec,2021,0.34249727617687953,0.35126742720603943,0.0087701510291599,0.048352556636735926,0.04224354773759842,-0.006109008899137507,0.4483600706315513,0.4400436282157898,-0.008316442415761516,0.07472667843859189,0.08597623556852341,0.011249557129931517,0.022833151745125298,0.014927960932254791,-0.007905190812870506,0.06323026637111621,0.06554119288921356,0.0023109265180973476
2c21abbc28e3876a,2021-11-13,UFC Fight Night: Holloway vs. Rodriguez,Marc Diakiese,Rafael Alves,4,blue_sub,2021,0.20416812085556166,0.1958879828453064,-0.008280138010255261,0.054444832228149775,0.039907027035951614,-0.014537805192198161,0.3888916587724984,0.4611905515193939,0.0722988927468955,0.0907413870469163,0.07309900969266891,-0.017642377354247382,0.1256419205264995,0.07105141133069992,-0.05459050919579958,0.13611208057037444,0.15886397659778595,0.02275189602741151
66eee2320e900a8a,2021-11-13,UFC Fight Night: Holloway vs. Rodriguez,Cortney Casey,Liana Jojua,2,red_dec,2021,0.14821349801499778,0.12200473994016647,-0.026208758074831306,0.1358623731804146,0.16235202550888062,0.026489652328466007,0.42699602999558883,0.3965257406234741,-0.03047028937211471,0.03881782090868989,0.026658112183213234,-0.012159708725476656,0.10189677988531097,0.14458101987838745,0.04268423999307648,0.14821349801499778,0.14787839353084564,-0.0003351044841521378
73c97d5c314f1270,2021-11-13,UFC Fight Night: Holloway vs. Rodriguez,Song Yadong,Julio Arce,0,red_ko_tko,2021,0.11614055985705778,0.12855134904384613,0.012410789186788354,0.038713519952352594,0.026299238204956055,-0.01241428174739654,0.38713519952352593,0.4398714005947113,0.052736201071185373,0.12507444907683146,0.13077114522457123,0.005696696147739766,0.11614055985705778,0.07311088591814041,-0.043029673938917365,0.21679571173317452,0.20139601826667786,-0.015399693466496667
8636b67096df4b27,2021-11-13,UFC Fight Night: Holloway vs. Rodriguez,Miguel Baeza,Khaos Williams,3,blue_ko_tko,2021,0.1832460732984293,0.16491279006004333,-0.018333283238385956,0.10994764397905758,0.09438768774271011,-0.01555995623634747,0.2945026178010471,0.3238871991634369,0.029384581362389806,0.25372533225936367,0.2606132924556732,0.0068879601963095505,0.03171566653242046,0.01815236173570156,-0.013563304796718897,0.12686266612968183,0.13804662227630615,0.011183956146624319
a27a355f52883f3e,2021-11-13,UFC Fight Night: Holloway vs. Rodriguez,Sean Woodson,Collin Anglin,0,red_ko_tko,2021,0.23385400193071848,0.2472287267446518,0.013374724813933314,0.06296069282750114,0.041094426065683365,-0.02186626676181777,0.4377964454749497,0.5136947631835938,0.07589831770864403,0.07440809152341044,0.03846963867545128,-0.03593845284795916,0.054565933783834314,0.032921768724918365,-0.02164416505891595,0.1364148344595858,0.12659065425395966,-0.009824180205626143
c0518d213b67e754,2021-11-13,UFC Fight Night: Holloway vs. Rodriguez,Cynthia Calvillo,Andrea Lee,3,blue_ko_tko,2021,0.05553552109628561,0.041272103786468506,-0.014263417309817103,0.11107104219257122,0.07712282240390778,-0.03394821978866344,0.3966822935448972,0.44201916456222534,0.04533687101732814,0.08330328164442842,0.06302060186862946,-0.020282679775798965,0.07573025604038948,0.050718262791633606,-0.025011993248755873,0.27767760548142806,0.3258470594882965,0.04816945400686845
e6ce8360ef43891c,2021-11-13,UFC Fight Night: Holloway vs. Rodriguez,Felicia Spencer,Leah Letson,0,red_ko_tko,2021,0.10174758579209409,0.07934168726205826,-0.022405898530035828,0.23256591038192934,0.19332851469516754,-0.039237395686761795,0.40699034316837635,0.4377290904521942,0.03073874728381787,0.06783172386139606,0.07881869375705719,0.010986969895661128,0.028068299528853542,0.020642535760998726,-0.007425763767854816,0.16279613726735057,0.19013944268226624,0.02734330541491567
18f19b1422e8154b,2021-11-20,UFC Fight Night: Vieira vs. Tate,Ketlen Vieira,Miesha Tate,2,red_dec,2021,0.10840225792914866,0.1210809126496315,0.012678654720482838,0.14782126081247546,0.14132298529148102,-0.00649827552099444,0.25015905675957384,0.290650337934494,0.04049128117492018,0.10162711680857688,0.09983033686876297,-0.0017967799398139056,0.10162711680857688,0.05986536294221878,-0.041761753866358095,0.2903631908816482,0.28725001215934753,-0.003113178722300658
1cd8f5a107f64e39,2021-11-20,UFC Fight Night: Vieira vs. Tate,Rani Yahya,Kyung Ho Kang,2,red_dec,2021,0.04960347375086693,0.03380110114812851,-0.015802372602738424,0.22486908100393008,0.20310206711292267,-0.02176701389100741,0.22486908100393008,0.2535463869571686,0.028677305953238502,0.1794168199499442,0.15766817331314087,-0.021748646636803343,0.040155193036416084,0.02628292143344879,-0.013872271602967293,0.2810863512549126,0.32559940218925476,0.04451305093434216
450534f9fb9b13cd,2021-11-20,UFC Fight Night: Vieira vs. Tate,Loma Lookboonmee,Loopy Godinez,5,blue_dec,2021,0.11070781469007542,0.10352964699268341,-0.0071781676973920044,0.03193494654521406,0.027812723070383072,-0.004122223474830988,0.26359003497637,0.27545166015625,0.011861625179879987,0.06919238418129713,0.05354323610663414,-0.015649148074662986,0.13838476836259425,0.07196340709924698,-0.06642136126334727,0.3861900512444491,0.4676993489265442,0.08150929768209508
50bf4bb2f8d9aba4,2021-11-20,UFC Fight Night: Vieira vs. Tate,Michael Chiesa,Sean Brady,5,blue_dec,2021,0.053784673248707095,0.05031966790556908,-0.003465005343138018,0.13446168312176773,0.11675859242677689,-0.017703090694990847,0.21513869299482838,0.24073049426078796,0.025591801265959585,0.1466854724964739,0.13668517768383026,-0.01000029481264364,0.2016925246826516,0.161594957113266,-0.04009756756938562,0.24823695345557123,0.2939110994338989,0.045674145978327696
84c68c4c387d2e32,2021-11-20,UFC Fight Night: Vieira vs. Tate,Cody Durden,Aoriqileng,2,red_dec,2021,0.13499480789200413,0.1163855567574501,-0.018609251134554028,0.12461059190031153,0.0815102830529213,-0.04310030884739023,0.3374870197300104,0.43599939346313477,0.09851237373312438,0.12461059190031153,0.12142063677310944,-0.0031899551272020904,0.06230529595015576,0.04028521850705147,-0.022020077443104295,0.21599169262720663,0.20439891517162323,-0.011592777455583403
8dd086e2e70144fd,2021-11-20,UFC Fight Night: Vieira vs. Tate,Luana Pinheiro,Sam Hughes,2,red_dec,2021,0.17479532365757486,0.17591769993305206,0.0011223762754772049,0.28092105587824534,0.21987956762313843,-0.06104148825510691,0.3146315825836348,0.401204377412796,0.08657279482916125,0.03419908506343856,0.03646910563111305,0.0022700205676744953,0.05243859709727246,0.03078366629779339,-0.02165493079947907,0.14301435571983398,0.13574562966823578,-0.007268726051598201
9b9ef12603e820ec,2021-11-20,UFC Fight Night: Vieira vs. Tate,Davey Grant,Adrian Yanez,5,blue_dec,2021,0.08305790267040976,0.06493836641311646,-0.018119536257293303,0.06389069436185367,0.03612927347421646,-0.02776142088763721,0.15101436849165412,0.15885786712169647,0.007843498630042356,0.39551382224004644,0.46398141980171204,0.0684675975616656,0.06921491889200813,0.044176556169986725,-0.02503836272202141,0.23730829334402787,0.23191650211811066,-0.0053917912259172085
bb15c0a2911043bd,2021-11-20,UFC Fight Night: Vieira vs. Tate,Joanne Wood,Taila Santos,4,blue_sub,2021,0.04259713437459662,0.035208478569984436,-0.007388655804612183,0.04259713437459662,0.02512245997786522,-0.0174746743967314,0.1471537369304247,0.13443955779075623,-0.012714179139668463,0.1471537369304247,0.10802306234836578,-0.039130674582058905,0.13489092551955595,0.13087068498134613,-0.004020240538209818,0.48560733187040145,0.5663357973098755,0.08072846543947404
f592f168f3b8b807,2021-11-20,UFC Fight Night: Vieira vs. Tate,Pat Sabatini,Tucker Lutz,2,red_dec,2021,0.06778052022023923,0.0532744862139225,-0.014506034006316726,0.18074805392063795,0.19062936305999756,0.009881309139359612,0.23239035504082023,0.2848307192325592,0.052440364191738975,0.18074805392063795,0.14938758313655853,-0.031360470784079414,0.047845073096639455,0.03561694920063019,-0.012228123896009267,0.2904879438010253,0.2862609326839447,-0.00422701111708057
fd60e75303622e5e,2021-11-20,UFC Fight Night: Vieira vs. Tate,Rafa Garcia,Natan Levy,2,red_dec,2021,0.10727364921967435,0.13476218283176422,0.027488533612089874,0.10727364921967435,0.09308760613203049,-0.01418604308764386,0.28734013183841345,0.3307173550128937,0.04337722317448023,0.1005690461434447,0.0929526537656784,-0.00761639237776629,0.16091047382951154,0.08406931161880493,-0.07684116221070661,0.23663304974928165,0.2644108533859253,0.027777803636643644
1ce1a43ef68ffc7d,2021-12-04,UFC Fight Night: Font vs. Aldo,Louis Smolka,Vince Morales,3,blue_ko_tko,2021,0.13512490537471614,0.12292145937681198,-0.012203445997904155,0.18016654049962152,0.13508340716362,-0.04508313333600153,0.2702498107494323,0.32764413952827454,0.05739432877884226,0.13512490537471614,0.14654113352298737,0.011416228148271229,0.047691143073429226,0.04431498050689697,-0.0033761625665322537,0.2316426949280848,0.22349487245082855,-0.008147822477256261
3109d1151f149aaf,2021-12-04,UFC Fight Night: Font vs. Aldo,Rob Font,Jose Aldo,5,blue_dec,2021,0.2357241900920206,0.24894650280475616,0.013222312712735551,0.05500231102147148,0.060509830713272095,0.005507519691800612,0.2750115551073574,0.30113038420677185,0.02611882909941443,0.15000630278583132,0.1360308676958084,-0.013975435090022914,0.048531450901298366,0.03405169025063515,-0.014479760650663219,0.2357241900920206,0.21933069825172424,-0.01639349184029637
376dddfa82debbf4,2021-12-04,UFC Fight Night: Font vs. Aldo,Manel Kape,Zhalgas Zhumagulov,0,red_ko_tko,2021,0.2547045204138182,0.22033174335956573,-0.03437277705425246,0.04869351125558288,0.050306595861911774,0.0016130846063288906,0.41389484567245455,0.4902575612068176,0.07636271553436308,0.055185979422993935,0.05735073238611221,0.0021647529631182785,0.04356787849183732,0.022269848734140396,-0.021298029757696922,0.1839532647433131,0.15948355197906494,-0.02446971276424817
405bded9cc7a7c15,2021-12-04,UFC Fight Night: Font vs. Aldo,Bryan Barberena,Darian Weeks,2,red_dec,2021,0.2585778219791149,0.21666909754276276,-0.04190872443635213,0.0814520139234212,0.046095333993434906,-0.0353566799299863,0.2172053704624565,0.23067797720432281,0.013472606741866316,0.2172053704624565,0.25045502185821533,0.033249651395758834,0.06265539532570862,0.07495744526386261,0.012302049938153994,0.1629040278468424,0.1811451017856598,0.01824107393881738
42b28adbed6966b7,2021-12-04,UFC Fight Night: Font vs. Aldo,Alonzo Menifield,William Knight,5,blue_dec,2021,0.28933405997281364,0.32156842947006226,0.032234369497248616,0.07364866981126166,0.05868200957775116,-0.014966660233510495,0.23827510821290535,0.2931057810783386,0.05483067286543328,0.23146724797825088,0.1661779135465622,-0.06528933443168869,0.04263870357494095,0.0323919914662838,-0.01024671210865715,0.12463621044982741,0.12807387113571167,0.003437660685884261
5d64044b985004e7,2021-12-04,UFC Fight Night: Font vs. Aldo,Clay Guida,Leonardo Santos,1,red_sub,2021,0.08285765508349488,0.09379946440458298,0.010941809321088097,0.04873979710793816,0.03569873794913292,-0.01304105915880524,0.22095374688931968,0.29053398966789246,0.06958024277857278,0.1506502819699907,0.1684500277042389,0.017799745734248196,0.18412812240776638,0.1371551901102066,-0.04697293229755978,0.31267039654149015,0.27436256408691406,-0.038307832454576085
657b7da9c89352fe,2021-12-04,UFC Fight Night: Font vs. Aldo,Alex Morono,Mickey Gall,2,red_dec,2021,0.2035642383118336,0.24063614010810852,0.037071901796274925,0.08142569532473344,0.06954503059387207,-0.01188066473086137,0.38774140630825443,0.4260059595108032,0.03826455320254879,0.06263515024979495,0.05056394264101982,-0.012071207608775128,0.1017821191559168,0.06671348959207535,-0.03506862956384145,0.16285139064946688,0.14653542637825012,-0.01631596427121676
9e5bbbacf1d92cb4,2021-12-04,UFC Fight Night: Font vs. Aldo,Brendan Allen,Chris Curtis,3,blue_ko_tko,2021,0.1398988401281414,0.1515951007604599,0.01169626063231849,0.2664739811964598,0.1873890608549118,-0.07908492034154802,0.3357572163075394,0.412501722574234,0.0767445062666946,0.15261691650342699,0.167169988155365,0.014553071651938004,0.02894458761271891,0.028383400291204453,-0.0005611873215144586,0.07630845825171349,0.05296074226498604,-0.023347715986727455
a38648a1c190f9be,2021-12-04,UFC Fight Night: Font vs. Aldo,Brad Riddell,Rafael Fiziev,3,blue_ko_tko,2021,0.14750643877312103,0.1550208330154419,0.007514394242320865,0.038632638726293606,0.03678027167916298,-0.0018523670471306264,0.2704284710840552,0.2915896475315094,0.02116117644745419,0.18028564738937014,0.189083069562912,0.008797422173541847,0.038632638726293606,0.02247544936835766,-0.016157189357935947,0.3245141653008663,0.30505073070526123,-0.019463434595605067
b3847772199e2639,2021-12-04,UFC Fight Night: Font vs. Aldo,Jimmy Crute,Jamahal Hill,3,blue_ko_tko,2021,0.21558317969815494,0.214070662856102,-0.0015125168420529467,0.24874982272864032,0.17984667420387268,-0.06890314852476764,0.16168738477361622,0.22263480722904205,0.06094742245542584,0.23777556584355325,0.2802842855453491,0.04250871970179587,0.03514943147252526,0.022204332053661346,-0.01294509941886391,0.10105461548351012,0.08095922321081161,-0.020095392272698506
c74b03337a8441ed,2021-12-04,UFC Fight Night: Font vs. Aldo,Claudio Puelles,Chris Gruetzemacher,1,red_sub,2021,0.09412116232165534,0.07968723773956299,-0.014433924582092347,0.17778441771868228,0.1807340681552887,0.002949650436606416,0.28572495704788226,0.3628292679786682,0.07710431093078596,0.1600059759468141,0.18665777146816254,0.026651795521348443,0.04706058116082767,0.017552919685840607,-0.02950766147498706,0.23530290580413835,0.17253874242305756,-0.06276416338108079
0b633295d9e017a3,2021-12-11,UFC 269: Oliveira vs. Poirier,Amanda Nunes,Julianna Pena,4,blue_sub,2021,0.5241194854626822,0.5655685067176819,0.04144902125499972,0.18705947966008185,0.1522664576768875,-0.03479302198319434,0.15304866517643062,0.1691085249185562,0.016059859742125593,0.02902647098173684,0.02523675560951233,-0.0037897153722245107,0.036598593846537755,0.021848225966095924,-0.014750367880441831,0.0701473048725307,0.06597155332565308,-0.004175751546877618
16243b1470887cb6,2021-12-11,UFC 269: Oliveira vs. Poirier,Andre Muniz,Eryk Anders,1,red_sub,2021,0.1030769419892559,0.10788559168577194,0.0048086496965160375,0.3298462143656189,0.33293023705482483,0.003084022689205934,0.17179490331542652,0.195935919880867,0.024141016565440487,0.19177105486373192,0.2009739875793457,0.009202932715613787,0.03171598215054028,0.014590810053050518,-0.01712517209748976,0.17179490331542652,0.14768345654010773,-0.02411144677531879
2d0d13dfc6c37ba8,2021-12-11,UFC 269: Oliveira vs. Poirier,Geoff Neal,Santiago Ponzinibbio,2,red_dec,2021,0.29543197616683214,0.3412439823150635,0.04581200614823133,0.04779046673286991,0.041087716817855835,-0.006702749915014072,0.16248758689175768,0.18192045390605927,0.01943286701430158,0.23895233366434954,0.24009065330028534,0.0011383196359358028,0.03868752068851373,0.02011682651937008,-0.01857069416914365,0.2166501158556769,0.17554041743278503,-0.04110969842289186
505397f405e40206,2021-12-11,UFC 269: Oliveira vs. Poirier,Gillian Robertson,Priscila Cachoeira,1,red_sub,2021,0.13352131365068834,0.15247589349746704,0.018954579846778702,0.38148946757339525,0.2631673514842987,-0.11832211608909654,0.22889368054403716,0.3486996293067932,0.11980594876275605,0.10681705092055067,0.12717081606388092,0.020353765143330246,0.03483164703931,0.017293313518166542,-0.017538333521143458,0.11444684027201858,0.09119301289319992,-0.02325382737881866
50f2539c73b98eec,2021-12-11,UFC 269: Oliveira vs. Poirier,Augusto Sakai,Tai Tuivasa,3,blue_ko_tko,2021,0.18277680140597535,0.15205995738506317,-0.030716844020912182,0.0632688927943761,0.04773818328976631,-0.015530709504609788,0.23499874466482548,0.24350175261497498,0.008503007950149494,0.34270650263620384,0.37775295972824097,0.03504645709203713,0.039166457444137576,0.022545721381902695,-0.01662073606223488,0.13708260105448153,0.15640141069889069,0.019318809644409157
537a5aa4c248830e,2021-12-11,UFC 269: Oliveira vs. Poirier,Ryan Hall,Darrick Minner,2,red_dec,2021,0.10001214619314797,0.07353701442480087,-0.026475131768347093,0.36368053161144714,0.3978598415851593,0.03417930997371216,0.1666869103219133,0.2067471742630005,0.04006026394108719,0.12309187223772058,0.08420423418283463,-0.03888763805488596,0.09412907877002162,0.05954355746507645,-0.034585521304945174,0.1523994608657493,0.17810815572738647,0.025708694861637182
6537a32e7af905b0,2021-12-11,UFC 269: Oliveira vs. Poirier,Josh Emmett,Dan Ige,2,red_dec,2021,0.21916369181667883,0.19936706125736237,-0.019796630559316464,0.04834493201838504,0.03149019554257393,-0.016854736475811108,0.3101372997405833,0.35196250677108765,0.04182520703050435,0.11740912061607794,0.14059343934059143,0.023184318724513486,0.06322029571634967,0.04158805310726166,-0.021632242609088012,0.2417246600919252,0.23499873280525208,-0.006725927286673122
8bcdcfb0f93f1409,2021-12-11,UFC 269: Oliveira vs. Poirier,Randy Costa,Tony Kelley,3,blue_ko_tko,2021,0.4433030631966323,0.41237032413482666,-0.03093273906180566,0.05525226584769621,0.04969803988933563,-0.005554225958360574,0.12750522887929894,0.18446265161037445,0.05695742273107551,0.08287839877154432,0.0848536342382431,0.0019752354666987826,0.11839771253077759,0.09381058812141418,-0.024587124409363406,0.17266333077405066,0.17480477690696716,0.0021414461329165024
8c01b7dccc4d0926,2021-12-11,UFC 269: Oliveira vs. Poirier,Raulian Paiva,Sean O'Malley,3,blue_ko_tko,2021,0.068556948154236,0.0696219652891159,0.0010650171348799004,0.06328333675775633,0.05575588718056679,-0.007527449577189538,0.137113896308472,0.13476018607616425,-0.002353710232307765,0.37394698993219644,0.3761668801307678,0.0022198901985713837,0.06328333675775633,0.04331459105014801,-0.019968745707608315,0.2938154920895829,0.32038044929504395,0.026564957205461037
9039762cb9f4abdb,2021-12-11,UFC 269: Oliveira vs. Poirier,Jordan Wright,Bruno Silva,3,blue_ko_tko,2021,0.12559611400111226,0.0943923145532608,-0.031203799447851455,0.08163747410072297,0.061544325202703476,-0.020093148898019497,0.07421588554611179,0.07417052984237671,-4.535570373508102e-05,0.5348662096254263,0.605185329914093,0.07031912028866671,0.08163747410072297,0.05909328535199165,-0.02254418874873132,0.1020468426259037,0.10561425983905792,0.0035674172131542198
abb8c6c0a057184e,2021-12-11,UFC 269: Oliveira vs. Poirier,Pedro Munhoz,Dominick Cruz,5,blue_dec,2021,0.1703081767006965,0.16838817298412323,-0.0019200037165732764,0.09083102757370479,0.06664662063121796,-0.02418440694248683,0.24043507298921857,0.20896486937999725,-0.031470203609221314,0.09617402919568742,0.06805231422185898,-0.02812171497382844,0.03892758324587348,0.025085821747779846,-0.013841761498093637,0.36332411029481915,0.46286219358444214,0.09953808328962299
b22eab3aa1522f40,2021-12-11,UFC 269: Oliveira vs. Poirier,Charles Oliveira,Dustin Poirier,1,red_sub,2021,0.10110810730518999,0.11433234065771103,0.013224233352521042,0.23790142895338823,0.19906708598136902,-0.03883434297201921,0.11555212263450283,0.12317142635583878,0.007619303721335943,0.3676658447461454,0.42586007714271545,0.05819423239657007,0.06222037372627077,0.03662455081939697,-0.025595822906873796,0.11555212263450283,0.10094446688890457,-0.01460765574559826
fc2a30bfb760bdf8,2021-12-11,UFC 269: Oliveira vs. Poirier,Miranda Maverick,Erin Blanchfield,5,blue_dec,2021,0.08310099829121324,0.06245877593755722,-0.020642222353656023,0.10387624786401654,0.07137536257505417,-0.032500885288962375,0.37773181041460563,0.3908529579639435,0.013121147549337853,0.08310099829121324,0.062352217733860016,-0.020748780557353227,0.05540066552747549,0.036544106900691986,-0.018856558626783503,0.29678927961147583,0.3764165937900543,0.07962731417857849
2a5484a6d5e7a2da,2021-12-18,UFC Fight Night: Lewis vs. Daukaus,Cub Swanson,Darren Elkins,0,red_ko_tko,2021,0.20388349514563106,0.17791232466697693,-0.025971170478654132,0.06796116504854369,0.041027095168828964,-0.026934069879714723,0.33980582524271846,0.37594276666641235,0.03613694142369389,0.09061488673139158,0.09357227385044098,0.002957387119049401,0.11650485436893203,0.07323351502418518,-0.04327133934474685,0.18122977346278316,0.2383120059967041,0.057082232533920946
2e200563dd7c4922,2021-12-18,UFC Fight Night: Lewis vs. Daukaus,Amanda Lemos,Angela Hill,2,red_dec,2021,0.18445398975714522,0.16494512557983398,-0.019508864177311236,0.09222699487857261,0.057008713483810425,-0.035218281394762185,0.4347844044275566,0.5030557513237,0.06827134689614334,0.07545845035519577,0.0867653414607048,0.011306891105509032,0.028622170824384605,0.01426784135401249,-0.014354329470372115,0.18445398975714522,0.17395718395709991,-0.010496805800045306
4b7ec02b39fc6f70,2021-12-18,UFC Fight Night: Lewis vs. Daukaus,Derrick Lewis,Chris Daukaus,0,red_ko_tko,2021,0.30340356564019444,0.2873184084892273,-0.016085157150967144,0.032090761750405185,0.023144114762544632,-0.008946646987860553,0.09270664505672607,0.10169059038162231,0.008983945324896242,0.3792544570502431,0.39133721590042114,0.012082758850178066,0.06418152350081037,0.039619121700525284,-0.024562401800285086,0.12836304700162074,0.15689052641391754,0.028527479412296802
730f14ccff80f3b0,2021-12-18,UFC Fight Night: Lewis vs. Daukaus,Diego Ferreira,Mateusz Gamrot,3,blue_ko_tko,2021,0.08118583097269111,0.06943760812282562,-0.011748222849865486,0.09020647885854566,0.06267824023962021,-0.02752823861892545,0.18880425807602583,0.18695858120918274,-0.0018456768668430878,0.2319595170648317,0.16069449484348297,-0.07126502222134873,0.10148228871586387,0.05638730525970459,-0.04509498345615928,0.3063616263120419,0.4638437032699585,0.1574820769579166
85d9a516c3c6c205,2021-12-18,UFC Fight Night: Lewis vs. Daukaus,Raquel Pennington,Macy Chiasson,1,red_sub,2021,0.07491711421757762,0.07225259393453598,-0.0026645202830416354,0.14983422843515523,0.11678243428468704,-0.03305179415046819,0.3582992419101538,0.4057126045227051,0.0474133626125513,0.10301103204916921,0.09154551476240158,-0.011465517286767632,0.039242297923493034,0.028965840116143227,-0.010276457807349808,0.27469608546445123,0.28474101424217224,0.010044928777721007
8b3b38167060b1d7,2021-12-18,UFC Fight Night: Lewis vs. Daukaus,Stephen Thompson,Belal Muhammad,5,blue_dec,2021,0.1864313217919136,0.1398877054452896,-0.04654361634662399,0.02892899820909004,0.0232185460627079,-0.00571045214638214,0.4487358559410013,0.4725989103317261,0.02386305439072478,0.06453391908181626,0.06346268951892853,-0.0010712295628877294,0.07626735891487375,0.052140720188617706,-0.024126638726256047,0.19510254606130495,0.24869145452976227,0.05358890846845732
a43dcd04788d95c7,2021-12-18,UFC Fight Night: Lewis vs. Daukaus,Raphael Assuncao,Ricky Simon,3,blue_ko_tko,2021,0.05454223481494598,0.04006185755133629,-0.014480377263609692,0.08181335222241898,0.06052674353122711,-0.021286608691191866,0.14875154949530722,0.15999753773212433,0.011245988236817106,0.20453338055604744,0.17173981666564941,-0.03279356389039803,0.08181335222241898,0.049742441624403,-0.03207091059801598,0.4285461306888613,0.5179315805435181,0.08938544985465674
a760d0f5de2e1aaa,2021-12-18,UFC Fight Night: Lewis vs. Daukaus,Don'Tale Mayes,Josh Parisian,0,red_ko_tko,2021,0.2959953569355775,0.2305467128753662,-0.06544864406021128,0.047881601857225765,0.03801736980676651,-0.009864232050459255,0.271329077190946,0.31847327947616577,0.04714420228521976,0.14799767846778875,0.19153094291687012,0.04353326444908137,0.07399883923389437,0.05602508783340454,-0.017973751400489832,0.16279744631456763,0.16540659964084625,0.002609153326278618
b4f88d65b47c2a39,2021-12-18,UFC Fight Night: Lewis vs. Daukaus,Charles Jourdain,Andre Ewell,2,red_dec,2021,0.27053140096618356,0.2438666820526123,-0.02666471891357125,0.10144927536231883,0.0917535126209259,-0.00969576274139293,0.27053140096618356,0.3967902362346649,0.12625883526848136,0.11594202898550723,0.08296636492013931,-0.03297566406536792,0.03864734299516908,0.02476835437119007,-0.01387898862397901,0.20289855072463767,0.15985484421253204,-0.04304370651210562
bdaca0a96d44438a,2021-12-18,UFC Fight Night: Lewis vs. Daukaus,Dustin Stoltzfus,Gerald Meerschaert,4,blue_sub,2021,0.06751389992057187,0.07065587490797043,0.0031419749873985575,0.09531374106433677,0.09357088804244995,-0.0017428530218868143,0.16203335980937253,0.2087249904870987,0.046691630677726165,0.13502779984114374,0.10457050055265427,-0.030457299288489476,0.32406671961874506,0.26285308599472046,-0.0612136336240246,0.21604447974583002,0.2596246302127838,0.04358015046695379
dd552b389152636a,2021-12-18,UFC Fight Night: Lewis vs. Daukaus,Sijara Eubanks,Melissa Gatto,3,blue_ko_tko,2021,0.1152946194091545,0.1080104187130928,-0.007284200696061699,0.13451038931068027,0.12048445641994476,-0.014025932890735504,0.35089666776699197,0.3835812211036682,0.03268455333667625,0.07336930326037105,0.07431434094905853,0.0009450376886874778,0.1241634362867818,0.08168641477823257,-0.04247702150854922,0.2017655839660204,0.2319231480360031,0.030157564069982712
ea76a3af8c5ecc55,2021-12-18,UFC Fight Night: Lewis vs. Daukaus,Jordan Leavitt,Matt Sayles,1,red_sub,2021,0.09977827050997783,0.09296415746212006,-0.00681411304785777,0.3192904656319291,0.34392985701560974,0.024639391383680653,0.13303769401330376,0.15678974986076355,0.02375205584745979,0.15964523281596454,0.1818259060382843,0.022180673222319758,0.08869179600886917,0.05456919968128204,-0.03412259632758713,0.19955654101995565,0.1699211299419403,-0.029635411078015345
fc0927c657c51622,2021-12-18,UFC Fight Night: Lewis vs. Daukaus,Justin Tafa,Harry Hunsucker,0,red_ko_tko,2021,0.5688954562246029,0.6340584754943848,0.06516301926978185,0.04063538973032878,0.02365279570221901,-0.016982594028109768,0.08533431843369045,0.10514186322689056,0.019807544793200113,0.14222386405615073,0.1303495317697525,-0.011874332286398226,0.08533431843369045,0.05472744256258011,-0.030606875871110342,0.07757665312153676,0.05206989869475365,-0.025506754426783115
3738135e4c9d8273,2022-01-15,UFC Fight Night: Kattar vs. Chikadze,Court McGee,Ramiz Brahimaj,2,red_dec,2022,0.09215920427104579,0.08819927275180817,-0.003959931519237625,0.06380252603380095,0.07103635370731354,0.007233827673512591,0.31299352393940083,0.33771219849586487,0.024718674556464038,0.08294328384394123,0.05755746364593506,-0.02538582019800617,0.19289135777660749,0.16461320221424103,-0.028278155562366458,0.2552101041352038,0.28088146448135376,0.025671360346149974
3a8c0158d910546d,2022-01-15,UFC Fight Night: Kattar vs. Chikadze,TJ Brown,Charles Rosa,2,red_dec,2022,0.16211802548558704,0.16162598133087158,-0.0004920441547154597,0.10132376592849189,0.08060812950134277,-0.020715636427149117,0.38599529877520716,0.49916964769363403,0.11317434891842687,0.062353086725225784,0.07369764149188995,0.01134455476666417,0.10807868365705801,0.06153479591012001,-0.046543887746938004,0.18013113942843,0.12336384505033493,-0.05676729437809508
3bcbb0e039f4f5d8,2022-01-15,UFC Fight Night: Kattar vs. Chikadze,Jake Collier,Chase Sherman,1,red_sub,2022,0.1513059141398979,0.14174383878707886,-0.009562075352819055,0.06934854398078653,0.05097169801592827,-0.018376845964858265,0.3467427199039327,0.38126784563064575,0.03452512572671307,0.20804563194235962,0.24121657013893127,0.03317093819657166,0.0396277394175923,0.021063443273305893,-0.01856429614428641,0.18492945061543076,0.16373662650585175,-0.02119282410957901
7c2a02b5ea169b54,2022-01-15,UFC Fight Night: Kattar vs. Chikadze,Brian Kelleher,Kevin Croom,2,red_dec,2022,0.1598984771573604,0.15167300403118134,-0.008225473126179078,0.3197969543147208,0.24157848954200745,-0.07821846477271338,0.25380710659898476,0.30832821130752563,0.05452110470854088,0.09993654822335026,0.1118907704949379,0.011954222271587642,0.0666243654822335,0.08666440844535828,0.020040042963124782,0.09993654822335026,0.09986510872840881,-7.143949494144153e-05
8.69E+73,2022-01-15,UFC Fight Night: Kattar vs. Chikadze,Bill Algeo,Joanderson Brito,2,red_dec,2022,0.13441955193482688,0.14351825416088104,0.009098702226054162,0.08961303462321792,0.07763988524675369,-0.011973149376464223,0.20162932790224034,0.21058249473571777,0.008953166833477438,0.14663951120162935,0.1494242250919342,0.002784713890304852,0.13441955193482688,0.08770182728767395,-0.04671772464715293,0.2932790224032587,0.33113333582878113,0.03785431342552242
8d89f3b8798f444d,2022-01-15,UFC Fight Night: Kattar vs. Chikadze,Brandon Royval,Rogerio Bontorin,2,red_dec,2022,0.15602836879432622,0.14628908038139343,-0.009739288412932784,0.31205673758865243,0.29980242252349854,-0.012254315065153898,0.14184397163120563,0.20544929802417755,0.06360532639297192,0.086682427107959,0.1041301041841507,0.0174476770761917,0.1300236406619385,0.08174365758895874,-0.04827998307297976,0.173364854215918,0.16258546710014343,-0.010779387115774558
b5b5156c713c5d47,2022-01-15,UFC Fight Night: Kattar vs. Chikadze,Dakota Bush,Viacheslav Borshchev,3,blue_ko_tko,2022,0.09129005339692933,0.10335146635770798,0.012061412960778645,0.12640161239574832,0.11439072340726852,-0.012010888988479795,0.16432209611447282,0.2002369463443756,0.03591485022990279,0.3734593093510745,0.344442754983902,-0.029016554367172542,0.039124308598684,0.022034214809536934,-0.017090093789147068,0.205402620143091,0.21554386615753174,0.010141246014440747
e8517ed0b49abc37,2022-01-15,UFC Fight Night: Kattar vs. Chikadze,Jamie Pickett,Joseph Holmes,2,red_dec,2022,0.1596958174904943,0.16318657994270325,0.0034907624522089453,0.053231939163498096,0.03902226313948631,-0.014209676024011783,0.19961977186311788,0.2130153775215149,0.013395605658397008,0.1596958174904943,0.2092438042163849,0.049547986725890586,0.22813688212927755,0.15933428704738617,-0.06880259508189138,0.19961977186311788,0.216197669506073,0.016577897642955114
0669231ebe3dd560,2022-01-22,UFC 270: Ngannou vs. Gane,Jack Della Maddalena,Pete Rodriguez,0,red_ko_tko,2022,0.4402067367670647,0.413828045129776,-0.026378691637288676,0.12190340402780253,0.11850768327713013,-0.003395720750672404,0.1584744252361433,0.19194744527339935,0.03347302003725605,0.1584744252361433,0.165029376745224,0.006554951509080698,0.041703796114774545,0.023718900978565216,-0.01798489513620933,0.07923721261807165,0.08696857839822769,0.007731365780156041
0a0beb5aa9810de4,2022-01-22,UFC 270: Ngannou vs. Gane,Kay Hansen,Jasmine Jasudavicius,5,blue_dec,2022,0.08037269484918025,0.08981163054704666,0.009438935697866413,0.17860598855373386,0.12916314601898193,-0.049442842534751924,0.4018634742459012,0.5028579831123352,0.10099450886643402,0.08037269484918025,0.07414784282445908,-0.0062248520247211725,0.047278055793635435,0.018819987773895264,-0.02845806801974017,0.21150709170836904,0.18519940972328186,-0.026307681985087178
4047c2e259529179,2022-01-22,UFC 270: Ngannou vs. Gane,Silvana Gomez Juarez,Vanessa Demopoulos,4,blue_sub,2022,0.15777816839514855,0.13837328553199768,-0.01940488286315087,0.05259272279838285,0.04256407171487808,-0.010028651083504765,0.23202671822815962,0.2808493673801422,0.04882264915198259,0.09861135524696783,0.09364315122365952,-0.0049682040233083175,0.14343469854104413,0.11864442378282547,-0.024790274758218656,0.3155563367902971,0.32592564821243286,0.010369311422135763
44a55ba1de2b30e2,2022-01-22,UFC 270: Ngannou vs. Gane,Raoni Barcelos,Victor Henry,5,blue_dec,2022,0.2853180106994254,0.2954103648662567,0.010092354166831297,0.17436100653853775,0.13222958147525787,-0.04213142506327988,0.2853180106994254,0.331797331571579,0.04647932087215356,0.0980780661779275,0.10074450075626373,0.0026664345783362353,0.05230830196156133,0.030259398743510246,-0.022048903218051086,0.10461660392312266,0.1095588207244873,0.004942216801364641
453283e947919ff7,2022-01-22,UFC 270: Ngannou vs. Gane,Michael Morales,Trevin Giles,0,red_ko_tko,2022,0.19535469931580846,0.20872525870800018,0.013370559392191728,0.07814187972632339,0.08743774890899658,0.009295869182673194,0.27907814187972635,0.3886563181877136,0.10957817630798727,0.13023646621053897,0.07515937834978104,-0.055077087860757934,0.06511823310526949,0.04451396316289902,-0.020604269942370468,0.2520705797623335,0.19550731778144836,-0.05656326198088513
5ba543efdce072f5,2022-01-22,UFC 270: Ngannou vs. Gane,Michel Pereira,Andre Fialho,2,red_dec,2022,0.27465479514072283,0.3158090114593506,0.04115421631862776,0.16479287708443371,0.11625755578279495,-0.04853532130163876,0.2535275032068211,0.2878997325897217,0.034372229382900576,0.16479287708443371,0.1600402146577835,-0.004752662426650206,0.03923639930581754,0.027772558853030205,-0.011463840452787338,0.10299554817777105,0.09222088009119034,-0.010774668086580716
5da7168ac2ff0e1d,2022-01-22,UFC 270: Ngannou vs. Gane,Matt Frevola,Genaro Valdez,0,red_ko_tko,2022,0.1599321723728337,0.14618857204914093,-0.013743600323692762,0.18467918287856083,0.11812584102153778,-0.06655334185702305,0.2907857679506067,0.3496759831905365,0.05889021523992982,0.18467918287856083,0.224666565656662,0.039987382778101155,0.07996608618641685,0.04558129981160164,-0.03438478637481521,0.09995760773302105,0.11576172709465027,0.015804119361629218
80f65ee9b6f8d63b,2022-01-22,UFC 270: Ngannou vs. Gane,Cody Stamann,Said Nurmagomedov,4,blue_sub,2022,0.08909838088026341,0.07061253488063812,-0.018485845999625286,0.0471697310542571,0.03601013869047165,-0.011159592363785449,0.2358486552712855,0.29566437005996704,0.05981571478868153,0.14579735053134013,0.13356627523899078,-0.012231075292349347,0.10023567849029634,0.06492462754249573,-0.03531105094780061,0.38185020377255746,0.39922210574150085,0.017371901968943393
9687021e5c4d092a,2022-01-22,UFC 270: Ngannou vs. Gane,Tony Gravely,Saimon Oliveira,2,red_dec,2022,0.2284132202803253,0.20587633550167084,-0.022536884778654453,0.07994462709811387,0.04663051664829254,-0.03331411044982133,0.3197785083924555,0.3991418182849884,0.07936330989253293,0.06662052258176154,0.08123950660228729,0.01461898402052575,0.15988925419622774,0.09153379499912262,-0.06835545919710512,0.14535386745111611,0.1755780279636383,0.03022416051252219
cddd3d4febe097f8,2022-01-22,UFC 270: Ngannou vs. Gane,Brandon Moreno,Deiveson Figueiredo,5,blue_dec,2022,0.14760147601476015,0.17392687499523163,0.02632539898047148,0.20295202952029517,0.23449605703353882,0.031544027513243644,0.2164821648216482,0.26156964898109436,0.04508748415944616,0.16236162361623616,0.14997559785842896,-0.0123860257578072,0.09020090200902008,0.04650888592004776,-0.043692016088972316,0.18040180401804015,0.1335228979587555,-0.04687890605928466
e786542667fdecf0,2022-01-22,UFC 270: Ngannou vs. Gane,Francis Ngannou,Ciryl Gane,2,red_dec,2022,0.3201070973971821,0.26475396752357483,-0.0553531298736073,0.03810798778537882,0.040470026433467865,0.0023620386480890446,0.07275161304481412,0.07865655422210693,0.005904941177292816,0.24623622876706316,0.2919882535934448,0.04575202482638166,0.09414914629328885,0.0640774667263031,-0.030071679566985754,0.2286479267122729,0.26005372405052185,0.03140579733824894
0489b42ac0ab6d4b,2022-02-05,UFC Fight Night: Hermansson vs. Strickland,Tresean Gore,Bryan Battle,5,blue_dec,2022,0.2668321439652498,0.23691822588443756,-0.02991391808081223,0.08004964318957494,0.0802832618355751,0.00023361864600016102,0.20012410797393734,0.2437136471271515,0.043589539153214146,0.10673285758609992,0.07190808653831482,-0.0348247710477851,0.16009928637914989,0.1785375028848648,0.01843821650571492,0.18616196090598822,0.1886393427848816,0.0024773818788933755
0730c4e6fb247fa1,2022-02-05,UFC Fight Night: Hermansson vs. Strickland,Sam Alvey,Brendan Allen,4,blue_sub,2022,0.10281523614750429,0.10214489698410034,-0.0006703391634039491,0.022847830255000954,0.024898158386349678,0.002050328131348724,0.10281523614750429,0.12122920900583267,0.01841397285832838,0.25308365820924134,0.2281990349292755,-0.024884623279965823,0.21933917044800916,0.23900839686393738,0.01966922641592822,0.2990988687927398,0.28452032804489136,-0.014578540747848423
208c5dc52ccfd47a,2022-02-05,UFC Fight Night: Hermansson vs. Strickland,Julian Erosa,Steven Peterson,2,red_dec,2022,0.25507897385039446,0.23028548061847687,-0.024793493231917596,0.15072848454796037,0.11787169426679611,-0.032856790281164255,0.3128327037787857,0.3564596474170685,0.04362694363828279,0.07536424227398018,0.07448084652423859,-0.0008833957497415973,0.0552671110009188,0.035467296838760376,-0.019799814162158424,0.15072848454796037,0.1854349672794342,0.03470648273147384
4b67a1875390e7ad,2022-02-05,UFC Fight Night: Hermansson vs. Strickland,Jack Hermansson,Sean Strickland,5,blue_dec,2022,0.0799492385786802,0.0686875730752945,-0.011261665503385712,0.133248730964467,0.13089171051979065,-0.0023570204446763388,0.133248730964467,0.16031332314014435,0.02706459217567736,0.25380710659898476,0.20018957555294037,-0.05361753104604439,0.0799492385786802,0.05470500513911247,-0.025244233439567734,0.3197969543147208,0.3852127492427826,0.06541579492806177
6b4c2cc27855506a,2022-02-05,UFC Fight Night: Hermansson vs. Strickland,Shavkat Rakhmonov,Carlston Harris,0,red_ko_tko,2022,0.2907193440178904,0.33741211891174316,0.04669277489385276,0.17766182134426634,0.16964222490787506,-0.008019596436391274,0.21319418561311962,0.25231286883354187,0.03911868322042225,0.08883091067213317,0.09933747351169586,0.010506562839562694,0.12299664554603056,0.059547655284404755,-0.0634489902616258,0.10659709280655981,0.0817476138472557,-0.024849478959304103
ace166f26c2ac2e8,2022-02-05,UFC Fight Night: Hermansson vs. Strickland,Punahele Soriano,Nick Maximov,5,blue_dec,2022,0.3909127357830842,0.32502421736717224,-0.06588851841591198,0.05472778300963179,0.042844582349061966,-0.011883200660569825,0.1824259433654393,0.23031356930732727,0.047887625941887974,0.05472778300963179,0.06278073042631149,0.008052947416679702,0.12629488386838106,0.09889620542526245,-0.027398678443118607,0.19091087096383183,0.24014072120189667,0.04922985023806484
18a1617ee7356352,2022-02-12,UFC 271: Adesanya vs. Whittaker 2,Jared Cannonier,Derek Brunson,0,red_ko_tko,2022,0.3746851385390428,0.3469795882701874,-0.027705550268855406,0.0401448362720403,0.03481855243444443,-0.005326283837595876,0.17563365869017633,0.19774577021598816,0.02211211152581183,0.1053801952141058,0.10551663488149643,0.00013643966739063096,0.05620277078085642,0.03254234045743942,-0.023660430323416998,0.24795340050377834,0.2823970913887024,0.03444369088492405
19e742ccaa09cf08,2022-02-12,UFC 271: Adesanya vs. Whittaker 2,Mana Martinez,Ronnie Lawrence,5,blue_dec,2022,0.10913939891270899,0.1292089819908142,0.02006958307810522,0.043081341676069335,0.04587627947330475,0.002794937797235414,0.13642424864088623,0.15783193707466125,0.021407688433775024,0.20463637296132936,0.15051932632923126,-0.0541170466320981,0.11693507026361677,0.08372572064399719,-0.03320934961961958,0.38978356754538923,0.43283775448799133,0.0430541869426021
238832b58a66ae07,2022-02-12,UFC 271: Adesanya vs. Whittaker 2,Alexander Hernandez,Renato Moicano,4,blue_sub,2022,0.21533146899161046,0.2337728887796402,0.01844141978802974,0.047499588748149364,0.05041519179940224,0.0029156030512528727,0.14681691067609803,0.18641893565654755,0.03960202498044951,0.11535614410264845,0.10003035515546799,-0.015325788947180466,0.23749794374074681,0.1872388869524002,-0.05025905678834661,0.23749794374074681,0.24212372303009033,0.004625779289343518
3bebd99d5f94bec7,2022-02-12,UFC 271: Adesanya vs. Whittaker 2,Carlos Ulberg,Fabio Cherant,2,red_dec,2022,0.4631446986868597,0.4250500202178955,-0.038094678468964194,0.043876866191386706,0.053713247179985046,0.00983638098859834,0.1515746286611541,0.17636026442050934,0.024785635759355246,0.11909435109090677,0.1548602283000946,0.035765877209187835,0.1389434096060579,0.10597944259643555,-0.03296396700962234,0.08336604576363475,0.08403677493333817,0.0006707291697034129
6708f3a32861038a,2022-02-12,UFC 271: Adesanya vs. Whittaker 2,William Knight,Maxim Grishin,5,blue_dec,2022,0.21868284356464823,0.2322201281785965,0.013537284613948264,0.039050507779401465,0.03309689834713936,-0.005953609432262107,0.13667677722790514,0.17849689722061157,0.041820119992706434,0.20501516584185772,0.22150303423404694,0.016487868392189214,0.09111785148527009,0.05986865237355232,-0.031249199111717765,0.30945685410091733,0.2748143970966339,-0.03464245700428342
81c22cfa22002ea4,2022-02-12,UFC 271: Adesanya vs. Whittaker 2,Andrei Arlovski,Jared Vanderaa,2,red_dec,2022,0.16346118953441957,0.14036238193511963,-0.023098807599299942,0.03891933084152847,0.029542654752731323,-0.009376676088797144,0.3715027034873172,0.41765016317367554,0.04614745968635836,0.18162354392713284,0.2128606140613556,0.03123707013422275,0.06286968828246907,0.051687732338905334,-0.011181955943563734,0.18162354392713284,0.14789648354053497,-0.03372706038659787
821bef3a3394dd96,2022-02-12,UFC 271: Adesanya vs. Whittaker 2,Douglas Silva de Andrade,Sergey Morozov,1,red_sub,2022,0.13622291021671826,0.09678083658218384,-0.03944207363453442,0.06811145510835913,0.05605156719684601,-0.01205988791151312,0.14860681114551083,0.15097926557064056,0.002372454425129733,0.13622291021671826,0.13791926205158234,0.0016963518348640794,0.10216718266253869,0.076337069272995,-0.02583011338954369,0.40866873065015474,0.48193201422691345,0.07326328357675871
a0ba726da4a50458,2022-02-12,UFC 271: Adesanya vs. Whittaker 2,Kyler Phillips,Marcelo Rojo,1,red_sub,2022,0.414703110273327,0.41309282183647156,-0.001610288436855456,0.15834118755890667,0.13265538215637207,-0.025685805402534595,0.21112158341187556,0.25111696124076843,0.03999537782889287,0.07917059377945333,0.08938292413949966,0.010212330360046332,0.03770028275212063,0.01900101639330387,-0.01869926635881676,0.09896324222431667,0.09475085884332657,-0.004212383380990101
b1e048825b5bbe1c,2022-02-12,UFC 271: Adesanya vs. Whittaker 2,Roxanne Modafferi,Casey O'Neill,5,blue_dec,2022,0.039163092289413795,0.03524353727698326,-0.003919555012430534,0.04837793753398175,0.050890665501356125,0.0025127279673743744,0.14953180692321633,0.1472446322441101,-0.0022871746791062186,0.20560623451942242,0.1521500051021576,-0.05345622941726483,0.12652691355041382,0.09791526943445206,-0.02861164411596176,0.4307940151835518,0.5165558457374573,0.08576183055390546
bb42336d6417914c,2022-02-12,UFC 271: Adesanya vs. Whittaker 2,Derrick Lewis,Tai Tuivasa,3,blue_ko_tko,2022,0.48629926108374383,0.4533013105392456,-0.03299795054449822,0.03255849753694581,0.03156732767820358,-0.0009911698587422302,0.094057881773399,0.11458170413970947,0.02052382236631048,0.2604679802955665,0.2666334807872772,0.006165500491710718,0.03255849753694581,0.022431980818510056,-0.010126516718435757,0.094057881773399,0.11148422211408615,0.017426340340687158
c16bda7548181613,2022-02-12,UFC 271: Adesanya vs. Whittaker 2,AJ Dobson,Jacob Malkoun,5,blue_dec,2022,0.28171727143579495,0.22581490874290466,-0.055902362692890284,0.12135513231080398,0.14133763313293457,0.019982500822130586,0.11268690857431798,0.1334424465894699,0.020755538015151925,0.1752907466711613,0.12310807406902313,-0.05218267260213816,0.09860104500252824,0.10478798300027847,0.006186937997750233,0.21034889600539358,0.27150896191596985,0.06116006591057627
ca8f73d038c4d6e7,2022-02-12,UFC 271: Adesanya vs. Whittaker 2,Israel Adesanya,Robert Whittaker,2,red_dec,2022,0.31859996041999805,0.3030766546726227,-0.015523305747375371,0.04020428071966642,0.038836561143398285,-0.0013677195762681338,0.33771595804519794,0.39376962184906006,0.05605366380386212,0.10553623688912435,0.06964968889951706,-0.03588654798960729,0.04443631026910499,0.02426932193338871,-0.020166988335716278,0.15350725365690815,0.17039813101291656,0.016890877356008416
04e2d50c24a88dbd,2022-02-19,UFC Fight Night: Walker vs. Hill,Joaquin Buckley,Abdul Razak Alhassan,2,red_dec,2022,0.403187687102472,0.40685808658599854,0.003670399483526543,0.0403187687102472,0.03489810600876808,-0.0054206627014791176,0.15394438962094387,0.19867044687271118,0.044726057251767315,0.2490276890927033,0.2451961636543274,-0.003831525438375921,0.032565159342891975,0.015679005533456802,-0.016886153809435173,0.1209563061307416,0.09869823604822159,-0.02225807008252001
25da52bc590ef664,2022-02-19,UFC Fight Night: Walker vs. Hill,Gabriel Benitez,David Onama,3,blue_ko_tko,2022,0.09954184435390541,0.06719490140676498,-0.032346942947140425,0.06125651960240333,0.03788047656416893,-0.0233760430382344,0.2275242156660695,0.23161742091178894,0.0040932052457194334,0.3462325021005406,0.4192395508289337,0.07300704872839314,0.13272245913854053,0.11862793564796448,-0.01409452349057605,0.13272245913854053,0.12543971836566925,-0.007282740772871277
2d8db91f91f68069,2022-02-19,UFC Fight Night: Walker vs. Hill,Chas Skelly,Mark Striegl,0,red_ko_tko,2022,0.11624942353333757,0.12527497112751007,0.009025547594172498,0.3070739489559861,0.26846635341644287,-0.03860759553954324,0.21699892392889683,0.2893369197845459,0.07233799585564907,0.06259584344102793,0.07546130567789078,0.012865462236862843,0.11624942353333757,0.08772090077400208,-0.028528522759335498,0.18083243660741402,0.1537395864725113,-0.02709285013490273
528c208293bdef13,2022-02-19,UFC Fight Night: Walker vs. Hill,Jonathan Pearce,Christian Rodriguez,2,red_dec,2022,0.3694046066927423,0.3596585690975189,-0.009746037595223356,0.1477618426770969,0.10839347541332245,-0.03936836726377446,0.2390265102129509,0.29843807220458984,0.05941156199163894,0.08126901347240331,0.08545420318841934,0.00418518971601603,0.054179342314935534,0.035375919193029404,-0.01880342312190613,0.10835868462987107,0.11267972737550735,0.004321042745636286
8cd583f6d10692bc,2022-02-19,UFC Fight Night: Walker vs. Hill,Mario Bautista,Jay Perrin,2,red_dec,2022,0.25027932960893856,0.2548799216747284,0.0046005920657898325,0.10167597765363127,0.07203938812017441,-0.029636589533456867,0.38733705772811916,0.40727004408836365,0.019932986360244487,0.05422718808193668,0.06821329146623611,0.013986103384299432,0.08134078212290503,0.050305336713790894,-0.03103544540911414,0.12513966480446928,0.14729195833206177,0.022152293527592487
93026443e5140415,2022-02-19,UFC Fight Night: Walker vs. Hill,Parker Porter,Alan Baudot,2,red_dec,2022,0.3331746409585019,0.3232899010181427,-0.00988473994035921,0.12301832896929302,0.0937318429350853,-0.02928648603420772,0.235182099500119,0.27317917346954346,0.03799707396942445,0.17769314184453433,0.20107975602149963,0.023386614176965304,0.04208521780528445,0.03625071421265602,-0.00583450359262843,0.08884657092226717,0.0724685937166214,-0.016377977205645766
958799d957945a3a,2022-02-19,UFC Fight Night: Walker vs. Hill,Jim Miller,Nikolas Motta,0,red_ko_tko,2022,0.08332110647195264,0.07961332052946091,-0.0037077859424917287,0.18515801438211696,0.1472974270582199,-0.03786058732389705,0.12818631764915792,0.1590431183576584,0.03085680070850047,0.3144192697054817,0.33610519766807556,0.021685927962593887,0.04385321393260665,0.0329999215900898,-0.010853292342516849,0.24506207785868422,0.24494098126888275,-0.00012109658980147264
e36a5d4d53b97d4e,2022-02-19,UFC Fight Night: Walker vs. Hill,Jessica-Rose Clark,Stephanie Egger,4,blue_sub,2022,0.13846869909239004,0.13677126169204712,-0.0016974374003429216,0.08308121945543404,0.06546169519424438,-0.01761952426118965,0.3956248545496858,0.457984060049057,0.062359205499371184,0.05538747963695602,0.05103781446814537,-0.004349665168810649,0.08308121945543404,0.054160721600055695,-0.02892049785537834,0.2443565278101001,0.2345845103263855,-0.00977201748371459
ea63f56779100678,2022-02-19,UFC Fight Night: Walker vs. Hill,Chad Anheliger,Jesse Strader,0,red_ko_tko,2022,0.31343283582089554,0.26020076870918274,-0.0532320671117128,0.15671641791044777,0.12058543413877487,-0.0361309837716729,0.20895522388059704,0.23732702434062958,0.028371800460032542,0.15671641791044777,0.19585062563419342,0.03913420772374565,0.05223880597014926,0.060277242213487625,0.008038436243338366,0.11194029850746269,0.12575891613960266,0.01381861763213997
f7865e5a6d009a87,2022-02-19,UFC Fight Night: Walker vs. Hill,Johnny Walker,Jamahal Hill,3,blue_ko_tko,2022,0.1942310204097801,0.1774628609418869,-0.0167681594678932,0.049129022809532616,0.03508871793746948,-0.014040304872063133,0.10439917347025682,0.09961708635091782,-0.004782087119339001,0.4797919461611803,0.5408835411071777,0.06109159494599742,0.043957546724318654,0.02211742289364338,-0.021840123830675275,0.12849129042493146,0.12483033537864685,-0.0036609550462846085
181ceedcacc01d48,2022-02-26,UFC Fight Night: Makhachev vs. Green,Victor Altamirano,Carlos Hernandez,5,blue_dec,2022,0.061111111111111116,0.053729187697172165,-0.007381923413938951,0.1324074074074074,0.12967011332511902,-0.002737294082288372,0.1986111111111111,0.24108223617076874,0.04247112505965764,0.1324074074074074,0.12134838104248047,-0.011059026364926922,0.14444444444444446,0.08874519914388657,-0.05569924530055789,0.33101851851851855,0.36542484164237976,0.034406323123861215
84d633d4a9fbf331,2022-02-26,UFC Fight Night: Makhachev vs. Green,Armen Petrosyan,Gregory Rodrigues,2,red_dec,2022,0.2704908226781176,0.28636109828948975,0.015870275611372164,0.042709077264965936,0.04064473137259483,-0.0020643458923711028,0.0954673491805121,0.13341237604618073,0.03794502686566863,0.2950808974670374,0.2389823943376541,-0.056098503129383304,0.18032721511874505,0.14867033064365387,-0.031656884475091185,0.11592463829062183,0.15192903578281403,0.0360043974921922
8515f07911765f89,2022-02-26,UFC Fight Night: Makhachev vs. Green,Arman Tsarukyan,Joel Alvarez,0,red_ko_tko,2022,0.2867206847635306,0.3416171669960022,0.05489648223247162,0.08920199081532063,0.07456234097480774,-0.014639649840512886,0.3029501574859946,0.3537539541721344,0.050803796686139824,0.08028179173378856,0.07561823725700378,-0.004663554476784779,0.13380298622298092,0.08411180227994919,-0.049691183943031736,0.10704238897838475,0.07033654302358627,-0.03670584595479848
901e62b7af57f559,2022-02-26,UFC Fight Night: Makhachev vs. Green,Alejandro Perez,Jonathan Martinez,5,blue_dec,2022,0.08185609536703041,0.06861740350723267,-0.013238691859797744,0.07441463215184582,0.06797454506158829,-0.006440087090257535,0.14882926430369164,0.17913031578063965,0.030301051476948004,0.25986062021279493,0.23673230409622192,-0.02312831611657301,0.06296622720540801,0.04322183132171631,-0.0197443958836917,0.37207316075922914,0.40432360768318176,0.032250446923952625
c4eb14c3de579842,2022-02-26,UFC Fight Night: Makhachev vs. Green,Ji Yeon Kim,Priscila Cachoeira,5,blue_dec,2022,0.10969329178284402,0.11281679570674896,0.0031235039239049384,0.10283746104641628,0.09148933738470078,-0.011348123661715503,0.3739544038051501,0.4565468430519104,0.0825924392467603,0.16453993767426606,0.14314478635787964,-0.021395151316386418,0.04329998359849106,0.02470753900706768,-0.018592444591423382,0.20567492209283256,0.171294704079628,-0.034380218013204566
c5d5fcf290cc029e,2022-02-26,UFC Fight Night: Makhachev vs. Green,Ramiz Brahimaj,Micheal Gillmore,1,red_sub,2022,0.10200965287813922,0.10583530366420746,0.003825650786068238,0.4533762350139521,0.33957505226135254,-0.11380118275259954,0.18978540070351482,0.2731119990348816,0.08332659833136677,0.09067524700279041,0.1378399133682251,0.04716466636543469,0.028140593897417715,0.01700223982334137,-0.011138354074076345,0.13601287050418562,0.12663550674915314,-0.00937736375503248
cb1f27818d46af0e,2022-02-26,UFC Fight Night: Makhachev vs. Green,Terrance McKinney,Fares Ziam,1,red_sub,2022,0.24394161065704512,0.1991308331489563,-0.04481077750808882,0.09910127932942457,0.0958147943019867,-0.003286485027437877,0.14414731538825393,0.197592630982399,0.05344531559414506,0.2265172098958276,0.2157350331544876,-0.010782176741339994,0.08809002607059963,0.0699048638343811,-0.01818516223621852,0.19820255865884914,0.2218218594789505,0.023619300820101358
36d9337a27b71ba9,2022-03-05,UFC 272: Covington vs. Masvidal,Devonte Smith,Ludovit Klein,5,blue_dec,2022,0.328266255943213,0.27456870675086975,-0.053697549192343264,0.043192928413580654,0.04080142080783844,-0.0023915076057422144,0.19085247438558894,0.22138963639736176,0.03053716201177281,0.21884417062880865,0.2549704313278198,0.036126260699011176,0.08206656398580325,0.05421615019440651,-0.027850413791396744,0.1367776066430054,0.1540536880493164,0.01727608140631101
43b43c5d439b2f98,2022-03-05,UFC 272: Covington vs. Masvidal,Kevin Holland,Alex Oliveira,0,red_ko_tko,2022,0.3647747529655142,0.4012983441352844,0.03652359116977022,0.16050089130482628,0.14253991842269897,-0.017960972882127307,0.23603072250709745,0.26375073194503784,0.027720009437940396,0.061731112040317795,0.054422345012426376,-0.007308767027891419,0.05350029710160875,0.025118354707956314,-0.028381942393652437,0.12346222408063559,0.11287027597427368,-0.01059194810636191
59d44b6888885500,2022-03-05,UFC 272: Covington vs. Masvidal,Brian Kelleher,Umar Nurmagomedov,4,blue_sub,2022,0.047541908368912394,0.03612753376364708,-0.011414374605265315,0.042537496961658455,0.026734083890914917,-0.01580341307074354,0.05388082948476738,0.04585428163409233,-0.008026547850675046,0.14694771677663832,0.13560859858989716,-0.01133911818674116,0.3049858272722682,0.3545756936073303,0.04958986633506213,0.40410622113575534,0.40109983086586,-0.0030063902698953537
838bb84a5a976a9c,2022-03-05,UFC 272: Covington vs. Masvidal,Rafael Dos Anjos,Renato Moicano,2,red_dec,2022,0.20048602673147023,0.19629047811031342,-0.004195548621156814,0.14580801944106925,0.12605737149715424,-0.019750647943915012,0.2673147023086269,0.2748829424381256,0.007568240129498693,0.08019441069258809,0.06612200289964676,-0.014072407792941333,0.16038882138517618,0.13718608021736145,-0.023202741167814733,0.14580801944106925,0.19946111738681793,0.053653097945748685
9321b3c90ea5ca6c,2022-03-05,UFC 272: Covington vs. Masvidal,Marina Rodriguez,Yan Xiaonan,2,red_dec,2022,0.20684223324065165,0.2117449790239334,0.004902745783281759,0.055157928864173776,0.0550631619989872,-9.476686518657823e-05,0.44254617344511515,0.4870666265487671,0.044520453103651936,0.06364376407404666,0.042454157024621964,-0.0211896070494247,0.03939852061726698,0.02348383516073227,-0.01591468545653471,0.19241137975874573,0.18018724024295807,-0.012224139515787658
abd45edc07a8d9e3,2022-03-05,UFC 272: Covington vs. Masvidal,Edson Barboza,Bryce Mitchell,5,blue_dec,2022,0.20514825519976823,0.15241028368473053,-0.0527379715150377,0.03567795742604665,0.026027418673038483,-0.00965053875300817,0.1641186041598146,0.15816114842891693,-0.005957455730897676,0.0820593020799073,0.07946013659238815,-0.0025991654875191506,0.2605057208885946,0.24636507034301758,-0.014140650545577005,0.2524901602458686,0.3375759720802307,0.08508581183436209
c420c376cc1d149c,2022-03-05,UFC 272: Covington vs. Masvidal,Tim Elliott,Tagir Ulanbekov,2,red_dec,2022,0.05441774370163101,0.04421519115567207,-0.010202552545958934,0.1166094507892093,0.09166806936264038,-0.024941381426568918,0.14841202827717548,0.16838331520557404,0.019971286928398557,0.10203326944055814,0.08421718329191208,-0.017816086148646063,0.18982933849406167,0.17178606986999512,-0.01804326862406655,0.38869816929736434,0.4397301971912384,0.051032027893874066
c6fc43c351b08bda,2022-03-05,UFC 272: Covington vs. Masvidal,Maryna Moroz,Mariya Agapova,1,red_sub,2022,0.04723069860387243,0.04005998373031616,-0.007170714873556271,0.08921354180731458,0.11516662687063217,0.025953085063317588,0.23615349301936217,0.26767560839653015,0.03152211537716798,0.1459857956846966,0.10354716330766678,-0.04243863237702983,0.17842708361462917,0.15020519495010376,-0.028221888664525407,0.30298938727012503,0.32334545254707336,0.020356065276948332
cda06ff86cfe4f5f,2022-03-05,UFC 272: Covington vs. Masvidal,Serghei Spivac,Greg Hardy,0,red_ko_tko,2022,0.2104932847997992,0.23115535080432892,0.020662066004529717,0.19580770679051088,0.12729212641716003,-0.06851558037335084,0.22452617045311912,0.2759878635406494,0.05146169308753029,0.22452617045311912,0.2605493664741516,0.03602319602103249,0.032383582276892184,0.015999555587768555,-0.01638402668912363,0.11226308522655956,0.08901575207710266,-0.0232473331494569
d03d0abf331df751,2022-03-05,UFC 272: Covington vs. Masvidal,Colby Covington,Jorge Masvidal,2,red_dec,2022,0.182409592448498,0.15707892179489136,-0.02533067065360664,0.091204796224249,0.06514295935630798,-0.026061836867941016,0.45602398112124504,0.5419082045555115,0.08588422343426644,0.16416863320364822,0.15533676743507385,-0.008831865768574365,0.03157089100070158,0.014488273300230503,-0.01708261770047108,0.07462210600165828,0.06604483723640442,-0.00857726876525386
d5323490163dde0e,2022-03-05,UFC 272: Covington vs. Masvidal,Dustin Jacoby,Michal Oleksiejczuk,2,red_dec,2022,0.3094486522047633,0.26785731315612793,-0.04159133904863538,0.04823758402015428,0.048336442559957504,9.885853980322323e-05,0.2603298185214675,0.2841856777667999,0.0238558592453324,0.18223087296502727,0.2096828818321228,0.027452008867095534,0.06307991756481714,0.046475209295749664,-0.016604708269067472,0.13667315472377045,0.14346247911453247,0.006789324390762019
ee278a5a25744cac,2022-03-05,UFC 272: Covington vs. Masvidal,Nicolae Negumereanu,Kennedy Nzechukwu,2,red_dec,2022,0.18217306441119063,0.20404399931430817,0.021870934903117534,0.0819778789850358,0.06222127750515938,-0.019756601479876415,0.20494469746258948,0.20862242579460144,0.0036777283320119647,0.3279115159401432,0.3355359733104706,0.007624457370327409,0.03903708523096942,0.02651224099099636,-0.012524844239973063,0.1639557579700716,0.16306407749652863,-0.0008916804735429606
fce6ab43b7d09aa4,2022-03-05,UFC 272: Covington vs. Masvidal,Jalin Turner,Jamie Mullarkey,0,red_ko_tko,2022,0.2284132202803253,0.19832897186279297,-0.030084248417532322,0.14535386745111611,0.12851610779762268,-0.016837759653493434,0.19986156774528466,0.2584077715873718,0.05854620384208717,0.21318567226163695,0.21570491790771484,0.002519245646077889,0.07994462709811387,0.050750236958265305,-0.029194390139848564,0.1332410451635231,0.14829197525978088,0.015050930096257797
226884e46a10865d,2022-03-12,UFC Fight Night: Santos vs. Ankalaev,Alex Pereira,Bruno Silva,2,red_dec,2022,0.4744068699464577,0.45805132389068604,-0.016355546055771664,0.04857760977665253,0.04903840646147728,0.0004607966848247519,0.0917577073558992,0.11503534764051437,0.023277640284615167,0.2540982665240286,0.2575395405292511,0.0034412740052224833,0.04857760977665253,0.035266682505607605,-0.013310927271044923,0.0825819366203093,0.08506866544485092,0.002486728824541623
26fbee4ed13ff35d,2022-03-12,UFC Fight Night: Santos vs. Ankalaev,JJ Aldrich,Gillian Robertson,2,red_dec,2022,0.10765242718235732,0.10706277936697006,-0.0005896478153872564,0.062107169528283074,0.06154783070087433,-0.0005593388274087452,0.2883547156670285,0.3323066532611847,0.043951937594156165,0.08498875830186103,0.0613892488181591,-0.02359950948370193,0.2691310679558933,0.23349909484386444,-0.03563197311202887,0.18776586136457674,0.20419444143772125,0.016428580073144516
3b06c512abfa0494,2022-03-12,UFC Fight Night: Santos vs. Ankalaev,Matthew Semelsberger,AJ Fletcher,2,red_dec,2022,0.3553839144301491,0.36158105731010437,0.006197142879955264,0.08687162352736978,0.08258691430091858,-0.004284709226451203,0.195461152936582,0.2579706311225891,0.0625094781860071,0.13030743529105468,0.11406470090150833,-0.01624273438954635,0.12028378642251202,0.06948232650756836,-0.050801459914943656,0.11169208739233258,0.11431435495615005,0.0026222675638174764
463fac0e48505b62,2022-03-12,UFC Fight Night: Santos vs. Ankalaev,Drew Dober,Terrance McKinney,0,red_ko_tko,2022,0.3160558567368189,0.29882222414016724,-0.01723363259665167,0.08779329353800525,0.06127040460705757,-0.026522888930947675,0.1975349104605118,0.21603496372699738,0.018500053266485572,0.18375340507954585,0.193624347448349,0.009870942368803148,0.13168994030700787,0.14188243448734283,0.010192494180334966,0.08317259387811023,0.0883655846118927,0.005192990733782474
70b8d357e89383bd,2022-03-12,UFC Fight Night: Santos vs. Ankalaev,Sodiq Yusuff,Alex Caceres,2,red_dec,2022,0.2925171116729358,0.29382267594337463,0.0013055642704388193,0.03900228155639144,0.027146926149725914,-0.011855355406665526,0.356107788123574,0.43632203340530396,0.08021424528172993,0.08190479126842203,0.06275756657123566,-0.01914722469718637,0.07445890115311093,0.039459265768527985,-0.03499963538458295,0.15600912622556576,0.14049158990383148,-0.015517536321734277
8aa16cc1ba99aac1,2022-03-12,UFC Fight Night: Santos vs. Ankalaev,Thiago Santos,Magomed Ankalaev,5,blue_dec,2022,0.10700679674459097,0.08064991235733032,-0.02635688438726065,0.027674171571876977,0.021222302690148354,-0.006451868881728624,0.07295917959858476,0.07251805067062378,-0.0004411289279609848,0.382167131230682,0.3719901442527771,-0.010176986977904923,0.08917233062049247,0.055930811911821365,-0.033241518708671106,0.32102039023377293,0.39768874645233154,0.07666835621855861
9cb78122a23e6a7d,2022-03-12,UFC Fight Night: Santos vs. Ankalaev,Dalcha Lungiambula,Cody Brundage,4,blue_sub,2022,0.3047778408581588,0.27776163816452026,-0.027016202693638525,0.08076612782741209,0.06754893809556961,-0.01321718973184248,0.1682627663071085,0.1947227567434311,0.026459990436322578,0.10768817043654944,0.10444225370883942,-0.0032459167277100187,0.1009576597842651,0.09101864695549011,-0.00993901282877499,0.2375474347865061,0.2645058035850525,0.026958368798546378
b400c29fbeee0206,2022-03-12,UFC Fight Night: Santos vs. Ankalaev,Kris Moutinho,Guido Cannetti,3,blue_ko_tko,2022,0.227526210127147,0.20636072754859924,-0.02116548257854775,0.1327236225741691,0.14623239636421204,0.01350877379004295,0.227526210127147,0.28706279397010803,0.05953658384296104,0.10617889805933527,0.09147284179925919,-0.01470605626007608,0.09368726299353111,0.04469859600067139,-0.048988666992859725,0.21235779611867053,0.22417263686656952,0.011814840747898986
b55de7d791b9f62d,2022-03-12,UFC Fight Night: Santos vs. Ankalaev,Sabina Mazo,Miranda Maverick,4,blue_sub,2022,0.06619441737726438,0.06364335864782333,-0.002551058729441044,0.04180700044879855,0.03835736960172653,-0.003449630847072019,0.1588666017054345,0.1807357370853424,0.021869135379907895,0.13238883475452876,0.11820473521947861,-0.014184099535050149,0.14442418336857682,0.08353444933891296,-0.060889734029663856,0.45631896234539704,0.5155243873596191,0.0592054250142221
b70313eae7c24b27,2022-03-12,UFC Fight Night: Santos vs. Ankalaev,Trevin Jones,Javid Basharat,5,blue_dec,2022,0.14443532134059867,0.13640742003917694,-0.008027901301421725,0.10591923564977235,0.08145713806152344,-0.02446209758824891,0.17653205941628722,0.200971320271492,0.024439260855204786,0.1847428528775099,0.19395048916339874,0.009207636285888832,0.17653205941628722,0.12212076783180237,-0.05441129158448485,0.2118384712995447,0.2650928199291229,0.05325434862957823
f10c2c84652ef573,2022-03-12,UFC Fight Night: Santos vs. Ankalaev,Tafon Nchukwi,Azamat Murzakanov,3,blue_ko_tko,2022,0.1787441544426236,0.25699710845947266,0.07825295401684906,0.030936488268915627,0.029365506023168564,-0.0015709822457470636,0.16757264478995965,0.20424923300743103,0.036676588217471384,0.3351452895799193,0.3028547763824463,-0.032290513197473,0.10054358687397578,0.05429418757557869,-0.046249399298397095,0.1870578360446061,0.15223921835422516,-0.03481861769038094
001441f70c293931,2022-03-19,UFC Fight Night: Volkov vs. Aspinall,Paddy Pimblett,Kazula Vargas,1,red_sub,2022,0.3183620470648011,0.2699822783470154,-0.04837976871778571,0.30034155383471806,0.3293878734111786,0.029046319576460533,0.1989762794155007,0.24561743438243866,0.046641154966937964,0.0837794860696845,0.07216629385948181,-0.011613192210202683,0.02274014621891436,0.011700211092829704,-0.011039935126084657,0.0758004873963812,0.07114586234092712,-0.004654625055454081
06641a8c62e45661,2022-03-19,UFC Fight Night: Volkov vs. Aspinall,Alexander Volkov,Tom Aspinall,4,blue_sub,2022,0.20077466169837221,0.19581063091754913,-0.004964030780823081,0.06177681898411454,0.056859951466321945,-0.004916867517792592,0.20077466169837221,0.2145172655582428,0.013742603859870584,0.2868209452833889,0.23841030895709991,-0.048410636326289,0.08923318297705432,0.06981959193944931,-0.01941359103760501,0.16061972935869778,0.2245822250843048,0.06396249572560703
4c7e55061dc3bf89,2022-03-19,UFC Fight Night: Volkov vs. Aspinall,Muhammad Mokaev,Cody Durden,1,red_sub,2022,0.24071809823884882,0.21230103075504303,-0.02841706748380579,0.259822709210186,0.2775888442993164,0.017766135089130386,0.2728138446706953,0.3373354971408844,0.0645216524701891,0.06295704107785277,0.03631744533777237,-0.026639595740080402,0.05456276893413906,0.03371954709291458,-0.02084322184122448,0.10912553786827812,0.1027376726269722,-0.006387865241305926
5a878a6bebc973d7,2022-03-19,UFC Fight Night: Volkov vs. Aspinall,Molly McCann,Luana Carolina,0,red_ko_tko,2022,0.08256880733944953,0.054912019520998,-0.02765678781845153,0.06880733944954127,0.0577569454908371,-0.011050393958704177,0.4128440366972477,0.4729847013950348,0.060140664697787116,0.09174311926605504,0.08596980571746826,-0.005773313548586775,0.06880733944954127,0.044199634343385696,-0.024607705106155578,0.2752293577981651,0.28417691588401794,0.008947558085852847
5e378c52f26935d6,2022-03-19,UFC Fight Night: Volkov vs. Aspinall,Cory McKenna,Elise Reed,5,blue_dec,2022,0.14944142604236615,0.15670309960842133,0.007261673566055171,0.10274098040412673,0.08225211501121521,-0.020488865392911518,0.4483242781270984,0.49567630887031555,0.047352030743217144,0.06849398693608448,0.069821797311306,0.0013278103752215192,0.048348696660765515,0.033978864550590515,-0.014369832110175,0.18265063182955862,0.161567822098732,-0.02108280973082663
6e705b2365bc03fa,2022-03-19,UFC Fight Night: Volkov vs. Aspinall,Mike Grundy,Makwan Amirkhani,4,blue_sub,2022,0.10834701351180705,0.1038234755396843,-0.0045235379721227514,0.16252052026771058,0.14516286551952362,-0.017357654748186957,0.3693648187902513,0.42031317949295044,0.05094836070269915,0.054173506755903524,0.04431063309311867,-0.009862873662784856,0.12501578482131584,0.09707964211702347,-0.02793614270429237,0.18057835585301174,0.18931017816066742,0.008731822307655679
766b4f5e77ab0860,2022-03-19,UFC Fight Night: Volkov vs. Aspinall,Nikita Krylov,Paul Craig,4,blue_sub,2022,0.2934392615432712,0.32962143421173096,0.036182172668459744,0.15552280861793374,0.1368587166070938,-0.018664092010839933,0.18084047513713222,0.21833722293376923,0.037496747796637,0.07776140430896687,0.07797393202781677,0.0002125277188499003,0.172803120686593,0.12231336534023285,-0.05048975534636016,0.11963292970610287,0.11489532887935638,-0.004737600826746485
a200b5dcbdd2506e,2022-03-19,UFC Fight Night: Volkov vs. Aspinall,Jai Herbert,Ilia Topuria,3,blue_ko_tko,2022,0.09485053710858933,0.08329357951879501,-0.011556957589794317,0.019664135742024618,0.01752810925245285,-0.0021360264895717677,0.07329359685663722,0.12262072414159775,0.049327127284960526,0.3042375718577394,0.24950028955936432,-0.0547372822983751,0.3839188406776235,0.34522056579589844,-0.03869827488172506,0.12403531775738606,0.18183672428131104,0.05780140652392497
ae989e21c3839b49,2022-03-19,UFC Fight Night: Volkov vs. Aspinall,Shamil Abdurakhimov,Sergei Pavlovich,3,blue_ko_tko,2022,0.09439961357597028,0.06536620855331421,-0.02903340502265607,0.056639768145582164,0.04010852426290512,-0.016531243882677044,0.1213709317405332,0.08708906173706055,-0.03428187000347266,0.588182207665661,0.6945042610168457,0.10632205335118472,0.04997626601080779,0.028950443491339684,-0.021025822519468107,0.08943121286144552,0.0839814841747284,-0.0054497286867171285
bcd1e1d71a172d53,2022-03-19,UFC Fight Night: Volkov vs. Aspinall,Gunnar Nelson,Takashi Sato,2,red_dec,2022,0.10097255565255346,0.11683756113052368,0.01586500547797022,0.46404408555216065,0.448935329914093,-0.015108755638067628,0.23079441292012218,0.22778284549713135,-0.0030115674229908296,0.10097255565255346,0.12094399333000183,0.01997143767744837,0.022438345700567432,0.014458490535616875,-0.007979855164950558,0.08077804452204278,0.07104181498289108,-0.009736229539151695
ce3d94186567a684,2022-03-19,UFC Fight Night: Volkov vs. Aspinall,Arnold Allen,Dan Hooker,0,red_ko_tko,2022,0.14554566295249777,0.1922905147075653,0.04674485175506754,0.08005011462387376,0.06644732505083084,-0.013602789573042923,0.2858932665138349,0.34470507502555847,0.05881180851172357,0.16010022924774753,0.18958702683448792,0.029486797586740388,0.061577011249133666,0.034220874309539795,-0.02735613693959387,0.2668337154129125,0.17274914681911469,-0.09408456859379782
3ecccdab76baa59c,2022-03-26,UFC Fight Night: Blaydes vs. Daukaus,Jennifer Maia,Manon Fiorot,5,blue_dec,2022,0.039522843929962886,0.03685243800282478,-0.002670405927138103,0.04882233661936592,0.044851209968328476,-0.003971126651037445,0.12768918808141858,0.11614299565553665,-0.011546192425881924,0.2634856261997526,0.16496016085147858,-0.098525465348274,0.04368314329101161,0.026321856305003166,-0.017361286986008445,0.4767968618784885,0.6108713150024414,0.13407445312395289
3f92025b29e06bfd,2022-03-26,UFC Fight Night: Blaydes vs. Daukaus,Neil Magny,Max Griffin,2,red_dec,2022,0.14878505680516435,0.14606249332427979,-0.0027225634808845656,0.10228972655355048,0.08756702393293381,-0.014722702620616673,0.446355170415493,0.4982968270778656,0.051941656662372604,0.10910904165712051,0.09465476870536804,-0.014454272951752473,0.05114486327677524,0.027855997905135155,-0.023288865371640086,0.14231614129189632,0.14556288719177246,0.003246745899876141
410e65e4d1782bfc,2022-03-26,UFC Fight Night: Blaydes vs. Daukaus,Askar Askarov,Kai Kara-France,5,blue_dec,2022,0.1013099113115997,0.11183600127696991,0.010526089965370203,0.1884835559285576,0.16594086587429047,-0.022542690054267123,0.4655944860277774,0.4956918954849243,0.030097409457146895,0.1013099113115997,0.10713820159435272,0.005828290282753015,0.03523823002142598,0.022374888882040977,-0.012863341139385004,0.10806390539903968,0.09701809287071228,-0.011045812528327398
6ed495c177d69a3a,2022-03-26,UFC Fight Night: Blaydes vs. Daukaus,Aliaskhab Khizriev,Denis Tiuliulin,1,red_sub,2022,0.2796939521913618,0.2868455648422241,0.007151612650862338,0.449890697567382,0.39815083146095276,-0.05173986610642922,0.12048354863627893,0.15727277100086212,0.03678922236458319,0.09789288326697662,0.10986431688070297,0.011971433613726351,0.023033619592229795,0.014346721582114697,-0.008686898010115098,0.02900529874577085,0.03351978957653046,0.004514490830759606
82b2b97b85c7225c,2022-03-26,UFC Fight Night: Blaydes vs. Daukaus,Matheus Nicolau,David Dvorak,2,red_dec,2022,0.08974358974358973,0.08917855471372604,-0.0005650350298636864,0.11538461538461538,0.07883626967668533,-0.036548345707930044,0.2564102564102564,0.31927111744880676,0.06286086103855038,0.10769230769230768,0.1405835747718811,0.03289126707957342,0.10769230769230768,0.06078733876347542,-0.046904968928832266,0.3230769230769231,0.31134316325187683,-0.011733759825046264
97e522591ac7eb29,2022-03-26,UFC Fight Night: Blaydes vs. Daukaus,Luis Saldana,Bruno Souza,2,red_dec,2022,0.14177951467781513,0.12225104123353958,-0.01952847344427555,0.062710169953649,0.05222783610224724,-0.010482333851401765,0.250840679814596,0.27688923478126526,0.026048554966669246,0.10869762791965827,0.12103523313999176,0.012337605220333489,0.0815232209397437,0.0529245063662529,-0.028598714573490808,0.35444878669453783,0.3746721148490906,0.020223328154552744
bb31c77bddd1317e,2022-03-26,UFC Fight Night: Blaydes vs. Daukaus,Sara McMann,Karol Rosa,2,red_dec,2022,0.05332256109876792,0.0390898622572422,-0.014232698841525719,0.09997980206018985,0.07083912193775177,-0.029140680122438076,0.1777418703292264,0.21113552153110504,0.03339365120187865,0.15996768329630376,0.18073080480098724,0.020763121504683485,0.14542516663300342,0.1174306571483612,-0.027994509484642216,0.36356291658250856,0.38077399134635925,0.017211074763850698
c4e866d9dd606faa,2022-03-26,UFC Fight Night: Blaydes vs. Daukaus,Curtis Blaydes,Chris Daukaus,0,red_ko_tko,2022,0.44166466201587673,0.4538591206073761,0.012194458591499369,0.0899687274476786,0.07764627039432526,-0.012322457053353345,0.23815251383209043,0.28797876834869385,0.04982625451660341,0.1349530911715179,0.11568763852119446,-0.01926545265032345,0.04763050276641808,0.024620961397886276,-0.023009541368531804,0.04763050276641808,0.04020719230175018,-0.007423310464667897
d0b7a79d3e7f3362,2022-03-26,UFC Fight Night: Blaydes vs. Daukaus,Chris Gutierrez,Batgerel Danaa,0,red_ko_tko,2022,0.13406582002620349,0.16481159627437592,0.03074577624817243,0.06187653231978623,0.04664796218276024,-0.015228570137025992,0.26813164005240697,0.3184097707271576,0.05027813067475062,0.30354525288951734,0.2781505286693573,-0.025394724220160036,0.053626328010481394,0.03829560428857803,-0.015330723721903361,0.17875442670160463,0.15368454158306122,-0.02506988511854341
f3c37e23ca30c87d,2022-03-26,UFC Fight Night: Blaydes vs. Daukaus,Matt Brown,Bryan Barberena,5,blue_dec,2022,0.29267674634681984,0.2529212236404419,-0.039755522706377944,0.06463278148492271,0.06587152183055878,0.0012387403456360635,0.1410169777852859,0.18400095403194427,0.04298397624665837,0.22159810794830642,0.25933995842933655,0.037741850481030126,0.08617704197989694,0.05827086791396141,-0.027906174065935527,0.19389834445476814,0.17959550023078918,-0.014302844223978955
f6afaf2a39fa441c,2022-03-26,UFC Fight Night: Blaydes vs. Daukaus,Marc Diakiese,Viacheslav Borshchev,2,red_dec,2022,0.2034438135230788,0.2001829743385315,-0.0032608391845473095,0.058126803863736795,0.050494179129600525,-0.00763262473413627,0.1808389453538478,0.2117151916027069,0.030876246248859096,0.3255101016369261,0.289478063583374,-0.036032038053552096,0.04283027653117448,0.027727529406547546,-0.015102747124626933,0.1892500590912361,0.2204020768404007,0.031152017749164596
15311d4b33d93004,2022-04-09,UFC 273: Volkanovski vs. The Korean Zombie,Vinc Pichel,Mark Madsen,5,blue_dec,2022,0.1613424950436535,0.14260141551494598,-0.018741079528707516,0.06205480578602057,0.04548419266939163,-0.01657061311662894,0.3044198019691575,0.3564663827419281,0.05204658077277058,0.10083905940228342,0.08596400916576385,-0.014875050236519569,0.11524463931689534,0.0697028711438179,-0.04554176817307744,0.25609919848198964,0.29978111386299133,0.04368191538100169
313c36ce9bde6cf6,2022-04-09,UFC 273: Volkanovski vs. The Korean Zombie,Julio Arce,Daniel Santos,2,red_dec,2022,0.14687882496940025,0.13713659346103668,-0.009742231508363564,0.1346389228886169,0.09988709539175034,-0.03475182749686656,0.33659730722154224,0.36164459586143494,0.025047288639892695,0.14687882496940025,0.1417923867702484,-0.005086438199151833,0.07343941248470012,0.06250059604644775,-0.010938816438252369,0.16156670746634028,0.1970387101173401,0.03547200265099981
394b0347b0438622,2022-04-09,UFC 273: Volkanovski vs. The Korean Zombie,Gilbert Burns,Khamzat Chimaev,5,blue_dec,2022,0.06873977086743044,0.06680865585803986,-0.0019311150093905827,0.05499181669394436,0.04224025458097458,-0.01275156211296978,0.09165302782324058,0.0884489193558693,-0.0032041084673712916,0.3927986906710311,0.3285042345523834,-0.0642944561186477,0.21996726677577744,0.23540517687797546,0.015437910102198027,0.17184942716857612,0.238592728972435,0.06674330180385887
7c6ed5b3d830d0cb,2022-04-09,UFC 273: Volkanovski vs. The Korean Zombie,Anthony Hernandez,Josh Fremd,2,red_dec,2022,0.21170623380743403,0.2292265146970749,0.01752028088964086,0.28869031882831914,0.1785237044095993,-0.11016661441871983,0.13231639612964627,0.16771000623703003,0.03539361010738376,0.22682810765082217,0.30268746614456177,0.07585935849373959,0.06106910590599059,0.03610064834356308,-0.024968457562427507,0.07938983767778776,0.08575164526700974,0.006361807589221974
88c6e7f71b79fd65,2022-04-09,UFC 273: Volkanovski vs. The Korean Zombie,Aspen Ladd,Raquel Pennington,5,blue_dec,2022,0.0924964418065338,0.09192627668380737,-0.0005701651227264237,0.04896870448581201,0.03357939422130585,-0.015389310264506163,0.24484352242906007,0.29876571893692017,0.05392219650786009,0.08324679762588043,0.1162482425570488,0.03300144493116837,0.10405849703235052,0.0523725301027298,-0.05168596692962073,0.4263860366203632,0.4071078598499298,-0.019278176770433364
9a8964b148cb5923,2022-04-09,UFC 273: Volkanovski vs. The Korean Zombie,Aljamain Sterling,Petr Yan,2,red_dec,2022,0.04906151272997584,0.04870839789509773,-0.00035311483487810574,0.07582233785541721,0.07762136310338974,0.0017990252479725272,0.10425571455119866,0.13323278725147247,0.028977072700273818,0.34751904850399556,0.28857916593551636,-0.05893988256847921,0.07582233785541721,0.06822972744703293,-0.007592610408384284,0.34751904850399556,0.3836285471916199,0.03610949868762431
9e52a67410f2c879,2022-04-09,UFC 273: Volkanovski vs. The Korean Zombie,Piera Rodriguez,Kay Hansen,2,red_dec,2022,0.14868471216164697,0.12616610527038574,-0.022518606891261228,0.05451772779260388,0.0649813637137413,0.010463635921137422,0.3407357987037743,0.3757454752922058,0.035009676588431515,0.06814715974075485,0.04377026855945587,-0.024376891181298974,0.1362943194815097,0.1524372547864914,0.016142935304981704,0.2516202821197102,0.23689955472946167,-0.014720727390248545
dc0ab34f1952cb48,2022-04-09,UFC 273: Volkanovski vs. The Korean Zombie,Alexander Volkanovski,Chan Sung Jung,0,red_ko_tko,2022,0.3080031849245748,0.31953296065330505,0.011529775728730263,0.07420076727728392,0.05303515866398811,-0.021165608613295805,0.44520460366370346,0.5006850957870483,0.05548049212334488,0.08162084400501231,0.06333201378583908,-0.018288830219173227,0.042958338950006475,0.024340108036994934,-0.01861823091301154,0.048012261179419,0.03907465934753418,-0.008937601831884821
0987b3f785e26d1c,2022-04-16,UFC Fight Night: Luque vs. Muhammad,Rafa Garcia,Jesse Ronson,1,red_sub,2022,0.11410459587955625,0.12313772737979889,0.009033131500242639,0.08874801901743264,0.09467841684818268,0.005930397830750042,0.2662440570522979,0.2907925546169281,0.02454849756463018,0.17749603803486527,0.21205660700798035,0.034560568973115074,0.09984152139461173,0.04643476754426956,-0.05340675385034217,0.25356576862123614,0.23289994895458221,-0.02066581966665393
0daf776bd222daad,2022-04-16,UFC Fight Night: Luque vs. Muhammad,Istela Nunes,Sam Hughes,5,blue_dec,2022,0.16447823082239116,0.15706247091293335,-0.007415759909457809,0.0685325961759963,0.05479469150304794,-0.013737904672948359,0.43077631882054823,0.5147171020507812,0.08394078323023302,0.048375950241879746,0.05335385352373123,0.004977903281851485,0.08223911541119558,0.05046852305531502,-0.03177059235588056,0.20559778852798893,0.1696033477783203,-0.03599444074966862
1ceab8fa45996f51,2022-04-16,UFC Fight Night: Luque vs. Muhammad,Chris Barnett,Martin Buday,5,blue_dec,2022,0.20008963638293606,0.18471768498420715,-0.015371951398728906,0.027598570535577387,0.019280442968010902,-0.008318127567566485,0.08892872728130491,0.10672622919082642,0.017797501909521507,0.4001792727658721,0.41660812497138977,0.016428852205517652,0.12313208392796067,0.09692081809043884,-0.026211265837521827,0.16007170910634885,0.17574669420719147,0.015674985100842614
4f6e7159e77d4215,2022-04-16,UFC Fight Night: Luque vs. Muhammad,Pat Sabatini,TJ Laramie,2,red_dec,2022,0.1258421253336723,0.11226177215576172,-0.013580353177910592,0.34082242277869584,0.3197188079357147,-0.021103614842981122,0.327189525867548,0.39976465702056885,0.07257513115302083,0.07436125587898819,0.06977849453687668,-0.00458276134211151,0.022721494851913056,0.012592817656695843,-0.010128677195217213,0.10906317528918268,0.08588346838951111,-0.023179706899671568
559031e51ced0b53,2022-04-16,UFC Fight Night: Luque vs. Muhammad,Mounir Lazzez,Ange Loosa,2,red_dec,2022,0.21999855203850513,0.19134734570980072,-0.02865120632870441,0.048529092361434954,0.03232428431510925,-0.0162048080463257,0.3586932913671279,0.3743395209312439,0.015646229564115988,0.13749909502406568,0.1702493578195572,0.03275026279549151,0.04342076684970496,0.02652698941528797,-0.016893777434416987,0.19185920235916146,0.2052125334739685,0.013353331114807049
6d4b6224f26572f9,2022-04-16,UFC Fight Night: Luque vs. Muhammad,Vicente Luque,Belal Muhammad,5,blue_dec,2022,0.2420351911484273,0.23173213005065918,-0.01030306109776813,0.18287103331214508,0.1597915142774582,-0.023079519034686885,0.18287103331214508,0.21265298128128052,0.02978194796913544,0.08229196499046529,0.08643455803394318,0.004142593043477888,0.07481087726405936,0.04492718353867531,-0.029883693725384047,0.23511989997275795,0.2644616365432739,0.029341736570515975
74c58b9d638c5eaa,2022-04-16,UFC Fight Night: Luque vs. Muhammad,Drakkar Klose,Brandon Jenkins,0,red_ko_tko,2022,0.3933580024254486,0.3166387975215912,-0.07671920490385742,0.0826051805093442,0.06684456765651703,-0.015760612852827177,0.34418825212226756,0.425910621881485,0.08172236975921743,0.0688376504244535,0.06903166323900223,0.00019401281454872743,0.03591529587362791,0.02639414370059967,-0.009521152173028243,0.07509561864485838,0.09518019109964371,0.02008457245478533
7c5fc3fc7be4a997,2022-04-16,UFC Fight Night: Luque vs. Muhammad,Miguel Baeza,Andre Fialho,3,blue_ko_tko,2022,0.25309867835376293,0.2215798944234848,-0.03151878393027813,0.11751010066424705,0.08666171133518219,-0.030848389329064863,0.2350202013284941,0.27163854241371155,0.03661834108521744,0.20564267616243234,0.25345438718795776,0.04781171102552542,0.03917003355474902,0.027091093361377716,-0.012078940193371301,0.14955830993631444,0.13957436382770538,-0.00998394610860906
a0a120c50d93f70a,2022-04-16,UFC Fight Night: Luque vs. Muhammad,Caio Borralho,Gadzhi Omargadzhiev,2,red_dec,2022,0.15830675558132792,0.15640699863433838,-0.0018997569469895448,0.1130762539866628,0.11285245418548584,-0.00022379980117695486,0.1978834444766599,0.24478404223918915,0.04690059776252925,0.1978834444766599,0.17861951887607574,-0.019263925600584153,0.12177442737025226,0.07073355466127396,-0.05104087270897831,0.21107567410843722,0.23660340905189514,0.02552773494345792
b09f8cd4cbd7ba56,2022-04-16,UFC Fight Night: Luque vs. Muhammad,Devin Clark,William Knight,0,red_ko_tko,2022,0.18197340780340263,0.1442360281944275,-0.037737379608975136,0.07444366682866471,0.057043980807065964,-0.017399686021598748,0.34120013963137996,0.39146992564201355,0.05026978601063359,0.19043728723611902,0.2313162237405777,0.040878936504458674,0.04816943147737129,0.03272390365600586,-0.015445527821365428,0.16377606702306238,0.14320988953113556,-0.020566177491926824
c20e6697335c3b3d,2022-04-16,UFC Fight Night: Luque vs. Muhammad,Lina Lansberg,Pannie Kianzad,5,blue_dec,2022,0.04330621227110295,0.03849377855658531,-0.004812433714517637,0.03164684742888293,0.019215717911720276,-0.012431129517162652,0.13713633885849266,0.14616167545318604,0.009025336594693373,0.16456360663019123,0.19520367681980133,0.030640070189610097,0.07480163937735965,0.05439860746264458,-0.02040303191471507,0.5485453554339706,0.5465265512466431,-0.002018804187327583
173d576e6247a88a,2022-04-23,UFC Fight Night: Lemos vs. Andrade,Lando Vannata,Charles Jourdain,4,blue_sub,2022,0.13738551207327226,0.10943033546209335,-0.02795517661117891,0.0749375520399667,0.07413297891616821,-0.0008045731237984882,0.27477102414654453,0.30032673478126526,0.02555571063472073,0.18318068276436303,0.21661995351314545,0.03343927074878242,0.05495420482930891,0.04300069436430931,-0.011953510464999602,0.27477102414654453,0.25648927688598633,-0.0182817472605582
3a3ac7b3987f6799,2022-04-23,UFC Fight Night: Lemos vs. Andrade,Amanda Lemos,Jessica Andrade,4,blue_sub,2022,0.17881705639614853,0.1873534917831421,0.008536435386993557,0.05364511691884456,0.04264287278056145,-0.011002244138283115,0.10729023383768913,0.12566958367824554,0.01837934984055642,0.3218707015130674,0.32362377643585205,0.0017530749227846476,0.12379642365887208,0.09976910054683685,-0.02402732311203523,0.21458046767537825,0.2209411859512329,0.00636071827585466
6017351e164dbca3,2022-04-23,UFC Fight Night: Lemos vs. Andrade,Clay Guida,Claudio Puelles,4,blue_sub,2022,0.11545968756010351,0.11025267839431763,-0.005207009165785884,0.0621706009939019,0.0439186654984951,-0.018251935495406796,0.30498785393234895,0.3101988732814789,0.005211019349129931,0.10102722661509057,0.10516729950904846,0.0041400728939578885,0.14694869325831356,0.1341484934091568,-0.012800199849156757,0.2694059376402415,0.296314001083374,0.026908063443132513
6a4ba72b084193b5,2022-04-23,UFC Fight Night: Lemos vs. Andrade,Marcin Prachnio,Philipe Lins,5,blue_dec,2022,0.2949006758140488,0.29009559750556946,-0.004805078308479316,0.06758140487405284,0.04814061149954796,-0.019440793374504883,0.16219537169772683,0.2028205841779709,0.04062521248024406,0.21626049559696908,0.25282004475593567,0.03655954915896659,0.09010853983207046,0.06436097621917725,-0.02574756361289321,0.1689535121851321,0.14176221191883087,-0.027191300266301233
7cf7960c6ccb5fa1,2022-04-23,UFC Fight Night: Lemos vs. Andrade,Dean Barry,Mike Jackson,3,blue_ko_tko,2022,0.4959225064717646,0.5149326324462891,0.01901012597452445,0.1448148366005704,0.12465238571166992,-0.02016245088890048,0.2342592945009227,0.24144163727760315,0.00718234277668045,0.05309877342020914,0.06357184797525406,0.010473074555044919,0.022124488925087143,0.012205686420202255,-0.009918802504884888,0.04978010008144607,0.04319584369659424,-0.0065842563848518346
926977ec3ed0ebe1,2022-04-23,UFC Fight Night: Lemos vs. Andrade,Aoriqileng,Cameron Else,0,red_ko_tko,2022,0.3109017496635263,0.35759058594703674,0.04668883628351045,0.11103633916554509,0.0918426364660263,-0.019193702699518783,0.22207267833109018,0.23739533126354218,0.015322652932451997,0.14131897711978467,0.15661387145519257,0.0152948943354079,0.10363391655450875,0.06298567354679108,-0.040648243007717674,0.11103633916554509,0.09357193857431412,-0.017464400591230972
992e84bf59837e21,2022-04-23,UFC Fight Night: Lemos vs. Andrade,Jordan Wright,Marc-Andre Barriault,4,blue_sub,2022,0.17552269626461153,0.16644379496574402,-0.009078901298867514,0.09292378037538257,0.07491856068372726,-0.018005219691655305,0.11283601902725027,0.14300327003002167,0.0301672510027714,0.32910505549614666,0.3220469653606415,-0.0070580901355051795,0.0789852133190752,0.04962288588285446,-0.029362327436220734,0.21062723551753385,0.24396449327468872,0.033337257757154876
9b8a82276f06829f,2022-04-23,UFC Fight Night: Lemos vs. Andrade,Dwight Grant,Sergey Khandozhko,3,blue_ko_tko,2022,0.2034525277435265,0.14910943806171417,-0.05434308968181234,0.03875286242733838,0.033728163689374924,-0.005024698737963455,0.2325171745640303,0.2544006407260895,0.02188346616205919,0.14796547472256474,0.19629184901714325,0.048326374294578506,0.08138101109741061,0.07066918164491653,-0.010711829452494076,0.2959309494451295,0.29580074548721313,-0.00013020395791635275
a45d4327bc82bc28,2022-04-23,UFC Fight Night: Lemos vs. Andrade,Maycee Barber,Montana De La Rosa,2,red_dec,2022,0.1842983631254426,0.20669983327388763,0.02240147014844504,0.07539478491495379,0.053234539926052094,-0.022160244988901692,0.36058375394108333,0.42937493324279785,0.06879117930171452,0.04364961231918377,0.056172020733356476,0.012522408414172709,0.0921491815627213,0.06656712293624878,-0.025582058626472517,0.2439243041366152,0.18795150518417358,-0.055972798952441616
e4d946470fd150fe,2022-04-23,UFC Fight Night: Lemos vs. Andrade,Preston Parsons,Evan Elder,2,red_dec,2022,0.0991296310559963,0.10918881744146347,0.01005918638546717,0.26434568281599014,0.18557076156139374,-0.0787749212545964,0.17623045521066008,0.22184135019779205,0.04561089498713197,0.24401139952245246,0.2686559557914734,0.02464455626902093,0.07209427713163367,0.05379776656627655,-0.018296510565357124,0.14418855426326735,0.1609453558921814,0.016756801628914048
e8c57c6259193466,2022-04-23,UFC Fight Night: Lemos vs. Andrade,Tyson Pedro,Ike Villanueva,0,red_ko_tko,2022,0.42643044754596493,0.4325961172580719,0.006165669712106969,0.2847284044173369,0.2916838526725769,0.0069554482552400265,0.11389136176693473,0.14349530637264252,0.029603944605707783,0.0996549415460679,0.08020099252462387,-0.019453949021444025,0.022145542565792865,0.013314148411154747,-0.008831394154638118,0.05314930215790288,0.03870958462357521,-0.01443971753432767
5ae5eb729c6bb169,2022-04-30,UFC Fight Night: Font vs. Vera,Rob Font,Marlon Vera,5,blue_dec,2022,0.1558830876842368,0.13845889270305634,-0.017424194981180474,0.048713464901324006,0.040252506732940674,-0.008460958168383333,0.3117661753684736,0.3572092056274414,0.04544303025896779,0.1558830876842368,0.17267680168151855,0.016793713997281745,0.11991006744941293,0.08594220876693726,-0.03396785868247568,0.20784411691231575,0.2054603546857834,-0.00238376222653236
5b731da9e4be4391,2022-04-30,UFC Fight Night: Font vs. Vera,Gabe Green,Yohan Lainesse,0,red_ko_tko,2022,0.21306088784238605,0.25397443771362305,0.04091354987123699,0.14526878716526323,0.11088982969522476,-0.03437895747003847,0.19974458235223694,0.2249419391155243,0.025197356763287354,0.26632610980298255,0.2630642354488373,-0.0032618743541452666,0.061459871492995984,0.03405824676156044,-0.027401624731435544,0.11413976134413538,0.11307135224342346,-0.0010684091007119173
632c2d4ed12f2bdf,2022-04-30,UFC Fight Night: Font vs. Vera,Andre Fili,Joanderson Brito,3,blue_ko_tko,2022,0.28930131004366816,0.19298943877220154,-0.09631187127146662,0.08100436681222709,0.061522141098976135,-0.01948222571325095,0.30567685589519655,0.37629860639572144,0.07062175050052488,0.06750363901018923,0.08136828243732452,0.013864643427135295,0.054002911208151386,0.045876819640398026,-0.00812609156775336,0.2025109170305677,0.24194468557834625,0.03943376854777855
6b956992204ec040,2022-04-30,UFC Fight Night: Font vs. Vera,Krzysztof Jotko,Gerald Meerschaert,2,red_dec,2022,0.21487319448444225,0.2009352594614029,-0.01393793502303936,0.04739849878333285,0.04773169010877609,0.0003331913254432453,0.3503367301376776,0.40993812680244446,0.05960139666476688,0.06198265225512758,0.055417291820049286,-0.006565360435078292,0.20144361982916462,0.15254297852516174,-0.04890064130400287,0.12396530451025516,0.1334346979856491,0.009469393475393953
760e3f292b834637,2022-04-30,UFC Fight Night: Font vs. Vera,Darren Elkins,Tristan Connelly,2,red_dec,2022,0.14084718982770295,0.11859019845724106,-0.022256991370461887,0.12459559100142954,0.10790783911943436,-0.016687751881995186,0.35211797456925736,0.40826281905174255,0.05614484448248519,0.08998570461214354,0.07679636031389236,-0.01318934429825118,0.08998570461214354,0.053977299481630325,-0.03600840513051322,0.202467835377323,0.23446552455425262,0.03199768917692963
7e4b7a70838e5ba4,2022-04-30,UFC Fight Night: Font vs. Vera,Daniel Lacerda,Francisco Figueiredo,4,blue_sub,2022,0.22282547889223234,0.18259799480438232,-0.04022748408785001,0.14179803202232968,0.14048674702644348,-0.0013112849958862027,0.1813695758425147,0.25909721851348877,0.07772764267097407,0.14855031926148823,0.13262426853179932,-0.015926050729688918,0.09748614701535165,0.05606711283326149,-0.041419034182090156,0.20797044696608352,0.22912664711475372,0.0211562001486702
80cf37627a129145,2022-04-30,UFC Fight Night: Font vs. Vera,Gina Mazany,Shanna Young,3,blue_ko_tko,2022,0.17935978095340643,0.15590888261795044,-0.023450898335455994,0.14674891168915075,0.1304059475660324,-0.016342964123118336,0.3045732129397468,0.37226781249046326,0.06769459955071644,0.08071190142903291,0.07685612887144089,-0.0038557725575920215,0.07337445584457537,0.06153441220521927,-0.011840043639356104,0.21523173714408775,0.20302680134773254,-0.012204935796355204
9217ecc287ac482d,2022-04-30,UFC Fight Night: Font vs. Vera,Natan Levy,Mike Breeden,2,red_dec,2022,0.10695682370644752,0.10977436602115631,0.002817542314708793,0.17826137284407917,0.14505547285079956,-0.03320589999327961,0.3646255353628892,0.4060157239437103,0.04139018858082111,0.13369602963305938,0.15028101205825806,0.01658498242519868,0.03819886560944554,0.023852776736021042,-0.0143460888734245,0.17826137284407917,0.1650206744670868,-0.013240698376992377
d2484d74f819d813,2022-04-30,UFC Fight Night: Font vs. Vera,Alexandr Romanov,Chase Sherman,1,red_sub,2022,0.38983563790045933,0.4434716999530792,0.05363606205261989,0.4193110154002502,0.35897549986839294,-0.06033551553185723,0.09631233406952525,0.1097208708524704,0.013408536782945152,0.043087096820577084,0.04962669312953949,0.006539596308962406,0.019967191209535724,0.010289628058671951,-0.009677563150863773,0.03148672459965249,0.02791556715965271,-0.003571157439999778
430309e0f8a315d5,2022-05-07,UFC 274: Oliveira vs. Gaethje,Journey Newson,Fernie Garcia,2,red_dec,2022,0.13093525179856116,0.10608210414648056,-0.024853147652080604,0.08729016786570744,0.06486987322568893,-0.022420294640018504,0.22446043165467627,0.23843656480312347,0.0139761331484472,0.17458033573141488,0.22964218258857727,0.055061846857162394,0.120863309352518,0.08070255070924759,-0.040160758643270414,0.26187050359712233,0.2802667021751404,0.018396198578018053
60d9d50b763adc62,2022-05-07,UFC 274: Oliveira vs. Gaethje,Tracy Cortez,Melissa Gatto,2,red_dec,2022,0.08153618906942393,0.07562080025672913,-0.005915388812694808,0.1019202363367799,0.09515158832073212,-0.00676864801604779,0.35450516986706054,0.412458598613739,0.05795342874667847,0.10871491875923191,0.13593456149101257,0.027219642731780666,0.13589364844903987,0.08726184070110321,-0.048631807747936656,0.21742983751846381,0.19357256591320038,-0.023857271605263436
6a902b97ac98c283,2022-05-07,UFC 274: Oliveira vs. Gaethje,Francisco Trinaldo,Danny Roberts,2,red_dec,2022,0.14868471216164697,0.14626263082027435,-0.002422081341372617,0.0908628796543398,0.07415255159139633,-0.016710328062943466,0.2725886389630194,0.2535642087459564,-0.01902443021706296,0.1817257593086796,0.20345675945281982,0.021731000144140228,0.05451772779260388,0.043948352336883545,-0.010569375455720335,0.2516202821197102,0.27861547470092773,0.02699519258121752
7d4e49d8a6678157,2022-05-07,UFC 274: Oliveira vs. Gaethje,Charles Oliveira,Justin Gaethje,1,red_sub,2022,0.10225417607967942,0.10971276462078094,0.007458588541101527,0.3408472535989314,0.34260234236717224,0.00175508876824082,0.12585129363652853,0.14291797578334808,0.017066682146819556,0.30869185231601337,0.30602699518203735,-0.0026648571339760174,0.03146282340913213,0.01695869490504265,-0.014504128504089484,0.09089260095971503,0.08178125321865082,-0.009111347741064216
80ac36a9dbc4b1a1,2022-05-07,UFC 274: Oliveira vs. Gaethje,Brandon Royval,Matt Schnell,1,red_sub,2022,0.1745017201147358,0.17280961573123932,-0.0016921043834964844,0.3271907252151297,0.3024120032787323,-0.024778721936397408,0.18261807918983983,0.228170245885849,0.04555216669600917,0.07138706731966465,0.09262336790561676,0.021236300585952106,0.0872508600573679,0.059084296226501465,-0.028166563830866437,0.15705154810326225,0.14490048587322235,-0.012151062230039894
8289033e03b4d9a3,2022-05-07,UFC 274: Oliveira vs. Gaethje,Kleydson Rodrigues,CJ Vergara,5,blue_dec,2022,0.25490702316706865,0.21736100316047668,-0.03754602000659196,0.14599220417750297,0.11322854459285736,-0.03276365958464561,0.3491117925983766,0.43573909997940063,0.08662730738102403,0.10036964037203329,0.12022063136100769,0.0198509909889744,0.034911179259837666,0.023976808413863182,-0.010934370845974484,0.1147081604251809,0.08947387337684631,-0.02523428704833458
8390441d93736719,2022-05-07,UFC 274: Oliveira vs. Gaethje,Randy Brown,Khaos Williams,2,red_dec,2022,0.17673097915257527,0.15990155935287476,-0.016829419799700512,0.12235221633639827,0.10250526666641235,-0.019846949669985917,0.21207717498309034,0.24463151395320892,0.032554338970118585,0.2742377262712375,0.31021443009376526,0.03597670382252777,0.03787092410412327,0.02452162653207779,-0.013349297572045483,0.17673097915257527,0.15822558104991913,-0.01850539810265614
88455c967a7ef6fc,2022-05-07,UFC 274: Oliveira vs. Gaethje,Ariane Carnelossi,Loopy Godinez,5,blue_dec,2022,0.1186248134221655,0.09173022210597992,-0.026894591316185587,0.06919780782959654,0.04617433249950409,-0.023023475330092455,0.1931101613849206,0.2155156135559082,0.022405452170987605,0.08303736939551587,0.07987881451845169,-0.003158554877064179,0.11071649252735448,0.07049566507339478,-0.040220827453959704,0.42531335544044707,0.4962053894996643,0.07089203405921723
9d61012a6020516e,2022-05-07,UFC 274: Oliveira vs. Gaethje,Rose Namajunas,Carla Esparza,5,blue_dec,2022,0.2023521272915946,0.20808666944503784,0.0057345421534432395,0.12452438602559668,0.08938861638307571,-0.035135769642520964,0.3237634036665514,0.3965758979320526,0.07281249426550124,0.06226219301279834,0.06699400395154953,0.004731810938751191,0.06226219301279834,0.03637179359793663,-0.02589039941486171,0.22483569699066067,0.20258301496505737,-0.022252682025603293
a2ebb5f86eb64f22,2022-05-07,UFC 274: Oliveira vs. Gaethje,Michael Chandler,Tony Ferguson,0,red_ko_tko,2022,0.39877300613496935,0.38648658990859985,-0.012286416226369501,0.08861622358554873,0.06561661511659622,-0.022999608468952507,0.253189210244425,0.29573556780815125,0.04254635756372627,0.07975460122699388,0.08521932363510132,0.005464722408107442,0.05696757230499561,0.040739525109529495,-0.016228047195466118,0.1226993865030675,0.12620238959789276,0.0035030030948252633
c020ccbd7cdefb6e,2022-05-07,UFC 274: Oliveira vs. Gaethje,Mauricio Rua,Ovince Saint Preux,5,blue_dec,2022,0.13528562623413032,0.14431455731391907,0.009028931079788749,0.04774786808263423,0.02959875948727131,-0.018149108595362923,0.14116760998344036,0.16970708966255188,0.028539479679111524,0.27057125246826064,0.31728634238243103,0.046715089914170393,0.21645700197460854,0.1493154764175415,-0.06714152555706704,0.18877064125692605,0.18977776169776917,0.0010071204408431123
fc4939b3c9071e66,2022-05-07,UFC 274: Oliveira vs. Gaethje,Macy Chiasson,Norma Dumont,2,red_dec,2022,0.10122563651196433,0.0847434550523758,-0.016482181459588532,0.042621320636616555,0.03747543320059776,-0.005145887436018792,0.18832676560365455,0.18706311285495758,-0.0012636527486969695,0.1472372894719481,0.09156671911478043,-0.05567057035716769,0.13496751534928575,0.11345623433589935,-0.021511281013386396,0.3856214724265307,0.4856950342655182,0.10007356183898747
ff6c8dab41efcc09,2022-05-07,UFC 274: Oliveira vs. Gaethje,Blagoy Ivanov,Marcos Rogerio de Lima,2,red_dec,2022,0.22171912656101658,0.2410224825143814,0.019303355953364826,0.13495946834148836,0.11464045196771622,-0.020319016373772147,0.22171912656101658,0.2153211236000061,-0.006398002961010479,0.22171912656101658,0.20950770378112793,-0.012211422779888653,0.07054699481486891,0.04916734993457794,-0.02137964488029097,0.129336157160593,0.1703408658504486,0.04100470868985562
22f1133d02700bb2,2022-05-14,UFC Fight Night: Blachowicz vs. Rakic,Tatsuro Taira,Carlos Candelario,2,red_dec,2022,0.16042321990277383,0.15698979794979095,-0.003433421952982879,0.26737203317128966,0.2518731653690338,-0.015498867802255845,0.291678581641407,0.3537253737449646,0.062046792103557624,0.07291964541035174,0.07358374446630478,0.0006640990559530352,0.047183299971404066,0.02123466692864895,-0.025948633042755118,0.16042321990277383,0.14259327948093414,-0.01782994042183969
43543a2c1c7a7135,2022-05-14,UFC Fight Night: Blachowicz vs. Rakic,Davey Grant,Louis Smolka,0,red_ko_tko,2022,0.42321256813081115,0.40800824761390686,-0.01520432051690429,0.10099390830394357,0.08819019049406052,-0.012803717809883056,0.17954472587367745,0.22878670692443848,0.049241981050761024,0.08079512664315486,0.08758161216974258,0.006786485526587727,0.10772683552420648,0.09646207094192505,-0.011264764582281428,0.10772683552420648,0.09097116440534592,-0.01675567111886056
5c281439d20184f1,2022-05-14,UFC Fight Night: Blachowicz vs. Rakic,Jan Blachowicz,Aleksandar Rakic,0,red_ko_tko,2022,0.15304347826086953,0.11779459565877914,-0.03524888260209039,0.07304347826086956,0.051617663353681564,-0.021425814907187993,0.14608695652173911,0.16425643861293793,0.018169482091198813,0.28695652173913044,0.2755992114543915,-0.011357310284738964,0.07304347826086956,0.051788121461868286,-0.02125535679900127,0.2678260869565217,0.3389439880847931,0.07111790112827138
7e047b195135ef06,2022-05-14,UFC Fight Night: Blachowicz vs. Rakic,Viviane Araujo,Andrea Lee,2,red_dec,2022,0.09793129202286006,0.07555914670228958,-0.022372145320570483,0.06936799851619255,0.050901539623737335,-0.018466458892455212,0.30269672079793114,0.3215893805027008,0.018892659704769665,0.10405199777428882,0.10702542960643768,0.0029734318321488623,0.06403199863033159,0.039390914142131805,-0.02464108448819978,0.3619199922583959,0.4055335223674774,0.04361353010908153
8a1aa64eb1f17913,2022-05-14,UFC Fight Night: Blachowicz vs. Rakic,Michael Johnson,Alan Patrick,0,red_ko_tko,2022,0.2534056560804936,0.24193695187568665,-0.011468704204806945,0.04575379901453356,0.038787782192230225,-0.006966016822303335,0.27452279408720137,0.330386757850647,0.0558639637634456,0.10980911763488055,0.0978391021490097,-0.011970015485870844,0.0968903979131299,0.07294948399066925,-0.023940913922460644,0.2196182352697611,0.218099907040596,-0.001518328229165089
afed0bac5ce5a2f3,2022-05-14,UFC Fight Night: Blachowicz vs. Rakic,Nick Maximov,Andre Petroski,4,blue_sub,2022,0.18908424165759444,0.20937471091747284,0.020290469259878402,0.18908424165759444,0.19120143353939056,0.0021171918817961266,0.3695737450580255,0.41219520568847656,0.04262146063045108,0.054204149275177076,0.04320376366376877,-0.011000385611408307,0.06254324916366585,0.030297378078103065,-0.03224587108556279,0.13551037318794268,0.11372750252485275,-0.021782870663089926
b3248692dfb954b2,2022-05-14,UFC Fight Night: Blachowicz vs. Rakic,Jake Hadley,Allan Nascimento,5,blue_dec,2022,0.1074106364428945,0.09684620052576065,-0.010564435917133852,0.13426329555361813,0.14471983909606934,0.010456543542451208,0.3836094158674803,0.4532386064529419,0.06962919058546158,0.06713164777680906,0.06564848124980927,-0.001483166526999799,0.16111595466434175,0.1372750848531723,-0.02384086981116945,0.14646904969485613,0.10227183252573013,-0.044197217169126
e240d6f77747ec46,2022-05-14,UFC Fight Night: Blachowicz vs. Rakic,Frank Camacho,Manuel Torres,3,blue_ko_tko,2022,0.20415381908756722,0.16848605871200562,-0.0356677603755616,0.07655768215783772,0.05115446075797081,-0.025403221399866907,0.1594951711621619,0.1771296113729477,0.017634440210785807,0.2888969138031612,0.36167073249816895,0.07277381869500776,0.15311536431567543,0.11319369822740555,-0.039921666088269886,0.11778104947359648,0.12836545705795288,0.0105844075843564
f549164690d723bb,2022-05-14,UFC Fight Night: Blachowicz vs. Rakic,Virna Jandiroba,Angela Hill,2,red_dec,2022,0.0745358572988715,0.07461171597242355,7.585867355205944e-05,0.23425555151073896,0.2348286658525467,0.0005731143418077345,0.3416226792864943,0.4080110788345337,0.06638839954803938,0.0745358572988715,0.08486070483922958,0.01032484754035809,0.022774845285766288,0.010197862051427364,-0.012576983234338923,0.25227520931925734,0.18748997151851654,-0.0647852378007408
1b4d0c9e3c59b33b,2022-05-21,UFC Fight Night: Holm vs. Vieira,Jailton Almeida,Parker Porter,1,red_sub,2022,0.24728693580977104,0.24015939235687256,-0.007127543452898483,0.4209765692952055,0.4108539819717407,-0.010122587323464771,0.14612409843304652,0.1815773993730545,0.03545330094000798,0.0803682541381756,0.08823487162590027,0.007866617487724673,0.03827059720865504,0.0182642824947834,-0.02000631471387164,0.06697354511514632,0.06091010570526123,-0.006063439409885088
3542f9f30926f364,2022-05-21,UFC Fight Night: Holm vs. Vieira,Jonathan Martinez,Vince Morales,2,red_dec,2022,0.14389798798398476,0.15509504079818726,0.011197052814202496,0.05396174549399429,0.04371000826358795,-0.010251737230406337,0.3463591106126145,0.42827561497688293,0.08191650436426845,0.20556855426283538,0.22770896553993225,0.022140411277096872,0.09962168398891255,0.049052055925130844,-0.05056962806378171,0.1505909176576585,0.09615834057331085,-0.05443257708434765
4a789cdd5aaf4439,2022-05-21,UFC Fight Night: Holm vs. Vieira,Eryk Anders,JunYong Park,5,blue_dec,2022,0.13428776855613977,0.08916906267404556,-0.04511870588209421,0.03503159179725386,0.030455349013209343,-0.004576242784044518,0.18737828170624157,0.1996064931154251,0.012228211409183537,0.17905035807485303,0.14774198830127716,-0.03130836977357587,0.08057266113368387,0.06064925715327263,-0.019923403980411244,0.38367933873182797,0.47237786650657654,0.08869852777474857
5136dc566f46daf6,2022-05-21,UFC Fight Night: Holm vs. Vieira,Chase Hooper,Felipe Colares,0,red_ko_tko,2022,0.0673469387755102,0.07402298599481583,0.00667604721930562,0.1346938775510204,0.14983047544956207,0.01513659789854166,0.1795918367346939,0.2496439665555954,0.0700521298209015,0.1469387755102041,0.146849125623703,-8.964988650109196e-05,0.1346938775510204,0.06997034698724747,-0.06472353056377295,0.33673469387755106,0.30968305468559265,-0.02705163919195841
534c07488396e124,2022-05-21,UFC Fight Night: Holm vs. Vieira,Omar Morales,Uros Medic,3,blue_ko_tko,2022,0.257822056116654,0.2631066143512726,0.005284558234618597,0.12494453488730155,0.11535302549600601,-0.009591509391295536,0.18886964575987442,0.19997644424438477,0.01110679848451035,0.2388645519904294,0.24438495934009552,0.005520407349666107,0.05414263178449733,0.04389026015996933,-0.010252371624528002,0.13535657946124333,0.13328871130943298,-0.0020678681518103426
5d4fb748ad246269,2022-05-21,UFC Fight Night: Holm vs. Vieira,Santiago Ponzinibbio,Michel Pereira,5,blue_dec,2022,0.1483928228307912,0.10309409350156784,-0.04529872932922335,0.04800944268055009,0.03576070815324783,-0.012248734527302255,0.24004721340275045,0.261687308549881,0.021640095147130528,0.1813690056820781,0.16336989402770996,-0.017999111654368127,0.0741964114153956,0.0484030544757843,-0.025793356939611295,0.30798510398843454,0.3876849412918091,0.07969983730337454
5eaff5c832430378,2022-05-21,UFC Fight Night: Holm vs. Vieira,Polyana Viana,Tabatha Ricci,5,blue_dec,2022,0.08920038228735265,0.07281678915023804,-0.016383593137114613,0.16056068811723478,0.17531459033489227,0.014753902217657489,0.22937241159604968,0.27382081747055054,0.04444840587450086,0.10035043007327174,0.08591215312480927,-0.014438276948462475,0.13380057343102897,0.08966561406850815,-0.04413495936252082,0.2867155144950621,0.30246999859809875,0.015754484103036648
7a2c841693b54dd7,2022-05-21,UFC Fight Night: Holm vs. Vieira,Holly Holm,Ketlen Vieira,5,blue_dec,2022,0.19262860921392533,0.1586610972881317,-0.033967511925793614,0.036013174766081686,0.03578804060816765,-0.00022513415791403785,0.4430458011920282,0.508747398853302,0.06570159766127381,0.06371561689383684,0.049691785126924515,-0.014023831766912326,0.0920336688466532,0.070648193359375,-0.021385475487278205,0.1725631290874748,0.17646346986293793,0.0039003407754631403
bc7228d30ff5be46,2022-05-21,UFC Fight Night: Holm vs. Vieira,Elise Reed,Sam Hughes,3,blue_ko_tko,2022,0.11933240611961056,0.11443471908569336,-0.0048976870339172,0.06425591098748262,0.04628504440188408,-0.017970866585598544,0.39777468706536856,0.4882504343986511,0.09047574733328256,0.06425591098748262,0.052149198949337006,-0.012106712038145617,0.07593880389429764,0.048035360872745514,-0.02790344302155212,0.27844228094575796,0.2508452534675598,-0.027597027478198144
cbdfb3c648d7bada,2022-05-21,UFC Fight Night: Holm vs. Vieira,Joseph Holmes,Alen Amedovski,1,red_sub,2022,0.2123064914791206,0.2214680016040802,0.00916151012495961,0.2653831143489007,0.27233266830444336,0.006949553955542642,0.16586444646806298,0.20602594316005707,0.04016149669199409,0.17692207623260048,0.17875726521015167,0.0018351889775511943,0.04683231429686484,0.025842564180493355,-0.020989750116371483,0.13269155717445036,0.09557357430458069,-0.03711798286986967
f682118709b4143e,2022-05-21,UFC Fight Night: Holm vs. Vieira,Chidi Njokuani,Dusko Todorovic,0,red_ko_tko,2022,0.4156372620258683,0.36062121391296387,-0.05501604811290445,0.06103763987792472,0.08170027285814285,0.020662632980218136,0.19837232960325532,0.23770807683467865,0.03933574723142333,0.11335561691614589,0.08289802819490433,-0.03045758872124156,0.07934893184130212,0.06195495277643204,-0.017393979064870085,0.13224821973550355,0.17511744797229767,0.04286922823679412
344d60564cd136ff,2022-06-04,UFC Fight Night: Volkov vs. Rozenstruik,Michael Trizano,Lucas Almeida,3,blue_ko_tko,2022,0.110529459861809,0.11491245031356812,0.0043829904517591195,0.11842442128050963,0.0925210639834404,-0.025903357297069232,0.42459487629841264,0.46592944860458374,0.0413345723061711,0.09210788321817416,0.09541497379541397,0.00330709057723981,0.10362136862044594,0.05388541892170906,-0.049735949698736875,0.15072199072064862,0.1773366779088974,0.026614687188248776
3aa49ed298e4c34f,2022-06-04,UFC Fight Night: Volkov vs. Rozenstruik,Karine Silva,Poliana Botelho,1,red_sub,2022,0.12249659731674122,0.10404302179813385,-0.018453575518607365,0.15924557651176358,0.17251385748386383,0.013268280972100255,0.25277075636787866,0.379060834646225,0.12629007827834632,0.15924557651176358,0.11319359391927719,-0.046051982592486385,0.06124829865837061,0.035773277282714844,-0.025475021375655764,0.24499319463348243,0.1954154223203659,-0.049577772313116525
4f2501e804c84abe,2022-06-04,UFC Fight Night: Volkov vs. Rozenstruik,Felice Herrig,Karolina Kowalkiewicz,4,blue_sub,2022,0.048218590945620136,0.03386705368757248,-0.014351537258047657,0.13661934101259038,0.12321849167346954,-0.013400849339120835,0.327886418430217,0.3451983332633972,0.01731191483318023,0.09107956067506026,0.09328615665435791,0.0022065959792976486,0.05464773640503616,0.029860349372029305,-0.024787387033006855,0.34154835253147603,0.3745696544647217,0.03302130193324565
59b2bbb251968ca9,2022-06-04,UFC Fight Night: Volkov vs. Rozenstruik,Erin Blanchfield,JJ Aldrich,1,red_sub,2022,0.11587704608070876,0.1227392926812172,0.006862246600508437,0.14747987682999297,0.10464417934417725,-0.04283569748581573,0.5161795689049754,0.5953930616378784,0.07921349273290301,0.08111393225649614,0.08948417752981186,0.008370245273315716,0.031197666252498514,0.013962402939796448,-0.017235263312702066,0.10815190967532819,0.07377687096595764,-0.034375038709370545
7a635063e5f1699b,2022-06-04,UFC Fight Night: Volkov vs. Rozenstruik,Alexander Volkov,Jairzinho Rozenstruik,0,red_ko_tko,2022,0.20771513353115728,0.21702289581298828,0.009307762281831,0.05539070227497527,0.04952969402074814,-0.005861008254227133,0.3461918892185955,0.4004063606262207,0.0542144714076252,0.26376524892845365,0.23224566876888275,-0.031519580159570904,0.023079459281239695,0.014756926335394382,-0.008322532945845312,0.10385756676557864,0.08603840321302414,-0.0178191635525545
7e20b0536fbbd560,2022-06-04,UFC Fight Night: Volkov vs. Rozenstruik,Jeff Molina,Zhalgas Zhumagulov,2,red_dec,2022,0.15836832633473305,0.15879589319229126,0.0004275668575582092,0.09898020395920816,0.09119652956724167,-0.007783674391966491,0.3599280143971205,0.4390835464000702,0.07915553200294967,0.1319736052789442,0.10196473449468613,-0.030008870784258068,0.052789442111577684,0.026047540828585625,-0.02674190128299206,0.19796040791841632,0.18291178345680237,-0.015048624461613952
93969a7368dc2e14,2022-06-04,UFC Fight Night: Volkov vs. Rozenstruik,Alonzo Menifield,Askar Mozharov,0,red_ko_tko,2022,0.44827184709496554,0.4482773244380951,5.477343129556278e-06,0.14670714995835235,0.09818224608898163,-0.04852490386937072,0.0896543694189931,0.09061167389154434,0.0009573044725512403,0.23053980707741084,0.28042370080947876,0.04988389373206792,0.03103420479888223,0.02443242073059082,-0.00660178406829141,0.05379262165139587,0.05807258561253548,0.00427996396113961
a09447d185a62251,2022-06-04,UFC Fight Night: Volkov vs. Rozenstruik,Rinat Fakhretdinov,Andreas Michailidis,2,red_dec,2022,0.36380597014925375,0.37284189462661743,0.009035924477363677,0.12313432835820898,0.11520696431398392,-0.00792736404422506,0.21343283582089553,0.24710538983345032,0.033672554012554784,0.12313432835820898,0.10214464366436005,-0.02098968469384893,0.05335820895522388,0.044340044260025024,-0.009018164695198859,0.12313432835820898,0.11836104840040207,-0.0047732799578069085
a679800d2e7c3be2,2022-06-04,UFC Fight Night: Volkov vs. Rozenstruik,Ode Osbourne,Zarrukh Adashev,0,red_ko_tko,2022,0.2697870811247866,0.23172929883003235,-0.03805778229475426,0.11562303476776568,0.08421730995178223,-0.03140572481598346,0.24903422873057227,0.36160117387771606,0.1125669451471438,0.14715658970442907,0.10930081456899643,-0.037855775135432645,0.03854101158925523,0.024139124900102615,-0.014401886689152613,0.17985805408319105,0.1890122890472412,0.009154234964050156
aacb47949a572f25,2022-06-04,UFC Fight Night: Volkov vs. Rozenstruik,Dan Ige,Movsar Evloev,5,blue_dec,2022,0.07509561864485838,0.05120585113763809,-0.023889767507220286,0.03591529587362791,0.027144363150000572,-0.00877093272362734,0.137675300848907,0.1265575885772705,-0.011117712271636493,0.11800740072763458,0.08567801862955093,-0.03232938209808364,0.0826051805093442,0.04903886467218399,-0.033566315837160215,0.550701203395628,0.6603753566741943,0.10967415327856633
e5e75d831670b401,2022-06-04,UFC Fight Night: Volkov vs. Rozenstruik,Joe Solecki,Alex Da Silva,2,red_dec,2022,0.079013632022228,0.056347910314798355,-0.022665721707429642,0.1896327168533472,0.15891316533088684,-0.030719551522460364,0.25397238864287575,0.29689106345176697,0.04291867480889122,0.10940349049231571,0.11393581330776215,0.004532322815446438,0.14222453764001042,0.08833371102809906,-0.05389082661191136,0.22575323434922287,0.28557834029197693,0.05982510594275406
049ad6d87b42eba8,2022-06-11,UFC 275: Teixeira vs. Prochazka,Valentina Shevchenko,Taila Santos,2,red_dec,2022,0.29116332025069713,0.26199716329574585,-0.029166156954951283,0.1482285994003549,0.13037072122097015,-0.01785787817938475,0.3882177603342628,0.46373867988586426,0.07552091955160145,0.04795631157070305,0.034847963601350784,-0.013108347969352264,0.04290827877378694,0.03201386332511902,-0.01089441544866792,0.0815257296701952,0.07703161984682083,-0.004494109823374365
4305cb30533dac77,2022-06-11,UFC 275: Teixeira vs. Prochazka,Zhang Weili,Joanna Jedrzejczyk,0,red_ko_tko,2022,0.1667660837918809,0.15214043855667114,-0.014625645235209761,0.06414080145841573,0.045359499752521515,-0.01878130170589422,0.3790138267997293,0.38425135612487793,0.005237529325148649,0.08338304189594045,0.08819300681352615,0.004809964917585702,0.02875277306756567,0.016277706250548363,-0.012475066817017308,0.27794347298646815,0.31377798318862915,0.035834510202160996
4a116a55ffaa0d64,2022-06-11,UFC 275: Teixeira vs. Prochazka,Maheshate,Steve Garcia,0,red_ko_tko,2022,0.18630101293033252,0.19978754222393036,0.013486529293597838,0.030811321369247305,0.030528707429766655,-0.00028261393948065053,0.14565351920007816,0.2343042939901352,0.08865077479005704,0.2913070384001563,0.18711480498313904,-0.10419223341701728,0.14565351920007816,0.11189848929643631,-0.03375502990364185,0.20027358890010746,0.2363661229610443,0.03609253406093685
50eed57ea1390e16,2022-06-11,UFC 275: Teixeira vs. Prochazka,Brendan Allen,Jacob Malkoun,2,red_dec,2022,0.1859784491962912,0.1608048379421234,-0.025173611254167783,0.3017763515260574,0.23663294315338135,-0.06514340837267607,0.2284878090125863,0.27539369463920593,0.046905885626619626,0.09408321547577084,0.10155470669269562,0.0074714912169247805,0.066642277628671,0.05473707616329193,-0.011905201465379073,0.1230318971606234,0.17087672650814056,0.04784482934751716
c94b153951be7590,2022-06-11,UFC 275: Teixeira vs. Prochazka,SeungWoo Choi,Josh Culibao,5,blue_dec,2022,0.30311310727097485,0.2307213693857193,-0.07239173788525555,0.043871633947114776,0.040852420032024384,-0.003019213915090392,0.31455133773403054,0.3690151870250702,0.054463849291039645,0.1041951306243976,0.10070408135652542,-0.003491049267872179,0.04903300264677534,0.03983127698302269,-0.009201725663752651,0.18523578777670685,0.21887566149234772,0.03363987371564087
d7a7ba46c4f075d7,2022-06-11,UFC 275: Teixeira vs. Prochazka,Andre Fialho,Jake Matthews,3,blue_ko_tko,2022,0.37997587454764775,0.3538985252380371,-0.026077349309610642,0.03980699638118214,0.04318144544959068,0.0033744490684085443,0.11942098914354643,0.12674051523208618,0.007319526088539752,0.07599517490952955,0.06032395362854004,-0.01567122128098951,0.11942098914354643,0.08143751323223114,-0.03798347591131529,0.2653799758745476,0.33441802859306335,0.06903805271851576
f115a91066a77ee7,2022-06-11,UFC 275: Teixeira vs. Prochazka,Jack Della Maddalena,Ramazan Emeev,0,red_ko_tko,2022,0.22141515341264872,0.21580731868743896,-0.005607834725209759,0.05535378835316218,0.04956433176994324,-0.005789456583218944,0.3321227301189731,0.40512627363204956,0.07300354351307647,0.06386975579211021,0.04534479230642319,-0.018524963485687024,0.08303068252974327,0.05212606117129326,-0.030904621358450013,0.24420788979336258,0.23203124105930328,-0.012176648734059298
fd49f89b9d97566b,2022-06-11,UFC 275: Teixeira vs. Prochazka,Glover Teixeira,Jiri Prochazka,4,blue_sub,2022,0.09180504314492328,0.09785735607147217,0.006052312926548883,0.1921500903033278,0.1963769644498825,0.004226874146554704,0.08262453883043096,0.10079682618379593,0.01817228735336497,0.4746516060471566,0.45328015089035034,-0.021371455156806274,0.048602669900253505,0.049356359988451004,0.0007536900881974992,0.11016605177390794,0.10233233869075775,-0.007833713083150187
11e83902f5b8ff63,2022-06-18,UFC Fight Night: Kattar vs. Emmett,Joaquin Buckley,Albert Duraev,0,red_ko_tko,2022,0.18941735501524437,0.18962709605693817,0.0002097410416938006,0.02808602160570865,0.021100614219903946,-0.006985407385804703,0.10859928354207343,0.1349818855524063,0.02638260201033288,0.16968638053448976,0.24090823531150818,0.07122185477701842,0.2714982088551836,0.1897563934326172,-0.08174181542256642,0.23271275044730022,0.22362582385540009,-0.009086926591900135
1378fc2be3819b2b,2022-06-18,UFC Fight Night: Kattar vs. Emmett,Ricardo Ramos,Danny Chavez,0,red_ko_tko,2022,0.12423321723521809,0.11912267655134201,-0.0051105406838760775,0.16823248167269114,0.1570076197385788,-0.011224861934112346,0.41360571103920163,0.5171520709991455,0.10354635995994388,0.1345859853381529,0.0870094895362854,-0.04757649580186751,0.03510938747951815,0.02014903910458088,-0.014960348374937274,0.12423321723521809,0.09955915808677673,-0.024674059148441355
1bc662949337a8c4,2022-06-18,UFC Fight Night: Kattar vs. Emmett,Tim Means,Kevin Holland,4,blue_sub,2022,0.11340206185567009,0.09381197392940521,-0.019590087926264876,0.037800687285223365,0.025383278727531433,-0.012417408557691932,0.14432989690721648,0.18429416418075562,0.039964267273539134,0.28350515463917525,0.25055304169654846,-0.03295211294262679,0.13230240549828176,0.13226813077926636,-3.4274719015403576e-05,0.28865979381443296,0.3136894106864929,0.025029616872059957
20cefe64f4b28be8,2022-06-18,UFC Fight Night: Kattar vs. Emmett,Adrian Yanez,Tony Kelley,0,red_ko_tko,2022,0.3462567546298725,0.3459230959415436,-0.0003336586883289083,0.07963905356487068,0.07063031941652298,-0.0090087341483477,0.28959655841771154,0.3669637143611908,0.07736715594347926,0.07963905356487068,0.08183005452156067,0.0021910009566899896,0.06636587797072556,0.04162832349538803,-0.024737554475337528,0.138502701851949,0.09302449971437454,-0.04547820213757445
2c7c7648e847f2e5,2022-06-18,UFC Fight Night: Kattar vs. Emmett,Jasmine Jasudavicius,Natalia Silva,5,blue_dec,2022,0.16126615471061997,0.17755082249641418,0.01628466778579421,0.11519011050758568,0.10810951143503189,-0.007080599072553789,0.3933320846600487,0.42373183369636536,0.030399749036316648,0.05375538490353999,0.050091490149497986,-0.0036638947540420033,0.11519011050758568,0.0716896504163742,-0.043500460091211474,0.16126615471061997,0.16882666945457458,0.0075605147439546105
4e6218b6b892b017,2022-06-18,UFC Fight Night: Kattar vs. Emmett,Damir Ismagulov,Guram Kutateladze,2,red_dec,2022,0.15344114328694997,0.12630440294742584,-0.027136740339524124,0.03836028582173749,0.03545939549803734,-0.002900890323700153,0.40278300112824367,0.48390376567840576,0.0811207645501621,0.1790146671681083,0.193619042634964,0.014604375466855696,0.0473862354268522,0.02223738096654415,-0.025148854460308047,0.1790146671681083,0.13847602903842926,-0.04053863812967903
5095f6290670009d,2022-06-18,UFC Fight Night: Kattar vs. Emmett,Julian Marquez,Gregory Rodrigues,3,blue_ko_tko,2022,0.18788540596094552,0.1852014660835266,-0.0026839398774189116,0.08976747173689618,0.07986453175544739,-0.009902939981448797,0.1242934224049332,0.19923780858516693,0.07494438618023373,0.2485868448098664,0.203679621219635,-0.04490722359023139,0.16158144912641315,0.11877986788749695,-0.0428015812389162,0.18788540596094552,0.2132367044687271,0.02535129850778159
897d9e21c59d0633,2022-06-18,UFC Fight Night: Kattar vs. Emmett,Phil Hawes,Deron Winn,0,red_ko_tko,2022,0.3679893232642167,0.30736732482910156,-0.06062199843511512,0.09524429543309137,0.09566506743431091,0.00042077200121953817,0.2313075746232219,0.3172626197338104,0.08595504511058852,0.11565378731161095,0.10555834323167801,-0.010095444079932944,0.042609290062172456,0.02746882289648056,-0.015140467165691895,0.1471957293056867,0.14667785167694092,-0.0005178776287457776
8b5c760f34daafe0,2022-06-18,UFC Fight Night: Kattar vs. Emmett,Eddie Wineland,Cody Stamann,3,blue_ko_tko,2022,0.08605525465025697,0.06694088131189346,-0.019114373338363508,0.0227090255327067,0.01994757354259491,-0.0027614519901117893,0.08175249191774413,0.08946551382541656,0.007713021907672438,0.30849996950092123,0.25761714577674866,-0.05088282372417258,0.10219061489718015,0.07238337397575378,-0.029807240921426364,0.3987926435011908,0.4936455190181732,0.0948528755169824
9a92d376fba2379d,2022-06-18,UFC Fight Night: Kattar vs. Emmett,Court McGee,Jeremiah Wells,3,blue_ko_tko,2022,0.10579857578840285,0.11623275279998779,0.010434177011584944,0.061037639877924724,0.050455909222364426,-0.010581730655560298,0.31739572736520855,0.3429190516471863,0.025523324281977733,0.15869786368260427,0.17249128222465515,0.013793418542050878,0.15869786368260427,0.12626801431179047,-0.03242984937081381,0.19837232960325535,0.19163298606872559,-0.0067393435345297625
e8a5e53ffd33c0f9,2022-06-18,UFC Fight Night: Kattar vs. Emmett,Roman Dolidze,Kyle Daukaus,0,red_ko_tko,2022,0.08905497742802199,0.0890994444489479,4.446702092592014e-05,0.06679123307101649,0.07477205991744995,0.007980826846433461,0.16697808267754125,0.23853236436843872,0.07155428169089748,0.14572632670039962,0.19672705233097076,0.05100072563057115,0.22899851338634225,0.14233580231666565,-0.0866627110696766,0.3024508667366785,0.2585332691669464,-0.04391759756973207
029a12d36a4687e1,2022-06-25,UFC Fight Night: Tsarukyan vs. Gamrot,Thiago Moises,Christos Giagos,1,red_sub,2022,0.14806032975559721,0.16838262975215912,0.020322299996561904,0.2505636349710107,0.2022934854030609,-0.04827014956794978,0.29612065951119443,0.3686597943305969,0.0725391348194025,0.08143318136557846,0.07755662500858307,-0.003876556356995395,0.042859569139778134,0.021000944077968597,-0.021858625061809536,0.180962625256841,0.16210655868053436,-0.018856066576306646
1f5f59924b59408b,2022-06-25,UFC Fight Night: Tsarukyan vs. Gamrot,Arman Tsarukyan,Mateusz Gamrot,5,blue_dec,2022,0.2508475243060363,0.2771487534046173,0.026301229098581014,0.1358757423324363,0.1259135603904724,-0.009962181941963882,0.30764319018664826,0.3508012294769287,0.04315803929028045,0.09591228870524916,0.08965697884559631,-0.0062553098596528495,0.06793787116621815,0.030662016943097115,-0.03727585422312103,0.1417833833034118,0.12581747770309448,-0.015965905600317326
21f79cd40513d075,2022-06-25,UFC Fight Night: Tsarukyan vs. Gamrot,Shayilan Nuerdanbieke,TJ Brown,2,red_dec,2022,0.08945686900958466,0.10333123058080673,0.013874361571222071,0.05750798722044728,0.054241862148046494,-0.0032661250724007884,0.2012779552715655,0.22102580964565277,0.01974785437408727,0.11501597444089456,0.09496854245662689,-0.020047431984267672,0.2012779552715655,0.13082733750343323,-0.07045061776813227,0.3354632587859425,0.395605206489563,0.06014194770362047
24a9fc95a3112f51,2022-06-25,UFC Fight Night: Tsarukyan vs. Gamrot,Brian Kelleher,Mario Bautista,4,blue_sub,2022,0.11521171599750084,0.101659394800663,-0.013552321196837844,0.1240741556896163,0.10376400500535965,-0.02031015068425665,0.15361562133000112,0.1610715687274933,0.007455947397492169,0.18755395627500138,0.15227408707141876,-0.035279869203582614,0.11521171599750084,0.0869627594947815,-0.028248956502719344,0.30433283471037964,0.3942682147026062,0.08993537999222656
28bd070f7ab0a0b9,2022-06-25,UFC Fight Night: Tsarukyan vs. Gamrot,Nate Maness,Umar Nurmagomedov,5,blue_dec,2022,0.041507024265644954,0.030489610508084297,-0.011017413757560657,0.03033205619412516,0.023266766220331192,-0.007065289973793968,0.06066411238825032,0.04893062263727188,-0.011733489750978439,0.15772669220945082,0.1521039605140686,-0.005622731695382216,0.39431673052362703,0.4439477324485779,0.049631001924950846,0.31545338441890164,0.30126136541366577,-0.014192019005235867
2c73bf152247f25a,2022-06-25,UFC Fight Night: Tsarukyan vs. Gamrot,Vanessa Demopoulos,Jinh Yu Frey,2,red_dec,2022,0.047700587084148725,0.034820761531591415,-0.01287982555255731,0.12475538160469668,0.10655321180820465,-0.01820216979649203,0.16218199608610567,0.19697147607803345,0.034789479991927774,0.12475538160469668,0.12408346682786942,-0.0006719147768272649,0.1158442829186469,0.06587234884500504,-0.049971934073641866,0.42476237070170536,0.4716987609863281,0.046936390284622764
3c98739eb42f96bf,2022-06-25,UFC Fight Night: Tsarukyan vs. Gamrot,Neil Magny,Shavkat Rakhmonov,4,blue_sub,2022,0.05341778833465294,0.04833931475877762,-0.00507847357587532,0.03483768804433887,0.02642432413995266,-0.008413363904386212,0.13354447083663235,0.15240709483623505,0.0188626239996027,0.3642121931908155,0.36287036538124084,-0.0013418278095746472,0.21367115333861175,0.17653273046016693,-0.03713842287844482,0.20031670625494855,0.23342618346214294,0.0331094772071944
3f38100fd8dae286,2022-06-25,UFC Fight Night: Tsarukyan vs. Gamrot,Chris Curtis,Rodolfo Vieira,2,red_dec,2022,0.4080645161290323,0.38039904832839966,-0.027665467800632615,0.035483870967741936,0.03975672274827957,0.004272851780537636,0.07419354838709677,0.09004275500774384,0.015849206620647066,0.07419354838709677,0.06126013025641441,-0.012933418130682356,0.32645161290322583,0.3261139690876007,-0.0003376438156251216,0.08161290322580646,0.10242737084627151,0.020814467620465057
8cc43d79b61efc25,2022-06-25,UFC Fight Night: Tsarukyan vs. Gamrot,JP Buys,Cody Durden,3,blue_ko_tko,2022,0.1227600098816107,0.12891258299350739,0.006152573111896681,0.1994850160576174,0.20151102542877197,0.0020260093711545746,0.1994850160576174,0.2264268845319748,0.026941868474357394,0.15958801284609392,0.17174211144447327,0.012154098598379348,0.08399369097162837,0.03799630329012871,-0.04599738768149966,0.23468825418543224,0.23341108858585358,-0.0012771655995786613
a457331c27bce6d5,2022-06-25,UFC Fight Night: Tsarukyan vs. Gamrot,Raulian Paiva,Sergey Morozov,5,blue_dec,2022,0.15296140392482363,0.14976975321769714,-0.0031916507071264866,0.08030473706053241,0.07203665375709534,-0.008268083303437077,0.18675520246635444,0.2010933756828308,0.014338173216476374,0.17845497124562756,0.13672417402267456,-0.041730797222953,0.08030473706053241,0.041076529771089554,-0.03922820728944286,0.32121894824212965,0.3992995023727417,0.07808055413061205
c57c8e22a3e8dde2,2022-06-25,UFC Fight Night: Tsarukyan vs. Gamrot,Josh Parisian,Alan Baudot,0,red_ko_tko,2022,0.20678215997051236,0.2205321192741394,0.013749959303627046,0.07519351271654995,0.06161559000611305,-0.013577922710436896,0.24327312937707335,0.24791760742664337,0.004644478049570022,0.2757095466273498,0.25306466221809387,-0.02264488440925594,0.04865462587541467,0.02975872904062271,-0.01889589683479196,0.1503870254330999,0.18711131811141968,0.03672429267831978
0308bcdd00cc72e2,2022-07-02,UFC 276: Adesanya vs. Cannonier,Sean Strickland,Alex Pereira,3,blue_ko_tko,2022,0.1923069977296187,0.19898048043251038,0.00667348270289167,0.09188001002637337,0.0626550167798996,-0.029224993246473777,0.2432117912462825,0.2687264680862427,0.02551467683996017,0.30626670008791124,0.35769224166870117,0.051425541580789935,0.02851448587025381,0.014654646627604961,-0.013859839242648848,0.13782001503956007,0.09729110449552536,-0.04052891054403471
0e2c7ec02a095813,2022-07-02,UFC 276: Adesanya vs. Cannonier,Jessica-Rose Clark,Julija Stoliarenko,4,blue_sub,2022,0.1262433052792655,0.12101642787456512,-0.005226877404700375,0.06838179035960214,0.04376648738980293,-0.024615302969799205,0.37299158377964803,0.44673097133636475,0.07373938755671672,0.06312165263963275,0.06636475026607513,0.0032430976264423844,0.16411629686304516,0.11606095731258392,-0.048055339550461235,0.20514537107880643,0.20606034994125366,0.0009149788624472355
12a33d16e1d4e2d9,2022-07-02,UFC 276: Adesanya vs. Cannonier,Robbie Lawler,Bryan Barberena,3,blue_ko_tko,2022,0.1680486307058432,0.12372145801782608,-0.044327172688017114,0.02897390184583503,0.023305270820856094,-0.005668631024978936,0.30008684054614854,0.36084362864494324,0.0607567880987947,0.1867207007842702,0.22472888231277466,0.038008181528504464,0.04942606785465976,0.03198552504181862,-0.017440542812841138,0.26674385826324315,0.2354152351617813,-0.03132862310146184
1c85003f6ec59c9d,2022-07-02,UFC 276: Adesanya vs. Cannonier,Jessica Eye,Maycee Barber,5,blue_dec,2022,0.06196966321715709,0.03953148424625397,-0.022438178970903125,0.047388565989590715,0.03441627323627472,-0.012972292753315996,0.16112112436460843,0.15880778431892395,-0.002313340045684481,0.17902347151623157,0.15241314470767975,-0.026610326808551826,0.06713380181858684,0.03933856263756752,-0.027795239181019324,0.48336337309382527,0.5754927396774292,0.09212936658360393
4047e98132306cd5,2022-07-02,UFC 276: Adesanya vs. Cannonier,Alexander Volkanovski,Max Holloway,2,red_dec,2022,0.1652498241928449,0.15811298787593842,-0.007136836316906481,0.04860288946848379,0.041595108807086945,-0.007007780661396845,0.4131245604821122,0.49484124779701233,0.08171668731490012,0.12711524937911145,0.1042712852358818,-0.022843964143229645,0.039345196236391634,0.023253370076417923,-0.01609182615997371,0.2065622802410561,0.1779259741306305,-0.028636306110425613
459bc7c0b47719c3,2022-07-02,UFC 276: Adesanya vs. Cannonier,Jim Miller,Donald Cerrone,1,red_sub,2022,0.223485029368225,0.24079924821853638,0.01731421885031137,0.1955494006971969,0.18256010115146637,-0.012989299545730526,0.20858602741034335,0.2349911779165268,0.026405150506183445,0.17382168950861945,0.18043793737888336,0.006616247870263908,0.07821976027887877,0.0585194006562233,-0.01970035962265547,0.12033809273673657,0.1026921197772026,-0.017645972959533962
57775c8af89007c7,2022-07-02,UFC 276: Adesanya vs. Cannonier,Brad Tavares,Dricus Du Plessis,5,blue_dec,2022,0.10844629822732012,0.11229018121957779,0.0038438829922576717,0.03128258602711157,0.02319207414984703,-0.00809051187726454,0.25026068821689257,0.25577762722969055,0.005516939012797983,0.33889468196037537,0.30012330412864685,-0.038771377831728515,0.10844629822732012,0.0929088220000267,-0.015537476227293415,0.16266944734098018,0.21570798754692078,0.05303854020594059
98411542ca0e847d,2022-07-02,UFC 276: Adesanya vs. Cannonier,Brad Riddell,Jalin Turner,4,blue_sub,2022,0.2000753682559846,0.19656670093536377,-0.0035086673206208285,0.042121130159154654,0.03952522948384285,-0.0025959006753118047,0.1778447717830974,0.23377636075019836,0.05593158896710096,0.32012058920957537,0.27930471301078796,-0.040815876198787404,0.11432878186056263,0.10060609877109528,-0.01372268308946735,0.14550935873162518,0.1502208560705185,0.004711497338893311
99ac96bb67e5c5e4,2022-07-02,UFC 276: Adesanya vs. Cannonier,Uriah Hall,Andre Muniz,5,blue_dec,2022,0.1573039864119162,0.12721945345401764,-0.030084532957898563,0.027121376967571758,0.01967039704322815,-0.0074509799243436085,0.07150181200541646,0.07036755979061127,-0.0011342522148051898,0.17478220712435133,0.16224469244480133,-0.01253751467955,0.41198663107882816,0.4533146619796753,0.041328030900847135,0.1573039864119162,0.16718325018882751,0.009879263776911312
a7eaf7b101166d3e,2022-07-02,UFC 276: Adesanya vs. Cannonier,Israel Adesanya,Jared Cannonier,2,red_dec,2022,0.3589913097325138,0.39126893877983093,0.032277629047317125,0.05504533415898545,0.055067114531993866,2.1780373008414844e-05,0.37530909653853717,0.3978925049304962,0.022583408391959048,0.1100906683179709,0.07502289116382599,-0.035067777154144913,0.03175692355326084,0.012889428064227104,-0.018867495489033735,0.06880666769873181,0.06785911321640015,-0.000947554482331664
478bc7d1288e043e,2022-07-09,UFC Fight Night: Dos Anjos vs. Fiziev,Kennedy Nzechukwu,Karl Roberson,0,red_ko_tko,2022,0.239312742892207,0.26790159940719604,0.028588856514989047,0.0478625485784414,0.03726561367511749,-0.010596934903323904,0.2712211086111679,0.4002313017845154,0.1290101931733475,0.18081407240744526,0.09221110492944717,-0.08860296747799809,0.13561055430558394,0.07697286456823349,-0.05863768973735045,0.12517897320515442,0.12541747093200684,0.00023849772685241577
6c60e58f8e9e7a4c,2022-07-09,UFC Fight Night: Dos Anjos vs. Fiziev,Caio Borralho,Armen Petrosyan,2,red_dec,2022,0.1937101891347432,0.2075778692960739,0.01386768016133072,0.2384125404735301,0.22948843240737915,-0.00892410806615096,0.2582802521796576,0.2904118001461029,0.032131547966445295,0.1721868347864384,0.1690700203180313,-0.0031168144684070864,0.026718646777205958,0.014803706668317318,-0.01191494010888864,0.11069153664842468,0.08864813297986984,-0.02204340366855484
81cbb709dedc914d,2022-07-09,UFC Fight Night: Dos Anjos vs. Fiziev,Antonina Shevchenko,Cortney Casey,2,red_dec,2022,0.16166564605021433,0.1379796862602234,-0.02368595978999094,0.08083282302510716,0.06339118629693985,-0.017441636728167315,0.36742192284139613,0.4286232888698578,0.06120136602846166,0.07348438456827923,0.07998483628034592,0.006500451712066688,0.10104102878138395,0.06036045402288437,-0.04068057475849958,0.2155541947336191,0.2296605408191681,0.014106346085549004
a103b30f6898de7e,2022-07-09,UFC Fight Night: Dos Anjos vs. Fiziev,Michael Johnson,Jamie Mullarkey,5,blue_dec,2022,0.17889844542977723,0.1719256043434143,-0.006972841086362924,0.030963192478230678,0.021636607125401497,-0.009326585352829181,0.11500614349057107,0.13872644305229187,0.023720299561720795,0.3500186975799989,0.3724375069141388,0.022418809334139866,0.12385276991292271,0.09792836010456085,-0.02592440980836186,0.2012607511084994,0.19734549522399902,-0.003915255884500368
a652918360fe9a72,2022-07-09,UFC Fight Night: Dos Anjos vs. Fiziev,David Onama,Garrett Armfield,1,red_sub,2022,0.4192318968044562,0.42180436849594116,0.0025724716914849455,0.1600703605980651,0.14944154024124146,-0.010628820356823637,0.26678393433010844,0.2905658483505249,0.02378191402041646,0.06156552330694811,0.05563296377658844,-0.00593255953035967,0.030782761653474055,0.01951889880001545,-0.011263862853458605,0.06156552330694811,0.06303633749485016,0.001470814187902049
bba6cc8760da34ab,2022-07-09,UFC Fight Night: Dos Anjos vs. Fiziev,Douglas Silva de Andrade,Said Nurmagomedov,5,blue_dec,2022,0.09859154929577466,0.09227261692285538,-0.006318932372919278,0.04381846635367762,0.027264654636383057,-0.016553811717294566,0.08763693270735524,0.09734492003917694,0.009707987331821696,0.28169014084507044,0.3097984492778778,0.028108308432807372,0.22535211267605634,0.18347753584384918,-0.04187457683220716,0.26291079812206575,0.28984183073043823,0.026931032608372485
be69cbf1f1671c8e,2022-07-09,UFC Fight Night: Dos Anjos vs. Fiziev,Rafael Dos Anjos,Rafael Fiziev,3,blue_ko_tko,2022,0.08725150465073864,0.07354031503200531,-0.013711189618733327,0.11841275631171672,0.10066520422697067,-0.017747552084746043,0.15788367508228895,0.17934350669384003,0.021459831611551072,0.255042859748313,0.24339444935321808,-0.0116484103950949,0.03603866496443552,0.02046195976436138,-0.015576705200074141,0.34537053924250716,0.38259461522102356,0.0372240759785164
c58b3223b5caa18a,2022-07-09,UFC Fight Night: Dos Anjos vs. Fiziev,Aiemann Zahabi,Ricky Turcios,2,red_dec,2022,0.16227282388871558,0.12388867139816284,-0.03838415249055274,0.06761367662029814,0.05147194489836693,-0.016141731721931216,0.14752074898974143,0.17808721959590912,0.030566470606167684,0.18868933010315764,0.20573194324970245,0.017042613146544816,0.08113641194435779,0.060425546020269394,-0.020710865924088398,0.3527670084537295,0.3803946375846863,0.027627629130956788
fb3f5a65da9f2ac7,2022-07-09,UFC Fight Night: Dos Anjos vs. Fiziev,Ronnie Lawrence,Saidyokub Kakhramonov,5,blue_dec,2022,0.10067114093959731,0.07791043817996979,-0.02276070275962752,0.08948545861297538,0.07185401767492294,-0.01763144093805244,0.32214765100671144,0.3719446659088135,0.04979701490210203,0.17897091722595077,0.2236843854188919,0.04471346819294114,0.10738255033557047,0.07091926783323288,-0.03646328250233759,0.20134228187919462,0.183687224984169,-0.01765505689502561
4965d8eab468b839,2022-07-16,UFC Fight Night: Ortega vs. Rodriguez,Lauren Murphy,Miesha Tate,2,red_dec,2022,0.0636397945022035,0.052819035947322845,-0.010820758554880655,0.04866572520756739,0.044415343552827835,-0.004250381654739552,0.24332862603783692,0.2578338384628296,0.01450521242499267,0.08273173285286456,0.08486486971378326,0.002133136860918705,0.1378862214214409,0.09791886806488037,-0.03996735335656054,0.42374789997808676,0.46214810013771057,0.03840020015962381
4dd2bcd2b025204e,2022-07-16,UFC Fight Night: Ortega vs. Rodriguez,Bill Algeo,Herbert Burns,0,red_ko_tko,2022,0.2644797539723219,0.28389009833335876,0.01941034436103689,0.08815991799077395,0.11703769117593765,0.0288777731851637,0.28337116497034487,0.28452688455581665,0.0011557195854717817,0.06611993849308047,0.047173984348773956,-0.018945954144306512,0.18452075858534084,0.14294502139091492,-0.04157573719442592,0.11334846598813794,0.12442630529403687,0.011077839305898923
74b8a36293758342,2022-07-16,UFC Fight Night: Ortega vs. Rodriguez,Ricky Simon,Jack Shore,1,red_sub,2022,0.07910958904109591,0.06475628167390823,-0.014353307367187679,0.052739726027397266,0.03598378226161003,-0.016755943765787235,0.2636986301369863,0.3056429326534271,0.04194430251644082,0.113013698630137,0.13861896097660065,0.025605262346463653,0.13184931506849315,0.09015701711177826,-0.04169229795671489,0.35958904109589046,0.3648410141468048,0.005251973050914349
7503d5c892f238fb,2022-07-16,UFC Fight Night: Ortega vs. Rodriguez,Brian Ortega,Yair Rodriguez,3,blue_ko_tko,2022,0.12389274598994494,0.13133934140205383,0.007446595412108889,0.26843428297821403,0.20353256165981293,-0.0649017213184011,0.21474742638257124,0.24372638761997223,0.028978961237400985,0.1789561886521427,0.19491229951381683,0.015956110861674144,0.03501316734498444,0.024953069165349007,-0.010060098179635435,0.1789561886521427,0.20153634250164032,0.02258015384949763
9f3326195672c2b9,2022-07-16,UFC Fight Night: Ortega vs. Rodriguez,Dwight Grant,Dustin Stoltzfus,5,blue_dec,2022,0.23749505218641281,0.16952358186244965,-0.06797147032396317,0.04249911460177913,0.04473983868956566,0.0022407240877865275,0.20187079435845087,0.264499694108963,0.06262889975051214,0.10093539717922544,0.15964514017105103,0.05870974299182559,0.20187079435845087,0.15557809174060822,-0.04629270261784266,0.21532884731568092,0.20601366460323334,-0.009315182712447578
a5d2f0fed3ce2899,2022-07-16,UFC Fight Night: Ortega vs. Rodriguez,Dustin Jacoby,Da Woon Jung,0,red_ko_tko,2022,0.20474337594960165,0.19972549378871918,-0.005017882160882475,0.038998738276114595,0.028655951842665672,-0.010342786433448922,0.2339924296566876,0.3038170039653778,0.06982457430869021,0.24087455994070783,0.1974218338727951,-0.04345272606791273,0.06299796183064667,0.05422161892056465,-0.008776342910082016,0.21839293434624177,0.21615809202194214,-0.0022348423242996296
b1af3bd0f8266a90,2022-07-16,UFC Fight Night: Ortega vs. Rodriguez,Jessica Penne,Emily Ducote,5,blue_dec,2022,0.03873239436619718,0.03836215287446976,-0.000370241491727423,0.14788732394366197,0.09239121526479721,-0.05549610867886476,0.21690140845070421,0.27228495478630066,0.055383546335596445,0.16267605633802817,0.15527182817459106,-0.00740422816343711,0.10845070422535211,0.06579139083623886,-0.042659313389113246,0.32535211267605635,0.37589842081069946,0.050546308134643114
d439374c1fc95581,2022-07-16,UFC Fight Night: Ortega vs. Rodriguez,Shane Burgos,Charles Jourdain,2,red_dec,2022,0.2567901234567901,0.21601280570030212,-0.04077731775648796,0.08987654320987654,0.0702732503414154,-0.01960329286846113,0.24888888888888888,0.29241684079170227,0.04352795190281339,0.16177777777777777,0.20107731223106384,0.03929953445328607,0.08088888888888889,0.04705249145627022,-0.03383639743261867,0.16177777777777777,0.17316730320453644,0.011389525426758668
ebefe958473b3843,2022-07-16,UFC Fight Night: Ortega vs. Rodriguez,Punahele Soriano,Dalcha Lungiambula,0,red_ko_tko,2022,0.33953083012564456,0.30861568450927734,-0.030915145616367212,0.07407945384559517,0.05665883794426918,-0.017420615901325986,0.23966882126516087,0.2738257646560669,0.034156943390906025,0.16297479846030938,0.2061420977115631,0.04316729925125373,0.04793376425303217,0.024611424654722214,-0.023322339598309955,0.1358123320502578,0.13014617562294006,-0.005666156427317742
1c84dafe38694c05,2022-07-23,UFC Fight Night: Blaydes vs. Aspinall,Claudio Silva,Nicolas Dalby,5,blue_dec,2022,0.05500327400440502,0.047294892370700836,-0.007708381633704187,0.1500089291029228,0.11277329176664352,-0.03723563733627927,0.1500089291029228,0.17077118158340454,0.020762252480481747,0.2619203524019287,0.2805153727531433,0.01859502035121463,0.0392880528602893,0.02282613515853882,-0.016461917701750484,0.3437704625275314,0.36581912636756897,0.022048663840037563
1ff520024da5b3b2,2022-07-23,UFC Fight Night: Blaydes vs. Aspinall,Nikita Krylov,Alexander Gustafsson,0,red_ko_tko,2022,0.22360054206192015,0.24823631346225739,0.024635771400337236,0.20869383925779214,0.21528559923171997,0.00659175997392783,0.20869383925779214,0.23231323063373566,0.023619391375943516,0.15652037944334413,0.1629464030265808,0.006426023583236684,0.06020014593974774,0.033376991748809814,-0.026823154190937927,0.14229125403940374,0.10784145444631577,-0.03444979959308797
2dbf9d8d6915711e,2022-07-23,UFC Fight Night: Blaydes vs. Aspinall,Muhammad Mokaev,Charles Johnson,2,red_dec,2022,0.17948717948717946,0.162555992603302,-0.016931186883877458,0.28846153846153844,0.25452399253845215,-0.03393754592308629,0.33653846153846156,0.43947020173072815,0.10293174019226659,0.0673076923076923,0.06245417147874832,-0.004853520828943983,0.03846153846153846,0.015301619656383991,-0.023159918805154465,0.08974358974358973,0.06569401919841766,-0.024049570545172066
3d35f25d9792a69a,2022-07-23,UFC Fight Night: Blaydes vs. Aspinall,Makwan Amirkhani,Jonathan Pearce,3,blue_ko_tko,2022,0.06575774625246152,0.05161683261394501,-0.014140913638516509,0.19727323875738456,0.19830767810344696,0.001034439346062399,0.10521239400393843,0.11261966079473495,0.007407266790796521,0.28694289273801393,0.25637882947921753,-0.030564063258796403,0.11272756500421974,0.09818839281797409,-0.014539172186245647,0.23208616324398185,0.28288862109184265,0.050802457847860805
47b1cd4e3e2595f8,2022-07-23,UFC Fight Night: Blaydes vs. Aspinall,Paul Craig,Volkan Oezdemir,5,blue_dec,2022,0.09091996650317025,0.0960668995976448,0.0051469330944745595,0.27275989950951074,0.252068430185318,-0.020691469324192746,0.08182796985285323,0.10335417836904526,0.021526208516192025,0.34094987438688845,0.3701256513595581,0.029175776972669654,0.04306735255413328,0.023899691179394722,-0.019167661374738555,0.17047493719344423,0.1544850766658783,-0.01598986052756593
8e02bdaac8ed50e5,2022-07-23,UFC Fight Night: Blaydes vs. Aspinall,Paddy Pimblett,Jordan Leavitt,1,red_sub,2022,0.30715787549136114,0.26696932315826416,-0.04018855233309698,0.2170582320138952,0.21668903529644012,-0.00036919671745508365,0.16957674376085563,0.20469021797180176,0.03511347421094613,0.0542645580034738,0.058010779321193695,0.003746221317719893,0.11628119572172957,0.08791175484657288,-0.028369440875156693,0.1356613950086845,0.1657288521528244,0.030067457144139914
925a36a4af600291,2022-07-23,UFC Fight Night: Blaydes vs. Aspinall,Jack Hermansson,Chris Curtis,2,red_dec,2022,0.12628330901043325,0.12149401754140854,-0.004789291469024709,0.14924391064869383,0.12530893087387085,-0.02393497977482298,0.2414239731081812,0.28168556094169617,0.04026158783351497,0.26058460589454474,0.29866689443588257,0.03808228854133783,0.03157082725260831,0.016428178176283836,-0.015142649076324476,0.1908933740855386,0.15641644597053528,-0.03447692811500333
a1029686c3f1bead,2022-07-23,UFC Fight Night: Blaydes vs. Aspinall,Jai Herbert,Kyle Nelson,2,red_dec,2022,0.4426559356136821,0.3613669276237488,-0.08128900798993333,0.055171609366342994,0.06391162425279617,0.008740014886453179,0.19245910244073136,0.2476709485054016,0.05521184606467025,0.16551482809902898,0.18982093036174774,0.02430610226271876,0.06896451170792874,0.05755468085408211,-0.011409830853846628,0.0752340127722859,0.07967483997344971,0.004440827201163802
a57969d4ba7d4a79,2022-07-23,UFC Fight Night: Blaydes vs. Aspinall,Molly McCann,Hannah Goldy,0,red_ko_tko,2022,0.1825369710576407,0.14496971666812897,-0.03756725438951172,0.08214163697593832,0.0769822970032692,-0.005159339972669125,0.5227195080286984,0.6053344011306763,0.0826148931019779,0.04831860998584607,0.03872881084680557,-0.009589799139040497,0.05476109131729221,0.03903595358133316,-0.01572513773595905,0.10952218263458442,0.09494878351688385,-0.014573399117700572
b0d06858fb725654,2022-07-23,UFC Fight Night: Blaydes vs. Aspinall,Mason Jones,Ludovit Klein,5,blue_dec,2022,0.35371053099217703,0.31350618600845337,-0.04020434498372366,0.10847122950426763,0.11965949088335037,0.011188261379082742,0.30699404576679523,0.32476481795310974,0.01777077218631451,0.1016917776602509,0.11268354207277298,0.010991764412522073,0.03873972482295272,0.020090175792574883,-0.01864954903037784,0.09039269125355635,0.1092958003282547,0.018903109074698346
d0fb381cacbb0446,2022-07-23,UFC Fight Night: Blaydes vs. Aspinall,Curtis Blaydes,Tom Aspinall,0,red_ko_tko,2022,0.23886813254118944,0.2340896725654602,-0.004778459975729232,0.05414344337600294,0.054049376398324966,-9.406697767797012e-05,0.13535860844000733,0.17074798047542572,0.03538937203541839,0.3383965211000184,0.316567599773407,-0.021828921326611406,0.12494640779077601,0.08675313740968704,-0.03819327038108897,0.10828688675200587,0.13779225945472717,0.0295053727027213
e600b78e5a652dc0,2022-07-23,UFC Fight Night: Blaydes vs. Aspinall,Mandy Bohm,Victoria Leonardo,5,blue_dec,2022,0.0904392764857881,0.09301061183214188,0.002571335346353773,0.10852713178294573,0.1060139611363411,-0.00251317064660464,0.32558139534883723,0.39909428358078003,0.0735128882319428,0.08139534883720931,0.09170828759670258,0.010312938759493268,0.13565891472868216,0.0894077941775322,-0.046251120551149966,0.25839793281653745,0.22076508402824402,-0.03763284878829343
f6fd50bf69bb59e6,2022-07-23,UFC Fight Night: Blaydes vs. Aspinall,Nathaniel Wood,Charles Rosa,2,red_dec,2022,0.18131947088449762,0.16348163783550262,-0.017837833048995,0.12552886445849837,0.09126421064138412,-0.03426465381711424,0.5080366306858094,0.6045388579368591,0.09650222725104973,0.04294408520948628,0.0484473779797554,0.005503292770269119,0.06799480158168661,0.03311508148908615,-0.03487972009260046,0.07417614718002176,0.05915282666683197,-0.015023320513189789
058c2724dec1add1,2022-07-30,UFC 277: Pena vs. Nunes 2,Magomed Ankalaev,Anthony Smith,0,red_ko_tko,2022,0.309563932863902,0.3280242681503296,0.018460335286427598,0.06836203517411167,0.03885601833462715,-0.02950601683948452,0.4297042210944163,0.4930155873298645,0.0633113662354482,0.0631034170837954,0.06677228212356567,0.0036688650397702777,0.05468962813928935,0.03117399662733078,-0.023515631511958568,0.07457676564448547,0.04215789586305618,-0.032418869781429285
189b9af881b96de6,2022-07-30,UFC 277: Pena vs. Nunes 2,Drakkar Klose,Rafa Garcia,2,red_dec,2022,0.20400000000000001,0.14532974362373352,-0.058670256376266494,0.04800000000000001,0.03596269339323044,-0.01203730660676957,0.40800000000000003,0.4749740660190582,0.0669740660190582,0.068,0.0579565055668354,-0.010043494433164601,0.10200000000000001,0.06457512080669403,-0.03742487919330598,0.17000000000000004,0.22120186686515808,0.05120186686515804
1ed550f094ca7745,2022-07-30,UFC 277: Pena vs. Nunes 2,Nicolae Negumereanu,Ihor Potieria,0,red_ko_tko,2022,0.1992489184957138,0.2414500117301941,0.04220109323448029,0.10626608986438069,0.09451354295015335,-0.011752546914227335,0.1992489184957138,0.22647304832935333,0.027224129833639532,0.2277130497093872,0.2080017328262329,-0.01971131688315428,0.12261471907428542,0.0735534131526947,-0.04906130592159072,0.14490830436051913,0.15600821375846863,0.011099909397949498
52f87252af59e23b,2022-07-30,UFC 277: Pena vs. Nunes 2,Derrick Lewis,Sergei Pavlovich,3,blue_ko_tko,2022,0.3150035946773745,0.29373037815093994,-0.021273216526434546,0.03210613561134778,0.02654021605849266,-0.005565919552855118,0.08347595258950423,0.08154242485761642,-0.0019335277318878047,0.42755975716575334,0.4727633595466614,0.04520360238090804,0.04910350152323778,0.033684227615594864,-0.015419273907642916,0.09275105843278247,0.09173938632011414,-0.0010116721126683381
579b5770129b328a,2022-07-30,UFC 277: Pena vs. Nunes 2,Alex Morono,Matthew Semelsberger,2,red_dec,2022,0.09184033910279053,0.08691974729299545,-0.00492059180979508,0.0688802543270929,0.06254537403583527,-0.00633488029125763,0.25432709290003536,0.35564666986465454,0.10131957696461918,0.25432709290003536,0.17845338582992554,-0.07587370707010982,0.05510420346167432,0.033453624695539474,-0.021650578766134847,0.2755210173083716,0.28298115730285645,0.00746013999448486
66f7bb31d24b3b36,2022-07-30,UFC 277: Pena vs. Nunes 2,Orion Cosce,Blood Diamond,2,red_dec,2022,0.28912182009531306,0.28076761960983276,-0.008354200485480301,0.16402103255407186,0.13407137989997864,-0.029949652654093217,0.16402103255407186,0.19921237230300903,0.03519133974893718,0.19835101611190084,0.2665323317050934,0.06818131559319254,0.029410667906247363,0.013827057555317879,-0.015583610350929485,0.1550744307783952,0.10558923333883286,-0.04948519743956234
72c3e5eacde4f0e5,2022-07-30,UFC 277: Pena vs. Nunes 2,Julianna Pena,Amanda Nunes,5,blue_dec,2022,0.06818760041682785,0.06611127406358719,-0.0020763263532406623,0.10910016066692457,0.09670546650886536,-0.012394694158059216,0.1168930292859906,0.1472187489271164,0.030325719641125792,0.389643430953302,0.43025994300842285,0.040616512055120846,0.12588480076952835,0.07134009897708893,-0.05454470179243942,0.19029097790742658,0.18836446106433868,-0.0019265168430878943
81a18de517a3336a,2022-07-30,UFC 277: Pena vs. Nunes 2,Drew Dober,Rafael Alves,0,red_ko_tko,2022,0.35132233824534004,0.31619003415107727,-0.03513230409426277,0.05386942519761881,0.045588187873363495,-0.008281237324255314,0.17956475065872934,0.20911630988121033,0.029551559222480983,0.10100517224553526,0.0973457545042038,-0.0036594177413314666,0.17956475065872934,0.17987991869449615,0.00031516803576681074,0.134673562994047,0.15187980234622955,0.017206239352182545
96b62bd56b252bab,2022-07-30,UFC 277: Pena vs. Nunes 2,Alexandre Pantoja,Alex Perez,1,red_sub,2022,0.14631172525909367,0.15119178593158722,0.0048800606724935525,0.2011786222312538,0.21495158970355988,0.01377296747230608,0.29262345051818733,0.27990812063217163,-0.012715329886015703,0.1005893111156269,0.09431204944849014,-0.006277261667136755,0.08047144889250152,0.05275360867381096,-0.02771784021869056,0.1788254419833367,0.20688286423683167,0.028057422253494974
e492dc60d8e44866,2022-07-30,UFC 277: Pena vs. Nunes 2,Michael Morales,Adam Fugitt,0,red_ko_tko,2022,0.4658006900750965,0.4895288944244385,0.023728204349341975,0.13513970637981193,0.1227511465549469,-0.01238855982486503,0.21622353020769908,0.24041329324245453,0.02418976303475545,0.06756985318990597,0.07070428878068924,0.0031344355907832744,0.04769636695758068,0.022282123565673828,-0.02541424339190685,0.06756985318990597,0.054320260882377625,-0.01324959230752834
044d210d7b1eb519,2022-08-06,UFC Fight Night: Santos vs. Hill,Augusto Sakai,Serghei Spivac,3,blue_ko_tko,2022,0.12492850353264559,0.11084660142660141,-0.01408190210604418,0.03530588143313897,0.024521170184016228,-0.010784711249122746,0.12492850353264559,0.1451384574174881,0.020209953884842508,0.29528555380443505,0.27435433864593506,-0.020931215158499994,0.2165427394565857,0.15397565066814423,-0.06256708878844147,0.2030088182405491,0.29116377234458923,0.08815495410404015
2b11aa4b90b1dd41,2022-08-06,UFC Fight Night: Santos vs. Hill,Brogan Walker,Juliana Miller,3,blue_ko_tko,2022,0.05479452054794521,0.04564573988318443,-0.009148780664760776,0.0684931506849315,0.06427369266748428,-0.00421945801744722,0.34246575342465757,0.3892616927623749,0.04679593933771731,0.05479452054794521,0.05508019030094147,0.0002856697529962579,0.136986301369863,0.08158932626247406,-0.055396975107388946,0.34246575342465757,0.36414939165115356,0.021683638226495994
36f38c2534ef646b,2022-08-06,UFC Fight Night: Santos vs. Hill,Mohammed Usman,Zac Pauga,0,red_ko_tko,2022,0.11417697431018077,0.1140894889831543,-8.74853270264736e-05,0.06660323501427212,0.06651077419519424,-9.246081907787751e-05,0.11417697431018077,0.14132168889045715,0.027144714580276383,0.285442435775452,0.263965904712677,-0.021476531062774973,0.09990485252140818,0.05554015934467316,-0.044364693176735026,0.3196955280685062,0.35857197642326355,0.03887644835475734
4adef20ce69217be,2022-08-06,UFC Fight Night: Santos vs. Hill,Bryan Battle,Takashi Sato,0,red_ko_tko,2022,0.104021994169649,0.14367908239364624,0.039657088223997244,0.24767141468964046,0.27406200766563416,0.026390592975993693,0.35462043466925797,0.3935737907886505,0.038953356119392546,0.14860284881378427,0.08309180289506912,-0.06551104591871515,0.04106131348801934,0.023639289662241936,-0.017422023825777407,0.104021994169649,0.08195405453443527,-0.022067939635213724
a6b328733d610e2b,2022-08-06,UFC Fight Night: Santos vs. Hill,Vicente Luque,Geoff Neal,3,blue_ko_tko,2022,0.23717411541118888,0.21133458614349365,-0.025839529267695227,0.16127839847960845,0.12998317182064056,-0.03129522665896789,0.23717411541118888,0.2867986857891083,0.0496245703779194,0.18753302148791678,0.18263602256774902,-0.004896998920167761,0.04244168381042327,0.022506115958094597,-0.019935567852328674,0.13439866539967368,0.16674141585826874,0.032342750458595054
a8bc6e005077bb0b,2022-08-06,UFC Fight Night: Santos vs. Hill,Thiago Santos,Jamahal Hill,3,blue_ko_tko,2022,0.1505418106963918,0.13256274163722992,-0.017979069059161884,0.04357789257000815,0.030160458758473396,-0.013417433811534756,0.0974094069211947,0.10285846143960953,0.005449054518414834,0.5268963374373713,0.5976014137268066,0.07070507628943534,0.04357789257000815,0.026771973818540573,-0.01680591875146758,0.13799665980502582,0.11004496365785599,-0.02795169614716983
b5274277ef6707c9,2022-08-06,UFC Fight Night: Santos vs. Hill,Cory McKenna,Miranda Granger,1,red_sub,2022,0.09049773755656107,0.08225739747285843,-0.00824034008370264,0.13574660633484162,0.15174581110477448,0.015999204769932857,0.4072398190045249,0.36629316210746765,-0.04094665689705723,0.06787330316742081,0.08432476222515106,0.016451459057730253,0.08144796380090498,0.04451707750558853,-0.03693088629531645,0.21719457013574658,0.27086177468299866,0.05366720454725207
b530bb13aac1e48b,2022-08-06,UFC Fight Night: Santos vs. Hill,Terrance McKinney,Erick Gonzalez,1,red_sub,2022,0.3726351023545552,0.36083754897117615,-0.011797553383379067,0.3564335761652267,0.3306140899658203,-0.025819486199406383,0.12612265002769563,0.15932676196098328,0.03320411193328765,0.06831643543166845,0.08518543839454651,0.016869002962878063,0.02826886983379384,0.016841791570186615,-0.011427078263607227,0.048223366187060086,0.04719432815909386,-0.0010290380279662295
eda397c27787afa4,2022-08-06,UFC Fight Night: Santos vs. Hill,Sam Alvey,Michal Oleksiejczuk,3,blue_ko_tko,2022,0.06315990940699862,0.058063823729753494,-0.005096085677245121,0.03157995470349931,0.030063580721616745,-0.0015163739818825628,0.0821078822290982,0.08906365931034088,0.006955777081242676,0.4561549012727678,0.4391730725765228,-0.016981828696244983,0.06842323519091517,0.05215131491422653,-0.01627192027668864,0.2985741171967207,0.3314845561981201,0.032910439001399394
0823f97be9c3a62e,2022-08-13,UFC Fight Night: Vera vs. Cruz,Ode Osbourne,Tyson Nam,3,blue_ko_tko,2022,0.31990894764489586,0.3674331605434418,0.047524212898545914,0.17772719313605323,0.13755927979946136,-0.040167913336591865,0.25389599019436176,0.29133373498916626,0.037437744794804495,0.10663631588163194,0.10579020529985428,-0.0008461105817776648,0.027578357555594468,0.01482032798230648,-0.012758029573287987,0.11425319558746279,0.0830632671713829,-0.031189928416079885
11cc331fa40ede63,2022-08-13,UFC Fight Night: Vera vs. Cruz,Marlon Vera,Dominick Cruz,0,red_ko_tko,2022,0.2377082486793986,0.26864612102508545,0.030937872345686845,0.09244209670865501,0.0888126939535141,-0.003629402755140912,0.34665786265745635,0.341595321893692,-0.005062540763764334,0.08319788703778952,0.08223962038755417,-0.000958266650235351,0.031999187322226744,0.015124601311981678,-0.016874586010245066,0.2079947175944738,0.20358169078826904,-0.004413026806204756
38b6ef176439c39b,2022-08-13,UFC Fight Night: Vera vs. Cruz,Bruno Silva,Gerald Meerschaert,4,blue_sub,2022,0.4898466360685099,0.5439589619636536,0.05411232589514364,0.0628008507780141,0.04744597524404526,-0.015354875533968845,0.14843837456621514,0.15175458788871765,0.0033162133225025092,0.054427404007612215,0.04235484078526497,-0.012072563222347246,0.14843837456621514,0.10303493589162827,-0.04540343867458688,0.09604836001343332,0.11145063489675522,0.015402274883321895
5f31f3e32669f5b9,2022-08-13,UFC Fight Night: Vera vs. Cruz,Angela Hill,Loopy Godinez,2,red_dec,2022,0.0631838173721386,0.041003983467817307,-0.022179833904321294,0.022816378495494494,0.015346474945545197,-0.007469903549949298,0.16427792516756037,0.17020389437675476,0.005925969209194387,0.07467178416707289,0.04573531821370125,-0.02893646595337164,0.13689827097296695,0.12496312707662582,-0.011935143896341122,0.5381518238247667,0.6027472019195557,0.06459537809478899
7f9a331bc3100afd,2022-08-13,UFC Fight Night: Vera vs. Cruz,Jason Witt,Josh Quinlan,3,blue_ko_tko,2022,0.05458362491252624,0.05150313675403595,-0.0030804881584902896,0.06298110566829951,0.036593154072761536,-0.026387951595537973,0.18194541637508746,0.18925988674163818,0.007314470366550724,0.4093771868439468,0.45984649658203125,0.050469309738084445,0.10916724982505248,0.06511808931827545,-0.04404916050677703,0.18194541637508746,0.19767922163009644,0.015733805255008976
833d67f423315d18,2022-08-13,UFC Fight Night: Vera vs. Cruz,Yazmin Jauregui,Iasmin Lucindo,2,red_dec,2022,0.24268137462876535,0.19928589463233948,-0.04339547999642587,0.06875972281148351,0.05512864887714386,-0.013631073934339655,0.3437986140574176,0.4065680205821991,0.06276940652478152,0.07501060670343657,0.07626605778932571,0.0012554510858891477,0.06347051336444633,0.040016159415245056,-0.02345435394920127,0.20627916843445054,0.2227352112531662,0.016456042818715655
8986373b4a6e90b6,2022-08-13,UFC Fight Night: Vera vs. Cruz,Cynthia Calvillo,Nina Nunes,5,blue_dec,2022,0.09078212290502792,0.08046121150255203,-0.010320911402475888,0.20425977653631283,0.1701083481311798,-0.03415142840513302,0.3404329608938547,0.4170770049095154,0.07664404401566066,0.08170391061452514,0.08630027621984482,0.004596365605319674,0.031424581005586594,0.016287250444293022,-0.015137330561293572,0.25139664804469275,0.2297658771276474,-0.02163077091704535
b96c8fef6c9f92db,2022-08-13,UFC Fight Night: Vera vs. Cruz,Martin Buday,Lukasz Brzeski,2,red_dec,2022,0.3892672616251761,0.4199160635471344,0.03064880192195829,0.09082902771254109,0.06596458703279495,-0.024864440679746136,0.24042977923907938,0.2693289518356323,0.028899172596552947,0.09082902771254109,0.08967357873916626,-0.0011554489733748285,0.06288163457022077,0.03358931094408035,-0.029292323626140412,0.12576326914044153,0.12152749300003052,-0.004235776140411013
d19e010f071a4b45,2022-08-13,UFC Fight Night: Vera vs. Cruz,Devin Clark,Azamat Murzakanov,3,blue_ko_tko,2022,0.1327433628318584,0.14948850870132446,0.01674514586946607,0.08849557522123894,0.06050340458750725,-0.02799217063373169,0.19911504424778761,0.24600335955619812,0.046888315308410505,0.33185840707964603,0.328097939491272,-0.0037604675883740613,0.08849557522123894,0.055594440549612045,-0.03290113467162689,0.1592920353982301,0.16031233966350555,0.001020304265275468
efd7efba85092c6f,2022-08-13,UFC Fight Night: Vera vs. Cruz,Nate Landwehr,David Onama,2,red_dec,2022,0.0899112564222326,0.07479481399059296,-0.015116442431639648,0.053946753853339566,0.03943067789077759,-0.014516075962561978,0.10789350770667913,0.11344101279973984,0.005547505093060706,0.3853339560952826,0.4337393343448639,0.0484053782495813,0.1471275105091079,0.1057937741279602,-0.04133373638114771,0.21578701541335826,0.23280036449432373,0.017013349080965467
f858f91453555291,2022-08-13,UFC Fight Night: Vera vs. Cruz,Gabriel Benitez,Charlie Ontiveros,0,red_ko_tko,2022,0.5388703668913836,0.4929644763469696,-0.04590589054441396,0.1028107936832245,0.09515634924173355,-0.007654444441490951,0.09138737216286622,0.10880166292190552,0.017414290759039303,0.16449726989315921,0.2155841439962387,0.051086874103079494,0.03916601664122838,0.033805251121520996,-0.005360765519707385,0.06326818072813815,0.053688108921051025,-0.009580071807087129
0cf7a4593fd44e59,2022-08-20,UFC 278: Usman vs. Edwards,Leonardo Santos,Jared Gordon,5,blue_dec,2022,0.11494252873563217,0.0933379977941513,-0.021604530941480862,0.10057471264367816,0.0834411010146141,-0.017133611629064058,0.10057471264367816,0.12024356424808502,0.01966885160440686,0.2681992337164751,0.24966108798980713,-0.018538145726667954,0.08045977011494253,0.04868283122777939,-0.03177693888716314,0.33524904214559387,0.40463340282440186,0.06938436067880799
2ac3ce1f62b3c4b9,2022-08-20,UFC 278: Usman vs. Edwards,Jose Aldo,Merab Dvalishvili,5,blue_dec,2022,0.16421267358840913,0.14213912189006805,-0.022073551698341076,0.054737557862803043,0.038094621151685715,-0.01664293671111733,0.2345895336977273,0.24478992819786072,0.010200394500133408,0.12631744122185318,0.13582028448581696,0.009502843263963778,0.06315872061092659,0.03739235922694206,-0.025766361383984526,0.3569840730182807,0.4017637372016907,0.04477966418340995
2cd9e3796be57a79,2022-08-20,UFC 278: Usman vs. Edwards,Wu Yanan,Lucie Pudilova,3,blue_ko_tko,2022,0.08343271478318944,0.07609302550554276,-0.00733968927764668,0.06952726231932452,0.07051055133342743,0.0009832890141029116,0.3148404331441111,0.36965706944465637,0.054816636300545285,0.08343271478318944,0.0942925289273262,0.010859814144136767,0.06952726231932452,0.030187850818037987,-0.03933941150128653,0.37923961265086104,0.3592589497566223,-0.01998066289423872
2de6652160cc7b9f,2022-08-20,UFC 278: Usman vs. Edwards,Paulo Costa,Luke Rockhold,2,red_dec,2022,0.5233168274500353,0.5689497590065002,0.04563293155646497,0.04943991417977161,0.03814946115016937,-0.011290453029602236,0.1680957082112235,0.1587713360786438,-0.009324372132579695,0.07003987842134311,0.07476305216550827,0.004723173744165157,0.08404785410561175,0.05755263939499855,-0.026495214710613196,0.10505981763201468,0.10181374102830887,-0.003246076603705808
4dac5258f22be059,2022-08-20,UFC 278: Usman vs. Edwards,AJ Fletcher,Ange Loosa,5,blue_dec,2022,0.16238543623250362,0.1591642200946808,-0.0032212161378228354,0.11598959730893114,0.08695577830076218,-0.029033819008168968,0.3063876155330257,0.40114131569862366,0.09475370016559798,0.12491187402500278,0.14777514338493347,0.022863269359930688,0.07381156192386529,0.04138068109750748,-0.03243088082635781,0.21651391497667147,0.16358281672000885,-0.05293109825666262
5abcf9f282983acc,2022-08-20,UFC 278: Usman vs. Edwards,Tyson Pedro,Harry Hunsucker,0,red_ko_tko,2022,0.5791877545981977,0.5542029738426208,-0.024984780755576863,0.20271571410936917,0.2117711901664734,0.009055476057104217,0.05405752376249845,0.08072830736637115,0.026670783603872705,0.08108628564374767,0.07832685112953186,-0.002759434514215814,0.035254906801629425,0.029452970251441002,-0.005801936550188423,0.047697815084557456,0.045517683029174805,-0.002180132055382651
6b9f82291930bfec,2022-08-20,UFC 278: Usman vs. Edwards,Amir Albazi,Francisco Figueiredo,1,red_sub,2022,0.21563596580088334,0.18956118822097778,-0.02607477757990556,0.18805462133797965,0.1829678863286972,-0.005086735009282445,0.3850642246444345,0.4573587477207184,0.07229452307628387,0.053908991450220836,0.05280022323131561,-0.0011087682189052234,0.06220268244256251,0.03247237950563431,-0.029730302936928202,0.09513351432391913,0.0848395973443985,-0.010293916979520631
d497d74a0df9e35e,2022-08-20,UFC 278: Usman vs. Edwards,Aoriqileng,Jay Perrin,2,red_dec,2022,0.18986317796381658,0.16964514553546906,-0.02021803242834752,0.04296903501286375,0.039464425295591354,-0.003504609717272393,0.3265646660977645,0.37272223830223083,0.04615757220446631,0.11663023789205874,0.13360266387462616,0.016972425982567416,0.09071240724937903,0.06313595920801163,-0.0275764480413674,0.2332604757841175,0.22142961621284485,-0.01183085957127264
e0b98f3cf4a7cc3b,2022-08-20,UFC 278: Usman vs. Edwards,Marcin Tybura,Alexandr Romanov,2,red_dec,2022,0.08088048026196108,0.07210905104875565,-0.008771429213205437,0.04256867382208477,0.04322082921862602,0.0006521553965412527,0.12443150809532473,0.13637465238571167,0.01194314429038694,0.32352192104784433,0.25286057591438293,-0.0706613451334614,0.17973440058213572,0.19254709780216217,0.012812697220026453,0.24886301619064946,0.30288779735565186,0.054024781165002395
f70c817388602681,2022-08-20,UFC 278: Usman vs. Edwards,Kamaru Usman,Leon Edwards,3,blue_ko_tko,2022,0.24010026164772102,0.18487021327018738,-0.05523004837753365,0.06279545304632704,0.05772054195404053,-0.005074911092286513,0.4276071326487984,0.511717677116394,0.08411054446759564,0.13605681493370855,0.13952213525772095,0.003465320324012394,0.03139772652316352,0.016936099156737328,-0.014461627366426193,0.10204261120028144,0.08923332393169403,-0.012809287268587405
1a191251620a84ca,2022-09-03,UFC Fight Night: Gane vs. Tuivasa,Alessio Di Chirico,Roman Kopylov,3,blue_ko_tko,2022,0.16050053387782628,0.1471622884273529,-0.01333824545047338,0.10031283367364142,0.062135543674230576,-0.03817728999941085,0.2360301968791563,0.2737898826599121,0.03775968578075581,0.17833392653091806,0.21267402172088623,0.03434009518996817,0.03821441282805387,0.024405382573604584,-0.013809030254449288,0.28660809621040406,0.2798328697681427,-0.006775226442261362
20f316f96c9e4458,2022-09-03,UFC Fight Night: Gane vs. Tuivasa,Nassourdine Imavov,Joaquin Buckley,2,red_dec,2022,0.2892064038560854,0.28657299280166626,-0.002633411054419166,0.1446032019280427,0.14095963537693024,-0.003643566551112476,0.25248178114420156,0.26716384291648865,0.014682061772287092,0.15906352212084698,0.13476647436618805,-0.024297047754658935,0.022092155850117635,0.013736727647483349,-0.008355428202634286,0.13255293510070582,0.1568002700805664,0.02424733497986059
3e2f00991f511607,2022-09-03,UFC Fight Night: Gane vs. Tuivasa,Benoit Saint Denis,Gabriel Miranda,0,red_ko_tko,2022,0.2666988475230797,0.31778982281684875,0.05109097529376905,0.2461835515597659,0.23717188835144043,-0.009011663208325471,0.20002413564230978,0.26944759488105774,0.06942345923874796,0.04706450250407289,0.04487859830260277,-0.0021859042014701208,0.16001930851384782,0.06447534263134003,-0.0955439658825078,0.08000965425692391,0.06623677909374237,-0.013772875163181542
7bced112f3229b1b,2022-09-03,UFC Fight Night: Gane vs. Tuivasa,John Makdessi,Nasrat Haqparast,5,blue_dec,2022,0.11881188118811879,0.11458688229322433,-0.004224998894894458,0.023102310231023097,0.01729952171444893,-0.0058027885165741686,0.18481848184818478,0.22050191462039948,0.035683432772214696,0.23762376237623759,0.20126263797283173,-0.03636112440340586,0.0396039603960396,0.02774306945502758,-0.011860890941012017,0.39603960396039595,0.4186059534549713,0.022566349494575366
810c9da07970c4a6,2022-09-03,UFC Fight Night: Gane vs. Tuivasa,Ciryl Gane,Tai Tuivasa,0,red_ko_tko,2022,0.404340976719762,0.43206876516342163,0.02772778844365964,0.14703308244354982,0.1416061371564865,-0.005426945287063306,0.2567244296633409,0.2765151262283325,0.019790696564991606,0.11552599334850341,0.08918734639883041,-0.026338646949673,0.022463387595542332,0.013002241030335426,-0.009461146565206906,0.0539121302293016,0.047620344907045364,-0.006291785322256237
acc9a109b00a99e1,2022-09-03,UFC Fight Night: Gane vs. Tuivasa,Charles Jourdain,Nathaniel Wood,5,blue_dec,2022,0.2403638033829958,0.20997841656208038,-0.030385386820915405,0.09080410350024284,0.07392534613609314,-0.016878757364149705,0.25145751738528793,0.32491499185562134,0.0734574744703334,0.08172369315021857,0.05590491741895676,-0.025818775731261817,0.10215461643777321,0.06309281289577484,-0.03906180354199837,0.2334962661434816,0.27218347787857056,0.03868721173508896
b8ca1acdf3dc2f58,2022-09-03,UFC Fight Night: Gane vs. Tuivasa,Robert Whittaker,Marvin Vettori,2,red_dec,2022,0.16474768599498016,0.11170566827058792,-0.05304201772439224,0.0433546542092053,0.02430608682334423,-0.019048567385861068,0.44931187089540037,0.4953332245349884,0.046021353639588036,0.06864486916457506,0.06694132089614868,-0.0017035482684263775,0.08237384299749008,0.058503806591033936,-0.023870036406456144,0.191567076738349,0.2432098388671875,0.051642762128838504
ca7fd237c16cec84,2022-09-03,UFC Fight Night: Gane vs. Tuivasa,Khalid Taha,Cristian Quinonez,3,blue_ko_tko,2022,0.1849058989271394,0.1764858365058899,-0.008420062421249513,0.07950953653866995,0.05565674602985382,-0.023852790508816127,0.24464472781129218,0.28028029203414917,0.03563556422285699,0.1590190730773399,0.16907596588134766,0.010056892804007761,0.07950953653866995,0.05334145203232765,-0.026168084506342296,0.25241122710688874,0.2651596963405609,0.012748469233672177
ce62a50e97d497f9,2022-09-03,UFC Fight Night: Gane vs. Tuivasa,Stephanie Egger,Ailin Perez,1,red_sub,2022,0.19905023965915142,0.17006608843803406,-0.02898415122111736,0.24498491034972483,0.21173807978630066,-0.03324683056342417,0.24498491034972483,0.3037398159503937,0.058754905600668844,0.10616012781821409,0.10486255586147308,-0.0012975719567410032,0.0663500798863838,0.03898651525378227,-0.027363564632601534,0.13846973193680098,0.17060695588588715,0.03213722394908616
cf9035f2fc2e232f,2022-09-03,UFC Fight Night: Gane vs. Tuivasa,Abus Magomedov,Dustin Stoltzfus,0,red_ko_tko,2022,0.28838726289588873,0.21918343007564545,-0.06920383282024328,0.14419363144794436,0.17413878440856934,0.02994515296062497,0.28323749034417645,0.345956414937973,0.06271892459379658,0.0528709981975796,0.04178732633590698,-0.011083671861672618,0.09913312162046176,0.06001478433609009,-0.03911833728437167,0.132177495493949,0.1589192897081375,0.026741794214188513
fd47032108b85cf0,2022-09-03,UFC Fight Night: Gane vs. Tuivasa,Fares Ziam,Michal Figlak,2,red_dec,2022,0.09090909090909091,0.09270673245191574,0.0017976415428248294,0.05454545454545455,0.03793662413954735,-0.0166088304059072,0.2181818181818182,0.23553869128227234,0.01735687310045414,0.13636363636363638,0.10313034802675247,-0.03323328833688391,0.09090909090909091,0.0466993972659111,-0.04420969364317981,0.4090909090909091,0.4839882254600525,0.07489731636914337
0111e6a64b5184c6,2022-09-10,UFC 279: Diaz vs. Ferguson,Khamzat Chimaev,Kevin Holland,1,red_sub,2022,0.35256096366663403,0.3124467134475708,-0.04011425021906323,0.24623305398939518,0.2258520871400833,-0.02038096684931187,0.1939085300166487,0.24968449771404266,0.05577596769739396,0.10341788267554598,0.12326894700527191,0.01985106432972593,0.048477132504162176,0.03447580337524414,-0.014001329128918036,0.05540243714761391,0.05427195876836777,-0.0011304783792461456
0e6d624086f7952e,2022-09-10,UFC 279: Diaz vs. Ferguson,Hakeem Dawodu,Julian Erosa,5,blue_dec,2022,0.2746021125654893,0.26267698407173157,-0.011925128493757708,0.06336971828434368,0.050368327647447586,-0.013001390636896093,0.31087031611187466,0.3934859037399292,0.08261558762805454,0.09153403752182974,0.06128647178411484,-0.030247565737714907,0.1098408450261957,0.06738009303808212,-0.04246075198811358,0.14978297049026687,0.1648021787405014,0.015019208250234534
301f230c90c4bd7d,2022-09-10,UFC 279: Diaz vs. Ferguson,Jailton Almeida,Anton Turkalj,1,red_sub,2022,0.24696767052529628,0.21834838390350342,-0.02861928662179286,0.42043305815615917,0.4375850558280945,0.017151997671935315,0.1605289858414426,0.19855152070522308,0.03802253486378049,0.0802644929207213,0.07978890836238861,-0.00047558455833268676,0.04459138495595627,0.0241889376193285,-0.02040244733662777,0.04721440760042429,0.04153713956475258,-0.005677268035671708
6010f681e54ba2cd,2022-09-10,UFC 279: Diaz vs. Ferguson,Chad Anheliger,Alatengheili,5,blue_dec,2022,0.13431773374229924,0.1247662678360939,-0.009551465906205342,0.05036915015336222,0.05056585371494293,0.00019670356158071195,0.2149083739876788,0.2600347101688385,0.04512633618115969,0.20147660061344888,0.16030080616474152,-0.041175794448707365,0.09481251793574065,0.06560705602169037,-0.029205461914050282,0.30411562356747,0.33872532844543457,0.03460970487796455
77acb96700e89c92,2022-09-10,UFC 279: Diaz vs. Ferguson,Denis Tiuliulin,Jamie Pickett,0,red_ko_tko,2022,0.20432347474646678,0.16097109019756317,-0.04335238454890361,0.051080868686616696,0.04590902104973793,-0.005171847636878765,0.20432347474646678,0.24279513955116272,0.03847166480469594,0.21794503972956455,0.1898629367351532,-0.028082102994411356,0.06286876146045131,0.040201082825660706,-0.022667678634790606,0.25945838063043397,0.3202607333660126,0.0608023527355786
7e8fd03e070d0c25,2022-09-10,UFC 279: Diaz vs. Ferguson,Nate Diaz,Tony Ferguson,1,red_sub,2022,0.15139684766353903,0.1359003186225891,-0.015496529040949919,0.10597779336447732,0.10635342448949814,0.0003756311250208144,0.198708362558395,0.2369668334722519,0.038258470913856896,0.22709527149530853,0.20839153230190277,-0.01870373919340576,0.07225758638487091,0.04649840667843819,-0.025759179706432725,0.24456413853340922,0.2658895254135132,0.021325386880103964
86d57e8ef2191316,2022-09-10,UFC 279: Diaz vs. Ferguson,Darian Weeks,Yohan Lainesse,5,blue_dec,2022,0.23029390794581317,0.2598440647125244,0.029550156766711244,0.10747049037471282,0.0878557488322258,-0.01961474154248702,0.17911748395785468,0.18761098384857178,0.008493499890717099,0.23706725817951357,0.22134250402450562,-0.01572475415500796,0.08484512398003644,0.07345017045736313,-0.011394953522673307,0.16120573556206924,0.16989655792713165,0.008690822365062412
989b8d362742f40b,2022-09-10,UFC 279: Diaz vs. Ferguson,Irene Aldana,Macy Chiasson,0,red_ko_tko,2022,0.20519599954017706,0.17202943563461304,-0.03316656390556402,0.06839866651339234,0.055002134293317795,-0.013396532220074545,0.34199333256696174,0.3652617335319519,0.023268400964990166,0.11725485688010116,0.1330895572900772,0.015834700409976046,0.048281411656512244,0.03349047526717186,-0.014790936389340384,0.21887573284285552,0.24112670123577118,0.022250968392915654
a5cf273faa3982b7,2022-09-10,UFC 279: Diaz vs. Ferguson,Melissa Martinez,Elise Reed,5,blue_dec,2022,0.181403733814072,0.16230352222919464,-0.019100211584877347,0.058308343011666,0.06227577477693558,0.003967431765269577,0.3549203487666626,0.4269413948059082,0.07202104603924558,0.1088422402884432,0.11436955630779266,0.005527316019349457,0.045350933453518,0.034854307770729065,-0.010496625682788932,0.2511744006656382,0.19925546646118164,-0.051918934204456535
bf334cb4e63f3430,2022-09-10,UFC 279: Diaz vs. Ferguson,Jake Collier,Chris Barnett,3,blue_ko_tko,2022,0.3297609702265151,0.34673240780830383,0.016971437581788706,0.15828526570872725,0.14815473556518555,-0.010130530143541705,0.2877913921976859,0.32854050397872925,0.040749111781043346,0.10552351047248483,0.0871199294924736,-0.018403580980011228,0.02552988156592375,0.01720801368355751,-0.00832186788236624,0.09310897982866309,0.07224443554878235,-0.020864544279880742
d3e23d7d207d3ccf,2022-09-10,UFC 279: Diaz vs. Ferguson,Li Jingliang,Daniel Rodriguez,5,blue_dec,2022,0.1762372790320121,0.15134944021701813,-0.024887838814993984,0.04956673472775341,0.03301253542304039,-0.016554199304713017,0.1762372790320121,0.19453558325767517,0.01829830422566306,0.2265907873268727,0.2664778530597687,0.039887065732895965,0.07209706869491404,0.04280592128634453,-0.029291147408569515,0.2992708511864357,0.3118186295032501,0.012547778316814417
db3e26d02d790c97,2022-09-10,UFC 279: Diaz vs. Ferguson,Norma Dumont,Danyelle Wolf,2,red_dec,2022,0.1411692477687457,0.16618379950523376,0.02501455173648806,0.21645951324541007,0.13931433856487274,-0.07714517468053733,0.4058615873351439,0.46575474739074707,0.05989316005560319,0.08544454470213556,0.1034964844584465,0.018051939756310947,0.02618461853775122,0.01217084750533104,-0.014013771032420179,0.12488048841081352,0.11307984590530396,-0.011800642505509565
160c17b8fcb0e2a1,2022-09-17,UFC Fight Night: Sandhagen vs. Song,Joe Pyfer,Alen Amedovski,0,red_ko_tko,2022,0.5368815759140216,0.5152849555015564,-0.02159662041246524,0.14899105934456103,0.15419207513332367,0.005201015788762642,0.11706440377072652,0.14540262520313263,0.028338221432406108,0.09105009182167619,0.10502786934375763,0.013977777522081444,0.03151733947673407,0.020302526652812958,-0.01121481282392111,0.07449552967228051,0.059789951890707016,-0.014705577781573498
35d06627d91b840d,2022-09-17,UFC Fight Night: Sandhagen vs. Song,Trey Ogden,Daniel Zellhuber,2,red_dec,2022,0.04815710473649099,0.05071944370865822,0.002562338972167226,0.08186707805203469,0.06675183773040771,-0.015115240321626977,0.10915610406937959,0.12145986407995224,0.01230376001057265,0.3721230820547031,0.3973226249217987,0.02519954286709558,0.09631420947298198,0.06416909396648407,-0.032145115506497915,0.29238242161440964,0.29957714676856995,0.0071947251541603086
3cbd3565dd631cc4,2022-09-17,UFC Fight Night: Sandhagen vs. Song,Tanner Boser,Rodrigo Nascimento,5,blue_dec,2022,0.34389750505731626,0.37342265248298645,0.029525147425670195,0.0485502360080917,0.0367463044822216,-0.011803931525870094,0.20633850303438972,0.2382846623659134,0.03194615933152367,0.09170600134861766,0.05667467042803764,-0.035031330920580014,0.20633850303438972,0.1965092569589615,-0.009829246075428233,0.10316925151719486,0.09836242347955704,-0.0048068280376378225
46b9acec12a35d37,2022-09-17,UFC Fight Night: Sandhagen vs. Song,Trevin Giles,Louis Cosce,2,red_dec,2022,0.33282130056323606,0.29729267954826355,-0.035528621014972506,0.09984639016897082,0.09254120290279388,-0.007305187266176932,0.21300563236047107,0.23165571689605713,0.01865008453558606,0.15975422427035332,0.2205042988061905,0.06075007453583717,0.061443932411674354,0.039622899144887924,-0.02182103326678643,0.13312852022529442,0.11838319152593613,-0.014745328699358295
8a044e5400b4318f,2022-09-17,UFC Fight Night: Sandhagen vs. Song,Nikolas Motta,Cameron VanCamp,0,red_ko_tko,2022,0.33741144857910593,0.3629131615161896,0.025501712937083643,0.047634557446462014,0.04117933288216591,-0.006455224564296105,0.17995277257552314,0.21663513779640198,0.03668236522087884,0.10797166354531389,0.12753555178642273,0.019563888241108843,0.20244686914746354,0.13280527293682098,-0.06964159621064256,0.12458268870613143,0.11893155425786972,-0.005651134448261708
adb78db5ba8ccc0f,2022-09-17,UFC Fight Night: Sandhagen vs. Song,Andre Fili,Bill Algeo,2,red_dec,2022,0.17001295336787564,0.14001795649528503,-0.029994996872590607,0.0544041450777202,0.03892424330115318,-0.015479901776567016,0.2914507772020725,0.3571343421936035,0.065683564991531,0.10200777202072538,0.10083528608083725,-0.0011724859398881265,0.09067357512953367,0.05424153804779053,-0.03643203708174314,0.2914507772020725,0.308846652507782,0.017395875305709463
bd06f1c2d7e6c4a0,2022-09-17,UFC Fight Night: Sandhagen vs. Song,Chidi Njokuani,Gregory Rodrigues,3,blue_ko_tko,2022,0.30341589157150717,0.3073713779449463,0.003955486373439121,0.05360347417763293,0.06118042767047882,0.007576953492845893,0.16751085680510291,0.23887112736701965,0.07136027056191674,0.2144138967105317,0.14862023293972015,-0.06579366377081156,0.14619129321172616,0.11920353770256042,-0.02698775550916574,0.11486458752349912,0.12475330382585526,0.009888716302356132
be73f75b52b06f14,2022-09-17,UFC Fight Night: Sandhagen vs. Song,Tony Gravely,Javid Basharat,5,blue_dec,2022,0.14572154758542785,0.11158328503370285,-0.034138262551725,0.053431234114656875,0.0335252471268177,-0.019905986987839172,0.1863880259813612,0.2377985715866089,0.05141054560524769,0.2137249364586275,0.28802594542503357,0.07430100896640607,0.2003671279299633,0.12086164206266403,-0.07950548586729927,0.2003671279299633,0.20820528268814087,0.007838154758177562
ce5ebaf8caf8c4a7,2022-09-17,UFC Fight Night: Sandhagen vs. Song,Anthony Hernandez,Marc-Andre Barriault,1,red_sub,2022,0.12256802962606919,0.1449069380760193,0.022338908449950096,0.23432123310866168,0.1987016499042511,-0.03561958320441058,0.2897062518434363,0.34779930114746094,0.058093049304024647,0.15933843851388996,0.18036341667175293,0.021024978157862972,0.061284014813034596,0.028017614036798477,-0.03326640077623612,0.13278203209490827,0.10021111369132996,-0.032570918403578314
d9f5d05b07bae09e,2022-09-17,UFC Fight Night: Sandhagen vs. Song,Mariya Agapova,Gillian Robertson,4,blue_sub,2022,0.15894039735099338,0.15830332040786743,-0.0006370769431259526,0.08830022075055187,0.06901787966489792,-0.01928234108565395,0.17660044150110374,0.23565031588077545,0.05904987437967171,0.09933774834437087,0.10362442582845688,0.00428667748408601,0.31788079470198677,0.24934206902980804,-0.06853872567217872,0.15894039735099338,0.18406203389167786,0.025121636540684472
df370b97ea49e6b4,2022-09-17,UFC Fight Night: Sandhagen vs. Song,Cory Sandhagen,Song Yadong,0,red_ko_tko,2022,0.18024899741885406,0.15145117044448853,-0.02879782697436553,0.08111204883848433,0.07561587542295456,-0.00549617341552977,0.3862478516118301,0.4399360716342926,0.053688220022462485,0.16222409767696866,0.14280837774276733,-0.019415719934201325,0.04269055202025491,0.024619879201054573,-0.018070672819200335,0.14747645243360788,0.16556860506534576,0.018092152631737884
ec0740be19b2ef90,2022-09-17,UFC Fight Night: Sandhagen vs. Song,Denise Gomes,Loma Lookboonmee,5,blue_dec,2022,0.11692790021434114,0.09899409860372543,-0.01793380161061571,0.04307870007896779,0.04991729184985161,0.00683859177088382,0.19034774453497397,0.2583230137825012,0.06797526924752725,0.1636990603000776,0.12653009593486786,-0.03716896436520975,0.0481467824411993,0.03455011546611786,-0.01359666697508144,0.4377998124304401,0.4316853880882263,-0.0061144243422137645
f521ecde1e96a1bd,2022-09-17,UFC Fight Night: Sandhagen vs. Song,Damon Jackson,Pat Sabatini,0,red_ko_tko,2022,0.05496564647095565,0.044242024421691895,-0.010723622049263755,0.08244846970643348,0.05839579924941063,-0.02405267045702285,0.2198625858838226,0.25216326117515564,0.03230067529133304,0.10306058713304185,0.11694671958684921,0.013886132453807362,0.16489693941286696,0.12485095858573914,-0.04004598082712782,0.3747657713928794,0.4034012258052826,0.028635454412403172
1aedd959f1523a27,2022-10-01,UFC Fight Night: Dern vs. Yan,Sodiq Yusuff,Don Shainis,1,red_sub,2022,0.5258575920382978,0.5630868077278137,0.03722921568951587,0.06356520343320084,0.045117173343896866,-0.01844803008930397,0.2754492148772036,0.27543073892593384,-1.8475951269747437e-05,0.04860868497833005,0.042064204812049866,-0.006544480166280182,0.022954101239766968,0.011131848208606243,-0.011822253031160725,0.06356520343320084,0.06316927075386047,-0.00039593267934036336
330506571d2778b1,2022-10-01,UFC Fight Night: Dern vs. Yan,Mike Davis,Viacheslav Borshchev,2,red_dec,2022,0.29036257749389444,0.2702600657939911,-0.020102511699903347,0.1140710125868871,0.10559320449829102,-0.008477808088596078,0.2281420251737742,0.28502675890922546,0.056884733735451276,0.1663535600225437,0.1520424634218216,-0.014311096600722106,0.034717264700356944,0.021873582154512405,-0.012843682545844538,0.1663535600225437,0.16520395874977112,-0.0011496012727725824
63f6af6d5f7b82ad,2022-10-01,UFC Fight Night: Dern vs. Yan,John Castaneda,Daniel Santos,3,blue_ko_tko,2022,0.1679902260232132,0.15371550619602203,-0.014274719827191168,0.13439218081857054,0.10579586774110794,-0.028596313077462604,0.3359804520464264,0.41389957070350647,0.07791911865708007,0.14660965180207697,0.12388741970062256,-0.02272223210145441,0.05375687232742822,0.04051470384001732,-0.013242168487410902,0.16127061698228468,0.16218695044517517,0.0009163334628904951
6c79db79da9ae874,2022-10-01,UFC Fight Night: Dern vs. Yan,Guido Cannetti,Randy Costa,1,red_sub,2022,0.13766417135093373,0.1362660825252533,-0.0013980888256804325,0.06353730985427712,0.05021010711789131,-0.01332720273638581,0.09177611423395582,0.0995994359254837,0.007823321691527885,0.514292564669526,0.5637184381484985,0.04942587347897254,0.08259850281056025,0.05378668010234833,-0.02881182270821192,0.110131337080747,0.09641924500465393,-0.013712092076093071
7d0d2cecab358ba1,2022-10-01,UFC Fight Night: Dern vs. Yan,Randy Brown,Francisco Trinaldo,2,red_dec,2022,0.251079954148876,0.23648151755332947,-0.014598436595546549,0.14836542745160855,0.10218269377946854,-0.046182733672140014,0.3400041045766029,0.46935951709747314,0.12935541252087024,0.0816009850983847,0.06598004698753357,-0.015620938110851135,0.04294788689388668,0.0214009340852499,-0.021546952808636777,0.13600164183064115,0.10459525883197784,-0.0314063829986633
8c9ff13791378784,2022-10-01,UFC Fight Night: Dern vs. Yan,Krzysztof Jotko,Brendan Allen,4,blue_sub,2022,0.1330532212885154,0.1208219975233078,-0.012231223765207605,0.04201680672268908,0.042588651180267334,0.000571844457578255,0.33263305322128855,0.3804994225502014,0.04786636932891286,0.1330532212885154,0.12399888783693314,-0.00905433345158227,0.1596638655462185,0.14562703669071198,-0.014036828855506528,0.19957983193277312,0.18646401166915894,-0.013115820263614186
a73e33dfce8fcfd8,2022-10-01,UFC Fight Night: Dern vs. Yan,Raoni Barcelos,Trevin Jones,2,red_dec,2022,0.21739897653079232,0.20375296473503113,-0.013646011795761193,0.11646373742721017,0.11308524757623672,-0.003378489850973443,0.339685900829363,0.3664857745170593,0.02679987368769632,0.11646373742721017,0.11351557075977325,-0.0029481666674369134,0.0741132874536792,0.054326727986335754,-0.01978655946734345,0.1358743603317452,0.1488337367773056,0.012959376445560417
ad59e2de1ab5c8d2,2022-10-01,UFC Fight Night: Dern vs. Yan,Julija Stoliarenko,Chelsea Chandler,3,blue_ko_tko,2022,0.06806282722513089,0.0707613155245781,0.002698488299447202,0.2041884816753927,0.1445450633764267,-0.059643418298965994,0.25130890052356025,0.30190637707710266,0.05059747655354241,0.13612565445026178,0.14167571067810059,0.005550056227838801,0.06806282722513089,0.04364380985498428,-0.02441901737014661,0.27225130890052357,0.29746773838996887,0.025216429489445302
ecc56a86a1eead9d,2022-10-01,UFC Fight Night: Dern vs. Yan,Joaquim Silva,Jesse Ronson,0,red_ko_tko,2022,0.23988005997001502,0.1921357810497284,-0.047744278920286626,0.15592203898050977,0.10886373370885849,-0.04705830527165128,0.15592203898050977,0.1832772195339203,0.02735518055341052,0.1949025487256372,0.26873981952667236,0.07383727080103517,0.0974512743628186,0.06432582437992096,-0.03312544998289764,0.15592203898050977,0.1826576441526413,0.026735605172131527
1af23e7aa71a1d17,2022-10-15,UFC Fight Night: Grasso vs. Araujo,Cub Swanson,Jonathan Martinez,3,blue_ko_tko,2022,0.1419472247497725,0.10153868049383163,-0.04040854425594087,0.05441310282074613,0.04239022359251976,-0.012022879228226369,0.16323930846223839,0.17158350348472595,0.008344195022487566,0.2511373976342129,0.2517179548740387,0.0005805572398258074,0.06278434940855322,0.04222546145319939,-0.020558887955353836,0.32647861692447677,0.3905441462993622,0.06406552937488541
59695aae245cca73,2022-10-15,UFC Fight Night: Grasso vs. Araujo,Misha Cirkunov,Alonzo Menifield,3,blue_ko_tko,2022,0.08134280180761781,0.07120945304632187,-0.010133348761295943,0.18076178179470623,0.15452003479003906,-0.026241747004667165,0.10845706907682374,0.13174328207969666,0.02328621300287291,0.4260813428018076,0.48040053248405457,0.05431918968224697,0.06778566817301485,0.03905890882015228,-0.028726759352862563,0.1355713363460297,0.12306777387857437,-0.01250356246745532
60bd4d2878c85f70,2022-10-15,UFC Fight Night: Grasso vs. Araujo,Piera Rodriguez,Sam Hughes,2,red_dec,2022,0.12658805907442758,0.13462771475315094,0.008039655678723362,0.08228223839837794,0.06493407487869263,-0.01734816351968531,0.39182018284941866,0.45024290680885315,0.058422723959434486,0.06329402953721379,0.06897412985563278,0.005680100318418993,0.07480203490761629,0.03969407454133034,-0.035107960366285954,0.26121345523294576,0.24152712523937225,-0.019686329993573504
8252a314c778b8e6,2022-10-15,UFC Fight Night: Grasso vs. Araujo,Mana Martinez,Brandon Davis,2,red_dec,2022,0.23473522425597318,0.26796776056289673,0.03323253630692355,0.058683806063993295,0.04611960053443909,-0.012564205529554208,0.3051557915327651,0.34411683678627014,0.03896104525350502,0.10898421126170182,0.1536451131105423,0.04466090184884047,0.10171859717758837,0.04371197521686554,-0.05800662196072283,0.1907223697079782,0.1444387137889862,-0.046283655918992
84b04e8d6b251c54,2022-10-15,UFC Fight Night: Grasso vs. Araujo,Mike Jackson,Pete Rodriguez,3,blue_ko_tko,2022,0.11251468254785996,0.11455588042736053,0.002041197879500578,0.05089949924784141,0.03900483623147011,-0.0118946630163713,0.05625734127392998,0.06667600572109222,0.010418664447162246,0.16444453603148765,0.21224011480808258,0.04779557877659493,0.10688894842046696,0.09370993077754974,-0.01317901764291722,0.5089949924784141,0.4738132059574127,-0.035181786521001346
860050f211b44d10,2022-10-15,UFC Fight Night: Grasso vs. Araujo,Nick Maximov,Jacob Malkoun,5,blue_dec,2022,0.08179886685552408,0.07342050969600677,-0.008378357159517305,0.16359773371104816,0.18380916118621826,0.020211427475170102,0.29745042492917845,0.32798469066619873,0.030534265737020283,0.08179886685552408,0.07642944902181625,-0.005369417833707826,0.07790368271954673,0.045207247138023376,-0.03269643558152335,0.29745042492917845,0.2931489050388336,-0.004301519890344829
904cf687d22bb486,2022-10-15,UFC Fight Night: Grasso vs. Araujo,Alexa Grasso,Viviane Araujo,2,red_dec,2022,0.1811445039110745,0.17332664132118225,-0.007817862589892255,0.10868670234664471,0.07510186731815338,-0.03358483502849133,0.37052284890901604,0.46257567405700684,0.09205282514799079,0.06792918896665294,0.07415290176868439,0.0062237128020314475,0.054343351173322355,0.030998380854725838,-0.023344970318596517,0.21737340469328942,0.18384459614753723,-0.03352880854575219
96d4fe315722d1c1,2022-10-15,UFC Fight Night: Grasso vs. Araujo,Raphael Assuncao,Victor Henry,2,red_dec,2022,0.04352981971322464,0.032522402703762054,-0.011007417009462589,0.06362050573471295,0.03530387580394745,-0.028316629930765502,0.1272410114694259,0.12281306833028793,-0.004427943139137969,0.33082662982050737,0.434034526348114,0.10320789652760665,0.07518787041375166,0.047418706119060516,-0.027769164294691145,0.35959416284837753,0.32790738344192505,-0.03168677940645248
fac560495e61d34c,2022-10-15,UFC Fight Night: Grasso vs. Araujo,Tatsuro Taira,CJ Vergara,1,red_sub,2022,0.08169094544415881,0.07139170914888382,-0.010299236295274988,0.204227363610397,0.17910151183605194,-0.025125851774345065,0.408454727220794,0.5086990594863892,0.10024433226559515,0.12567837760639816,0.13160964846611023,0.005931270859712068,0.03141959440159954,0.015562259592115879,-0.01585733480948366,0.14852899171665238,0.09363581985235214,-0.05489317186430023
1b204fc28bb023e6,2022-10-22,UFC 280: Oliveira vs. Makhachev,Armen Petrosyan,AJ Dobson,2,red_dec,2022,0.4064717852002581,0.3827844560146332,-0.02368732918562494,0.03871159859050077,0.025807077065110207,-0.012904521525390567,0.18065412675567027,0.2191227674484253,0.03846864069275502,0.20323589260012906,0.21699956059455872,0.013763667994429657,0.06253412080003971,0.042927343398332596,-0.019606777401707118,0.10839247605340216,0.11235881596803665,0.003966339914634492
1e8c33b1917fe1b7,2022-10-22,UFC 280: Oliveira vs. Makhachev,Muhammad Mokaev,Malcolm Gordon,1,red_sub,2022,0.23871983210912906,0.24584320187568665,0.007123369766557586,0.3864987757957327,0.36783748865127563,-0.018661287144457084,0.2497376705141658,0.29702994227409363,0.04729227175992784,0.03864987757957327,0.04360544681549072,0.004955569235917452,0.04774396642182581,0.019355233758687973,-0.028388732663137836,0.03864987757957327,0.026328695937991142,-0.012321181641582128
1f0d4572e0facbea,2022-10-22,UFC 280: Oliveira vs. Makhachev,Aljamain Sterling,TJ Dillashaw,0,red_ko_tko,2022,0.07483752379701963,0.09260545670986176,0.01776793291284212,0.1646425523534432,0.15486548840999603,-0.009777063943447156,0.37418761898509817,0.46547386050224304,0.09128624151714487,0.13720212696120265,0.1122821569442749,-0.02491997001692775,0.04332698746143242,0.022510170936584473,-0.020816816524847945,0.20580319044180398,0.152262881398201,-0.05354030904360299
2d36e2c10ee349fe,2022-10-22,UFC 280: Oliveira vs. Makhachev,Makhmud Muradov,Caio Borralho,5,blue_dec,2022,0.18845229296262844,0.13085176050662994,-0.0576005324559985,0.031167109989973168,0.02501300536096096,-0.006154104629012207,0.12466843995989267,0.16961298882961273,0.04494454886972006,0.14733542904350952,0.09727516025304794,-0.050060268790461576,0.2025862149348256,0.18534670770168304,-0.017239507233142548,0.3057905131091707,0.3919004201889038,0.0861099070797331
4011cdf1f182804c,2022-10-22,UFC 280: Oliveira vs. Makhachev,Karol Rosa,Lina Lansberg,2,red_dec,2022,0.16180167325303355,0.16454310715198517,0.002741433898951623,0.1155726237521668,0.08863653987646103,-0.02693608387570577,0.48540501975910055,0.5387687087059021,0.053363688946801546,0.062231412789628286,0.07017861306667328,0.007947200277044993,0.027896840216040265,0.012874566949903965,-0.0150222732661363,0.1470924302300305,0.12499845027923584,-0.02209397995079465
523815acf1bb2420,2022-10-22,UFC 280: Oliveira vs. Makhachev,Charles Oliveira,Islam Makhachev,4,blue_sub,2022,0.1243566129004493,0.12434902787208557,-7.585028363732427e-06,0.18798092647742337,0.22135719656944275,0.03337627009201938,0.06217830645022465,0.08114951848983765,0.018971212039612995,0.2020794959632301,0.1590321809053421,-0.043047315057888,0.2694393279509735,0.21774493157863617,-0.0516943963723373,0.15396533025769912,0.19636712968349457,0.042401799425795444
69f39e5d959311b1,2022-10-22,UFC 280: Oliveira vs. Makhachev,Beneil Dariush,Mateusz Gamrot,2,red_dec,2022,0.0961903892590718,0.09213846176862717,-0.00405192749044464,0.06813485905850919,0.05876978486776352,-0.00936507419074567,0.18169295748935785,0.19898878037929535,0.0172958228899375,0.18169295748935785,0.1755208820104599,-0.006172075478897948,0.1168026155288729,0.0773637443780899,-0.039438871150783,0.3554862211748306,0.3972183167934418,0.04173209561861119
cea6760d7bfbe19b,2022-10-22,UFC 280: Oliveira vs. Makhachev,Abubakar Nurmagomedov,Gadzhi Omargadzhiev,2,red_dec,2022,0.12357338546470807,0.1138179823756218,-0.009755403089086276,0.14604127373101863,0.1263962984085083,-0.019644975322510333,0.3346779189669177,0.43219155073165894,0.09751363176474126,0.1004033756900753,0.07459727674722672,-0.02580609894284859,0.09449729476712969,0.07198072969913483,-0.022516565067994862,0.2008067513801506,0.181016206741333,-0.019790544638817603
d325a1483d78ae75,2022-10-22,UFC 280: Oliveira vs. Makhachev,Belal Muhammad,Sean Brady,0,red_ko_tko,2022,0.08151996477197414,0.07450810819864273,-0.007011856573331407,0.04290524461682849,0.04761069267988205,0.004705448063053556,0.30762250857348733,0.3607642948627472,0.05314178628925986,0.11645709253139162,0.10471902787685394,-0.01173806465453768,0.12541533041842176,0.08373160660266876,-0.041683723815753,0.32607985908789655,0.3286662995815277,0.002586440493631159
f4d8266a42a41dff,2022-10-22,UFC 280: Oliveira vs. Makhachev,Volkan Oezdemir,Nikita Krylov,5,blue_dec,2022,0.22223799855173296,0.20666411519050598,-0.015573883361226976,0.03968535688423803,0.03449488803744316,-0.005190468846794867,0.1282142299336921,0.16606023907661438,0.03784600914292227,0.193812208039302,0.19761568307876587,0.003803475039463877,0.22223799855173296,0.19534240663051605,-0.026895591921216905,0.193812208039302,0.19982267916202545,0.00601047112272346
44abbf6b947be6de,2022-10-29,UFC Fight Night: Kattar vs. Allen,Cody Durden,Carlos Mota,2,red_dec,2022,0.16124634858812076,0.13731907308101654,-0.023927275507104218,0.08062317429406038,0.04834333434700966,-0.03227983994705072,0.16124634858812076,0.17871548235416412,0.017469133766043365,0.3505355404089581,0.4133274257183075,0.06279188530934937,0.06718597857838364,0.04229377210140228,-0.024892206476981357,0.17916260954235638,0.18000096082687378,0.0008383512845173968
5dcba156bd13e0c3,2022-10-29,UFC Fight Night: Kattar vs. Allen,Andrei Arlovski,Marcos Rogerio de Lima,4,blue_sub,2022,0.06834532374100719,0.06089937686920166,-0.0074459468718055255,0.043165467625899276,0.04285924881696701,-0.0003062188089322654,0.20503597122302158,0.2274380475282669,0.022402076305245322,0.32805755395683456,0.29462340474128723,-0.033434149215547326,0.08201438848920864,0.05557708442211151,-0.026437304067097128,0.27338129496402874,0.31860285997390747,0.04522156500987873
6a7db3750822d7be,2022-10-29,UFC Fight Night: Kattar vs. Allen,Josh Fremd,Tresean Gore,4,blue_sub,2022,0.28596187175043325,0.27508533000946045,-0.0108765417409728,0.07279029462738301,0.0686987042427063,-0.004091590384676713,0.2287694974003466,0.24179401993751526,0.013024522537168653,0.21351819757365684,0.24703381955623627,0.03351562198257943,0.05337954939341421,0.03148341551423073,-0.02189613387918348,0.14558058925476602,0.1359047293663025,-0.009675859888463534
86dff1593d8b9a1f,2022-10-29,UFC Fight Night: Kattar vs. Allen,Chase Hooper,Steve Garcia,3,blue_ko_tko,2022,0.14646904969485613,0.16399723291397095,0.017528183219114812,0.33565823888404533,0.3132368326187134,-0.022421406265331956,0.2478706994836027,0.29285353422164917,0.04498283473804646,0.12393534974180136,0.09733627736568451,-0.026599072376116847,0.03098383743545034,0.014436030760407448,-0.01654780667504289,0.1150828247602441,0.1181400865316391,0.003057261771394995
bf59d9f8bd9536f3,2022-10-29,UFC Fight Night: Kattar vs. Allen,Tim Means,Max Griffin,5,blue_dec,2022,0.13496811192959904,0.1284867227077484,-0.006481389221850625,0.062292974736738026,0.04338926821947098,-0.018903706517267048,0.17995748257279873,0.22641432285308838,0.04645684028028965,0.23137390616502693,0.20833797752857208,-0.023035928636454844,0.06748405596479952,0.0496264323592186,-0.017857623605580922,0.3239234686310377,0.34374529123306274,0.01982182260202503
d6d141afdd31c3f1,2022-10-29,UFC Fight Night: Kattar vs. Allen,Joseph Holmes,JunYong Park,4,blue_sub,2022,0.12138003826109904,0.15805718302726746,0.036677144766168415,0.09862128108714296,0.11659267544746399,0.017971394360321025,0.12138003826109904,0.20199880003929138,0.08061876177819234,0.15779404973942876,0.12100660800933838,-0.03678744173009038,0.15779404973942876,0.09711926430463791,-0.06067478543479085,0.3430305429118016,0.3052254617214203,-0.037805081190381284
f32d918ee06cb83b,2022-10-29,UFC Fight Night: Kattar vs. Allen,Phil Hawes,Roman Dolidze,3,blue_ko_tko,2022,0.2896551724137931,0.3003745377063751,0.010719365292581995,0.08850574712643679,0.06354670971632004,-0.02495903741011675,0.22758620689655173,0.2487165778875351,0.02113037099098336,0.14482758620689656,0.14895741641521454,0.004129830208317975,0.07241379310344828,0.053123727440834045,-0.019290065662614236,0.17701149425287357,0.18528100848197937,0.008269514229105795
fdb9d29cf0edc16a,2022-10-29,UFC Fight Night: Kattar vs. Allen,Christian Rodriguez,Joshua Weems,1,red_sub,2022,0.3615183771841735,0.40615132451057434,0.04463294732640083,0.11362006140074024,0.10650233179330826,-0.007117729607431983,0.28405015350185064,0.3112635910511017,0.02721343754925104,0.053022695320345446,0.05569713935256004,0.002674444032214597,0.09941755372564771,0.04557553306221962,-0.053842020663428095,0.08837115886724241,0.07481005787849426,-0.013561100988748145
1535fb6549fa8bab,2022-11-05,UFC Fight Night: Rodriguez vs. Lemos,Grant Dawson,Mark Madsen,1,red_sub,2022,0.11064891846921797,0.0938621237874031,-0.016786794681814862,0.20746672212978368,0.2640061378479004,0.056539415718116715,0.3457778702163061,0.3963477313518524,0.05056986113554629,0.055324459234608984,0.03933664783835411,-0.015987811396254874,0.043677204658901826,0.015728559345006943,-0.027948645313894883,0.23710482529118135,0.19071878492832184,-0.04638604036285951
2664805fde34fb1b,2022-11-05,UFC Fight Night: Rodriguez vs. Lemos,Darrick Minner,Shayilan Nuerdanbieke,3,blue_ko_tko,2022,0.05269761606022585,0.03925800323486328,-0.013439612825362567,0.17565872020075282,0.17744626104831696,0.0017875408475641341,0.1053952321204517,0.12927976250648499,0.02388453038603329,0.2823086574654956,0.3264807164669037,0.04417205900140808,0.15809284818067756,0.11074711382389069,-0.04734573435678688,0.22584692597239647,0.2167881280183792,-0.009058797954017261
2ab395e21080b10a,2022-11-05,UFC Fight Night: Rodriguez vs. Lemos,Mario Bautista,Benito Lopez,1,red_sub,2022,0.2964444946406578,0.264821320772171,-0.03162317386848679,0.1482222473203289,0.13664127886295319,-0.011580968457375718,0.3076310793440789,0.35158759355545044,0.043956514211371533,0.06793519668848408,0.08873645961284637,0.020801262924362296,0.05434815735078727,0.04126447066664696,-0.013083686684140311,0.12541882465566292,0.11694891005754471,-0.008469914598118217
3adecfc4727a8d73,2022-11-05,UFC Fight Night: Rodriguez vs. Lemos,Tagir Ulanbekov,Nate Maness,1,red_sub,2022,0.07368719381351471,0.08174856007099152,0.008061366257476804,0.16211182638973237,0.15878024697303772,-0.003331579416694652,0.42457859292548955,0.5110214948654175,0.08644290193992793,0.12470140491517875,0.10062438994646072,-0.02407701496871803,0.06754659432905515,0.03582710400223732,-0.031719490326817826,0.14737438762702942,0.11199824512004852,-0.0353761425069809
5475f5b6bad40989,2022-11-05,UFC Fight Night: Rodriguez vs. Lemos,Polyana Viana,Jinh Yu Frey,0,red_ko_tko,2022,0.07510875475802067,0.06706503033638,-0.008043724421640669,0.2429989124524198,0.2263328582048416,-0.016666054247578194,0.25421424687330074,0.3569145202636719,0.10270027339037113,0.04859978249048396,0.06229611858725548,0.013696336096771518,0.04859978249048396,0.0248104315251112,-0.02378935096537276,0.33047852093529095,0.2625810205936432,-0.06789750034164777
71afa8354da2491e,2022-11-05,UFC Fight Night: Rodriguez vs. Lemos,Miranda Maverick,Shanna Young,2,red_dec,2022,0.15964610886571626,0.1529320329427719,-0.006714075922944346,0.3628320656039006,0.31981831789016724,-0.04301374771373334,0.3192922177314325,0.3985261917114258,0.07923397397999327,0.04201213391203059,0.04539242759346962,0.0033802936814390297,0.027525191183744184,0.021511748433113098,-0.006013442750631086,0.0886922827031757,0.06181927025318146,-0.026873012449994238
abfc03893551ae73,2022-11-05,UFC Fight Night: Rodriguez vs. Lemos,Marina Rodriguez,Amanda Lemos,3,blue_ko_tko,2022,0.26216484607745777,0.3047098219394684,0.042544975862010614,0.07864945382323735,0.09867998957633972,0.020030535753102374,0.3145978152929494,0.3300386071205139,0.015440791827564526,0.17477656405163852,0.13472850620746613,-0.0400480578441724,0.07149950347567031,0.04133613035082817,-0.030163373124842144,0.09831181727904668,0.09050692617893219,-0.007804891100114494
b279559f15ecf29b,2022-11-05,UFC Fight Night: Rodriguez vs. Lemos,Neil Magny,Daniel Rodriguez,1,red_sub,2022,0.07557879014189692,0.07513979077339172,-0.00043899936850519405,0.061837191934279306,0.045504916459321976,-0.01633227547495733,0.29574309185959663,0.3762565553188324,0.08051346345923577,0.22673637042569075,0.19600163400173187,-0.03073473642395888,0.06802091112770724,0.04025048390030861,-0.027770427227398628,0.27208364451082895,0.2668466567993164,-0.005236987711512542
b87ac039e3b13940,2022-11-05,UFC Fight Night: Rodriguez vs. Lemos,Tamires Vidal,Ramona Pascual,0,red_ko_tko,2022,0.08082341273367767,0.07123595476150513,-0.009587457972172544,0.14695165951577757,0.1455053836107254,-0.001446275905052169,0.3049940103157648,0.38389289379119873,0.07889888347543395,0.12434371189796564,0.10263746976852417,-0.021706242129441472,0.07347582975788879,0.0431801863014698,-0.030295643456418983,0.26941137577892554,0.25354811549186707,-0.015863260287058478
cfca30d3ef3c86b9,2022-11-05,UFC Fight Night: Rodriguez vs. Lemos,Carlos Candelario,Jake Hadley,4,blue_sub,2022,0.06811547194291274,0.04478754103183746,-0.02332793091107528,0.054492377554330194,0.050048235803842545,-0.00444414175048765,0.18164125851443397,0.20613032579421997,0.024489067279786003,0.10217320791436911,0.1396932750940323,0.03752006717966318,0.20434641582873822,0.12956655025482178,-0.07477986557391644,0.38923126824521564,0.42977407574653625,0.04054280750132061
04f32bb0c0d3a8cc,2022-11-12,UFC 281: Adesanya vs. Pereira,Israel Adesanya,Alex Pereira,3,blue_ko_tko,2022,0.22328442884904082,0.24431751668453217,0.02103308783549135,0.055821107212260204,0.04844101518392563,-0.0073800920283345756,0.38059845826541044,0.3630765974521637,-0.017521860813246748,0.22328442884904082,0.23026838898658752,0.0069839601375467075,0.028872986489100104,0.015709467232227325,-0.013163519256872779,0.08813859033514769,0.09818705171346664,0.010048461378318954
09afa6ce4747a1a2,2022-11-12,UFC 281: Adesanya vs. Pereira,Frankie Edgar,Chris Gutierrez,3,blue_ko_tko,2022,0.09061249831602498,0.07081229984760284,-0.01980019846842214,0.04797132263789558,0.035568904131650925,-0.012402418506244656,0.18122499663204997,0.18237008154392242,0.001145084911872457,0.2912544588729375,0.33388224244117737,0.042627783568239874,0.06273172960340193,0.031162461265921593,-0.03156926833748033,0.32620499393769,0.34620401263237,0.019999018694680015
1f922cfe6178e830,2022-11-12,UFC 281: Adesanya vs. Pereira,Brad Riddell,Renato Moicano,4,blue_sub,2022,0.23525398330955433,0.25615397095680237,0.02089998764724804,0.03920899721825906,0.031442031264305115,-0.007766965953953944,0.19148580036824192,0.23872636258602142,0.0472405622177795,0.07485354014394911,0.06896021962165833,-0.0058933205222907875,0.2533504435641355,0.18227450549602509,-0.07107593806811041,0.20584723539586006,0.2224428802728653,0.01659564487700524
40707ddc9fdea500,2022-11-12,UFC 281: Adesanya vs. Pereira,Matt Frevola,Ottman Azaitar,0,red_ko_tko,2022,0.12507444907683146,0.09957553446292877,-0.02549891461390269,0.13549731983323407,0.1103973537683487,-0.025099966064885376,0.1625967837998809,0.164668008685112,0.0020712248852310933,0.40649195949970224,0.46168938279151917,0.05519742329181693,0.05419892793329363,0.0343492329120636,-0.019849695021230032,0.11614055985705778,0.12932051718235016,0.013179957325292382
65ce9335b93d9c57,2022-11-12,UFC 281: Adesanya vs. Pereira,Andre Petroski,Wellington Turman,2,red_dec,2022,0.23389307745030843,0.21182700991630554,-0.022066067534002892,0.19880911583276217,0.22753113508224487,0.0287220192494827,0.19880911583276217,0.25934258103370667,0.06053346520094449,0.11360520904729267,0.13043072819709778,0.01682551914980511,0.13253941055517476,0.06371499598026276,-0.06882441457491201,0.1223440712816998,0.10715357214212418,-0.015190499139575625
6f22afbc5f8e0bd3,2022-11-12,UFC 281: Adesanya vs. Pereira,Dominick Reyes,Ryan Spann,3,blue_ko_tko,2022,0.3848620910840282,0.3981860280036926,0.013323936919664436,0.1010262989095574,0.0830252468585968,-0.0180010520509606,0.16164207825529187,0.18156294524669647,0.019920866991404607,0.16164207825529187,0.14230988919734955,-0.019332189057942317,0.1010262989095574,0.0789293572306633,-0.022096941678894103,0.08980115458627325,0.11598651111125946,0.026185356524986214
77c78d0a71b10692,2022-11-12,UFC 281: Adesanya vs. Pereira,Dan Hooker,Claudio Puelles,0,red_ko_tko,2022,0.2687921805911101,0.25126925110816956,-0.01752292948294054,0.07330695834303003,0.058680418878793716,-0.01462653946423631,0.23039329764952293,0.25035399198532104,0.019960694335798113,0.08959739353037004,0.08349213004112244,-0.0061052634892476,0.23039329764952293,0.21286322176456451,-0.017530075884958418,0.10751687223644404,0.14334097504615784,0.03582410280971379
7f93b2f38497caec,2022-11-12,UFC 281: Adesanya vs. Pereira,Michael Trizano,SeungWoo Choi,0,red_ko_tko,2022,0.0691699604743083,0.07124367356300354,0.0020737130886952365,0.0691699604743083,0.05242108926177025,-0.016748871212538055,0.23715415019762845,0.27738523483276367,0.04023108463513522,0.23715415019762845,0.25574472546577454,0.018590575268146087,0.05533596837944664,0.02971222624182701,-0.02562374213761963,0.33201581027667987,0.3134930431842804,-0.018522767092399472
93da91272d4a7ce3,2022-11-12,UFC 281: Adesanya vs. Pereira,Erin Blanchfield,Molly McCann,1,red_sub,2022,0.1471222820706776,0.1420302540063858,-0.0050920280642917926,0.17981612253082815,0.16323481500148773,-0.016581307529340422,0.44136684621203276,0.5227764844894409,0.08140963827740816,0.08091725513887268,0.0761924758553505,-0.00472477928352219,0.03518141527777073,0.01471575628966093,-0.0204656589881098,0.1155960787698181,0.08105017989873886,-0.03454589887107924
bee95769a221af9a,2022-11-12,UFC 281: Adesanya vs. Pereira,Julio Arce,Montel Jackson,5,blue_dec,2022,0.07379375591296121,0.05884041264653206,-0.01495334326642915,0.06764427625354777,0.048048559576272964,-0.019595716677274805,0.2029328287606433,0.25831443071365356,0.05538160195301026,0.24976348155156103,0.20767690241336823,-0.0420865791381928,0.08117313150425733,0.0739077478647232,-0.00726538363953412,0.3246925260170293,0.3532119393348694,0.02851941331784008
db026ff6eee4d174,2022-11-12,UFC 281: Adesanya vs. Pereira,Carlos Ulberg,Nicolae Negumereanu,0,red_ko_tko,2022,0.3038955234997642,0.24446451663970947,-0.0594310068600547,0.04737194925143382,0.03213335946202278,-0.01523858978941104,0.17896069717208332,0.2362043410539627,0.057243643881879386,0.20133078431859375,0.26235032081604004,0.06101953649744629,0.10737641830325,0.09107334166765213,-0.016303076635597866,0.16106462745487501,0.13377410173416138,-0.027290525720713638
ff2e4b411f695017,2022-11-12,UFC 281: Adesanya vs. Pereira,Karolina Kowalkiewicz,Silvana Gomez Juarez,2,red_dec,2022,0.13282027466330523,0.1340605616569519,0.001240286993646672,0.12260333045843562,0.08649338781833649,-0.03610994264009913,0.24520666091687124,0.2624112069606781,0.017204546043806862,0.22769189942280899,0.22895780205726624,0.00126590263445725,0.07244742254362105,0.05705011263489723,-0.015397309908723816,0.19923041199495786,0.23102691769599915,0.03179650570104128
0f2983fe7753403f,2022-11-19,UFC Fight Night: Nzechukwu vs. Cutelaba,Ricky Turcios,Kevin Natividad,2,red_dec,2022,0.1611807177744744,0.1586616039276123,-0.0025191138468620977,0.07326396262476108,0.06060182303190231,-0.012662139592858765,0.3503928647271182,0.341854453086853,-0.008538411640265198,0.14652792524952216,0.13131095468997955,-0.015216970559542603,0.06715863240603098,0.03929281234741211,-0.027865820058618873,0.20147589721809298,0.2682783603668213,0.06680246314872831
110f539523a4b571,2022-11-19,UFC Fight Night: Nzechukwu vs. Cutelaba,Chase Sherman,Waldo Cortes-Acosta,5,blue_dec,2022,0.1471327487430472,0.11928994208574295,-0.027842806657304237,0.02790448683057791,0.014405695721507072,-0.013498791109070839,0.14073567271074078,0.13247303664684296,-0.008262636063897821,0.41448371902004755,0.4871962368488312,0.07271251782878363,0.08991445756519549,0.07139012962579727,-0.01852432793939822,0.17982891513039098,0.17524497210979462,-0.004583943020596365
144443d4dbf43990,2022-11-19,UFC Fight Night: Nzechukwu vs. Cutelaba,Jennifer Maia,Maryna Moroz,2,red_dec,2022,0.04356257615834992,0.03490889444947243,-0.008653681708877495,0.06366838053912681,0.048857636749744415,-0.014810743789382394,0.25467352215650724,0.2853519320487976,0.03067840989229037,0.06366838053912681,0.059755612164735794,-0.003912768374391015,0.1504888994561179,0.1085277572274208,-0.041961142228697096,0.4239382411507712,0.46259820461273193,0.03865996346196071
33719a2d9c69ed17,2022-11-19,UFC Fight Night: Nzechukwu vs. Cutelaba,Natalia Silva,Tereza Bleda,0,red_ko_tko,2022,0.11646929556830667,0.10637763142585754,-0.010091664142449122,0.1811744597729215,0.14419938623905182,-0.03697507353386967,0.30765474301062146,0.36516737937927246,0.057512636368651004,0.06794042241484556,0.07203678041696548,0.004096358002119924,0.06794042241484556,0.04874834418296814,-0.01919207823187742,0.2588206568184593,0.26347044110298157,0.004649784284522285
594435375d641f63,2022-11-19,UFC Fight Night: Nzechukwu vs. Cutelaba,Vince Morales,Miles Johns,5,blue_dec,2022,0.1253503900375115,0.10788586735725403,-0.01746452268025747,0.045265418624656925,0.03913676738739014,-0.006128651237266788,0.21727400939835326,0.2148788720369339,-0.0023951373614193583,0.2396404515423014,0.2407258301973343,0.001085378655032887,0.08147775352438248,0.05627601593732834,-0.025201737587054143,0.29099197687279454,0.3410966098308563,0.05010463295806178
a3696c847ef6c7f9,2022-11-19,UFC Fight Night: Nzechukwu vs. Cutelaba,Brady Hiestand,Fernie Garcia,2,red_dec,2022,0.13312202852614896,0.11552254110574722,-0.017599487420401738,0.17749603803486527,0.1681060642004013,-0.009389973834463966,0.31949286846275754,0.3771851360797882,0.05769226761703067,0.09984152139461173,0.1179046481847763,0.01806312679016457,0.057052297939778125,0.026019861921668053,-0.031032436018110073,0.21299524564183836,0.19526173174381256,-0.0177335138980258
b4cfb34e8224fd77,2022-11-19,UFC Fight Night: Nzechukwu vs. Cutelaba,Charles Johnson,Zhalgas Zhumagulov,2,red_dec,2022,0.1907282488931946,0.20599709451198578,0.015268845618791188,0.08201314702407368,0.09407054632902145,0.012057399304947772,0.3417214459336403,0.37849390506744385,0.03677245913380356,0.08201314702407368,0.0577794685959816,-0.024233678428092084,0.043164814223196665,0.023948097601532936,-0.01921671662166373,0.2603591969018212,0.23971091210842133,-0.020648284793399863
c317f85a8266313e,2022-11-19,UFC Fight Night: Nzechukwu vs. Cutelaba,Andre Fialho,Muslim Salikhov,3,blue_ko_tko,2022,0.3036464328112665,0.34068918228149414,0.03704274947022762,0.04394882580163068,0.0459735132753849,0.0020246874737542206,0.12846579849707432,0.1547275185585022,0.02626172006142788,0.24559637947970087,0.17816385626792908,-0.06743252321177179,0.05566851268206553,0.03265649452805519,-0.02301201815401034,0.22267405072826213,0.2477893978357315,0.025115347107469377
c33257dd0605c7de,2022-11-19,UFC Fight Night: Nzechukwu vs. Cutelaba,Kennedy Nzechukwu,Ion Cutelaba,0,red_ko_tko,2022,0.3642671292281006,0.40677616000175476,0.042509030773654144,0.07285342584562013,0.06765201687812805,-0.005201408967492077,0.16695576756287947,0.21203579008579254,0.04508002252291307,0.2289679098005204,0.1736878752708435,-0.05528003452967689,0.06678230702515178,0.03411896899342537,-0.03266333803172641,0.10017346053772767,0.10572914034128189,0.005555679803554217
d0c01840c72429c6,2022-11-19,UFC Fight Night: Nzechukwu vs. Cutelaba,Jack Della Maddalena,Danny Roberts,0,red_ko_tko,2022,0.5647177613232042,0.5945448279380798,0.029827066614875664,0.09063371478026733,0.07171923667192459,-0.018914478108342736,0.1631406866044812,0.18073596060276031,0.01759527399827912,0.06274641792480046,0.059331756085157394,-0.003414661839643063,0.028127704586979517,0.015665726736187935,-0.012461977850791582,0.09063371478026733,0.07800248265266418,-0.012631232127603143
0c9faf26efe2cdcc,2022-12-03,UFC Fight Night: Thompson vs. Holland,Angela Hill,Emily Ducote,2,red_dec,2022,0.08183017138261366,0.07194693386554718,-0.009883237517066476,0.028217300476763324,0.017884941771626472,-0.010332358705136852,0.3409590474275569,0.34052541851997375,-0.000433628907583139,0.09092241264734849,0.10013065487146378,0.009208242224115287,0.10228771422826706,0.08195050060749054,-0.02033721362077652,0.35578335383745063,0.387561559677124,0.03177820583967339
1114cd1515cf3b8f,2022-12-03,UFC Fight Night: Thompson vs. Holland,Marcelo Rojo,Francis Marshall,3,blue_ko_tko,2022,0.22858486130700514,0.21667002141475677,-0.011914839892248369,0.07273154677950165,0.0484573133289814,-0.024274233450520252,0.12308415608838741,0.13932882249355316,0.016244666405165753,0.09412317818523742,0.12189923971891403,0.027776061533676608,0.23530794546309355,0.19248099625110626,-0.04282694921198729,0.24616831217677482,0.28116363286972046,0.03499532069294564
2cec230248d7eb97,2022-12-03,UFC Fight Night: Thompson vs. Holland,Yazmin Jauregui,Istela Nunes,0,red_ko_tko,2022,0.24158242974013683,0.2162994146347046,-0.02528301510543224,0.06844835509303876,0.06669033318758011,-0.001758021905458651,0.43934293036462085,0.5134421586990356,0.07409922833441479,0.08213802611164651,0.08176086843013763,-0.00037715768150888007,0.03159154850447943,0.015218588523566723,-0.016372959980912705,0.13689671018607752,0.10658860951662064,-0.030308100669456883
30abc50a2e71c576,2022-12-03,UFC Fight Night: Thompson vs. Holland,Natan Levy,Genaro Valdez,2,red_dec,2022,0.17429193899782133,0.23947623372077942,0.06518429472295809,0.3137254901960784,0.2171468585729599,-0.09657863162311853,0.16339869281045752,0.20515212416648865,0.04175343135603113,0.17429193899782133,0.1881442815065384,0.013852342508717058,0.08714596949891067,0.05795838311314583,-0.029187586385764838,0.08714596949891067,0.09212209284305573,0.004976123344145059
5a8f7afc5ea69537,2022-12-03,UFC Fight Night: Thompson vs. Holland,Matheus Nicolau,Matt Schnell,0,red_ko_tko,2022,0.23063276167947963,0.2590487003326416,0.02841593865316197,0.20180366646954467,0.15425492823123932,-0.047548738238305355,0.3228858663512715,0.3906591236591339,0.06777325730786243,0.06209343583678298,0.07345224171876907,0.011358805881986095,0.06726788882318156,0.04186023771762848,-0.025407651105553083,0.11531638083973982,0.08072477579116821,-0.0345916050485716
7bd6969c4ed979f9,2022-12-03,UFC Fight Night: Thompson vs. Holland,Clay Guida,Scott Holtzman,2,red_dec,2022,0.07513416815742398,0.0776524469256401,0.0025182787682161284,0.05509838998211091,0.05407636612653732,-0.001022023855573588,0.22039355992844364,0.28199610114097595,0.06160254121253231,0.23613595706618962,0.20327678322792053,-0.032859173838269085,0.08264758497316638,0.06990261375904083,-0.012744971214125544,0.3305903398926655,0.31309565901756287,-0.01749468087510264
7fbf09533c59e43f,2022-12-03,UFC Fight Night: Thompson vs. Holland,Niko Price,Phil Rowe,3,blue_ko_tko,2022,0.2882923149984636,0.2685498595237732,-0.01974245547469039,0.06606698885381457,0.04860313981771469,-0.017463849036099877,0.15856077324915496,0.18698160350322723,0.02842083025407227,0.1843729921501802,0.18163107335567474,-0.0027419187945054435,0.15856077324915496,0.12550288438796997,-0.03305788886118499,0.1441461574992318,0.18873144686222076,0.04458528936298897
92c1d9a6d313cb0c,2022-12-03,UFC Fight Night: Thompson vs. Holland,Michael Johnson,Marc Diakiese,2,red_dec,2022,0.09200109593781997,0.07020077854394913,-0.02180031739387084,0.028552064256564817,0.021307025104761124,-0.007245039151803693,0.13800164390672995,0.14984241127967834,0.011840767372948396,0.2208026302507679,0.20032812654972076,-0.020474503701047142,0.06900082195336497,0.04166480898857117,-0.027336012964793807,0.4516417436947525,0.5166568756103516,0.06501513191559904
972e17c1b98fca06,2022-12-03,UFC Fight Night: Thompson vs. Holland,Tai Tuivasa,Sergei Pavlovich,3,blue_ko_tko,2022,0.25948847960629334,0.21925102174282074,-0.0402374578634726,0.02908060547311908,0.017954129725694656,-0.011126475747424425,0.06487211990157334,0.045758090913295746,-0.01911402898827759,0.506002535232272,0.5824189186096191,0.07641638337734713,0.05622250391469689,0.030923815444111824,-0.025298688470585064,0.08433375587204535,0.10369402915239334,0.019360273280347992
a419e6df765aa755,2022-12-03,UFC Fight Night: Thompson vs. Holland,Stephen Thompson,Kevin Holland,0,red_ko_tko,2022,0.1802441731409545,0.14110802114009857,-0.039136152000855934,0.027968923418423976,0.02100113034248352,-0.006967793075940455,0.16897891231964488,0.19173935055732727,0.022760438237682395,0.33795782463928975,0.3805760443210602,0.04261821968177043,0.11587125416204219,0.0885876715183258,-0.027283582643716386,0.16897891231964488,0.17698776721954346,0.008008854899898582
a71764d5da04e3bc,2022-12-03,UFC Fight Night: Thompson vs. Holland,Jack Hermansson,Roman Dolidze,3,blue_ko_tko,2022,0.10547945205479453,0.10983344912528992,0.004353997070495386,0.17579908675799089,0.16528578102588654,-0.01051330573210435,0.35958904109589046,0.37880998849868774,0.019220947402797284,0.15821917808219182,0.14174407720565796,-0.016475100876533866,0.08789954337899544,0.07296852022409439,-0.014931023154901052,0.113013698630137,0.13135816156864166,0.01834446293850467
be977e524ef56aa4,2022-12-03,UFC Fight Night: Thompson vs. Holland,Darren Elkins,Jonathan Pearce,5,blue_dec,2022,0.0471869761012815,0.03955068066716194,-0.007636295434119561,0.06170604567090659,0.056590888649225235,-0.005115157021681353,0.1002723242152232,0.09962461143732071,-0.0006477127779024872,0.3208714374887143,0.27855488657951355,-0.04231655090920072,0.17826190971595235,0.13735727965831757,-0.04090463005763478,0.29170130680792206,0.3883216679096222,0.09662036110170014
ca0f0a35a1fcb453,2022-12-03,UFC Fight Night: Thompson vs. Holland,Eryk Anders,Kyle Daukaus,0,red_ko_tko,2022,0.12495661228740021,0.11940784752368927,-0.005548764763710939,0.031239153071850052,0.022260870784521103,-0.00897828228732895,0.18049288441513361,0.23372992873191833,0.05323704431678472,0.10829573064908017,0.0998963862657547,-0.008399344383325472,0.21659146129816034,0.1888309270143509,-0.02776053428380945,0.3384241582783756,0.3358740508556366,-0.0025501074227389786
f17813d03fcd8e7a,2022-12-03,UFC Fight Night: Thompson vs. Holland,Bryan Barberena,Rafael Dos Anjos,4,blue_sub,2022,0.06889352818371608,0.07743922621011734,0.00854569802640126,0.022964509394572025,0.01950925774872303,-0.0034552516458489953,0.0918580375782881,0.10778225213289261,0.015924214554604507,0.1503131524008351,0.15279100835323334,0.0024778559523982446,0.20668058455114824,0.14762398600578308,-0.05905659854536516,0.45929018789144055,0.49485430121421814,0.03556411332277759
11f65de5348e4bc4,2022-12-10,UFC 282: Blachowicz vs. Ankalaev,Santiago Ponzinibbio,Alex Morono,0,red_ko_tko,2022,0.2596253134680631,0.19630417227745056,-0.06332114119061255,0.05452131582829326,0.04224397614598274,-0.012277339682310519,0.29738899542705416,0.3561522364616394,0.058763241034585245,0.10222746717804987,0.11988575756549835,0.017658290387448483,0.06815164478536657,0.04292239993810654,-0.025229244847260038,0.21808526331317304,0.2424914836883545,0.024406220375181448
144cd3f62591a5fb,2022-12-10,UFC 282: Blachowicz vs. Ankalaev,Paddy Pimblett,Jared Gordon,2,red_dec,2022,0.2328279230690953,0.21693767607212067,-0.01589024699697464,0.2507377633051796,0.29700255393981934,0.04626479063463973,0.20372443268545842,0.230977401137352,0.027252968451893567,0.10186221634272921,0.09877534955739975,-0.003086866785329462,0.0626844408262949,0.03178507089614868,-0.03089936993014622,0.1481632237712425,0.12452198565006256,-0.023641238121179936
1779cc4ae925df01,2022-12-10,UFC 282: Blachowicz vs. Ankalaev,Jairzinho Rozenstruik,Chris Daukaus,0,red_ko_tko,2022,0.4641331650709907,0.4481067657470703,-0.016026399323920415,0.02934175181483275,0.03010602667927742,0.0007642748644446709,0.0945456447366833,0.10639102011919022,0.01184537538250692,0.2618187085015845,0.2635289132595062,0.0017102047579217183,0.05005357662530292,0.03718673437833786,-0.012866842246965063,0.10010715325060585,0.11468050628900528,0.014573353038399434
2d9d966e0e8df232,2022-12-10,UFC 282: Blachowicz vs. Ankalaev,TJ Brown,Erik Silva,1,red_sub,2022,0.13958898797983715,0.1538209319114685,0.014231943931631352,0.17060876308646764,0.15384401381015778,-0.01676474927630986,0.1919348584722761,0.24128377437591553,0.049348915903639434,0.15354788677782089,0.21075433492660522,0.05720644814878434,0.20473051570376116,0.10221108049154282,-0.10251943521221835,0.13958898797983715,0.13808585703372955,-0.0015031309461076003
4e9d76ed54f1f352,2022-12-10,UFC 282: Blachowicz vs. Ankalaev,Edmen Shahbazyan,Dalcha Lungiambula,0,red_ko_tko,2022,0.4049243547908633,0.38268813490867615,-0.022236219882187158,0.10797982794423021,0.09797605872154236,-0.01000376922268785,0.21595965588846042,0.2646782398223877,0.04871858393392728,0.12459210916641948,0.11814001947641373,-0.006452089690005755,0.038564224265796504,0.018505888059735298,-0.020058336206061206,0.10797982794423021,0.11801162362098694,0.01003179567675673
5bc31abb5842942a,2022-12-10,UFC 282: Blachowicz vs. Ankalaev,Cameron Saaiman,Steven Koslow,0,red_ko_tko,2022,0.4208236441377241,0.4239483177661896,0.0031246736284654686,0.08926562148375965,0.07646109163761139,-0.012804529846148258,0.21423749156102317,0.27410125732421875,0.059863765763195576,0.04725827019728452,0.051333338022232056,0.0040750678249475356,0.1338984322256395,0.07631853967905045,-0.057579892546589045,0.09451654039456904,0.0978374183177948,0.0033208779232257596
a1a5d06b0e7ada62,2022-12-10,UFC 282: Blachowicz vs. Ankalaev,Billy Quarantillo,Alexander Hernandez,0,red_ko_tko,2022,0.2497899907453549,0.25817784667015076,0.00838785592479585,0.12489499537267745,0.11338718235492706,-0.01150781301775039,0.23876984409482452,0.2436593770980835,0.004889533003258978,0.1353029116537339,0.14001676440238953,0.004713852748655628,0.06244749768633873,0.03785448521375656,-0.024593012472582165,0.18879476044707055,0.2069043666124344,0.018109606165363834
a346180c8b109469,2022-12-10,UFC 282: Blachowicz vs. Ankalaev,Chris Curtis,Joaquin Buckley,0,red_ko_tko,2022,0.2117881903453605,0.19247634708881378,-0.019311843256546724,0.03258279851467085,0.027824774384498596,-0.0047580241301722545,0.15402777479662583,0.16038791835308075,0.0063601435564549225,0.33886110455257684,0.30212926864624023,-0.03673183590633661,0.03683272875571487,0.023325664922595024,-0.013507063833119844,0.2259074030350512,0.29385602474212646,0.06794862170707527
ecab8b8b36727b8d,2022-12-10,UFC 282: Blachowicz vs. Ankalaev,Darren Till,Dricus Du Plessis,4,blue_sub,2022,0.17819127023571907,0.17670224606990814,-0.001489024165810926,0.03486350939394504,0.025153454393148422,-0.009710055000796615,0.16037214321214718,0.15287110209465027,-0.007501041117496915,0.3025889494568815,0.34145569801330566,0.03886674855642419,0.14579285746558834,0.11781982332468033,-0.027973034140908015,0.17819127023571907,0.18599766492843628,0.007806394692717211
fd7421f421e802bd,2022-12-10,UFC 282: Blachowicz vs. Ankalaev,Raul Rosas Jr.,Jay Perrin,1,red_sub,2022,0.10638938586080456,0.08398644626140594,-0.02240293959939861,0.290152870529467,0.29892221093177795,0.008769340402310977,0.2849715692700122,0.3583183288574219,0.07334675958740966,0.07979203939560342,0.0640958845615387,-0.015696154834064724,0.061378491842771866,0.03800193592905998,-0.023376555913711884,0.17731564310134093,0.15667523443698883,-0.0206404086643521
4ea48bf2407b405d,2022-12-17,UFC Fight Night: Cannonier vs. Strickland,Jared Cannonier,Sean Strickland,2,red_dec,2022,0.22698280033431575,0.2169373482465744,-0.010045452087741352,0.07944398011701052,0.0757228285074234,-0.0037211516095871228,0.1847534421325826,0.21931521594524384,0.034561773812661234,0.15888796023402105,0.13983246684074402,-0.01905549339327703,0.06620331676417543,0.053243618458509445,-0.012959698305665984,0.2837285004178947,0.2949485182762146,0.011220017858319886
5f4e944ff1bdcd9c,2022-12-17,UFC Fight Night: Cannonier vs. Strickland,Jake Matthews,Matthew Semelsberger,5,blue_dec,2022,0.15899875604174382,0.14251738786697388,-0.016481368174769945,0.22714108005963402,0.17648367583751678,-0.05065740422211723,0.3456494696559648,0.48496508598327637,0.13931561632731154,0.09937422252608989,0.06871640682220459,-0.030657815703885302,0.030576683854181507,0.020287590101361275,-0.010289093752820232,0.13825978786238594,0.10702979564666748,-0.031229992215718455
8f00da6ea8186ce2,2022-12-17,UFC Fight Night: Cannonier vs. Strickland,Bryan Battle,Rinat Fakhretdinov,5,blue_dec,2022,0.09384987138514304,0.08946558088064194,-0.004384290504501107,0.09384987138514304,0.08817173540592194,-0.005678135979221108,0.22792111622106168,0.25535497069358826,0.02743385447252658,0.1855171876217944,0.11940459161996841,-0.06611259600182598,0.13295398446228596,0.1310129165649414,-0.0019410678973445505,0.2659079689245719,0.31659018993377686,0.05068222100920494
9c1a2ac64c98d2f6,2022-12-17,UFC Fight Night: Cannonier vs. Strickland,Alex Caceres,Julian Erosa,0,red_ko_tko,2022,0.11600316372264696,0.11993681639432907,0.0039336526716821085,0.08120221460585288,0.06147696077823639,-0.019725253827616487,0.20300553651463218,0.19868727028369904,-0.004318266230933149,0.16917128042886018,0.19478407502174377,0.025612794592883598,0.1353370243430881,0.09749096632003784,-0.03784605802305027,0.29528078038491956,0.3276239335536957,0.03234315316877612
ccb7e2851319345d,2022-12-17,UFC Fight Night: Cannonier vs. Strickland,Sergey Morozov,Journey Newson,2,red_dec,2022,0.2566337649019356,0.2360817939043045,-0.02055197099763112,0.1283168824509678,0.12112828344106674,-0.00718859900990107,0.3499551339571849,0.40834182500839233,0.05838669105120742,0.1099858992436867,0.10488990694284439,-0.005095992300842303,0.03666196641456223,0.020594589412212372,-0.016067377002349857,0.1184463530316626,0.10896354913711548,-0.009482803894547115
ce7744d45a698aa6,2022-12-17,UFC Fight Night: Cannonier vs. Strickland,Arman Tsarukyan,Damir Ismagulov,2,red_dec,2022,0.1833306864502272,0.1734027862548828,-0.009927900195344397,0.09705742223835559,0.07783510535955429,-0.0192223168788013,0.358690473489575,0.4111204743385315,0.05243000084895649,0.0916653432251136,0.08820406347513199,-0.003461279749981616,0.026612519000839437,0.01327828224748373,-0.013334236753355707,0.242643555595889,0.2361593097448349,-0.006484245851054088
d95eeba3de7ecac5,2022-12-17,UFC Fight Night: Cannonier vs. Strickland,Amir Albazi,Alessandro Costa,0,red_ko_tko,2022,0.20321520561328713,0.19277463853359222,-0.010440567079694901,0.3463895550226485,0.32296693325042725,-0.023422621772221264,0.2344790833999467,0.28687724471092224,0.05239816131097555,0.07620570210498268,0.07587947696447372,-0.00032622514050895113,0.03810285105249134,0.021334009245038033,-0.016768841807453305,0.10160760280664356,0.10016771405935287,-0.001439888747290688
e0444752d18fda7f,2022-12-17,UFC Fight Night: Cannonier vs. Strickland,Cody Brundage,Michal Oleksiejczuk,3,blue_ko_tko,2022,0.08722137615949051,0.08555445075035095,-0.0016669254091395552,0.11048040980202133,0.10067224502563477,-0.00980816477638656,0.0920670081683511,0.09164459258317947,-0.0004224155851716288,0.4340301813650838,0.497598797082901,0.06356861571781719,0.11048040980202133,0.06937334686517715,-0.04110706293684417,0.16572061470303198,0.15515662729740143,-0.010563987405630554
ed6203e849a2bf28,2022-12-17,UFC Fight Night: Cannonier vs. Strickland,Said Nurmagomedov,Saidyokub Kakhramonov,1,red_sub,2022,0.14441992871580442,0.12235165387392044,-0.022068274841883978,0.09928870099211554,0.09804315119981766,-0.0012455497922978787,0.2444029562882844,0.2818866968154907,0.03748374052720632,0.15886192158738485,0.11678867787122726,-0.04207324371615759,0.08825662310410269,0.08094756305217743,-0.007309060051925262,0.26476986931230806,0.2999822497367859,0.03521238042447783
efc64d8aae5628c9,2022-12-17,UFC Fight Night: Cannonier vs. Strickland,Rafa Garcia,Maheshate,2,red_dec,2022,0.057462411680005356,0.054122332483530045,-0.003340079196475311,0.14626795700365,0.0984601080417633,-0.047807848961886695,0.365669892509125,0.41471245884895325,0.04904256633982823,0.20111844088001876,0.1994592398405075,-0.0016592010395112544,0.06188259719385193,0.04305354878306389,-0.018829048410788043,0.16759870073334898,0.19019225239753723,0.02259355166418825
f87a7812733f7e8f,2022-12-17,UFC Fight Night: Cannonier vs. Strickland,David Dvorak,Manel Kape,5,blue_dec,2022,0.0744397580540658,0.08128881454467773,0.006849056490611932,0.05117733366217024,0.05894319340586662,0.007765859743696382,0.18196385302104973,0.23823900520801544,0.056275152186965716,0.30899522211121655,0.27549970149993896,-0.033495520611277585,0.09098192651052486,0.057528745383024216,-0.03345318112750065,0.2924419066409728,0.28850057721138,-0.003941329429592799
5305049e4215d263,2023-01-14,UFC Fight Night: Strickland vs. Imavov,Claudio Ribeiro,Abdul Razak Alhassan,3,blue_ko_tko,2023,0.37358199077748716,0.43338486552238464,0.05980287474489748,0.045223083094116864,0.058334965258836746,0.013111882164719882,0.07160321489901837,0.10615964233875275,0.034556427439734375,0.39056299035828207,0.28330904245376587,-0.1072539479045162,0.04091612279943907,0.03367131948471069,-0.007244803314728376,0.07811259807165641,0.0851401835680008,0.007027585496344385
5a2fa552e70958d4,2023-01-14,UFC Fight Night: Strickland vs. Imavov,Javid Basharat,Mateus Mendonca,2,red_dec,2023,0.1495567435880084,0.16853074729442596,0.018974003706417553,0.2530960276104758,0.21514588594436646,-0.03795014166610933,0.3290248358936185,0.37803196907043457,0.0490071331768161,0.0967720105569466,0.0970725491642952,0.00030053860734859106,0.0747783717940042,0.04814857989549637,-0.026629791898507837,0.0967720105569466,0.09307026863098145,-0.00370174192596516
622cc4ef46913020,2023-01-14,UFC Fight Night: Strickland vs. Imavov,Ketlen Vieira,Raquel Pennington,5,blue_dec,2023,0.06888289907157831,0.0797995924949646,0.01091669342338629,0.10332434860736747,0.08266046643257141,-0.02066388217479606,0.35938903863432164,0.4122350811958313,0.052846042561509654,0.05510631925726265,0.05949372798204422,0.0043874087247815705,0.08265947888589398,0.047723326832056046,-0.03493615205383793,0.3306379155435759,0.31808778643608093,-0.012550129107494978
868c83e734dbbceb,2023-01-14,UFC Fight Night: Strickland vs. Imavov,Sean Strickland,Nassourdine Imavov,2,red_dec,2023,0.2022327145108,0.16852356493473053,-0.033709149576069464,0.05392872386954666,0.035784631967544556,-0.018144091902002106,0.2022327145108,0.2477605789899826,0.04552786447918261,0.23792084060094115,0.26548537611961365,0.027564535518672495,0.11556155114902855,0.08782482892274857,-0.027736722226279986,0.1881234553588837,0.1946210265159607,0.006497571157076998
a4c7d59d340794c0,2023-01-14,UFC Fight Night: Strickland vs. Imavov,Umar Nurmagomedov,Raoni Barcelos,0,red_ko_tko,2023,0.10926907445649975,0.1231975108385086,0.013928436382008857,0.20487951460593704,0.2049679458141327,8.843120819565509e-05,0.5463453722824987,0.5827901363372803,0.03644476405478159,0.048206944613161655,0.042528968304395676,-0.005677976308765979,0.028259243393922346,0.010908029042184353,-0.017351214351737993,0.06303985064798062,0.03560740500688553,-0.027432445641095093
b6723b9c6ff4d594,2023-01-14,UFC Fight Night: Strickland vs. Imavov,Charles Johnson,Jimmy Flick,0,red_ko_tko,2023,0.4418134565405717,0.4876794219017029,0.04586596536113119,0.07363557609009529,0.08244079351425171,0.008805217424156422,0.21599768986427953,0.19785746932029724,-0.01814022054398229,0.04764654923476754,0.04820979759097099,0.000563248356203451,0.14727115218019057,0.12478800863027573,-0.022483143549914847,0.07363557609009529,0.05902453511953354,-0.014611040970561748
c88a7dbe7717d2da,2023-01-14,UFC Fight Night: Strickland vs. Imavov,Dan Ige,Damon Jackson,0,red_ko_tko,2023,0.23441021788129227,0.23748186230659485,0.003071644425302583,0.06311044327573254,0.07124456018209457,0.008134116906362038,0.23441021788129227,0.23823411762714386,0.0038238997458515944,0.06836964688204358,0.04861731827259064,-0.019752328609452946,0.12622088655146507,0.0798247754573822,-0.04639611109408287,0.27347858752817433,0.32459738850593567,0.051118800977761336
c9144a294c73b06f,2023-01-14,UFC Fight Night: Strickland vs. Imavov,Allan Nascimento,Carlos Hernandez,1,red_sub,2023,0.0820836012250326,0.07210398465394974,-0.009979616571082858,0.25256492684625415,0.23006199300289154,-0.022502933843362605,0.3908742915477742,0.4364766478538513,0.04560235630607712,0.07462145565912054,0.08854412287473679,0.013922667215616247,0.0356885222717533,0.022259818390011787,-0.013428703881741513,0.1641672024500652,0.15055342018604279,-0.013613782264022406
d4420be78065de03,2023-01-14,UFC Fight Night: Strickland vs. Imavov,Punahele Soriano,Roman Kopylov,3,blue_ko_tko,2023,0.32492699761083094,0.3289991319179535,0.004072134307122555,0.08123174940270773,0.06210983544588089,-0.019121913956826844,0.18051499867268384,0.2044374942779541,0.023922495605270266,0.20307937350676933,0.21760164201259613,0.014522268505826802,0.04778338200159279,0.03011256642639637,-0.017670815575196418,0.16246349880541547,0.15673929452896118,-0.005724204276454287
1c51f405e5c46572,2023-01-21,UFC 283: Teixeira vs. Hill,Gilbert Burns,Neil Magny,1,red_sub,2023,0.2322020923705027,0.23532672226428986,0.0031246298937871453,0.28195968359275325,0.23133493959903717,-0.05062474399371608,0.28195968359275325,0.2790803015232086,-0.0028793820695446337,0.06072977800459301,0.06672123074531555,0.00599145274072254,0.030364889002296506,0.022932328283786774,-0.007432560718509732,0.1127838734371013,0.16460444033145905,0.05182056689435774
1d35e4c0941d1397,2023-01-21,UFC 283: Teixeira vs. Hill,Saimon Oliveira,Daniel Marcos,3,blue_ko_tko,2023,0.11501426533523537,0.1300388127565384,0.01502454742130302,0.18723252496433668,0.1809818148612976,-0.00625071010303907,0.2683666191155492,0.2892884314060211,0.02092181229047191,0.20127496433666192,0.20225635170936584,0.0009813873727039235,0.0670916547788873,0.040227219462394714,-0.026864435316492588,0.16101997146932956,0.1572073996067047,-0.0038125718626248473
221982930283140,2023-01-21,UFC 283: Teixeira vs. Hill,Lauren Murphy,Jessica Andrade,5,blue_dec,2023,0.06190109151319371,0.07202329486608505,0.010122203352891344,0.030950545756596854,0.03320767730474472,0.0022571315481478664,0.10729522528953575,0.1238168329000473,0.01652160761051155,0.3498757346397905,0.2400805652141571,-0.10979516942563339,0.14631167084936694,0.1386784464120865,-0.007633224437280456,0.3036657319515163,0.39219316840171814,0.08852743645020184
2d1ac675e6c1e6ea,2023-01-21,UFC 283: Teixeira vs. Hill,Paul Craig,Johnny Walker,3,blue_ko_tko,2023,0.08196197085959189,0.090167336165905,0.008205365306313106,0.21856525562557838,0.2271297425031662,0.008564486877587818,0.07451088259962899,0.12223980575799942,0.047728923158370434,0.4708453645125492,0.4120255708694458,-0.05881979364310341,0.06304766989199377,0.04336486756801605,-0.01968280232397772,0.09106885651065764,0.10507265478372574,0.014003798273068094
354dc211166a3982,2023-01-21,UFC 283: Teixeira vs. Hill,Luan Lacerda,Cody Stamann,5,blue_dec,2023,0.03908794788273615,0.04078312963247299,0.001695181749736839,0.11726384364820845,0.11943154036998749,0.002167696721779036,0.09120521172638435,0.11972955614328384,0.028524344416899494,0.2052117263843648,0.15204450488090515,-0.05316722150345965,0.05472312703583061,0.03500213101506233,-0.01972099602076828,0.4925081433224755,0.5330091118812561,0.0405009685587806
5ad8aa57c8d69680,2023-01-21,UFC 283: Teixeira vs. Hill,Gregory Rodrigues,Brunno Ferreira,3,blue_ko_tko,2023,0.37880519243075234,0.3841990530490875,0.005393860618335189,0.24476643203217846,0.24503323435783386,0.00026680232565540196,0.09358716518877411,0.12516623735427856,0.03157907216550446,0.17677575646768443,0.16247378289699554,-0.01430197357068888,0.05303272694030533,0.028321024030447006,-0.024711702909858323,0.05303272694030533,0.054806675761938095,0.0017739488216327662
7ed9e8f3258446c7,2023-01-21,UFC 283: Teixeira vs. Hill,Gabriel Bonfim,Mounir Lazzez,1,red_sub,2023,0.17811704834605596,0.18555404245853424,0.007436994112478279,0.26717557251908397,0.2631067931652069,-0.004068779353877061,0.1603053435114504,0.20674093067646027,0.04643558716500987,0.17811704834605596,0.12119551748037338,-0.05692153086568258,0.038167938931297704,0.02584952674806118,-0.012318412183236524,0.17811704834605596,0.19755320250988007,0.019436154163824104
8cdcdfb76d1670dd,2023-01-21,UFC 283: Teixeira vs. Hill,Thiago Moises,Melquizael Costa,1,red_sub,2023,0.17838010019401732,0.19014470279216766,0.011764602598150348,0.2866823038832422,0.2006562352180481,-0.08602606866519408,0.291894709408392,0.3485063314437866,0.056611622035394604,0.10033880635913475,0.12787587940692902,0.027537073047794264,0.0535140300582052,0.035154834389686584,-0.018359195668518617,0.08919005009700866,0.09766203910112381,0.008471989004115152
911b73db91738da6,2023-01-21,UFC 283: Teixeira vs. Hill,Ismael Bonfim,Terrance McKinney,0,red_ko_tko,2023,0.15855039637599092,0.17771384119987488,0.019163444823883963,0.2378255945639864,0.227423757314682,-0.01040183724930438,0.14269535673839184,0.20198535919189453,0.05929000245350269,0.2548131370328426,0.16503408551216125,-0.08977905152068133,0.15855039637599092,0.1689295470714569,0.010379150695465994,0.04756511891279728,0.058913394808769226,0.011348275895971947
a3ef3d05ddd80a94,2023-01-21,UFC 283: Teixeira vs. Hill,Mauricio Rua,Ihor Potieria,3,blue_ko_tko,2023,0.16061829754232076,0.12683068215847015,-0.03378761538385061,0.053539432514106915,0.043551307171583176,-0.009988125342523739,0.1460166341293825,0.16838864982128143,0.022372015691898922,0.3824245179579065,0.44803085923194885,0.06560634127404236,0.12355253657101596,0.08391324430704117,-0.03963929226397479,0.13384858128526728,0.12928524613380432,-0.004563335151462955
dde7d29cc443e263,2023-01-21,UFC 283: Teixeira vs. Hill,Glover Teixeira,Jamahal Hill,5,blue_dec,2023,0.11749642238457479,0.1078154519200325,-0.00968097046454229,0.23499284476914958,0.20332744717597961,-0.03166539759316997,0.10280936958650294,0.11921325325965881,0.016403883673155872,0.4308202154101076,0.45816975831985474,0.027349542909747115,0.03163365218046245,0.022233320400118828,-0.009400331780343621,0.08224749566920236,0.08924074470996857,0.006993249040766203
f09c3d8a26806761,2023-01-21,UFC 283: Teixeira vs. Hill,Warlley Alves,Nicolas Dalby,5,blue_dec,2023,0.22958843159065628,0.2252921164035797,-0.0042963151870765715,0.11479421579532814,0.07438557595014572,-0.04040863984518242,0.20088987764182425,0.2503332793712616,0.04944340172943734,0.16071190211345943,0.1926892101764679,0.03197730806300847,0.1071412680756396,0.06846681237220764,-0.03867445570343196,0.18687430478309233,0.18883296847343445,0.001958663690342116
fcf385ae75191b57,2023-01-21,UFC 283: Teixeira vs. Hill,Josiane Nunes,Zarah Fairn,2,red_dec,2023,0.47670191292618525,0.4591914713382721,-0.01751044158791315,0.08298144410196558,0.08750183135271072,0.004520387250745148,0.24406307088813406,0.26036903262138367,0.016305961733249608,0.07543767645633234,0.11158595234155655,0.03614827588522421,0.0286142910696433,0.013275441713631153,-0.015338849356012148,0.09220160455773951,0.0680762529373169,-0.02412535162042262
fffdc57255274be1,2023-01-21,UFC 283: Teixeira vs. Hill,Shamil Abdurakhimov,Jailton Almeida,3,blue_ko_tko,2023,0.06741477669200557,0.06625022739171982,-0.0011645493002857554,0.02789576966565748,0.020566526800394058,-0.007329242865263423,0.0385227295382889,0.05080099776387215,0.012278268225583248,0.28892047153716677,0.252856582403183,-0.036063889133983784,0.5037028598119662,0.5131774544715881,0.009474594659621971,0.07354339275491517,0.09634822607040405,0.02280483331548888
7a1abc0230af730c,2023-02-04,UFC Fight Night: Lewis vs. Spivac,Da Woon Jung,Devin Clark,5,blue_dec,2023,0.40526894508897515,0.3972986340522766,-0.00797031103669854,0.10131723627224379,0.09017641842365265,-0.011140817848591139,0.18849718376231403,0.2284201979637146,0.03992301420140057,0.11579112716827861,0.1263013333082199,0.010510206139941303,0.05403585934519669,0.0336139015853405,-0.02042195775985619,0.13508964836299173,0.12418955564498901,-0.010900092718002713
8741e6a3a5a22a7f,2023-02-04,UFC Fight Night: Lewis vs. Spivac,Marcin Tybura,Blagoy Ivanov,2,red_dec,2023,0.14690698371754438,0.14616705477237701,-0.0007399289451673619,0.06733236753720784,0.05122041329741478,-0.016111954239793058,0.35129930888978,0.40322914719581604,0.051929838306036036,0.13466473507441568,0.11085483431816101,-0.023809900756254665,0.062152954649730315,0.05553934723138809,-0.0066136074183422225,0.2376436501313218,0.23298922181129456,-0.004654428320027243
98094a500529d442,2023-02-04,UFC Fight Night: Lewis vs. Spivac,SeungGuk Choi,HyunSung Park,4,blue_sub,2023,0.10816644118958062,0.10230334103107452,-0.005863100158506093,0.04269727941693972,0.034485433250665665,-0.008211846166274052,0.20281207723046366,0.24819141626358032,0.04537933903311667,0.1248074321418238,0.12692388892173767,0.0021164567799138723,0.13520805148697576,0.07544112205505371,-0.05976692943192205,0.38630871853421644,0.4126547873020172,0.026346068767800768
983fab4080743ed0,2023-02-04,UFC Fight Night: Lewis vs. Spivac,JunYong Park,Denis Tiuliulin,1,red_sub,2023,0.12720848056537104,0.13695403933525085,0.009745558769879814,0.13780918727915195,0.08111376315355301,-0.05669542412559894,0.39374053508329127,0.4971822500228882,0.10344171493959692,0.18374558303886926,0.16084913909435272,-0.022896443944516537,0.03937405350832913,0.02290363423526287,-0.016470419273066257,0.11812216052498738,0.10099722445011139,-0.017124936074875988
a26ca06cce403ce2,2023-02-04,UFC Fight Night: Lewis vs. Spivac,Tatsuro Taira,Jesus Aguilar,1,red_sub,2023,0.12261323815652436,0.11864382773637772,-0.003969410420146646,0.4578430488610644,0.42182594537734985,-0.03601710348371456,0.28981310836996665,0.37966328859329224,0.08985018022332558,0.03465156730510471,0.02420973591506481,-0.010441831390039895,0.04194663410617938,0.016625281423330307,-0.025321352682849074,0.053132403201160555,0.03903195634484291,-0.014100446856317644
a8067e65eb737a09,2023-02-04,UFC Fight Night: Lewis vs. Spivac,Toshiomi Kazama,Rinya Nakamura,3,blue_ko_tko,2023,0.06124637225327748,0.060150861740112305,-0.001095510513165178,0.08846698214362303,0.08530435711145401,-0.0031626250321690197,0.06635023660771727,0.08391062170267105,0.01756038509495378,0.4170586301056515,0.4383106231689453,0.02125199306329384,0.13270047321543454,0.07480432838201523,-0.057896144833419316,0.23417730567429626,0.2575191557407379,0.023341850066441655
b1b20c686dfe3204,2023-02-04,UFC Fight Night: Lewis vs. Spivac,Jeka Saragih,Anshul Jubli,3,blue_ko_tko,2023,0.2772951560219612,0.2684059739112854,-0.008889182110675797,0.08756689137535617,0.08227638155221939,-0.00529050982313678,0.1386475780109806,0.1708570271730423,0.0322094491620617,0.16637709361317674,0.17038176953792572,0.004004675924748985,0.09243171867398707,0.052503325045108795,-0.039928393628878275,0.23768156230453819,0.2555755078792572,0.017893945574719017
c63d8062c89c4c33,2023-02-04,UFC Fight Night: Lewis vs. Spivac,Yusaku Kinoshita,Adam Fugitt,3,blue_ko_tko,2023,0.38634900193174504,0.37347379326820374,-0.012875208663541304,0.10817772054088862,0.09627456963062286,-0.011903150910265753,0.25756600128783,0.2983861267566681,0.040820125468838064,0.09014810045074051,0.08245951682329178,-0.007688583627448731,0.06761107533805538,0.05448893830180168,-0.0131221370362537,0.09014810045074051,0.09491705894470215,0.004768958493961639
caeeb398f73d213a,2023-02-04,UFC Fight Night: Lewis vs. Spivac,Derrick Lewis,Serghei Spivac,4,blue_sub,2023,0.20318441064638784,0.18454840779304504,-0.018636002853342798,0.022576045627376425,0.01917269267141819,-0.0034033529559582346,0.04277566539923954,0.05432572588324547,0.011550060484005926,0.4063688212927757,0.40135544538497925,-0.005013375907796436,0.21673003802281368,0.17304721474647522,-0.04368282327633846,0.10836501901140684,0.1675504893064499,0.05918547029504305
16dbe70eb7007f17,2023-02-11,UFC 284: Makhachev vs. Volkanovski,Shannon Ross,Kleydson Rodrigues,3,blue_ko_tko,2023,0.09060216150616385,0.06446410715579987,-0.02613805435036398,0.03545301971980325,0.029958069324493408,-0.005494950395309839,0.12544914670084226,0.15657038986682892,0.031121243165986662,0.23982925104572786,0.20240464806556702,-0.03742460298016084,0.21744518761479326,0.21029150485992432,-0.00715368275486894,0.29122123341266953,0.33631131052970886,0.04509007711703933
2208b9f471a201d9,2023-02-11,UFC 284: Makhachev vs. Volkanovski,Yair Rodriguez,Josh Emmett,1,red_sub,2023,0.2326023631916052,0.21433378756046295,-0.01826857563114226,0.06262371316697064,0.05516199395060539,-0.007461719216365251,0.32564330846824735,0.3823632299900055,0.05671992152175814,0.18091294914902628,0.16740262508392334,-0.013510324065102941,0.03539601179002688,0.019404038786888123,-0.01599197300313876,0.16282165423412367,0.1613343060016632,-0.001487348232460467
256894b49303537b,2023-02-11,UFC 284: Makhachev vs. Volkanovski,Islam Makhachev,Alexander Volkanovski,2,red_dec,2023,0.16383923518526805,0.1580449342727661,-0.005794300912501937,0.34133173996930843,0.2935754656791687,-0.04775627429013973,0.260062278071854,0.34222912788391113,0.08216684981205713,0.08623117641329896,0.08792484551668167,0.001693669103382714,0.03150754522793616,0.019114205613732338,-0.012393339614203823,0.1170280251323343,0.09911138564348221,-0.017916639488852096
28af78600d6580f1,2023-02-11,UFC 284: Makhachev vs. Volkanovski,Jack Jenkins,Don Shainis,2,red_dec,2023,0.3373794249319241,0.353389173746109,0.016009748814184932,0.18830479531084135,0.16117794811725616,-0.027126847193585185,0.2381501823048876,0.25620782375335693,0.01805764144846933,0.08097106198366179,0.08626659214496613,0.005295530161304338,0.053980707989107854,0.03970978781580925,-0.014270920173298604,0.10121382747957722,0.10324867814779282,0.0020348506682155987
4f672dd40867d8c6,2023-02-11,UFC 284: Makhachev vs. Volkanovski,Jack Della Maddalena,Randy Brown,1,red_sub,2023,0.4628620102214651,0.4547747075557709,-0.00808730266569424,0.04385008517887564,0.04411814361810684,0.0002680584392312016,0.2082879045996593,0.24924130737781525,0.040953402778155956,0.0640885860306644,0.05740527808666229,-0.006683307944002112,0.06942930153321976,0.052291110157966614,-0.017138191375253145,0.15148211243611587,0.14216946065425873,-0.00931265178185714
51a12878b151d67b,2023-02-11,UFC 284: Makhachev vs. Volkanovski,Loma Lookboonmee,Elise Reed,1,red_sub,2023,0.18641370664049914,0.1646447777748108,-0.021768928865688347,0.05592411199214974,0.05192511901259422,-0.00399899297955552,0.48189926291107765,0.5630926489830017,0.08119338607192406,0.06452782152940356,0.05513914301991463,-0.009388678509488935,0.036472246951402006,0.023815542459487915,-0.01265670449191409,0.17476284997546795,0.14138273894786835,-0.03338011102759961
8b7bc2af1e15b668,2023-02-11,UFC 284: Makhachev vs. Volkanovski,Josh Culibao,Melsik Baghdasaryan,1,red_sub,2023,0.16423878734317235,0.16516242921352386,0.0009236418703515159,0.07465399424689652,0.054655928164720535,-0.019998066082175983,0.27373131223862057,0.3144654929637909,0.04073418072517032,0.19097533411996784,0.19374066591262817,0.002765331792660336,0.03570408420503746,0.021246805787086487,-0.014457278417950976,0.2606964878463053,0.25072863698005676,-0.009967850866248518
a37a6b6f9551a6e8,2023-02-11,UFC 284: Makhachev vs. Volkanovski,Jamie Mullarkey,Francisco Prado,2,red_dec,2023,0.3614208253986713,0.3670777976512909,0.005656972252619574,0.08834731287523076,0.06693276017904282,-0.021414552696187944,0.24465409719294676,0.2908889651298523,0.04623486793690554,0.13252096931284615,0.13840413093566895,0.005883161622822791,0.09354421363259728,0.05807951092720032,-0.035464702705396964,0.0795125815877077,0.07861684262752533,-0.0008957389601823712
ca2672e68fedf4b7,2023-02-11,UFC 284: Makhachev vs. Volkanovski,Tyson Pedro,Modestas Bukauskas,5,blue_dec,2023,0.31441048034934493,0.2878158390522003,-0.026594641297144617,0.15720524017467247,0.1713411808013916,0.014135940626719135,0.1965065502183406,0.23403094708919525,0.037524396870854654,0.1746724890829694,0.1552734225988388,-0.01939906648413059,0.05240174672489082,0.04178519919514656,-0.01061654752974426,0.10480349344978164,0.10975343734025955,0.004949943890477912
da22d5a717ae9e35,2023-02-11,UFC 284: Makhachev vs. Volkanovski,Justin Tafa,Parker Porter,0,red_ko_tko,2023,0.3052843263150244,0.3629593551158905,0.05767502880086611,0.03852397451118164,0.04260467737913132,0.004080702867949676,0.16180069294696292,0.18735413253307343,0.025553439586110505,0.17977854771884766,0.16040298342704773,-0.01937556429179993,0.13483391078913576,0.06617681682109833,-0.06865709396803743,0.17977854771884766,0.1805020570755005,0.0007235093566528294
3d46d635f9ae5e68,2023-02-18,UFC Fight Night: Andrade vs. Blanchfield,Ovince Saint Preux,Philipe Lins,3,blue_ko_tko,2023,0.11676109244386985,0.10612902790307999,-0.010632064540789868,0.0961561937773046,0.07420271635055542,-0.021953477426749177,0.13622127451784818,0.16738125681877136,0.031159982300923178,0.2514854298791043,0.2374858856201172,-0.01399954425898714,0.10216595588838613,0.09155452996492386,-0.010611425923462273,0.29721005349348695,0.3232465982437134,0.02603654475022643
3e90b7fd1e9f86bd,2023-02-18,UFC Fight Night: Andrade vs. Blanchfield,Josh Parisian,Jamal Pogues,5,blue_dec,2023,0.11581127209823569,0.10217270255088806,-0.013638569547347629,0.0426673107730342,0.028870560228824615,-0.013796750544209584,0.1473961644886636,0.151065856218338,0.003669691729674407,0.23162254419647138,0.29569515585899353,0.06407261166252215,0.12471983149040768,0.08459102362394333,-0.04012880786646435,0.3377828769531874,0.33760470151901245,-0.0001781754341749764
3f837b469ba33c7c,2023-02-18,UFC Fight Night: Andrade vs. Blanchfield,Jordan Wright,Zac Pauga,5,blue_dec,2023,0.18001624495611016,0.17275270819664001,-0.0072635367594701405,0.08100731023024958,0.049684252589941025,-0.03132305764030856,0.04765135895897034,0.04915701225399971,0.0015056532950293716,0.5043851391694785,0.5853328108787537,0.08094767170927519,0.06231331556173045,0.03599641099572182,-0.02631690456600863,0.1246266311234609,0.10707678645849228,-0.017549844664968617
40781a64c4cea877,2023-02-18,UFC Fight Night: Andrade vs. Blanchfield,Clayton Carpenter,Juancamilo Ronderos,1,red_sub,2023,0.26700380139542707,0.2638137638568878,-0.0031900375385392477,0.23559158946655334,0.22087763249874115,-0.014713956967812192,0.22886040119608037,0.2686508893966675,0.039790488200587115,0.06161626186048318,0.07208245247602463,0.010466190615541444,0.10012642552328517,0.07044660300016403,-0.029679822523121138,0.10680152055817084,0.1041286438703537,-0.002672876687817141
435ba9b407b844ef,2023-02-18,UFC Fight Night: Andrade vs. Blanchfield,AJ Fletcher,Themba Gorimbo,1,red_sub,2023,0.30697482216122085,0.3812962770462036,0.07432145488498276,0.20337081968180878,0.1624441146850586,-0.04092670499675019,0.2169288743272627,0.216463103890419,-0.00046577043684370434,0.06257563682517193,0.07323125004768372,0.010655613222511781,0.10168540984090439,0.05568509176373482,-0.046000318077169575,0.10846443716363136,0.11088011413812637,0.002415676974495018
43ec12079ccc371c,2023-02-18,UFC Fight Night: Andrade vs. Blanchfield,Jamall Emmers,Khusein Askhabov,2,red_dec,2023,0.1630422660867626,0.1575576215982437,-0.005484644488518875,0.06793427753615107,0.05146504193544388,-0.01646923560070719,0.18958403033344484,0.23440496623516083,0.044820935901715986,0.13586855507230214,0.12559156119823456,-0.01027699387406758,0.20380283260845322,0.12464453279972076,-0.07915829980873246,0.23976803836288615,0.30633628368377686,0.0665682453208907
682ff095649c9a5c,2023-02-18,UFC Fight Night: Andrade vs. Blanchfield,Jim Miller,Alexander Hernandez,5,blue_dec,2023,0.0820783998160708,0.08681366592645645,0.004735266110385647,0.17099666628348084,0.15925496816635132,-0.011741698117129523,0.1025979997700885,0.11649315059185028,0.013895150821761779,0.3908495229336705,0.39023786783218384,-0.0006116551014866412,0.04828141165651224,0.0430547297000885,-0.005226681956423736,0.205195999540177,0.2041456550359726,-0.001050344504204409
d45d9c7d60f332da,2023-02-18,UFC Fight Night: Andrade vs. Blanchfield,Nazim Sadykhov,Evan Elder,0,red_ko_tko,2023,0.29397337944680463,0.21374723315238953,-0.0802261462944151,0.10105334918483909,0.0906362384557724,-0.01041711072906669,0.24874670568575777,0.315975159406662,0.06722845372090422,0.14698668972340231,0.16696271300315857,0.019976023279756255,0.04755451726345369,0.045988477766513824,-0.0015660394969398625,0.16168535869574255,0.16669021546840668,0.005004856772664129
dc6f69f923744948,2023-02-18,UFC Fight Night: Andrade vs. Blanchfield,William Knight,Marcin Prachnio,5,blue_dec,2023,0.32991220823590356,0.31413885951042175,-0.015773348725481806,0.05498536803931726,0.050910256803035736,-0.0040751112362815214,0.14996009465268345,0.17847281694412231,0.028512722291438863,0.24258250605581144,0.2459498941898346,0.0033673881340231526,0.03927526288522661,0.02320242114365101,-0.016072841741575604,0.18328456013105754,0.18732574582099915,0.0040411856899416065
dcc3da324eb5f26c,2023-02-18,UFC Fight Night: Andrade vs. Blanchfield,Jessica Andrade,Erin Blanchfield,4,blue_sub,2023,0.32894736842105265,0.31441181898117065,-0.014535549439882,0.08771929824561403,0.061112724244594574,-0.026606574001019456,0.10526315789473685,0.10925596952438354,0.003992811629646695,0.10526315789473685,0.10400662571191788,-0.001256532182818973,0.17543859649122806,0.18254320323467255,0.007104606743444486,0.19736842105263158,0.2286696583032608,0.03130123725062922
00a94d5fc7ce55cf,2023-02-25,UFC Fight Night: Muniz vs. Allen,Mike Malott,Yohan Lainesse,1,red_sub,2023,0.28335140997830804,0.26787126064300537,-0.015480149335302673,0.22369848156182215,0.21928627789020538,-0.004412203671616766,0.14167570498915402,0.16605862975120544,0.024382924762051422,0.1931941431670282,0.16064657270908356,-0.03254757045794465,0.04473969631236443,0.03358858823776245,-0.011151108074601977,0.11334056399132322,0.1525486707687378,0.03920810677741457
02615499125b4b5d,2023-02-25,UFC Fight Night: Muniz vs. Allen,Rafael Alves,Nurullo Aliev,5,blue_dec,2023,0.11493691961017898,0.09312319755554199,-0.021813722054636983,0.12314669958233461,0.07193975150585175,-0.051206948076482864,0.15393337447791827,0.1973598599433899,0.04342648546547162,0.19591520388098688,0.2704598009586334,0.07454459707764655,0.165774403283912,0.11313165724277496,-0.05264274604113703,0.24629339916466922,0.25398576259613037,0.007692363431461152
12d9b4a3931be5ec,2023-02-25,UFC Fight Night: Muniz vs. Allen,Joe Solecki,Carl Deaton,1,red_sub,2023,0.07695126419934041,0.10990185290575027,0.032950588706409864,0.4232319530963723,0.3776797652244568,-0.045552187871915506,0.3023085379259802,0.35935235023498535,0.057043812309005126,0.060461707585196034,0.06673555821180344,0.006273850626607402,0.0564309270795163,0.02606208249926567,-0.03036884458025063,0.08061561011359472,0.06026837229728699,-0.020347237816307734
2ba11e0bf32829d6,2023-02-25,UFC Fight Night: Muniz vs. Allen,Andre Muniz,Brendan Allen,4,blue_sub,2023,0.15808754461769678,0.16644704341888428,0.008359498801187498,0.359289874131129,0.398737370967865,0.039447496836735985,0.14371594965245163,0.17115341126918793,0.027437461616736297,0.08782641367649821,0.07666686922311783,-0.011159544453380382,0.09299267330452751,0.05698622018098831,-0.0360064531235392,0.15808754461769678,0.13000907003879547,-0.028078474578901308
5737084215c45792,2023-02-25,UFC Fight Night: Muniz vs. Allen,Tatiana Suarez,Montana De La Rosa,1,red_sub,2023,0.1782011349533087,0.18965868651866913,0.011457551565360435,0.24674003301227362,0.19111047685146332,-0.055629556160810306,0.42004553238994197,0.4990305006504059,0.07898496826046392,0.02765190025137549,0.028200434520840645,0.0005485342694651549,0.04717088866411113,0.03126557171344757,-0.015905316950663557,0.08019051072898893,0.0607343353331089,-0.01945617539588003
83fa3a382acc7bdc,2023-02-25,UFC Fight Night: Muniz vs. Allen,Erick Gonzalez,Trevor Peek,3,blue_ko_tko,2023,0.21647526901166467,0.1712428331375122,-0.04523243587415246,0.04810561533592548,0.03262369707226753,-0.015481918263657947,0.08246676914730082,0.10367148369550705,0.02120471454820623,0.4535672303101546,0.5326279401779175,0.07906070986776287,0.09114748168912197,0.058410827070474625,-0.032736654618647346,0.10823763450583233,0.1014232188463211,-0.006814415659511228
a7f66f13f953352f,2023-02-25,UFC Fight Night: Muniz vs. Allen,Jordan Leavitt,Victor Martinez,0,red_ko_tko,2023,0.06177847113884555,0.06516976654529572,0.0033912954064501677,0.3203328133125325,0.2738722860813141,-0.04646052723121841,0.16016640665626625,0.1993630826473236,0.03919667599105736,0.2620904836193448,0.28411322832107544,0.022022744701730657,0.04118564742589703,0.025792930275201797,-0.015392717150695234,0.1544461778471139,0.15168869495391846,-0.00275748289319544
d6357dab7ccdf2db,2023-02-25,UFC Fight Night: Muniz vs. Allen,Augusto Sakai,Don'Tale Mayes,2,red_dec,2023,0.2766649974962443,0.23465804755687714,-0.042006949939367155,0.04882323485227841,0.034656982868909836,-0.014166251983368572,0.22133199799699546,0.2879493236541748,0.06661732565717934,0.2766649974962443,0.23661091923713684,-0.04005407825910745,0.04882323485227841,0.034713514149188995,-0.014109720703089412,0.12769153730595892,0.17141121625900269,0.04371967895304377
faac24c1b3d6368a,2023-02-25,UFC Fight Night: Muniz vs. Allen,Jasmine Jasudavicius,Gabriella Fernandes,2,red_dec,2023,0.07710318689528253,0.08636850118637085,0.009265314291088317,0.08077476722362932,0.06812784075737,-0.012646926466259326,0.32620579071081074,0.35875770449638367,0.03255191378557293,0.12116215083544397,0.11790881305932999,-0.0032533377761139876,0.12116215083544397,0.07444197684526443,-0.04672017399017954,0.27359195349938964,0.2943951487541199,0.020803195254730233
009feda296ae589c,2023-03-04,UFC 285: Jones vs. Gane,Viviane Araujo,Amanda Ribas,5,blue_dec,2023,0.14265633126896074,0.13882549107074738,-0.0038308401982133644,0.05706253250758429,0.048546381294727325,-0.008516151212856968,0.27610902826250466,0.29826605319976807,0.022157024937263403,0.08151790358226327,0.07363034039735794,-0.007887563184905327,0.10699224845172055,0.08808167278766632,-0.018910575664054227,0.33566195592696646,0.3526500463485718,0.016988090421605317
0eb16f1307f66a11,2023-03-04,UFC 285: Jones vs. Gane,Mana Martinez,Cameron Saaiman,5,blue_dec,2023,0.12070521692039232,0.11137641221284866,-0.009328804707543659,0.04970214814369096,0.05061545595526695,0.0009133078115759891,0.12070521692039232,0.13616889715194702,0.0154636802315547,0.30176304230098083,0.3019248843193054,0.00016184201832458722,0.12070521692039232,0.08009939640760422,-0.040605820512788104,0.2864191587941513,0.3198149502277374,0.03339579143358612
22fc6b3f4e48cfa3,2023-03-04,UFC 285: Jones vs. Gane,Geoff Neal,Shavkat Rakhmonov,4,blue_sub,2023,0.09055539466891628,0.08613135665655136,-0.00442403801236492,0.029664698253610504,0.022870201617479324,-0.0067944966361311795,0.09055539466891628,0.10956445336341858,0.019009058694502298,0.27750846753377567,0.24745792150497437,-0.030050546028801306,0.29664698253610505,0.2659798860549927,-0.030667096481112377,0.21506906233867618,0.2679961621761322,0.052927099837456026
2b9daf452ab40b9b,2023-03-04,UFC 285: Jones vs. Gane,Bo Nickal,Jamie Pickett,1,red_sub,2023,0.2640765304141082,0.24647359549999237,-0.017602934914115853,0.5545607138696272,0.5668792128562927,0.012318498986665483,0.08714525503665572,0.10699085146188736,0.019845596425231635,0.03631052293193988,0.028324004262685776,-0.007986518669254102,0.02563095736372227,0.018859174102544785,-0.006771783261177486,0.03227602038394656,0.03247315064072609,0.0001971302567795319
636fd144716a3084,2023-03-04,UFC 285: Jones vs. Gane,Jon Jones,Ciryl Gane,1,red_sub,2023,0.19146329071553664,0.18540577590465546,-0.006057514810881182,0.16568938619613752,0.1890779584646225,0.02338857226848498,0.23932911339442084,0.28526052832603455,0.04593141493161371,0.15385443003927055,0.14483284950256348,-0.009021580536707069,0.05384905051374469,0.030590461567044258,-0.02325858894670043,0.19581472914088977,0.16483242809772491,-0.03098230104316485
a69afe4a88c0ca12,2023-03-04,UFC 285: Jones vs. Gane,Valentina Shevchenko,Alexa Grasso,4,blue_sub,2023,0.2947940526891244,0.27331939339637756,-0.021474659292746834,0.23503850146835595,0.2105262279510498,-0.024512273517306143,0.31058659122604176,0.3750440776348114,0.06445748640876964,0.04831346974627316,0.049181751906871796,0.0008682821605986366,0.03220897983084878,0.018065663054585457,-0.01414331677626332,0.07905840503935609,0.07386285811662674,-0.005195546922729347
c29e2c49e1e417c8,2023-03-04,UFC 285: Jones vs. Gane,Julian Marquez,Marc-Andre Barriault,3,blue_ko_tko,2023,0.17498878277033525,0.16026882827281952,-0.01471995449751573,0.12922248573809372,0.12147913128137589,-0.007743354456717838,0.11999230818537272,0.14137019217014313,0.021377883984770404,0.2624831741555029,0.2665197253227234,0.0040365511672205145,0.07999487212358182,0.048945143818855286,-0.031049728304726534,0.23331837702711367,0.2614169716835022,0.02809859465638853
c2fc4c1e0c769655,2023-03-04,UFC 285: Jones vs. Gane,Derek Brunson,Dricus Du Plessis,3,blue_ko_tko,2023,0.12225705329153604,0.11601251363754272,-0.006244539653993311,0.047544409613375124,0.050422511994838715,0.0028781023814635903,0.164576802507837,0.18438661098480225,0.019809808476965257,0.380355276907001,0.3741741180419922,-0.006181158865008807,0.1426332288401254,0.10766259580850601,-0.034970633031619375,0.1426332288401254,0.16734163463115692,0.024708405791031535
c3b9b97467f828d1,2023-03-04,UFC 285: Jones vs. Gane,Jessica Penne,Tabatha Ricci,4,blue_sub,2023,0.04074341629999343,0.02596774697303772,-0.01477566932695571,0.08148683259998686,0.07331914454698563,-0.008167688053001235,0.18204505155316214,0.17561325430870056,-0.006431797244461579,0.07778288566362383,0.04089762642979622,-0.036885259233827614,0.142601957049977,0.09778790920972824,-0.044814047840248755,0.47533985683325675,0.5864143371582031,0.11107448032494638
cd20dac4daa4f93a,2023-03-04,UFC 285: Jones vs. Gane,Da'Mon Blackshear,Farid Basharat,5,blue_dec,2023,0.06062914944735784,0.05484844744205475,-0.00578070200530309,0.07073400768858415,0.06786549091339111,-0.0028685167751930363,0.0998597755603541,0.12565962970256805,0.02579985414221396,0.1571866837524092,0.16437312960624695,0.007186445853837736,0.1768350192214604,0.10988420993089676,-0.06695080929056363,0.4347553643298343,0.4773690700531006,0.04261370572326628
d6d034e98ce85246,2023-03-04,UFC 285: Jones vs. Gane,Mateusz Gamrot,Jalin Turner,2,red_dec,2023,0.16494349408182352,0.15738476812839508,-0.007558725953428436,0.2318124781690493,0.2114923596382141,-0.02032011853083518,0.25226652036043595,0.31350967288017273,0.06124315251973678,0.15047476653078637,0.12101931869983673,-0.029455447830949638,0.07797328811140748,0.078501395881176,0.0005281077697685127,0.12252945274649746,0.11809245496988297,-0.004436997776614493
ec490d4224d3bc78,2023-03-04,UFC 285: Jones vs. Gane,Cody Garbrandt,Trevin Jones,2,red_dec,2023,0.3078769369394513,0.2649032175540924,-0.04297371938535888,0.026796696363248537,0.01660015992820263,-0.010196536435045908,0.16443427313811604,0.22149065136909485,0.05705637823097881,0.16078017817949122,0.2175992727279663,0.056819094548475085,0.13913669265532896,0.09780651330947876,-0.041330179345850204,0.20097522272436405,0.18160013854503632,-0.019375084179327734
ee2354d638c078fd,2023-03-04,UFC 285: Jones vs. Gane,Esteban Ribovics,Loik Radzhabov,5,blue_dec,2023,0.14515812645757503,0.16786397993564606,0.022705853478071025,0.06117378186426377,0.0633462592959404,0.002172477431676631,0.08156504248568502,0.11077561229467392,0.029210569808988895,0.2314683638107278,0.26124119758605957,0.02977283377533177,0.19031843246659838,0.10534316301345825,-0.08497526945314013,0.29031625291515006,0.2914297580718994,0.0011135051567493504
0ccd2593c88209e4,2023-03-11,UFC Fight Night: Yan vs. Dvalishvili,Petr Yan,Merab Dvalishvili,5,blue_dec,2023,0.2696363794041525,0.23775054514408112,-0.03188583426007141,0.04541244284701516,0.0322016105055809,-0.013210832341434255,0.36716443152905875,0.3750161826610565,0.007851751131997764,0.06637203185332985,0.06436965614557266,-0.002002375707757187,0.05075508318195812,0.028220225125551224,-0.022534858056406898,0.2006596311844856,0.26244181394577026,0.061782182761284665
2c58a97f2fe6c985,2023-03-11,UFC Fight Night: Yan vs. Dvalishvili,Mario Bautista,Guido Cannetti,1,red_sub,2023,0.2623753169927352,0.26406508684158325,0.001689769848848055,0.44347827969747683,0.421174556016922,-0.022303723680554832,0.15190149931158353,0.1944114714860916,0.04250997217450808,0.057722569738401744,0.06257524341344833,0.00485267367504659,0.04123040695600125,0.020275933668017387,-0.02095447328798386,0.04329192730380131,0.03749770298600197,-0.005794224317799343
3b561a154aa2bbb2,2023-03-11,UFC Fight Night: Yan vs. Dvalishvili,Alexander Volkov,Alexandr Romanov,0,red_ko_tko,2023,0.21138351998903995,0.19114696979522705,-0.020236550193812902,0.04561433852395073,0.031743813306093216,-0.013870525217857511,0.16666777537597383,0.18387018144130707,0.017202406065333242,0.16666777537597383,0.14090844988822937,-0.025759325487744456,0.25490365645737173,0.27692729234695435,0.022023635889582616,0.15476293427768997,0.17540326714515686,0.020640332867466887
3cf3771274a4f8b1,2023-03-11,UFC Fight Night: Yan vs. Dvalishvili,Sedriques Dumas,Josh Fremd,4,blue_sub,2023,0.264564404061999,0.2386460304260254,-0.0259183736359736,0.2351683591662213,0.2930963933467865,0.05792803418056519,0.13024709123052258,0.1532520204782486,0.023004929247726014,0.16280886403815323,0.11175493896007538,-0.05105392507807785,0.07696419027258151,0.07475076615810394,-0.002213424114477572,0.13024709123052258,0.1284998208284378,-0.0017472704020847774
804c350ce714770f,2023-03-11,UFC Fight Night: Yan vs. Dvalishvili,Raphael Assuncao,Davey Grant,4,blue_sub,2023,0.06643759993151213,0.06301563233137131,-0.003421967600140824,0.10796109988870721,0.07834657281637192,-0.029614527072335292,0.2927758641049687,0.3560084104537964,0.06323254634882769,0.2106558046608921,0.23504625260829926,0.024390447947407162,0.08225607610568168,0.05291139334440231,-0.02934468276127937,0.23991355530823824,0.21467173099517822,-0.02524182431306002
8d5b88e0ff253617,2023-03-11,UFC Fight Night: Yan vs. Dvalishvili,Vitor Petrino,Anton Turkalj,2,red_dec,2023,0.31549943432721433,0.30118563771247864,-0.014313796614735697,0.04483413014123572,0.03801510110497475,-0.006819029036260971,0.14197474544724645,0.15966816246509552,0.017693417017849072,0.16381701397759207,0.16822673380374908,0.00440971982615701,0.13105361118207365,0.1118752583861351,-0.019178352795938547,0.20282106492463778,0.22102908790111542,0.01820802297647764
b9539d5e379b3edc,2023-03-11,UFC Fight Night: Yan vs. Dvalishvili,Said Nurmagomedov,Jonathan Martinez,5,blue_dec,2023,0.16480528590972085,0.14669069647789001,-0.018114589431830835,0.16480528590972085,0.17329351603984833,0.008488230130127478,0.32339150442662207,0.3728941082954407,0.049502603868818607,0.10712343584131856,0.09763098508119583,-0.009492450760122728,0.045104604564765706,0.033188898116350174,-0.011915706448415532,0.19476988334785192,0.1763017624616623,-0.018468120886189626
c4e4954beb59eca6,2023-03-11,UFC Fight Night: Yan vs. Dvalishvili,Victor Henry,Tony Gravely,2,red_dec,2023,0.12310468049327353,0.12145716696977615,-0.0016475135234973737,0.16259108744394618,0.13487780094146729,-0.027713286502478895,0.2872442544843049,0.29570192098617554,0.008457666501870631,0.13257427130044844,0.09895747900009155,-0.033616792300356885,0.041034893497757845,0.026945810765028,-0.014089082732729845,0.25345081278026904,0.3220597803592682,0.06860896757899915
ccb5e29cd0347110,2023-03-11,UFC Fight Night: Yan vs. Dvalishvili,Carlston Harris,Jared Gooden,2,red_dec,2023,0.2291029768145542,0.19279661774635315,-0.03630635906820104,0.26490031694182825,0.21620644629001617,-0.04869387065181208,0.20182881290805962,0.2862943112850189,0.0844654983769593,0.14128016903564172,0.14904220402240753,0.007762034986765809,0.04986358907140297,0.03702287748456001,-0.012840711586842954,0.11302413522851339,0.11863753944635391,0.005613404217840526
d6945828f5fa7492,2023-03-11,UFC Fight Night: Yan vs. Dvalishvili,Nikita Krylov,Ryan Spann,1,red_sub,2023,0.23882764435838985,0.28533491492271423,0.04650727056432438,0.2262577683395272,0.20468419790267944,-0.021573570436847767,0.12282564567002906,0.1390392780303955,0.01621363236036645,0.18690859123700074,0.18808458745479584,0.0011759962177951,0.15353205708753634,0.10738722234964371,-0.04614483473789263,0.07164829330751694,0.07546978443861008,0.0038214911310931327
e9c6bac0d1a5ec0f,2023-03-11,UFC Fight Night: Yan vs. Dvalishvili,Karl Williams,Lukasz Brzeski,2,red_dec,2023,0.2905638588583394,0.22945666313171387,-0.06110719572662554,0.06122595597372152,0.0526190921664238,-0.008606863807297721,0.3061297798686076,0.3650839924812317,0.05895421261262407,0.1530648899343038,0.17873430252075195,0.025669412586448143,0.05714422557547342,0.049216412007808685,-0.007927813567664733,0.13187128978955406,0.12488953024148941,-0.006981759548064653
019b4d006800504b,2023-03-18,UFC 286: Edwards vs. Usman 3,Gunnar Nelson,Bryan Barberena,1,red_sub,2023,0.07157561183054281,0.08177891373634338,0.010203301905800571,0.4090034961745303,0.3939707577228546,-0.015032738451675687,0.2602749521110648,0.3066093921661377,0.04633444005507292,0.13213959107177134,0.13248486816883087,0.000345277097059532,0.04520564957718493,0.02506307139992714,-0.020142578177257793,0.08180069923490607,0.060092974454164505,-0.021707724780741566
13f5be7a2ea5577e,2023-03-18,UFC 286: Edwards vs. Usman 3,Jack Shore,Makwan Amirkhani,1,red_sub,2023,0.28846753623909643,0.39113062620162964,0.1026630899625332,0.21819980305264985,0.15018579363822937,-0.06801400941442048,0.2745094296468821,0.3214353919029236,0.04692596225604151,0.040522820566920685,0.031379882246255875,-0.00914293832066481,0.12156846170076206,0.06529853492975235,-0.05626992677100971,0.056731948793688966,0.04056974872946739,-0.016162200064221574
5e9c027fb24efc2b,2023-03-18,UFC 286: Edwards vs. Usman 3,Marvin Vettori,Roman Dolidze,2,red_dec,2023,0.10000992161920826,0.12551575899124146,0.0255058373720332,0.10626054172040876,0.09406728297472,-0.01219325874568876,0.47226907431292786,0.528607964515686,0.056338890202758174,0.12144061910903858,0.09993156790733337,-0.02150905120170521,0.10000992161920826,0.06389529258012772,-0.03611462903908054,0.10000992161920826,0.0879821628332138,-0.01202775878599445
6068385c48de6801,2023-03-18,UFC 286: Edwards vs. Usman 3,Jake Hadley,Malcolm Gordon,0,red_ko_tko,2023,0.2600868489920341,0.29296261072158813,0.03287576172955403,0.30115319356972364,0.2700931429862976,-0.031060050583426035,0.20435395277945534,0.2572781443595886,0.052924191580133284,0.0504874471572772,0.03788325563073158,-0.01260419152654562,0.061306185833836596,0.028626805171370506,-0.03267938066246609,0.12261237166767319,0.1131560355424881,-0.009456336125185094
90a83875e1d11238,2023-03-18,UFC 286: Edwards vs. Usman 3,Justin Gaethje,Rafael Fiziev,2,red_dec,2023,0.19215463121371903,0.1675885170698166,-0.024566114143902446,0.03759547132442329,0.03499072417616844,-0.0026047471482548504,0.10172892240726301,0.12142405658960342,0.01969513418234041,0.3759547132442329,0.34047865867614746,-0.03547605456808545,0.04551030739272293,0.03750469535589218,-0.008005612036830749,0.24705595441763875,0.2980133593082428,0.05095740489060405
c483ac06b1e33c3b,2023-03-18,UFC 286: Edwards vs. Usman 3,Leon Edwards,Kamaru Usman,2,red_dec,2023,0.1426665519022207,0.1564035713672638,0.013737019465043104,0.05035290067137201,0.05815478041768074,0.007801879746308728,0.13169220175589605,0.15392903983592987,0.02223683808003382,0.2377775865037012,0.17628887295722961,-0.06148871354647159,0.05706662076088828,0.04756742715835571,-0.009499193602532569,0.3804441384059219,0.40765634179115295,0.02721220338523106
cdaf65287d9a0ecb,2023-03-18,UFC 286: Edwards vs. Usman 3,Chris Duncan,Omar Morales,2,red_dec,2023,0.3001335759321456,0.33365947008132935,0.03352589414918372,0.06579851472358578,0.07295406609773636,0.007155551374150582,0.14256344856776917,0.21019276976585388,0.06762932119808471,0.24439448325903287,0.19007529318332672,-0.05431919007570615,0.05702537942710767,0.03862777352333069,-0.01839760590377698,0.19008459809035888,0.15449059009552002,-0.03559400799483886
dd9cbf6d6284de26,2023-03-18,UFC 286: Edwards vs. Usman 3,Jennifer Maia,Casey O'Neill,2,red_dec,2023,0.05413182446932653,0.04078058525919914,-0.013351239210127389,0.06662378396224804,0.06252847611904144,-0.004095307843206594,0.27065912234663264,0.2289636731147766,-0.04169544923185603,0.12372988450131778,0.0707855224609375,-0.05294436204038028,0.09116938857991837,0.07060837745666504,-0.020561011123253328,0.3936859961405566,0.5263333320617676,0.13264733592121097
f40ac11da3bd7f8e,2023-03-18,UFC 286: Edwards vs. Usman 3,Muhammad Mokaev,Jafel Filho,1,red_sub,2023,0.13262391751785238,0.14036083221435547,0.007736914696503089,0.391843392666382,0.3761564791202545,-0.0156869135461275,0.3134747141331056,0.3701978921890259,0.056723178055920254,0.0507091449332965,0.04791518300771713,-0.0027939619255793677,0.05387846649162753,0.02135653793811798,-0.03252192855350955,0.05747036425773603,0.04401308298110962,-0.01345728127662641
07e39fd5f4f23270,2023-03-25,UFC Fight Night: Vera vs. Sandhagen,Trevin Giles,Preston Parsons,2,red_dec,2023,0.23834312415798592,0.20821695029735565,-0.030126173860630268,0.10094532317279403,0.08513391017913818,-0.01581141299365585,0.16189344282429233,0.20276106894016266,0.04086762611587033,0.0817176425684523,0.08167653530836105,-4.110726009125265e-05,0.23834312415798592,0.19344963133335114,-0.044893492824634784,0.17875734311848945,0.22876191139221191,0.05000456827372246
1c2d0db1c9eed052,2023-03-25,UFC Fight Night: Vera vs. Sandhagen,Holly Holm,Yana Santos,2,red_dec,2023,0.1755033439895466,0.18237897753715515,0.006875633547608562,0.040950780264227535,0.04355056956410408,0.0025997892998765454,0.4504585829065029,0.48631298542022705,0.035854402513724126,0.09555182061653092,0.07342997193336487,-0.02212184868316605,0.050586257973457546,0.04219605401158333,-0.008390203961874218,0.1869492142497344,0.17213144898414612,-0.014817765265588284
2f382615155e32b9,2023-03-25,UFC Fight Night: Vera vs. Sandhagen,Chidi Njokuani,Albert Duraev,5,blue_dec,2023,0.3889984767182244,0.35714974999427795,-0.03184872672394645,0.05705310991867291,0.0706382766366005,0.013585166717927581,0.1426327747966823,0.1679055392742157,0.025272764477533405,0.10697458109751172,0.08613234013319016,-0.020842240964321565,0.18208439335746676,0.12100803852081299,-0.06107635483665377,0.12225666411144195,0.1971660703420639,0.07490940623062195
33fa6793a7f984ac,2023-03-25,UFC Fight Night: Vera vs. Sandhagen,Marlon Vera,Cory Sandhagen,5,blue_dec,2023,0.17373784417254315,0.17420998215675354,0.0004721379842103912,0.10641442955568267,0.10473122447729111,-0.0016832050783915642,0.13097160560699406,0.13950443267822266,0.0085328270712286,0.13097160560699406,0.1256868839263916,-0.0052847216806024555,0.07094295303712178,0.03882364183664322,-0.03211931120047856,0.3869615620206643,0.4170438349246979,0.03008227290403359
6f6fec9c78244174,2023-03-25,UFC Fight Night: Vera vs. Sandhagen,Victor Altamirano,Vinicius Salvador,2,red_dec,2023,0.12256260571534493,0.10982681065797806,-0.01273579505736687,0.14298970666790242,0.13387072086334229,-0.009118985804560137,0.23187520000200396,0.24816933274269104,0.016294132740687084,0.30103096140611035,0.3381010890007019,0.03707012759459155,0.05362114000046341,0.0319303534924984,-0.021690786507965014,0.14792038620817494,0.1381017118692398,-0.00981867433893513
9433730f95d52fc8,2023-03-25,UFC Fight Night: Vera vs. Sandhagen,Andrea Lee,Maycee Barber,5,blue_dec,2023,0.0717677555681604,0.0641346201300621,-0.007633135438098293,0.0615152190584232,0.055005110800266266,-0.006510108258156934,0.18323682272721806,0.22108228504657745,0.037845462319359396,0.15658419396689544,0.14014452695846558,-0.01643966700842986,0.06624715898599422,0.037784673273563385,-0.028462485712430832,0.4606488496933086,0.48184874653816223,0.021199896844853627
b9e037a45f8850fb,2023-03-25,UFC Fight Night: Vera vs. Sandhagen,Steven Peterson,Lucas Alexander,5,blue_dec,2023,0.11375830530149288,0.09737680107355118,-0.0163815042279417,0.1895971755024881,0.20664849877357483,0.017051323271086716,0.27522170637457954,0.29179131984710693,0.01656961347252739,0.14219788162686609,0.129780113697052,-0.012417767929814083,0.08531872897611965,0.05890177562832832,-0.02641695334779133,0.19390620221845375,0.21550150215625763,0.021595299937803875
bce8ece2ff26b4d4,2023-03-25,UFC Fight Night: Vera vs. Sandhagen,Nate Landwehr,Austin Lingo,1,red_sub,2023,0.2970761802772458,0.23564597964286804,-0.06143020063437776,0.08615209228040129,0.07942624390125275,-0.0067258483791485385,0.2610669463042463,0.2837565243244171,0.022689578020170798,0.1872871571313071,0.25347602367401123,0.06618886654270412,0.04534320646336909,0.03191326558589935,-0.013429940877469737,0.12307441754343039,0.11578197032213211,-0.007292447221298279
c6cc6ae23cbf8a27,2023-03-25,UFC Fight Night: Vera vs. Sandhagen,Daniel Pineda,Tucker Lutz,1,red_sub,2023,0.10768139232715584,0.08348331600427628,-0.02419807632287957,0.10134719277849963,0.08481582254171371,-0.016531370236785914,0.10768139232715584,0.132467582821846,0.024786190494690163,0.3022635574095603,0.33574044704437256,0.03347688963481227,0.1656636805033167,0.1367138773202896,-0.02894980318302709,0.2153627846543117,0.22677896916866302,0.011416184514351335
0810cdbeb9dd4d02,2023-04-08,UFC 287: Pereira vs. Adesanya 2,Shayilan Nuerdanbieke,Steve Garcia,3,blue_ko_tko,2023,0.32761310452418096,0.3609209358692169,0.033307831345035954,0.08112324492979718,0.06678067892789841,-0.014342566001898774,0.20280811232449297,0.21661852300167084,0.013810410677177865,0.16380655226209048,0.11506065726280212,-0.04874589499928836,0.06084243369734789,0.05451507866382599,-0.0063273550335219,0.16380655226209048,0.18610408902168274,0.022297536759592257
28e3d939eb043664,2023-04-08,UFC 287: Pereira vs. Adesanya 2,Gerald Meerschaert,Joe Pyfer,3,blue_ko_tko,2023,0.07045492719356047,0.07322743535041809,0.002772508156857617,0.20620954300554287,0.13731510937213898,-0.06889443363340389,0.08899569750765535,0.10363969951868057,0.014644002011025226,0.43304004031164006,0.5025890469551086,0.06954900664346858,0.08051991679264055,0.05686541646718979,-0.02365450032545076,0.12077987518896081,0.12636329233646393,0.005583417147503114
3165b03ddc6d3b6e,2023-04-08,UFC 287: Pereira vs. Adesanya 2,Kevin Holland,Santiago Ponzinibbio,0,red_ko_tko,2023,0.31814668972877486,0.31124404072761536,-0.0069026490011595,0.12271372318109887,0.09498708695173264,-0.027726636229366233,0.23861001729658116,0.3367955684661865,0.09818555116960537,0.14316601037794868,0.13039839267730713,-0.012767617700641554,0.045210319066720635,0.020646249875426292,-0.024564069191294342,0.1321532403488757,0.1059286966919899,-0.026224543656885813
355a2f4090c0ca31,2023-04-08,UFC 287: Pereira vs. Adesanya 2,Jaqueline Amorim,Sam Hughes,5,blue_dec,2023,0.07793443091596605,0.07746712863445282,-0.00046730228151323217,0.34990968982678633,0.3498278558254242,-8.183400136213548e-05,0.2597814363865535,0.3029361367225647,0.04315470033601121,0.07143989500630221,0.045232243835926056,-0.026207651170376156,0.05042816118091921,0.029972262680530548,-0.02045589850038866,0.19050638668347256,0.1945643275976181,0.004057940914145547
678d27af287476f8,2023-04-08,UFC 287: Pereira vs. Adesanya 2,Rob Font,Adrian Yanez,0,red_ko_tko,2023,0.10810384459368097,0.11031996458768845,0.002216119994007476,0.054051922296840485,0.04201577603816986,-0.012036146258670624,0.2402307657637355,0.26821163296699524,0.027980867203259735,0.33262721413440305,0.32789346575737,-0.0047337483770330535,0.054051922296840485,0.04454212635755539,-0.009509795939285096,0.21093433091449945,0.20701701939105988,-0.003917311523439576
71ea7d7985dad804,2023-04-08,UFC 287: Pereira vs. Adesanya 2,Gilbert Burns,Jorge Masvidal,2,red_dec,2023,0.1666839474004517,0.14655335247516632,-0.020130594925285378,0.28891884216078295,0.28267040848731995,-0.006248433673463005,0.2988815608559824,0.3617364466190338,0.06285488576305143,0.13334715792036136,0.10792674124240875,-0.025420416677952612,0.02549283901418673,0.01635397970676422,-0.00913885930742251,0.08667565264823489,0.08475909382104874,-0.0019165588271861517
780147f2ed2637d1,2023-04-08,UFC 287: Pereira vs. Adesanya 2,Cynthia Calvillo,Loopy Godinez,5,blue_dec,2023,0.04519253397449892,0.030070263892412186,-0.015122270082086733,0.07805983141049815,0.04835379123687744,-0.029706040173620704,0.18666481424249554,0.21791835129261017,0.03125353705011463,0.09038506794899784,0.08291700482368469,-0.007468063125313146,0.12266544935935421,0.0788007527589798,-0.04386469660037441,0.47703230306415534,0.5419398546218872,0.06490755155773187
95349402616097cd,2023-04-08,UFC 287: Pereira vs. Adesanya 2,Michelle Waterson-Gomez,Luana Pinheiro,5,blue_dec,2023,0.05307200326324097,0.04196903109550476,-0.01110297216773621,0.08938442654861636,0.0650097131729126,-0.024374713375703766,0.27392001684253403,0.2791272699832916,0.005207253140757595,0.08491520522118555,0.05621873587369919,-0.02869646934748636,0.12130743603026506,0.08967715501785278,-0.031630281012412276,0.377400912094158,0.46799805760383606,0.09059714550967807
bbc76ff9e1b1b142,2023-04-08,UFC 287: Pereira vs. Adesanya 2,Chris Curtis,Kelvin Gastelum,5,blue_dec,2023,0.18126471854040435,0.16133829951286316,-0.019926419027541192,0.032224838851627434,0.03392056003212929,0.0016957211805018538,0.2559031320570414,0.25308680534362793,-0.002816326713413475,0.1242958069991344,0.08833717554807663,-0.035958631451057765,0.05118062641140828,0.03645450621843338,-0.014726120192974902,0.355130877140384,0.4268626272678375,0.07173175012745353
d7022b6058dbb26b,2023-04-08,UFC 287: Pereira vs. Adesanya 2,Ignacio Bahamondes,Trey Ogden,2,red_dec,2023,0.30543166658568527,0.3036082088947296,-0.0018234576909556544,0.11402782219198918,0.11231673508882523,-0.0017110871031639496,0.3227202514867618,0.4076402485370636,0.08491999705030179,0.050306392143524635,0.03450538218021393,-0.015801009963310707,0.10061278428704927,0.04464319348335266,-0.05596959080369661,0.10690108330498985,0.09728624671697617,-0.009614836588013681
119559fd8124fee3,2023-04-15,UFC Fight Night: Holloway vs. Allen,Aaron Phillips,Gaston Bolanos,5,blue_dec,2023,0.12091393138774685,0.10103567689657211,-0.019878254491174738,0.12091393138774685,0.08742550015449524,-0.03348843123325161,0.14106625328570466,0.17341740429401398,0.03235115100830932,0.36799892161488174,0.4199376702308655,0.05193874861598374,0.06510750151647908,0.04183784872293472,-0.023269652793544357,0.18399946080744087,0.1763458549976349,-0.00765360580980598
50e675146cda6e7c,2023-04-15,UFC Fight Night: Holloway vs. Allen,Zak Cummings,Ed Herman,0,red_ko_tko,2023,0.1435805734206888,0.15378011763095856,0.010199544210269751,0.16566989240848712,0.14135338366031647,-0.02431650874817065,0.35162589409148287,0.4141902029514313,0.0625643088599484,0.0861483440524133,0.07362409681081772,-0.012524247241595579,0.06153453146600949,0.03544238954782486,-0.026092141918184632,0.19144076456091844,0.1816098392009735,-0.009830925359944925
5de3a1bbcf705b58,2023-04-15,UFC Fight Night: Holloway vs. Allen,Bruna Brasil,Denise Gomes,3,blue_ko_tko,2023,0.15382438259684547,0.11522135138511658,-0.038603031211728894,0.10134312265203936,0.10340438038110733,0.0020612577290679696,0.32506284624239046,0.37738877534866333,0.05232592910627287,0.12305950607747636,0.12143997848033905,-0.0016195275971373074,0.0574277695028223,0.06005058065056801,0.0026228111477457072,0.23928237292842627,0.22249490022659302,-0.016787472701833256
6049301b4deea035,2023-04-15,UFC Fight Night: Holloway vs. Allen,Max Holloway,Arnold Allen,2,red_dec,2023,0.23461197938351055,0.23353397846221924,-0.0010780009212913166,0.048225795762166054,0.030319208279252052,-0.017906587482914002,0.29425909278609796,0.3079777657985687,0.013718673012470761,0.1335483574952291,0.12397854775190353,-0.009569809743325552,0.0826727927351418,0.048234645277261734,-0.03443814745788007,0.20668198183785452,0.25595587491989136,0.049273893082036835
68c1b833ed8849a3,2023-04-15,UFC Fight Night: Holloway vs. Allen,Gillian Robertson,Piera Rodriguez,1,red_sub,2023,0.07791559144260383,0.06481476128101349,-0.013100830161590346,0.2380754182968451,0.20732806622982025,-0.030747352067024836,0.21976192458170313,0.24941059947013855,0.029648674888435422,0.17855656372263382,0.14960065484046936,-0.028955908882164455,0.06592857737451094,0.038419000804424286,-0.027509576570086652,0.21976192458170313,0.29042690992355347,0.07066498534185034
792f139c2b9fd294,2023-04-15,UFC Fight Night: Holloway vs. Allen,Dustin Jacoby,Azamat Murzakanov,5,blue_dec,2023,0.2516873268977386,0.24757374823093414,-0.004113578666804452,0.04754093952512839,0.034697361290454865,-0.012843578234673525,0.28524563715077034,0.32319414615631104,0.0379485090055407,0.21941972088520795,0.19791896641254425,-0.021500754472663697,0.053483556965769445,0.04124786704778671,-0.012235689917982732,0.14262281857538517,0.1553678810596466,0.012745062484261438
83c81018bb3aeebf,2023-04-15,UFC Fight Night: Holloway vs. Allen,Edson Barboza,Billy Quarantillo,0,red_ko_tko,2023,0.18805655660259032,0.16040192544460297,-0.02765463115798736,0.03203926519895983,0.023121802136301994,-0.008917463062657838,0.17654288987181949,0.21374617516994476,0.03720328529812528,0.25442945893291635,0.24212583899497986,-0.012303619937936494,0.10177178357316653,0.07790454477071762,-0.023867238802448912,0.2471600458205473,0.28269970417022705,0.03553965834967976
8b2b2562884821a7,2023-04-15,UFC Fight Night: Holloway vs. Allen,Joselyne Edwards,Lucie Pudilova,2,red_dec,2023,0.07088989441930618,0.08462958037853241,0.013739685959226228,0.08101702219349279,0.09054461121559143,0.009527589022098645,0.28355957767722473,0.3557271659374237,0.07216758826019898,0.08101702219349279,0.06459873169660568,-0.016418290496887103,0.12152553329023917,0.06906265765428543,-0.05246287563595374,0.3619909502262444,0.3354372978210449,-0.026553652405199468
995e79b951da945b,2023-04-15,UFC Fight Night: Holloway vs. Allen,Tanner Boser,Ion Cutelaba,3,blue_ko_tko,2023,0.21997082019732075,0.2393346130847931,0.019363792887472336,0.040851723750931,0.03764393925666809,-0.0032077844942629066,0.19497413608398886,0.25193265080451965,0.05695851472053079,0.3501576321508372,0.26750949025154114,-0.08264814189929603,0.07149051656412925,0.05417625978589058,-0.017314256778238668,0.122555171252793,0.14940305054187775,0.026847879289084747
b01e6e97d66681c5,2023-04-15,UFC Fight Night: Holloway vs. Allen,Bill Algeo,TJ Brown,1,red_sub,2023,0.18167751861003284,0.1715119481086731,-0.010165570501359744,0.12198347678102203,0.0913766399025917,-0.030606836878430327,0.3485242193743487,0.3528323173522949,0.004308097977946235,0.04494128091932391,0.033976998180150986,-0.010964282739172923,0.06568341057439649,0.04236433282494545,-0.023319077749451037,0.2371900937408762,0.30793774127960205,0.07074764753872584
bbde45b2c766bb67,2023-04-15,UFC Fight Night: Holloway vs. Allen,Brandon Royval,Matheus Nicolau,0,red_ko_tko,2023,0.08109161793372319,0.0699329674243927,-0.011158650509330487,0.16374269005847952,0.1639663279056549,0.00022363784717538415,0.12163742690058478,0.1412629336118698,0.019625506711285032,0.17738791423001948,0.2199993133544922,0.042611399124472704,0.15204678362573099,0.1019454151391983,-0.05010136848653268,0.30409356725146197,0.3028930723667145,-0.0012004948847474939
bdbddbc00d07dc4b,2023-04-15,UFC Fight Night: Holloway vs. Allen,Clay Guida,Rafa Garcia,5,blue_dec,2023,0.07143721511838974,0.053485289216041565,-0.017951925902348176,0.06123189867290549,0.0428052619099617,-0.018426636762943788,0.18635795248275583,0.21193425357341766,0.025576301090661835,0.07793150740187972,0.07217366248369217,-0.005757844918187552,0.19482876850469927,0.1900552660226822,-0.004773502482017078,0.4082126578193699,0.4295462667942047,0.021333608974834828
cef255a992ba7af3,2023-04-15,UFC Fight Night: Holloway vs. Allen,Lando Vannata,Daniel Zellhuber,5,blue_dec,2023,0.08586623967060304,0.060992393642663956,-0.024873846027939087,0.0780602178823664,0.04777710884809494,-0.030283109034271463,0.28622079890201013,0.299824595451355,0.013603796549344849,0.16512738398192894,0.14831778407096863,-0.016809599910960316,0.0780602178823664,0.10730086266994476,0.02924064478757836,0.3066651416807252,0.33578726649284363,0.029122124812118455
d856812dc733690a,2023-04-15,UFC Fight Night: Holloway vs. Allen,Pedro Munhoz,Chris Gutierrez,2,red_dec,2023,0.09058547949273558,0.08643372356891632,-0.004151755923819264,0.07171350459841568,0.07712912559509277,0.005415620996677098,0.1955822852684064,0.18824471533298492,-0.0073375699354214785,0.1912360122624418,0.17838916182518005,-0.012846850437261748,0.05062129736358754,0.03453827649354935,-0.01608302087003819,0.4002614210144131,0.4352650046348572,0.03500358362044409
01aa5949ac6851f3,2023-04-22,UFC Fight Night: Pavlovich vs. Blaydes,Karol Rosa,Norma Dumont,5,blue_dec,2023,0.1128526645768025,0.1290789693593979,0.016226304782595388,0.07053291536050156,0.06362380087375641,-0.006909114486745152,0.3134796238244514,0.37650689482688904,0.06302727100243766,0.05642633228840125,0.05562608689069748,-0.0008002453977037707,0.07053291536050156,0.037988655269145966,-0.032544260091355595,0.37617554858934166,0.33717554807662964,-0.03900000051271202
034cbbec91f67852,2023-04-22,UFC Fight Night: Pavlovich vs. Blaydes,Rani Yahya,Montel Jackson,3,blue_ko_tko,2023,0.03764168350760039,0.03347460925579071,-0.004167074251809677,0.08245321149283893,0.07461138814687729,-0.007841823345961646,0.08245321149283893,0.06756827235221863,-0.014884939140620307,0.4809770670415605,0.45502257347106934,-0.025954493570491177,0.0618399086196292,0.04046271741390228,-0.02137719120572692,0.25463491784553205,0.32886046171188354,0.0742255438663515
06d9fb9c995f1e4f,2023-04-22,UFC Fight Night: Pavlovich vs. Blaydes,Jeremiah Wells,Matthew Semelsberger,2,red_dec,2023,0.16922360614997833,0.13576655089855194,-0.03345705525142639,0.1917867536366421,0.2506711781024933,0.05888442446585118,0.14384006522748158,0.18161198496818542,0.037771919740703847,0.21049765643046087,0.1713019758462906,-0.03919568058417028,0.057536026090992634,0.03910692036151886,-0.018429105729473774,0.2271158924644446,0.2215413898229599,-0.005574502641484708
16628e25a043043a,2023-04-22,UFC Fight Night: Pavlovich vs. Blaydes,Ricky Glenn,Christos Giagos,3,blue_ko_tko,2023,0.1573812907429984,0.1758720427751541,0.01849075203215572,0.11331452933495885,0.1006680577993393,-0.012646471535619555,0.3147625814859968,0.35370558500289917,0.038943003516902386,0.12140842428745591,0.09799128025770187,-0.023417144029754033,0.0999834082367284,0.059387046843767166,-0.04059636139296123,0.19314976591186167,0.2123759686946869,0.01922620278282522
20c0f50c11509301,2023-04-22,UFC Fight Night: Pavlovich vs. Blaydes,Iasmin Lucindo,Brogan Walker,2,red_dec,2023,0.20672461547463727,0.20980527997016907,0.003080664495531793,0.0913940405256291,0.09161962568759918,0.0002255851619700766,0.4447100264600734,0.48594629764556885,0.04123627118549544,0.0482357436107487,0.044332921504974365,-0.003902822105774334,0.051073140293733915,0.03012258931994438,-0.020950550973789533,0.15786243363517757,0.13817329704761505,-0.019689136587562522
277233ca9ea25674,2023-04-22,UFC Fight Night: Pavlovich vs. Blaydes,Brady Hiestand,Batgerel Danaa,0,red_ko_tko,2023,0.10812900792153904,0.13280120491981506,0.024672196998276025,0.14417201056205203,0.16490772366523743,0.020735713103185394,0.16635231987929083,0.18715156614780426,0.020799246268513427,0.35307431158053565,0.34161436557769775,-0.011459946002837895,0.04805733685401735,0.020931703969836235,-0.027125632884181114,0.18021501320256508,0.15259340405464172,-0.02762160914792336
856468ba24a37fcc,2023-04-22,UFC Fight Night: Pavlovich vs. Blaydes,Sergei Pavlovich,Curtis Blaydes,0,red_ko_tko,2023,0.3552144269090944,0.3810598850250244,0.02584545811593003,0.03626147274697005,0.038738686591386795,0.002477213844416744,0.05439220912045508,0.07973802834749222,0.025345819227037138,0.3955797026942187,0.327667236328125,-0.06791246636609372,0.06694425737902164,0.04690302535891533,-0.02004123202010631,0.09160793115024013,0.12589313089847565,0.03428519974823552
8beab5f941dae8e0,2023-04-22,UFC Fight Night: Pavlovich vs. Blaydes,Mohammed Usman,Junior Tafa,2,red_dec,2023,0.24115672337691946,0.24463357031345367,0.003476846936534217,0.086816420415691,0.0869140699505806,9.764953488959616e-05,0.15230950950121228,0.18039357662200928,0.028084067120797,0.3543527363905755,0.3324056565761566,-0.0219470798144189,0.041341152578900475,0.025479452684521675,-0.0158616998943788,0.12402345773670141,0.1301736831665039,0.006150225429802494
d00d5ef4ae0ac01b,2023-04-22,UFC Fight Night: Pavlovich vs. Blaydes,Brad Tavares,Bruno Silva,3,blue_ko_tko,2023,0.20497568425706358,0.19954423606395721,-0.00543144819310637,0.07174148948997226,0.051188837736845016,-0.020552651753127246,0.30746352638559543,0.3630032539367676,0.05553972755117215,0.2532052570234315,0.24494434893131256,-0.008260908092118935,0.04782765965998151,0.03871502727270126,-0.009112632387280245,0.11478638318395562,0.10260429233312607,-0.012182090850829552
37ae5c09d6f03f33,2023-04-29,UFC Fight Night: Song vs. Simon,Rodolfo Vieira,Cody Brundage,1,red_sub,2023,0.08140262993112084,0.09349396824836731,0.012091338317246472,0.4477144646211647,0.4175511598587036,-0.030163304762461096,0.13149655604257984,0.18758785724639893,0.05609130120381908,0.1643706950532248,0.136204794049263,-0.028165901003961796,0.06105197244834063,0.04944765567779541,-0.011604316770545221,0.11396368190356919,0.11571457982063293,0.0017508979170637456
5d11b618f24082dd,2023-04-29,UFC Fight Night: Song vs. Simon,Martin Buday,Jake Collier,2,red_dec,2023,0.23744845175550058,0.30239254236221313,0.06494409060671255,0.07771040239270928,0.0661589503288269,-0.011551452063882375,0.20849132349263463,0.25036951899528503,0.0418781955026504,0.13150991174150803,0.0943988710641861,-0.03711104067732193,0.07771040239270928,0.060880396515131,-0.016830005877578283,0.26712950822493814,0.22579973936080933,-0.04132976886412881
88a63555728c2025,2023-04-29,UFC Fight Night: Song vs. Simon,Journey Newson,Marcus McGhee,4,blue_sub,2023,0.21666446458545238,0.21117058396339417,-0.005493880622058217,0.10833223229272619,0.06935971975326538,-0.03897251253946081,0.262623593436912,0.2933824956417084,0.03075890220479638,0.2280678574583709,0.2531549036502838,0.025087046191912904,0.050979874020106446,0.03175484016537666,-0.019225033854729782,0.13333197820643225,0.1411774605512619,0.007845482344829652
8dbfbd8f8bd0f00b,2023-04-29,UFC Fight Night: Song vs. Simon,Marcos Rogerio de Lima,Waldo Cortes-Acosta,2,red_dec,2023,0.29895346233166314,0.2608484923839569,-0.038104969947706235,0.13107959502234465,0.11574254184961319,-0.015337053172731457,0.177503618259425,0.21701577305793762,0.03951215479851261,0.19814357387098605,0.19796477258205414,-0.00017880128893191238,0.04484301934974948,0.03576340153813362,-0.009079617811615856,0.14947673116583157,0.17266501486301422,0.02318828369718265
c02d44564cb006a9,2023-04-29,UFC Fight Night: Song vs. Simon,Josh Quinlan,Trey Waters,5,blue_dec,2023,0.39841813191093517,0.3838125467300415,-0.014605585180893665,0.10707487295106383,0.09448064863681793,-0.012594224314245894,0.13178445901669394,0.16490566730499268,0.03312120828829873,0.19468158718375242,0.20846574008464813,0.013784152900895713,0.07787263487350098,0.052225396037101746,-0.02564723883639923,0.09016831406405375,0.09610996395349503,0.005941649889441278
ca63933f8c898fa2,2023-04-29,UFC Fight Night: Song vs. Simon,Cody Durden,Charles Johnson,2,red_dec,2023,0.08518042383330283,0.06882860511541367,-0.01635181871788917,0.07098368652775236,0.04862949624657631,-0.02235419028117605,0.27477556075258974,0.3588070869445801,0.08403152619199034,0.1738375996598017,0.189842090010643,0.01600449035084131,0.10647552979162854,0.06751932948827744,-0.038956200303351105,0.28874719943492483,0.2663733959197998,-0.022373803515125024
e0e2c1fc1a178d89,2023-04-29,UFC Fight Night: Song vs. Simon,Julian Erosa,Fernando Padilla,3,blue_ko_tko,2023,0.1487251591659147,0.13749173283576965,-0.011233426330145041,0.23313673598981222,0.1553812026977539,-0.07775553329205831,0.1960468007187057,0.23152059316635132,0.03547379244764562,0.18752302677441415,0.22823254764080048,0.04070952086638632,0.09080062349076896,0.07495424896478653,-0.015846374525982435,0.14376765386038418,0.17241965234279633,0.02865199848241215
e434035be5453be0,2023-04-29,UFC Fight Night: Song vs. Simon,Hailey Cowan,Jamey-Lyn Horth,5,blue_dec,2023,0.07915086081120513,0.07634074240922928,-0.0028101184019758557,0.06218996206594689,0.0591740719974041,-0.0030158900685427897,0.26383620270401714,0.3292538523674011,0.06541764966338398,0.11608792918976753,0.12039081007242203,0.0043028808826545,0.19787715202801284,0.11007030308246613,-0.08780684894554672,0.2808578932010505,0.30477023124694824,0.023912338045897763
ecec1b0dd64ca2ae,2023-04-29,UFC Fight Night: Song vs. Simon,Caio Borralho,Michal Oleksiejczuk,1,red_sub,2023,0.1597815245628766,0.17019130289554596,0.010409778332669373,0.38347565895090385,0.3876793682575226,0.00420370930661873,0.2212359570870599,0.23775072395801544,0.016514766870955544,0.10785252907994171,0.0967390313744545,-0.01111349770548721,0.026146067655743444,0.013883732259273529,-0.012262335396469915,0.10150826266347455,0.09375587105751038,-0.007752391605964179
f9345fa82bf43847,2023-04-29,UFC Fight Night: Song vs. Simon,Stephanie Egger,Irina Alekseeva,4,blue_sub,2023,0.1214770787348349,0.10607420653104782,-0.015402872203787082,0.3149405744977201,0.2720873951911926,-0.04285317930652749,0.2882506953029981,0.3614253103733063,0.0731746150703082,0.06073853936741745,0.06459295004606247,0.0038544106786450177,0.06541073470337265,0.03628571704030037,-0.02912501766307228,0.1491823773936569,0.15953440964221954,0.010352032248562654
069ab7e7b8b5d262,2023-05-06,UFC 288: Sterling vs. Cejudo,Movsar Evloev,Diego Lopes,2,red_dec,2023,0.320413950942833,0.33332157135009766,0.012907620407264675,0.14418627792427485,0.11770861595869064,-0.02647766196558421,0.3844967411313996,0.4386794865131378,0.05418274538173823,0.04119607940693567,0.03722561523318291,-0.003970464173752762,0.07209313896213743,0.03750087693333626,-0.03459226202880117,0.03761381163241952,0.03556378558278084,-0.0020500260496386855
0c6e3c1f03cd4061,2023-05-06,UFC 288: Sterling vs. Cejudo,Kron Gracie,Charles Jourdain,5,blue_dec,2023,0.04511798231739683,0.04055172577500343,-0.004566256542393399,0.25977020122137573,0.298787385225296,0.03901718400392029,0.08572416640305398,0.10408350080251694,0.018359334399462954,0.3361732015806039,0.32328835129737854,-0.012884850283225335,0.047624536890585545,0.03093755431473255,-0.016686982575852993,0.22558991158698416,0.20235145092010498,-0.02323846066687918
2372578d3f554c65,2023-05-06,UFC 288: Sterling vs. Cejudo,Braxton Smith,Parker Porter,3,blue_ko_tko,2023,0.2869594799824148,0.3409356474876404,0.0539761675052256,0.04702947033045131,0.051429349929094315,0.004399879598643006,0.06511772814985567,0.08029047399759293,0.015172745847737257,0.2418658474137496,0.18825554847717285,-0.05361029893657676,0.22879201782381722,0.20177151262760162,-0.0270205051962156,0.13023545629971134,0.13731743395328522,0.007081977653573879
3f8b4aeb3baf4724,2023-05-06,UFC 288: Sterling vs. Cejudo,Drew Dober,Matt Frevola,3,blue_ko_tko,2023,0.45636081503904763,0.4630412459373474,0.006680430898299783,0.05687975375849,0.04801379144191742,-0.008865962316572579,0.1312609702119,0.1487368494272232,0.017475879215323203,0.1218851866253357,0.10268322378396988,-0.019201962841365827,0.08125679108355714,0.05233059823513031,-0.028926192848426832,0.15235648328166965,0.18519431352615356,0.03283783024448392
5f44d6d9e6bbecff,2023-05-06,UFC 288: Sterling vs. Cejudo,Marina Rodriguez,Virna Jandiroba,5,blue_dec,2023,0.15224864231169966,0.13251443207263947,-0.01973421023906019,0.03773118526855166,0.023369576781988144,-0.014361608486563517,0.3471269044706753,0.41035640239715576,0.06322949792648047,0.05423857882354301,0.03777654841542244,-0.016462030408120568,0.1607069002179052,0.10461326688528061,-0.0560936333326246,0.24794778890762517,0.29136979579925537,0.0434220068916302
c3ca708aaf4262a7,2023-05-06,UFC 288: Sterling vs. Cejudo,Kennedy Nzechukwu,Devin Clark,1,red_sub,2023,0.3511164364064848,0.32747045159339905,-0.023645984813085774,0.05060207465858163,0.04047734662890434,-0.010124728029677288,0.21505881729897194,0.28964218497276306,0.07458336767379112,0.10120414931716326,0.08352511376142502,-0.017679035555738243,0.061445376371134834,0.032279741019010544,-0.02916563535212429,0.2205731459476635,0.2266051471233368,0.0060320011756732905
d22de60b7a3d908c,2023-05-06,UFC 288: Sterling vs. Cejudo,Phil Hawes,Ikram Aliskerov,3,blue_ko_tko,2023,0.2092108443884465,0.18163883686065674,-0.027572007527789766,0.05045673305839004,0.03975050151348114,-0.0107062315449089,0.10722055774907883,0.1315157115459442,0.02429515379686538,0.2382679061090641,0.2865035831928253,0.048235677083761225,0.2042296338077692,0.1292933225631714,-0.07493631124459782,0.19061432488725125,0.2312980443239212,0.04068371943666996
e3aad51099a23ba4,2023-05-06,UFC 288: Sterling vs. Cejudo,Aljamain Sterling,Henry Cejudo,2,red_dec,2023,0.07861120209629872,0.08692532032728195,0.008314118230983228,0.17294464461185718,0.19331777095794678,0.020373126346089593,0.2402008952942461,0.25719255208969116,0.016991656795445065,0.19216071623539685,0.20717211067676544,0.015011394441368592,0.05404520144120537,0.02734382078051567,-0.0267013806606897,0.26203734032099574,0.2280484288930893,-0.03398891142790644
ed707998b13d0101,2023-05-06,UFC 288: Sterling vs. Cejudo,Belal Muhammad,Gilbert Burns,2,red_dec,2023,0.1320950361232522,0.13137510418891907,-0.0007199319343331456,0.06132983820008137,0.06107108294963837,-0.000258755250443006,0.25253462788268805,0.3101062476634979,0.05757161978080988,0.17887869475023735,0.19584093987941742,0.01696224512918007,0.14310295580018986,0.0882684737443924,-0.05483448205579747,0.23205884724355116,0.21333818137645721,-0.01872066586709395
14e689e60419d469,2023-05-13,UFC Fight Night: Rozenstruik vs. Almeida,Cody Stamann,Douglas Silva de Andrade,5,blue_dec,2023,0.09078127038075957,0.11185105890035629,0.02106978851959672,0.04791233714540089,0.03959899768233299,-0.0083133394630679,0.42069369200839807,0.5260834693908691,0.10538977738247107,0.19164934858160357,0.16148509085178375,-0.030164257729819816,0.08624220686172161,0.04559237137436867,-0.040649835487352945,0.16272114502211624,0.11538901925086975,-0.047332125771246486
3387f430abb7e39f,2023-05-13,UFC Fight Night: Rozenstruik vs. Almeida,Karl Williams,Chase Sherman,2,red_dec,2023,0.32942696318169234,0.3464008867740631,0.016973923592370765,0.1427516840454,0.12954990565776825,-0.013201778387631757,0.2855033680908,0.32244133949279785,0.03693797140199784,0.10076589462028236,0.0966968685388565,-0.0040690260814258555,0.040786195441542855,0.01938662678003311,-0.021399568661509744,0.10076589462028236,0.08552441745996475,-0.01524147716031761
6ca856d1950d8f7f,2023-05-13,UFC Fight Night: Rozenstruik vs. Almeida,Ji Yeon Kim,Mandy Bohm,5,blue_dec,2023,0.12276053431635255,0.0926809087395668,-0.030079625576785743,0.0859323740214468,0.08241687715053558,-0.003515496870911211,0.459638279649599,0.49300435185432434,0.03336607220472532,0.04774020778969266,0.044027604162693024,-0.0037126036269996346,0.04522756527444567,0.027485322207212448,-0.017742243067233224,0.2387010389484633,0.2603849768638611,0.021683937915397772
755202fce24b8f83,2023-05-13,UFC Fight Night: Rozenstruik vs. Almeida,Jairzinho Rozenstruik,Jailton Almeida,4,blue_sub,2023,0.1448691451206126,0.1180303692817688,-0.02683877583884381,0.028973829024122523,0.017992854118347168,-0.010980974905775355,0.03476859482894703,0.04609989374876022,0.011331298919813194,0.26339844567384113,0.2150028795003891,-0.04839556617345203,0.4452076167121266,0.494109183549881,0.04890156683775437,0.08278236864035006,0.10876482725143433,0.025982458611084266
81fda78adcaedbc7,2023-05-13,UFC Fight Night: Rozenstruik vs. Almeida,Bryan Battle,Gabe Green,0,red_ko_tko,2023,0.08968252254116771,0.10396400839090347,0.014281485849735764,0.13107445602170667,0.13381028175354004,0.002735825731833369,0.25058351886502744,0.29858270287513733,0.047999184010109885,0.1812731838598071,0.13657942414283752,-0.04469375971696957,0.08114132991819936,0.04702761769294739,-0.034113712225251974,0.26624498879409164,0.28003597259521484,0.013790983801123202
838a022ca5d99cc1,2023-05-13,UFC Fight Night: Rozenstruik vs. Almeida,Tim Means,Alex Morono,4,blue_sub,2023,0.12213420564100311,0.11920910328626633,-0.0029251023547367805,0.07124495329058515,0.06347376853227615,-0.007771184758308999,0.16441143067058112,0.2131723314523697,0.048760900781788574,0.22498406302290047,0.2081059217453003,-0.016878141277600178,0.10058111052788492,0.10607466101646423,0.005493550488579316,0.3166442368470451,0.2899642288684845,-0.026680007978560627
acfcf75f0215b7ab,2023-05-13,UFC Fight Night: Rozenstruik vs. Almeida,Jessica-Rose Clark,Tainara Lisboa,4,blue_sub,2023,0.08173309589405063,0.0676741898059845,-0.014058906088066134,0.10727468836094145,0.06297881156206131,-0.04429587679888014,0.3011219322412391,0.35186532139778137,0.05074338915654225,0.1430329178145886,0.14683279395103455,0.0037998761364459455,0.11442633425167088,0.07450813055038452,-0.03991820370128636,0.2524110314375093,0.29614073038101196,0.04372969894350265
b0f4c7788782e26e,2023-05-13,UFC Fight Night: Rozenstruik vs. Almeida,Daniel Rodriguez,Ian Machado Garry,3,blue_ko_tko,2023,0.10669552695689974,0.0996251180768013,-0.007070408880098439,0.05020965974442341,0.04079844057559967,-0.009411219168823738,0.14226070260919965,0.17453943192958832,0.032278729320388666,0.2438754901871994,0.21890687942504883,-0.024968610762150567,0.07759674687774527,0.055030692368745804,-0.02256605450899947,0.3793618736245324,0.411099374294281,0.03173750066974862
c501576b8ec35758,2023-05-13,UFC Fight Night: Rozenstruik vs. Almeida,Anthony Smith,Johnny Walker,5,blue_dec,2023,0.20209871745044697,0.2207382470369339,0.01863952958648693,0.1632335794792072,0.13429850339889526,-0.028935076080311928,0.12125923047026818,0.16981682181358337,0.04855759134331519,0.3264671589584144,0.284196674823761,-0.0422704841346534,0.08083948698017879,0.06430709362030029,-0.016532393359878494,0.10610182666148467,0.12664265930652618,0.020540832645041515
dae2484418631ff5,2023-05-13,UFC Fight Night: Rozenstruik vs. Almeida,Carlos Ulberg,Ihor Potieria,0,red_ko_tko,2023,0.5587968122266653,0.5378891229629517,-0.02090768926371367,0.041392356461234465,0.03671113774180412,-0.004681218719430343,0.16716143955498536,0.19504649937152863,0.027885059816543267,0.10226346890422633,0.1250012218952179,0.022737752990991567,0.05794929904572826,0.04694103077054024,-0.01100826827518802,0.07243662380716032,0.058410994708538055,-0.014025629098622261
f2ced83baf0457fc,2023-05-13,UFC Fight Night: Rozenstruik vs. Almeida,Matt Brown,Court McGee,0,red_ko_tko,2023,0.17055837563451776,0.15942156314849854,-0.01113681248601922,0.06091370558375634,0.052760377526283264,-0.008153328057473076,0.11370558375634517,0.1310424655675888,0.01733688181124364,0.12182741116751268,0.13226646184921265,0.010439050681699966,0.1065989847715736,0.08863372355699539,-0.017965261214578213,0.4263959390862944,0.4358753561973572,0.00947941711106276
12683e06369d1a83,2023-05-20,UFC Fight Night: Dern vs. Hill,Diego Ferreira,Michael Johnson,0,red_ko_tko,2023,0.13187115649760567,0.10595396906137466,-0.025917187436231004,0.2678632866357615,0.23798015713691711,-0.029883129498844363,0.17493112596621158,0.2302604466676712,0.05532932070145963,0.19480966300782654,0.17676210403442383,-0.01804755897340271,0.035715104884768194,0.022218413650989532,-0.013496691233778661,0.19480966300782654,0.22682489454746246,0.032015231539635924
33007109c9ca1ede,2023-05-20,UFC Fight Night: Dern vs. Hill,Karolina Kowalkiewicz,Vanessa Demopoulos,2,red_dec,2023,0.08266860043509788,0.06882817298173904,-0.013840427453358839,0.0482233502538071,0.03056570142507553,-0.017657648828731567,0.4133430021754894,0.5128301382064819,0.09948713603099252,0.07233502538071065,0.06655260920524597,-0.005782416175464683,0.15500362581580854,0.11370125412940979,-0.04130237168639875,0.22842639593908626,0.20752212405204773,-0.020904271887038528
3638ee66c7d34fe0,2023-05-20,UFC Fight Night: Dern vs. Hill,Edmen Shahbazyan,Anthony Hernandez,3,blue_ko_tko,2023,0.19533514520731804,0.1984069049358368,0.0030717597285187526,0.050557331700717606,0.0499701164662838,-0.0005872152344338077,0.10743432986402492,0.1331826150417328,0.025748285177707872,0.1432457731520332,0.11408143490552902,-0.02916433824650419,0.2772498835200643,0.21492324769496918,-0.06232663582509512,0.2261775365558419,0.2894356846809387,0.06325814812509681
73700c8c5107f719,2023-05-20,UFC Fight Night: Dern vs. Hill,Andre Fialho,Joaquin Buckley,3,blue_ko_tko,2023,0.20595413615879918,0.20574146509170532,-0.00021267106709385586,0.03760901616812855,0.03233109042048454,-0.005277925747644005,0.11533431624892755,0.1294853389263153,0.014151022677387756,0.4023290101706775,0.34961313009262085,-0.052715880078056665,0.03760901616812855,0.026620052754878998,-0.01098896341324955,0.20116450508533876,0.2562089264392853,0.05504442135394652
744cbe6e49d4f41c,2023-05-20,UFC Fight Night: Dern vs. Hill,Natalia Silva,Victoria Leonardo,0,red_ko_tko,2023,0.28740257755590637,0.3033192753791809,0.01591669782327454,0.2781315266670062,0.2668466866016388,-0.011284840065367396,0.2781315266670062,0.3234240412712097,0.045292514604203526,0.033161835871835355,0.029285356402397156,-0.0038764794694381988,0.0410575110794152,0.022569572553038597,-0.018487938526376604,0.0821150221588304,0.05455506592988968,-0.027559956228940724
7d583e4002622848,2023-05-20,UFC Fight Night: Dern vs. Hill,Orion Cosce,Gilbert Urbina,3,blue_ko_tko,2023,0.19230995010272964,0.18570967018604279,-0.006600279916686852,0.12088054006457292,0.10736353695392609,-0.013517003110646839,0.19230995010272964,0.2225484997034073,0.03023854960067765,0.13017904314646317,0.16341353952884674,0.03323449638238357,0.1762841209275022,0.11519812047481537,-0.061086000452686834,0.18803639565600233,0.2057666778564453,0.01773028220044298
8502f245aabd64ac,2023-05-20,UFC Fight Night: Dern vs. Hill,Takashi Sato,Themba Gorimbo,5,blue_dec,2023,0.2753729789065088,0.2376853972673416,-0.03768758163916719,0.05691041564067849,0.03422679379582405,-0.022683621844854437,0.12195089065859677,0.1458391696214676,0.023888278962870824,0.10043014524825616,0.10776551812887192,0.007335372880615754,0.2371267318361604,0.1797613799571991,-0.0573653518789613,0.20820883770979937,0.29472172260284424,0.08651288489304487
924f982f0d9d2142,2023-05-20,UFC Fight Night: Dern vs. Hill,Emily Ducote,Loopy Godinez,5,blue_dec,2023,0.10584192439862543,0.09534011036157608,-0.010501814037049348,0.07056128293241695,0.056904926896095276,-0.013656356036321676,0.2646048109965636,0.27755534648895264,0.01295053549238906,0.03848797250859107,0.026967374607920647,-0.01152059790067042,0.07697594501718213,0.04395071044564247,-0.03302523457153966,0.4435280641466209,0.49928155541419983,0.05575349126757895
cb9654746447b934,2023-05-20,UFC Fight Night: Dern vs. Hill,Mackenzie Dern,Angela Hill,2,red_dec,2023,0.041365350606849774,0.04302463307976723,0.0016592824729174532,0.3474689450975381,0.36925262212753296,0.02178367702999484,0.1930383028319656,0.22813406586647034,0.035095763034504734,0.0914391960782995,0.07277479767799377,-0.01866439840030573,0.027146011335745165,0.011852577328681946,-0.01529343400706322,0.29954219404960186,0.27496129274368286,-0.024580901305919
eca400aeeb2763d1,2023-05-20,UFC Fight Night: Dern vs. Hill,Chase Hooper,Nick Fiore,2,red_dec,2023,0.10656704763365704,0.09320533275604248,-0.013361714877614561,0.19375826842483096,0.15857172012329102,-0.035186548301539944,0.1739870165447462,0.20201368629932404,0.02802666975457785,0.1982642746672689,0.24001286923885345,0.04174859457158456,0.14208939684487604,0.08909845352172852,-0.05299094332314752,0.18533399588462093,0.2170979529619217,0.03176395707730076
fb70b62915fdcec6,2023-05-20,UFC Fight Night: Dern vs. Hill,Ilir Latifi,Rodrigo Nascimento,5,blue_dec,2023,0.1225714827826107,0.1106356531381607,-0.011935829644449988,0.06128574139130535,0.051907654851675034,-0.009378086539630313,0.19500008624506246,0.21490952372550964,0.019909437480447184,0.2523530527877279,0.20036327838897705,-0.051989774398750854,0.14300006324637915,0.15893393754959106,0.015933874303211915,0.22578957354691442,0.2632499933242798,0.03746041977736536
4d0029ad31bdd85a,2023-06-03,UFC Fight Night: Kara-France vs. Albazi,Karine Silva,Ketlen Souza,1,red_sub,2023,0.13143929198420384,0.13121944665908813,-0.00021984532511570842,0.28478513263244165,0.27867433428764343,-0.006110798344798218,0.20837936534081095,0.2728826701641083,0.06450330482329733,0.12205077112818927,0.10025866329669952,-0.021792107831489743,0.044966073573543416,0.02203519083559513,-0.022930882737948285,0.20837936534081095,0.19492967426776886,-0.013449691073042086
5459c3bb88d031f9,2023-06-03,UFC Fight Night: Kara-France vs. Albazi,Andrei Arlovski,Don'Tale Mayes,3,blue_ko_tko,2023,0.07797215280257051,0.07045261561870575,-0.0075195371838647634,0.040842556229917885,0.03272031620144844,-0.008122240028469445,0.32988218493395216,0.3509678244590759,0.021085639525123767,0.2599071760085684,0.21843206882476807,-0.04147510718380032,0.0714744734023563,0.05528360232710838,-0.016190871075247915,0.21992145662263476,0.27214357256889343,0.05222211594625867
72bb7605e340a8fe,2023-06-03,UFC Fight Night: Kara-France vs. Albazi,Da'Mon Blackshear,Luan Lacerda,0,red_ko_tko,2023,0.057148303616873446,0.05533109977841377,-0.001817203838459673,0.06594035032716168,0.06539171189069748,-0.0005486384364642022,0.2905845946620684,0.34996190667152405,0.059377312009455674,0.08164043373839064,0.09565509110689163,0.014014657368500993,0.24492130121517192,0.1542254537343979,-0.09069584748077403,0.2597650164403339,0.27943477034568787,0.01966975390535397
7be3e513a31f6570,2023-06-03,UFC Fight Night: Kara-France vs. Albazi,Alex Caceres,Daniel Pineda,2,red_dec,2023,0.20926752048582892,0.23041722178459167,0.021149701298762758,0.1429994723319831,0.12341371178627014,-0.019585760545712955,0.25235200999761725,0.29498592019081116,0.0426339101931939,0.09031545620967353,0.07102339714765549,-0.019292059062018044,0.1906659631093108,0.16370339691638947,-0.02696256619292134,0.11439957786558648,0.11645632982254028,0.0020567519569538034
84f60cb00b8d4187,2023-06-03,UFC Fight Night: Kara-France vs. Albazi,Daniel Santos,Johnny Munoz,2,red_dec,2023,0.3809749171793659,0.38972631096839905,0.008751393789033168,0.08571935636535732,0.07126311212778091,-0.01445624423757641,0.18634642688121159,0.2111716866493225,0.024825259768110924,0.06122811168954095,0.06799598783254623,0.006767876143005287,0.1428655939422622,0.083758644759655,-0.0591069491826072,0.1428655939422622,0.1760842502117157,0.0332186562694535
913d8a35095591d5,2023-06-03,UFC Fight Night: Kara-France vs. Albazi,Tim Elliott,Victor Altamirano,2,red_dec,2023,0.0568605898276542,0.051364947110414505,-0.005495642717239693,0.13121674575612507,0.10548074543476105,-0.025736000321364028,0.4160530962999088,0.4735168218612671,0.057463725561358314,0.081229414039506,0.07284724712371826,-0.008382166915787734,0.10661360592685162,0.06908585131168365,-0.03752775461516797,0.2080265481499544,0.22770437598228455,0.019677827832330158
99808befeece3a8a,2023-06-03,UFC Fight Night: Kara-France vs. Albazi,Philipe Lins,Maxim Grishin,2,red_dec,2023,0.1424559476999362,0.11429134756326675,-0.028164600136669438,0.08547356861996173,0.07828658819198608,-0.0071869804279756505,0.2442101960570335,0.27556759119033813,0.03135739513330463,0.1744358543264525,0.21528984606266022,0.04085399173620771,0.07770324419996522,0.04807061702013016,-0.029632627179835058,0.2757211890966507,0.26849398016929626,-0.007227208927354456
a122968e96068800,2023-06-03,UFC Fight Night: Kara-France vs. Albazi,Abubakar Nurmagomedov,Elizeu Zaleski dos Santos,5,blue_dec,2023,0.07005228041283637,0.07976679503917694,0.00971451462634057,0.05658068802575247,0.045273203402757645,-0.011307484622994822,0.3129995507807583,0.3710094094276428,0.058009858646884516,0.32691064192656977,0.33684903383255005,0.009938391905980282,0.07355489443347821,0.04494453966617584,-0.028610354767302365,0.15990194442060476,0.1221570372581482,-0.03774490716245657
ad7bd4b3ee923498,2023-06-03,UFC Fight Night: Kara-France vs. Albazi,Jamie Mullarkey,Muhammad Naimov,3,blue_ko_tko,2023,0.4233619922917285,0.4465219974517822,0.02316000516005373,0.10584049807293212,0.07373218983411789,-0.032108308238814234,0.24903646605395796,0.2852424383163452,0.036205972262387254,0.08064037948413876,0.08417274802923203,0.00353236854509327,0.06048028461310407,0.033042896538972855,-0.027437388074131215,0.08064037948413876,0.07728767395019531,-0.0033527055339434425
c98f62eb74e69bcb,2023-06-03,UFC Fight Night: Kara-France vs. Albazi,John Castaneda,Muin Gafurov,2,red_dec,2023,0.15352671472899335,0.12061984837055206,-0.032906866358441283,0.10114701205674854,0.07147853821516037,-0.029668473841588175,0.3070534294579867,0.35358208417892456,0.04652865472093787,0.165336462015839,0.1822778284549713,0.016941366439132327,0.08188091452212977,0.04748889058828354,-0.03439202393384623,0.1910554672183028,0.22455276548862457,0.033497298270321774
d7ae0993c7a378ee,2023-06-03,UFC Fight Night: Kara-France vs. Albazi,Kai Kara-France,Amir Albazi,5,blue_dec,2023,0.17616123934613095,0.15804779529571533,-0.018113444050415622,0.053949379549752596,0.041333336383104324,-0.012616043166648272,0.269746897748763,0.3113378584384918,0.04159096068972884,0.11509200970613888,0.10514545440673828,-0.009946555299400597,0.21579751819901039,0.16793084144592285,-0.047866676753087534,0.16925295545020425,0.21620473265647888,0.046951777206274636
dfc62aa72446e4a8,2023-06-03,UFC Fight Night: Kara-France vs. Albazi,Elise Reed,Jinh Yu Frey,2,red_dec,2023,0.16897630755476087,0.18583016097545624,0.01685385342069537,0.06034868126955744,0.044976431876420975,-0.015372249393136465,0.3129190880643719,0.38400304317474365,0.07108395511037174,0.06034868126955744,0.06918003410100937,0.008831352831451929,0.08448815377738043,0.052867282181978226,-0.03162087159540221,0.3129190880643719,0.26314306259155273,-0.049776025472819174
e2f4cd4a9a579488,2023-06-03,UFC Fight Night: Kara-France vs. Albazi,Jim Miller,Jesse Butler,0,red_ko_tko,2023,0.21431144194981389,0.21853022277355194,0.004218780823738055,0.2521311081762516,0.17550739645957947,-0.07662371171667215,0.20410613519029894,0.27486199140548706,0.07075585621518812,0.08572457677992557,0.09190871566534042,0.006184138885414858,0.14287429463320925,0.12009716033935547,-0.02277713429385378,0.10085244327050065,0.11909452080726624,0.018242077536765586
46c67efd68a0b15d,2023-06-10,UFC 289: Nunes vs. Aldana,Dan Ige,Nate Landwehr,2,red_dec,2023,0.3440585689165427,0.34561389684677124,0.001555327930228556,0.09054172866224806,0.09933046996593475,0.00878874130368669,0.23892956174759908,0.2591986358165741,0.020269074068975018,0.1011936967401596,0.0740259662270546,-0.027167730513105004,0.0819187068848911,0.06828689575195312,-0.013631811132937974,0.14335773704855942,0.15354414284229279,0.010186405793733366
47a5d4bb68352055,2023-06-10,UFC 289: Nunes vs. Aldana,Miranda Maverick,Jasmine Jasudavicius,5,blue_dec,2023,0.08687214519420779,0.09406445175409317,0.007192306559885384,0.16706181768116882,0.1324654519557953,-0.03459636572537353,0.4550445700648979,0.5360909104347229,0.081046340369825,0.04136768818771799,0.03793817386031151,-0.0034295143274064785,0.03777049791052512,0.030334347859025,-0.007436150051500119,0.2118832809614824,0.16910667717456818,-0.042776603786914225
5311298f79414125,2023-06-10,UFC 289: Nunes vs. Aldana,Marc-Andre Barriault,Eryk Anders,2,red_dec,2023,0.20590497603692087,0.20368348062038422,-0.0022214954165366563,0.061771492811076266,0.04304895177483559,-0.01872254103624068,0.2982072066741613,0.3483264446258545,0.05011923795169321,0.18016685403230578,0.16083672642707825,-0.019330127605227537,0.04804449440861487,0.031184721738100052,-0.01685977267051482,0.20590497603692087,0.2129196673631668,0.0070146913262459365
69bc7ca8ce831731,2023-06-10,UFC 289: Nunes vs. Aldana,Amanda Nunes,Irene Aldana,2,red_dec,2023,0.34707953251580315,0.3442656993865967,-0.0028138331292064667,0.16352785666609956,0.11464524269104004,-0.048882613975059525,0.20246306063421848,0.271771103143692,0.06930804250947353,0.12147783638053108,0.12025390565395355,-0.0012239307265775323,0.06541114266643983,0.036713503301143646,-0.02869763936529618,0.10004057113690797,0.11235053092241287,0.012309959785504906
7ee8b91d7f80f8a7,2023-06-10,UFC 289: Nunes vs. Aldana,Kyle Nelson,Blake Bilder,2,red_dec,2023,0.14016990291262138,0.11717262119054794,-0.022997281722073437,0.060072815533980584,0.04284565895795822,-0.017227156576022362,0.12014563106796117,0.1385289579629898,0.01838332689502864,0.14016990291262138,0.18703436851501465,0.04686446560239327,0.30582524271844663,0.20873430371284485,-0.09709093900560178,0.23361650485436897,0.30568408966064453,0.07206758480627556
e24b65cd8721349a,2023-06-10,UFC 289: Nunes vs. Aldana,Aiemann Zahabi,Aoriqileng,0,red_ko_tko,2023,0.13213606868978173,0.10075827687978745,-0.03137779180999428,0.06606803434489086,0.05387699976563454,-0.012191034579256327,0.26840138952611914,0.3095841109752655,0.041182721449146364,0.17893425968407944,0.1478220373392105,-0.031112222344868934,0.047715802582421175,0.03591573238372803,-0.011800070198693148,0.3067444451727076,0.35204288363456726,0.04529843846185966
e9d5ffcacf7d8757,2023-06-10,UFC 289: Nunes vs. Aldana,Mike Malott,Adam Fugitt,1,red_sub,2023,0.2735950692756746,0.2580758035182953,-0.01551926575737933,0.2735950692756746,0.24518926441669464,-0.028405804858979977,0.1304838022699371,0.17005059123039246,0.039566788960455346,0.1304838022699371,0.12622961401939392,-0.004254188250543189,0.07067872622954927,0.05200422182679176,-0.018674504402757502,0.12116353067922732,0.14845049381256104,0.027286963133333716
175d9e1ac0725145,2023-06-17,UFC Fight Night: Vettori vs. Cannonier,Marvin Vettori,Jared Cannonier,5,blue_dec,2023,0.07223230768052331,0.07389994710683823,0.0016676394263149125,0.08667876921662798,0.07586216926574707,-0.010816599950880912,0.37686421398533904,0.452210932970047,0.07534671898470796,0.211411632235678,0.18671542406082153,-0.02469620817485646,0.03611615384026166,0.014838243834674358,-0.0212779100055873,0.21669692304156996,0.19647325575351715,-0.020223667288052805
5d9b84493f1ed114,2023-06-17,UFC Fight Night: Vettori vs. Cannonier,Armen Petrosyan,Christian Leroy Duncan,2,red_dec,2023,0.13271056310853485,0.14773742854595184,0.015026865437416992,0.03750515913936854,0.02646566741168499,-0.01103949172768355,0.25371137064866955,0.22752618789672852,-0.02618518275194104,0.2782640839372505,0.2801234722137451,0.0018593882764946223,0.08215415811480728,0.06274028867483139,-0.01941386943997589,0.21565466505136913,0.2554069757461548,0.03975231069478566
6c2199524d762b11,2023-06-17,UFC Fight Night: Vettori vs. Cannonier,Arman Tsarukyan,Joaquim Silva,0,red_ko_tko,2023,0.48048792049171263,0.5716443061828613,0.0911563856911487,0.20113447834536807,0.17062774300575256,-0.03050673533961551,0.18018297018439225,0.17723962664604187,-0.002943343538350379,0.05087519158147545,0.02690897136926651,-0.02396622021220894,0.03326454834173395,0.015391603112220764,-0.017872945229513187,0.05405489105531767,0.03818776458501816,-0.01586712647029951
76fd6919d828d5c2,2023-06-17,UFC Fight Night: Vettori vs. Cannonier,Pat Sabatini,Lucas Almeida,1,red_sub,2023,0.0857781636936709,0.09340669959783554,0.007628535904164638,0.2522887167460909,0.17688824236392975,-0.07540047438216113,0.28592721231223633,0.3498730957508087,0.06394588343857238,0.2092150333991973,0.21671485900878906,0.007499825609591754,0.07148180307805908,0.050439365208148956,-0.021042437869910127,0.09530907077074544,0.11267773061990738,0.017368659849161944
8794031c523bf534,2023-06-17,UFC Fight Night: Vettori vs. Cannonier,Zac Pauga,Modestas Bukauskas,5,blue_dec,2023,0.12305858635698876,0.12235229462385178,-0.0007062917331369795,0.03745261323908353,0.034057218581438065,-0.003395394657645469,0.21535252612473033,0.2810831069946289,0.06573058086989858,0.23281354175646524,0.2360071986913681,0.0031936569349028665,0.06626231573068626,0.04568418115377426,-0.020578134576912002,0.3250604167920458,0.280815988779068,-0.04424442801297779
8ea12c7360fa0f6b,2023-06-17,UFC Fight Night: Vettori vs. Cannonier,Carlos Hernandez,Denys Bondar,2,red_dec,2023,0.08579622088074691,0.06954292953014374,-0.016253291350603175,0.12256602982963845,0.125568687915802,0.003002658086163554,0.23832283577985255,0.278682678937912,0.04035984315805943,0.13199418597037987,0.07643676549196243,-0.05555742047841744,0.15320753728704806,0.10131143033504486,-0.051896106952003196,0.2681131902523341,0.3484574854373932,0.08034429518505909
98458778348ea5d7,2023-06-17,UFC Fight Night: Vettori vs. Cannonier,Manuel Torres,Nikolas Motta,0,red_ko_tko,2023,0.3382356968750856,0.33770304918289185,-0.000532647692193744,0.13269246569714896,0.135623961687088,0.0029314959899390536,0.14375017117191136,0.16615495085716248,0.02240477968525112,0.2536767726563142,0.2439766824245453,-0.009700090231768932,0.04539479089639306,0.027460234239697456,-0.017934556656695605,0.08625010270314683,0.08908114582300186,0.002831043119855034
9cfb84817a43b63c,2023-06-17,UFC Fight Night: Vettori vs. Cannonier,Tereza Bleda,Gabriella Fernandes,2,red_dec,2023,0.15364596687349366,0.1304045468568802,-0.023241420016613473,0.14340290241526074,0.1635599583387375,0.020157055923476747,0.36613506999641043,0.408810555934906,0.04267548593849557,0.10122557817547818,0.11943595111370087,0.018210372938222683,0.08194451566586329,0.04380008578300476,-0.03814442988285853,0.15364596687349366,0.1339888721704483,-0.019657094703045358
bc1be168c064f028,2023-06-17,UFC Fight Night: Vettori vs. Cannonier,Jimmy Flick,Alessandro Costa,3,blue_ko_tko,2023,0.048092122376293095,0.035976968705654144,-0.01211515367063895,0.18818656582027735,0.1802774965763092,-0.007909069243968142,0.09112191608139744,0.11549387872219086,0.024371962640793415,0.38473697901034476,0.37013959884643555,-0.014597380163909213,0.09112191608139744,0.06300842016935349,-0.028113495912043956,0.19674050063028994,0.23510360717773438,0.03836310654744443
07cb64236ae7aaea,2023-06-24,UFC Fight Night: Emmett vs. Topuria,Amanda Ribas,Maycee Barber,3,blue_ko_tko,2023,0.08997887608803128,0.07849854975938797,-0.011480326328643306,0.14246655380604953,0.1215287446975708,-0.020937809108478728,0.40704729658871297,0.471939355134964,0.06489205854625102,0.1554180586975086,0.16108325123786926,0.0056651925403606584,0.04070472965887129,0.025479136034846306,-0.015225593624024987,0.1643844851608264,0.14147092401981354,-0.022913561141012867
42922bab8a3e1828,2023-06-24,UFC Fight Night: Emmett vs. Topuria,Randy Brown,Wellington Turman,2,red_dec,2023,0.28710785943908657,0.25041627883911133,-0.03669158059997524,0.14116136422421754,0.13294263184070587,-0.008218732383511673,0.22891032036359604,0.2912655174732208,0.06235519710962478,0.08066363669955288,0.07117325067520142,-0.009490386024351469,0.12099545504932933,0.08174444735050201,-0.03925100769882732,0.14116136422421754,0.17245788872241974,0.031296524498202194
582806c33ce6dcf6,2023-06-24,UFC Fight Night: Emmett vs. Topuria,David Onama,Gabriel Santos,0,red_ko_tko,2023,0.15489636341069876,0.12376344203948975,-0.031132921371209016,0.07099416656323693,0.06786470860242844,-0.0031294579608084905,0.13106615365520666,0.16839608550071716,0.037329931845510506,0.1638326920690083,0.12267190217971802,-0.041160789889290283,0.2129824996897108,0.14944958686828613,-0.06353291282142468,0.2662281246121385,0.3678542673587799,0.10162614274664139
7b909acede0a26eb,2023-06-24,UFC Fight Night: Emmett vs. Topuria,Cody Brundage,Sedriques Dumas,5,blue_dec,2023,0.16304347826086954,0.13964968919754028,-0.023393789063329257,0.30279503105590055,0.2636469304561615,-0.039148100599739055,0.12111801242236021,0.16313154995441437,0.042013537532054154,0.20186335403726702,0.244607076048851,0.042743722011583996,0.13043478260869562,0.09804800897836685,-0.03238677363032877,0.0807453416149068,0.09091676026582718,0.010171418650920375
8b296724a6844865,2023-06-24,UFC Fight Night: Emmett vs. Topuria,Mateusz Rebecki,Loik Radzhabov,0,red_ko_tko,2023,0.17731655499264587,0.16534191370010376,-0.01197464129254211,0.08105899656806667,0.05759165808558464,-0.02346733848248203,0.27455466579506455,0.3125945031642914,0.03803983736922684,0.12158849485210001,0.11143425107002258,-0.010154243782077424,0.07092662199705833,0.04658277705311775,-0.024343844943940582,0.27455466579506455,0.30645492672920227,0.031900260934137725
9124740fe7816d70,2023-06-24,UFC Fight Night: Emmett vs. Topuria,Brendan Allen,Bruno Silva,1,red_sub,2023,0.14114843739755462,0.18512018024921417,0.04397174285165956,0.313663194216788,0.27530717849731445,-0.03835601571947356,0.17643554674694328,0.1914769858121872,0.015041439065243911,0.20164062485364942,0.2185499221086502,0.016909297255000788,0.036821331495014244,0.01982359029352665,-0.016997741201487594,0.1302908652900504,0.10972211509943008,-0.020568750190620322
c22de92b9d9030dc,2023-06-24,UFC Fight Night: Emmett vs. Topuria,Tabatha Ricci,Gillian Robertson,2,red_dec,2023,0.06571537139097536,0.06296221166849136,-0.0027531597224839943,0.11390664374435729,0.08613843470811844,-0.027768209036238847,0.37143470786203464,0.451260507106781,0.07982579924474636,0.0711916523402233,0.07959865778684616,0.008407005446622859,0.17434690369034278,0.14487144351005554,-0.02947546018028724,0.20340472097206658,0.17516879737377167,-0.02823592359829491
c3ef3cb03edde8bb,2023-06-24,UFC Fight Night: Emmett vs. Topuria,Josh Emmett,Ilia Topuria,5,blue_dec,2023,0.15140545642526726,0.1529458463191986,0.0015403898939313487,0.03196337413422309,0.030712764710187912,-0.0012506094240351748,0.08630111016240236,0.10778362303972244,0.021482512877320087,0.31382221877237215,0.29411545395851135,-0.0197067648138608,0.3256645666505749,0.2854381203651428,-0.040226446285432094,0.09084327385516036,0.12900422513484955,0.03816095127968919
ced01368259428f5,2023-06-24,UFC Fight Night: Emmett vs. Topuria,Neil Magny,Phil Rowe,2,red_dec,2023,0.10640927404404676,0.09494443237781525,-0.011464841666231518,0.0709395160293645,0.05175066739320755,-0.019188848636156955,0.41525570358652397,0.4709915816783905,0.05573587809186653,0.15201324863435253,0.1401263028383255,-0.011886945796027032,0.11350322564698322,0.08731339871883392,-0.026189826928149293,0.141879032058729,0.15487360954284668,0.01299457748411767
f18d44292036d5de,2023-06-24,UFC Fight Night: Emmett vs. Topuria,Trevor Peek,Chepe Mariscal,5,blue_dec,2023,0.4005627816457058,0.3894275426864624,-0.011135238959243399,0.06624692157986674,0.06775461882352829,0.0015076972436615516,0.10765124756728343,0.1250525712966919,0.01740132372940846,0.25329705309949047,0.2865276038646698,0.033230550765179334,0.08612099805382675,0.04676639288663864,-0.03935460516718811,0.08612099805382675,0.08447127789258957,-0.0016497201612371837
fcc1191761e365f9,2023-06-24,UFC Fight Night: Emmett vs. Topuria,Jamall Emmers,Jack Jenkins,5,blue_dec,2023,0.1791250191891108,0.13761021196842194,-0.04151480722068887,0.10747501151346647,0.08738576620817184,-0.02008924530529463,0.36587237962031144,0.46443971991539,0.09856734029507858,0.08598000921077319,0.06070861220359802,-0.025271397007175164,0.06613846862367168,0.053373876959085464,-0.012764591664586211,0.19540911184266632,0.1964818388223648,0.001072726979698485
0548a24a9bf8d7a0,2023-07-01,UFC Fight Night: Strickland vs. Magomedov,Max Griffin,Michael Morales,5,blue_dec,2023,0.12332580525328386,0.12249552458524704,-0.000830280668036823,0.045435822988051947,0.02912409044802189,-0.016311732540030058,0.15986678458759018,0.1762591302394867,0.01639234565189651,0.29768297819758177,0.29206740856170654,-0.005615569635875228,0.05395503979831169,0.042580608278512955,-0.011374431519798736,0.31973356917518037,0.3374733030796051,0.017739733904424737
4dc5a41f357a7d85,2023-07-01,UFC Fight Night: Strickland vs. Magomedov,Damir Ismagulov,Grant Dawson,5,blue_dec,2023,0.12251126350540635,0.1049564778804779,-0.017554785624928446,0.03176217942732757,0.02663240022957325,-0.005129779197754321,0.3573245185574352,0.3966880738735199,0.03936355531608471,0.07796171313980405,0.0653175413608551,-0.012644171778948943,0.1786622592787176,0.12654536962509155,-0.05211688965362604,0.23177806609130933,0.27986013889312744,0.048082072801818115
f557405652165aa3,2023-07-01,UFC Fight Night: Strickland vs. Magomedov,Sean Strickland,Abus Magomedov,0,red_ko_tko,2023,0.22316082522962713,0.2219802588224411,-0.001180566407186029,0.04857029725586002,0.02923331968486309,-0.01933697757099693,0.2847224321895243,0.28643572330474854,0.0017132911152242247,0.2064237633374051,0.22580716013908386,0.019383396801678776,0.11009267377994938,0.07858947664499283,-0.031503197134956556,0.1270300082076339,0.15795406699180603,0.03092405878417212
420f7e6530dbc727,2023-07-08,UFC 290: Volkanovski vs. Rodriguez,Shannon Ross,Jesus Aguilar,3,blue_ko_tko,2023,0.21196485845767674,0.17789191007614136,-0.03407294838153538,0.04350857620973365,0.0442650131881237,0.0007564369783900557,0.15897364384325757,0.18255262076854706,0.023578976925289485,0.10333286849811742,0.12220630049705505,0.018873431998937637,0.27555431599497976,0.26182201504707336,-0.013732300947906395,0.20666573699623483,0.21126216650009155,0.004596429503856719
5b71958ee063a6e8,2023-07-08,UFC 290: Volkanovski vs. Rodriguez,Kamuela Kirk,Esteban Ribovics,5,blue_dec,2023,0.09880096525913097,0.080842986702919,-0.017957978556211965,0.1526924008550206,0.16939252614974976,0.016700125294729168,0.14996575083975236,0.18250618875026703,0.03254043791051467,0.3573651934904737,0.3358900547027588,-0.021475138787714898,0.11197442729368176,0.09891334176063538,-0.013061085533046385,0.1292012622619405,0.13245493173599243,0.0032536694740519234
69f67a4a690eb15d,2023-07-08,UFC 290: Volkanovski vs. Rodriguez,Vitor Petrino,Marcin Prachnio,1,red_sub,2023,0.48574480946822957,0.5403635501861572,0.05461874071792766,0.07161622190877744,0.07546012848615646,0.0038439065773790276,0.12277066612933274,0.1308419555425644,0.008071289413231653,0.16526820440487103,0.14249709248542786,-0.02277111191944317,0.03182943195945664,0.013206609524786472,-0.018622822434670165,0.12277066612933274,0.09763064235448837,-0.025140023774844367
3352c65f3f6d9b2a,2023-07-15,UFC Fight Night: Holm vs. Bueno Silva,Jack Della Maddalena,Bassil Hafez,2,red_dec,2023,0.5927984838913455,0.6086195111274719,0.01582102723612644,0.10006317119393555,0.10450591146945953,0.004442740275523979,0.09450410612760579,0.11595796048641205,0.021453854358806257,0.07087807959570434,0.07576620578765869,0.004888126191954348,0.08100351953794782,0.04302045330405235,-0.03798306623389547,0.060752639653460866,0.052129972726106644,-0.008622666927354222
3624f4ae9c1d703e,2023-07-15,UFC Fight Night: Holm vs. Bueno Silva,Evan Elder,Genaro Valdez,2,red_dec,2023,0.36315330018597947,0.38848939538002014,0.025336095194040675,0.1523946884709021,0.16135668754577637,0.008961999074874272,0.1855239685732721,0.21365569531917572,0.028131726745903612,0.1312938854518541,0.12108750641345978,-0.010206379038394331,0.06095787538836083,0.02883506380021572,-0.03212281158814511,0.10667628192963147,0.08657565712928772,-0.020100624800343747
57785c9be5b4526d,2023-07-15,UFC Fight Night: Holm vs. Bueno Silva,Alexander Munoz,Carl Deaton,2,red_dec,2023,0.11859136597006291,0.11889711022377014,0.00030574425370723246,0.11068527490539205,0.11043272167444229,-0.0002525532309497619,0.395304553233543,0.44222819805145264,0.046923644817909616,0.06917829681587004,0.06193786486983299,-0.007240431946037046,0.10376744522380506,0.05987747013568878,-0.043889975088116276,0.20247306385132693,0.20662663877010345,0.00415357491877652
6adfe44b110c1510,2023-07-15,UFC Fight Night: Holm vs. Bueno Silva,Albert Duraev,JunYong Park,4,blue_sub,2023,0.08123924268502582,0.08053705841302872,-0.0007021842719971,0.14216867469879518,0.14706198871135712,0.0048933140125619334,0.20309810671256454,0.24147829413414001,0.03838018742157548,0.14216867469879518,0.13297346234321594,-0.009195212355579241,0.14216867469879518,0.09396161139011383,-0.04820706330868135,0.2891566265060241,0.30398762226104736,0.01483099575502328
81b7a6aa147bd912,2023-07-15,UFC Fight Night: Holm vs. Bueno Silva,Norma Dumont,Chelsea Chandler,2,red_dec,2023,0.08185200496072757,0.08089922368526459,-0.0009527812754629855,0.08185200496072757,0.06186395883560181,-0.019988046125125766,0.3906572964034725,0.42531707882881165,0.034659782425339125,0.15915667631252584,0.18197406828403473,0.022817391971508894,0.07162050434063663,0.04497327283024788,-0.026647231510388752,0.2148615130219099,0.20497237145900726,-0.009889141562902631
8362b372adb2f302,2023-07-15,UFC Fight Night: Holm vs. Bueno Silva,Tucker Lutz,Melsik Baghdasaryan,5,blue_dec,2023,0.10674157303370786,0.09623921662569046,-0.010502356408017402,0.0898876404494382,0.07963085919618607,-0.010256781253252134,0.2247191011235955,0.2502143681049347,0.025495266981339193,0.26685393258426965,0.2863505780696869,0.01949664548541724,0.0449438202247191,0.02305494248867035,-0.02188887773604875,0.26685393258426965,0.26451006531715393,-0.002343867267115718
b4cc389bb4af3707,2023-07-15,UFC Fight Night: Holm vs. Bueno Silva,Austin Lingo,Melquizael Costa,5,blue_dec,2023,0.12265926294736665,0.1012197807431221,-0.021439482204244548,0.04519025477008245,0.03939787298440933,-0.005792381785673116,0.16835585110422874,0.19675277173519135,0.028396920630962608,0.1908032979181259,0.1815015971660614,-0.00930170075206449,0.17172296812631332,0.11414986103773117,-0.057573107088582154,0.301268365133883,0.36697807908058167,0.06570971394669867
b52dccbe69864d2a,2023-07-15,UFC Fight Night: Holm vs. Bueno Silva,Ottman Azaitar,Francisco Prado,3,blue_ko_tko,2023,0.32396195488807095,0.223149374127388,-0.10081258076068295,0.05049995179137576,0.04028728976845741,-0.010212662022918345,0.10731239755667349,0.12153062969446182,0.014218232137788334,0.2524997589568788,0.35559675097465515,0.10309699201777633,0.1430831967422313,0.12957288324832916,-0.013510313493902137,0.1226427400647697,0.12986303865909576,0.007220298594326061
cae7de0873e03947,2023-07-15,UFC Fight Night: Holm vs. Bueno Silva,Ashlee Evans-Smith,Ailin Perez,5,blue_dec,2023,0.06669110289965624,0.05899221450090408,-0.007698888398752157,0.03940837898616051,0.038375817239284515,-0.001032561746875993,0.21674608442388277,0.24467553198337555,0.02792944755949278,0.19266318615456246,0.18644990026950836,-0.006213285885054098,0.14449738961592185,0.12143278867006302,-0.023064600945858826,0.3399938579198161,0.3500737249851227,0.010079867065306558
dae80502466c8726,2023-07-15,UFC Fight Night: Holm vs. Bueno Silva,Tyson Nam,Azat Maksum,5,blue_dec,2023,0.10115338831585025,0.08590201288461685,-0.015251375431233394,0.028660126689490906,0.01904645562171936,-0.009613671067771546,0.12282911438353245,0.13467738032341003,0.01184826593987759,0.26054660626809917,0.2799121141433716,0.019365507875272414,0.2262641580749282,0.16340279579162598,-0.06286136228330222,0.26054660626809917,0.3170592784881592,0.05651267222006001
e4620f3fa451a3a4,2023-07-15,UFC Fight Night: Holm vs. Bueno Silva,Nazim Sadykhov,Terrance McKinney,1,red_sub,2023,0.39535197073368533,0.408922404050827,0.013570433317141695,0.07727333973431122,0.07266133278608322,-0.004612006948227998,0.08947439337657088,0.09158214926719666,0.0021077558906257704,0.2361129825215065,0.23725663125514984,0.0011436487336433376,0.15178691733525418,0.13868354260921478,-0.013103374726039396,0.050000396298671965,0.050893884152173996,0.0008934878535020313
eb30c9c975e15436,2023-07-15,UFC Fight Night: Holm vs. Bueno Silva,Viktoriia Dudakova,Istela Nunes,0,red_ko_tko,2023,0.09029527096376049,0.0874440148472786,-0.00285125611648189,0.2599409315623408,0.24643617868423462,-0.013504752878106208,0.27671131424378215,0.3266085684299469,0.04989725418616475,0.13197001140857303,0.14126476645469666,0.00929475504612362,0.05045912200916027,0.042433109134435654,-0.008026012874724618,0.19062334981238324,0.15581336617469788,-0.034809983637685366
319b96f615a0a154,2023-07-22,UFC Fight Night: Aspinall vs. Tybura,Marc Diakiese,Joel Alvarez,4,blue_sub,2023,0.14629234778488512,0.1684855818748474,0.022193234089962294,0.04234778488509832,0.0368805006146431,-0.0054672842704552235,0.16092158256337363,0.20410247147083282,0.04318088890745919,0.16092158256337363,0.14040111005306244,-0.020520472510311194,0.3657308694622128,0.33700305223464966,-0.028727817227563124,0.12378583274105665,0.11312729120254517,-0.010658541538511479
3c4305abc2e302d0,2023-07-22,UFC Fight Night: Aspinall vs. Tybura,Lerone Murphy,Josh Culibao,2,red_dec,2023,0.17059424814211127,0.15741027891635895,-0.013183969225752323,0.04309749426748074,0.04241606593132019,-0.0006814283361605486,0.34118849628422254,0.3827964663505554,0.04160797006633288,0.16377047821642682,0.17064492404460907,0.006874445828182252,0.06298864546785647,0.04543944448232651,-0.017549200985529964,0.21836063762190241,0.20129276812076569,-0.01706786950113673
743a04674ab72ee0,2023-07-22,UFC Fight Night: Aspinall vs. Tybura,Molly McCann,Julija Stoliarenko,4,blue_sub,2023,0.34027920344898377,0.33524852991104126,-0.005030673537942509,0.06282077602135085,0.04562018811702728,-0.017200587904323564,0.2512831040854034,0.29609814286231995,0.04481503877691656,0.06805584068979675,0.05787172541022301,-0.010184115279573747,0.181482241839458,0.1758883148431778,-0.005593926996280196,0.09607883391500718,0.0892731323838234,-0.006805701531183789
8104fe27bdc46914,2023-07-22,UFC Fight Night: Aspinall vs. Tybura,Paul Craig,Andre Muniz,0,red_ko_tko,2023,0.06636083591050214,0.06317141652107239,-0.0031894193894297512,0.17696222909467238,0.12475407123565674,-0.05220815785901564,0.09368588599129715,0.11456069350242615,0.020874807511128995,0.15926600618520514,0.15686725080013275,-0.002398755385072393,0.3185320123704103,0.28622856736183167,-0.032303445008578624,0.18519303044791297,0.2544180154800415,0.06922498503212854
89b96bc5f3e824c5,2023-07-22,UFC Fight Night: Aspinall vs. Tybura,Mick Parkin,Jamal Pogues,2,red_dec,2023,0.17271484968114184,0.14391407370567322,-0.028800775975468623,0.12754327361068934,0.1355249583721161,0.007981684761426744,0.1036289098086851,0.12788216769695282,0.024253257888267724,0.23686607956270878,0.1640843003988266,-0.07278177916388218,0.08290312784694807,0.06812554597854614,-0.014777581868401932,0.2763437594898269,0.36046895384788513,0.08412519435805821
8b341eb556c97c23,2023-07-22,UFC Fight Night: Aspinall vs. Tybura,Makhmud Muradov,Bryan Barberena,2,red_dec,2023,0.3562108267181672,0.3481956124305725,-0.008015214287594663,0.08192849014517846,0.07181711494922638,-0.01011137519595208,0.30916411375539044,0.3612115979194641,0.052047484164073676,0.12604383099258223,0.126156747341156,0.00011291634857377164,0.03562108267181672,0.020677562803030014,-0.014943519868786705,0.09103165571686495,0.07194136083126068,-0.019090294885604264
90e46589a18064bc,2023-07-22,UFC Fight Night: Aspinall vs. Tybura,Tom Aspinall,Marcin Tybura,0,red_ko_tko,2023,0.5055826799004064,0.500709593296051,-0.00487308660435537,0.21653238007855788,0.20851391553878784,-0.008018464539770037,0.06246126348419939,0.08345430344343185,0.020993039959232462,0.12492252696839878,0.14449022710323334,0.019567700134834554,0.04776449560556424,0.024355962872505188,-0.023408532733059054,0.04273665396287327,0.03847595304250717,-0.004260700920366095
9541cf21e031354c,2023-07-22,UFC Fight Night: Aspinall vs. Tybura,Nathaniel Wood,Andre Fili,2,red_dec,2023,0.15075597107588928,0.17375122010707855,0.02299524903118927,0.10364473011467389,0.07607544213533401,-0.02756928797933987,0.3948370671035195,0.4529811143875122,0.058144047283992695,0.11845112013105585,0.10938579589128494,-0.009065324239770911,0.03948370671035195,0.026162436231970787,-0.013321270478381164,0.19282740486450956,0.16164401173591614,-0.031183393128593417
a0bc695b35f155f1,2023-07-22,UFC Fight Night: Aspinall vs. Tybura,Ketlen Vieira,Pannie Kianzad,2,red_dec,2023,0.06952334833707582,0.07040919363498688,0.0008858452979110532,0.12835079692998616,0.10944905132055283,-0.018901745609433335,0.37921826365677724,0.4410749673843384,0.061856703727561135,0.06417539846499308,0.05850530043244362,-0.0056700980325494615,0.04390948316025842,0.022155022248625755,-0.02175446091163266,0.3148227094509094,0.2984064519405365,-0.0164162575103729
b4e2037f180c1e0e,2023-07-22,UFC Fight Night: Aspinall vs. Tybura,Davey Grant,Daniel Marcos,5,blue_dec,2023,0.16159778858427415,0.15359002351760864,-0.008007765066665506,0.10099861786517132,0.07024427503347397,-0.030754342831697354,0.1879044053305513,0.21099355816841125,0.02308915283785995,0.23764380674157962,0.256616473197937,0.018972666456357395,0.04252573383796687,0.040931206196546555,-0.001594527641420318,0.26932964764045686,0.26762446761131287,-0.0017051800291439934
c4caa8a4f32a0eed,2023-07-22,UFC Fight Night: Aspinall vs. Tybura,Jai Herbert,Fares Ziam,5,blue_dec,2023,0.14742899898850406,0.12899108231067657,-0.018437916677827487,0.042676815496672224,0.036486200988292694,-0.00619061450837953,0.20271487360919307,0.2400224208831787,0.037307547273985636,0.2162291985164726,0.21311171352863312,-0.0031174849878394806,0.10135743680459654,0.07663316279649734,-0.024724274008099192,0.2895926765845615,0.30475538969039917,0.015162713105837666
c81d1facf185467d,2023-07-22,UFC Fight Night: Aspinall vs. Tybura,Shauna Bannon,Bruna Brasil,5,blue_dec,2023,0.06822090579017771,0.052392344921827316,-0.015828560868350397,0.04815593349894897,0.046072594821453094,-0.002083338677495876,0.2923753105293331,0.31555214524269104,0.023176834713357963,0.18192241544047388,0.18159325420856476,-0.0003291612319091253,0.08186508694821326,0.07187798619270325,-0.009987100755510014,0.32746034779285305,0.33251169323921204,0.00505134544635899
d54ebd2a3435a357,2023-07-22,UFC Fight Night: Aspinall vs. Tybura,Danny Roberts,Jonny Parsons,3,blue_ko_tko,2023,0.2503793626707132,0.21377338469028473,-0.03660597798042847,0.07397572078907434,0.04700189456343651,-0.026973826225637834,0.2169954476479514,0.2431686967611313,0.02617324911317989,0.29590288315629737,0.33787310123443604,0.041970218078138666,0.05424886191198785,0.03811759501695633,-0.01613126689503152,0.1084977238239757,0.1200653612613678,0.0115676374373921
d918da575ee1bc35,2023-07-22,UFC Fight Night: Aspinall vs. Tybura,Jafel Filho,Daniel Barez,1,red_sub,2023,0.1327433628318584,0.16296647489070892,0.030223112058850532,0.17699115044247787,0.15493127703666687,-0.022059873405811004,0.19911504424778761,0.2510392665863037,0.051924222338516096,0.1592920353982301,0.18224015831947327,0.02294812292124318,0.1327433628318584,0.07890238612890244,-0.053840976702955956,0.19911504424778761,0.169920414686203,-0.029194629561584612
4327fe98e1b6f222,2023-07-29,UFC 291: Poirier vs. Gaethje 2,Gabriel Bonfim,Trevin Giles,1,red_sub,2023,0.2514204097921634,0.21903611719608307,-0.03238429259608033,0.38910301515453855,0.4212518632411957,0.032148848086657134,0.1089488442432708,0.14520345628261566,0.036254612039344866,0.09079070353605899,0.06826688349246979,-0.0225238200435892,0.04300612272760689,0.02379956655204296,-0.01920655617556393,0.11673090454636156,0.12244216352701187,0.005711258980650308
7a8f218c07347c88,2023-07-29,UFC 291: Poirier vs. Gaethje 2,Jake Matthews,Darrius Flowers,1,red_sub,2023,0.21596387070584055,0.22167746722698212,0.005713596521141562,0.2892373268381793,0.19690433144569397,-0.09233299539248535,0.20246612878672554,0.26801982522010803,0.06555369643338249,0.16872177398893795,0.1857745349407196,0.017052760951781654,0.042624448165626425,0.034195803105831146,-0.008428645059795278,0.08098645151469022,0.09342800825834274,0.012441556743652521
c27e33ee8ef53866,2023-07-29,UFC 291: Poirier vs. Gaethje 2,Dustin Poirier,Justin Gaethje,3,blue_ko_tko,2023,0.296036579855777,0.2794068455696106,-0.01662973428616643,0.10854674594711823,0.11175215244293213,0.003205406495813898,0.18091124324519706,0.22197970747947693,0.04106846423427987,0.250492490647196,0.23258522152900696,-0.017907269118189018,0.03876669498111365,0.024642368778586388,-0.014124326202527265,0.125246245323598,0.12963373959064484,0.004387494267046849
cbf1e76186a0c8b3,2023-07-29,UFC 291: Poirier vs. Gaethje 2,Michael Chiesa,Kevin Holland,4,blue_sub,2023,0.0611522768444161,0.05461849644780159,-0.006533780396614508,0.17666213310609094,0.1365358680486679,-0.04012626505742303,0.18487897650637425,0.26162880659103394,0.07674983008465969,0.3312414995739205,0.3370915949344635,0.005850095360542984,0.1324965998295682,0.09745890647172928,-0.035037693357838934,0.11356851413962989,0.1126662939786911,-0.0009022201609387853
e5ac7343b6d45188,2023-07-29,UFC 291: Poirier vs. Gaethje 2,CJ Vergara,Vinicius Salvador,2,red_dec,2023,0.2940759008569451,0.2571772038936615,-0.03689869696328363,0.06333942479995741,0.045250579714775085,-0.018088845085182326,0.242180153646896,0.31008535623550415,0.06790520258860816,0.242180153646896,0.22483350336551666,-0.017346650281379328,0.048436030729379194,0.0456533282995224,-0.002782702429856794,0.10978833631992618,0.1170000433921814,0.0072117070722552135
eff6ec2b2f1fb27b,2023-07-29,UFC 291: Poirier vs. Gaethje 2,Derrick Lewis,Marcos Rogerio de Lima,0,red_ko_tko,2023,0.2517231045849566,0.23329409956932068,-0.018429005015635935,0.03146538807311958,0.026182344183325768,-0.005283043889793809,0.054540005993407255,0.07671599835157394,0.02217599235816669,0.4285286185196285,0.3902648389339447,-0.03826377958568378,0.11687144141444411,0.1047835424542427,-0.012087898960201404,0.11687144141444411,0.16875919699668884,0.05188775558224473
f1eca70738ca073e,2023-07-29,UFC 291: Poirier vs. Gaethje 2,Tony Ferguson,King Green,4,blue_sub,2023,0.06784045015201706,0.05815848708152771,-0.009681963070489352,0.0626219539864773,0.05143532529473305,-0.01118662869174425,0.1085447202432273,0.1360149085521698,0.027470188308942503,0.32563416072968193,0.30031418800354004,-0.025319972726141893,0.08140854018242048,0.06010165065526962,-0.02130688952715086,0.35395017470617596,0.3939754068851471,0.04002523217897114
2c0496a5f39ab8a4,2023-08-05,UFC Fight Night: Sandhagen vs. Font,Tanner Boser,Aleksa Camur,2,red_dec,2023,0.22045390330034667,0.1619783639907837,-0.05847553930956298,0.03936676844649047,0.036572691053152084,-0.0027940773933383886,0.3006189590459273,0.31876400113105774,0.01814504208513046,0.1837115860836222,0.22615398466587067,0.042442398582248464,0.06359247210586924,0.04695286601781845,-0.01663960608805079,0.19225631101774418,0.20957812666893005,0.017321815651185873
2c54be25b09fce50,2023-08-05,UFC Fight Night: Sandhagen vs. Font,Dustin Jacoby,Kennedy Nzechukwu,0,red_ko_tko,2023,0.1706448467376097,0.17721176147460938,0.006566914736999663,0.03561283758002289,0.03507719561457634,-0.0005356419654465525,0.20477381608513165,0.2584863603115082,0.05371254422637653,0.2730317547801755,0.22475068271160126,-0.04828107206857424,0.08190952643405267,0.06505430489778519,-0.01685522153626748,0.23402721838300758,0.23941969871520996,0.005392480332202382
531ce3d8011fa1f6,2023-08-05,UFC Fight Night: Sandhagen vs. Font,Ignacio Bahamondes,Ludovit Klein,5,blue_dec,2023,0.2160192416913477,0.1941177397966385,-0.021901501894709213,0.10125901954281924,0.10608524829149246,0.0048262287486732225,0.3522052853663278,0.40635424852371216,0.05414896315738438,0.11572459376322199,0.08362934738397598,-0.032095246379246004,0.06750601302854616,0.037348926067352295,-0.03015708696119386,0.14728584660773708,0.1724645048379898,0.025178658230252726
554163b1c8c05522,2023-08-05,UFC Fight Night: Sandhagen vs. Font,Cory Sandhagen,Rob Font,2,red_dec,2023,0.30721040901150537,0.3530290126800537,0.04581860366854834,0.11630108341149845,0.08320288360118866,-0.033098199810309786,0.32564303355219565,0.372607558965683,0.046964525413487335,0.0957773628094693,0.07476715743541718,-0.021010205374052127,0.038767027803832815,0.022538743913173676,-0.01622828389065914,0.11630108341149845,0.09385459870100021,-0.022446484710498232
79bfba62da6242a6,2023-08-05,UFC Fight Night: Sandhagen vs. Font,Diego Lopes,Gavin Tucker,1,red_sub,2023,0.18027387762177152,0.2033906877040863,0.02311681008231478,0.24960998439937598,0.33346009254455566,0.08385010814517968,0.1622464898595944,0.14053939282894135,-0.021707097030653044,0.10140405616224649,0.09264454245567322,-0.008759513706573269,0.09013693881088576,0.03815223276615143,-0.05198470604473433,0.21632865314612584,0.19181306660175323,-0.02451558654437261
bda7992779a005fa,2023-08-05,UFC Fight Night: Sandhagen vs. Font,Jeremiah Wells,Carlston Harris,4,blue_sub,2023,0.2653295635271249,0.26893630623817444,0.0036067427110495487,0.11371267008305354,0.11363625526428223,-7.641481877131151e-05,0.14472521646934086,0.17076581716537476,0.026040600696033894,0.17688637568474994,0.205887570977211,0.029001195292461063,0.17688637568474994,0.11757280677556992,-0.05931356890918002,0.12245979855098074,0.12320126593112946,0.0007414673801487137
e5cb9dfc1189d77d,2023-08-05,UFC Fight Night: Sandhagen vs. Font,Kyler Phillips,Raoni Barcelos,2,red_dec,2023,0.24036988094887973,0.2701572775840759,0.029787396635196195,0.10215719940327389,0.09478133916854858,-0.007375860234725307,0.3083990925381853,0.3738371431827545,0.0654380506445692,0.0961479523795519,0.08273959904909134,-0.01340835333046056,0.06286596886355317,0.02851974405348301,-0.03434622481007016,0.19005990586655608,0.14996486902236938,-0.04009503684418669
ec2358459ffbe7de,2023-08-05,UFC Fight Night: Sandhagen vs. Font,Jessica Andrade,Tatiana Suarez,4,blue_sub,2023,0.09915349153069207,0.1041797623038292,0.005026270773137123,0.06101753324965666,0.03940756246447563,-0.02160997078518103,0.07932279322455366,0.09662381559610367,0.017301022371550012,0.18447161215012478,0.1951715648174286,0.010699952667303808,0.3777275867835888,0.28589868545532227,-0.09182890132826654,0.19830698306138414,0.27871859073638916,0.08041160767500502
1b1fd32485861655,2023-08-12,UFC Fight Night: Luque vs. Dos Anjos,Cub Swanson,Hakeem Dawodu,2,red_dec,2023,0.1103000811030008,0.0841582864522934,-0.0261417946507074,0.048661800486618,0.031065162271261215,-0.017596638215356786,0.1654501216545012,0.18316017091274261,0.017710049258241406,0.3309002433090024,0.39143216609954834,0.06053192279054592,0.0689375506893755,0.055068086832761765,-0.013869463856613737,0.275750202757502,0.2551161050796509,-0.020634097677851126
2c160a1d1fdbf0b0,2023-08-12,UFC Fight Night: Luque vs. Dos Anjos,JP Buys,Marcus McGhee,3,blue_ko_tko,2023,0.06201397775371592,0.050582267343997955,-0.011431710409717966,0.11516881582832955,0.06683225184679031,-0.04833656398153924,0.08957574564425631,0.08303732424974442,-0.006538421394511898,0.4837090264789841,0.6362711191177368,0.1525620926387527,0.11516881582832955,0.057725198566913605,-0.05744361726141595,0.13436361846638448,0.1055518239736557,-0.028811794492728776
91a5480f48bfaa71,2023-08-12,UFC Fight Night: Luque vs. Dos Anjos,Da'Mon Blackshear,Jose Johnson,1,red_sub,2023,0.13278770669784534,0.14079858362674713,0.008010876928901789,0.300651411391348,0.3007342219352722,8.281054392422771e-05,0.2655754133956907,0.28860965371131897,0.023034240315628285,0.15934524803741443,0.15471749007701874,-0.00462775796039569,0.053115082679138136,0.029900746420025826,-0.02321433625911231,0.08852513779856355,0.08523934334516525,-0.0032857944533982997
9479ba3cdcb1e513,2023-08-12,UFC Fight Night: Luque vs. Dos Anjos,Francis Marshall,Isaac Dulgarian,3,blue_ko_tko,2023,0.13060212668797702,0.13769783079624176,0.007095704108264739,0.2798617000456651,0.2646336555480957,-0.01522804449756937,0.19590319003196557,0.24988582730293274,0.053982637270967165,0.14247504729597496,0.14678245782852173,0.004307410532546768,0.13060212668797702,0.062332604080438614,-0.06826952260753841,0.12055580925044035,0.13866764307022095,0.0181118338197806
9576d9cba5cf5c4e,2023-08-12,UFC Fight Night: Luque vs. Dos Anjos,Terrance McKinney,Mike Breeden,0,red_ko_tko,2023,0.3344938298563599,0.3126753866672516,-0.021818443189108305,0.30293780817179766,0.37040194869041443,0.06746414051861677,0.061752707050404906,0.08066687732934952,0.01891417027894461,0.18669423061750318,0.15858718752861023,-0.028107043088892947,0.04722265833266257,0.025975601747632027,-0.021247056585030545,0.06689876597127196,0.051693011075258255,-0.01520575489601371
9a9479663bedf8b4,2023-08-12,UFC Fight Night: Luque vs. Dos Anjos,Josh Fremd,Jamie Pickett,2,red_dec,2023,0.25921385023146654,0.28238463401794434,0.0231707837864778,0.24015400830268221,0.18767289817333221,-0.05248111012935,0.23329246520831987,0.30591705441474915,0.07262458920642928,0.09072484758101328,0.08964690566062927,-0.001077941920384004,0.028155987180314465,0.012967720627784729,-0.015188266552529736,0.14845884149620356,0.12141082435846329,-0.02704801713774027
c2f730cb33df5221,2023-08-12,UFC Fight Night: Luque vs. Dos Anjos,Polyana Viana,Iasmin Lucindo,4,blue_sub,2023,0.08051513959889894,0.05793668329715729,-0.022578456301741656,0.17892253244199763,0.1386837363243103,-0.040238796117687325,0.11502162799842705,0.11456052958965302,-0.0004610984087740355,0.1610302791977979,0.14170922338962555,-0.019321055808172338,0.0619347227683838,0.03746021166443825,-0.02447451110394555,0.40257569799449466,0.5096495747566223,0.10707387676212765
ca2aa660bea0cb60,2023-08-12,UFC Fight Night: Luque vs. Dos Anjos,Jaqueline Amorim,Montserrat Conejo Ruiz,0,red_ko_tko,2023,0.09081658122611984,0.08474201709032059,-0.006074564135799251,0.45408290613059926,0.5002334117889404,0.04615050565834117,0.13622487183917975,0.1421469748020172,0.005922102962837461,0.07430447554864351,0.07064445316791534,-0.00366002238072817,0.05448994873567191,0.03290626034140587,-0.02158368839426604,0.1900812165197857,0.16932684183120728,-0.020754374688578436
d5929b7fbc801ce4,2023-08-12,UFC Fight Night: Luque vs. Dos Anjos,Josh Parisian,Martin Buday,4,blue_sub,2023,0.13520026991854242,0.09116379916667938,-0.04403647075186304,0.047717742324191445,0.030887510627508163,-0.01683023169668328,0.18026702655805657,0.1882997304201126,0.00803270386205604,0.23858871162095724,0.2942180931568146,0.055629381535857336,0.07374560177375042,0.04022033140063286,-0.03352527037311756,0.32448064780450186,0.355210542678833,0.030729894874331143
e346f2b7af63e804,2023-08-12,UFC Fight Night: Luque vs. Dos Anjos,Vicente Luque,Rafael Dos Anjos,2,red_dec,2023,0.23423423423423426,0.27757248282432556,0.043338248590091305,0.13273273273273273,0.10717345774173737,-0.025559274990995362,0.12252252252252253,0.14646849036216736,0.023945967839644824,0.1061861861861862,0.10661128908395767,0.0004251028977714788,0.1592792792792793,0.08037158846855164,-0.07890769081072765,0.24504504504504507,0.2818027138710022,0.03675766882595713
e3573545220ca4ea,2023-08-12,UFC Fight Night: Luque vs. Dos Anjos,Juliana Miller,Luana Santos,3,blue_ko_tko,2023,0.0812038614423623,0.07739134877920151,-0.003812512663160794,0.13533976907060383,0.10778114199638367,-0.02755862707422016,0.21654363051296613,0.26304948329925537,0.04650585278628924,0.062464508801817156,0.07048193365335464,0.008017424851537489,0.13533976907060383,0.07688318938016891,-0.05845657969043491,0.3691084611016468,0.4044129252433777,0.035304464141730885
1a95cc401f68f4c8,2023-08-19,UFC 292: Sterling vs. O'Malley,Chris Weidman,Brad Tavares,5,blue_dec,2023,0.11791763829634921,0.09924888610839844,-0.018668752187950777,0.07503849709767678,0.06111249700188637,-0.013926000095790411,0.13757057801240744,0.17909745872020721,0.04152688070779978,0.35887976872801935,0.36829036474227905,0.009410596014259698,0.048554321651437915,0.030428364872932434,-0.01812595677850548,0.26203919621410937,0.2618224322795868,-0.00021676393452257914
621e6f0929a3dbfc,2023-08-19,UFC 292: Sterling vs. O'Malley,Marlon Vera,Pedro Munhoz,2,red_dec,2023,0.1617538142497408,0.1878288984298706,0.0260750841801298,0.06739742260405866,0.05562494695186615,-0.011772475652192513,0.3851281291660495,0.45659077167510986,0.07146264250906037,0.06221300548066954,0.050542231649160385,-0.011670773831509156,0.053917938083246936,0.02279422990977764,-0.031123708173469294,0.26958969041623465,0.2266189455986023,-0.042970744817632356
62d53ad8f8769666,2023-08-19,UFC 292: Sterling vs. O'Malley,Kurt Holobaugh,Austin Hubbard,1,red_sub,2023,0.1446730441619709,0.12858189642429352,-0.01609114773767739,0.09946271786135501,0.06771072745323181,-0.031751990408123196,0.1446730441619709,0.1821071207523346,0.037434076590363685,0.17682260953129778,0.1689627766609192,-0.007859832870378586,0.08841130476564889,0.06717906892299652,-0.021232235842652367,0.3459572795177565,0.38545840978622437,0.039501130268467854
78d2c01dc963f204,2023-08-19,UFC 292: Sterling vs. O'Malley,Neil Magny,Ian Machado Garry,5,blue_dec,2023,0.04232170414267896,0.04453122615814209,0.0022095220154631293,0.03829106565290002,0.03623499721288681,-0.0020560684400132076,0.12370959672475391,0.16170793771743774,0.03799834099268383,0.4020561893554502,0.34728068113327026,-0.054775508222179914,0.14620225067470916,0.13013117015361786,-0.016071080521091297,0.24741919344950783,0.28011399507522583,0.032694801625718
845e38dfbfea6e53,2023-08-19,UFC 292: Sterling vs. O'Malley,Zhang Weili,Amanda Lemos,2,red_dec,2023,0.37936485127173447,0.38799676299095154,0.008631911719217067,0.16597212243138385,0.15512476861476898,-0.010847353816614863,0.17703693059347608,0.2083728164434433,0.031335885849967215,0.14484839775829864,0.13231132924556732,-0.012537068512731314,0.06638884897255354,0.04848660156130791,-0.01790224741124563,0.06638884897255354,0.06770768761634827,0.0013188386437947286
e9754f597ec50f6f,2023-08-19,UFC 292: Sterling vs. O'Malley,Brad Katona,Cody Gibson,2,red_dec,2023,0.06239140025028586,0.06842035055160522,0.0060289503013193635,0.11586974332195944,0.13046829402446747,0.014598550702508026,0.40554410162685806,0.4075770378112793,0.0020329361844212412,0.16221764065074323,0.16932350397109985,0.00710586332035662,0.07373529120488329,0.04556245729327202,-0.028172833911611267,0.18024182294527025,0.17864832282066345,-0.0015935001246067948
ee796ecb4ee8680b,2023-08-19,UFC 292: Sterling vs. O'Malley,Aljamain Sterling,Sean O'Malley,3,blue_ko_tko,2023,0.12196419074632157,0.14171023666858673,0.019746045922265157,0.3303196832712876,0.33838173747062683,0.008062054199339252,0.22650492567174005,0.2366137057542801,0.010108780082540042,0.18436447438397446,0.14327064156532288,-0.04109383281865159,0.03775082094529,0.028555016964673996,-0.009195803980616007,0.09909590498138628,0.11146867275238037,0.012372767770994095
f995ed679ef8bdf4,2023-08-19,UFC 292: Sterling vs. O'Malley,Gregory Rodrigues,Denis Tiuliulin,0,red_ko_tko,2023,0.35641547861507133,0.3938310146331787,0.037415536018107376,0.28513238289205706,0.20132750272750854,-0.08380488016454851,0.1120162932790224,0.14821749925613403,0.03620120597711163,0.15682281059063138,0.18639986217021942,0.029577051579588037,0.0373387644263408,0.02386614866554737,-0.013472615760793429,0.05227427019687712,0.04635799303650856,-0.005916277160368563
fd4d30036a3f3efb,2023-08-19,UFC 292: Sterling vs. O'Malley,Da'Mon Blackshear,Mario Bautista,5,blue_dec,2023,0.06645187273459524,0.07948312908411026,0.013031256349515019,0.1449859041482078,0.15506163239479065,0.010075728246582843,0.13290374546919048,0.17326588928699493,0.04036214381780445,0.17720499395892064,0.13973267376422882,-0.03747232019469182,0.1594844945630286,0.10831663757562637,-0.05116785698740223,0.3189689891260572,0.3441399931907654,0.02517100406470818
23865dfc8361ac62,2023-08-26,UFC Fight Night: Holloway vs. The Korean Zombie,Liang Na,JJ Aldrich,3,blue_ko_tko,2023,0.052942347243415386,0.049567174166440964,-0.003375173076974422,0.0835931798580243,0.06776139885187149,-0.015831781006152804,0.05672394347508791,0.06954588741064072,0.012821943935552804,0.37815962316725277,0.5064655542373657,0.12830593107011296,0.1764744908113846,0.10906669497489929,-0.06740779583648532,0.25210641544483514,0.19759328663349152,-0.054513128811343625
293c5f4c9aca5c54,2023-08-26,UFC Fight Night: Holloway vs. The Korean Zombie,Chidi Njokuani,Michal Oleksiejczuk,3,blue_ko_tko,2023,0.30783043264121657,0.3306129276752472,0.022782495034030625,0.06511797613564196,0.06059154123067856,-0.004526434904963406,0.12093338425190649,0.14268068969249725,0.021747305440590767,0.3194466753823945,0.29307645559310913,-0.026370219789285387,0.05643557931755636,0.0406421422958374,-0.01579343702171896,0.13023595227128393,0.13239622116088867,0.002160268889604744
48231fbd1af53674,2023-08-26,UFC Fight Night: Holloway vs. The Korean Zombie,Toshiomi Kazama,Garrett Armfield,3,blue_ko_tko,2023,0.07919547454431176,0.06485515832901001,-0.014340316215301754,0.1979886863607794,0.1547176092863083,-0.043271077074471115,0.13199245757385292,0.14869754016399384,0.01670508259014092,0.251414204902577,0.31695500016212463,0.06554079525954765,0.11313639220615965,0.07143393158912659,-0.04170246061703306,0.2262727844123193,0.24334077537059784,0.017067990958278545
5531317352862978,2023-08-26,UFC Fight Night: Holloway vs. The Korean Zombie,Erin Blanchfield,Taila Santos,2,red_dec,2023,0.08017977928088288,0.07773799449205399,-0.0024417847888288935,0.17817728729085083,0.18488799035549164,0.006710703064640805,0.3207191171235315,0.42039597034454346,0.09967685322101194,0.07289070843716625,0.05876655504107475,-0.014124153396091493,0.06167675329298683,0.03628810495138168,-0.025388648341605147,0.2863563545745817,0.22192341089248657,-0.06443294368209512
96704d7ba3a452d9,2023-08-26,UFC Fight Night: Holloway vs. The Korean Zombie,Max Holloway,Chan Sung Jung,0,red_ko_tko,2023,0.4524342932080214,0.46636396646499634,0.013929673256974917,0.05529752472542484,0.04722324758768082,-0.008074277137744022,0.3317851483525491,0.35475969314575195,0.022974544793202878,0.05529752472542484,0.049634385854005814,-0.005663138871419025,0.03606360308179881,0.02664220705628395,-0.00942139602551486,0.06912190590678105,0.05537646263837814,-0.013745443268402907
977250a28d3b8a3f,2023-08-26,UFC Fight Night: Holloway vs. The Korean Zombie,Billy Ray Goff,Yusaku Kinoshita,0,red_ko_tko,2023,0.2675343939383816,0.22336682677268982,-0.04416756716569176,0.07296392561955863,0.0742589458823204,0.0012950202627617785,0.1003253977268931,0.11541324853897095,0.01508785081207785,0.3210412727260579,0.3484398424625397,0.027398569736481748,0.11465759740216354,0.11672157049179077,0.002063973089627233,0.12347741258694536,0.12179955095052719,-0.0016778616364181709
b65b37c0e00074d9,2023-08-26,UFC Fight Night: Holloway vs. The Korean Zombie,SeungWoo Choi,Jarno Errens,2,red_dec,2023,0.30120037207104783,0.21532124280929565,-0.08587912926175217,0.04695182270519275,0.03648501634597778,-0.010466806359214965,0.21284826293020712,0.24324654042720795,0.03039827749700083,0.13303016433137946,0.1719994992017746,0.03896933487039514,0.10642413146510356,0.09970792382955551,-0.0067162076355480466,0.19954524649706917,0.2332397699356079,0.03369452343853874
bfc9989751bd0d04,2023-08-26,UFC Fight Night: Holloway vs. The Korean Zombie,Waldo Cortes-Acosta,Lukasz Brzeski,0,red_ko_tko,2023,0.27743902439024387,0.2762545645236969,-0.0011844598665469719,0.039634146341463415,0.03809437155723572,-0.0015397747842276974,0.3329268292682927,0.35937055945396423,0.026443730185671532,0.12804878048780488,0.11296921223402023,-0.015079568253784648,0.05548780487804878,0.029856227338314056,-0.025631577539734725,0.16646341463414635,0.18345509469509125,0.016991680060944897
c53b0f678fe2f16a,2023-08-26,UFC Fight Night: Holloway vs. The Korean Zombie,Anthony Smith,Ryan Spann,2,red_dec,2023,0.18644290620596293,0.19493722915649414,0.008494322950531208,0.1670217701428418,0.1598559468984604,-0.00716582324438142,0.10689393289141874,0.12460049986839294,0.017706566976974203,0.29152890788568747,0.28489845991134644,-0.006630447974341036,0.18644290620596293,0.15805937349796295,-0.02838353270799998,0.061669576668126204,0.07764849811792374,0.015978921449797533
da6b863cf684e0ae,2023-08-26,UFC Fight Night: Holloway vs. The Korean Zombie,Song Kenan,Rolando Bedoya,2,red_dec,2023,0.11614495628705221,0.06863080710172653,-0.04751414918532568,0.042790247053124494,0.02001701109111309,-0.022773235962011404,0.10840195920124873,0.11310229450464249,0.0047003353033937545,0.29036239071763054,0.3758300840854645,0.08546769336783394,0.13550244900156092,0.09563754498958588,-0.03986490401197504,0.3067979977393832,0.3267822265625,0.01998422882311679
dd617f6ab4916ec4,2023-08-26,UFC Fight Night: Holloway vs. The Korean Zombie,Giga Chikadze,Alex Caceres,2,red_dec,2023,0.21688493693519545,0.20244814455509186,-0.014436792380103591,0.04784226550041076,0.042153749614953995,-0.0056885158854567686,0.40665925675349146,0.46967315673828125,0.06301389998478979,0.0903687237229981,0.07773098349571228,-0.012637740227285824,0.0903687237229981,0.04818354547023773,-0.04218517825276037,0.147876093364906,0.1598103642463684,0.0119342708814624
de89bea7b0dcd2d3,2023-08-26,UFC Fight Night: Holloway vs. The Korean Zombie,Rinya Nakamura,Fernie Garcia,2,red_dec,2023,0.5080788146453213,0.3954167068004608,-0.11266210784486053,0.18133452643907091,0.2528854310512543,0.07155090461218336,0.16320107379516383,0.21754537522792816,0.054344301432764336,0.04800031582210701,0.03841739892959595,-0.009582916892511062,0.031384821883685354,0.022227870300412178,-0.009156951583273176,0.0680004474146516,0.07350722700357437,0.005506779588922775
0d41a3fa5efef91b,2023-09-02,UFC Fight Night: Gane vs. Spivac,Morgan Charriere,Manolo Zecchini,0,red_ko_tko,2023,0.3669064748201439,0.33779314160346985,-0.02911333321667403,0.13453237410071942,0.12279139459133148,-0.011740979509387933,0.24836745987825126,0.2973179519176483,0.04895049203939705,0.09496402877697842,0.09447034448385239,-0.0004936842931260316,0.031045932484781408,0.017910871654748917,-0.013135060830032491,0.12418372993912563,0.12971626222133636,0.005532532282210734
1b9a127f9dadaad9,2023-09-02,UFC Fight Night: Gane vs. Spivac,Taylor Lapilus,Caolan Loughran,2,red_dec,2023,0.15962543216384245,0.15440933406352997,-0.005216098100312483,0.07255701461992838,0.06354546546936035,-0.009011549150568024,0.36278507309964186,0.4298251271247864,0.06704005402514451,0.17736159129315826,0.1550929844379425,-0.022268606855215756,0.061394396986093246,0.03787120804190636,-0.02352318894418689,0.16627649183733587,0.15925592184066772,-0.007020569996668141
1be27d95bba03f17,2023-09-02,UFC Fight Night: Gane vs. Spivac,Ange Loosa,Rhys McKee,2,red_dec,2023,0.21428571428571427,0.18671724200248718,-0.02756847228322709,0.08035714285714286,0.08108007162809372,0.0007229287709508564,0.26785714285714285,0.2712607681751251,0.003403625317982273,0.17857142857142855,0.24523882567882538,0.06666739710739683,0.08035714285714286,0.051899347454309464,-0.0284577954028334,0.17857142857142855,0.16380371153354645,-0.0147677170378821
2a48d0a98c21e736,2023-09-02,UFC Fight Night: Gane vs. Spivac,Zarah Fairn,Jacqueline Cavalcanti,5,blue_dec,2023,0.06725701033101412,0.0601164773106575,-0.007140533020356624,0.027830487033523088,0.01842527836561203,-0.009405208667911058,0.13451402066202825,0.15049892663955688,0.015984905977528635,0.2690280413240565,0.3350990116596222,0.06607097033556569,0.13451402066202825,0.09141531586647034,-0.04309870479555791,0.3668564199873498,0.34444501996040344,-0.02241140002694636
4eaf54ad3c82b6fa,2023-09-02,UFC Fight Night: Gane vs. Spivac,Manon Fiorot,Rose Namajunas,2,red_dec,2023,0.19535254478232547,0.1841118484735489,-0.011240696308776582,0.028966066984965504,0.02554485760629177,-0.0034212093786737327,0.4000075916971426,0.466872900724411,0.0668653090272684,0.08400159425639996,0.08126771450042725,-0.0027338797559727096,0.10500199282049995,0.08269406855106354,-0.02230792426943641,0.18667020945866655,0.1595086306333542,-0.027161578825312366
5098d052525da54f,2023-09-02,UFC Fight Night: Gane vs. Spivac,Volkan Oezdemir,Bogdan Guskov,1,red_sub,2023,0.4339007952984766,0.4313820004463196,-0.0025187948521570025,0.05522373758344247,0.028751477599143982,-0.026472259984298488,0.12743939442332877,0.13738678395748138,0.009947389534152612,0.27611868791721234,0.3112570643424988,0.035138376425286444,0.04359768756587563,0.02779163420200348,-0.015806053363872148,0.06371969721166439,0.0634310245513916,-0.0002886726602727846
ac73c6888ee9322c,2023-09-02,UFC Fight Night: Gane vs. Spivac,Farid Basharat,Kleydson Rodrigues,1,red_sub,2023,0.1024566104715007,0.10699299722909927,0.004536386757598571,0.2185741023392015,0.20614835619926453,-0.012425746139936966,0.43841898434316573,0.4874943196773529,0.049075335334187176,0.1024566104715007,0.07994911074638367,-0.022507499725117036,0.035637081903130675,0.02619689702987671,-0.009440184873253966,0.1024566104715007,0.09321839362382889,-0.009238216847671815
dfa8fd0b82b37fa1,2023-09-02,UFC Fight Night: Gane vs. Spivac,Benoit Saint Denis,Thiago Moises,0,red_ko_tko,2023,0.2017760955015286,0.21380481123924255,0.012028715737713941,0.16814674625127388,0.16763529181480408,-0.0005114544364697993,0.230601252001747,0.30707651376724243,0.07647526176549543,0.0733731256369195,0.06512175500392914,-0.008251370632990362,0.146746251273839,0.07947326451539993,-0.06727298675843907,0.1793565293346921,0.16688834130764008,-0.012468188027052018
e3a5a7ede88a2555,2023-09-02,UFC Fight Night: Gane vs. Spivac,Nora Cornolle,Joselyne Edwards,2,red_dec,2023,0.18140589569160998,0.1419956386089325,-0.03941025708267748,0.09070294784580499,0.08078120648860931,-0.009921741357195674,0.20408163265306126,0.2529863119125366,0.048904679259475364,0.10204081632653063,0.07501622289419174,-0.027024593432338886,0.0816326530612245,0.07949624210596085,-0.002136410955263651,0.34013605442176875,0.3697243928909302,0.029588338469161424
09a7f0979a58e6ea,2023-09-09,UFC 293: Adesanya vs. Strickland,Jack Jenkins,Chepe Mariscal,3,blue_ko_tko,2023,0.21947746210878552,0.19258548319339752,-0.026891978915388,0.05486936552719638,0.03801123425364494,-0.016858131273551437,0.37410931041270257,0.417540043592453,0.043430733179750436,0.09682829210681715,0.08679987490177155,-0.010028417205045603,0.06331080637753429,0.04231966286897659,-0.0209911435085577,0.1914047634669641,0.22274377942085266,0.03133901595388855
0aae15358d8606b9,2023-09-09,UFC 293: Adesanya vs. Strickland,Jamie Mullarkey,John Makdessi,2,red_dec,2023,0.2541924095322154,0.2498755007982254,-0.004316908733989988,0.05507502206531333,0.05228909105062485,-0.002785931014688485,0.41306266548985,0.47752293944358826,0.06446027395373827,0.08261253309797,0.0907982736825943,0.008185740584624304,0.02294792586054722,0.010530762374401093,-0.012417163486146129,0.17210944395410416,0.11898346990346909,-0.05312597405063507
222bb2c67a87d312,2023-09-09,UFC 293: Adesanya vs. Strickland,Manel Kape,Felipe dos Santos,2,red_dec,2023,0.48088438507600184,0.47121313214302063,-0.009671252932981211,0.1083371718102257,0.09319508820772171,-0.015142083602503992,0.18056195301704284,0.22013352811336517,0.03957157509632234,0.05416858590511285,0.05647933855652809,0.0023107526514152404,0.06771073238139107,0.045832689851522446,-0.02187804252986862,0.1083371718102257,0.11314619332551956,0.00480902151529386
3e1c27f17433f9e4,2023-09-09,UFC 293: Adesanya vs. Strickland,Tyson Pedro,Anton Turkalj,0,red_ko_tko,2023,0.22430786123238608,0.17670707404613495,-0.04760078718625113,0.13084625238555855,0.13327506184577942,0.0024288094602208654,0.14274136623879116,0.1748836636543274,0.03214229741553623,0.22430786123238608,0.2321138083934784,0.007805947161092314,0.1207811560482079,0.08501960337162018,-0.03576155267658772,0.15701550286267027,0.19800081849098206,0.040985315628311786
7f16e7725245bb2d,2023-09-09,UFC 293: Adesanya vs. Strickland,Israel Adesanya,Sean Strickland,5,blue_dec,2023,0.46414949123322985,0.4131537973880768,-0.05099569384515307,0.04914524024822434,0.04648638516664505,-0.0026588550815792866,0.31527135253577876,0.38358786702156067,0.06831651448578191,0.07595173492907398,0.060190822929143906,-0.015760911999930072,0.039784242105705414,0.027411699295043945,-0.012372542810661469,0.05569793894798758,0.06916940957307816,0.013471470625090576
a3d75cc363a6544b,2023-09-09,UFC 293: Adesanya vs. Strickland,Carlos Ulberg,Da Woon Jung,1,red_sub,2023,0.4846061197660414,0.44726675748825073,-0.037339362277790666,0.04439861136258078,0.032677654176950455,-0.011720957185630328,0.168714723177807,0.20965451002120972,0.040939786843402715,0.14059560264817247,0.15329238772392273,0.012696785075750255,0.056238241059268994,0.0414445735514164,-0.014793667507852597,0.10544670198612936,0.11566410213708878,0.010217400150959413
bfff5a3777841344,2023-09-09,UFC 293: Adesanya vs. Strickland,Nasrat Haqparast,Landon Quinones,2,red_dec,2023,0.3471996271113082,0.36016595363616943,0.012966326524861238,0.04385679500353366,0.02721574530005455,-0.016641049703479113,0.39679957384149506,0.4178207814693451,0.021021207627850036,0.08332791050671397,0.08987824618816376,0.00655033568144979,0.03622952630726694,0.022408965975046158,-0.013820560332220781,0.09258656722968218,0.0825103297829628,-0.010076237446719385
e4ed294e16e16d81,2023-09-09,UFC 293: Adesanya vs. Strickland,Tai Tuivasa,Alexander Volkov,4,blue_sub,2023,0.2538809073428486,0.2698023319244385,0.01592142458158985,0.028452170650491656,0.017374249175190926,-0.01107792147530073,0.06347022683571216,0.08752600848674774,0.024055781651035585,0.39291092803059907,0.3909227252006531,-0.0019882028299459953,0.05500752992428387,0.03734850510954857,-0.017659024814735302,0.2062782372160645,0.19702619314193726,-0.009252044074127247
f9d2137f380e66bf,2023-09-09,UFC 293: Adesanya vs. Strickland,Justin Tafa,Austen Lane,0,red_ko_tko,2023,0.49416472157385793,0.5074086785316467,0.013243956957788794,0.04334778259419806,0.02555895783007145,-0.01778882476412661,0.08236078692897633,0.09127606451511383,0.008915277586137499,0.25341780593531177,0.2856003940105438,0.032182588075232055,0.06335445148382794,0.03219572827219963,-0.03115872321162831,0.06335445148382794,0.057960160076618195,-0.0053942914072097475
2e1435c160bfe8b2,2023-09-16,UFC Fight Night: Grasso vs. Shevchenko 2,Daniel Zellhuber,Christos Giagos,1,red_sub,2023,0.26645768025078365,0.3049497604370117,0.03849208018622807,0.13322884012539182,0.1379527896642685,0.004723949538876671,0.3197492163009404,0.3610857129096985,0.0413364966087581,0.10658307210031345,0.06741772592067719,-0.03916534617963627,0.0799373040752351,0.036214061081409454,-0.04372324299382564,0.0940438871473354,0.09237998723983765,-0.001663899907497754
697efaf0d162e877,2023-09-16,UFC Fight Night: Grasso vs. Shevchenko 2,Kevin Holland,Jack Della Maddalena,5,blue_dec,2023,0.16498241671218342,0.18309198319911957,0.01810956648693615,0.12690955131706416,0.09528245776891708,-0.03162709354814708,0.16498241671218342,0.2198116034269333,0.05482918671474987,0.31128757870223284,0.24643518030643463,-0.0648523983957982,0.048524240209465705,0.04165998473763466,-0.006864255471831046,0.18331379634687045,0.21371878683567047,0.03040499048880002
79f03eca3fe5cdb3,2023-09-16,UFC Fight Night: Grasso vs. Shevchenko 2,Loopy Godinez,Elise Reed,1,red_sub,2023,0.16301764606172145,0.15017540752887726,-0.012842238532844191,0.2328823515167449,0.2611698806285858,0.028287529111840903,0.370494650140276,0.4107339680194855,0.04023931787920948,0.0479463664887416,0.03315260261297226,-0.01479376387576934,0.022641339730794643,0.010681933723390102,-0.011959406007404541,0.16301764606172145,0.13408616185188293,-0.028931484209838515
7a0813ec0fadc84e,2023-09-16,UFC Fight Night: Grasso vs. Shevchenko 2,Roman Kopylov,Josh Fremd,0,red_ko_tko,2023,0.4599401756135216,0.36996328830718994,-0.08997688730633163,0.05519282107362258,0.05768292769789696,0.002490106624274374,0.2069730790260847,0.28438451886177063,0.07741143983568594,0.07526293782766716,0.09405724704265594,0.018794309214988786,0.07526293782766716,0.058967746794223785,-0.016295191033443374,0.12736804863143675,0.13494433462619781,0.007576285994761067
a5d76e93a5052e3f,2023-09-16,UFC Fight Night: Grasso vs. Shevchenko 2,Fernando Padilla,Kyle Nelson,5,blue_dec,2023,0.3208461877479066,0.3062205910682678,-0.014625596679638753,0.1604230938739533,0.1923474222421646,0.031924328368211324,0.2005288673424416,0.23090611398220062,0.03037724663975902,0.11458792419568091,0.09969770163297653,-0.014890222562704378,0.08021154693697664,0.05286826938390732,-0.027343277553069326,0.123402379903041,0.11795990914106369,-0.0054424707619773055
bcec26b425194e40,2023-09-16,UFC Fight Night: Grasso vs. Shevchenko 2,Tracy Cortez,Jasmine Jasudavicius,2,red_dec,2023,0.055372445616348055,0.06331344693899155,0.007941001322643491,0.0922874093605801,0.07412610948085785,-0.018161299879722245,0.39551746868820037,0.47545766830444336,0.07994019961624299,0.06921555702043507,0.08627267926931381,0.017057122248878745,0.055372445616348055,0.034252993762493134,-0.02111945185385492,0.33223467369808835,0.2665771245956421,-0.06565754910244626
c0ca4c201d086ea8,2023-09-16,UFC Fight Night: Grasso vs. Shevchenko 2,Raul Rosas Jr.,Terrence Mitchell,0,red_ko_tko,2023,0.2146964856230032,0.24439877271652222,0.02970228709351902,0.536741214057508,0.5108482837677002,-0.02589293028980777,0.08945686900958466,0.1206381767988205,0.031181307789235835,0.0670926517571885,0.0561831034719944,-0.010909548285194096,0.038338658146964855,0.017019862309098244,-0.02131879583786661,0.0536741214057508,0.050911806523799896,-0.002762314881950903
1496969c1497dc85,2023-09-23,UFC Fight Night: Fiziev vs. Gamrot,Jacob Malkoun,Cody Brundage,3,blue_ko_tko,2023,0.23304470364929217,0.21406322717666626,-0.018981476472625908,0.20391411569313064,0.16566693782806396,-0.03824717786506668,0.3707529376238739,0.44181108474731445,0.07105814712344055,0.08156564627725227,0.08017440140247345,-0.0013912448747788186,0.047979791927795445,0.0280232522636652,-0.019956539664130246,0.06274280482865559,0.07026109099388123,0.007518286165225638
23a604f460289271,2023-09-23,UFC Fight Night: Fiziev vs. Gamrot,Rafael Fiziev,Mateusz Gamrot,3,blue_ko_tko,2023,0.3013887370703571,0.24696432054042816,-0.054424416529928965,0.043622054049656946,0.031221788376569748,-0.012400265673087198,0.22101840718492854,0.25353673100471497,0.03251832381978642,0.07534718426758928,0.06916623562574387,-0.006180948641845416,0.10360237836793525,0.05308967083692551,-0.05051270753100974,0.25502123905953294,0.34602126479148865,0.0910000257319557
49ede01b061cfae3,2023-09-23,UFC Fight Night: Fiziev vs. Gamrot,Mohammed Usman,Jake Collier,2,red_dec,2023,0.21391840932464862,0.22643548250198364,0.012517073177335025,0.08021940349674324,0.08380679786205292,0.003587394365309679,0.24682893383613302,0.30033448338508606,0.053505549548953035,0.20054850874185806,0.16349497437477112,-0.03705353436708694,0.08021940349674324,0.06319886445999146,-0.017020539036751783,0.17826534110387382,0.16272936761379242,-0.0155359734900814
6e1bf1b163b3aeab,2023-09-23,UFC Fight Night: Fiziev vs. Gamrot,Ricardo Ramos,Charles Jourdain,4,blue_sub,2023,0.09063026969522064,0.0843086764216423,-0.006321593273578341,0.16993175567853872,0.1463901400566101,-0.023541615621928608,0.1812605393904413,0.23225712776184082,0.05099658837139953,0.25097613146368797,0.24915942549705505,-0.0018167059666329144,0.07415203884154417,0.05581093952059746,-0.018341099320946713,0.23304926493056735,0.23207364976406097,-0.0009756151665063773
b3c7a5a97978d156,2023-09-23,UFC Fight Night: Fiziev vs. Gamrot,Tim Means,Andre Fialho,0,red_ko_tko,2023,0.14769442138706815,0.15703733265399933,0.009342911266931181,0.0676932764690729,0.07148608565330505,0.0037928091842321515,0.1889114692160174,0.22005929052829742,0.031147821312280027,0.4061596588144374,0.37818437814712524,-0.02797528066731214,0.05415462117525832,0.04973982274532318,-0.004414798429935141,0.1353865529381458,0.12349314242601395,-0.011893410512131858
bf647be41de365e4,2023-09-23,UFC Fight Night: Fiziev vs. Gamrot,Bryan Battle,AJ Fletcher,1,red_sub,2023,0.16514227642276424,0.1667276918888092,0.0015854154660449593,0.21138211382113822,0.18878062069416046,-0.022601493126977762,0.24390243902439027,0.32290661334991455,0.07900417432552428,0.15853658536585366,0.10103411227464676,-0.0575024730912069,0.09908536585365854,0.11256517469882965,0.01347980884517111,0.12195121951219513,0.10798579454421997,-0.013965424967975162
da1b37edb8ccd3e6,2023-09-23,UFC Fight Night: Fiziev vs. Gamrot,Bryce Mitchell,Dan Ige,2,red_dec,2023,0.06269412424835533,0.06426926702260971,0.0015751427742543844,0.13583726920476985,0.09146929532289505,-0.0443679738818748,0.43594286395949394,0.5318054556846619,0.09586259172516792,0.16300472304572386,0.16045956313610077,-0.0025451599096230904,0.05433490768190795,0.023925069719552994,-0.030409837962354955,0.14818611185974895,0.1280713975429535,-0.020114714316795457
1aa4c2fa5ffaff00,2023-10-07,UFC Fight Night: Dawson vs. Green,Grant Dawson,King Green,3,blue_ko_tko,2023,0.2039845941705102,0.20964720845222473,0.005662614281714523,0.37088108031001854,0.3749901056289673,0.004109025318948745,0.21758356711521087,0.25314804911613464,0.03556448200092377,0.1019922970852551,0.09277302026748657,-0.009219276817768532,0.03138224525700157,0.01373647153377533,-0.01764577372322624,0.07417621606200371,0.055705178529024124,-0.018471037532979587
eb76a5b76a68e4c4,2023-10-07,UFC Fight Night: Dawson vs. Green,Alex Morono,Joaquin Buckley,5,blue_dec,2023,0.10294863792729815,0.11422567069530487,0.01127703276800672,0.09150990037982057,0.07669486850500107,-0.014815031874819501,0.1915323496321826,0.22770996391773224,0.036177614285549636,0.42183832126307536,0.3398061692714691,-0.08203215199160624,0.05490594022789235,0.04267264902591705,-0.012233291201975298,0.13726485056973087,0.19889064133167267,0.0616257907619418
0d6d212fcdf47f2e,2023-10-14,UFC Fight Night: Yusuff vs. Barboza,Jonathan Martinez,Adrian Yanez,0,red_ko_tko,2023,0.232419547079857,0.27624619007110596,0.04382664299124897,0.06257449344457688,0.053716473281383514,-0.00885802016319337,0.21692491060786653,0.2202167510986328,0.003291840490766279,0.27115613825983315,0.25736016035079956,-0.013795977909033585,0.05423122765196663,0.03487249091267586,-0.019358736739290776,0.16269368295589992,0.1575879007577896,-0.005105782198110309
751cf3d52fce1d1f,2023-10-14,UFC Fight Night: Yusuff vs. Barboza,Jennifer Maia,Viviane Araujo,5,blue_dec,2023,0.04874180383358156,0.04640011861920357,-0.0023416852143779907,0.06905088876424054,0.057677797973155975,-0.011373090791084561,0.4603392584282703,0.5061438083648682,0.04580454993659788,0.055240711011392434,0.03994784131646156,-0.01529286969493087,0.1035763331463608,0.06094026565551758,-0.04263606749084323,0.26305100481615445,0.28889015316963196,0.025839148353477503
824859c7580eb35b,2023-10-14,UFC Fight Night: Yusuff vs. Barboza,Sodiq Yusuff,Edson Barboza,5,blue_dec,2023,0.27571580063626716,0.3218398690223694,0.046124068386102224,0.12725344644750794,0.11089973896741867,-0.01635370748008927,0.2067868504772004,0.25608885288238525,0.04930200240518484,0.27571580063626716,0.22102642059326172,-0.05468938004300544,0.031813361611876985,0.019901582971215248,-0.011911778640661737,0.08271474019088017,0.07024358212947845,-0.012471158061401713
0ea435ddf02deb60,2023-10-21,UFC 294: Makhachev vs. Volkanovski 2,Islam Makhachev,Alexander Volkanovski,0,red_ko_tko,2023,0.16036810930515924,0.18012988567352295,0.01976177636836371,0.22909729900737033,0.17045608162879944,-0.05864121737857089,0.30258133831162126,0.38474810123443604,0.08216676292281477,0.1336400910876327,0.14095823466777802,0.00731814358014532,0.03486263245764331,0.020146692171692848,-0.014715940285950461,0.13945052983057324,0.10356103628873825,-0.03588949354183499
18e5af00a8478a0e,2023-10-21,UFC 294: Makhachev vs. Volkanovski 2,Viktoriia Dudakova,Jinh Yu Frey,2,red_dec,2023,0.21338617170342816,0.1945400834083557,-0.01884608829507245,0.1778218097528568,0.1842954307794571,0.00647362102660029,0.40985758589377974,0.48837339878082275,0.07851581288704301,0.03077685168799445,0.030518868938088417,-0.00025798274990603345,0.03479122364729807,0.015132719650864601,-0.01965850399643347,0.1333663573146426,0.08713950216770172,-0.04622685514694089
3c6fb6bf9b7afd40,2023-10-21,UFC 294: Makhachev vs. Volkanovski 2,Mohammad Yahya,Trevor Peek,5,blue_dec,2023,0.18110300745718264,0.18145377933979034,0.00035077188260770886,0.09587806277144964,0.11000082641839981,0.01412276364695017,0.12537900516266492,0.165343776345253,0.039964771182588066,0.45275751864295666,0.3918909728527069,-0.06086654579024975,0.054330902237154796,0.05811010301113129,0.0037792007739764905,0.09055150372859132,0.09320054948329926,0.0026490457547079377
43de9ff6064361e1,2023-10-21,UFC 294: Makhachev vs. Volkanovski 2,Abu Azaitar,Sedriques Dumas,5,blue_dec,2023,0.16492530556813037,0.12960095703601837,-0.035324348532112,0.03585332729741964,0.02448459342122078,-0.011368733876198862,0.1099502037120869,0.11592744290828705,0.005977239196200149,0.2998641919420552,0.3912433981895447,0.09137920624748946,0.18325033952014483,0.11546348035335541,-0.06778685916678942,0.20615663196016296,0.2232801467180252,0.01712351475786225
539732694ab2c8d6,2023-10-21,UFC 294: Makhachev vs. Volkanovski 2,Shara Magomedov,Bruno Silva,2,red_dec,2023,0.46138678935261246,0.5320590734481812,0.0706722840955687,0.09398619783108772,0.0850728452205658,-0.008913352610521924,0.18797239566217544,0.19238586723804474,0.004413471575869299,0.13013473545842918,0.08829319477081299,-0.0418415406876162,0.032533683864607296,0.02619234286248684,-0.006341341002120457,0.09398619783108772,0.07599668204784393,-0.017989515783243787
7024385b5107bd4b,2023-10-21,UFC 294: Makhachev vs. Volkanovski 2,Ikram Aliskerov,Warlley Alves,0,red_ko_tko,2023,0.37544169611307415,0.36905819177627563,-0.006383504336798518,0.3153710247349823,0.3272158205509186,0.011844795815936282,0.13140459363957596,0.1502329260110855,0.01882833237150955,0.07884275618374557,0.05417780950665474,-0.024664946677090835,0.046378091872791516,0.03620678931474686,-0.01017130255804466,0.05256183745583038,0.06310848891735077,0.010546651461520389
75c5f923f966b53b,2023-10-21,UFC 294: Makhachev vs. Volkanovski 2,Mike Breeden,Anshul Jubli,0,red_ko_tko,2023,0.14760746147607462,0.11130822449922562,-0.036299236976849,0.03865909705325764,0.024397194385528564,-0.014261902667729073,0.12489862124898622,0.145549014210701,0.020650392961714767,0.27061367937280345,0.2898225784301758,0.01920889905737233,0.14760746147607462,0.1326475739479065,-0.014959887528168125,0.27061367937280345,0.29627543687820435,0.025661757505400895
b84c447bb74febe2,2023-10-21,UFC 294: Makhachev vs. Volkanovski 2,Nathaniel Wood,Muhammad Naimov,5,blue_dec,2023,0.17889403600693207,0.19218944013118744,0.013295404124255367,0.14636784764203534,0.10662978887557983,-0.0397380587664555,0.40251158101559714,0.45813602209091187,0.05562444107531472,0.12384971723556837,0.13319428265094757,0.009344565415379202,0.05366821080207962,0.03486316278576851,-0.01880504801631111,0.09470860729778757,0.07498735934495926,-0.019721247952828314
e9256316716499b8,2023-10-21,UFC 294: Makhachev vs. Volkanovski 2,Tim Elliott,Muhammad Mokaev,4,blue_sub,2023,0.03162320013625751,0.02363356202840805,-0.007989638107849459,0.04836489432604089,0.037255652248859406,-0.011109242077181482,0.1494914915532173,0.14614053070545197,-0.003350960847765344,0.1027754004428369,0.06668685376644135,-0.03608854667639555,0.31026535982743214,0.2922663688659668,-0.017998990961465344,0.35747965371421525,0.43401703238487244,0.07653737867065719
ed3334d108b257a6,2023-10-21,UFC 294: Makhachev vs. Volkanovski 2,Said Nurmagomedov,Muin Gafurov,1,red_sub,2023,0.14884899412269378,0.12412283569574356,-0.024726158426950223,0.2518982977460972,0.24290940165519714,-0.008988896090900034,0.29769798824538757,0.32330936193466187,0.025611373689274297,0.11695278109640225,0.12032600492238998,0.003373223825987731,0.04815702751028328,0.04443851485848427,-0.003718512651799011,0.13644491127913597,0.14489388465881348,0.00844897337967751
f23e9729b2b73c27,2023-10-21,UFC 294: Makhachev vs. Volkanovski 2,Kamaru Usman,Khamzat Chimaev,5,blue_dec,2023,0.10251014899360242,0.11128497123718262,0.0087748222435802,0.03154158430572382,0.024951379746198654,-0.006590204559525165,0.11715445599268846,0.12712335586547852,0.009968899872790052,0.30946460073540355,0.2763203978538513,-0.03314420288155223,0.20502029798720484,0.1608181595802307,-0.04420213840697412,0.23430891198537693,0.2995017170906067,0.06519280510522976
119bc264e2bb9877,2023-11-04,UFC Fight Night: Almeida vs. Lewis,Rodrigo Nascimento,Don'Tale Mayes,2,red_dec,2023,0.12363850456284958,0.15456390380859375,0.030925399245744167,0.28701795702090077,0.20627647638320923,-0.08074148063769154,0.2296143656167206,0.2647547423839569,0.0351403767672363,0.16073005593170445,0.21211066842079163,0.05138061248908718,0.038269060936120106,0.02240142412483692,-0.015867636811283184,0.16073005593170445,0.13989274203777313,-0.020837313893931314
3a81276a9641c6a1,2023-11-04,UFC Fight Night: Almeida vs. Lewis,Gabriel Bonfim,Nicolas Dalby,3,blue_ko_tko,2023,0.24909568461655834,0.20290865004062653,-0.04618703457593182,0.3855052261922926,0.39431437849998474,0.008809152307692136,0.18826999418693363,0.2576763331890106,0.06940633900207699,0.05397073166692097,0.05396037921309471,-1.0352453826259489e-05,0.02791589568978671,0.012729833833873272,-0.015186061855913438,0.0952424676475076,0.07841043919324875,-0.01683202845425885
7d474fbf31894108,2023-11-04,UFC Fight Night: Almeida vs. Lewis,Caio Borralho,Abus Magomedov,2,red_dec,2023,0.15987861363999362,0.19298675656318665,0.03310814292319303,0.290688388436352,0.2383110374212265,-0.05237735101512547,0.25377557720633903,0.3015449047088623,0.04776932750252327,0.145344194218176,0.13033123314380646,-0.01501296107436953,0.06149177447692062,0.04118441790342331,-0.02030735657349731,0.08882145202221867,0.0956415981054306,0.0068201460832119365
ac37849f627a79c4,2023-11-04,UFC Fight Night: Almeida vs. Lewis,Jailton Almeida,Derrick Lewis,2,red_dec,2023,0.28857068886543324,0.34765809774398804,0.05908740887855479,0.4782028558341465,0.44486862421035767,-0.033334231623788846,0.035130344731444045,0.041240155696868896,0.006109810965424851,0.14052137892577618,0.13507147133350372,-0.005449907592272457,0.022444386911755917,0.00944675412029028,-0.012997632791465638,0.035130344731444045,0.021714918315410614,-0.013415426416033431
ff8f92cf8fb1b76c,2023-11-04,UFC Fight Night: Almeida vs. Lewis,Elves Brener,Kaynan Kruschewsky,0,red_ko_tko,2023,0.14386153081657657,0.18280141055583954,0.03893987973926297,0.32968267478798796,0.3088940680027008,-0.020788606785287156,0.18400893476538863,0.22383157908916473,0.03982264432377611,0.14386153081657657,0.15070322155952454,0.0068416907429479645,0.10549845593215613,0.05437527596950531,-0.051123179962650825,0.09308687288131424,0.07939445972442627,-0.013692413156887975
128ab9aa4802c73f,2023-11-11,UFC 295: Prochazka vs. Pereira,Diego Lopes,Pat Sabatini,0,red_ko_tko,2023,0.16868971246596207,0.20194193720817566,0.03325222474221359,0.18830479531084138,0.22423487901687622,0.03593008370603484,0.13495176997276964,0.15825556218624115,0.023303792213471508,0.06747588498638482,0.06160425394773483,-0.005871631038649988,0.2024276549591545,0.10634740442037582,-0.09608025053877867,0.23815018230488763,0.24761590361595154,0.009465721311063907
4c025d1fff9e9fce,2023-11-11,UFC 295: Prochazka vs. Pereira,Jared Gordon,Mark Madsen,0,red_ko_tko,2023,0.16394149817007833,0.19168728590011597,0.027745787730037635,0.09107861009448795,0.06772906333208084,-0.02334954676240711,0.3903369004049484,0.4461478292942047,0.05581092888925632,0.07451886280458106,0.056409869343042374,-0.018108993461538686,0.03903369004049484,0.02330659329891205,-0.01572709674158279,0.24109043848540931,0.21471937000751495,-0.02637106847789436
6fd67582d8adb1c7,2023-11-11,UFC 295: Prochazka vs. Pereira,Jessica Andrade,Mackenzie Dern,0,red_ko_tko,2023,0.13695787507781695,0.12333252280950546,-0.013625352268311491,0.054783150031126784,0.03514567017555237,-0.019637479855574416,0.14940859099398215,0.20052941143512726,0.051120820441145104,0.10271840630836272,0.11376333981752396,0.011044933509161234,0.37352147748495534,0.3361224830150604,-0.03739899446989492,0.18261050010375596,0.1911066174507141,0.008496117346958154
9fe98de1eac21f2e,2023-11-11,UFC 295: Prochazka vs. Pereira,Matt Frevola,Benoit Saint Denis,3,blue_ko_tko,2023,0.17631274949917383,0.1423211246728897,-0.03399162482628412,0.06103133636509864,0.03796462342143059,-0.02306671294366805,0.1057876496995043,0.13003987073898315,0.024252221039478855,0.29939900858350277,0.3425867557525635,0.04318774716906071,0.24412534546039455,0.223266139626503,-0.02085920583389156,0.11334391039232602,0.1238214448094368,0.010477534417110773
a0362d60d2e1db0d,2023-11-11,UFC 295: Prochazka vs. Pereira,Tabatha Ricci,Loopy Godinez,5,blue_dec,2023,0.040663514021417796,0.03577040508389473,-0.004893108937523066,0.0656872149576749,0.051015742123126984,-0.014671472834547922,0.28464459814992454,0.3280973434448242,0.043452745294899675,0.1004627993470322,0.12129735946655273,0.020834560119520534,0.07116114953748114,0.046712905168533325,-0.02444824436894781,0.4373807239864695,0.4171062707901001,-0.02027445319636939
b1f2ec122beda7a5,2023-11-11,UFC 295: Prochazka vs. Pereira,Jiri Prochazka,Alex Pereira,3,blue_ko_tko,2023,0.278759586528843,0.29574093222618103,0.016981345697338057,0.10453484494831612,0.09898213297128677,-0.005552711977029348,0.10453484494831612,0.11293229460716248,0.008397449658846354,0.38012670890296774,0.397506445646286,0.017379736743318275,0.04401467155718573,0.022335579618811607,-0.021679091938374126,0.08802934311437147,0.07250259816646576,-0.015526744947905707
db49619221b282af,2023-11-11,UFC 295: Prochazka vs. Pereira,Sergei Pavlovich,Tom Aspinall,3,blue_ko_tko,2023,0.3900709219858156,0.4143846035003662,0.0243136815145506,0.03900709219858156,0.04450925067067146,0.005502158472089902,0.05460992907801419,0.08689995855093002,0.032290029472915836,0.29787234042553196,0.2487882375717163,-0.04908410285381565,0.16382978723404257,0.13234767317771912,-0.03148211405632345,0.05460992907801419,0.07307030260562897,0.01846037352761478
16109688429c09de,2023-11-18,UFC Fight Night: Allen vs. Craig,Christian Leroy Duncan,Denis Tiuliulin,0,red_ko_tko,2023,0.4865498147068404,0.5455833673477173,0.059033552640876896,0.14743933778995164,0.13555260002613068,-0.01188673776382096,0.18858519949877534,0.1854393482208252,-0.00314585127795014,0.09540192445232164,0.08340247720479965,-0.011999447247521985,0.027962633029128756,0.013625825755298138,-0.014336807273830618,0.05406109052298226,0.036396365612745285,-0.017664724910236976
2ae243f518948794,2023-11-18,UFC Fight Night: Allen vs. Craig,Payton Talbott,Nick Aguirre,1,red_sub,2023,0.42576196818929724,0.33212772011756897,-0.09363424807172827,0.06773485857557,0.06178436428308487,-0.005950494292485134,0.33867429287785006,0.430175244808197,0.09150095193034696,0.04277991067930737,0.044745758175849915,0.001965847496542543,0.0625244848389877,0.06917160004377365,0.006647115204785947,0.0625244848389877,0.06199537217617035,-0.0005291126628173548
36f10b949b935b8c,2023-11-18,UFC Fight Night: Allen vs. Craig,Mick Parkin,Caio Machado,2,red_dec,2023,0.296587581260428,0.33199039101600647,0.03540280975557847,0.1812479663258171,0.1567225456237793,-0.02452542070203781,0.2912913744522061,0.3185085356235504,0.027217161171344317,0.074146895315107,0.06992687284946442,-0.004220022465642584,0.04797740285095159,0.025598004460334778,-0.02237939839061681,0.10874877979549026,0.09725361317396164,-0.011495166621528621
5be63144ac46f97e,2023-11-18,UFC Fight Night: Allen vs. Craig,Chase Hooper,Jordan Leavitt,1,red_sub,2023,0.15120887282253734,0.16108976304531097,0.009880890222773636,0.17326016677582404,0.1601542830467224,-0.013105883729101625,0.3138297360467756,0.3615640699863434,0.047734333939567775,0.09240542228043948,0.11088772118091583,0.018482298900476354,0.11088650673652738,0.0642513856291771,-0.04663512110735028,0.15840929533789624,0.1420527994632721,-0.01635649587462415
62b64802ea49e2fd,2023-11-18,UFC Fight Night: Allen vs. Craig,Jonathan Pearce,Joanderson Brito,4,blue_sub,2023,0.2262106421824845,0.2565750777721405,0.030364435589656014,0.1218057304059532,0.104668028652668,-0.017137701753285203,0.19793431190967392,0.28477928042411804,0.08684496851444412,0.21112993270365218,0.17391996085643768,-0.0372099718472145,0.14395222684339923,0.08805998414754868,-0.05589224269585055,0.09896715595483696,0.09199769049882889,-0.006969465456008073
6997693d552600dd,2023-11-18,UFC Fight Night: Allen vs. Craig,Lucie Pudilova,Ailin Perez,5,blue_dec,2023,0.06360376812239717,0.04859692230820656,-0.015006845814190609,0.06890408213259692,0.05787792429327965,-0.011026157839317277,0.24319087811504797,0.23000982403755188,-0.01318105407749609,0.12720753624479433,0.07693230360746384,-0.0502752326373305,0.10335612319889538,0.06897919625043869,-0.03437692694845669,0.3937376121862681,0.5176038146018982,0.12386620241563007
73ebbfb998edc1f1,2023-11-18,UFC Fight Night: Allen vs. Craig,Michael Morales,Jake Matthews,2,red_dec,2023,0.371039863000666,0.3782326281070709,0.00719276510640493,0.08162876986014651,0.08125638961791992,-0.0003723802422265915,0.2720958995338217,0.3117299973964691,0.03963409786264743,0.08162876986014651,0.0646815299987793,-0.016947239861367216,0.06802397488345542,0.04419771581888199,-0.023826259064573432,0.1255827228617639,0.11990171670913696,-0.005681006152626927
7990b6716a53b2cd,2023-11-18,UFC Fight Night: Allen vs. Craig,Brendan Allen,Paul Craig,1,red_sub,2023,0.3665778137017104,0.440879225730896,0.07430141202918561,0.3043287509976464,0.23976629972457886,-0.06456245127306753,0.10080889876797036,0.13742662966251373,0.03661773089454337,0.07331556274034208,0.07124198228120804,-0.0020735804591340418,0.10752949201916838,0.06965243071317673,-0.03787706130599165,0.04743948177316252,0.04103340581059456,-0.00640607596256796
9abf0b60a44a82d1,2023-11-18,UFC Fight Night: Allen vs. Craig,Charles Johnson,Rafael Estevam,5,blue_dec,2023,0.20586772749875687,0.18626362085342407,-0.019604106645332797,0.10293386374937843,0.08732040971517563,-0.015613454034202806,0.22302337145698656,0.251783549785614,0.028760178328627456,0.10293386374937843,0.1054210439324379,0.002487180183059462,0.07434112381899552,0.04780898988246918,-0.026532133936526342,0.29090004972650424,0.3214024007320404,0.030502351005536166
b210b99d9c1c9196,2023-11-18,UFC Fight Night: Allen vs. Craig,Uros Medic,Myktybek Orolbai,4,blue_sub,2023,0.2850000682284705,0.27391597628593445,-0.011084091942536067,0.04777942320300829,0.029113758355379105,-0.018665664847629188,0.1353750324085235,0.16273362934589386,0.02735859693737036,0.18050004321136467,0.22068440914154053,0.04018436593017585,0.16245003889022822,0.11257445067167282,-0.049875588218555394,0.1888953940584049,0.20097778737545013,0.012082393317045248
bd4d2522cb0d1a23,2023-11-18,UFC Fight Night: Allen vs. Craig,Luana Pinheiro,Amanda Ribas,3,blue_ko_tko,2023,0.13469387755102039,0.14692841470241547,0.01223453715139508,0.07346938775510203,0.060059722512960434,-0.0134096652421416,0.13469387755102039,0.17596831917762756,0.04127444162660718,0.07346938775510203,0.0653889998793602,-0.008080387875741835,0.17959183673469387,0.1357239931821823,-0.043867843552511554,0.4040816326530612,0.41593053936958313,0.011848906716521945
c1aef0f60a5b62e3,2023-11-18,UFC Fight Night: Allen vs. Craig,Chad Anheliger,Jose Johnson,4,blue_sub,2023,0.13503305004721433,0.11497204005718231,-0.02006100999003202,0.07365439093484419,0.06520645320415497,-0.00844793773068922,0.14730878186968838,0.15939776599407196,0.012088984124383584,0.24929178470254956,0.2815542221069336,0.03226243740438403,0.12464589235127478,0.08203539252281189,-0.04261049982846289,0.27006610009442866,0.29683414101600647,0.026768040921577807
f0fe73e650b746f2,2023-11-18,UFC Fight Night: Allen vs. Craig,Jeka Saragih,Lucas Alexander,0,red_ko_tko,2023,0.06706221834377185,0.04850681126117706,-0.018555407082594788,0.034988983483707055,0.023249808698892593,-0.011739174784814461,0.09467607295591321,0.0888100415468216,-0.0058660314090916155,0.4215339438751374,0.520083487033844,0.09854954315870662,0.1341244366875437,0.07818178087472916,-0.055942655812814546,0.24761434465392687,0.2411680370569229,-0.0064463075970039585
02713b2d25f74d43,2023-12-02,UFC Fight Night: Dariush vs. Tsarukyan,Punahele Soriano,Dustin Stoltzfus,4,blue_sub,2023,0.42959068719489296,0.44437602162361145,0.014785334428718488,0.10251595944423582,0.07552620023488998,-0.026989759209345834,0.20503191888847164,0.2503148913383484,0.04528297244987675,0.0546751783702591,0.04688894376158714,-0.007786234608671956,0.08201276755538865,0.04849117249250412,-0.03352159506288453,0.12617348854675178,0.13440276682376862,0.008229278277016833
03eecf1926d9c77c,2023-12-02,UFC Fight Night: Dariush vs. Tsarukyan,Jalin Turner,King Green,0,red_ko_tko,2023,0.22613065326633167,0.23891043663024902,0.012779783363917357,0.1758793969849246,0.17541994154453278,-0.0004594554403918316,0.21105527638190955,0.25390639901161194,0.04285112262970239,0.15829145728643218,0.1490522027015686,-0.009239254584863577,0.052763819095477386,0.025892319157719612,-0.026871499937757774,0.1758793969849246,0.1568187177181244,-0.019060679266800218
20bfa549cb2cabe7,2023-12-02,UFC Fight Night: Dariush vs. Tsarukyan,Clay Guida,Joaquim Silva,5,blue_dec,2023,0.08051601372523184,0.09621310979127884,0.015697096066046995,0.0536773424834879,0.07025459408760071,0.01657725160411281,0.12387079034651054,0.17531423270702362,0.051443442360513084,0.3038340140574787,0.26129621267318726,-0.04253780138429142,0.20129003431307962,0.18498662114143372,-0.01630341317164591,0.23681180507421132,0.21193520724773407,-0.024876597826477248
246d06693b5ca1e8,2023-12-02,UFC Fight Night: Dariush vs. Tsarukyan,Rob Font,Deiveson Figueiredo,5,blue_dec,2023,0.23672361276652099,0.22072122991085052,-0.01600238285567046,0.04734472255330419,0.048298243433237076,0.0009535208799328829,0.24764931797112966,0.29261040687561035,0.044961088904480695,0.16097205668123427,0.13121448457241058,-0.029757572108823682,0.1463382333465766,0.14457184076309204,-0.0017663925834845717,0.16097205668123427,0.16258375346660614,0.0016116967853718744
39c4ae4624052f9f,2023-12-02,UFC Fight Night: Dariush vs. Tsarukyan,Sean Brady,Kelvin Gastelum,1,red_sub,2023,0.08114200491252238,0.07295456528663635,-0.008187439625886028,0.188702337005866,0.13107891380786896,-0.05762342319799704,0.2496677074231458,0.31923332810401917,0.06956562068087335,0.21637867976672634,0.23716510832309723,0.02078642855637089,0.04773059112501316,0.025035949423909187,-0.022694641701103975,0.21637867976672634,0.21453216671943665,-0.001846513047289694
9feb9500b0fedfcd,2023-12-02,UFC Fight Night: Dariush vs. Tsarukyan,Beneil Dariush,Arman Tsarukyan,3,blue_ko_tko,2023,0.09583162692971992,0.06591928005218506,-0.029912346877534857,0.06265914068481687,0.041022706776857376,-0.021636433907959496,0.12531828136963374,0.13585509359836578,0.01053681222873204,0.35416036039244314,0.38289862871170044,0.0287382683192573,0.09050764765584658,0.05504286661744118,-0.035464781038405405,0.27152294296753976,0.31926143169403076,0.047738488726491
1afc4f372a125c74,2023-12-09,UFC Fight Night: Song vs. Gutierrez,JunYong Park,Andre Muniz,5,blue_dec,2023,0.2551145562478536,0.25788864493370056,0.0027740886858469427,0.1607221704361478,0.12768729031085968,-0.03303488012528813,0.21429622724819705,0.2787233293056488,0.06442710205745175,0.061816219398518384,0.06293850392103195,0.0011222845225135683,0.20090271304518476,0.160312220454216,-0.04059049259096875,0.10714811362409853,0.112450011074543,0.005301897450444473
35addc4646509286,2023-12-09,UFC Fight Night: Song vs. Gutierrez,HyunSung Park,Shannon Ross,0,red_ko_tko,2023,0.3132324272227456,0.3198154866695404,0.006583059446794826,0.19733642915032973,0.19847837090492249,0.0011419417545927568,0.26311523886710625,0.3108829855918884,0.04776774672478218,0.09866821457516486,0.09048768877983093,-0.008180525795333932,0.03794931329814033,0.019612113013863564,-0.018337200284276767,0.08969837688651351,0.06072336062788963,-0.02897501625862388
5a6e894e4b6cc703,2023-12-09,UFC Fight Night: Song vs. Gutierrez,Luana Santos,Stephanie Egger,2,red_dec,2023,0.10141364474492932,0.1198735311627388,0.018459886417809476,0.20282728948985865,0.23717911541461945,0.0343518259247608,0.2704363859864782,0.29333028197288513,0.022893895986406954,0.07375537799631224,0.058170001953840256,-0.015585376042471982,0.1352181929932391,0.09584204852581024,-0.03937614446742885,0.21634910878918256,0.19560497999191284,-0.020744128797269723
5ac1725f775c6f00,2023-12-09,UFC Fight Night: Song vs. Gutierrez,Steve Garcia,Melquizael Costa,0,red_ko_tko,2023,0.17722381810214713,0.1412622034549713,-0.035961614647175816,0.06134670626612786,0.056331947445869446,-0.005014758820258411,0.07975071814596621,0.08772055804729462,0.007969839901328407,0.3322946589415259,0.4020546078681946,0.0697599489266687,0.15950143629193242,0.11610935628414154,-0.04339208000779088,0.1898826622523005,0.1965213418006897,0.006638679548389204
84f6de7c99779e5f,2023-12-09,UFC Fight Night: Song vs. Gutierrez,Tatsuro Taira,Carlos Hernandez,0,red_ko_tko,2023,0.10919480302809118,0.11611984670162201,0.006925043673530834,0.4094805113553419,0.4344969391822815,0.02501642782693958,0.2978040082584305,0.30992767214775085,0.012123663889320346,0.048174177806510815,0.050257425755262375,0.00208324794875156,0.03899814393860399,0.016773605719208717,-0.022224538219395275,0.09634835561302163,0.07242448627948761,-0.02392386933353402
acc57a9c114b694a,2023-12-09,UFC Fight Night: Song vs. Gutierrez,Nasrat Haqparast,Jamie Mullarkey,0,red_ko_tko,2023,0.20525848123761137,0.1950376033782959,-0.01022087785931547,0.03909685356906883,0.03249792382121086,-0.006598929747857966,0.3731972386138388,0.41432127356529236,0.04112403495145356,0.1368389874917409,0.11472798138856888,-0.022111006103172015,0.06315645576541888,0.037973802536726,-0.025182653228692883,0.1824519833223212,0.2054414451122284,0.022989461789907184
acde7c89bd724af8,2023-12-09,UFC Fight Night: Song vs. Gutierrez,Rayanne dos Santos,Talita Alencar,5,blue_dec,2023,0.10184287099903008,0.11250589787960052,0.010663026880570442,0.20368574199806017,0.19748491048812866,-0.006200831509931504,0.27158098933074687,0.34534838795661926,0.0737673986258724,0.05431619786614938,0.051148343831300735,-0.0031678540348486425,0.13579049466537343,0.07471999526023865,-0.06107049940513479,0.23278370514064017,0.21879242360591888,-0.01399128153472129
f9ec8bedc15ece93,2023-12-09,UFC Fight Night: Song vs. Gutierrez,Song Yadong,Chris Gutierrez,2,red_dec,2023,0.2650583047919408,0.285519540309906,0.020461235517965193,0.09175095165874875,0.08742984384298325,-0.004321107815765501,0.283991040848508,0.31972548365592957,0.03573444280742155,0.11927623715637338,0.13291752338409424,0.013641286227720859,0.041129736950473575,0.018350787460803986,-0.02277894948966959,0.1987937285939556,0.15605680644512177,-0.042736922148833845
fbedeb4e4b019b94,2023-12-09,UFC Fight Night: Song vs. Gutierrez,Tim Elliott,Sumudaerji,1,red_sub,2023,0.07642991125171478,0.06427273899316788,-0.0121571722585469,0.28024300792295415,0.34944090247154236,0.06919789454858821,0.24020829250538928,0.26555269956588745,0.025344407060498175,0.2586858534673423,0.19674420356750488,-0.061941649899837414,0.03233573168341779,0.021123042330145836,-0.011212689353271951,0.11209720316918166,0.10286641865968704,-0.009230784509494619
03de7404decde12f,2024-01-13,UFC Fight Night: Ankalaev vs. Walker 2,Marcus McGhee,Gaston Bolanos,0,red_ko_tko,2024,0.2908537889409025,0.19653081893920898,-0.09432297000169354,0.1999619798968705,0.26288527250289917,0.06292329260602866,0.17774398213055154,0.22159789502620697,0.043853912895655434,0.17774398213055154,0.17941142618656158,0.0016674440560100479,0.04704987762279306,0.02976401336491108,-0.017285864257881978,0.10664638927833092,0.10981058329343796,0.003164194015107036
0494ebcee93e717b,2024-01-13,UFC Fight Night: Ankalaev vs. Walker 2,Westin Wilson,Jean Silva,3,blue_ko_tko,2024,0.03867613823196287,0.03919605538249016,0.0005199171505272868,0.06247683868240157,0.05766750127077103,-0.004809337411630546,0.03867613823196287,0.04295140877366066,0.0042752705416977885,0.5984623494840571,0.6477559208869934,0.04929357140293633,0.1804886450824934,0.1295156627893448,-0.050972982293148617,0.08121989028712205,0.08291344344615936,0.0016935531590373115
477c3b9de012e4b3,2024-01-13,UFC Fight Night: Ankalaev vs. Walker 2,Farid Basharat,Taylor Lapilus,2,red_dec,2024,0.06846026091980538,0.06969570368528366,0.0012354427654782812,0.16430462620753292,0.14935331046581268,-0.014951315741720234,0.47193881995780734,0.5547288656234741,0.08279004566566678,0.10269039137970806,0.09028764069080353,-0.012402750688904535,0.04323805952829813,0.02152460440993309,-0.02171345511836504,0.1493678420068481,0.11440987884998322,-0.03495796315686489
5344e76e26503716,2024-01-13,UFC Fight Night: Ankalaev vs. Walker 2,Nikolas Motta,Tom Nolan,0,red_ko_tko,2024,0.1656050955414013,0.11803535372018814,-0.04756974182121315,0.03184713375796179,0.016385339200496674,-0.015461794557465117,0.055201698513800426,0.060548268258571625,0.0053465697447711985,0.5732484076433121,0.6653600931167603,0.09211168547344817,0.11040339702760085,0.07113850861787796,-0.03926488840972289,0.06369426751592358,0.06853245198726654,0.00483818447134296
5f622d812b8f407f,2024-01-13,UFC Fight Night: Ankalaev vs. Walker 2,Matthew Semelsberger,Preston Parsons,5,blue_dec,2024,0.30072543416135417,0.2575724422931671,-0.04315299186818705,0.043526049681248624,0.04243168979883194,-0.0010943598824166845,0.15036271708067708,0.19714413583278656,0.04678141875210948,0.09188832710485821,0.0805763453245163,-0.011311981780341915,0.206748735985931,0.16271938383579254,-0.04402935215013845,0.206748735985931,0.25955599546432495,0.05280725947839396
640f2ae3995b3b4f,2024-01-13,UFC Fight Night: Ankalaev vs. Walker 2,Jim Miller,Gabriel Benitez,1,red_sub,2024,0.23324043848747256,0.19958877563476562,-0.03365166285270693,0.18984686853631488,0.21360816061496735,0.023761292078652463,0.1484257335829371,0.18618908524513245,0.037763351662195355,0.24010045138416294,0.20157429575920105,-0.038526155624961894,0.06279550266970416,0.05160083621740341,-0.011194666452300744,0.1255910053394083,0.1474388688802719,0.0218478635408636
6f13fe34cb3ca906,2024-01-13,UFC Fight Night: Ankalaev vs. Walker 2,Andrei Arlovski,Waldo Cortes-Acosta,5,blue_dec,2024,0.06080754044070819,0.04370131343603134,-0.01710622700467685,0.02549993631384537,0.015573912300169468,-0.009926024013675903,0.11292828938988664,0.11992501467466354,0.006996725284776906,0.5030441981913132,0.5709649324417114,0.06792073425039824,0.07186345688447332,0.05129289627075195,-0.020570560613721367,0.22585657877977328,0.19854189455509186,-0.027314684224681418
a8239866e1222eae,2024-01-13,UFC Fight Night: Ankalaev vs. Walker 2,Ricky Simon,Mario Bautista,5,blue_dec,2024,0.1242269427265394,0.10804835706949234,-0.016178585657047065,0.1242269427265394,0.11730082333087921,-0.0069261193956601935,0.3670341489647755,0.4314075708389282,0.06437342187415274,0.11535358967464372,0.1111840307712555,-0.004169558903388229,0.08971945863583401,0.05520186945796013,-0.034517589177873884,0.17943891727166802,0.1768573671579361,-0.0025815501137319286
d0d99889c6abd8e1,2024-01-13,UFC Fight Night: Ankalaev vs. Walker 2,Phil Hawes,Brunno Ferreira,3,blue_ko_tko,2024,0.3009281875915975,0.3193896412849426,0.01846145369334512,0.07974596971177333,0.07513680309057236,-0.004609166621200977,0.07249633610161212,0.0931340679526329,0.020637731851020788,0.3797427129132063,0.38292643427848816,0.003183721365281833,0.1139228138739619,0.0788443461060524,-0.0350784677679095,0.053163979807848885,0.05056869611144066,-0.0025952836964082265
f2b407019b2a5c15,2024-01-13,UFC Fight Night: Ankalaev vs. Walker 2,Magomed Ankalaev,Johnny Walker,0,red_ko_tko,2024,0.5477665471144441,0.5475876331329346,-0.00017891398150948756,0.09129442451907402,0.06797679513692856,-0.02331762938214546,0.16432996413433326,0.2190599888563156,0.05473002472198235,0.10270622758395827,0.08746983855962753,-0.015236389024330735,0.03912618193674601,0.03242063522338867,-0.006705546713357338,0.05477665471144441,0.045485079288482666,-0.009291575422961745
fd29123ff92789e4,2024-01-13,UFC Fight Night: Ankalaev vs. Walker 2,Joshua Van,Felipe Bunes,0,red_ko_tko,2024,0.3197877310875898,0.3687390685081482,0.048951337420558405,0.0999336659648718,0.09603426605463028,-0.003899399910241519,0.2855247598996337,0.33188679814338684,0.04636203824375312,0.07267902979263403,0.06998377293348312,-0.00269525685915091,0.1332448879531624,0.060407862067222595,-0.0728370258859398,0.08882992530210826,0.07294826954603195,-0.015881655756076307
14e53999507c76a7,2024-01-20,UFC 297: Strickland vs. Du Plessis,Sean Strickland,Dricus Du Plessis,5,blue_dec,2024,0.25044479448794804,0.2575485408306122,0.007103746342664141,0.06068470020284896,0.05482422560453415,-0.005860474598314812,0.17531135614156362,0.20336639881134033,0.02805504266977671,0.26296703421234546,0.22409045696258545,-0.038876577249760014,0.15778022052740728,0.14067433774471283,-0.017105882782694454,0.09281189442788663,0.11949602514505386,0.02668413071716723
1a7cd191f0cf160c,2024-01-20,UFC 297: Strickland vs. Du Plessis,Arnold Allen,Movsar Evloev,5,blue_dec,2024,0.09763072902541849,0.08285624533891678,-0.014774483686501708,0.07544192697418702,0.05231452360749245,-0.02312740336669457,0.2074652991790143,0.2098669856786728,0.0024016864996584952,0.08298611967160573,0.07111766189336777,-0.011868457778237959,0.07544192697418702,0.04462486878037453,-0.030817058193812488,0.4610339981755873,0.5392196774482727,0.07818567927268538
331ddc1141e934d1,2024-01-20,UFC 297: Strickland vs. Du Plessis,Charles Jourdain,Sean Woodson,5,blue_dec,2024,0.2516573341056832,0.2601870000362396,0.00852966593055643,0.1258286670528416,0.1059800237417221,-0.01984864331111949,0.27262877861449014,0.28816530108451843,0.015536522470028291,0.0962219218639377,0.07559707015752792,-0.020624851706409777,0.03556027547145524,0.025268740952014923,-0.010291534519440315,0.2181030228915921,0.24480190873146057,0.026698885839868458
43d90683078fcee5,2024-01-20,UFC 297: Strickland vs. Du Plessis,Serhiy Sidey,Ramon Taveras,5,blue_dec,2024,0.3162162162162162,0.30319347977638245,-0.01302273643983376,0.12162162162162161,0.11516594886779785,-0.006455672753823763,0.17567567567567563,0.21916644275188446,0.04349076707620883,0.21081081081081077,0.2180626392364502,0.007251828425639428,0.08783783783783781,0.049378346651792526,-0.03845949118604529,0.08783783783783781,0.09503316134214401,0.0071953235043061975
670e4754d8d3d172,2024-01-20,UFC 297: Strickland vs. Du Plessis,Brad Katona,Garrett Armfield,5,blue_dec,2024,0.06770833333333333,0.06297454237937927,-0.004733790953954056,0.203125,0.16863180696964264,-0.03449319303035736,0.38690476190476186,0.40304043889045715,0.01613567698569529,0.125,0.12101555615663528,-0.003984443843364716,0.0625,0.056627437472343445,-0.005872562527656555,0.15476190476190474,0.1877102255821228,0.03294832082021806
7736eb6bd5c1ff4a,2024-01-20,UFC 297: Strickland vs. Du Plessis,Jasmine Jasudavicius,Priscila Cachoeira,1,red_sub,2024,0.1802759773627307,0.1755889356136322,-0.004687041749098508,0.1802759773627307,0.17369677126407623,-0.006579206098654478,0.40562094906614415,0.4582340717315674,0.05261312266542323,0.1248064458665059,0.10126903653144836,-0.023537409335057533,0.03527138687531688,0.017863363027572632,-0.01740802384774425,0.07374926346657167,0.07334783673286438,-0.00040142673370728577
97817609ed46baa0,2024-01-20,UFC 297: Strickland vs. Du Plessis,Neil Magny,Mike Malott,0,red_ko_tko,2024,0.06778169014084508,0.06924368441104889,0.001461994270203812,0.03873239436619719,0.04084569215774536,0.0021132977915481743,0.13556338028169015,0.17223615944385529,0.03667277916216513,0.20334507042253522,0.12901584804058075,-0.07432922238195447,0.40669014084507044,0.41020235419273376,0.003512213347663329,0.147887323943662,0.17845627665519714,0.030568952711535147
a10e2d5416972b9c,2024-01-20,UFC 297: Strickland vs. Du Plessis,Yohan Lainesse,Sam Patterson,4,blue_sub,2024,0.3850284996585531,0.3972286283969879,0.01220012873843479,0.08085598492829617,0.06529786437749863,-0.015558120550797541,0.09512468815093665,0.11419346183538437,0.019068773684447718,0.1470108816878112,0.14350412786006927,-0.003506753827741932,0.20213996232074039,0.18864287436008453,-0.013497087960655851,0.0898399832536624,0.09113305062055588,0.0012930673668934828
ba5005d1116fa45f,2024-01-20,UFC 297: Strickland vs. Du Plessis,Chris Curtis,Marc-Andre Barriault,2,red_dec,2024,0.23635731664928744,0.2012459933757782,-0.03511132327350924,0.03939288610821458,0.036750394850969315,-0.0026424912572452636,0.3446877534468776,0.38355565071105957,0.038867897264181994,0.16545012165450124,0.14032363891601562,-0.02512648273848561,0.04866180048661801,0.033476680517196655,-0.015185119969421353,0.16545012165450124,0.20464769005775452,0.03919756840325328
dff2685afd98ed9e,2024-01-20,UFC 297: Strickland vs. Du Plessis,Gillian Robertson,Polyana Viana,0,red_ko_tko,2024,0.10072555176001546,0.09557777643203735,-0.00514777532797811,0.36627473367278346,0.33602002263069153,-0.03025471104209193,0.24793981971696114,0.2978987693786621,0.049958949661700974,0.0895338237866804,0.08835731446743011,-0.0011765093192502851,0.10072555176001546,0.0775071457028389,-0.023218406057176566,0.09480051930354395,0.10463899374008179,0.009838474436537833
330d86bfaa4155fe,2024-02-03,UFC Fight Night: Dolidze vs. Imavov,Gilbert Urbina,Charles Radtke,3,blue_ko_tko,2024,0.26859504132231404,0.2595176696777344,-0.009077371644579668,0.16115702479338845,0.16342605650424957,0.0022690317108611247,0.21487603305785122,0.2850188612937927,0.0701428282359415,0.12396694214876033,0.11098448932170868,-0.012982452827051655,0.10743801652892561,0.057269006967544556,-0.05016900956138105,0.12396694214876033,0.12378392368555069,-0.00018301846320964432
733e675fd7c0052a,2024-02-03,UFC Fight Night: Dolidze vs. Imavov,Renato Moicano,Drew Dober,2,red_dec,2024,0.10249255844027239,0.1189412921667099,0.016448733726437514,0.3564958554444257,0.3191087245941162,-0.03738713085030948,0.18220899278270647,0.22202743589878082,0.039818443116074353,0.24115896103593504,0.2553584575653076,0.01419949652937258,0.035649585544442565,0.019915586337447166,-0.0157339992069954,0.08199404675221791,0.06464845687150955,-0.017345589880708362
767ceb4a0cb43ade,2024-02-03,UFC Fight Night: Dolidze vs. Imavov,Roman Dolidze,Nassourdine Imavov,5,blue_dec,2024,0.16216900903996426,0.12481863796710968,-0.03735037107285458,0.12474539156920326,0.11409899592399597,-0.010646395645207293,0.10135563064997764,0.12472391128540039,0.023368280635422747,0.2574111254602607,0.26914864778518677,0.011737522324926086,0.1158350064571173,0.08787421882152557,-0.027960787635591733,0.23848383682347682,0.2793355882167816,0.0408517513933048
7b1882dc76786d77,2024-02-03,UFC Fight Night: Dolidze vs. Imavov,Viviane Araujo,Natalia Silva,5,blue_dec,2024,0.05555748704933421,0.05138934776186943,-0.004168139287464782,0.04902131210235371,0.059503063559532166,0.010481751457178452,0.16667246114800263,0.1785372793674469,0.011864818219444268,0.13889371762333552,0.10901367664337158,-0.02988004097996394,0.11111497409866843,0.07319556176662445,-0.037919412332043975,0.4787400479783055,0.5283610820770264,0.04962103409872087
af6d56860ba4d259,2024-02-03,UFC Fight Night: Dolidze vs. Imavov,Randy Brown,Muslim Salikhov,0,red_ko_tko,2024,0.16065553306643604,0.1753472089767456,0.014691675910309565,0.1785061478515956,0.1661076694726944,-0.012398478378901207,0.3651262115146274,0.43575161695480347,0.07062540544017609,0.13387961088869668,0.10026552528142929,-0.03361408560726739,0.038251317396770484,0.015364479273557663,-0.02288683812321282,0.12358117928187388,0.10716352611780167,-0.01641765316407222
17050a7b673dc49d,2024-02-10,UFC Fight Night: Hermansson vs. Pyfer,Robert Bryczek,Ihor Potieria,5,blue_dec,2024,0.4718975832322652,0.46844160556793213,-0.0034559776643330875,0.04832066756408815,0.04799022153019905,-0.000330446033889098,0.06845427904912488,0.0797063335776329,0.011252054528508026,0.29337548163910665,0.2797684073448181,-0.013607074294288535,0.06318856527611529,0.06101984903216362,-0.0021687162439516655,0.054763423239299905,0.06307359784841537,0.00831017460911547
246fef4b19c3a7ed,2024-02-10,UFC Fight Night: Hermansson vs. Pyfer,Trevin Giles,Carlos Prates,3,blue_ko_tko,2024,0.10880730454631918,0.09792659431695938,-0.010880710229359797,0.06277344493056876,0.03579142317175865,-0.026982021758810107,0.13600913068289897,0.1546504646539688,0.018641333971069846,0.42745726786053967,0.47515419125556946,0.04769692339502979,0.11657925487105626,0.0742766261100769,-0.04230262876097936,0.14837359710861708,0.1622007191181183,0.013827122009501203
25259e230be9cdc9,2024-02-10,UFC Fight Night: Hermansson vs. Pyfer,Dan Ige,Andre Fili,0,red_ko_tko,2024,0.23206106870229012,0.2132914811372757,-0.01876958756501443,0.06768447837150128,0.05194275081157684,-0.015741727559924437,0.32488549618320617,0.35364097356796265,0.028755477384756478,0.11603053435114506,0.09474439918994904,-0.021286135161196026,0.04274809160305344,0.025757350027561188,-0.016990741575492255,0.2165903307888041,0.260623037815094,0.04403270702628989
406f2aacd1d1faf9,2024-02-10,UFC Fight Night: Hermansson vs. Pyfer,Jack Hermansson,Joe Pyfer,2,red_dec,2024,0.11555987034746253,0.12471820414066315,0.009158333793200621,0.10111488655402973,0.08257640898227692,-0.01853847757175281,0.10785587899096503,0.12776347994804382,0.01990760095707879,0.39459467923523794,0.3789190649986267,-0.015675614236611235,0.17975979831827504,0.14097538590431213,-0.03878441241396291,0.10111488655402973,0.14504742622375488,0.04393253966972516
5304956aada097e8,2024-02-10,UFC Fight Night: Hermansson vs. Pyfer,Michael Johnson,Darrius Flowers,2,red_dec,2024,0.32245681381957775,0.2915744483470917,-0.030882365472486073,0.053742802303262956,0.03637246787548065,-0.017370334427782304,0.17914267434420983,0.20278377830982208,0.023641103965612253,0.28790786948176583,0.31210899353027344,0.024201124048507605,0.06717850287907869,0.04908328875899315,-0.018095214120085537,0.08957133717210491,0.1080770269036293,0.01850568973152439
9d8473ae274ed625,2024-02-10,UFC Fight Night: Hermansson vs. Pyfer,Rodolfo Vieira,Armen Petrosyan,1,red_sub,2024,0.08265032276782477,0.07103373110294342,-0.011616591664881354,0.3118880104446218,0.2681499719619751,-0.04373803848264668,0.12715434271973042,0.16586999595165253,0.03871565323192211,0.25430868543946084,0.24999511241912842,-0.004313573020332417,0.031788585679932604,0.02417023852467537,-0.007618347155257235,0.1922100529484297,0.22078090906143188,0.028570856113002197
e7938bac3ec8b442,2024-02-10,UFC Fight Night: Hermansson vs. Pyfer,Brad Tavares,Gregory Rodrigues,3,blue_ko_tko,2024,0.1485132000613801,0.15356169641017914,0.005048496348799031,0.038896314301790025,0.03269224613904953,-0.006204068162740495,0.1361371000562651,0.1600739061832428,0.02393680612697771,0.30823494352361913,0.27961334586143494,-0.028621597662184195,0.10890968004501209,0.08137018233537674,-0.027539497709635347,0.25930876201193354,0.29268860816955566,0.03337984615762213
01432891260084a4,2024-02-17,UFC 298: Volkanovski vs. Topuria,Robert Whittaker,Paulo Costa,2,red_dec,2024,0.20638971194834757,0.17399397492408752,-0.032395737024260046,0.06350452675333772,0.06402873992919922,0.0005242131758615015,0.39312326085399535,0.48865222930908203,0.09552896845508668,0.1834575217318645,0.14414948225021362,-0.039308039481650875,0.043450465673336325,0.024331875145435333,-0.01911859052790099,0.1100745130391187,0.10484374314546585,-0.005230769893652842
2aeb3ec2d8c05dc8,2024-02-17,UFC 298: Volkanovski vs. Topuria,Amanda Lemos,Mackenzie Dern,2,red_dec,2024,0.3036184484352478,0.301603227853775,-0.0020152205814727986,0.05363925922356044,0.04771796986460686,-0.005921289358953585,0.17879753074520147,0.20021510124206543,0.021417570496863964,0.07314444439576424,0.0715004950761795,-0.0016439493195847393,0.22988253952954474,0.21642091870307922,-0.013461620826465515,0.16091777767068133,0.16254226863384247,0.0016244909631611404
8fb0092430448368,2024-02-17,UFC 298: Volkanovski vs. Topuria,Geoff Neal,Ian Machado Garry,5,blue_dec,2024,0.1819620253164557,0.1668270081281662,-0.015135017188289496,0.035601265822784806,0.029376104474067688,-0.006225161348717118,0.10917721518987342,0.1271568089723587,0.017979593782485287,0.21835443037974683,0.1713152676820755,-0.04703916269767133,0.09098101265822785,0.06329071521759033,-0.027690297440637515,0.3639240506329114,0.44203412532806396,0.07811007469515258
9785420602b452f7,2024-02-17,UFC 298: Volkanovski vs. Topuria,Merab Dvalishvili,Henry Cejudo,2,red_dec,2024,0.13763841313386738,0.1531660258769989,0.015527612743131525,0.04857826345901201,0.03976668044924736,-0.008811583009764652,0.5141963358585988,0.5921225547790527,0.07792621892045393,0.1101107305070939,0.08012357354164124,-0.029987156965452663,0.03932526089539068,0.021118327975273132,-0.018206932920117547,0.15015099614603714,0.11370281130075455,-0.03644818484528259
9ddaa62cc806958d,2024-02-17,UFC 298: Volkanovski vs. Topuria,Oban Elliott,Val Woodburn,2,red_dec,2024,0.2598085112809206,0.2951091527938843,0.03530064151296369,0.24070494427497055,0.18469543755054474,-0.05600950672442581,0.24070494427497055,0.2699960768222809,0.029291132547310333,0.14879942009725453,0.1530059278011322,0.004206507703877677,0.03558247002325651,0.0268077589571476,-0.008774711066108914,0.07439971004862726,0.0703856572508812,-0.004014052797746068
aeb3e4d9710207a4,2024-02-17,UFC 298: Volkanovski vs. Topuria,Zhang Mingyang,Brendson Ribeiro,0,red_ko_tko,2024,0.35470668485675305,0.3402334451675415,-0.014473239689211548,0.11147924381212239,0.100339375436306,-0.011139868375816389,0.06502955889040472,0.0872349813580513,0.022205422467646577,0.278698109530306,0.30649322271347046,0.027795113183164466,0.13005911778080945,0.09249148517847061,-0.037567632602338835,0.06002728512960437,0.07320748269557953,0.01318019756597516
e92fb5c609e20b49,2024-02-17,UFC 298: Volkanovski vs. Topuria,Rinya Nakamura,Carlos Vera,2,red_dec,2024,0.36594478008720754,0.363707035779953,-0.002237744307254541,0.24771646652057128,0.22573529183864594,-0.021981174681925342,0.26835950539728554,0.32783079147338867,0.059471286076103136,0.02597027471586634,0.02585536614060402,-0.00011490857526232079,0.038337072199612215,0.013834101147949696,-0.02450297105166252,0.05367190107945711,0.04303739592432976,-0.010634505155127351
ef13ed466e0b42d8,2024-02-17,UFC 298: Volkanovski vs. Topuria,Josh Quinlan,Danny Barlow,3,blue_ko_tko,2024,0.1952808514888847,0.1684844046831131,-0.02679644680577159,0.07811234059555389,0.060876887291669846,-0.01723545330388404,0.0918968712888869,0.11106090247631073,0.019164031187423824,0.3396188721545821,0.339068204164505,-0.0005506679900770806,0.08679148955061541,0.06815071403980255,-0.018640775510812863,0.208299574921477,0.2523588538169861,0.04405927889550909
f87a3fa07f0009c9,2024-02-17,UFC 298: Volkanovski vs. Topuria,Anthony Hernandez,Roman Kopylov,1,red_sub,2024,0.16407297817733488,0.18998941779136658,0.0259164396140317,0.2983145057769725,0.24706797301769257,-0.05124653275927993,0.21876397090311317,0.24300874769687653,0.024244776793763356,0.19078253276434287,0.21932443976402283,0.028541906999679956,0.03155249580333363,0.019962040707468987,-0.011590455095864642,0.09651351657490287,0.08064733445644379,-0.015866182118459082
063e7ce759c52f81,2024-02-24,UFC Fight Night: Moreno vs. Royval 2,Cristian Quinonez,Raoni Barcelos,4,blue_sub,2024,0.202732808554879,0.23477338254451752,0.03204057398963853,0.06237932570919354,0.06957981735467911,0.007200491645485571,0.12475865141838707,0.16661861538887024,0.041859963970483166,0.2316946383484331,0.21509981155395508,-0.016594826794478018,0.1621862468439032,0.08595561981201172,-0.07623062703189148,0.21624832912520425,0.22797280550003052,0.011724476374826265
3b05a4ced6dd74f5,2024-02-24,UFC Fight Night: Moreno vs. Royval 2,Yair Rodriguez,Brian Ortega,4,blue_sub,2024,0.2594292556375973,0.2694622278213501,0.01003297218375282,0.06810017960486928,0.07865703105926514,0.01055685145439586,0.23348633007383754,0.287985622882843,0.05449929280900548,0.12572340850129715,0.12213597446680069,-0.0035874340344964617,0.20430053881460786,0.12791116535663605,-0.07638937345797181,0.10896028736779086,0.11384796351194382,0.004887676144152961
5e8c710f9f27aff8,2024-02-24,UFC Fight Night: Moreno vs. Royval 2,Ronaldo Rodriguez,Denys Bondar,1,red_sub,2024,0.24851736797514823,0.245682954788208,-0.002834413186940221,0.06523580909347641,0.059676822274923325,-0.005558986818553088,0.2236656311776334,0.273542582988739,0.0498769518111056,0.07116633719288336,0.05936948210000992,-0.01179685509287344,0.1118328155888167,0.08270608633756638,-0.02912672925125033,0.27958203897204176,0.27902206778526306,-0.0005599711867786961
673a156925dfb31d,2024-02-24,UFC Fight Night: Moreno vs. Royval 2,Manuel Torres,Chris Duncan,1,red_sub,2024,0.3815366200344131,0.3223641812801361,-0.05917243875427697,0.1335378170120446,0.15750323235988617,0.02396541534784158,0.08012269020722676,0.10955013334751129,0.02942744314028453,0.23565497119772574,0.2272523045539856,-0.008402666643740148,0.08012269020722676,0.048720113933086395,-0.031402576274140365,0.08902521134136306,0.13461001217365265,0.04558480083228959
6e4acb2aaa2cee56,2024-02-24,UFC Fight Night: Moreno vs. Royval 2,Yazmin Jauregui,Sam Hughes,2,red_dec,2024,0.27678043903104116,0.22290702164173126,-0.0538734173893099,0.08303413170931236,0.06201125308871269,-0.021022878620599664,0.461300731718402,0.5398828387260437,0.07858210700764168,0.03954006271872017,0.04123261570930481,0.001692552990584642,0.028632459210107708,0.013261169195175171,-0.015371290014932537,0.11071217561241647,0.12070509046316147,0.009992914850744994
74f5cbecac011abb,2024-02-24,UFC Fight Night: Moreno vs. Royval 2,Brandon Moreno,Brandon Royval,5,blue_dec,2024,0.2,0.1982128769159317,-0.0017871230840683094,0.17777777777777776,0.17241555452346802,-0.005362223254309739,0.33333333333333337,0.39515113830566406,0.06181780497233069,0.08888888888888888,0.06714871525764465,-0.021740173631244225,0.1,0.07039535790681839,-0.029604642093181616,0.1,0.09667635709047318,-0.0033236429095268305
93ddc6b233d1956a,2024-02-24,UFC Fight Night: Moreno vs. Royval 2,Victor Altamirano,Felipe dos Santos,5,blue_dec,2024,0.06302521008403361,0.05439707264304161,-0.008628137440992,0.06302521008403361,0.05429450049996376,-0.008730709584069851,0.1638655462184874,0.18479058146476746,0.02092503524628006,0.1638655462184874,0.173041433095932,0.009175886877444611,0.11704681872749098,0.10371635109186172,-0.013330467635629256,0.429171668667467,0.42976003885269165,0.0005883701852246737
a376f6d5806d0c90,2024-02-24,UFC Fight Night: Moreno vs. Royval 2,Claudio Puelles,Fares Ziam,5,blue_dec,2024,0.05434646741017486,0.04246532917022705,-0.011881138239947811,0.18958070026805182,0.125392347574234,-0.06418835269381781,0.11645671587894613,0.1362808793783188,0.01982416349937266,0.2508298495854224,0.31370827555656433,0.0628784259711419,0.0627074623963556,0.040106162428855896,-0.02260129996749971,0.3260788044610492,0.3420470356941223,0.015968231233073116
d1d3b6ab8a56e973,2024-02-24,UFC Fight Night: Moreno vs. Royval 2,Jesus Aguilar,Mateus Mendonca,2,red_dec,2024,0.09890109890109891,0.10102377086877823,0.002122671967679318,0.1758241758241758,0.16185362637043,-0.013970549453745817,0.1758241758241758,0.1552562117576599,-0.020567964066515898,0.19780219780219782,0.19450701773166656,-0.003295180070531256,0.1758241758241758,0.16047516465187073,-0.015349011172305083,0.1758241758241758,0.22688421607017517,0.05106004024599936
ecbece0cbd60029e,2024-02-24,UFC Fight Night: Moreno vs. Royval 2,Daniel Zellhuber,Francisco Prado,2,red_dec,2024,0.24655121808042268,0.2124488800764084,-0.0341023380040143,0.12327560904021134,0.11813284456729889,-0.005142764472912453,0.3205165835045495,0.41363251209259033,0.09311592858804085,0.13354857646022894,0.08919980376958847,-0.04434877269064047,0.06163780452010567,0.0456441268324852,-0.015993677687620472,0.11447020839448194,0.12094184756278992,0.00647163916830798
024beecfd3f0ed7a,2024-03-02,UFC Fight Night: Rozenstruik vs. Gaziev,Matt Schnell,Steve Erceg,3,blue_ko_tko,2024,0.054021964974769965,0.037965767085552216,-0.01605619788921775,0.062333036509349966,0.040312331169843674,-0.022020705339506293,0.10804392994953993,0.11570386588573456,0.007659935936194628,0.2894033837934106,0.352163702249527,0.0627603184561164,0.2701098248738498,0.18432407081127167,-0.08578575406257816,0.21608785989907986,0.2695302665233612,0.05344240662428135
32bd7ed48f5aea7e,2024-03-02,UFC Fight Night: Rozenstruik vs. Gaziev,Eryk Anders,Jamie Pickett,2,red_dec,2024,0.2586920983684549,0.21233013272285461,-0.0463619656456003,0.18108446885791843,0.14486484229564667,-0.03621962656227176,0.3704000499366513,0.46909356117248535,0.09869351123583403,0.07408000998733028,0.06095051020383835,-0.013129499783491927,0.019875124630747146,0.01844318024814129,-0.0014319443826058577,0.095868248218898,0.09431779384613037,-0.001550454372767629
4e566db7d26df001,2024-03-02,UFC Fight Night: Rozenstruik vs. Gaziev,Ludovit Klein,AJ Cunningham,0,red_ko_tko,2024,0.5350676650197932,0.5662046074867249,0.03113694246693166,0.16485868597907144,0.12914276123046875,-0.03571592474860269,0.16485868597907144,0.1928030103445053,0.02794432436543387,0.043383864731334584,0.03889213129878044,-0.004491733432554143,0.02842391137570197,0.015187176875770092,-0.013236734499931877,0.06340718691502747,0.05777035281062126,-0.005636834104406213
5a82757b553c40fc,2024-03-02,UFC Fight Night: Rozenstruik vs. Gaziev,Alex Perez,Muhammad Mokaev,5,blue_dec,2024,0.07427426156511015,0.056829288601875305,-0.017444972963234842,0.06284745209355475,0.03828791528940201,-0.024559536804152737,0.1089355836288282,0.10682135820388794,-0.002114225424940261,0.09077965302402351,0.06551066040992737,-0.02526899261409614,0.3713713078255507,0.39064669609069824,0.01927538826514752,0.2917917418629327,0.3419041037559509,0.05011236189301821
838fd9d2b14e0790,2024-03-02,UFC Fight Night: Rozenstruik vs. Gaziev,Jairzinho Rozenstruik,Shamil Gaziev,0,red_ko_tko,2024,0.2893157013099165,0.25099191069602966,-0.038323790613886854,0.026131740763476328,0.018397683277726173,-0.007734057485750154,0.038575426841322195,0.04843517765402794,0.009859750812705743,0.35221041898598526,0.4094197452068329,0.05720932622084762,0.2314525610479332,0.18237687647342682,-0.04907568457450637,0.06231415105136663,0.090378537774086,0.028064386722719367
a7d397cd0f2ac93a,2024-03-02,UFC Fight Night: Rozenstruik vs. Gaziev,Aiemann Zahabi,Javid Basharat,2,red_dec,2024,0.054947509492964036,0.03458907827734947,-0.020358431215614564,0.02010274737547465,0.016269749030470848,-0.0038329983450038005,0.08242126423944605,0.09678201377391815,0.014360749534472098,0.1648425284788921,0.1414061039686203,-0.02343642451027181,0.18315836497654678,0.13561134040355682,-0.047547024572989954,0.4945275854366763,0.5753417015075684,0.08081411607089206
ba8f219260e212f8,2024-03-02,UFC Fight Night: Rozenstruik vs. Gaziev,Abdul-Kareem Al-Selwady,Loik Radzhabov,3,blue_ko_tko,2024,0.20226782586532166,0.21468639373779297,0.012418567872471309,0.062236254112406665,0.06507861614227295,0.002842362029866284,0.30530992583444777,0.33448895812034607,0.0291790322858983,0.179793622991397,0.14025568962097168,-0.03953793337042533,0.062236254112406665,0.044815391302108765,-0.0174208628102979,0.18815611708402014,0.200674906373024,0.012518789289003851
dcf5014e56649c2f,2024-03-02,UFC Fight Night: Rozenstruik vs. Gaziev,Umar Nurmagomedov,Bekzat Almakhan,2,red_dec,2024,0.19291434556160722,0.18029947578907013,-0.01261486977253709,0.37705985723405044,0.33111926913261414,-0.04594058810143631,0.3130308248735513,0.3931359350681305,0.08010511019457917,0.04365956241657426,0.03823048993945122,-0.0054290724771230425,0.018033297519889368,0.010372341610491276,-0.007660955909398092,0.0553021123943274,0.04684251919388771,-0.008459593200439687
df3cc5ec78d05a71,2024-03-02,UFC Fight Night: Rozenstruik vs. Gaziev,Vitor Petrino,Tyson Pedro,2,red_dec,2024,0.33132530120481934,0.35780224204063416,0.02647694083581481,0.21204819277108436,0.2009062021970749,-0.01114199057400947,0.21204819277108436,0.262411504983902,0.05036331221281762,0.10602409638554218,0.09068568795919418,-0.015338408426347996,0.06626506024096386,0.03082992322742939,-0.03543513701353447,0.07228915662650603,0.05736444517970085,-0.014924711446805183
0133019a4f1055ee,2024-03-09,UFC 299: O'Malley vs. Vera 2,Curtis Blaydes,Jailton Almeida,0,red_ko_tko,2024,0.25096874660486007,0.2406739592552185,-0.010294787349641565,0.03884040126027596,0.032837316393852234,-0.006003084866423723,0.1812552058812878,0.21503126621246338,0.033776060331175584,0.16312968529315905,0.18092983961105347,0.017800154317894418,0.21750624705754537,0.15429885685443878,-0.06320739020310659,0.14829971390287186,0.17622871696949005,0.02792900306661819
270edfb687c0d20c,2024-03-09,UFC 299: O'Malley vs. Vera 2,Kevin Holland,Michael Page,5,blue_dec,2024,0.15189873417721522,0.16890127956867218,0.017002545391456958,0.12852969814995133,0.10083704441785812,-0.027692653732093203,0.2784810126582279,0.31364575028419495,0.03516473762596706,0.15189873417721522,0.15476123988628387,0.0028625057090686523,0.03213242453748783,0.016335638239979744,-0.015796786297508088,0.25705939629990265,0.2455190122127533,-0.011540384087149358
33658a3ca932d15d,2024-03-09,UFC 299: O'Malley vs. Vera 2,Katlyn Cerminara,Maycee Barber,5,blue_dec,2024,0.06305823613572535,0.06273144483566284,-0.00032679130006250945,0.04822100410378997,0.0425446592271328,-0.00567634487665717,0.26024033960775533,0.28694191575050354,0.026701576142748207,0.1639514139528859,0.11891837418079376,-0.04503303977209214,0.05465047131762863,0.03968780115246773,-0.014962670165160903,0.4098785348822147,0.4491758644580841,0.0392973295758694
68f7f992603192c6,2024-03-09,UFC 299: O'Malley vs. Vera 2,Gilbert Burns,Jack Della Maddalena,3,blue_ko_tko,2024,0.08327197175364641,0.08887342363595963,0.005601451882313216,0.19365574826429396,0.1511353999376297,-0.042520348326664265,0.15140358500662984,0.1766647845506668,0.025261199544036966,0.3469665489735267,0.3210897445678711,-0.025876804405655596,0.03965331988268876,0.03733879327774048,-0.0023145266049482832,0.18504882611921422,0.2248978465795517,0.039849020460337475
6e73ebbd089aff5e,2024-03-09,UFC 299: O'Malley vs. Vera 2,Dustin Poirier,Benoit Saint Denis,0,red_ko_tko,2024,0.1805869074492099,0.1676735132932663,-0.012913394155943614,0.06772009029345372,0.05380532145500183,-0.013914768838451885,0.10158013544018057,0.1262710690498352,0.02469093360965463,0.20316027088036115,0.24067023396492004,0.037509963084558895,0.33860045146726864,0.28248727321624756,-0.05611317825102108,0.10835214446952596,0.12909260392189026,0.0207404594523643
8baff440b82afd2b,2024-03-09,UFC 299: O'Malley vs. Vera 2,Mateusz Gamrot,Rafael Dos Anjos,2,red_dec,2024,0.18041983102008186,0.17248699069023132,-0.007932840329850532,0.08118892395903685,0.06390302628278732,-0.017285897676249523,0.5166567888302345,0.5955293774604797,0.07887258863024527,0.03866139236144611,0.03460776433348656,-0.004053628027959555,0.04775819056413932,0.025163186714053154,-0.022595003850086164,0.1353148732650614,0.10830961167812347,-0.027005261586937918
cbdf29f36b343f6f,2024-03-09,UFC 299: O'Malley vs. Vera 2,Robelis Despaigne,Josh Parisian,0,red_ko_tko,2024,0.6211566306106805,0.6386834979057312,0.017526867295050708,0.07529171280129461,0.08406921476125717,0.008777501959962561,0.04871816710672004,0.06576644629240036,0.017048279185680318,0.12741674474065243,0.0987480953335762,-0.028668649407076224,0.06370837237032621,0.04691779613494873,-0.016790576235377483,0.06370837237032621,0.06581500917673111,0.0021066368064048963
ebb758b49e82d0ed,2024-03-09,UFC 299: O'Malley vs. Vera 2,Pedro Munhoz,Kyler Phillips,5,blue_dec,2024,0.06911551474142098,0.05015870928764343,-0.01895680545377755,0.0637989366843886,0.04533819854259491,-0.018460738141793692,0.20734654422426296,0.18440476059913635,-0.02294178362512661,0.13823102948284197,0.08590694516897202,-0.05232408431386995,0.06911551474142098,0.054677147418260574,-0.014438367323160409,0.4523924601256646,0.5795142650604248,0.12712180493476022
f0a9dfbb6f6ac852,2024-03-09,UFC 299: O'Malley vs. Vera 2,Michel Pereira,Michal Oleksiejczuk,1,red_sub,2024,0.23192415479100825,0.24601483345031738,0.01409067865930913,0.1475880985033689,0.1394885629415512,-0.008099535561817695,0.20293363544213222,0.23593473434448242,0.0330010989023502,0.23874545346133205,0.1976335644721985,-0.041111888989133566,0.031220559298789575,0.022061798721551895,-0.00915876057723768,0.1475880985033689,0.1588665097951889,0.01127841129182
35f9beb94b4ef9e2,2024-03-16,UFC Fight Night: Tuivasa vs. Tybura,Ovince Saint Preux,Kennedy Nzechukwu,2,red_dec,2024,0.0628930817610063,0.07021184265613556,0.007318760895129256,0.05450733752620546,0.04944241791963577,-0.005064919606569684,0.05450733752620546,0.06400350481271744,0.00949616728651198,0.5660377358490567,0.5515742897987366,-0.014463446050320128,0.1257861635220126,0.11477388441562653,-0.01101227910638608,0.13626834381551364,0.14999407529830933,0.013725731482795683
8bc0c220f7dcefa7,2024-03-16,UFC Fight Night: Tuivasa vs. Tybura,Tai Tuivasa,Marcin Tybura,4,blue_sub,2024,0.39777224634553904,0.43313026428222656,0.035358017936687525,0.0397772246345539,0.0311876367777586,-0.008589587856795304,0.04913657160739012,0.06749382615089417,0.018357254543504044,0.25702206686942525,0.26330339908599854,0.006281332216573288,0.15187667587738765,0.09352017194032669,-0.05835650393706096,0.10441521466570401,0.11136472970247269,0.006949515036768675
0e6782b758451063,2024-03-23,UFC Fight Night: Ribas vs. Namajunas,Jarno Errens,Steven Nguyen,2,red_dec,2024,0.13363028953229397,0.1385599672794342,0.004929677747140232,0.08908685968819599,0.08450222760438919,-0.0045846320838068,0.17817371937639198,0.1882934868335724,0.010119767457180406,0.17817371937639198,0.21757027506828308,0.0393965556918911,0.10022271714922049,0.05349893495440483,-0.046723782194815655,0.3207126948775056,0.3175750970840454,-0.0031375977934601784
127be512f86618b2,2024-03-23,UFC Fight Night: Ribas vs. Namajunas,Payton Talbott,Cameron Saaiman,0,red_ko_tko,2024,0.18357265326976543,0.1660418063402176,-0.017530846929547844,0.09178632663488272,0.10617812722921371,0.014391800594330997,0.31172714706186583,0.4195735454559326,0.10784639839406679,0.11014359196185926,0.07304790616035461,-0.037095685801504644,0.04859276115964379,0.03298845887184143,-0.015604302287802359,0.2541775199119829,0.20217013359069824,-0.052007386321284654
48ff3f1bcefbf965,2024-03-23,UFC Fight Night: Ribas vs. Namajunas,Miles Johns,Cody Gibson,2,red_dec,2024,0.2075930816131842,0.2523845136165619,0.04479143200337768,0.05535815509684912,0.04106629639863968,-0.01429185869820944,0.29656154516169175,0.3646659553050995,0.06810441014340773,0.12774958868503644,0.10514822602272034,-0.022601362662316105,0.07548839331388517,0.050364043563604355,-0.025124349750280814,0.23724923612935336,0.18637096881866455,-0.05087826731068881
8c8337ce8437fe2e,2024-03-23,UFC Fight Night: Ribas vs. Namajunas,Ricardo Ramos,Julian Erosa,4,blue_sub,2024,0.2567901234567901,0.29323115944862366,0.03644103599183357,0.17975308641975307,0.16240006685256958,-0.017353019567183492,0.17975308641975307,0.22389614582061768,0.044143059400864604,0.1348148148148148,0.1359023004770279,0.001087485662213089,0.12444444444444444,0.08397797495126724,-0.0404664694931772,0.12444444444444444,0.10059236735105515,-0.023852077093389296
a1294453a28beda3,2024-03-23,UFC Fight Night: Ribas vs. Namajunas,Fernando Padilla,Luis Pajuelo,1,red_sub,2024,0.2489134729355986,0.2330838292837143,-0.0158296436518843,0.1244567364677993,0.10664074867963791,-0.01781598778816139,0.23113393915448438,0.2950882613658905,0.06395432221140612,0.17977084156459897,0.15432816743850708,-0.025442674126091885,0.05393125246937969,0.027882417663931847,-0.02604883480544784,0.1617937574081391,0.18297652900218964,0.021182771594050548
cd6452a463ec8a28,2024-03-23,UFC Fight Night: Ribas vs. Namajunas,Karl Williams,Justin Tafa,2,red_dec,2024,0.23129343259210913,0.22994576394557953,-0.001347668646529604,0.10119087675904775,0.08320525288581848,-0.017985623873229273,0.29437345966268436,0.37966716289520264,0.08529370323251828,0.25699270288012127,0.2016795575618744,-0.05531314531824688,0.03519682669879922,0.027495838701725006,-0.007700987997074214,0.0809527014072382,0.07800641655921936,-0.002946284848018843
d564e3a6c77d0c85,2024-03-23,UFC Fight Night: Ribas vs. Namajunas,Edmen Shahbazyan,AJ Dobson,0,red_ko_tko,2024,0.34941763727121466,0.38004738092422485,0.03062974365301019,0.08929561841375486,0.0711156576871872,-0.018179960726567662,0.20091514143094844,0.25853314995765686,0.057618008526708425,0.11480865224625623,0.10140666365623474,-0.013401988590021494,0.06697171381031614,0.03206433355808258,-0.034907380252233555,0.17859123682750971,0.15683279931545258,-0.02175843751205714
de7cb625bdec0f91,2024-03-23,UFC Fight Night: Ribas vs. Namajunas,Kurt Holobaugh,Trey Ogden,5,blue_dec,2024,0.1467484662576687,0.11424487084150314,-0.03250359541616557,0.1467484662576687,0.0999436005949974,-0.04680486566267131,0.1467484662576687,0.20210301876068115,0.05535455250301244,0.06208588957055215,0.08451204746961594,0.022426157899063784,0.1467484662576687,0.12580189108848572,-0.020946575169182996,0.35092024539877303,0.37339457869529724,0.022474333296524207
faf19712bd7ea41e,2024-03-23,UFC Fight Night: Ribas vs. Namajunas,Amanda Ribas,Rose Namajunas,5,blue_dec,2024,0.07520143240823635,0.07147432118654251,-0.003727111221693835,0.1181736794986571,0.0993514433503151,-0.01882223614834201,0.1504028648164727,0.17818832397460938,0.027785459158136683,0.3446732318710833,0.3798048794269562,0.03513164755587289,0.07520143240823635,0.044931087642908096,-0.03027034476532825,0.2363473589973142,0.22624993324279785,-0.01009742575451636
636b01ee49925e49,2024-03-30,UFC Fight Night: Blanchfield vs. Fiorot,Nate Landwehr,Jamall Emmers,0,red_ko_tko,2024,0.13552361396303902,0.11183496564626694,-0.023688648316772087,0.07392197125256675,0.0503251850605011,-0.02359678619206565,0.1806981519507187,0.19379110634326935,0.013092954392550649,0.20328542094455854,0.23339423537254333,0.030108814427984798,0.08131416837782342,0.054369837045669556,-0.026944331332153862,0.32525667351129367,0.35628464818000793,0.031027974668714264
697e38075fd41819,2024-03-30,UFC Fight Night: Blanchfield vs. Fiorot,Ibo Aslan,Anton Turkalj,0,red_ko_tko,2024,0.4071530257998452,0.3959012031555176,-0.011251822644327614,0.042858213242088966,0.04557431489229202,0.0027161016502030566,0.06263892704613004,0.07607097178697586,0.01343204474084582,0.13571767526661507,0.1117156445980072,-0.02400203066860787,0.2035765128999226,0.18119411170482635,-0.02238240119509624,0.14805564574539826,0.18954381346702576,0.0414881677216275
77992b8727382373,2024-03-30,UFC Fight Night: Blanchfield vs. Fiorot,Chris Weidman,Bruno Silva,2,red_dec,2024,0.06367588375219105,0.06466726213693619,0.0009913783847451396,0.13796441479641391,0.1260918229818344,-0.011872591814579503,0.16555729775569672,0.21955828368663788,0.05400098593094116,0.4336024465030152,0.4290732145309448,-0.004529231972070391,0.048693322869322556,0.037448298186063766,-0.011245024683258789,0.15050663432336064,0.12316113710403442,-0.02734549721932622
91aa08e910fb4412,2024-03-30,UFC Fight Night: Blanchfield vs. Fiorot,Bill Algeo,Kyle Nelson,3,blue_ko_tko,2024,0.14783116125267456,0.1427592635154724,-0.005071897737202152,0.162614277377942,0.15119343996047974,-0.011420837417462276,0.36957790313168637,0.39968594908714294,0.030108045955456575,0.07391558062633728,0.07112453132867813,-0.002791049297659151,0.04279323088893211,0.029197238385677338,-0.013595992503254772,0.2032678467224275,0.20603959262371063,0.0027717459012831236
976abc27a4e5e26a,2024-03-30,UFC Fight Night: Blanchfield vs. Fiorot,Julio Arce,Herbert Burns,0,red_ko_tko,2024,0.3853564547206165,0.3577493131160736,-0.027607141604542917,0.16184971098265896,0.18199601769447327,0.020146306711814305,0.20231213872832368,0.22008757293224335,0.017775434203919666,0.05394990366088632,0.043186333030462265,-0.010763570630424053,0.11560693641618495,0.0958460345864296,-0.01976090182975536,0.08092485549132948,0.10113470256328583,0.020209847071956347
99dc6d45cbdfa322,2024-03-30,UFC Fight Night: Blanchfield vs. Fiorot,Virna Jandiroba,Loopy Godinez,2,red_dec,2024,0.03922282853045943,0.034406863152980804,-0.004815965377478623,0.12671990755994586,0.11427218466997147,-0.012447722889974394,0.18303986647547732,0.2145756334066391,0.03153576693116178,0.102959924892456,0.07785328477621078,-0.02510664011624522,0.07487994537633164,0.06416258215904236,-0.010717363217289277,0.47317752716532974,0.4947294592857361,0.021551932120406347
de12349f334c964e,2024-03-30,UFC Fight Night: Blanchfield vs. Fiorot,Vicente Luque,Joaquin Buckley,3,blue_ko_tko,2024,0.2348121108700814,0.22406305372714996,-0.010749057142931423,0.14942588873550633,0.12524965405464172,-0.024176234680864606,0.1369737313408808,0.15729759633541107,0.02032386499453026,0.2417183494250838,0.23483669757843018,-0.006881651846653625,0.031609322617126345,0.021584268659353256,-0.010025053957773089,0.20546059701132122,0.2369687855243683,0.03150818851304707
e30250daa73005a8,2024-03-30,UFC Fight Night: Blanchfield vs. Fiorot,Nursulton Ruziboev,Sedriques Dumas,0,red_ko_tko,2024,0.2301214082643446,0.17719590663909912,-0.05292550162524548,0.3221699715700825,0.33155184984207153,0.009381878271989053,0.08949165876946735,0.11200908571481705,0.022517426945349694,0.16108498578504124,0.17489637434482574,0.013811388559784504,0.07322044808410966,0.054837796837091446,-0.01838265124701821,0.1239115275269548,0.14950896799564362,0.02559744046868881
e6d4fdad2b3422d1,2024-03-30,UFC Fight Night: Blanchfield vs. Fiorot,Erin Blanchfield,Manon Fiorot,5,blue_dec,2024,0.09054804038463188,0.09732524305582047,0.006777202671188587,0.29104727266488817,0.31189262866973877,0.0208453560048506,0.2507484195266729,0.2922433018684387,0.04149488234176579,0.13582206057694782,0.12012620270252228,-0.01569585787442554,0.02810111598143748,0.010644982568919659,-0.01745613341251782,0.2037330908654217,0.16776764392852783,-0.03596544693689388
eb9f9f61507497a5,2024-03-30,UFC Fight Night: Blanchfield vs. Fiorot,Chidi Njokuani,Rhys McKee,2,red_dec,2024,0.3814347073530355,0.32249096035957336,-0.05894374699346211,0.08391563561766781,0.05970073863863945,-0.024214896979028358,0.09323959513074201,0.10730809718370438,0.014068502052962367,0.26639884323069146,0.3630864918231964,0.09668764859250495,0.0762869414706071,0.05577566474676132,-0.020511276723845784,0.09872427719725624,0.09163806587457657,-0.00708621132267967
f59cefe16905d62c,2024-03-30,UFC Fight Night: Blanchfield vs. Fiorot,Dennis Buzukja,Connor Matthews,0,red_ko_tko,2024,0.18034898700081978,0.1814807951450348,0.001131808144215013,0.07377913104578991,0.053365547209978104,-0.020413583835811808,0.27052348050122965,0.3211078345775604,0.05058435407633077,0.10820939220049187,0.15284720063209534,0.04463780843160346,0.13526174025061483,0.06986723840236664,-0.06539450184824819,0.231877269001054,0.221331387758255,-0.010545881242798982
0b9cd718d7e329e8,2024-04-06,UFC Fight Night: Allen vs. Curtis 2,Court McGee,Alex Morono,5,blue_dec,2024,0.043160359731944896,0.04103965684771538,-0.002120702884229518,0.03904984928128348,0.034756001085042953,-0.004293848196240527,0.1822326299793229,0.23895195126533508,0.056719321286012175,0.29819884905707383,0.29117584228515625,-0.007023006771917584,0.16400936698139063,0.11920906603336334,-0.04480030094802728,0.2733489449689843,0.2748674750328064,0.0015185300638220767
188e6416157e5a1f,2024-04-06,UFC Fight Night: Allen vs. Curtis 2,Norma Dumont,Germaine de Randamie,2,red_dec,2024,0.04394044449185399,0.04486607387661934,0.0009256293847653488,0.08348684453452258,0.08206295967102051,-0.0014238848635020757,0.39755640254534563,0.44317764043807983,0.0456212378927342,0.18552632118782794,0.23354746401309967,0.04802114282527173,0.04394044449185399,0.02110210619866848,-0.02283833829318551,0.24554954274859583,0.17524376511573792,-0.07030577763285792
32375b4435fea5e6,2024-04-06,UFC Fight Night: Allen vs. Curtis 2,Morgan Charriere,Chepe Mariscal,5,blue_dec,2024,0.22721252440800868,0.17427511513233185,-0.05293740927567683,0.06554207434846406,0.0657421350479126,0.00020006069944854266,0.2704911004857246,0.3253321051597595,0.05484100467403491,0.09467188517000362,0.073004350066185,-0.021667535103818622,0.05325293540812703,0.03118021972477436,-0.022072715683352673,0.288829480179672,0.330466091632843,0.04163661145317099
3ce96bb0c69b39be,2024-04-06,UFC Fight Night: Allen vs. Curtis 2,Brendan Allen,Chris Curtis,2,red_dec,2024,0.105347104955739,0.11789767444133759,0.012550569485598587,0.30646430532578617,0.24470174312591553,-0.06176256219987064,0.2593159506602806,0.31244805455207825,0.05313210389179762,0.2006611522966457,0.23338501155376434,0.032723859257118654,0.029061270332617652,0.013109756633639336,-0.015951513698978317,0.09915021642893082,0.0784577876329422,-0.02069242879598862
3cf5e0ebb5f8322c,2024-04-06,UFC Fight Night: Allen vs. Curtis 2,Dylan Budka,Cesar Almeida,3,blue_ko_tko,2024,0.1354347119067057,0.13322152197360992,-0.0022131899330957716,0.14774695844367894,0.1473439484834671,-0.00040300996021183644,0.30664463073216386,0.361115962266922,0.05447133153475814,0.15478252789337793,0.15113301575183868,-0.003649512141539246,0.03869563197334448,0.015350847505033016,-0.023344784468311466,0.2166955390507291,0.1918346881866455,-0.0248608508640836
47f8812a335b6ce9,2024-04-06,UFC Fight Night: Allen vs. Curtis 2,Trevor Peek,Charlie Campbell,5,blue_dec,2024,0.2758560019776206,0.31842365860939026,0.042567656631769646,0.04355621083857168,0.029465626925230026,-0.014090583913341656,0.07523345508480564,0.08069448173046112,0.005461026645655481,0.35981217649254865,0.3493364751338959,-0.010475701358652778,0.12731815475890185,0.10054699331521988,-0.026771161443681968,0.1182240008475517,0.12153273820877075,0.003308737361219047
5c3b8819dbe98114,2024-04-06,UFC Fight Night: Allen vs. Curtis 2,Pedro Falcao,Victor Hugo,5,blue_dec,2024,0.1573095509370212,0.1450009047985077,-0.012308646138513513,0.12100734687463169,0.10302014648914337,-0.017987200385488317,0.1573095509370212,0.19735538959503174,0.040045838658010535,0.14300868267001926,0.148758664727211,0.005749982057191738,0.19663693867127646,0.14356020092964172,-0.05307673774163474,0.22472792991003024,0.2623046636581421,0.03757673374811185
6ff21ea2c75c48ed,2024-04-06,UFC Fight Night: Allen vs. Curtis 2,Ignacio Bahamondes,Christos Giagos,0,red_ko_tko,2024,0.30152904495093025,0.3474911153316498,0.04596207038071953,0.17275101533647047,0.17370277643203735,0.0009517610955668832,0.2369156781757309,0.2617255747318268,0.02480989655609589,0.09213387484611757,0.06499018520116806,-0.02714368964494951,0.06910040613458818,0.027691371738910675,-0.0414090343956775,0.1275699805561628,0.12439894676208496,-0.003171033794077849
9c22ddb8d8fc1838,2024-04-06,UFC Fight Night: Allen vs. Curtis 2,Alexander Hernandez,Damon Jackson,5,blue_dec,2024,0.3759398496240602,0.42623481154441833,0.05029496192035815,0.07518796992481204,0.06995964795351028,-0.005228321971301755,0.16541353383458648,0.1979702115058899,0.03255667767130341,0.08270676691729324,0.07224415242671967,-0.010462614490573577,0.15037593984962408,0.09565238654613495,-0.05472355330348913,0.15037593984962408,0.13793879747390747,-0.012437142375716609
ff5a8078ea85bbc7,2024-04-06,UFC Fight Night: Allen vs. Curtis 2,Valter Walker,Lukasz Brzeski,5,blue_dec,2024,0.35927119272333263,0.3666878640651703,0.007416671341837655,0.09181374925151833,0.09977620095014572,0.007962451698627387,0.20658093581591627,0.24025070667266846,0.033669770856752185,0.16526474865273302,0.1500852108001709,-0.015179537852562125,0.039348749679222146,0.025861134752631187,-0.013487614926590959,0.13772062387727751,0.1173388883471489,-0.02038173553012862
01f7c28804746979,2024-04-13,UFC 300: Pereira vs. Hill,Charles Oliveira,Arman Tsarukyan,5,blue_dec,2024,0.12528136557724912,0.12443704158067703,-0.0008443239965720828,0.14805979568220348,0.10316038131713867,-0.04489941436506481,0.08143288762521192,0.08716119080781937,0.005728303182607447,0.35405603315309525,0.3918602764606476,0.03780424330755233,0.10179110953151489,0.06935765594244003,-0.03243345358907486,0.18937880843072538,0.22402343153953552,0.03464462310881014
0c2e3988793b418c,2024-04-13,UFC 300: Pereira vs. Hill,Bo Nickal,Cody Brundage,1,red_sub,2024,0.3342916439256203,0.25851839780807495,-0.07577324611754532,0.48009970138253977,0.5770302414894104,0.09693054010687063,0.07597537361945915,0.08680621534585953,0.010830841726400378,0.05571527398760338,0.042295780032873154,-0.013419493954730223,0.02695900354238873,0.013794009573757648,-0.013164993968631081,0.02695900354238873,0.0215553417801857,-0.00540366176220303
538ca98010ed00ec,2024-04-13,UFC 300: Pereira vs. Hill,Sodiq Yusuff,Diego Lopes,3,blue_ko_tko,2024,0.16354650292047326,0.1521272212266922,-0.011419281693781064,0.05451550097349108,0.0431232750415802,-0.01139222593191088,0.21806200389396432,0.25815606117248535,0.04009405727852103,0.23363786131496178,0.24772769212722778,0.014089830812266002,0.20443312865059157,0.18554562330245972,-0.018887505348131856,0.1258050022465179,0.11332011967897415,-0.012484882567543737
b1ac165326d8f29e,2024-04-13,UFC 300: Pereira vs. Hill,Holly Holm,Kayla Harrison,4,blue_sub,2024,0.07524807056229328,0.09274611622095108,0.0174980456586578,0.02299246600514517,0.01950400322675705,-0.003488462778388119,0.11824696802646086,0.15123987197875977,0.03299290395229891,0.18393972804116135,0.17332464456558228,-0.010615083475579074,0.25468577728776187,0.19340521097183228,-0.0612805663159296,0.34488699007717755,0.36978012323379517,0.02489313315661762
cf5e8f98159c3971,2024-04-13,UFC 300: Pereira vs. Hill,Justin Gaethje,Max Holloway,3,blue_ko_tko,2024,0.3356092591784737,0.32457977533340454,-0.011029483845069132,0.036479267302008005,0.027715347707271576,-0.008763919594736429,0.20975578698654604,0.2410000115633011,0.031244224576755047,0.12908048429941296,0.12967748939990997,0.0005970051004970112,0.04935430282036377,0.039138540625572205,-0.010215762194791568,0.23972089941319547,0.23788882791996002,-0.0018320714932354432
e4931f3ab3bf4141,2024-04-13,UFC 300: Pereira vs. Hill,Alex Pereira,Jamahal Hill,0,red_ko_tko,2024,0.3968253968253969,0.3512580096721649,-0.045567387153232,0.03968253968253969,0.0374491922557354,-0.00223334742680429,0.11904761904761907,0.13798576593399048,0.01893814688637141,0.27777777777777785,0.3037414848804474,0.025963707102669542,0.055555555555555566,0.03951546922326088,-0.016040086332294687,0.11111111111111113,0.13005012273788452,0.01893901162677339
eda1e8c285a0a788,2024-04-13,UFC 300: Pereira vs. Hill,Jiri Prochazka,Aleksandar Rakic,0,red_ko_tko,2024,0.3106840079494856,0.27932965755462646,-0.03135435039485912,0.06333174008201052,0.050132039934396744,-0.013199700147613777,0.10977501614215156,0.12828794121742249,0.018512925075270928,0.2533269603280421,0.30634117126464844,0.053014210936606354,0.04333224321400719,0.02307646907866001,-0.020255774135347182,0.21955003228430311,0.2128327339887619,-0.006717298295541213
0976778a6e6cf8a8,2024-04-27,UFC Fight Night: Nicolau vs. Perez,Gabriel Benitez,Maheshate,5,blue_dec,2024,0.11733333333333333,0.10936244577169418,-0.007970887561639148,0.06844444444444445,0.070113405585289,0.0016689611408445548,0.14933333333333335,0.16491371393203735,0.015580380598704008,0.39111111111111113,0.4110523760318756,0.01994126492076448,0.05475555555555556,0.042277853935956955,-0.012477701619598602,0.21902222222222223,0.2022802084684372,-0.016742013753785034
0a85b3ad328205ff,2024-04-27,UFC Fight Night: Nicolau vs. Perez,James Llontop,Chris Padilla,4,blue_sub,2024,0.45705466848697096,0.45815733075141907,0.0011026622644481066,0.0747907639342316,0.06090854853391647,-0.013882215400315132,0.2350566866504422,0.2820892333984375,0.04703254674799531,0.08226984032765478,0.08186165243387222,-0.00040818789378255227,0.06855820027304563,0.03516151383519173,-0.0333966864378539,0.08226984032765478,0.08182176947593689,-0.0004480708517178855
417049c7a3d65ccc,2024-04-27,UFC Fight Night: Nicolau vs. Perez,Don'Tale Mayes,Caio Machado,2,red_dec,2024,0.1837270341207349,0.1484784483909607,-0.03524858572977421,0.05511811023622048,0.0452486090362072,-0.00986950120001328,0.23622047244094488,0.2772423028945923,0.04102183045364741,0.1377952755905512,0.12140539288520813,-0.016389882705343056,0.09186351706036745,0.0723610445857048,-0.01950247247466265,0.29527559055118113,0.3352642357349396,0.03998864518375844
4915c8a588513c22,2024-04-27,UFC Fight Night: Nicolau vs. Perez,Marnic Mann,Ketlen Souza,5,blue_dec,2024,0.0317643661565117,0.035144247114658356,0.003379880958146654,0.0635287323130234,0.06758948415517807,0.004060751842154667,0.16517470401386086,0.18374858796596527,0.01857388395210441,0.20646838001732604,0.18921154737472534,-0.017256832642600695,0.08258735200693043,0.04892750456929207,-0.03365984743763836,0.4504764654923477,0.4753786623477936,0.02490219685544587
55231cc4112334b4,2024-04-27,UFC Fight Night: Nicolau vs. Perez,Rani Yahya,Victor Henry,3,blue_ko_tko,2024,0.03903027021300389,0.027391396462917328,-0.011638873750086563,0.09642772640859786,0.06836848706007004,-0.028059239348527817,0.09642772640859786,0.1150682270526886,0.018640500644090743,0.3092964809332384,0.3796731233596802,0.07037664242644176,0.10245445930913522,0.06838663667440414,-0.03406782263473107,0.3563633367274268,0.3411121070384979,-0.015251229688928891
681cd3cc6299d652,2024-04-27,UFC Fight Night: Nicolau vs. Perez,Austin Hubbard,Michal Figlak,2,red_dec,2024,0.09099583420605552,0.07248330861330032,-0.018512525592755194,0.04817426516791175,0.04850485175848007,0.0003305865905683242,0.24087132583955875,0.2905395030975342,0.04966817725797543,0.18199166841211104,0.16725224256515503,-0.014739425846956006,0.08189625078544997,0.08328712731599808,0.0013908765305481047,0.35607065558891293,0.3379329442977905,-0.018137711291122405
6ea77cb62aa2f276,2024-04-27,UFC Fight Night: Nicolau vs. Perez,Tim Means,Uros Medic,3,blue_ko_tko,2024,0.09142019066242973,0.10961395502090454,0.018193764358474807,0.04839892446834516,0.0663081631064415,0.01790923863809634,0.1371302859936446,0.18482735753059387,0.04769707153694927,0.4487900268882914,0.30679041147232056,-0.14199961541597084,0.09142019066242973,0.0855851098895073,-0.005835080772922441,0.18284038132485947,0.24687498807907104,0.06403460675421158
7ca5604d99220e88,2024-04-27,UFC Fight Night: Nicolau vs. Perez,Jonathan Pearce,David Onama,5,blue_dec,2024,0.16258064516129034,0.1310867965221405,-0.031493848639149835,0.13548387096774195,0.1006234735250473,-0.034860397442694646,0.2709677419354839,0.36253243684768677,0.09156469491220287,0.23225806451612904,0.23787817358970642,0.005620109073577378,0.0903225806451613,0.06489896774291992,-0.025423612902241377,0.10838709677419356,0.10298019647598267,-0.005406900298210893
2db0998b24c11ea0,2024-05-04,UFC 301: Pantoja vs. Erceg,Paul Craig,Caio Borralho,3,blue_ko_tko,2024,0.05424886191198786,0.05084129422903061,-0.0034075676829572535,0.07397572078907436,0.06059887260198593,-0.013376848187088425,0.05424886191198786,0.059810951352119446,0.005562089440131583,0.2712443095599393,0.28120511770248413,0.009960808142544852,0.2503793626707132,0.1771002560853958,-0.07327910658531739,0.2959028831562974,0.3704434633255005,0.07454058016920306
2faf5b8d708f8e94,2024-05-04,UFC 301: Pantoja vs. Erceg,Joaquim Silva,Drakkar Klose,5,blue_dec,2024,0.16661191486752255,0.1504177302122116,-0.016194184655310945,0.07573268857614661,0.044164594262838364,-0.031568094313308245,0.1281630114365558,0.1369709074497223,0.008807896013166477,0.29230160503074126,0.30765601992607117,0.015354414895329904,0.03966950353988632,0.021915623918175697,-0.01775387962171062,0.2975212765491474,0.3388751447200775,0.04135386817093012
3e74caa9fff4a5eb,2024-05-04,UFC 301: Pantoja vs. Erceg,Michel Pereira,Ihor Potieria,1,red_sub,2024,0.46550442278101833,0.42413491010665894,-0.0413695126743594,0.18007166971776015,0.1921493411064148,0.012077671388654648,0.16881719036040016,0.20905853807926178,0.04024134771886162,0.0953320604388142,0.09142851084470749,-0.0039035495941067144,0.027942155645859335,0.02441548928618431,-0.0035266663596750236,0.06233250105614775,0.05881325155496597,-0.0035192495011817787
3f419fce8ba8aa0e,2024-05-04,UFC 301: Pantoja vs. Erceg,Alexandre Pantoja,Steve Erceg,2,red_dec,2024,0.1459936706522676,0.14187370240688324,-0.004119968245384353,0.21130662857565047,0.20770296454429626,-0.0036036640313542034,0.2676550628624906,0.3010767102241516,0.03342164736166103,0.16728441428905663,0.17101696133613586,0.003732547047079232,0.061766552968267066,0.03963378444314003,-0.022132768525127036,0.1459936706522676,0.1386958807706833,-0.0072977898815843045
8a121f9c48f3773c,2024-05-04,UFC 301: Pantoja vs. Erceg,Elves Brener,Myktybek Orolbai,5,blue_dec,2024,0.054173506755903524,0.0542723722755909,9.886551968737306e-05,0.12501578482131584,0.10525399446487427,-0.019761790356441572,0.1354337668897588,0.1429990828037262,0.007565315913967391,0.18057835585301174,0.12485011667013168,-0.05572823918288006,0.1354337668897588,0.13895991444587708,0.00352614755611827,0.3693648187902513,0.433664470911026,0.06429965212077471
a8718a3419a11e15,2024-05-04,UFC 301: Pantoja vs. Erceg,Anthony Smith,Vitor Petrino,1,red_sub,2024,0.09115952917605809,0.09601143002510071,0.00485190084904262,0.06311044327573254,0.041842784732580185,-0.02126765854315235,0.06836964688204357,0.07515321671962738,0.006783569837583811,0.3906836964688204,0.3702535927295685,-0.020430103739251915,0.12622088655146507,0.10104911774396896,-0.02517176880749611,0.2604557976458802,0.3156898319721222,0.055234034326241965
b3d88eaea611a4a8,2024-05-04,UFC 301: Pantoja vs. Erceg,Jose Aldo,Jonathan Martinez,2,red_dec,2024,0.13579387186629524,0.12837287783622742,-0.007420994030067823,0.031337047353760444,0.022868430241942406,-0.008468617111818039,0.2715877437325905,0.3010011613368988,0.029413417604308323,0.181058495821727,0.1766999065876007,-0.004358589234126298,0.054317548746518104,0.03770923241972923,-0.01660831632678887,0.32590529247910865,0.3333483636379242,0.00744307115881554
c456b1950208e0b2,2024-05-04,UFC 301: Pantoja vs. Erceg,Jack Shore,Joanderson Brito,3,blue_ko_tko,2024,0.06806282722513088,0.08102716505527496,0.012964337830144085,0.13612565445026176,0.1187436655163765,-0.017381988933885262,0.18150087260034903,0.23545804619789124,0.05395717359754221,0.2513089005235602,0.21820814907550812,-0.03310075144805208,0.18150087260034903,0.14168639481067657,-0.03981447778967245,0.18150087260034903,0.20487657189369202,0.02337569929334299
c84a29f426f1aab7,2024-05-04,UFC 301: Pantoja vs. Erceg,Karolina Kowalkiewicz,Iasmin Lucindo,5,blue_dec,2024,0.03586293320020074,0.035899657756090164,3.6724555889426636e-05,0.043413024400243,0.036256641149520874,-0.007156383250722126,0.14997226610993036,0.16387058794498444,0.013898321835054073,0.18329943635658155,0.13908927142620087,-0.044210164930380685,0.1649694927209234,0.14213721454143524,-0.022832278179488158,0.4224828472121209,0.4827466309070587,0.06026378369493779
13d8d5cd83e5b57e,2024-05-11,UFC Fight Night: Lewis vs. Nascimento,Tabatha Ricci,Tecia Pennington,2,red_dec,2024,0.05066380083550828,0.045923661440610886,-0.004740139394897397,0.09066153833722534,0.09261661022901535,0.0019550718917900056,0.43064230710182044,0.515773594379425,0.0851312872776046,0.0717737178503034,0.0776318833231926,0.0058581654728891985,0.04306423071018205,0.023222070187330246,-0.0198421605228518,0.31319440516496033,0.24483221769332886,-0.06836218747163147
4b45f190122a1ce1,2024-05-11,UFC Fight Night: Lewis vs. Nascimento,Charles Johnson,Jake Hadley,2,red_dec,2024,0.11811023622047244,0.11852603405714035,0.00041579783666791104,0.0688976377952756,0.06961675733327866,0.0007191195380030629,0.2755905511811024,0.3441450595855713,0.06855450840446892,0.08267716535433071,0.06883637607097626,-0.013840789283354457,0.11023622047244096,0.11166570335626602,0.0014294828838250645,0.344488188976378,0.28721004724502563,-0.05727814173135237
8aa07b6cc40f0cb2,2024-05-11,UFC Fight Night: Lewis vs. Nascimento,Alex Caceres,Sean Woodson,5,blue_dec,2024,0.06433953536380702,0.05596660450100899,-0.008372930862798028,0.0984016423211166,0.07224198430776596,-0.026159658013350642,0.1858697688287758,0.20544515550136566,0.019575386672589873,0.13940232662158186,0.14604023098945618,0.006637904367874314,0.055760930648632745,0.04218414053320885,-0.013576790115423898,0.45622579621608605,0.47812193632125854,0.02189614010517249
8d9bcbb48888a5a3,2024-05-11,UFC Fight Night: Lewis vs. Nascimento,Terrance McKinney,Esteban Ribovics,3,blue_ko_tko,2024,0.18842231933624673,0.17020587623119354,-0.018216443105053187,0.1620431946291722,0.16412539780139923,0.002082203172227043,0.04765976312622711,0.06888758391141891,0.021227820785191802,0.38581713006945756,0.399890661239624,0.014073531170166464,0.13503599552431014,0.10113321989774704,-0.0339027756265631,0.0810215973145861,0.09575721621513367,0.014735618900547573
ccf3b6eda4c2a564,2024-05-11,UFC Fight Night: Lewis vs. Nascimento,JJ Aldrich,Veronica Hardy,5,blue_dec,2024,0.06353626617705328,0.05375828221440315,-0.00977798396265013,0.055064764020112844,0.04808714613318443,-0.006977617886928411,0.3591180262181272,0.43362247943878174,0.07450445322065452,0.055064764020112844,0.03938601538538933,-0.015678748634723516,0.09177460670018807,0.06545598059892654,-0.026318626101261525,0.37544157286440577,0.3596901297569275,-0.01575144310747828
e98eb6de29c62c9c,2024-05-11,UFC Fight Night: Lewis vs. Nascimento,Waldo Cortes-Acosta,Robelis Despaigne,2,red_dec,2024,0.18673127042236695,0.22630320489406586,0.039571934471698905,0.06463774745389625,0.044286709278821945,-0.020351038175074304,0.08402907169006513,0.0938405692577362,0.00981149756767108,0.550535297279737,0.5311357378959656,-0.01939955938377147,0.04942886570003831,0.03813162073493004,-0.011297244965108269,0.06463774745389625,0.0663021057844162,0.0016643583305199494
ec5d705232983b87,2024-05-11,UFC Fight Night: Lewis vs. Nascimento,Billy Ray Goff,Trey Waters,5,blue_dec,2024,0.2158602541554818,0.17636488378047943,-0.039495370375002364,0.05396506353887045,0.06371240317821503,0.009747339639344578,0.14717744601510122,0.21829870343208313,0.07112125741698191,0.3054626238049271,0.2731403112411499,-0.03232231256377721,0.1156394218690081,0.08167320489883423,-0.033966216970173865,0.16189519061661137,0.18681049346923828,0.024915302852626914
17aa636aa98678d3,2024-05-18,UFC Fight Night: Barboza vs. Murphy,Edson Barboza,Lerone Murphy,5,blue_dec,2024,0.22473549799343304,0.17433546483516693,-0.050400033158266105,0.04013133892739876,0.027155617251992226,-0.012975721675406532,0.15322874863188618,0.16062293946743011,0.0073941908355439345,0.22473549799343304,0.24381089210510254,0.019075394111669502,0.05618387449835826,0.03717770054936409,-0.01900617394899417,0.3009850419554907,0.35689735412597656,0.05591231217048587
20220ace492af368,2024-05-18,UFC Fight Night: Barboza vs. Murphy,Themba Gorimbo,Ramiz Brahimaj,2,red_dec,2024,0.21526785274259522,0.2049325704574585,-0.010335282285136721,0.12419299196688187,0.12953980267047882,0.005346810703596952,0.21526785274259522,0.28445863723754883,0.06919078449495361,0.067271203982061,0.056381214410066605,-0.010889989571994399,0.2883051599231186,0.2483939528465271,-0.039911207076591515,0.08969493864274801,0.07629383355379105,-0.013401105088956963
85ddb65429a9d517,2024-05-18,UFC Fight Night: Barboza vs. Murphy,Khaos Williams,Carlston Harris,0,red_ko_tko,2024,0.3607140089720994,0.3914043605327606,0.030690351560661244,0.04880248356681345,0.06430988013744354,0.015507396570630091,0.1276372647132044,0.14198416471481323,0.01434690000160882,0.1276372647132044,0.09994398057460785,-0.027693284138596563,0.1508440401156052,0.07452400773763657,-0.07632003237796864,0.18436493791907302,0.2278335988521576,0.043468660933084574
052f53e006b28132,2024-06-08,UFC Fight Night: Cannonier vs. Imavov,Jared Cannonier,Nassourdine Imavov,3,blue_ko_tko,2024,0.18145430286857903,0.1484353244304657,-0.03301897843811333,0.03888306490040979,0.02910403534770012,-0.009779029552709671,0.23329838940245876,0.24535533785820007,0.012056948455741318,0.20413609072715141,0.2319904863834381,0.027854395656286696,0.10206804536357571,0.08472107350826263,-0.017346971855313073,0.2401601067378252,0.26039373874664307,0.020233632008817865
2d12ae4683bbf433,2024-06-08,UFC Fight Night: Cannonier vs. Imavov,Dominick Reyes,Dustin Jacoby,0,red_ko_tko,2024,0.1389301634472511,0.12013698369264603,-0.018793179754605066,0.04903417533432392,0.034384530037641525,-0.014649645296682397,0.1389301634472511,0.15933868288993835,0.020408519442687262,0.3789004457652303,0.417092502117157,0.038192056351926684,0.04903417533432392,0.028383955359458923,-0.020650219974865,0.2451708766716196,0.2406633347272873,-0.004507541944332311
393f9bc7b51791a6,2024-06-08,UFC Fight Night: Cannonier vs. Imavov,Miguel Baeza,Punahele Soriano,5,blue_dec,2024,0.2922670996549625,0.26841220259666443,-0.023854897058298075,0.17860767201136596,0.16361093521118164,-0.014996736800184318,0.16074690481022938,0.19749996066093445,0.03675305585070507,0.21432920641363915,0.2582288384437561,0.04389963203011696,0.053582301603409786,0.0305765550583601,-0.023005746545049686,0.10046681550639336,0.08167150616645813,-0.01879530933993523
3b12094dd48c2dc5,2024-06-08,UFC Fight Night: Cannonier vs. Imavov,Julian Marquez,Zachary Reese,3,blue_ko_tko,2024,0.30215827338129503,0.23378673195838928,-0.06837154142290575,0.15107913669064751,0.13163012266159058,-0.019449014029056938,0.11870503597122303,0.14442966878414154,0.025724632812918508,0.2077338129496403,0.25949999690055847,0.05176618395091817,0.15107913669064751,0.14573965966701508,-0.0053394770236324385,0.06924460431654676,0.08491384238004684,0.015669238063500082
b34abcfe4c2e8a57,2024-06-08,UFC Fight Night: Cannonier vs. Imavov,Raul Rosas Jr.,Ricky Turcios,1,red_sub,2024,0.1181363516714925,0.11457499116659164,-0.0035613605049008568,0.2756514872334825,0.32063040137290955,0.04497891413942706,0.2756514872334825,0.31798166036605835,0.042330173132575866,0.07517767833640432,0.06799978017807007,-0.0071778981583342505,0.04864438010002632,0.019264021888375282,-0.02938035821165104,0.20673861542511188,0.15954910218715668,-0.0471895132379552
dcc0c53100fa1dd2,2024-06-08,UFC Fight Night: Cannonier vs. Imavov,Brunno Ferreira,Dustin Stoltzfus,0,red_ko_tko,2024,0.4725737134211106,0.4787074029445648,0.006133689523454222,0.09140314621725183,0.07763519138097763,-0.013767954836274202,0.1096837754607022,0.14383217692375183,0.034148401463049635,0.08226283159552666,0.08059073984622955,-0.001672091749297111,0.1265582024546564,0.0927630364894867,-0.03379516596516971,0.11751833085075236,0.12647150456905365,0.008953173718301288
06713afc60301c0c,2024-06-15,UFC Fight Night: Perez vs. Taira,Josefine Knutsson,Julia Polastri,2,red_dec,2024,0.11072745611834836,0.10320912301540375,-0.007518333102944613,0.06388122468366253,0.04948168247938156,-0.014399542204280968,0.4613644004931182,0.5378977656364441,0.07653336514332587,0.043708206362505934,0.03988116234540939,-0.003827044017096541,0.08304559208876128,0.0513184629380703,-0.03172712915069098,0.23727312025360364,0.21821175515651703,-0.019061365097086613
19ef5890b20f903a,2024-06-15,UFC Fight Night: Perez vs. Taira,Carli Judice,Gabriella Fernandes,5,blue_dec,2024,0.09107818270813865,0.07582027465105057,-0.015257908057088085,0.04821786143372046,0.052990857511758804,0.004772996078038341,0.26022337916611044,0.331190288066864,0.07096690890075358,0.19062875450540648,0.2073364555835724,0.01670770107816591,0.08197036443732479,0.051817893981933594,-0.030152470455391198,0.32788145774929917,0.28084421157836914,-0.047037246170930025
6bdb93f9b4581bf6,2024-06-15,UFC Fight Night: Perez vs. Taira,Douglas Silva de Andrade,Miles Johns,5,blue_dec,2024,0.18266521396100235,0.15527085959911346,-0.02739435436188889,0.04835255663673592,0.03837720677256584,-0.009975349864170077,0.18266521396100235,0.1990019977092743,0.016336783748271938,0.14945335687718375,0.14630797505378723,-0.0031453818233965203,0.0632302663711162,0.04166432470083237,-0.021565941670283834,0.3736333921929594,0.4193776547908783,0.04574426259791892
6f31285305881fe3,2024-06-15,UFC Fight Night: Perez vs. Taira,Jimmy Flick,Nate Maness,5,blue_dec,2024,0.035499273406684656,0.03572917729616165,0.00022990388947699558,0.08164832883537472,0.07284759730100632,-0.008800731534368403,0.05443221922358314,0.08167210221290588,0.027239882989322742,0.601619265102761,0.5907223224639893,-0.010896942638771723,0.09072036537263857,0.07133031636476517,-0.019390049007873403,0.13608054805895786,0.1476985067129135,0.011617958653955651
78a7bf038e56881d,2024-06-15,UFC Fight Night: Perez vs. Taira,Timmy Cuamba,Lucas Almeida,5,blue_dec,2024,0.2729317670582354,0.3255593478679657,0.05262758080973029,0.09097725568607846,0.09233836829662323,0.0013611126105447652,0.25993501624593846,0.29361841082572937,0.033683394579790915,0.18195451137215693,0.1457098424434662,-0.03624466892869074,0.06823294176455885,0.03181995823979378,-0.036412983524765075,0.12596850787303174,0.11095405369997025,-0.015014454173061492
7f14be4e45bca6bd,2024-06-15,UFC Fight Night: Perez vs. Taira,Alex Perez,Tatsuro Taira,3,blue_ko_tko,2024,0.1616580310880829,0.13755126297473907,-0.024106768113343835,0.06735751295336787,0.04347558692097664,-0.023881926032391226,0.12435233160621761,0.13262507319450378,0.00827274158828617,0.10777202072538859,0.08971171826124191,-0.01806030246414668,0.35924006908462863,0.42125752568244934,0.06201745659782071,0.17962003454231432,0.17537881433963776,-0.00424122020267656
94f5b35b2b6c72b1,2024-06-15,UFC Fight Night: Perez vs. Taira,Melquizael Costa,Shayilan Nuerdanbieke,1,red_sub,2024,0.1799485861182519,0.18494576215744019,0.004997176039188284,0.16195372750642673,0.15277040004730225,-0.00918332745912448,0.28920308483290486,0.35455241799354553,0.06534933316064068,0.10796915167095116,0.10389212518930435,-0.004077026481646803,0.08097686375321336,0.04964536428451538,-0.03133149946869798,0.1799485861182519,0.1541939526796341,-0.025754633438617808
ab7bc93bdf4132c4,2024-06-15,UFC Fight Night: Perez vs. Taira,Josh Quinlan,Adam Fugitt,5,blue_dec,2024,0.3407682775712515,0.36287277936935425,0.02210450179810275,0.05452292441140024,0.04835100471973419,-0.006171919691666049,0.1486988847583643,0.16186702251434326,0.01316813775597897,0.16356877323420074,0.13894863426685333,-0.02462013896734741,0.07434944237918215,0.045944418758153915,-0.02840502362102823,0.21809169764560096,0.24201616644859314,0.023924468802992177
e47523ac32bfa24c,2024-06-15,UFC Fight Night: Perez vs. Taira,Jeka Saragih,Westin Wilson,4,blue_sub,2024,0.5425895202029596,0.5902814269065857,0.04769190670362611,0.09043158670049327,0.08348777145147324,-0.006943815249020033,0.10851790404059192,0.13018114864826202,0.021663244607670107,0.04787554590026114,0.04606962576508522,-0.0018059201351759216,0.14797896005535263,0.10182148218154907,-0.04615747787380356,0.0626064831003415,0.048158518970012665,-0.014447964130328839
fea3a0643218e16b,2024-06-15,UFC Fight Night: Perez vs. Taira,Brady Hiestand,Garrett Armfield,1,red_sub,2024,0.04819578756298313,0.0422336645424366,-0.0059621230205465295,0.07448439896097393,0.06526896357536316,-0.009215435385610773,0.2048320971426783,0.21858596801757812,0.01375387087489982,0.2926172816323976,0.3228810131549835,0.030263731522585935,0.08193283885707132,0.03975602239370346,-0.042176816463367864,0.29793759584389573,0.31127437949180603,0.0133367836479103
0ac2da3dbaf2fce2,2024-06-22,UFC Fight Night: Whittaker vs. Aliskerov,Magomed Gadzhiyasulov,Brendson Ribeiro,2,red_dec,2024,0.4666823798781104,0.44413045048713684,-0.022551929390973557,0.14770418757084974,0.11122016608715057,-0.03648402148369917,0.11605329023423908,0.13376209139823914,0.01770880116400006,0.14770418757084974,0.162847638130188,0.015143450559338245,0.06769775263663946,0.07667212188243866,0.008974369245799196,0.05415820210931157,0.07136755436658859,0.017209352257277023
774fb0c0c1c2bc6a,2024-06-22,UFC Fight Night: Whittaker vs. Aliskerov,Nasrat Haqparast,Jared Gordon,2,red_dec,2024,0.25631799880065115,0.25960442423820496,0.0032864254375538082,0.032039749850081393,0.026894859969615936,-0.005144889880465457,0.3786515891373255,0.42107120156288147,0.042419612425555975,0.0757303178274651,0.05548885464668274,-0.020241463180782363,0.049001970358948,0.021431827917695045,-0.027570142441252957,0.20825837402552902,0.2155088484287262,0.007250474403197177
8bd5f20f49434c65,2024-06-22,UFC Fight Night: Whittaker vs. Aliskerov,Muhammad Naimov,Felipe Lima,4,blue_sub,2024,0.21916176087307265,0.19220751523971558,-0.026954245633357077,0.07471423666127477,0.06521956622600555,-0.00949467043526922,0.2054641508185056,0.26869189739227295,0.06322774657376734,0.19112944262186568,0.1921297311782837,0.0010002885564180108,0.07471423666127477,0.049239471554756165,-0.02547476510651861,0.2348161723640064,0.23251181840896606,-0.0023043539550403336
8ddd53a7ed3754d5,2024-06-22,UFC Fight Night: Whittaker vs. Aliskerov,Kelvin Gastelum,Daniel Rodriguez,2,red_dec,2024,0.172244094488189,0.18260516226291656,0.010361067774727561,0.0688976377952756,0.058521222323179245,-0.010376415472096348,0.3937007874015748,0.47151175141334534,0.07781096401177051,0.1033464566929134,0.08984283357858658,-0.013503623114326818,0.05511811023622048,0.03877856954932213,-0.01633954068689835,0.2066929133858268,0.15874041616916656,-0.04795249721666023
9d5f562e0572058c,2024-06-22,UFC Fight Night: Whittaker vs. Aliskerov,Johnny Walker,Volkan Oezdemir,3,blue_ko_tko,2024,0.29653767820773935,0.3008323907852173,0.004294712577477933,0.08154786150712832,0.0664922297000885,-0.015055631807039824,0.16309572301425665,0.22622209787368774,0.0631263748594311,0.2329938900203666,0.2238205373287201,-0.009173352691646514,0.06272912423625256,0.0354372002184391,-0.027291924017813454,0.16309572301425665,0.14719554781913757,-0.015900175195119076
cd3bb8a2824fbf22,2024-06-22,UFC Fight Night: Whittaker vs. Aliskerov,Sergei Pavlovich,Alexander Volkov,5,blue_dec,2024,0.47980044129766325,0.46713486313819885,-0.012665578159464397,0.048383237777915616,0.0388292595744133,-0.009553978203502317,0.11750214888922364,0.17652016878128052,0.05901801989205688,0.1645030084449131,0.15161223709583282,-0.012890771349080288,0.06327038786342812,0.04040420800447464,-0.022866179858953478,0.12654077572685624,0.12549926340579987,-0.0010415123210563704
de1acb6803ab3f14,2024-06-22,UFC Fight Night: Whittaker vs. Aliskerov,Rinat Fakhretdinov,Nicolas Dalby,2,red_dec,2024,0.14973730297723292,0.13218428194522858,-0.017553021032004346,0.13725919439579684,0.12293393909931183,-0.014325255296485012,0.45753064798598947,0.5690780878067017,0.11154743982071219,0.07486865148861646,0.07449198514223099,-0.0003766663463854736,0.04334500875656742,0.01659034937620163,-0.026754659380365788,0.13725919439579684,0.08472131937742233,-0.05253787501837451
eba46dbf9cdd83c0,2024-06-22,UFC Fight Night: Whittaker vs. Aliskerov,Robert Whittaker,Ikram Aliskerov,0,red_ko_tko,2024,0.2739477063997868,0.22334884107112885,-0.05059886532865793,0.04325490101049265,0.02755175344645977,-0.015703147564032877,0.24171856447040013,0.27666065096855164,0.0349420864981515,0.2348123197712458,0.26370111107826233,0.02888879130701652,0.09668742578816004,0.08990562707185745,-0.006781798716302592,0.10957908255991472,0.11883199959993362,0.009252917040018904
fbbf5391ea25521b,2024-06-22,UFC Fight Night: Whittaker vs. Aliskerov,Shara Magomedov,Antonio Trocoli,0,red_ko_tko,2024,0.5316584278673012,0.5709071159362793,0.03924868806897808,0.0954680768306609,0.07395224273204803,-0.021515834098612865,0.16905805272096203,0.19215068221092224,0.023092629489960215,0.0676232210883848,0.06664508581161499,-0.0009781352767698065,0.06242143485081675,0.03801320865750313,-0.02440822619331362,0.07377078664187434,0.058331653475761414,-0.015439133166112923
08489fdfb56ee19c,2024-06-29,UFC 303: Pereira vs. Prochazka 2,Cub Swanson,Andre Fili,5,blue_dec,2024,0.14929973646983896,0.14258189499378204,-0.006717841476056918,0.03570211089496149,0.026336997747421265,-0.009365113147540224,0.14929973646983896,0.1724255383014679,0.023125801831628934,0.3098673775789111,0.29374924302101135,-0.016118134557899733,0.08211485505841143,0.07961300015449524,-0.0025018549039161897,0.27371618352803806,0.285293310880661,0.011577127352622951
2b7883b304b3df1c,2024-06-29,UFC 303: Pereira vs. Prochazka 2,Charles Jourdain,Jean Silva,3,blue_ko_tko,2024,0.12004001333777925,0.10795168578624725,-0.012088327551531997,0.08669556518839612,0.05270791053771973,-0.033987654650676394,0.31210403467822606,0.3444342613220215,0.03233022664379542,0.07802600866955652,0.056272849440574646,-0.02175315922898187,0.2080693564521507,0.17317435145378113,-0.03489500499836956,0.19506502167389128,0.26545897126197815,0.07039394958808687
5f8a92f10e5451ce,2024-06-29,UFC 303: Pereira vs. Prochazka 2,Payton Talbott,Yanis Ghemmouri,0,red_ko_tko,2024,0.5138679335546216,0.5068373084068298,-0.007030625147791736,0.12696969919997644,0.11682657152414322,-0.010143127675833224,0.2539393983999529,0.29126623272895813,0.03732683432900524,0.0393001449904689,0.03527725860476494,-0.004022886385703958,0.02662267886451119,0.01559604424983263,-0.011026634614678558,0.0393001449904689,0.034196577966213226,-0.00510356702425567
bca5d01f8775f852,2024-06-29,UFC 303: Pereira vs. Prochazka 2,Alex Pereira,Jiri Prochazka,0,red_ko_tko,2024,0.39347842458016413,0.40930065512657166,0.015822230546407523,0.043489720611491825,0.035834092646837234,-0.0076556279646545905,0.11017395888244597,0.13284307718276978,0.02266911830032381,0.2951088184351231,0.2881000339984894,-0.007008784436633719,0.07511860832894043,0.05292727053165436,-0.022191337797286076,0.08263046916183447,0.08099481463432312,-0.0016356545275113543
bf878c083a6b30ad,2024-06-29,UFC 303: Pereira vs. Prochazka 2,Anthony Smith,Roman Dolidze,5,blue_dec,2024,0.17938241280861103,0.16963239014148712,-0.009750022667123909,0.08969120640430552,0.08136101812124252,-0.008330188283062992,0.1717491186465425,0.20073014497756958,0.028981026331027088,0.23741789930551463,0.23278211057186127,-0.004635788733653362,0.07338371433079544,0.04786839336156845,-0.025515320969226984,0.2483756485042307,0.26762595772743225,0.01925030922320156
fbf77262d8da342b,2024-06-29,UFC 303: Pereira vs. Prochazka 2,Ian Machado Garry,Michael Page,2,red_dec,2024,0.16577773706942106,0.134980708360672,-0.030797028708749064,0.07535351684973685,0.06350862979888916,-0.011844887050847686,0.36038638493352404,0.4345241189002991,0.07413773396677503,0.1507070336994737,0.16717472672462463,0.016467693025150942,0.0267383446886163,0.01278957724571228,-0.01394876744290402,0.22103698275922806,0.18702220916748047,-0.034014773591747594
fc8ad0c7fc70dde7,2024-06-29,UFC 303: Pereira vs. Prochazka 2,Dan Ige,Diego Lopes,5,blue_dec,2024,0.110260336906585,0.11233546584844589,0.0020751289418608904,0.08575803981623278,0.06993242353200912,-0.01582561628422366,0.09647779479326188,0.12125616520643234,0.024778370413170464,0.2572741194486983,0.2528703808784485,-0.004403738570249838,0.19295558958652376,0.185051828622818,-0.007903760963705764,0.2572741194486983,0.258553683757782,0.0012795643090836584
1394ce1832ddefe0,2024-07-13,UFC Fight Night: Namajunas vs. Cortez,Rose Namajunas,Tracy Cortez,2,red_dec,2024,0.15005705182027604,0.13118526339530945,-0.01887178842496659,0.09709573941311977,0.07190584391355515,-0.02518989549956463,0.4227216947619971,0.4728865325450897,0.05016483778309261,0.03930065642911991,0.0339701846241951,-0.005330471804924811,0.05502091900076787,0.047486335039138794,-0.007534583961629079,0.23580393857471946,0.2425657957792282,0.006761857204508753
54de03e04f571735,2024-07-13,UFC Fight Night: Namajunas vs. Cortez,Drew Dober,Jean Silva,3,blue_ko_tko,2024,0.2883557636044471,0.2793255150318146,-0.009030248572632515,0.04325336454066706,0.03472021967172623,-0.008533144868940835,0.14942071386775896,0.1920558512210846,0.042635137353325636,0.2988414277355179,0.2591509521007538,-0.03969047563476413,0.10272674078408428,0.0893045961856842,-0.013422144598400076,0.11740198946752488,0.1454429030418396,0.02804091357431472
582afc25875911d1,2024-07-13,UFC Fight Night: Namajunas vs. Cortez,Jasmine Jasudavicius,Fatima Kline,2,red_dec,2024,0.09107929991876289,0.08732886612415314,-0.0037504337946097505,0.08197136992688661,0.08096081018447876,-0.0010105597424078516,0.37259713603130273,0.41936808824539185,0.04677095221408911,0.06305489994375893,0.056881170719861984,-0.0061737292238969455,0.08197136992688661,0.044816188514232635,-0.037155181412653976,0.3093259242524023,0.31064489483833313,0.0013189705859308343
5eebde8fb4d67259,2024-07-13,UFC Fight Night: Namajunas vs. Cortez,Montel Jackson,Da'Mon Blackshear,0,red_ko_tko,2024,0.14839186194856646,0.1418205052614212,-0.006571356687145258,0.04800913180688914,0.046379245817661285,-0.001629885989227857,0.3264620962868462,0.43689829111099243,0.11043619482414624,0.06278117236285505,0.05297534912824631,-0.00980582323460874,0.1632310481434231,0.10901601612567902,-0.05421503201774408,0.2511246894514202,0.21291059255599976,-0.038214096895420435
80108a70c4afa6c2,2024-07-13,UFC Fight Night: Namajunas vs. Cortez,Joshua Van,Charles Johnson,3,blue_ko_tko,2024,0.13913750343306588,0.12507176399230957,-0.014065739440756314,0.06421730927679965,0.05824115127325058,-0.005976158003549073,0.479580330982057,0.558230459690094,0.078650128708037,0.07589318369076323,0.08040762692689896,0.004514443236135729,0.05565500137322636,0.028800763189792633,-0.02685423818343373,0.18551667124408786,0.14924822747707367,-0.036268443767014186
dad759ec50508147,2024-07-13,UFC Fight Night: Namajunas vs. Cortez,Gabriel Bonfim,Ange Loosa,2,red_dec,2024,0.14835064654941268,0.15311312675476074,0.0047624802053480575,0.38853740762941413,0.27637800574302673,-0.1121594018863874,0.20398213900544243,0.30615702271461487,0.10217488370917244,0.09065872844686329,0.11660614609718323,0.025947417650319937,0.042943608211672084,0.026593724265694618,-0.016349883945977466,0.12552747015719534,0.12115197628736496,-0.0043754938698303825
dff8e4ef87d69516,2024-07-13,UFC Fight Night: Namajunas vs. Cortez,Santiago Ponzinibbio,Muslim Salikhov,5,blue_dec,2024,0.3329976167594474,0.3462320566177368,0.013234439858289426,0.04897023775874226,0.03956655412912369,-0.009403683629618576,0.2378554405424624,0.28518572449684143,0.04733028395437902,0.18499867597747077,0.1510738730430603,-0.03392480293441047,0.04381547588940097,0.024444088339805603,-0.019371387549595366,0.1513625530724761,0.15349766612052917,0.0021351130480530833
e06bfd0100eccbad,2024-07-13,UFC Fight Night: Namajunas vs. Cortez,Luana Santos,Mariya Agapova,1,red_sub,2024,0.17994660246616354,0.17543500661849976,-0.00451159584766378,0.3055697023010325,0.3291850984096527,0.023615396108620235,0.26991990369924534,0.3150783181190491,0.04515841441980373,0.07361451919070328,0.04982471093535423,-0.023789808255349043,0.0809759711097736,0.06335226446390152,-0.01762370664587208,0.08997330123308177,0.06712458282709122,-0.02284871840599055
120ec60ad18cf6c5,2024-07-20,UFC Fight Night: Lemos vs. Jandiroba,Steve Garcia,SeungWoo Choi,0,red_ko_tko,2024,0.39615699100572366,0.3641500473022461,-0.032006943703477564,0.09243663123466886,0.08475226908922195,-0.007684362145446905,0.09787408013082585,0.113697849214077,0.015823769083251144,0.27730989370400655,0.3283518850803375,0.051041991376330975,0.0437857726901063,0.025713738054037094,-0.018072034636069205,0.09243663123466886,0.08333417028188705,-0.009102460952781805
4a00db8aeff200a2,2024-07-20,UFC Fight Night: Lemos vs. Jandiroba,Amanda Lemos,Virna Jandiroba,4,blue_sub,2024,0.2635398903561311,0.2645934224128723,0.001053532056741191,0.055343376974787535,0.04288947954773903,-0.012453897427048506,0.15093648265851148,0.1679534614086151,0.017016978750103634,0.04883239144834194,0.04963628202676773,0.000803890578425788,0.24416195724170975,0.18393319845199585,-0.0602287587897139,0.237185901320518,0.2909941077232361,0.05380820640271808
94541dd979e0b4bd,2024-07-20,UFC Fight Night: Lemos vs. Jandiroba,Cody Durden,Bruno Silva,3,blue_ko_tko,2024,0.09172401398586769,0.1103578433394432,0.01863382935357552,0.06879301048940076,0.060668136924505234,-0.008124873564895524,0.31151551919728654,0.37245574593544006,0.060940226738153525,0.1270024809035091,0.14319953322410583,0.016197052320596733,0.16510322517456186,0.09401948004961014,-0.07108374512495172,0.23586175024937403,0.21929927170276642,-0.016562478546607612
9eaa33f874bbb999,2024-07-20,UFC Fight Night: Lemos vs. Jandiroba,Kurt Holobaugh,Kaynan Kruschewsky,2,red_dec,2024,0.1878326202650527,0.16455474495887756,-0.023277875306175144,0.10769070228529688,0.07599042356014252,-0.031700278725154366,0.16153605342794533,0.17663882672786713,0.015102773299921796,0.17948450380882813,0.19980190694332123,0.020317403134493095,0.16153605342794533,0.13251759111881256,-0.02901846230913277,0.20192006678493166,0.2504964768886566,0.04857641010372496
ec8bc554a0646638,2024-07-20,UFC Fight Night: Lemos vs. Jandiroba,Dooho Choi,Bill Algeo,0,red_ko_tko,2024,0.2667932278838364,0.23685486614704132,-0.029938361736795094,0.04212524650797417,0.029277915135025978,-0.01284733137294819,0.08893107596127879,0.12304001301527023,0.03410893705399144,0.12313533594638604,0.1502845585346222,0.027149222588236155,0.14552357884572895,0.11529151350259781,-0.030232065343131137,0.33349153485479555,0.3452511429786682,0.011759608123872667
3e2bde19e752f64b,2024-07-27,UFC 304: Edwards vs. Muhammad 2,King Green,Paddy Pimblett,4,blue_sub,2024,0.16984193332159603,0.15031908452510834,-0.01952284879648769,0.04795536940845064,0.033821698278188705,-0.014133671130261934,0.2911575999798789,0.31449347734451294,0.02333587736463405,0.12542173537594783,0.14523935317993164,0.019817617803983806,0.1482256872624838,0.1316206008195877,-0.0166050864428961,0.2173976746516429,0.2245057374238968,0.007108062772253898
45e6a9b56ee3a9d1,2024-07-27,UFC 304: Edwards vs. Muhammad 2,Nathaniel Wood,Daniel Pineda,2,red_dec,2024,0.28382824090997055,0.32201308012008667,0.03818483921011612,0.202227621648354,0.1782950460910797,-0.023932575557274294,0.269636828864472,0.3123590648174286,0.0427222359529566,0.089878942954824,0.07767230272293091,-0.012206640231893093,0.08089104865934162,0.0457739420235157,-0.035117106635825915,0.07353731696303782,0.06388659030199051,-0.009650726661047312
678eda89a096dde8,2024-07-27,UFC 304: Edwards vs. Muhammad 2,Molly McCann,Bruna Brasil,5,blue_dec,2024,0.2614644104292141,0.20826196670532227,-0.053202443723891824,0.10981505238026992,0.08639528602361679,-0.023419766356653132,0.3743694967509202,0.4405288100242615,0.06615931327334129,0.04844781722658967,0.04114331305027008,-0.007304504176319587,0.0686344077376687,0.07246799021959305,0.0038335824819243497,0.1372688154753374,0.15120260417461395,0.013933788699276556
8a2e28da18ba6a25,2024-07-27,UFC 304: Edwards vs. Muhammad 2,Arnold Allen,Giga Chikadze,2,red_dec,2024,0.12815910396323954,0.11668011546134949,-0.011478988501890053,0.09800402067777139,0.07579551637172699,-0.022208504306044402,0.4363512349224584,0.5266788005828857,0.09032756566042732,0.13883902929350947,0.1268126368522644,-0.012026392441245065,0.032039775990809885,0.015573058277368546,-0.01646671771344134,0.1666068351522114,0.13845983147621155,-0.028147003675999843
9d8c32c60df0e287,2024-07-27,UFC 304: Edwards vs. Muhammad 2,Jake Hadley,Caolan Loughran,2,red_dec,2024,0.05497382198952879,0.04581139236688614,-0.009162429622642652,0.10994764397905758,0.08871344476938248,-0.021234199209675106,0.1832460732984293,0.1885814666748047,0.005335393376375397,0.16492146596858637,0.14950886368751526,-0.015412602281071108,0.05497382198952879,0.030039053410291672,-0.02493476857923712,0.4319371727748691,0.49734577536582947,0.06540860259096037
d6e240c47ba6034d,2024-07-27,UFC 304: Edwards vs. Muhammad 2,Muhammad Mokaev,Manel Kape,2,red_dec,2024,0.06912442396313365,0.06911962479352951,-4.7991696041360665e-06,0.18433179723502305,0.18741686642169952,0.0030850691866764757,0.3686635944700461,0.44322922825813293,0.07456563378808684,0.1382488479262673,0.13999924063682556,0.0017503927105582684,0.055299539170506916,0.022420335561037064,-0.03287920360946985,0.18433179723502305,0.13781467080116272,-0.04651712643386033
ec434314c5438fc7,2024-07-27,UFC 304: Edwards vs. Muhammad 2,Tom Aspinall,Curtis Blaydes,0,red_ko_tko,2024,0.531290579104718,0.5684168338775635,0.03712625477284548,0.16697703914719708,0.13457228243350983,-0.032404756713687255,0.06422193813353734,0.07764840871095657,0.013426470577419233,0.13914753262266422,0.13059455156326294,-0.008552981059401277,0.02878914468055122,0.019954262301325798,-0.00883488237922542,0.06957376631133211,0.06881367415189743,-0.0007600921594346777
ec5163539a133f17,2024-07-27,UFC 304: Edwards vs. Muhammad 2,Leon Edwards,Belal Muhammad,5,blue_dec,2024,0.23950221109067427,0.2520071864128113,0.012504975322137013,0.055883849254490664,0.0479733981192112,-0.007910451135279467,0.3991703518177905,0.43327999114990234,0.03410963933211186,0.06985481156811334,0.06983736157417297,-1.7449993940363284e-05,0.049309278753962356,0.026455732062458992,-0.022853546691503364,0.1862794975149689,0.17044632136821747,-0.01583317614675142
f02fed4e98048471,2024-07-27,UFC 304: Edwards vs. Muhammad 2,Christian Leroy Duncan,Gregory Rodrigues,5,blue_dec,2024,0.3266497461928934,0.4131736159324646,0.08652386973957121,0.05444162436548223,0.05594261363148689,0.001500989266004664,0.1633248730964467,0.1807323545217514,0.01740748142530471,0.18147208121827407,0.13164258003234863,-0.04982950118592544,0.12563451776649745,0.07570242136716843,-0.04993209639932902,0.1484771573604061,0.14280642569065094,-0.005670731669755152
1cd63899011c4bf6,2024-08-03,UFC Fight Night: Sandhagen vs. Nurmagomedov,Mohammad Yahya,Kaue Fernandes,3,blue_ko_tko,2024,0.08187323748324164,0.06998040527105331,-0.011892832212188328,0.03559705977532245,0.03823990002274513,0.00264284024742268,0.11696176783320233,0.13835273683071136,0.02139096899750903,0.29772086357542416,0.3126682639122009,0.014947400336776773,0.23392353566640467,0.14787191152572632,-0.08605162414067835,0.23392353566640467,0.29288679361343384,0.05896325794702917
2d39c26876246223,2024-08-03,UFC Fight Night: Sandhagen vs. Nurmagomedov,Tony Ferguson,Michael Chiesa,4,blue_sub,2024,0.04332698746143241,0.04863373935222626,0.005306751890793847,0.08232127617672158,0.07493346184492111,-0.0073878143318004685,0.07483752379701962,0.08776117116212845,0.012923647365108828,0.08232127617672158,0.07893705368041992,-0.0033842224963016587,0.37418761898509806,0.27700096368789673,-0.09718665529720133,0.3430053174030066,0.4327336251735687,0.08972830777056212
33655fd07cfbe034,2024-08-03,UFC Fight Night: Sandhagen vs. Nurmagomedov,Cory Sandhagen,Umar Nurmagomedov,5,blue_dec,2024,0.09735981650480698,0.08265280723571777,-0.014707009269089202,0.043555707383729436,0.03321412578225136,-0.010341581601478078,0.11034112537211457,0.11416763067245483,0.0038265053003402605,0.11822263432726561,0.07854687422513962,-0.03967576010212599,0.23644526865453122,0.20655940473079681,-0.029885863923734407,0.39407544775755204,0.4848591387271881,0.09078369096963607
637f792270a0c746,2024-08-03,UFC Fight Night: Sandhagen vs. Nurmagomedov,Shamil Gaziev,Don'Tale Mayes,2,red_dec,2024,0.3517791909078609,0.3192700743675232,-0.032509116540337724,0.16181842781761605,0.13729800283908844,-0.024520424978527605,0.20227303477202005,0.26658421754837036,0.06431118277635031,0.1244757137058585,0.12043168395757675,-0.004044029748281747,0.035177919090786096,0.026701847091317177,-0.008476071999468919,0.1244757137058585,0.12971417605876923,0.005238462352910728
77df662671ce11c5,2024-08-03,UFC Fight Night: Sandhagen vs. Nurmagomedov,Guram Kutateladze,Jordan Vucenic,2,red_dec,2024,0.2190222222222222,0.19279463589191437,-0.026227586330307834,0.05475555555555555,0.032342568039894104,-0.022412987515661446,0.391111111111111,0.4622950553894043,0.07118394427829328,0.06844444444444443,0.09073682874441147,0.022292384299967036,0.11733333333333332,0.08008100092411041,-0.037252332409222905,0.14933333333333332,0.14174994826316833,-0.007583385070164983
bb85e207eba236bc,2024-08-03,UFC Fight Night: Sandhagen vs. Nurmagomedov,Marlon Vera,Deiveson Figueiredo,5,blue_dec,2024,0.18284928681904106,0.22010089457035065,0.03725160775130959,0.0685684825571404,0.05757465958595276,-0.010993822971187645,0.2057054476714212,0.21151572465896606,0.0058102769875448546,0.04330641003608867,0.03699226304888725,-0.0063141469872014175,0.0685684825571404,0.03962446749210358,-0.028944015065036827,0.43100189035916825,0.434192031621933,0.003190141262764734
d038ff5ac21094f3,2024-08-03,UFC Fight Night: Sandhagen vs. Nurmagomedov,Jai Herbert,Rolando Bedoya,2,red_dec,2024,0.16999639967665023,0.1255251169204712,-0.04447128275617904,0.06276790141907085,0.050517573952674866,-0.012250327466395983,0.29672098852651674,0.3338140547275543,0.03709306620103758,0.16319654368958422,0.17359088361263275,0.010394339923048529,0.07418024713162918,0.05779309198260307,-0.01638715514902611,0.23313791955654883,0.2587592303752899,0.025621310818741083
d0d74672150ddea3,2024-08-03,UFC Fight Night: Sandhagen vs. Nurmagomedov,Mackenzie Dern,Loopy Godinez,2,red_dec,2024,0.06893843465995608,0.05467180535197258,-0.014266629307983503,0.22060299091185948,0.15692958235740662,-0.06367340855445286,0.24331212232925678,0.26535743474960327,0.02204531242034649,0.05515074772796487,0.05337132140994072,-0.0017794263180241493,0.03596787895302057,0.025265788659453392,-0.010702090293567175,0.3760278254179423,0.4444040358066559,0.06837621038871361
de767dd5216bcad9,2024-08-03,UFC Fight Night: Sandhagen vs. Nurmagomedov,Joel Alvarez,Elves Brener,0,red_ko_tko,2024,0.20143626570915618,0.19209575653076172,-0.009340509178394463,0.23698384201077197,0.23100821673870087,-0.0059756252720711,0.14649910233393176,0.1957957148551941,0.04929661252126233,0.14649910233393176,0.11801902204751968,-0.02848008028641208,0.0895272292040694,0.06723915040493011,-0.022288078799139285,0.1790544584081388,0.1958421766757965,0.01678771826765771
e6851877e33d343f,2024-08-03,UFC Fight Night: Sandhagen vs. Nurmagomedov,Sedriques Dumas,Denis Tiuliulin,2,red_dec,2024,0.20630114429055174,0.2527329623699188,0.04643181807936708,0.22005455390992185,0.1952253133058548,-0.02482924060406705,0.24270722857711968,0.2808454930782318,0.03813826450111213,0.19190804120051325,0.16766557097434998,-0.02424247022616327,0.03587845987661769,0.018449334427714348,-0.017429125448903342,0.10315057214527587,0.08508128672838211,-0.01806928541689376
f80143e1f3c3d319,2024-08-03,UFC Fight Night: Sandhagen vs. Nurmagomedov,Viktoriia Dudakova,Sam Hughes,5,blue_dec,2024,0.04885822665322605,0.05867030844092369,0.009812081787697643,0.11074531374731236,0.09759237617254257,-0.01315293757476979,0.4442689911956135,0.5544138550758362,0.11014486388022265,0.06389152716191099,0.05504057928919792,-0.008850947872713066,0.05537265687365618,0.02697822079062462,-0.028394436083031563,0.2768632843682809,0.2073046714067459,-0.06955861296153498
fbbb703581440496,2024-08-03,UFC Fight Night: Sandhagen vs. Nurmagomedov,Azamat Murzakanov,Alonzo Menifield,0,red_ko_tko,2024,0.38676872312227845,0.3820964992046356,-0.004672223917642826,0.06247802450436806,0.051047734916210175,-0.011430289588157887,0.21659048494847594,0.26290804147720337,0.04631755652872743,0.13536905309279745,0.13286492228507996,-0.0025041308077174973,0.07383766532334407,0.06082277372479439,-0.013014891598549683,0.12495604900873612,0.11025995761156082,-0.014696091397175301
6aa89b7b5350b8e2,2024-08-10,UFC Fight Night: Tybura vs. Spivac 2,Chris Gutierrez,Quang Le,2,red_dec,2024,0.30494726173325815,0.28360024094581604,-0.021347020787442106,0.04932970410390941,0.03322790563106537,-0.016101798472844042,0.4574208925998872,0.5193566083908081,0.06193571579092089,0.06450807459742,0.05918717756867409,-0.005320897028745913,0.03993356998887904,0.024499010294675827,-0.015434559694203216,0.08386049697664599,0.08012907207012177,-0.0037314249065242278
7b4284bd3033a319,2024-08-10,UFC Fight Night: Tybura vs. Spivac 2,Danny Barlow,Nikolay Veretennikov,2,red_dec,2024,0.4097392130118281,0.40449991822242737,-0.005239294789400717,0.07449803872942329,0.0698440819978714,-0.004653956731551889,0.29267086643702006,0.35624054074287415,0.06356967430585408,0.09640922659101837,0.08043183386325836,-0.015977392727760012,0.03562949678363723,0.014293414540588856,-0.021336082243048372,0.0910531584470729,0.07469017058610916,-0.01636298786096374
e72a2130e7387637,2024-08-10,UFC Fight Night: Tybura vs. Spivac 2,Damon Jackson,Chepe Mariscal,5,blue_dec,2024,0.0965674532388767,0.08158800005912781,-0.014979453179748886,0.13370878140767545,0.11385376751422882,-0.019855013893446627,0.16398246776413025,0.1752030849456787,0.011220617181548459,0.26336578156057283,0.3228154182434082,0.05944963668283537,0.07900973446817185,0.058387286961078644,-0.020622447507093203,0.26336578156057283,0.24815240502357483,-0.015213376536998002
059f5cf0e9e37627,2024-08-17,UFC 305: Du Plessis vs. Adesanya,Mateusz Gamrot,Dan Hooker,5,blue_dec,2024,0.0920214379613712,0.08298049122095108,-0.009040946740420122,0.16563858833046818,0.1328459084033966,-0.03279267992707158,0.509657194862979,0.5654633641242981,0.055806169261319094,0.08281929416523409,0.089687779545784,0.006868485380549905,0.039437759126301944,0.027856016531586647,-0.011581742594715297,0.11042572555364545,0.1011664941906929,-0.00925923136295255
43ebfc8914a39061,2024-08-17,UFC 305: Du Plessis vs. Adesanya,Josh Culibao,Ricardo Ramos,5,blue_dec,2024,0.20361990950226244,0.21823032200336456,0.014610412501102121,0.09049773755656107,0.08555540442466736,-0.004942333131893711,0.27149321266968324,0.306001216173172,0.03450800350348876,0.09049773755656107,0.07381070405244827,-0.016687033504112797,0.16289592760180996,0.10728215426206589,-0.05561377333974407,0.18099547511312214,0.20912016928195953,0.028124694168837394
6c44af21414e4143,2024-08-17,UFC 305: Du Plessis vs. Adesanya,Dricus Du Plessis,Israel Adesanya,1,red_sub,2024,0.22215440952090326,0.2559552788734436,0.03380086935254034,0.1190112908147696,0.10263855755329132,-0.016372733261478284,0.16661580714067747,0.21509404480457306,0.048478237663895585,0.22215440952090326,0.22099782526493073,-0.001156584255972537,0.0320415013732072,0.02109672501683235,-0.01094477635637485,0.2380225816295392,0.18421757221221924,-0.05380500941731997
b9d5c77ae7a8109b,2024-08-17,UFC 305: Du Plessis vs. Adesanya,Casey O'Neill,Luana Santos,2,red_dec,2024,0.11788460045041547,0.10092516243457794,-0.016959438015837533,0.07501747301390076,0.060284968465566635,-0.014732504548334122,0.23576920090083095,0.25927120447158813,0.023502003570757185,0.07501747301390076,0.054518457502126694,-0.020499015511774063,0.13753203385881804,0.09617160260677338,-0.041360431252044666,0.3587792187621341,0.42882856726646423,0.07004934850433014
bf8c5effd23f69c4,2024-08-17,UFC 305: Du Plessis vs. Adesanya,Kai Kara-France,Steve Erceg,0,red_ko_tko,2024,0.10382392992528801,0.09464362263679504,-0.009180307288492964,0.026793272238784003,0.023150166496634483,-0.0036431057421495196,0.20764785985057602,0.2589702308177948,0.05132237096721878,0.11865591991461485,0.15445053577423096,0.0357946158596161,0.12778329836958524,0.10657468438148499,-0.021208613988100256,0.41529571970115203,0.36221078038215637,-0.05308493931899566
bfff6cf22c1c569c,2024-08-17,UFC 305: Du Plessis vs. Adesanya,Jack Jenkins,Herbert Burns,0,red_ko_tko,2024,0.5861870287331846,0.6556038856506348,0.06941685691745014,0.10258273002830731,0.07107403874397278,-0.031508691284334533,0.12625566772714747,0.13592086732387543,0.009665199596727958,0.039079135248878974,0.027502741664648056,-0.011576393584230918,0.09118464891405094,0.05613965913653374,-0.0350449897775172,0.054710789348430565,0.05375874415040016,-0.0009520451980304032
dd3d8f7066c145b7,2024-08-17,UFC 305: Du Plessis vs. Adesanya,Tai Tuivasa,Jairzinho Rozenstruik,5,blue_dec,2024,0.2296664351480828,0.22742286324501038,-0.002243571903072422,0.027782230058235824,0.016668053343892097,-0.011114176714343726,0.07177076098377587,0.08516883850097656,0.013398077517200693,0.5299994657263449,0.5510039925575256,0.021004526831180703,0.03312496660789656,0.021099792793393135,-0.012025173814503423,0.10765614147566382,0.09863650053739548,-0.009019640938268347
ea4ff1d77928b029,2024-08-17,UFC 305: Du Plessis vs. Adesanya,Junior Tafa,Valter Walker,4,blue_sub,2024,0.37366671551198893,0.3063737154006958,-0.06729300011129313,0.04326667232244082,0.026123778894543648,-0.017142893427897175,0.1096089032168501,0.1289902925491333,0.0193813893322832,0.14946668620479558,0.16598866879940033,0.016521982594604745,0.08220667741263758,0.06215336546301842,-0.020053311949619165,0.24178434533128698,0.31037020683288574,0.06858586150159876
15805ae1eea3343e,2024-08-24,UFC Fight Night: Cannonier vs. Borralho,Jared Cannonier,Caio Borralho,5,blue_dec,2024,0.1458807393784483,0.12927991151809692,-0.016600827860351386,0.03085938717621022,0.02170196920633316,-0.009157417969877058,0.12343754870484087,0.13388164341449738,0.010444094709656501,0.1782986814625479,0.1705637276172638,-0.007734953845284109,0.2005860166453664,0.1520845592021942,-0.04850145744317219,0.3209376266325863,0.3924882113933563,0.07155058476077003
2cbd53e43d3f606b,2024-08-24,UFC Fight Night: Cannonier vs. Borralho,Edmen Shahbazyan,Gerald Meerschaert,4,blue_sub,2024,0.5287680166295593,0.5922406315803528,0.06347261495079348,0.09050984068433897,0.07488895952701569,-0.015620881157323283,0.09583394895988832,0.12178417295217514,0.025950223992286817,0.04791697447994416,0.04845917224884033,0.0005421977688961702,0.16291771323181015,0.09632641822099686,-0.06659129501081329,0.07405350601445916,0.06630060821771622,-0.007752897796742944
560f1e26c2a6690a,2024-08-24,UFC Fight Night: Cannonier vs. Borralho,Dennis Buzukja,Francis Marshall,5,blue_dec,2024,0.1369311316955296,0.12638342380523682,-0.010547707890292773,0.04832863471606927,0.041106678545475006,-0.0072219561705942625,0.20539669754329437,0.21392065286636353,0.008523955323069154,0.10269834877164719,0.08550618588924408,-0.017192162882403106,0.1643173580346355,0.11374218016862869,-0.05057517786600682,0.342327829238824,0.4193408787250519,0.07701304948622789
5c5523a6bf83e44f,2024-08-24,UFC Fight Night: Cannonier vs. Borralho,Robert Valentin,Ryan Loder,3,blue_ko_tko,2024,0.1893037665090494,0.19843964278697968,0.009135876277930277,0.15424751345181803,0.14692850410938263,-0.007319009342435401,0.19370617968367845,0.24309706687927246,0.04939088719559401,0.1665873145279635,0.17334213852882385,0.00675482400086036,0.11105820968530898,0.05924447253346443,-0.05181373715184455,0.18509701614218163,0.17894819378852844,-0.006148822353653188
70afe9e0d2422252,2024-08-24,UFC Fight Night: Cannonier vs. Borralho,Angela Hill,Tabatha Ricci,5,blue_dec,2024,0.06462299579647521,0.05601654574275017,-0.00860645005372504,0.03652604110235555,0.030779777094721794,-0.005746264007633756,0.33603957814167107,0.3239474892616272,-0.012092088880043872,0.04941758502083398,0.04032555967569351,-0.009092025345140468,0.0933443272615753,0.06780742108821869,-0.025536906173356605,0.4200494726770888,0.4811231791973114,0.06107370652022259
903d588b30a471e8,2024-08-24,UFC Fight Night: Cannonier vs. Borralho,Jacqueline Cavalcanti,Josiane Nunes,2,red_dec,2024,0.09722194419103888,0.11555393785238266,0.018331993661343776,0.1180552179462615,0.1153944730758667,-0.0026607448703948045,0.4747326849328389,0.5522168874740601,0.07748420254122118,0.1180552179462615,0.08952431380748749,-0.028530904138774016,0.026657629858833243,0.014321813359856606,-0.012335816498976637,0.16527730512476613,0.11298859864473343,-0.0522887064800327
ae50a1a655b1a8f6,2024-08-24,UFC Fight Night: Cannonier vs. Borralho,Neil Magny,Michael Morales,3,blue_ko_tko,2024,0.035883009663007386,0.03432298079133034,-0.001560028871677048,0.026622878137069993,0.021634463220834732,-0.004988414916235261,0.082530922224917,0.09145483374595642,0.008923911521039427,0.2947532936604178,0.2641550600528717,-0.0305982336075461,0.11004122963322265,0.09036726504564285,-0.019673964587579792,0.45016866668136535,0.49806541204452515,0.0478967453631598
bad06a5380d762b8,2024-08-24,UFC Fight Night: Cannonier vs. Borralho,Kaan Ofli,Mairon Santos,3,blue_ko_tko,2024,0.06905916105471314,0.05469788610935211,-0.014361274945361033,0.1274938357933166,0.10047464817762375,-0.027019187615692858,0.16574198653131159,0.19459374248981476,0.028851755958503172,0.2762366442188526,0.27017906308174133,-0.006057581137111245,0.04874764309744458,0.036847639828920364,-0.011900003268524216,0.31272072930436146,0.3432069718837738,0.030486242579412348
0c418b9cdfd525c9,2024-09-07,UFC Fight Night: Burns vs. Brady,Zygimantas Ramaska,Nathan Fletcher,4,blue_sub,2024,0.2180016515276631,0.21538083255290985,-0.0026208189747532473,0.09083402146985961,0.09298993647098541,0.002155915001125802,0.14863748967795212,0.20047718286514282,0.0518396931871907,0.08175061932287367,0.09142260998487473,0.009671990662001057,0.29727497935590425,0.19834750890731812,-0.09892747044858613,0.16350123864574734,0.20138196647167206,0.03788072782592472
69bde5bae0d6ec4f,2024-09-07,UFC Fight Night: Burns vs. Brady,Felipe dos Santos,Andre Lima,5,blue_dec,2024,0.12499408171961555,0.11612318456172943,-0.008870897157886123,0.06249704085980778,0.06000874936580658,-0.0024882914940011977,0.2166564083140003,0.24234016239643097,0.025683754082430676,0.12499408171961555,0.09725673496723175,-0.027737346752383804,0.10155769139718764,0.06033529341220856,-0.04122239798497908,0.3693006959897732,0.42393583059310913,0.05463513460333591
abfd5ac6cf186d8a,2024-09-07,UFC Fight Night: Burns vs. Brady,Isaac Dulgarian,Brendon Marotte,1,red_sub,2024,0.5255487516611282,0.5403845906257629,0.014835838964634696,0.33034492961556633,0.30926379561424255,-0.021081134001323776,0.0635278710799166,0.0750632956624031,0.011535424582486506,0.03590705756690938,0.034865085035562515,-0.0010419725313468645,0.016193378902723838,0.009895766153931618,-0.00629761274879222,0.028478011173755716,0.030527492985129356,0.0020494818113736407
f1613b372748c8bb,2024-09-07,UFC Fight Night: Burns vs. Brady,Jaqueline Amorim,Vanessa Demopoulos,1,red_sub,2024,0.0920163625499839,0.09804273396730423,0.006026371417320334,0.2366135036999586,0.2504459023475647,0.013832398647606103,0.39435583949993097,0.49917131662368774,0.10481547712375677,0.0752861148136232,0.05466883257031441,-0.02061728224330879,0.06370363561152732,0.02430822141468525,-0.039395414196842074,0.13802454382497584,0.07336294651031494,-0.0646615973146609
f734b497add754af,2024-09-07,UFC Fight Night: Burns vs. Brady,Andre Petroski,Dylan Budka,2,red_dec,2024,0.1252176741223583,0.11800947785377502,-0.007208196268583267,0.23254710908437964,0.1757987141609192,-0.056748394923460455,0.36996130990696763,0.4148372411727905,0.0448759312658229,0.1017393602244161,0.10800009220838547,0.00626073198396937,0.054260992119688586,0.05307340621948242,-0.0011875859002061645,0.11627355454218982,0.13028112053871155,0.014007565996521726
fe59646ebad8b6e4,2024-09-07,UFC Fight Night: Burns vs. Brady,Matt Schnell,Cody Durden,4,blue_sub,2024,0.0729863160828236,0.07482949644327164,0.0018431803604480324,0.10704659692147461,0.10496543347835541,-0.002081163443119205,0.12351530414016303,0.14673925936222076,0.023223955222057738,0.3490649899613303,0.3185351490974426,-0.03052984086388766,0.10035618461388246,0.0696878582239151,-0.03066832638996736,0.24703060828032605,0.2852427661418915,0.03821215786156543
2335e75ce63805b6,2024-09-14,UFC 306: Riyadh Season Noche UFC,Brian Ortega,Diego Lopes,5,blue_dec,2024,0.10859458518757924,0.0727420449256897,-0.03585254026188954,0.10180742361335554,0.06500065326690674,-0.0368067703464488,0.18099097531263206,0.21212047338485718,0.03112949807222512,0.23270268254481263,0.290118932723999,0.05741625017918639,0.1253014444472068,0.10523463040590286,-0.02006681404130395,0.2506028888944136,0.2547832727432251,0.004180383848811475
2397e2a92710705a,2024-09-14,UFC 306: Riyadh Season Noche UFC,Irene Aldana,Norma Dumont,5,blue_dec,2024,0.10444785370068864,0.08450605720281601,-0.01994179649787263,0.03213780113867343,0.023826459422707558,-0.00831134171596587,0.3632968824371779,0.3796134293079376,0.01631654687075973,0.04397804366344785,0.03268936648964882,-0.011288677173799028,0.09284253662283434,0.05563182011246681,-0.03721071651036753,0.3632968824371779,0.42373281717300415,0.06043593473582626
27d98a8ee6608e27,2024-09-14,UFC 306: Riyadh Season Noche UFC,Daniel Zellhuber,Esteban Ribovics,5,blue_dec,2024,0.18339114763546158,0.1762014478445053,-0.0071896997909562665,0.06348155110458285,0.0648680254817009,0.0013864743771180438,0.3751182565270805,0.4875389039516449,0.11242064742456442,0.13754336072659618,0.08930987864732742,-0.04823348207926875,0.048544715550563354,0.02531399205327034,-0.023230723497293014,0.1919209684557156,0.15676778554916382,-0.03515318290655178
3733d100f7bd5590,2024-09-14,UFC 306: Riyadh Season Noche UFC,Manuel Torres,Ignacio Bahamondes,3,blue_ko_tko,2024,0.2610560905481265,0.2406911700963974,-0.020364920451729107,0.1644653370453197,0.1564861536026001,-0.007979183442719612,0.10964355803021314,0.15289881825447083,0.043255260224257686,0.25302359545433806,0.2735743224620819,0.020550727007743852,0.07475697138423623,0.05648891627788544,-0.018268055106350795,0.1370544475377664,0.11986062675714493,-0.017193820780621483
6f83cfae0c800ef8,2024-09-14,UFC 306: Riyadh Season Noche UFC,Alexa Grasso,Valentina Shevchenko,5,blue_dec,2024,0.08259155195617783,0.09653819352388382,0.013946641567705989,0.1501664581021415,0.13457299768924713,-0.015593460412894361,0.31166623379689745,0.346427857875824,0.03476162407892652,0.07508322905107075,0.06003829836845398,-0.015044930682616767,0.06882629329681485,0.03490699827671051,-0.03391929502010434,0.31166623379689745,0.3275156617164612,0.01584942791956373
78b506e5092a27fd,2024-09-14,UFC 306: Riyadh Season Noche UFC,Ronaldo Rodriguez,Ode Osbourne,2,red_dec,2024,0.18291019553266352,0.20299263298511505,0.02008243745245153,0.2057739699742465,0.23498883843421936,0.02921486845997287,0.21949223463919623,0.21819031238555908,-0.00130192225363715,0.19141764648767115,0.17192065715789795,-0.0194969893297732,0.03578677738682547,0.016897691413760185,-0.018889085973065288,0.16461917597939718,0.15500985085964203,-0.009609325119755152
c60a317c7767abb7,2024-09-14,UFC 306: Riyadh Season Noche UFC,Yazmin Jauregui,Ketlen Souza,4,blue_sub,2024,0.22043859588112147,0.16658233106136322,-0.05385626481975825,0.05510964897028037,0.041302986443042755,-0.013806662527237612,0.5147033252884676,0.5998512506484985,0.08514792536003091,0.06358805650416965,0.06255707144737244,-0.0010309850567972179,0.03594107541540024,0.018270259723067284,-0.017670815692332954,0.11021929794056073,0.11143606901168823,0.0012167710711274982
dae8ad2e03aa4a9a,2024-09-14,UFC 306: Riyadh Season Noche UFC,Edgar Chairez,Joshua Van,5,blue_dec,2024,0.055480116391852574,0.06120232492685318,0.005722208535000606,0.07565470417070806,0.09323957562446594,0.01758487145375788,0.15130940834141612,0.18056820333003998,0.029258794988623854,0.25606207565470424,0.1920551061630249,-0.06400696949167933,0.08322017458777886,0.06036917865276337,-0.022850995935015495,0.37827352085354027,0.41256558895111084,0.03429206809757057
45f00a42a17f8e2a,2024-09-28,UFC Fight Night: Moicano vs. Saint Denis,Kevin Jousset,Bryan Battle,3,blue_ko_tko,2024,0.10160577799593297,0.10213411599397659,0.0005283379980436237,0.035341140172498425,0.0329778753221035,-0.002363264850394925,0.2580464203071313,0.3204512894153595,0.06240486910822818,0.1161208891382091,0.09766139835119247,-0.018459490787016627,0.13547437066124396,0.13187599182128906,-0.0035983788399548966,0.35341140172498425,0.3148993253707886,-0.03851207635419568
47d978a984a163aa,2024-09-28,UFC Fight Night: Moicano vs. Saint Denis,Daniel Barez,Victor Altamirano,2,red_dec,2024,0.12676164710612003,0.10934330523014069,-0.01741834187597935,0.06866255884914835,0.05454681068658829,-0.01411574816256006,0.26157165275866034,0.29459822177886963,0.033026569020209284,0.07490460965361638,0.056198690086603165,-0.018705919567013216,0.10986009415863736,0.08084340393543243,-0.029016690223204925,0.3582394374738175,0.4044696092605591,0.0462301717867416
62ff1e5deb124ff5,2024-09-28,UFC Fight Night: Moicano vs. Saint Denis,Nassourdine Imavov,Brendan Allen,2,red_dec,2024,0.28547255546894307,0.26598891615867615,-0.01948363931026692,0.07396334391695343,0.09001965075731277,0.016056306840359344,0.2958533756678137,0.32827988266944885,0.03242650700163513,0.03874270395649942,0.0272508654743433,-0.011491838482156118,0.12516873585945967,0.078605055809021,-0.04656368005043868,0.1807992851303306,0.20985566079616547,0.029056375665834855
7ba432e218edc17d,2024-09-28,UFC Fight Night: Moicano vs. Saint Denis,Ailin Perez,Daria Zhelezniakova,1,red_sub,2024,0.1513059141398979,0.13212727010250092,-0.019178644037396997,0.06934854398078653,0.052055228501558304,-0.01729331547922823,0.4359051335935154,0.5007973313331604,0.064892197739645,0.11888321825277691,0.10638634115457535,-0.012496877098201561,0.0396277394175923,0.024770686402916908,-0.014857053014675395,0.18492945061543076,0.18386317789554596,-0.0010662727198847977
7ca4c91bab696b89,2024-09-28,UFC Fight Night: Moicano vs. Saint Denis,Renato Moicano,Benoit Saint Denis,0,red_ko_tko,2024,0.062376237623762376,0.06362646818161011,0.0012502305578477313,0.1801980198019802,0.15781822800636292,-0.022379791795617276,0.062376237623762376,0.07079451531171799,0.008418277687955611,0.42475247524752474,0.4185188114643097,-0.006233663783215049,0.1801980198019802,0.18670567870140076,0.006507658899420565,0.0900990099009901,0.10253623872995377,0.01243722882896367
a187670c5ee1ec5f,2024-09-28,UFC Fight Night: Moicano vs. Saint Denis,Nora Cornolle,Jacqueline Cavalcanti,5,blue_dec,2024,0.12848383243505476,0.10616394132375717,-0.02231989111129759,0.036310648296863306,0.031365279108285904,-0.004945369188577402,0.19421974670415254,0.19743944704532623,0.0032197003411736924,0.098252342450336,0.09943316131830215,0.0011808188679661574,0.028798100373374345,0.02818971686065197,-0.0006083835127223755,0.513935329740219,0.5374084115028381,0.023473081762619086
d063d46208c560b1,2024-09-28,UFC Fight Night: Moicano vs. Saint Denis,Taylor Lapilus,Vince Morales,2,red_dec,2024,0.15004935834155972,0.15140758454799652,0.0013582262064368023,0.07502467917077986,0.07076036930084229,-0.004264309869937574,0.5251727541954591,0.5747086405754089,0.04953588637994988,0.06877262257321487,0.07359565049409866,0.004823027920883793,0.04343534057255676,0.022222138941287994,-0.021213201631268767,0.13754524514642974,0.1073056310415268,-0.030239614104902945
d806aacf5b6ba7f6,2024-09-28,UFC Fight Night: Moicano vs. Saint Denis,Fares Ziam,Matt Frevola,0,red_ko_tko,2024,0.215899377213335,0.2893015742301941,0.0734021970168591,0.05397484430333375,0.05226261541247368,-0.0017122288908600694,0.24911466601538654,0.2770291864871979,0.027914520471811338,0.13493711075833437,0.07952990382909775,-0.05540720692923662,0.1079496886066675,0.062299467623233795,-0.0456502209834337,0.23812431310294302,0.23957721889019012,0.0014529057872471052
e01019fbfe0e9528,2024-09-28,UFC Fight Night: Moicano vs. Saint Denis,Ludovit Klein,Roosevelt Roberts,2,red_dec,2024,0.45101018117503,0.43264007568359375,-0.01837010549143625,0.13780866647014806,0.1293153166770935,-0.00849334979305455,0.2756173329402961,0.3304637670516968,0.054846434111400666,0.03180199995464956,0.028420275077223778,-0.0033817248774257805,0.04863835287181696,0.03142116218805313,-0.01721719068376383,0.05512346658805922,0.0477394163608551,-0.00738405022720412
eedc7fccf7037949,2024-09-28,UFC Fight Night: Moicano vs. Saint Denis,Bolaji Oki,Chris Duncan,4,blue_sub,2024,0.361412944725079,0.37586748600006104,0.014454541274982025,0.04889704546280481,0.05381755903363228,0.00492051357082747,0.18472217174837371,0.20456305146217346,0.019840879713799747,0.1278845804411818,0.12098412960767746,-0.006900450833504351,0.05541665152451211,0.032408058643341064,-0.023008592881171047,0.22166660609804845,0.2123596966266632,-0.009306909471385238
f114929ed709606e,2024-09-28,UFC Fight Night: Moicano vs. Saint Denis,Morgan Charriere,Gabriel Miranda,0,red_ko_tko,2024,0.49885785534552696,0.4989725649356842,0.00011470959015724702,0.07558452353720106,0.07857474684715271,0.002990223309951648,0.24453816438506226,0.2688111364841461,0.024272972099083856,0.036149119952574416,0.029856614768505096,-0.006292505184069319,0.07558452353720106,0.05652925744652748,-0.01905526609067358,0.0692858132424343,0.06725570559501648,-0.002030107647417817
1d68bb733de24b06,2024-10-05,UFC 307: Pereira vs. Rountree Jr.,Raquel Pennington,Julianna Pena,5,blue_dec,2024,0.036141468032011015,0.039215024560689926,0.0030735565286789113,0.13854229412270888,0.13573484122753143,-0.002807452895177448,0.4156268823681266,0.46735477447509766,0.05172789210697104,0.06927114706135444,0.049142420291900635,-0.020128726769453806,0.11875053781946475,0.08090757578611374,-0.03784296203335101,0.22166767059633422,0.2276453971862793,0.0059777265899450815
3d7d82fff71e395a,2024-10-05,UFC 307: Pereira vs. Rountree Jr.,Jose Aldo,Mario Bautista,5,blue_dec,2024,0.11868019228501703,0.09940003603696823,-0.019280156248048796,0.028646942965348938,0.025283681228756905,-0.0033632617365920332,0.29670048071254257,0.2804708182811737,-0.016229662431368863,0.15104751745365805,0.1332879662513733,-0.017759551202284757,0.04372428136816417,0.030447252094745636,-0.013277029273418534,0.3612005852152692,0.43111029267311096,0.06990970745784175
5931cd9cf5da5f75,2024-10-05,UFC 307: Pereira vs. Rountree Jr.,Roman Dolidze,Kevin Holland,0,red_ko_tko,2024,0.09092787766067369,0.07935727387666702,-0.011570603784006664,0.05455672659640422,0.04262129217386246,-0.01193543442254176,0.2727836329820211,0.31883516907691956,0.04605153609489848,0.18185575532134737,0.18173366785049438,-0.00012208747085298843,0.10229386236825791,0.08319013565778732,-0.019103726710470587,0.29758214507129577,0.29426243901252747,-0.0033197060587683014
69bca5091b2a31f6,2024-10-05,UFC 307: Pereira vs. Rountree Jr.,Stephen Thompson,Joaquin Buckley,3,blue_ko_tko,2024,0.11053837435364432,0.08828263729810715,-0.02225573705553717,0.023028827990342567,0.017590070143342018,-0.0054387578470005485,0.2072594519130831,0.18900546431541443,-0.018253987597668664,0.2550885562007177,0.2153383195400238,-0.03975023666069388,0.043633568823806965,0.028741028159856796,-0.014892540663950168,0.3604512207184054,0.46104252338409424,0.10059130266568883
9ea124a13d071186,2024-10-05,UFC 307: Pereira vs. Rountree Jr.,Ketlen Vieira,Kayla Harrison,5,blue_dec,2024,0.02002961184371739,0.017638370394706726,-0.0023912414490106643,0.02831772708939355,0.018716681748628616,-0.009601045340764933,0.07465582596294663,0.06579072028398514,-0.008865105678961496,0.2415335545860038,0.18991780281066895,-0.05161575177533487,0.20530352139810323,0.14127257466316223,-0.064030946734941,0.4301597591198354,0.5666638016700745,0.13650404255023907
e8aad69aace1d31f,2024-10-05,UFC 307: Pereira vs. Rountree Jr.,Austin Hubbard,Alexander Hernandez,5,blue_dec,2024,0.12702660593340728,0.11635805666446686,-0.010668549268940425,0.05504486257114316,0.05020095407962799,-0.00484390849151517,0.2948831923454098,0.3298560082912445,0.034972815945834734,0.18348287523714385,0.1791304051876068,-0.004352470049537038,0.03931775897938797,0.031464703381061554,-0.007853055598326414,0.30024470493350813,0.2929898202419281,-0.0072548846915800325
eb73b63bbd7b88a7,2024-10-05,UFC 307: Pereira vs. Rountree Jr.,Marina Rodriguez,Iasmin Lucindo,5,blue_dec,2024,0.0916779570554666,0.0790119394659996,-0.01266601758946699,0.028451779775834463,0.0180449727922678,-0.010406806983566663,0.261937020158476,0.24456419050693512,-0.017372829651540855,0.15001847518167263,0.10811747610569,-0.04190099907598263,0.07500923759083632,0.05339084565639496,-0.02161839193444136,0.392905530237714,0.4968705475330353,0.10396501729532126
ed5b6681ab4e83e5,2024-10-05,UFC 307: Pereira vs. Rountree Jr.,Cesar Almeida,Ihor Potieria,2,red_dec,2024,0.5571088572370108,0.5573780536651611,0.0002691964281503756,0.06428179121965509,0.05591727793216705,-0.008364513287488037,0.11938046940793087,0.13013720512390137,0.010756735715970495,0.1392772143092527,0.14925800263881683,0.009980788329564144,0.0439822782029219,0.03289385885000229,-0.011088419352919612,0.07596938962322874,0.07441563159227371,-0.0015537580309550325
48dd2c9cb39bd2d4,2024-10-12,UFC Fight Night: Royval vs. Taira,Julia Polastri,Cory McKenna,2,red_dec,2024,0.06909833915480512,0.06694348901510239,-0.0021548501397027353,0.1275661645934864,0.13310767710208893,0.00554151250860252,0.3316720279430646,0.4004121422767639,0.06874011433369931,0.03948476523131721,0.030056502670049667,-0.009428262561267546,0.0552786713238441,0.03243419528007507,-0.022844476043769026,0.3769000317534825,0.33704596757888794,-0.03985406417459458
57415110bd494c79,2024-10-12,UFC Fight Night: Royval vs. Taira,Themba Gorimbo,Niko Price,2,red_dec,2024,0.29049295774647893,0.3297261595726013,0.03923320182612239,0.147887323943662,0.12265196442604065,-0.025235359517621347,0.29049295774647893,0.33194592595100403,0.0414529682045251,0.10167253521126761,0.08664219826459885,-0.015030336946668763,0.06778169014084508,0.0496818982064724,-0.01809979193437268,0.10167253521126761,0.07935189455747604,-0.022320640653791565
69a5895fde58432c,2024-10-12,UFC Fight Night: Royval vs. Taira,Jonathan Pearce,Pat Sabatini,4,blue_sub,2024,0.23278370514064012,0.24237003922462463,0.009586334083984516,0.10184287099903006,0.08703901618719101,-0.014803854811839046,0.2715809893307468,0.3291458785533905,0.05756488922264369,0.054316197866149364,0.04717643931508064,-0.007139758551068721,0.1357904946653734,0.09973108768463135,-0.03605940698074206,0.2036857419980601,0.19453750550746918,-0.009148236490590933
85854504ce1aa97a,2024-10-12,UFC Fight Night: Royval vs. Taira,Junior Tafa,Sean Sharaf,0,red_ko_tko,2024,0.5913579813606578,0.5648311376571655,-0.02652684370349223,0.05024610299142843,0.03716317191720009,-0.013082931074228345,0.0776530682594803,0.07916854321956635,0.0015154749600860412,0.1986473839196008,0.24795153737068176,0.04930415345108097,0.03713842395018623,0.02422584593296051,-0.012912578017225722,0.04495703951864649,0.04665977880358696,0.0017027392849404688
98c29ba02cee5ba3,2024-10-12,UFC Fight Night: Royval vs. Taira,Grant Dawson,Rafa Garcia,0,red_ko_tko,2024,0.08272506082725062,0.06972793489694595,-0.012997125930304665,0.18383346850500135,0.17697545886039734,-0.006858009644604007,0.4825628548256286,0.5297768712043762,0.047214016378747614,0.09191673425250067,0.08404215425252914,-0.007874579999971529,0.04866180048661801,0.027955597266554832,-0.020706203220063175,0.11030008110300081,0.11152195930480957,0.0012218782018087598
de484433eef22e1d,2024-10-12,UFC Fight Night: Royval vs. Taira,Clayton Carpenter,Lucas Rocha,1,red_sub,2024,0.13570949220788905,0.12004455178976059,-0.015664940418128465,0.13570949220788905,0.1300232708454132,-0.005686221362475846,0.38774140630825443,0.46273842453956604,0.07499701823131161,0.16963686525986132,0.15904708206653595,-0.010589783193325375,0.06263515024979495,0.03585527837276459,-0.026779871877030362,0.10856759376631125,0.0922914370894432,-0.016276156676868048
f1cc9169813c4a3e,2024-10-12,UFC Fight Night: Royval vs. Taira,CJ Vergara,Ramazan Temirov,3,blue_ko_tko,2024,0.11653888280394305,0.11220033466815948,-0.004338548135783563,0.0416210295728368,0.03131360188126564,-0.010307427691571162,0.11653888280394305,0.12694640457630157,0.010407521772358527,0.23001095290251916,0.2283622920513153,-0.0016486608512038536,0.058269441401971524,0.03881990909576416,-0.019449532306207364,0.4370208105147865,0.46235746145248413,0.025336650937697658
f690949d90ff1dee,2024-10-12,UFC Fight Night: Royval vs. Taira,Daniel Rodriguez,Alex Morono,2,red_dec,2024,0.26179034510368027,0.2093675136566162,-0.052422831447064056,0.06871996558971608,0.05613776668906212,-0.012582198900653957,0.31118474984022376,0.3780073821544647,0.06682263231424096,0.07496723518878118,0.06693420559167862,-0.008033029597102559,0.06343381439050716,0.0490969642996788,-0.014336850090828357,0.21990388988709145,0.24045613408088684,0.020552244193795394
0599f35e6679de02,2024-10-19,UFC Fight Night: Hernandez vs. Pereira,Darren Elkins,Daniel Pineda,2,red_dec,2024,0.15883111302105712,0.1618139147758484,0.0029828017547912644,0.15883111302105712,0.13358934223651886,-0.025241770784538264,0.2117748173614095,0.27077773213386536,0.05900291477245587,0.2269015900300816,0.20929715037345886,-0.017604439656622728,0.0992694456381607,0.09253977239131927,-0.006729673246841428,0.14439192092823375,0.13198208808898926,-0.012409832839244489
308f6cb830019ea9,2024-10-19,UFC Fight Night: Hernandez vs. Pereira,Brad Katona,Jean Matsumoto,5,blue_dec,2024,0.036021654526380426,0.026213176548480988,-0.009808477977899438,0.05523320360711665,0.044812221080064774,-0.010420982527051877,0.24367589826669112,0.22569221258163452,-0.017983685685056594,0.11835686487239282,0.06598708778619766,-0.052369777086195154,0.10356225676334371,0.10144074261188507,-0.002121514151458642,0.4431501219640754,0.5358545780181885,0.0927044560541131
32b8c6c4b735d712,2024-10-19,UFC Fight Night: Hernandez vs. Pereira,Austen Lane,Robelis Despaigne,2,red_dec,2024,0.16897829539438858,0.11513525992631912,-0.053843035468069456,0.07040762308099524,0.06100349500775337,-0.009404128073241869,0.05632609846479619,0.0643865242600441,0.008060425795247905,0.6034939121228163,0.6695704460144043,0.06607653389158796,0.04446797247220752,0.03435184806585312,-0.010116124406354399,0.05632609846479619,0.05555245652794838,-0.0007736419368478131
4277b02a4dadac40,2024-10-19,UFC Fight Night: Hernandez vs. Pereira,Melissa Martinez,Alice Ardelean,2,red_dec,2024,0.1262387559079128,0.12303884327411652,-0.0031999126337962924,0.035676170147888396,0.02862035296857357,-0.007055817179314826,0.4102759567007166,0.48850131034851074,0.07822535364779415,0.0631193779539564,0.07044170796871185,0.007322330014755449,0.09117243482238145,0.04292101413011551,-0.04825142069226594,0.27351730446714434,0.24647678434848785,-0.027040520118656486
53f7f1b4834387a8,2024-10-19,UFC Fight Night: Hernandez vs. Pereira,Jessica Penne,Elise Reed,5,blue_dec,2024,0.039520958083832325,0.02735147811472416,-0.012169479969108166,0.15089820359281433,0.1417386531829834,-0.009159550409830935,0.18443113772455086,0.20184887945652008,0.017417741731969222,0.15089820359281433,0.11008762568235397,-0.04081057791046036,0.039520958083832325,0.02935550920665264,-0.010165448877179684,0.43473053892215563,0.48961779475212097,0.05488725582996534
a2f2c64f9fb3fb1c,2024-10-19,UFC Fight Night: Hernandez vs. Pereira,Anthony Hernandez,Michel Pereira,0,red_ko_tko,2024,0.14652365447232332,0.16328668594360352,0.016763031471280193,0.3223520398391113,0.28206896781921387,-0.04028307201989745,0.09480942348209155,0.1220208927989006,0.027211469316809053,0.29304730894464665,0.3172455132007599,0.024198204256113243,0.08954223328864203,0.06132524833083153,-0.028216984957810498,0.05372533997318522,0.054052673280239105,0.00032733330705388836
a2f46e94aa6b0c64,2024-10-19,UFC Fight Night: Hernandez vs. Pereira,Jake Hadley,Cameron Smotherman,5,blue_dec,2024,0.2626383213187015,0.262921541929245,0.0002832206105434776,0.2626383213187015,0.2956172525882721,0.03297893126957058,0.2757702373846366,0.2607160806655884,-0.015054156719048195,0.09192341246154552,0.0916268602013588,-0.00029655226018672487,0.03181964277515038,0.019702930003404617,-0.01211671277174576,0.07521006474126453,0.06941532343626022,-0.005794741305004306
f01b97e864cb4b8b,2024-10-19,UFC Fight Night: Hernandez vs. Pereira,Rob Font,Kyler Phillips,2,red_dec,2024,0.06759098786828423,0.051318395882844925,-0.016272591985439303,0.03119584055459272,0.019716987386345863,-0.011478853168246858,0.0901213171577123,0.08460135012865067,-0.005519967029061629,0.1802426343154246,0.14637531340122223,-0.03386732091420236,0.1802426343154246,0.12896262109279633,-0.05128001322262826,0.4506065857885615,0.5690253376960754,0.11841875190751394
fc73ecbd83b7f159,2024-10-19,UFC Fight Night: Hernandez vs. Pereira,Joselyne Edwards,Tamires Vidal,1,red_sub,2024,0.11834319526627217,0.10057087242603302,-0.01777232284023915,0.0690335305719921,0.0712471604347229,0.002213629862730798,0.4970414201183431,0.5075535178184509,0.010512097700107803,0.0920447074293228,0.07851285487413406,-0.01353185255518874,0.039447731755424056,0.02947390079498291,-0.009973830960441146,0.1840894148586456,0.21264171600341797,0.028552301144772363
108434acbbd75d26,2024-10-26,UFC 308: Topuria vs. Holloway,Shara Magomedov,Armen Petrosyan,0,red_ko_tko,2024,0.20797243177796404,0.24165920913219452,0.03368677735423048,0.028685852659029523,0.02714454010128975,-0.001541312557739774,0.3781316941417528,0.43654900789260864,0.05841731375085585,0.09243219190131735,0.07597879320383072,-0.016453398697486632,0.028685852659029523,0.01475616917014122,-0.013929683488888303,0.26409197686090674,0.20391228795051575,-0.060179688910390994
1d65c141776949d6,2024-10-26,UFC 308: Topuria vs. Holloway,Geoff Neal,Rafael Dos Anjos,0,red_ko_tko,2024,0.2586168799219848,0.23616923391819,-0.022447646003794786,0.04002404094030716,0.03340791165828705,-0.006616129282020114,0.42025242987322525,0.5025968551635742,0.08234442529034897,0.04423709788139213,0.03725630044937134,-0.006980797432020791,0.08405048597464505,0.042096368968486786,-0.04195411700615827,0.15281906540844553,0.1484733372926712,-0.004345728115774328
5c783cd188425783,2024-10-26,UFC 308: Topuria vs. Holloway,Farid Basharat,Victor Hugo,2,red_dec,2024,0.09215777057565537,0.07830654084682465,-0.013851229728830725,0.2211786493815729,0.18606607615947723,-0.035112573222095655,0.527812686024208,0.6063752770423889,0.07856259101818086,0.04365368079899465,0.042728181928396225,-0.0009254988705984235,0.023039442643913843,0.010081854648888111,-0.012957587995025732,0.09215777057565537,0.07644210755825043,-0.015715663017404943
781a2ea50f5ae68f,2024-10-26,UFC 308: Topuria vs. Holloway,Ibo Aslan,Rafael Cerqueira,0,red_ko_tko,2024,0.3262195680448442,0.3501304090023041,0.023910840957459878,0.03883566286248145,0.039739083498716354,0.000903420636234907,0.10873985601494807,0.1404722034931183,0.03173234747817022,0.30775430947626814,0.3256668746471405,0.017912565170872363,0.11650698858744435,0.050987813621759415,-0.06551917496568493,0.1019436150140138,0.09300357848405838,-0.008940036529955425
af6eeea1cfe33240,2024-10-26,UFC 308: Topuria vs. Holloway,Abus Magomedov,Brunno Ferreira,1,red_sub,2024,0.19870510081819748,0.1887536495923996,-0.00995145122579788,0.027407600112854823,0.02460191398859024,-0.002805686124264583,0.36128200148763173,0.42349955439567566,0.06221755290804393,0.2337707068449382,0.20171621441841125,-0.03205449242652694,0.07948204032727899,0.0621364451944828,-0.017345595132796182,0.09935255040909874,0.09929224848747253,-6.0301921626204624e-05
b8bf186f884678ea,2024-10-26,UFC 308: Topuria vs. Holloway,Robert Whittaker,Khamzat Chimaev,4,blue_sub,2024,0.17343013976734656,0.14310762286186218,-0.030322516905484376,0.032017871957048596,0.028105486184358597,-0.00391238577269,0.11892352441189477,0.13079625368118286,0.01187272926928809,0.30271442577573215,0.32009193301200867,0.017377507236276513,0.24484255025978335,0.2165839970111847,-0.02825855324859866,0.12807148782819439,0.16131475567817688,0.033243267849982494
bde635a4f345bc3e,2024-10-26,UFC 308: Topuria vs. Holloway,Ismail Naurdiev,Bruno Silva,2,red_dec,2024,0.24940029819600876,0.29522058367729187,0.04582028548128311,0.16211019382740569,0.13482792675495148,-0.027282267072454208,0.2026377422842571,0.23057228326797485,0.027934540983717754,0.18850022538070427,0.18816325068473816,-0.00033697469596610796,0.03524134648421862,0.01452701911330223,-0.020714327370916392,0.16211019382740569,0.1366889476776123,-0.02542124614979338
cc11a0762f246fa4,2024-10-26,UFC 308: Topuria vs. Holloway,Lerone Murphy,Dan Ige,2,red_dec,2024,0.13828567162963668,0.13826005160808563,-2.5620021551042704e-05,0.031912078068377696,0.02699550986289978,-0.0049165682054779156,0.52799983713134,0.6073228716850281,0.07932303455368805,0.09219044775309111,0.08183255046606064,-0.010357897287030474,0.04366915946199052,0.023296186700463295,-0.020372972761527226,0.16594280595556402,0.1222928836941719,-0.04364992226139211
df7928de73fc2fe8,2024-10-26,UFC 308: Topuria vs. Holloway,Kennedy Nzechukwu,Chris Barnett,0,red_ko_tko,2024,0.5242974938208186,0.5238486528396606,-0.0004488409811579386,0.12675324026437373,0.10830579698085785,-0.018447443283515885,0.18308801371520647,0.246085986495018,0.06299797277981153,0.08238960617184293,0.06567647308111191,-0.016713133090731025,0.020095025895571446,0.008472039364278316,-0.01162298653129313,0.06337662013218687,0.047611068934202194,-0.015765551197984673
ebf7cea27b83c432,2024-10-26,UFC 308: Topuria vs. Holloway,Ilia Topuria,Max Holloway,0,red_ko_tko,2024,0.30883823229148116,0.32996881008148193,0.02113057779000077,0.13640355259540415,0.1288350522518158,-0.007568500343588358,0.25182194325305385,0.2912624478340149,0.039440504580961044,0.12591097162652692,0.14014339447021484,0.01423242284368792,0.028221424674911205,0.013201277703046799,-0.015020146971864407,0.14880387555862273,0.09658906608819962,-0.05221480947042312
18729b11614406bf,2024-11-02,UFC Fight Night: Moreno vs. Albazi,Erin Blanchfield,Rose Namajunas,2,red_dec,2024,0.04875114755136282,0.05750127136707306,0.008750123815710241,0.1506853651587578,0.13596387207508087,-0.014721493083676929,0.34532062848881995,0.44034716486930847,0.09502653638048852,0.11050260111642238,0.0973406732082367,-0.013161927908185683,0.04875114755136282,0.01987875998020172,-0.028872387571161097,0.2959891101332743,0.24896827340126038,-0.047020836732013904
6ad594777cce2d7d,2024-11-02,UFC Fight Night: Moreno vs. Albazi,Marc-Andre Barriault,Dustin Stoltzfus,3,blue_ko_tko,2024,0.25539541483085654,0.277035117149353,0.02163970231849649,0.04368605780001493,0.03666328266263008,-0.0070227751373848485,0.3320140392801135,0.3503028154373169,0.018288776157203368,0.09222612202225375,0.06999359279870987,-0.02223252922354388,0.09222612202225375,0.07271700352430344,-0.019509118497950312,0.1844522440445075,0.193288192152977,0.008835948108469494
799acf3ae8a5df0a,2024-11-02,UFC Fight Night: Moreno vs. Albazi,Brandon Moreno,Amir Albazi,2,red_dec,2024,0.1659047628669135,0.1378447413444519,-0.028060021522461592,0.09216931270384082,0.11483198404312134,0.022662671339280516,0.3606625279715511,0.37549713253974915,0.014834604568198073,0.048795518490268676,0.04503815248608589,-0.003757366004182784,0.06912698452788062,0.036684632301330566,-0.03244235222655005,0.2633408934395452,0.29010337591171265,0.026762482472167448
7edf2fe3a8776a44,2024-11-02,UFC Fight Night: Moreno vs. Albazi,Caio Machado,Brendson Ribeiro,5,blue_dec,2024,0.27184466019417475,0.2642585337162018,-0.007586126477972965,0.09061488673139158,0.0927993431687355,0.0021844564373439262,0.20388349514563106,0.24064625799655914,0.03676276285092808,0.18122977346278316,0.13443656265735626,-0.046793210805426894,0.11650485436893203,0.11144156754016876,-0.0050632868287632665,0.13592233009708737,0.15641772747039795,0.020495397373310575
d29a82322bb083d9,2024-11-02,UFC Fight Night: Moreno vs. Albazi,Mike Malott,Trevin Giles,2,red_dec,2024,0.2424626388461265,0.216098353266716,-0.026364285579410507,0.2617057054212159,0.23983006179332733,-0.021875643627888575,0.21983279255382135,0.2832742929458618,0.06344150039204047,0.10991639627691067,0.10906742513179779,-0.000848971145112884,0.03925585581318238,0.02516038343310356,-0.01409547238007882,0.1268266110887431,0.1265694797039032,-0.0002571313848399037
eaa885cf7ae31e0b,2024-11-02,UFC Fight Night: Moreno vs. Albazi,Ariane da Silva,Jasmine Jasudavicius,4,blue_sub,2024,0.09018722979141187,0.09313710778951645,0.0029498779981045747,0.03865166991060509,0.02606293372809887,-0.012588736182506222,0.20292126703067673,0.2373071312904358,0.034385864259759064,0.09549236095561257,0.09623204916715622,0.000739688211543646,0.14757910329503762,0.11329858750104904,-0.03428051579398858,0.42516836901665606,0.4339621961116791,0.008793827095023021
154138c8fc89c315,2024-11-09,UFC Fight Night: Magny vs. Prates,Gerald Meerschaert,Reinier de Ridder,4,blue_sub,2024,0.05433156432901816,0.05685613304376602,0.002524568714747863,0.11642478070503891,0.09715863317251205,-0.019266147532526853,0.10187168311690904,0.14206530153751373,0.04019361842060469,0.148176993624595,0.20052562654018402,0.05234863291558903,0.3075371565793481,0.22016996145248413,-0.08736719512686397,0.2716578216450908,0.2832243740558624,0.011566552410771647
73f451d894a1d4ca,2024-11-09,UFC Fight Night: Magny vs. Prates,Neil Magny,Carlos Prates,3,blue_ko_tko,2024,0.039289703786448894,0.03658462315797806,-0.0027050806284708365,0.0485343399714957,0.034388381987810135,-0.014145957983685564,0.06875698162628557,0.08456411957740784,0.015807137951122263,0.6600670236123416,0.6771616339683533,0.017094610356011675,0.0916759755017141,0.07543455809354782,-0.016241417408166273,0.0916759755017141,0.09186667948961258,0.00019070398789848564
c31d9cac7534d879,2024-11-09,UFC Fight Night: Magny vs. Prates,Luana Pinheiro,Gillian Robertson,5,blue_dec,2024,0.08231083844580778,0.06865625828504562,-0.013654580160762153,0.03578732106339468,0.025546470656991005,-0.010240850406403677,0.11758691206543967,0.15951110422611237,0.041924192160672696,0.13718473074301293,0.15470245480537415,0.017517724062361212,0.39195637355146556,0.3347202241420746,-0.05723614940939098,0.23517382413087934,0.256863534450531,0.021689710319651667
e6685759ed2af90d,2024-11-09,UFC Fight Night: Magny vs. Prates,Gaston Bolanos,Cortavious Romious,2,red_dec,2024,0.17072571972006065,0.1618199497461319,-0.008905769973928751,0.026434950150202936,0.020708322525024414,-0.0057266276251785216,0.12607437763942939,0.14834988117218018,0.02227550353275079,0.14899699175568928,0.21377722918987274,0.06478023743418346,0.30923903949294,0.2033156156539917,-0.10592342383894832,0.2185289212416776,0.2520289719104767,0.033500050668799075
00414fc5519233b4,2024-11-16,UFC 309: Jones vs. Miocic,Mickey Gall,Ramiz Brahimaj,3,blue_ko_tko,2024,0.1472839464544627,0.1446601003408432,-0.002623846113619488,0.16876285531240515,0.16518786549568176,-0.003574989816723384,0.2893077519641231,0.3320338726043701,0.042726120640247,0.06750514212496206,0.05759521573781967,-0.009909926387142387,0.12462487776916073,0.08963313698768616,-0.03499174078147457,0.20251542637488618,0.2108898013830185,0.008374375008132318
2a930e2d7e1f87a9,2024-11-16,UFC 309: Jones vs. Miocic,Jonathan Martinez,Marcus McGhee,5,blue_dec,2024,0.13764243218715336,0.14829669892787933,0.010654266740725976,0.05505697287486134,0.04417268559336662,-0.010884287281494716,0.2621760613088635,0.2949777841567993,0.03280172284793581,0.25410910557628313,0.23944200575351715,-0.014667099822765983,0.05505697287486134,0.03940354287624359,-0.015653429998617747,0.23595845517797717,0.23370729386806488,-0.002251161309912292
35c8223cc967fe0a,2024-11-16,UFC 309: Jones vs. Miocic,Jim Miller,Damon Jackson,1,red_sub,2024,0.13639266490283733,0.11695833504199982,-0.019434329860837513,0.0818355989417024,0.08304458111524582,0.001208982173543413,0.12590092144877293,0.1460811197757721,0.02018019832699916,0.13639266490283733,0.12891516089439392,-0.007477504008443409,0.1636711978834048,0.1137525886297226,-0.04991860925368222,0.3558069519204452,0.41124820709228516,0.055441255171839954
4f4189009a190e35,2024-11-16,UFC 309: Jones vs. Miocic,Charles Oliveira,Michael Chandler,2,red_dec,2024,0.2600358962595924,0.3163153827190399,0.056279486459447525,0.3561361187903113,0.36345309019088745,0.007316971400576133,0.06300869793982432,0.07019691169261932,0.007188213752795006,0.17064855692035752,0.1504211127758026,-0.020227444144554907,0.08191130732177161,0.040992651134729385,-0.04091865618704223,0.06825942276814301,0.0586208701133728,-0.009638552654770205
55eebc2ee92bf00a,2024-11-16,UFC 309: Jones vs. Miocic,Mauricio Ruffy,James Llontop,2,red_dec,2024,0.48956156748211327,0.37136298418045044,-0.11819858330166283,0.09065954953372468,0.11406364291906357,0.023404093385338887,0.2914056949298294,0.3834511339664459,0.09204543903661655,0.0429439971475538,0.04788266867399216,0.004938671526438357,0.02266488738343117,0.016887545585632324,-0.005777341797798846,0.06276430352334786,0.0663519874215126,0.003587683898164745
6c1faa6284428e5d,2024-11-16,UFC 309: Jones vs. Miocic,Marcin Tybura,Jhonata Diniz,0,red_ko_tko,2024,0.15048551846074346,0.12042298167943954,-0.03006253678130391,0.20691758788352224,0.17057159543037415,-0.036345992453148096,0.1839267447853531,0.20771479606628418,0.02378805128093109,0.31232843454116566,0.35160139203071594,0.039272957489550286,0.03598566745800387,0.02202717401087284,-0.013958493447131029,0.11035604687121187,0.12766201794147491,0.01730597107026305
8545a2495db16538,2024-11-16,UFC 309: Jones vs. Miocic,Viviane Araujo,Karine Silva,2,red_dec,2024,0.039260969976905306,0.03365094214677811,-0.0056100278301272,0.039260969976905306,0.041795674711465836,0.002534704734560529,0.20612009237875287,0.1929331123828888,-0.013186979995864073,0.09699769053117782,0.05800129473209381,-0.03899639579908401,0.20612009237875287,0.1496705412864685,-0.05644955109228436,0.41224018475750573,0.5239484310150146,0.11170824625750891
9676a4e9362e4bfd,2024-11-16,UFC 309: Jones vs. Miocic,Bassil Hafez,Oban Elliott,3,blue_ko_tko,2024,0.06397828615742537,0.04680843651294708,-0.01716984964447829,0.08317177200465299,0.06561190634965897,-0.017559865654994025,0.13861962000775496,0.13813947141170502,-0.0004801485960499452,0.15122140364482362,0.10506501793861389,-0.046156385706209724,0.06397828615742537,0.0358273945748806,-0.028150891582544774,0.49903063202791786,0.6085478067398071,0.10951717471188926
b35e47f2f58ef026,2024-11-16,UFC 309: Jones vs. Miocic,Jon Jones,Stipe Miocic,0,red_ko_tko,2024,0.376490274001255,0.3891449272632599,0.012654653262004878,0.27609286760092033,0.2895939350128174,0.01350106741189705,0.16565572056055222,0.17257291078567505,0.006917190225122827,0.10353482535034514,0.10113102197647095,-0.0024038033738741915,0.023007738966743362,0.0119802700355649,-0.011027468931178463,0.05521857352018407,0.035576917231082916,-0.019641656289101153
c565e2baa27cc7e5,2024-11-16,UFC 309: Jones vs. Miocic,David Onama,Roberto Romero,2,red_dec,2024,0.44955425956236394,0.4335225224494934,-0.016031737112870537,0.21978208245271127,0.21085050702095032,-0.008931575431760957,0.21978208245271127,0.2510417699813843,0.031259687528673,0.03583403518250727,0.030624056234955788,-0.005209978947551486,0.020102019736528472,0.015784194692969322,-0.00431782504355915,0.05494552061317782,0.058176975697278976,0.0032314550841011577
cfd3e62c638fbd1f,2024-11-16,UFC 309: Jones vs. Miocic,Bo Nickal,Paul Craig,2,red_dec,2024,0.49187618952218776,0.4980587959289551,0.006182606406767321,0.29810678152859865,0.3099421262741089,0.011835344745510235,0.10247420615045578,0.12012363225221634,0.017649426101760554,0.026444956425924072,0.026190781965851784,-0.00025417446007228867,0.05465290994690975,0.02816889062523842,-0.026484019321671333,0.026444956425924072,0.017515793442726135,-0.008929162983197937
02ec66f311dce539,2024-11-23,UFC Fight Night: Yan vs. Figueiredo,Volkan Oezdemir,Carlos Ulberg,5,blue_dec,2024,0.13526291512915128,0.13405448198318481,-0.0012084331459664699,0.047739852398523984,0.051316991448402405,0.003577139049878421,0.13526291512915128,0.15409216284751892,0.018829247718367637,0.35285977859778594,0.26601046323776245,-0.0868493153600235,0.09017527675276753,0.09644798189401627,0.006272705141248738,0.23869926199261993,0.29807788133621216,0.05937861934359223
38f1c83c19e99fa2,2024-11-23,UFC Fight Night: Yan vs. Figueiredo,Lone'er Kavanagh,Jose Ochoa,2,red_dec,2024,0.3502999450811145,0.306693434715271,-0.04360651036584351,0.08952109707628482,0.07977373898029327,-0.009747358095991546,0.3222759494746254,0.38519564270973206,0.06291969323510666,0.10071123421082043,0.09980622678995132,-0.0009050074208691028,0.042404730194029655,0.025072677060961723,-0.01733205313306793,0.09478704396312511,0.10345824807882309,0.00867120411569798
56d2c00dfd391fcf,2024-11-23,UFC Fight Night: Yan vs. Figueiredo,Zhang Mingyang,Ozzy Diaz,0,red_ko_tko,2024,0.5140805254483994,0.5513867139816284,0.03730618853322898,0.11313741293652033,0.10186360031366348,-0.011273812622856844,0.0879957656172936,0.11191203445196152,0.023916268834667923,0.1439930710101168,0.14760376513004303,0.0036106941199262332,0.0879957656172936,0.03978131711483002,-0.04821444850246358,0.05279745937037616,0.04745256528258324,-0.005344894087792922
5dab54e34c2cfe01,2024-11-23,UFC Fight Night: Yan vs. Figueiredo,Nyamjargal Tumendemberel,Carlos Hernandez,5,blue_dec,2024,0.11738142002134208,0.12466461211442947,0.007283192093087393,0.1369449900248991,0.14495699107646942,0.008012001051570322,0.1493945345726172,0.19013060629367828,0.040736071721061085,0.0746972672863086,0.05002772435545921,-0.024669542930849386,0.16433398802987892,0.11817989498376846,-0.046154093046110456,0.35724780006495416,0.37204015254974365,0.014792352484789495
64d6d51219e0664c,2024-11-23,UFC Fight Night: Yan vs. Figueiredo,Wang Cong,Gabriella Fernandes,4,blue_sub,2024,0.23243380361394816,0.1377827525138855,-0.09465105110006267,0.1577229381666077,0.15694010257720947,-0.0007828355893982342,0.4626539519553826,0.5867573618888855,0.12410340993350288,0.03840210668404361,0.030691280961036682,-0.00771082572300693,0.02849188560429042,0.017314890399575233,-0.011176995204715188,0.08029531397572756,0.07051361352205276,-0.009781700453674796
baee9b2491c986e2,2024-11-23,UFC Fight Night: Yan vs. Figueiredo,Shi Ming,Feng Xiaocan,0,red_ko_tko,2024,0.023993629209116876,0.01817072182893753,-0.005822907380179345,0.04035292185169656,0.03004227764904499,-0.01031064420265157,0.1530628070236766,0.17040610313415527,0.017343296110478662,0.1365791201134345,0.12529583275318146,-0.011283287360253053,0.05918428538248829,0.04203581064939499,-0.017148474733093298,0.5868272364195872,0.6140491962432861,0.027221959823698905
f0c4aff7dd1ec4e9,2024-11-23,UFC Fight Night: Yan vs. Figueiredo,Yan Xiaonan,Tabatha Ricci,2,red_dec,2024,0.25434262948207165,0.22626827657222748,-0.02807435290984417,0.03633466135458167,0.030361777171492577,-0.00597288418308909,0.36334661354581665,0.3902718126773834,0.026925199131566768,0.04015936254980079,0.041632428765296936,0.0014730662154961438,0.06358565737051791,0.04108449071645737,-0.022501166654060545,0.2422310756972111,0.2703811824321747,0.02815010673496357
f53573316a4f349f,2024-11-23,UFC Fight Night: Yan vs. Figueiredo,Petr Yan,Deiveson Figueiredo,2,red_dec,2024,0.28041988003427587,0.290273517370224,0.009853637335948129,0.04005998286203941,0.03154134750366211,-0.008518635358377304,0.4005998286203941,0.44167590141296387,0.04107607279256975,0.07647814910025706,0.07017473876476288,-0.006303410335494183,0.049485861182519277,0.026889080181717873,-0.022596781000801404,0.15295629820051412,0.13944539427757263,-0.013510903922941492
f5f28a8b472b8012,2024-11-23,UFC Fight Night: Yan vs. Figueiredo,Xiao Long,Quang Le,0,red_ko_tko,2024,0.10760860169837373,0.12789024412631989,0.020281642427946153,0.14590996840457454,0.13160870969295502,-0.014301258711619524,0.3020592328375403,0.3647618889808655,0.06270265614332515,0.10127868395141057,0.10139500349760056,0.00011631954618998575,0.07826080123518091,0.044663310050964355,-0.03359749118421655,0.26488271187292,0.22968080639839172,-0.03520190547452828
0292b9c31c0089ac,2024-12-07,UFC 310: Pantoja vs. Asakura,Bryce Mitchell,Kron Gracie,0,red_ko_tko,2024,0.137054989135885,0.12882375717163086,-0.008231231964254154,0.1713187364198563,0.13977187871932983,-0.031546857700526454,0.54821995654354,0.6366519331932068,0.08843197664966673,0.0200568276784222,0.01999991573393345,-5.6911944488750865e-05,0.054821995654354014,0.023586265742778778,-0.031235729911575236,0.0685274945679425,0.05116627365350723,-0.017361220914435274
089388c9f00ce9c6,2024-12-07,UFC 310: Pantoja vs. Asakura,Nate Landwehr,Dooho Choi,3,blue_ko_tko,2024,0.2003375651280546,0.19367319345474243,-0.006664371673312158,0.13355837675203638,0.12952619791030884,-0.004032178841727546,0.21369340280325824,0.25154170393943787,0.037848301136179624,0.22895721728920523,0.20454855263233185,-0.024408664656873386,0.1001687825640273,0.08647725731134415,-0.013691525252683148,0.12328465546341821,0.13423308730125427,0.010948431837836059
0f16d83859d608c7,2024-12-07,UFC 310: Pantoja vs. Asakura,Chris Weidman,Eryk Anders,3,blue_ko_tko,2024,0.10942050325578351,0.08345741033554077,-0.025963092920242736,0.07460488858348877,0.0609697587788105,-0.013635129804678264,0.3282615097673506,0.40150904655456543,0.07324753678721485,0.17096953633716175,0.16750577092170715,-0.003463765415454595,0.043192303916756644,0.02777012065052986,-0.015422183266226783,0.27355125813945874,0.2587879002094269,-0.014763357930031862
1569186ee820ea87,2024-12-07,UFC 310: Pantoja vs. Asakura,Shavkat Rakhmonov,Ian Machado Garry,2,red_dec,2024,0.23959412534342747,0.199919655919075,-0.03967446942435246,0.29093572363130477,0.3295097351074219,0.03857401147611711,0.2327485789050438,0.277826189994812,0.04507761108976821,0.10182750327095667,0.07403820753097534,-0.02778929573998133,0.02627806536024688,0.015370340086519718,-0.010907725273727163,0.10861600348902045,0.10333587974309921,-0.005280123745921239
4914f7bd073c6359,2024-12-07,UFC 310: Pantoja vs. Asakura,Vicente Luque,Themba Gorimbo,1,red_sub,2024,0.11679977840358245,0.09487997740507126,-0.021919800998511194,0.14865426342274132,0.09441947191953659,-0.05423479150320473,0.14865426342274132,0.1530180424451828,0.004363779022441477,0.14865426342274132,0.14676961302757263,-0.001884650395168691,0.08175984488250773,0.04408295080065727,-0.03767689408185046,0.3554775864456857,0.46682992577552795,0.11135233932984223
72b12a837290b327,2024-12-07,UFC 310: Pantoja vs. Asakura,Clay Guida,Chase Hooper,4,blue_sub,2024,0.03592597695269736,0.03618136793375015,0.00025539098105279573,0.02849301620386342,0.022712530568242073,-0.005780485635621346,0.06356134383938764,0.06450256705284119,0.0009412232134535514,0.1032871837390049,0.09354695677757263,-0.009740226961432272,0.5144871039074961,0.5534917712211609,0.03900466731366481,0.25424537535755054,0.2295648157596588,-0.024680559597891727
7c0d0a28a8fba102,2024-12-07,UFC 310: Pantoja vs. Asakura,Randy Brown,Bryan Battle,5,blue_dec,2024,0.1481266772947391,0.16265015304088593,0.014523475746146819,0.07406333864736955,0.05562437325716019,-0.018438965390209366,0.162939345024213,0.20882536470890045,0.045886019684687446,0.20367418128026626,0.22133837640285492,0.017664195122588655,0.1253379577109331,0.09917917847633362,-0.026158779234599472,0.2858585000424789,0.2523825168609619,-0.03347598318151701
97caf8fca9d9603b,2024-12-07,UFC 310: Pantoja vs. Asakura,Dominick Reyes,Anthony Smith,0,red_ko_tko,2024,0.4539319248826292,0.4107019901275635,-0.0432299347550657,0.06285211267605635,0.05280625447630882,-0.010045858199747529,0.23345070422535213,0.29540395736694336,0.061953253141591225,0.09078638497652583,0.10116906464099884,0.01038267966447301,0.06285211267605635,0.04357432201504707,-0.019277790661009278,0.09612676056338029,0.09634436666965485,0.0002176061062745538
a5c57b0f49e9f61c,2024-12-07,UFC 310: Pantoja vs. Asakura,Michael Chiesa,Max Griffin,1,red_sub,2024,0.04811480022509848,0.042874276638031006,-0.005240523587067475,0.18176702307259424,0.1508803814649582,-0.030886641607636045,0.2726505346088914,0.34478017687797546,0.07212964226908408,0.18176702307259424,0.1838221549987793,0.002055131926185061,0.043050084411930215,0.024291791021823883,-0.01875829339010633,0.2726505346088914,0.25335121154785156,-0.01929932306103982
d38029cf47e54cf7,2024-12-07,UFC 310: Pantoja vs. Asakura,Cody Durden,Joshua Van,5,blue_dec,2024,0.08275653008639418,0.07476668804883957,-0.00798984203755461,0.12731773859445258,0.1228078231215477,-0.004509915472904885,0.2068913252159854,0.23912672698497772,0.03223540176899231,0.25463547718890517,0.2527676820755005,-0.00186779511340468,0.09195170009599352,0.0669630914926529,-0.024988608603340623,0.23644722881826905,0.24356798827648163,0.007120759458212583
df30514e0674d598,2024-12-07,UFC 310: Pantoja vs. Asakura,Movsar Evloev,Aljamain Sterling,2,red_dec,2024,0.12863807058993998,0.13053543865680695,0.0018973680668669668,0.049185144637329994,0.04400869086384773,-0.005176453773482262,0.4803400295432866,0.5742339491844177,0.09389391964113114,0.049185144637329994,0.0488765724003315,-0.00030857223699849723,0.06967895490288416,0.03964586928486824,-0.030033085618015917,0.2229726556892293,0.16269953548908234,-0.06027312020014697
e761c5009c09b295,2024-12-07,UFC 310: Pantoja vs. Asakura,Alexandre Pantoja,Kai Asakura,1,red_sub,2024,0.1636935991605456,0.16764135658740997,0.003947757426864373,0.3273871983210912,0.3446979522705078,0.017310753949416613,0.204616998950682,0.23098942637443542,0.026372427423753425,0.18188177684505066,0.16006243228912354,-0.021819344555927128,0.03147953830010493,0.022403445094823837,-0.009076093205281091,0.09094088842252533,0.0742054134607315,-0.016735474961793825
eb94412f15c62650,2024-12-07,UFC 310: Pantoja vs. Asakura,Kennedy Nzechukwu,Lukasz Brzeski,0,red_ko_tko,2024,0.49620357069567,0.4727487564086914,-0.023454814286978598,0.10337574389493125,0.09142091125249863,-0.01195483264243262,0.2067514877898625,0.2692130506038666,0.062461562814004085,0.06361584239688077,0.049318473786115646,-0.014297368610765124,0.026677611327724192,0.018486928194761276,-0.008190683132962916,0.10337574389493125,0.09881192445755005,-0.0045638194373811974
f706508c52f337a6,2024-12-07,UFC 310: Pantoja vs. Asakura,Ciryl Gane,Alexander Volkov,2,red_dec,2024,0.18239608298960058,0.15209417045116425,-0.030301912538436337,0.06839853112110021,0.06125032529234886,-0.00714820582875135,0.5050968452019708,0.5678660273551941,0.06276918215322325,0.06839853112110021,0.05470570549368858,-0.013692825627411628,0.026476850756554923,0.01342198345810175,-0.013054867298453173,0.1492331588096732,0.15066184103488922,0.001428682225216027
00c6a2ef07ca51da,2024-12-14,UFC Fight Night: Covington vs. Buckley,Colby Covington,Joaquin Buckley,3,blue_ko_tko,2024,0.06960567883378371,0.06560895591974258,-0.003996722914041129,0.04396148136870551,0.035602521151304245,-0.008358960217401262,0.20881703650135117,0.2497098743915558,0.04089283789020462,0.3341072584021619,0.3242357671260834,-0.009871491276078503,0.03977467361930498,0.029911529272794724,-0.009863144346510255,0.3037338712746926,0.2949313521385193,-0.008802519136173304
1a635a5e4551e7d5,2024-12-14,UFC Fight Night: Covington vs. Buckley,Manel Kape,Bruno Silva,0,red_ko_tko,2024,0.2543545426964901,0.3054140508174896,0.05105950812099952,0.08266522637635929,0.06527849286794662,-0.01738673350841266,0.4234072570496451,0.4340853691101074,0.01067811206046232,0.06888768864696607,0.04697695001959801,-0.02191073862736806,0.043508013882294354,0.024082569405436516,-0.019425444476857838,0.12717727134824505,0.12416257709264755,-0.0030146942555975
2b6a75175bbca4e9,2024-12-14,UFC Fight Night: Covington vs. Buckley,Navajo Stirling,Tuco Tokkos,2,red_dec,2024,0.5413840030287218,0.5405204892158508,-0.0008635138128709752,0.06415569266660529,0.06766027957201004,0.003504586905404755,0.22240640124423164,0.2496064305305481,0.027200029286316457,0.06415569266660529,0.0558326318860054,-0.008323060780599884,0.03207784633330264,0.017250174656510353,-0.01482767167679229,0.07582036406053351,0.06913001090288162,-0.006690353157651888
5238f6470d0557fb,2024-12-14,UFC Fight Night: Covington vs. Buckley,Adrian Yanez,Daniel Marcos,5,blue_dec,2024,0.15357222345871355,0.10670869797468185,-0.04686352548403169,0.03672379256621411,0.02690207213163376,-0.00982172043458035,0.15357222345871355,0.168882355093956,0.015310131635242447,0.2815490763409748,0.2993035614490509,0.01775448510807609,0.03672379256621411,0.01989939995110035,-0.01682439261511376,0.3378588916091698,0.3783039152622223,0.04044502365305247
7b1bc4ff776f12c1,2024-12-14,UFC Fight Night: Covington vs. Buckley,Vitor Petrino,Dustin Jacoby,3,blue_ko_tko,2024,0.3858323516850715,0.4173766076564789,0.031544255971407364,0.1246535290059462,0.11312852799892426,-0.011525001007021946,0.2383082172172501,0.274299293756485,0.03599107653923489,0.09002754872651669,0.07927348464727402,-0.010754064079242676,0.02613703027544033,0.00915241613984108,-0.01698461413559925,0.13504132308977504,0.10676965862512589,-0.028271664464649154
9c24c03131d5b49a,2024-12-14,UFC Fight Night: Covington vs. Buckley,Michael Johnson,Ottman Azaitar,0,red_ko_tko,2024,0.3821406408204592,0.36581283807754517,-0.01632780274291401,0.07642812816409184,0.06665587425231934,-0.0097722539117725,0.21017735245125255,0.2407151162624359,0.030537763811183366,0.18682431329000226,0.16778497397899628,-0.019039339311005987,0.032334977300192705,0.02720833383500576,-0.005126643465186945,0.11209458797400136,0.1318228840827942,0.019728296108792828
b0be38110c2d8b84,2024-12-14,UFC Fight Night: Covington vs. Buckley,Joel Alvarez,Drakkar Klose,0,red_ko_tko,2024,0.2215328485245056,0.2260928750038147,0.004560026479309087,0.313489879987508,0.3129619061946869,-0.0005279737928211015,0.24433770057849885,0.28941649198532104,0.045078791406822194,0.08307481819668962,0.054077502340078354,-0.028997315856611264,0.026798328450545035,0.012564686127007008,-0.014233642323538027,0.1107664242622528,0.1048865020275116,-0.005879922234741208
b40e4deb48658851,2024-12-14,UFC Fight Night: Covington vs. Buckley,Davey Grant,Ramon Taveras,2,red_dec,2024,0.1805371183498417,0.13692331314086914,-0.04361380520897257,0.09557847442050443,0.05388908088207245,-0.041689393538431985,0.2499744715613193,0.27590420842170715,0.025929736860387853,0.20310425814357191,0.25482746958732605,0.051723211443754136,0.09026855917492085,0.08374825119972229,-0.006520307975198564,0.1805371183498417,0.1947076916694641,0.014170573319622404
cf258c17234d649e,2024-12-14,UFC Fight Night: Covington vs. Buckley,Miles Johns,Felipe Lima,5,blue_dec,2024,0.10257245197004232,0.09496445208787918,-0.007607999882163138,0.039075219798111356,0.031854063272476196,-0.00722115652563516,0.18235102572451967,0.2174992561340332,0.03514823040951354,0.13676326929338975,0.11200732737779617,-0.024755941915593577,0.10941061543471181,0.10588236898183823,-0.0035282464528735846,0.429827417779225,0.43779256939888,0.007965151619654998
e5f9d59d00fe3c73,2024-12-14,UFC Fight Night: Covington vs. Buckley,Miranda Maverick,Jamey-Lyn Horth,2,red_dec,2024,0.0557673828922734,0.0472668893635273,-0.0085004935287461,0.1394184572306835,0.10920384526252747,-0.03021461196815603,0.6247358716412906,0.7188918590545654,0.0941559874132748,0.03637003232104787,0.02939474955201149,-0.0069752827690363825,0.03217349013015773,0.013792231678962708,-0.018381258451195023,0.1115347657845468,0.08145047724246979,-0.03008428854207701
ebeeed2595266bbc,2024-12-14,UFC Fight Night: Covington vs. Buckley,Sean Woodson,Fernando Padilla,0,red_ko_tko,2024,0.12572340850129715,0.12627585232257843,0.0005524438212812788,0.03891438834563959,0.031960226595401764,-0.006954161750237824,0.4086010776292157,0.4691479206085205,0.060546842979304794,0.13620035920973855,0.11940634250640869,-0.01679401670332986,0.10896028736779086,0.10753978043794632,-0.0014205069298445366,0.1816004789463181,0.1456698775291443,-0.0359306014171738
edf7ce89ad672e85,2024-12-14,UFC Fight Night: Covington vs. Buckley,Josefine Knutsson,Piera Rodriguez,5,blue_dec,2024,0.09308157570629114,0.09645051509141922,0.0033689393851280836,0.04409127270298001,0.03592144325375557,-0.008169829449224439,0.5331035699542129,0.5807927846908569,0.047689214736644,0.06444109087358618,0.06431224197149277,-0.0001288489020934147,0.055848945423774686,0.03305080905556679,-0.0227981363682079,0.20943354533915506,0.18947219848632812,-0.01996134685282694
