fight_id,date,won,model_p,market_p
0165bd3c26f0c076,2021-01-16,1,0.6284829262650149,0.6255648805681084
358f816aff469270,2021-01-16,1,0.38859286872599563,0.4145990075236113
3d903bc35023f50a,2021-01-16,0,0.36469635202111855,0.33880903490759745
3fcd53eb27945231,2021-01-16,0,0.2837355996692392,0.30549898167006106
6b0da0b1cda7799f,2021-01-16,1,0.6721753422629922,0.610215999437135
775c1f401815bbd8,2021-01-16,0,0.6853764992241367,0.6984924623115577
97ad63e644757cf4,2021-01-16,0,0.4788302065822315,0.5
97c80f69ac312030,2021-01-16,0,0.6744149450049823,0.6611909650924026
a4817b7e46028b4a,2021-01-16,1,0.6501026086235094,0.5954042868614491
aeb7ff8ce6e1beac,2021-01-16,0,0.7028489140879312,0.7191400832177531
031e6624f96aceb8,2021-01-20,0,0.5789280869571867,0.599271402550091
11558384f80f6506,2021-01-20,1,0.8389549672908946,0.7998411437648929
4abcf14faa7f92f2,2021-01-20,1,0.763774224847786,0.7619047619047619
4e451881e0e47b05,2021-01-20,1,0.5706687032685694,0.5776397515527951
4f6d3cdf2c77fb57,2021-01-20,1,0.5351531314227768,0.5459837019790454
57e784028ef2c17d,2021-01-20,1,0.534671957434616,0.46324269889224573
61bedad39b15db7a,2021-01-20,1,0.4553837416928351,0.4323570432357044
76b61ff4c9760f79,2021-01-20,1,0.5624687496484893,0.5585430102643292
a003e8305d4dbdc8,2021-01-20,0,0.28571239451680275,0.26508226691042047
ac475de5a3d0d7e2,2021-01-20,1,0.49050402191739356,0.4167202986227314
ae38fb2a6b6a0cc1,2021-01-20,0,0.38379563660499844,0.3517587939698492
d27ac1bc677b89cf,2021-01-20,1,0.7706876321065629,0.7191400832177531
dd34dd337e637767,2021-01-20,1,0.30038139568905875,0.334855403348554
3d3e7dc7b4bf2bc4,2021-01-23,1,0.33493089399063614,0.2750424448217317
65352221c0bfe52d,2021-01-23,0,0.4272939539124015,0.44145698973567077
83da743f6dda7dcc,2021-01-23,1,0.5307526324462293,0.46324269889224573
92f569a6d9374b86,2021-01-23,1,0.5063939436597211,0.5400039315903282
a5075f4eaee6036f,2021-01-23,0,0.560211087959306,0.5400039315903282
aaf45b095452be23,2021-01-23,1,0.5171503358650992,0.48734604352961025
c597fd8bb66d54d8,2021-01-23,0,0.7357212444472601,0.7293934681181959
cd08b68f0bafafbf,2021-01-23,1,0.2541264823762589,0.27060653188180406
f3ccbfd7036f3cf3,2021-01-23,0,0.18554026763409945,0.1938895417156287
2c81668d1459991f,2021-02-06,1,0.509638619356449,0.5263157894736842
86d6e09932c5b551,2021-02-06,1,0.3137754063933595,0.3428571428571428
8b9bdacca749ec90,2021-02-06,0,0.3921485175846982,0.38263229308005425
9ef858837dfc65eb,2021-02-06,1,0.7645197419804258,0.7619047619047619
af8ea6db042674ef,2021-02-06,0,0.6203374714976103,0.6702870442203258
bbade63ca780668f,2021-02-06,0,0.5301510399850743,0.5324675324675325
d65da3a3bc675449,2021-02-06,0,0.5800443508978078,0.6053006554573952
f4fbb11055301e75,2021-02-06,0,0.6749326090619897,0.6556291390728478
17616514e8fdacb9,2021-02-13,1,0.5081670479700889,0.4831460674157303
25b8c932da5e91f4,2021-02-13,0,0.5170695842864146,0.5
26fbf026beb8e9f8,2021-02-13,1,0.6895646640809802,0.6480904580593055
54e2490959f66dc2,2021-02-13,1,0.746693453619747,0.689615756616548
8cf076524cad5a55,2021-02-13,1,0.7834935462897945,0.7824011456758693
9201312dd860fa5a,2021-02-13,0,0.4043332258793,0.389784000562865
96b1430379c0694a,2021-02-13,0,0.7955981844054213,0.7941470428363521
be94e5b7a35ce5f2,2021-02-13,1,0.7339960706737607,0.7069403957079948
f98e954823bd6e02,2021-02-13,0,0.4726942960138622,0.4557395319216686
05ceb8b2f93993a6,2021-02-20,1,0.5385032108032246,0.5203045685279188
15b1c7ddc4415fdd,2021-02-20,0,0.3299505912005193,0.3146551724137931
1d892fec31dc7ad7,2021-02-20,0,0.37244323398572543,0.42236024844720504
82243207b4dfce87,2021-02-20,0,0.6315073832113235,0.6209150326797385
8f7328fe18806fb0,2021-02-20,0,0.44749658851270735,0.3946993445426048
931fd51ab69fb443,2021-02-20,1,0.4110753497376041,0.4501789414202298
990c2378caec68d4,2021-02-20,0,0.4212179230936973,0.47368421052631565
b12bc15f384ecc42,2021-02-20,0,0.8166109481471022,0.7619047619047619
b9cd4910f0ecff45,2021-02-20,1,0.32378836640208747,0.3790849673202614
c3b6aa47e7532a7b,2021-02-20,1,0.66403936338398,0.6781609195402298
e175c1a0bff30187,2021-02-20,0,0.5640392091567354,0.5
11a83369d49ad138,2021-02-27,0,0.3534049890044148,0.3720626631853787
3a4e2dffcdd1c838,2021-02-27,0,0.3155398084325229,0.2758620689655172
3eac2d47ac252f4b,2021-02-27,0,0.6748919377303573,0.6581196581196581
4a704dae3091adaf,2021-02-27,0,0.34364654898019187,0.33635187580853815
6a0341234ecc4e87,2021-02-27,1,0.5568053012171587,0.5798319327731092
a7315147a7022a93,2021-02-27,1,0.4443210119452289,0.3451298345568095
bc86601cf781a89c,2021-02-27,1,0.6636993604831871,0.5914733980829453
c2ee423d1f0b4f6f,2021-02-27,1,0.4131618000617031,0.447405997144217
04a788abbbd1f256,2021-03-06,0,0.36395660963622245,0.3720626631853787
15c9cb5f9320c555,2021-03-06,0,0.5370796798150131,0.5260865852617197
2704d31de2c2f43b,2021-03-06,1,0.6077273415178381,0.5882115462252725
50ef636148fa6fac,2021-03-06,0,0.41544487676641245,0.320754716981132
5980ab31e4718a83,2021-03-06,0,0.6257020585693068,0.6581196581196581
7ad09f889d2cdb6f,2021-03-06,1,0.6391374721005763,0.6581196581196581
7de9867b7cc2b1b1,2021-03-06,1,0.33035729949847,0.3158617532616159
873306ad79b62f5e,2021-03-06,0,0.4983239935153493,0.4435793295775703
ae5d14a9fc1ad19c,2021-03-06,0,0.39766890166141744,0.42888402625820565
c06d7bb29bc24d00,2021-03-06,1,0.8394703777786121,0.7925157465728047
c096342c57a6f2c4,2021-03-06,0,0.6604298652493528,0.6792452830188679
d170f6580e1c244f,2021-03-06,1,0.32140697040665067,0.33099297893681046
e2abba69c3371618,2021-03-06,1,0.5996525185869034,0.6428571428571429
f4363f1317b47213,2021-03-06,1,0.45425627368795796,0.43795620437956206
fd92fe0c494d0959,2021-03-06,1,0.8610876164677382,0.84
01f262b68a6a2223,2021-03-13,0,0.6388181717685965,0.5427435387673957
03bdbf2d18f3025d,2021-03-13,1,0.6537221812899825,0.7065820777160983
18c67631b76c18e5,2021-03-13,1,0.7180173192405491,0.7395517867958813
4944437e73071671,2021-03-13,0,0.588368122446051,0.5324675324675325
70aa6b8f863e6861,2021-03-13,0,0.7379669279638521,0.7241379310344829
8a7b0cd5ad9ca4fe,2021-03-13,0,0.6884423942636702,0.6428571428571429
a6828a6dfb21d33c,2021-03-13,1,0.7789834395809033,0.8122418325197146
bb7ce8a6ba7f7cc5,2021-03-13,1,0.7134357918882094,0.7241379310344829
d0ebb0551377a1c1,2021-03-13,1,0.5797405557397608,0.5427435387673957
d15a87087b6f1452,2021-03-13,1,0.6839556329440813,0.6345305608065531
e8adfbbe0053c321,2021-03-13,0,0.4479730348620203,0.4342832531763693
2efbcd870f1f7bc7,2021-03-20,1,0.38914314445477866,0.34929577464788736
55bf7f19a132e0fc,2021-03-20,1,0.43632404067745373,0.447405997144217
68cf99b6551dc3b3,2021-03-20,1,0.561110775625142,0.5108342361863488
9e45cc594a5a2506,2021-03-20,1,0.7956599219459297,0.783098015142214
a043e279434d5c8c,2021-03-20,0,0.36651667644629826,0.3720626631853787
afc86d1076c4c3a9,2021-03-20,1,0.6822986596309889,0.6548701654431905
b8a0047c927faa75,2021-03-20,1,0.8214870003192116,0.8250000000000002
dcfbbebc0aee6ded,2021-03-20,0,0.3880195228945066,0.33635187580853815
edac9fd482177a64,2021-03-20,0,0.4038910706454151,0.3654694391934467
0aa335dbc4cb3473,2021-03-27,1,0.7834571248999102,0.7634625062908907
2220b73ece1730c3,2021-03-27,0,0.42208229150343,0.35714285714285715
390694c179f05c7f,2021-03-27,1,0.5325769424535142,0.447405997144217
39d188fa9b95d550,2021-03-27,0,0.39814350101534574,0.35714285714285715
41622791b276ad9e,2021-03-27,1,0.5376243265533367,0.5366306721917165
48292a027df02443,2021-03-27,1,0.6631713104967807,0.7107039537126325
4b3af85b0df51d09,2021-03-27,0,0.3468105129281091,0.34929577464788736
6002c24f0b7f8cc7,2021-03-27,0,0.38503614427426563,0.3784721747803632
8317208cfb030ed3,2021-03-27,0,0.4521003798901662,0.42888402625820565
b1eff235241e719b,2021-03-27,0,0.45116009996543976,0.4435793295775703
0992795fd0fa06d0,2021-04-10,0,0.547131657931744,0.5217391304347826
1fee9eca658d9808,2021-04-10,0,0.34071831690173116,0.3720626631853787
3209bcfaf95de90b,2021-04-10,1,0.7798145060815976,0.6888888888888889
444f0a732695dc81,2021-04-10,0,0.7199032295756854,0.7285666997682886
646eeca9447c6965,2021-04-10,0,0.43690055945344974,0.42888402625820565
71b81d8199a0fa19,2021-04-10,1,0.4623950019998281,0.41178845377472745
7aebf01b5afc0109,2021-04-10,1,0.27909289391985287,0.35714285714285715
93a1cd50374397c0,2021-04-10,1,0.6076712270223605,0.5711159737417942
998296216e7171ed,2021-04-10,0,0.27131200262264443,0.33635187580853815
ac9a8b73e58f3d71,2021-04-10,0,0.5695419134287505,0.4782608695652174
ddd63237f1b857a6,2021-04-10,1,0.6956267451957938,0.7195253505933118
e27c28928ed4390f,2021-04-10,0,0.3011322786409349,0.3158617532616159
0b2c3c4306620d6d,2021-04-17,1,0.7874686388479881,0.7362296353762606
24ff385ca78c80d3,2021-04-17,1,0.8224318033625819,0.7697368421052633
25d4376e00b16510,2021-04-17,1,0.3095413009145923,0.3111111111111111
627c0a50cff30405,2021-04-17,0,0.5620703479409993,0.5324675324675325
8d634c9240f161dd,2021-04-17,1,0.6384864353605804,0.6690070210631895
a33ecd2c88154890,2021-04-17,1,0.599670619651948,0.5882115462252725
a850ba762f3c5334,2021-04-17,0,0.700225692353348,0.7241379310344829
f2c82f027201ba21,2021-04-17,1,0.46841377806675316,0.4572564612326044
f67aa0b16e16a9ea,2021-04-17,1,0.6919717665578118,0.6841382467383841
fdfe4e7cb2d0b665,2021-04-17,1,0.6245383813387362,0.5962732919254659
00bbcd4a6d647fdf,2021-04-24,1,0.33744222910099053,0.3111111111111111
1820fed0fbcf6294,2021-04-24,1,0.3977964807629561,0.40372670807453415
34d2632fd26e7078,2021-04-24,1,0.8114484126255616,0.7900763358778627
512af32553d9bd70,2021-04-24,0,0.499687128450113,0.46753246753246747
6a5eb525331fa1fc,2021-04-24,1,0.7658236389392555,0.7328244274809161
6a7347d1da8a2b87,2021-04-24,1,0.7175072363732966,0.6792452830188679
6d8da45352344964,2021-04-24,0,0.6466321252973577,0.6428571428571429
c5dfce1eaa2dc169,2021-04-24,1,0.5578285944007605,0.6187175043327556
f5dd0a24a7dba53c,2021-04-24,0,0.49369650297973866,0.447405997144217
26202a4bd36d3fd2,2021-05-01,1,0.7599747859152927,0.7195253505933118
2ef09c8fe29251ac,2021-05-01,0,0.7018609592061792,0.6841382467383841
2f82e8079ba354f4,2021-05-01,1,0.7057189424141112,0.6581196581196581
394802bb096b403e,2021-05-01,0,0.5067107000368409,0.5217391304347826
3d790112d2e6d851,2021-05-01,0,0.49813179935791263,0.5366306721917165
78dc032441394331,2021-05-01,1,0.6664145977883159,0.6345305608065531
c9c79de21823d941,2021-05-01,0,0.38386108779601047,0.41178845377472745
d6b5a6ad27a730ae,2021-05-01,1,0.7853220466218862,0.778440562420111
d72f9b3ac742a9e3,2021-05-01,0,0.5816273050799884,0.5994128799461808
ffd8e8575a551875,2021-05-01,1,0.6551004037913256,0.6841382467383841
00fbeda449926c13,2021-05-08,1,0.4064257938541067,0.4167769251124636
178c4926223dca0c,2021-05-08,1,0.4438022726782538,0.37037037037037035
295a0bf12a7373c0,2021-05-08,0,0.4333006120605245,0.4342832531763693
37fda56a435a9b24,2021-05-08,0,0.36065668824608954,0.34929577464788736
3f71ac21472f994c,2021-05-08,0,0.4190508678886409,0.3784721747803632
4ffbadfb86284af5,2021-05-08,0,0.6926080004733742,0.6888888888888889
8a95f0e3f9111f0c,2021-05-08,1,0.38786592347357285,0.41178845377472745
db2c805201a3116e,2021-05-08,0,0.578587404473537,0.5798319327731092
1f2f27b36e79da74,2021-05-15,0,0.41741784746641586,0.43795620437956206
2b894d87ad9aae05,2021-05-15,1,0.5315115526626792,0.4782608695652174
5573d46130d6b967,2021-05-15,1,0.4822627223729425,0.4956702459300312
6655a8da2655f2d0,2021-05-15,0,0.5569509357751986,0.5746439580499061
be2e28ba3bdeb400,2021-05-15,1,0.4908999996900964,0.46753246753246747
bfd672cac0726a9a,2021-05-15,0,0.7078002216216693,0.674203744225626
ca22bafab913aae7,2021-05-15,0,0.4363024033965399,0.5151837230488916
cfbaeb80b5ff7c00,2021-05-15,0,0.416056851165277,0.4253560419500938
de332779baa1b103,2021-05-15,1,0.6946477538231904,0.6636481241914618
fef29aa73bd5b907,2021-05-15,1,0.5729419375161632,0.5427435387673957
138f719d370e8ba0,2021-05-22,0,0.5982268646489834,0.6220052756098223
16369fa06392f6a0,2021-05-22,0,0.5372792886287799,0.5564206704224298
3627f5133ce55902,2021-05-22,1,0.7398793807157388,0.7490483575355985
559c0c3d752f327a,2021-05-22,0,0.5089944675975758,0.6220052756098223
7f8340dfe4220c3e,2021-05-22,1,0.5895600418698037,0.5467333541731791
82d48296fd06c27f,2021-05-22,0,0.17921212515800952,0.19354838709677422
ae0afbff5ba07a34,2021-05-22,1,0.46292595148974763,0.42888402625820565
b381dc272b32ce03,2021-05-22,1,0.740901848714786,0.7550141337999732
c7cf2194fe5c751f,2021-05-22,1,0.6593743151733384,0.674203744225626
d16f7ab4e28171ea,2021-05-22,1,0.5727690713628952,0.5427435387673957
d44a814b106b94ff,2021-05-22,1,0.7853224887699135,0.8027415580073554
e624d85a0d718578,2021-05-22,1,0.4810550762091567,0.46753246753246747
0716a38768a34789,2021-06-05,0,0.6688083098604661,0.6341463414634145
23b943e9ce495f0b,2021-06-05,0,0.33208401570172374,0.33880903490759745
2c0cddd12deb7450,2021-06-05,1,0.5613353268086355,0.5126539564703898
419d1e29668b57fb,2021-06-05,1,0.7431414772560487,0.7473182359952324
58c5d506181812fa,2021-06-05,1,0.32499978559043274,0.3560327776207968
5c0e5d850d8e661f,2021-06-05,1,0.42156373200909847,0.4599960684096718
73a83b2595416f0a,2021-06-05,1,0.6110758807205845,0.6341463414634145
827aacd14f80e8f3,2021-06-05,0,0.6369932516443454,0.6611909650924026
9252ad2304fd9a26,2021-06-05,0,0.5619660563628254,0.6053006554573952
bb6438338bb8aebf,2021-06-05,1,0.5981053807542209,0.5689655172413793
f187c7ec92f43828,2021-06-05,0,0.3803036719470558,0.3946993445426048
0f51869f98afa6c0,2021-06-12,0,0.6106625572138789,0.623003194888179
1b4d5dbf5f663a97,2021-06-12,1,0.6290403064991174,0.5888285492629945
34d38d77c1d3f00e,2021-06-12,1,0.714688744287077,0.6695178849144635
43dfb2c1e5fecac9,2021-06-12,0,0.34404690252986553,0.35010940919037203
4560734220b96851,2021-06-12,1,0.30937098044869915,0.30549898167006106
6cd44e1b2d093ea4,2021-06-12,1,0.7253298209823789,0.6665837272953471
7d2051c6bae907cb,2021-06-12,0,0.5414026464297286,0.5702592087312415
84cde29aebf6c00c,2021-06-12,0,0.5242623033225804,0.4935930292157868
9127a6430e46292c,2021-06-12,1,0.5406931142792366,0.5689655172413793
b070b8c2c489d838,2021-06-12,1,0.836158680078347,0.7913043478260869
d4ad90ac58429b64,2021-06-12,0,0.6310371368955645,0.6378504672897196
d66164d2c770da68,2021-06-12,1,0.6695371130922937,0.6702870442203258
dedb74ee9d84deab,2021-06-12,1,0.5879544552886345,0.5287958115183247
1e9f081a84e7ec18,2021-06-19,0,0.5416432794013953,0.5400039315903282
2bdf774dc8b17504,2021-06-19,1,0.3704698660182964,0.38560064716192527
50cae63d530ede7c,2021-06-19,1,0.40046068720603684,0.4128584935392373
53ed3f8f653b37b2,2021-06-19,0,0.5039742077995528,0.44783390795982614
6fd9a013cea5a403,2021-06-19,0,0.29478021417604466,0.3146551724137931
744627aec853874e,2021-06-19,0,0.7089100957084539,0.685344827586207
87c8e086c29ae543,2021-06-19,1,0.6654615149199237,0.5871415064607627
a83ebbf013905949,2021-06-19,1,0.6591482763513432,0.6611909650924026
bb1ac382e0277b3f,2021-06-19,0,0.45703275926821074,0.47368421052631565
d3c0dfa57950aefd,2021-06-19,0,0.39380497233762735,0.43103448275862083
d684d8b02ab53031,2021-06-19,1,0.4216873016178779,0.4048828569262264
e8fd128286788a6d,2021-06-19,1,0.5981506404476082,0.5721476510067114
086c2a0cae0835c4,2021-06-26,1,0.8665061342357403,0.7161380760469599
0eac7075bf3d7ab7,2021-06-26,1,0.7448197563830031,0.7475083056478405
23c7c6ceee34585f,2021-06-26,0,0.41298651929823693,0.43103448275862083
4341ebb5a56e6943,2021-06-26,1,0.6379880256008723,0.6781609195402298
5357dab4d331eb18,2021-06-26,1,0.6671232278187668,0.6053006554573952
78afed76d0e9a639,2021-06-26,1,0.6256743907312254,0.5776397515527951
81de3929330076d2,2021-06-26,0,0.6868600063746897,0.6695178849144635
85099c6378ff87c5,2021-06-26,1,0.5645668150590665,0.5475460122699387
c9283da5f4d7aaf4,2021-06-26,1,0.5190213439780065,0.5562373308497234
ce0fda34122f3d48,2021-06-26,0,0.6010867417702837,0.6611909650924026
d40eae4425092219,2021-06-26,1,0.6739009678649533,0.6258007230291115
d988760df61f027c,2021-06-26,1,0.7178963573939242,0.6596858638743455
07468b6347ac5e3d,2021-07-10,0,0.3607958151282193,0.3334162727046529
1aba46988c9b58f9,2021-07-10,0,0.4388507595597678,0.4128584935392373
53b480b44b0b51f1,2021-07-10,1,0.5627416100038746,0.5367573011077543
5d5bf07dbfada0e3,2021-07-10,1,0.6408050878637734,0.6359223300970873
7070abfa26c079b8,2021-07-10,0,0.4033591712967886,0.3790849673202614
7d0ce28ce8a77eb1,2021-07-10,1,0.6089425941233557,0.5297741273100617
8245791a3d3403c6,2021-07-10,1,0.4618579490463917,0.4128584935392373
858feabaf429a963,2021-07-10,0,0.5107857502564398,0.48734604352961025
96bbb6c573dac27a,2021-07-10,0,0.34505819096843043,0.3808255659121172
ac0a1d87e9ff4085,2021-07-10,1,0.6904137794622883,0.7207267833109018
dbcc5b5d568efa8b,2021-07-10,1,0.8451903904916143,0.860759493670886
49876b12d440af40,2021-07-17,0,0.7488063833043324,0.7228793511321393
72105dd82d964e7a,2021-07-17,0,0.2922174438232107,0.298804780876494
7d4c160dab6eae73,2021-07-17,1,0.8806612477770247,0.8630136986301371
813444e109995c97,2021-07-17,1,0.6176956394080799,0.6507042253521127
8151659b2bc16f0e,2021-07-17,1,0.6955261536368414,0.7153024911032029
93d5452726f5f364,2021-07-17,0,0.5100147813931503,0.562043795620438
940701effe1d2b6c,2021-07-17,0,0.5964592788267972,0.5798319327731092
f0b83b05f3dd9580,2021-07-17,0,0.3978399312182783,0.37889039242219213
1bde9cb65d31cc76,2021-07-24,1,0.46774010476170397,0.41700735895339336
1be65a0d2c1383f6,2021-07-24,1,0.3372821745419491,0.38848920863309355
214b268e4a92f950,2021-07-24,0,0.6704503711624381,0.6507042253521127
40ce202eaa78860c,2021-07-24,1,0.5232227656538996,0.5217391304347826
43c391b251337c9b,2021-07-24,1,0.6922026997664096,0.6755725190839694
4911094a4ee26868,2021-07-24,0,0.516337084997584,0.5
4bb77b1d8efc53a9,2021-07-24,0,0.7472504456240825,0.7272727272727274
7c3ad06a520b8716,2021-07-24,0,0.6091543797344147,0.5882115462252725
c13474b85d3ced32,2021-07-24,1,0.7491873100585048,0.7672295755362848
cade0268dec56f3d,2021-07-24,1,0.6751806339785795,0.6581196581196581
dff1dbb8fe1f31cb,2021-07-24,1,0.5203592798935134,0.41178845377472745
12ceec9431fb0827,2021-07-31,1,0.19013012700879053,0.25787965616045844
1978b44503c3d9ff,2021-07-31,0,0.5406571477899051,0.562043795620438
6671b567c4eb9982,2021-07-31,0,0.44553490205776897,0.41178845377472745
8522bc62e8d942ab,2021-07-31,0,0.3721124659872516,0.34929577464788736
96c51bc6316a4b47,2021-07-31,1,0.40878184634054565,0.40372670807453415
9eef9b7967991296,2021-07-31,0,0.7245724029997996,0.6957699520733487
e3ecb94228c2739f,2021-07-31,0,0.6590296178296806,0.6211096075778079
fb9095887dca34c7,2021-07-31,1,0.521352608705551,0.39596563317146055
3d75081ce43774ca,2021-08-07,1,0.4507008494956438,0.5
85c5dd604d5b3634,2021-08-07,1,0.6585216522300065,0.6428571428571429
962aab0abdd34173,2021-08-07,1,0.514975707055922,0.46753246753246747
980927e7dcc131c0,2021-08-07,1,0.5221339829560612,0.4891657638136511
9a678f346946b6a4,2021-08-07,1,0.6960704751240625,0.6704377766847024
af9927b5589e708b,2021-08-07,1,0.765807433471996,0.7421203438395415
bf732e22055e8634,2021-08-07,0,0.2791965685203784,0.27272727272727276
cce232c1b1b2e4a0,2021-08-07,0,0.45183629878259074,0.4891657638136511
dcd0793ff1a43b68,2021-08-07,1,0.723355082572364,0.7104677060133631
efe985e626a0d8c0,2021-08-07,0,0.577301252362222,0.5108342361863488
f2336b7545f5f442,2021-08-07,0,0.597455041573846,0.5711159737417942
0b47788da6de735e,2021-08-21,1,0.6768336693249652,0.6115107913669064
12d2b282561b5e5f,2021-08-21,1,0.5102251424162756,0.4782608695652174
3a9e0fed344fd07d,2021-08-21,0,0.3891504696797438,0.38848920863309355
47230f9b5d7ae037,2021-08-21,1,0.3444538976653104,0.35714285714285715
47a157222b2c9092,2021-08-21,0,0.3483942386010529,0.39596563317146055
5e2ce5aa3a92c2df,2021-08-21,1,0.6242682707625943,0.6115107913669064
755d84d5f4aa4dbf,2021-08-21,1,0.5920772670554697,0.562043795620438
8badcb2134c1cdaf,2021-08-21,0,0.5523619408060544,0.5882115462252725
92d39a17e34cf581,2021-08-21,0,0.5543177392547912,0.5882115462252725
bfacb44c24bfe0e9,2021-08-21,1,0.4536584778081593,0.6115107913669064
e1897ff433134cb8,2021-08-21,0,0.5564327940604173,0.5798319327731092
f536ba47f006474a,2021-08-21,1,0.567269766341715,0.5711159737417942
089a17e450cc98aa,2021-08-28,0,0.661731390142082,0.5711159737417942
0f3a91caeaa55094,2021-08-28,1,0.6473568270670418,0.6428571428571429
1de342e9309c5f0f,2021-08-28,0,0.8158487971865056,0.8128898128898129
2cb9ba68fc855f33,2021-08-28,1,0.8039406293878061,0.7880184331797234
5086f9fb4fdc2f60,2021-08-28,1,0.6821819388196741,0.6428571428571429
58d5e4afc2dd35d1,2021-08-28,0,0.5113858116706738,0.4891657638136511
5cd1869013741767,2021-08-28,0,0.5268970554181973,0.5324675324675325
ad3aa9520131ff2e,2021-08-28,1,0.845939563161516,0.8088235294117646
be4890f4aaadec28,2021-08-28,1,0.8039368150345324,0.7191400832177531
e24c8aab497b4fe1,2021-08-28,0,0.7777670333991881,0.6957699520733487
ed64e42263bf50bf,2021-08-28,1,0.5955680105423343,0.5711159737417942
ef4484943b1c68a9,2021-08-28,0,0.5971147949170342,0.5798319327731092
06c0c7dda5a5909d,2021-09-04,1,0.466312966987463,0.5217391304347826
14f2bb86fd888e91,2021-09-04,1,0.4387247871157227,0.42016806722689076
3f76035e52e8819b,2021-09-04,1,0.36577640464455663,0.35714285714285715
4fc128b1bdf088b1,2021-09-04,1,0.8407386380077373,0.8259833134684148
8fc238e84c4624a7,2021-09-04,1,0.599203468006853,0.5711159737417942
a7c38d4d66abf923,2021-09-04,0,0.41865673230702827,0.40372670807453415
ad81be01a461c936,2021-09-04,0,0.5996815660138192,0.5962732919254659
b977ffcc6428046f,2021-09-04,1,0.6588831555596083,0.6755725190839694
f09912e9d8eaa968,2021-09-04,1,0.5472657695789608,0.5324675324675325
06b3226c34c17001,2021-09-18,0,0.4627608396391724,0.4891657638136511
0ce63c2148e70b4c,2021-09-18,1,0.7879811689903486,0.7775930160049885
13a8ddb1c3f55ed4,2021-09-18,1,0.8828223942782225,0.8579439252336448
2d42742aade53799,2021-09-18,0,0.45538284735102946,0.447405997144217
401f5f4714132d50,2021-09-18,1,0.6596295894407528,0.6211096075778079
4b5f9b7c31d1205d,2021-09-18,1,0.6091821795314452,0.6115107913669064
576b795e33ddd62d,2021-09-18,1,0.36724216297642326,0.35714285714285715
d06495deb1ff1750,2021-09-18,0,0.45716502079174826,0.46753246753246747
d1621b3da377f34b,2021-09-18,1,0.5632379282884408,0.5798319327731092
dc870fab1e0f15e1,2021-09-18,1,0.8275485946700715,0.8259833134684148
eb10feae98ea7d36,2021-09-18,0,0.5488943416523265,0.5324675324675325
18f1b88d8977c216,2021-09-25,1,0.6594652886622551,0.6211096075778079
7233b2a56438d77a,2021-09-25,1,0.9139405856286632,0.8935018050541516
73f6b72b4889088f,2021-09-25,1,0.774253325376443,0.8029168309026409
7484298ad57099be,2021-09-25,1,0.4939203376395158,0.40372670807453415
7abc4520f63f2c06,2021-09-25,0,0.43238936770647335,0.5108342361863488
92e006a93f983fb5,2021-09-25,0,0.45226163067997727,0.40372670807453415
b3c23fb2d71bba51,2021-09-25,1,0.5509451198404495,0.5798319327731092
bc276e0f07e30a54,2021-09-25,0,0.23090638308286215,0.2771206488678608
d8189169b2c8a2aa,2021-09-25,0,0.4536883197538554,0.42888402625820565
e7bb37681652c2c2,2021-09-25,0,0.24355161140581572,0.23809523809523808
f085f32bbb3220e1,2021-09-25,0,0.40909603948090995,0.3418803418803419
f4a2806f77ac1cdc,2021-09-25,1,0.6595838203517522,0.6581196581196581
f4df74046a1c4364,2021-09-25,1,0.8086083501072734,0.7553516819571866
16d31775a8dcb31d,2021-10-02,0,0.19087325516145723,0.15953307392996105
37c484012ef24a5b,2021-10-02,1,0.5716212451019277,0.5798319327731092
3b7eb8e56052a2af,2021-10-02,0,0.5950617680563924,0.552594002855783
5f444eac11e55161,2021-10-02,1,0.6614226523163126,0.7054263565891473
6832e9e62da0f9d3,2021-10-02,0,0.30555501239081984,0.30423004792665137
9c33c8d4a381ba70,2021-10-02,0,0.38425111206213913,0.35714285714285715
a00b4e82f9d4f92c,2021-10-02,1,0.8447793498293182,0.8335570469798658
c1e5859053263811,2021-10-02,1,0.6266887393743961,0.5882115462252725
dba710edbc3c29ff,2021-10-02,0,0.4312550494412818,0.4572564612326044
dfa2f5c821a52c63,2021-10-02,0,0.5755458743834452,0.5882115462252725
e7423a91a253b416,2021-10-02,1,0.7525586821051504,0.7153024911032029
149d6b90f33634a4,2021-10-09,0,0.6615700389100472,0.6428571428571429
20f19439e9b100b0,2021-10-09,0,0.413475379101447,0.3698979591836735
38957d8eb185391c,2021-10-09,0,0.6668995878150181,0.6428571428571429
6101249c2cdd1493,2021-10-09,1,0.7005874901673963,0.7001620745542949
777c65184aa63894,2021-10-09,1,0.8163106574344365,0.817258883248731
d5ffdb5388ffabc6,2021-10-09,1,0.7385421442684437,0.725752508361204
ddb927b0dfcfac2a,2021-10-09,1,0.7626672666977264,0.725752508361204
df16b9c2fc9722e9,2021-10-09,0,0.3723987661952029,0.35714285714285715
f526892a27b50576,2021-10-09,1,0.7630420163613315,0.7342398022249692
188b63ec6ee1c1c9,2021-10-16,1,0.4704036781785693,0.46753246753246747
330e67abac6e5ce7,2021-10-16,0,0.5449904523252044,0.562043795620438
814d481e79e9a525,2021-10-16,0,0.4956148906850749,0.447405997144217
a2e1116a9fe84aa9,2021-10-16,1,0.2344849544040134,0.25107991360691145
b193e2317b21125c,2021-10-16,1,0.7508777324163642,0.7272727272727274
be8bee783d22bee2,2021-10-16,0,0.624528262150244,0.6581196581196581
cf020c71f1dbfa0b,2021-10-16,1,0.59214366609264,0.562043795620438
d9ca00b3c62a874d,2021-10-16,1,0.6941479543475154,0.7054263565891473
e3881a6895be3e9e,2021-10-16,1,0.26173514583370017,0.27272727272727276
fefa96b6d939ffea,2021-10-16,0,0.377020802400367,0.41178845377472745
1fe58cdab57d233b,2021-10-23,1,0.5935302623935642,0.6957699520733487
587d373f18f6c8c0,2021-10-23,1,0.5328055246598036,0.5324675324675325
61d9eff5fa4c8578,2021-10-23,0,0.5958107602447573,0.552594002855783
69167b996ce7a7e4,2021-10-23,1,0.5015421588897371,0.5711159737417942
6d7eecf4acecda2a,2021-10-23,0,0.3385224761165476,0.38848920863309355
7151ae256e6c181b,2021-10-23,1,0.45098944020437554,0.4891657638136511
85f920746c58d0a6,2021-10-23,1,0.45445627277335987,0.34929577464788736
860be3cc82895177,2021-10-23,0,0.3395048129216221,0.35714285714285715
88256dd5a9aef1cc,2021-10-23,0,0.41954157245879437,0.447405997144217
98842f17dfe4b4ef,2021-10-23,1,0.3238371115760228,0.31339660119178986
acec5f4c6fee1ae2,2021-10-23,1,0.5449181968407015,0.5882115462252725
d44d735e5079bfb8,2021-10-23,1,0.7594508981580282,0.7672295755362848
e078d18fa9ed100d,2021-10-23,1,0.7559464164831595,0.6755725190839694
13e3e41e0c6f4e04,2021-10-30,1,0.7291485981762312,0.6912521440823327
156f2425a937b22f,2021-10-30,0,0.32784359756299625,0.30423004792665137
18edff5447989b3f,2021-10-30,1,0.7373247541210829,0.7191400832177531
41cdfea7df63003f,2021-10-30,0,0.43145963150807126,0.40372670807453415
4a5e5232346993c7,2021-10-30,0,0.3425139472122431,0.3418803418803419
58b19ba734fe93a3,2021-10-30,1,0.7676523916062669,0.7489200863930886
5ad4c0eae7512878,2021-10-30,1,0.8449228873190274,0.8178217821782179
6163c18411aca830,2021-10-30,1,0.7567422354300004,0.7727272727272727
768c86e307295944,2021-10-30,1,0.7399205379290115,0.7553516819571866
919fb76d2f3e5827,2021-10-30,0,0.7307545968683968,0.6957699520733487
92c49cb075f612d7,2021-10-30,0,0.5515971463069513,0.4891657638136511
987cdcbc809e210d,2021-10-30,0,0.21192583857405559,0.22240698399501146
d84968d7e9fcb4f3,2021-10-30,1,0.6484070284143825,0.6040343668285393
efc6af0151f72b87,2021-10-30,1,0.6934229310344833,0.7011952191235059
095a351dd6f09f7e,2021-11-06,0,0.4592669008374774,0.4782608695652174
19722043e7eb4e39,2021-11-06,1,0.519623186426141,0.4782608695652174
31b3ae9352d9389b,2021-11-06,1,0.7299965016242029,0.7272727272727274
385101e8ad828c39,2021-11-06,1,0.7506618347002141,0.7054263565891473
73d541adc2909dc8,2021-11-06,1,0.7272158668037544,0.7619047619047619
8081cb92f71401c6,2021-11-06,0,0.39340840967229307,0.35714285714285715
88cc78d2d5d6bcaa,2021-11-06,1,0.7409963948684224,0.7619047619047619
999a0fad4c82148d,2021-11-06,1,0.6408663840012461,0.6507042253521127
a260238fdb9c47cf,2021-11-06,1,0.6024073635976446,0.6115107913669064
c634ed84212723ca,2021-11-06,0,0.38323078608746824,0.3698979591836735
e25875165648162b,2021-11-06,0,0.4940667204195377,0.5324675324675325
fa3b28ff3585b4a0,2021-11-06,0,0.7225854363806135,0.7349177330895795
0273dbd5dedbdbe0,2021-11-13,0,0.6267961615855996,0.6755725190839694
1013cdbb6c9a4a2e,2021-11-13,0,0.5823421592597783,0.6040343668285393
147e984aa34e3028,2021-11-13,1,0.8210881420446341,0.8335570469798658
2c21abbc28e3876a,2021-11-13,0,0.6666637928153032,0.6818181818181818
66eee2320e900a8a,2021-11-13,1,0.753112560647815,0.7489200863930886
73c97d5c314f1270,2021-11-13,1,0.5996466446255178,0.5711159737417942
81bb4d9b214adf4b,2021-11-13,0,0.5196284328525196,0.46753246753246747
8636b67096df4b27,2021-11-13,0,0.616172956370443,0.5962732919254659
a27a355f52883f3e,2021-11-13,1,0.7845958521546461,0.7619047619047619
c0518d213b67e754,2021-11-13,0,0.5406352805198251,0.5217391304347826
e6ce8360ef43891c,2021-11-13,1,0.6937257147266603,0.7489200863930886
18f19b1422e8154b,2021-11-20,1,0.5192557864000662,0.4782608695652174
1cd8f5a107f64e39,2021-11-20,1,0.39643179962181446,0.46753246753246747
1ff89e2a9cc2f2d2,2021-11-20,1,0.3539044399664114,0.289532293986637
450534f9fb9b13cd,2021-11-20,0,0.3969547917396559,0.42016806722689076
50bf4bb2f8d9aba4,2021-11-20,0,0.4030590419575607,0.3698979591836735
84c68c4c387d2e32,2021-11-20,1,0.6165765783189049,0.6040343668285393
8dd086e2e70144fd,2021-11-20,1,0.7645740773132657,0.7553516819571866
9b9ef12603e820ec,2021-11-20,0,0.3471938783276111,0.2945736434108528
bb15c0a2911043bd,2021-11-20,0,0.20320675440372687,0.22727272727272727
f592f168f3b8b807,2021-11-20,1,0.46885464545044186,0.4572564612326044
fd60e75303622e5e,2021-11-20,1,0.4975020082817315,0.5
1ce1a43ef68ffc7d,2021-12-04,0,0.6349075969107273,0.6040343668285393
3109d1151f149aaf,2021-12-04,0,0.5597947826568094,0.5427435387673957
376dddfa82debbf4,2021-12-04,1,0.747303621706313,0.7272727272727274
3fc8afbb23b9ac16,2021-12-04,1,0.6455197428659455,0.6301020408163266
405bded9cc7a7c15,2021-12-04,1,0.5351438642198968,0.5711159737417942
42b28adbed6966b7,2021-12-04,0,0.6038914491523342,0.6115107913669064
5d64044b985004e7,2021-12-04,1,0.3781549245820059,0.3418803418803419
657b7da9c89352fe,2021-12-04,1,0.6869697604545738,0.6818181818181818
723a8a8c82cab1c8,2021-12-04,0,0.4086605672650502,0.37889039242219213
9e5bbbacf1d92cb4,2021-12-04,0,0.7973791335544871,0.7489200863930886
a38648a1c190f9be,2021-12-04,0,0.4885326722130212,0.46753246753246747
b3847772199e2639,2021-12-04,0,0.6695700293973295,0.6365876193409301
c74b03337a8441ed,2021-12-04,1,0.6062788260960673,0.5324675324675325
0b633295d9e017a3,2021-12-11,0,0.8832750513009826,0.880195599022005
16243b1470887cb6,2021-12-11,1,0.6799073958363547,0.6428571428571429
2d0d13dfc6c37ba8,2021-12-11,1,0.49665229694400237,0.4572564612326044
505397f405e40206,2021-12-11,1,0.8068724045113376,0.7421203438395415
50f2539c73b98eec,2021-12-11,0,0.48087720958506863,0.46753246753246747
537a5aa4c248830e,2021-12-11,1,0.6781663492947567,0.6040343668285393
6537a32e7af905b0,2021-12-11,1,0.5327740774772214,0.5427435387673957
795aa42785a46643,2021-12-11,1,0.46731384841626433,0.42888402625820565
8bcdcfb0f93f1409,2021-12-11,0,0.6202274984912438,0.6428571428571429
8c01b7dccc4d0926,2021-12-11,0,0.2897240125713914,0.28085991678224687
9039762cb9f4abdb,2021-12-11,0,0.24211387617348498,0.2771206488678608
abb8c6c0a057184e,2021-12-11,0,0.47641822656652144,0.5
b22eab3aa1522f40,2021-12-11,1,0.5106035375098141,0.4572564612326044
fc2a30bfb760bdf8,2021-12-11,0,0.5384080001441907,0.5798319327731092
2a5484a6d5e7a2da,2021-12-18,1,0.5647454228043682,0.5962732919254659
2e200563dd7c4922,2021-12-18,1,0.6833189528735525,0.7104677060133631
4b7ec02b39fc6f70,2021-12-18,1,0.5080712299050374,0.43795620437956206
730f14ccff80f3b0,2021-12-18,0,0.29336248190145975,0.3181818181818181
85d9a516c3c6c205,2021-12-18,1,0.5785253253339288,0.552594002855783
8b3b38167060b1d7,2021-12-18,0,0.6653489151986128,0.6704377766847024
a43dcd04788d95c7,2021-12-18,0,0.2707862051043318,0.2846975088967971
a760d0f5de2e1aaa,2021-12-18,1,0.6368811920611258,0.6040343668285393
b4f88d65b47c2a39,2021-12-18,1,0.6771091646092149,0.6704377766847024
bdaca0a96d44438a,2021-12-18,0,0.39936390181265974,0.3295622233152976
dd552b389152636a,2021-12-18,0,0.5826454856260672,0.6040343668285393
ea76a3af8c5ecc55,2021-12-18,1,0.5955321396235659,0.562043795620438
fc0927c657c51622,2021-12-18,1,0.7551118926558414,0.7272727272727274
3738135e4c9d8273,2022-01-15,1,0.48505491812209794,0.46753246753246747
3a8c0158d910546d,2022-01-15,1,0.7057766237467902,0.6581196581196581
3bcbb0e039f4f5d8,2022-01-15,1,0.5627009466364274,0.562043795620438
7c2a02b5ea169b54,2022-01-15,1,0.67980266416085,0.7553516819571866
8.69E+73,2022-01-15,1,0.4050782887033122,0.41178845377472745
8d89f3b8798f444d,2022-01-15,1,0.5965089815497939,0.5882115462252725
9dfcf675cf2c1575,2022-01-15,1,0.32386733941970347,0.33635187580853815
b5b5156c713c5d47,2022-01-15,0,0.33540685853576246,0.33635187580853815
e8517ed0b49abc37,2022-01-15,1,0.3896809728508126,0.42888402625820565
0669231ebe3dd560,2022-01-22,1,0.8024297435978904,0.776440240756664
0a0beb5aa9810de4,2022-01-22,0,0.6347293474746231,0.6301020408163266
4047c2e259529179,2022-01-22,0,0.4558895046422832,0.4255319148936171
44a55ba1de2b30e2,2022-01-22,0,0.7694516647949005,0.8
453283e947919ff7,2022-01-22,1,0.6568115186521073,0.5
5ba543efdce072f5,2022-01-22,1,0.7091057960925132,0.7183098591549295
5da7168ac2ff0e1d,2022-01-22,1,0.6247622056121833,0.6428571428571429
80f65ee9b6f8d63b,2022-01-22,0,0.3701643019990294,0.37889039242219213
9687021e5c4d092a,2022-01-22,1,0.6381657840295247,0.6912521440823327
cddd3d4febe097f8,2022-01-22,0,0.730085660966583,0.6365876193409301
e786542667fdecf0,2022-01-22,1,0.3875691122139236,0.40880503144654085
0489b42ac0ab6d4b,2022-02-05,0,0.6153421448397182,0.5346534653465347
0730c4e6fb247fa1,2022-02-05,0,0.24532309645327255,0.23809523809523808
208c5dc52ccfd47a,2022-02-05,1,0.7322769614613118,0.7228793511321393
4b67a1875390e7ad,2022-02-05,0,0.35524021889579815,0.3181818181818181
6b4c2cc27855506a,2022-02-05,1,0.7350539989153398,0.7054263565891473
ace166f26c2ac2e8,2022-02-05,0,0.5562144484902157,0.6301020408163266
18a1617ee7356352,2022-02-12,1,0.5983592231611101,0.5962732919254659
19e742ccaa09cf08,2022-02-12,0,0.27017884044652646,0.26508226691042047
238832b58a66ae07,2022-02-12,0,0.4442999492294593,0.42016806722689076
3bebd99d5f94bec7,2022-02-12,1,0.6725425090157264,0.6957699520733487
6708f3a32861038a,2022-02-12,0,0.43442236147965396,0.40372670807453415
81c22cfa22002ea4,2022-02-12,1,0.5162278115781722,0.4902470741222366
821bef3a3394dd96,2022-02-12,1,0.30602050242346684,0.34929577464788736
a0ba726da4a50458,2022-02-12,1,0.7867046498101209,0.7775930160049885
b1e048825b5bbe1c,2022-02-12,0,0.24098654031323458,0.25787965616045844
bb42336d6417914c,2022-02-12,0,0.6369120822943509,0.6040343668285393
c16bda7548181613,2022-02-12,0,0.49787483293668644,0.5
ca8f73d038c4d6e7,2022-02-12,1,0.7273246926867878,0.7228793511321393
04e2d50c24a88dbd,2022-02-19,1,0.6437903934398306,0.5882115462252725
25da52bc590ef664,2022-02-19,0,0.29635467137092636,0.3634123806590699
2d8db91f91f68069,2022-02-19,1,0.6494051924108263,0.6507042253521127
33cc40fc1da409d3,2022-02-19,0,0.516965776529012,0.5324675324675325
528c208293bdef13,2022-02-19,1,0.7273736525241887,0.7421203438395415
8cd583f6d10692bc,2022-02-19,1,0.7037863565759107,0.7421203438395415
93026443e5140415,2022-02-19,1,0.6808301377506373,0.7054263565891473
958799d957945a3a,2022-02-19,1,0.36443652918990577,0.38848920863309355
99fd8396cbe1df03,2022-02-19,1,0.7802274906630207,0.7349177330895795
e36a5d4d53b97d4e,2022-02-19,0,0.6098239388014285,0.6040343668285393
ea63f56779100678,2022-02-19,1,0.6501316904499951,0.6755725190839694
f7865e5a6d009a87,2022-02-19,0,0.341732212391761,0.33635187580853815
01468f766dd7385c,2022-02-26,0,0.6089529697010659,0.5798319327731092
181ceedcacc01d48,2022-02-26,0,0.4229363579894944,0.38848920863309355
84d633d4a9fbf331,2022-02-26,1,0.4800582382203752,0.43795620437956206
8515f07911765f89,2022-02-26,1,0.7429731912184866,0.6957699520733487
901e62b7af57f559,2022-02-26,0,0.3133725563040734,0.2771206488678608
c4eb14c3de579842,2022-02-26,0,0.6741416485147443,0.6211096075778079
c5d5fcf290cc029e,2022-02-26,1,0.7572791645703123,0.7727272727272727
cb1f27818d46af0e,2022-02-26,1,0.4824553201125335,0.4891657638136511
f087a10a6f2bcc99,2022-02-26,1,0.7279145393982452,0.7191400832177531
36d9337a27b71ba9,2022-03-05,0,0.5710394462017659,0.5711159737417942
43b43c5d439b2f98,2022-03-05,1,0.7965945788766222,0.7775930160049885
59d44b6888885500,2022-03-05,0,0.09940616256478184,0.12790697674418605
838bb84a5a976a9c,2022-03-05,1,0.6261510084819809,0.6301020408163266
9321b3c90ea5ca6c,2022-03-05,1,0.7774333249623877,0.7191400832177531
abd45edc07a8d9e3,2022-03-05,0,0.321716996063922,0.38848920863309355
c420c376cc1d149c,2022-03-05,1,0.3371483446912289,0.3295622233152976
c6fc43c351b08bda,2022-03-05,1,0.4918317630483377,0.39596563317146055
cda06ff86cfe4f5f,2022-03-05,1,0.6967076467160254,0.6211096075778079
d03d0abf331df751,2022-03-05,1,0.7826810933327029,0.7228793511321393
d5323490163dde0e,2022-03-05,1,0.688658795836244,0.6365876193409301
ee278a5a25744cac,2022-03-05,1,0.4550338765065618,0.447405997144217
fce6ab43b7d09aa4,2022-03-05,1,0.6234050436122894,0.5962732919254659
226884e46a10865d,2022-03-12,1,0.6955686265059094,0.6581196581196581
23eec2d9cb2d78cd,2022-03-12,1,0.4833184222537152,0.42888402625820565
26fbee4ed13ff35d,2022-03-12,1,0.46596510769295024,0.4782608695652174
3b06c512abfa0494,2022-03-12,1,0.6016106381376956,0.6365876193409301
463fac0e48505b62,2022-03-12,1,0.580876084047015,0.5882115462252725
5cad3ab6553e9ec9,2022-03-12,1,0.4921639095721623,0.5427435387673957
70b8d357e89383bd,2022-03-12,1,0.7882663640355206,0.7104677060133631
8aa16cc1ba99aac1,2022-03-12,0,0.18348251022437678,0.17401668653158525
9cb78122a23e6a7d,2022-03-12,0,0.521921358263062,0.5711159737417942
b400c29fbeee0206,2022-03-12,0,0.643467279748119,0.5962732919254659
b55de7d791b9f62d,2022-03-12,0,0.24929508284819663,0.25107991360691145
b70313eae7c24b27,2022-03-12,0,0.3239737489447224,0.3698979591836735
f10c2c84652ef573,2022-03-12,0,0.3739069664164356,0.35714285714285715
06641a8c62e45661,2022-03-19,0,0.45089912292891154,0.447405997144217
4c7e55061dc3bf89,2022-03-19,1,0.8638454317403422,0.7925457102672292
53d0df57a917c6a0,2022-03-19,1,0.6071052980939582,0.5427435387673957
5a878a6bebc973d7,2022-03-19,1,0.5465131955439044,0.562043795620438
5e378c52f26935d6,2022-03-19,0,0.742308675680035,0.7153024911032029
6e705b2365bc03fa,2022-03-19,0,0.6586046677159585,0.6755725190839694
766b4f5e77ab0860,2022-03-19,0,0.693068745489282,0.6428571428571429
a200b5dcbdd2506e,2022-03-19,0,0.23323199884529106,0.17902813299232737
ae989e21c3839b49,2022-03-19,0,0.221914970773094,0.25787965616045844
bcd1e1d71a172d53,2022-03-19,1,0.8454199441185581,0.8029168309026409
ce3d94186567a684,2022-03-19,1,0.5338108574584092,0.5
1b650c76387c0f4b,2022-03-26,0,0.2561100999361732,0.28085991678224687
3ecccdab76baa59c,2022-03-26,0,0.18444370866246101,0.20115416323165705
3f92025b29e06bfd,2022-03-26,1,0.7687911254110456,0.7054263565891473
410e65e4d1782bfc,2022-03-26,0,0.8165784186806243,0.782608695652174
6ed495c177d69a3a,2022-03-26,1,0.8896889735513583,0.8720930232558137
82b2b97b85c7225c,2022-03-26,1,0.4922322394351598,0.46753246753246747
97e522591ac7eb29,2022-03-26,1,0.4155662983116772,0.42016806722689076
bb31c77bddd1317e,2022-03-26,1,0.32677463980311894,0.298804780876494
c4e866d9dd606faa,2022-03-26,1,0.8700085089934819,0.8209718670076727
d0b7a79d3e7f3362,2022-03-26,1,0.4424122719857073,0.41178845377472745
f3c37e23ca30c87d,2022-03-26,0,0.5082940468779832,0.4891657638136511
f6afaf2a39fa441c,2022-03-26,1,0.45367576984553704,0.447405997144217
15311d4b33d93004,2022-04-09,0,0.5535187224878808,0.5324675324675325
278b965694e563b2,2022-04-09,1,0.4191297930372048,0.42016806722689076
313c36ce9bde6cf6,2022-04-09,1,0.6063072957940204,0.6428571428571429
394b0347b0438622,2022-04-09,0,0.17947916483833665,0.20115416323165705
7458a37feabf8788,2022-04-09,0,0.33926432300026377,0.38848920863309355
7c6ed5b3d830d0cb,2022-04-09,1,0.5823009001420993,0.6365876193409301
88c6e7f71b79fd65,2022-04-09,0,0.427173134450342,0.41178845377472745
9a8964b148cb5923,2022-04-09,1,0.2530493880001003,0.23277042446371515
9e52a67410f2c879,2022-04-09,1,0.5497528507811908,0.5324675324675325
dc0ab34f1952cb48,2022-04-09,1,0.8461083332696006,0.8209718670076727
0987b3f785e26d1c,2022-04-16,1,0.45264556115030835,0.447405997144217
0daf776bd222daad,2022-04-16,0,0.7064867263273691,0.6755725190839694
1ceab8fa45996f51,2022-04-16,0,0.2454602455200724,0.28085991678224687
4f6e7159e77d4215,2022-04-16,1,0.8186490623088942,0.8259833134684148
559031e51ced0b53,2022-04-16,1,0.6330763162782562,0.6507042253521127
6d4b6224f26572f9,2022-04-16,0,0.5801963672985528,0.6211096075778079
74c58b9d638c5eaa,2022-04-16,1,0.7943172697724397,0.8178217821782179
7c5fc3fc7be4a997,2022-04-16,0,0.5593221920201741,0.6211096075778079
a0a120c50d93f70a,2022-04-16,1,0.5173674401167341,0.4782608695652174
b09f8cd4cbd7ba56,2022-04-16,1,0.6400885239244607,0.6301020408163266
c20e6697335c3b3d,2022-04-16,0,0.20950626212135737,0.19708316909735907
eac46cfead228e11,2022-04-16,1,0.46206117255499884,0.447405997144217
173d576e6247a88a,2022-04-23,0,0.5323991171560034,0.4891657638136511
3a3ac7b3987f6799,2022-04-23,0,0.3234419096045809,0.3295622233152976
6017351e164dbca3,2022-04-23,0,0.47276804165241537,0.46753246753246747
6a4ba72b084193b5,2022-04-23,0,0.5294471503331771,0.5324675324675325
7cf7960c6ccb5fa1,2022-04-23,0,0.875856470904766,0.8524590163934428
926977ec3ed0ebe1,2022-04-23,1,0.6749524598987638,0.6636481241914618
992e84bf59837e21,2022-04-23,0,0.3272463964576829,0.3418803418803419
9b8a82276f06829f,2022-04-23,0,0.4591998325082612,0.46753246753246747
a45d4327bc82bc28,2022-04-23,1,0.6458745624425208,0.6211096075778079
e4d946470fd150fe,2022-04-23,1,0.5783115718716966,0.5798319327731092
e8c57c6259193466,2022-04-23,1,0.8445887366762793,0.8259833134684148
5ae5eb729c6bb169,2022-04-30,0,0.4975093371423367,0.4891657638136511
5b731da9e4be4391,2022-04-30,1,0.4841546631242838,0.5108342361863488
632c2d4ed12f2bdf,2022-04-30,0,0.6516167892373718,0.6912521440823327
6b956992204ec040,2022-04-30,1,0.6503638169292169,0.6428571428571429
760e3f292b834637,2022-04-30,1,0.5954573651821452,0.6040343668285393
7c8701bb78cb4de8,2022-04-30,0,0.34053301138586195,0.3418803418803419
7e4b7a70838e5ba4,2022-04-30,0,0.5670377921271944,0.5324675324675325
80cf37627a129145,2022-04-30,0,0.6649139987911867,0.6428571428571429
9217ecc287ac482d,2022-04-30,1,0.7043759829342631,0.6704377766847024
d2484d74f819d813,2022-04-30,1,0.9196846133100498,0.9128630705394191
eb277b5ea2a19124,2022-04-30,1,0.5240233702403202,0.5
397dd9a8694ef413,2022-05-07,1,0.7759184153533945,0.7880184331797234
430309e0f8a315d5,2022-05-07,1,0.45808122797272927,0.4891657638136511
60d9d50b763adc62,2022-05-07,1,0.5600775375591283,0.5324675324675325
6a902b97ac98c283,2022-05-07,1,0.45945488800225576,0.4572564612326044
7d4e49d8a6678157,2022-05-07,1,0.5675420736126177,0.5427435387673957
80ac36a9dbc4b1a1,2022-05-07,1,0.7060476500457373,0.6912521440823327
8289033e03b4d9a3,2022-05-07,0,0.7890541587417109,0.7619047619047619
8390441d93736719,2022-05-07,1,0.5504674793183463,0.5108342361863488
88455c967a7ef6fc,2022-05-07,0,0.3282952194752933,0.3634123806590699
9d61012a6020516e,2022-05-07,0,0.6911339701608755,0.6704377766847024
a2ebb5f86eb64f22,2022-05-07,1,0.7278519211897092,0.7421203438395415
c020ccbd7cdefb6e,2022-05-07,0,0.3275643248147337,0.3087478559176673
fc4939b3c9071e66,2022-05-07,1,0.33353525102421905,0.3418803418803419
ff6c8dab41efcc09,2022-05-07,1,0.6030395009422013,0.5882115462252725
22f1133d02700bb2,2022-05-14,1,0.7792420778354049,0.7272727272727274
2fa88b72973478b6,2022-05-14,1,0.30473885632301867,0.32442748091603046
43543a2c1c7a7135,2022-05-14,1,0.7444576825018796,0.7104677060133631
5c281439d20184f1,2022-05-14,1,0.35015991042165223,0.35714285714285715
7e047b195135ef06,2022-05-14,1,0.4319458726225242,0.447405997144217
8a1aa64eb1f17913,2022-05-14,1,0.577636871464477,0.5798319327731092
afed0bac5ce5a2f3,2022-05-14,0,0.813576891392726,0.7553516819571866
b3248692dfb954b2,2022-05-14,0,0.6784751338257843,0.6507042253521127
e240d6f77747ec46,2022-05-14,0,0.42487497095297744,0.447405997144217
f549164690d723bb,2022-05-14,1,0.7193194643867975,0.6636481241914618
1b4d0c9e3c59b33b,2022-05-21,1,0.8439559465616229,0.8209718670076727
3542f9f30926f364,2022-05-21,1,0.7510936388956251,0.7054263565891473
4a789cdd5aaf4439,2022-05-21,0,0.3449035286719985,0.36396181384248205
5136dc566f46daf6,2022-05-21,1,0.4969385620946637,0.43795620437956206
534c07488396e124,2022-05-21,0,0.5748778025002542,0.552594002855783
5d4fb748ad246269,2022-05-21,0,0.38657088445217813,0.42888402625820565
5eaff5c832430378,2022-05-21,0,0.45420325634311204,0.4572564612326044
7a2c841693b54dd7,2022-05-21,0,0.6537206566163438,0.6581196581196581
bc7228d30ff5be46,2022-05-21,0,0.5884115227297637,0.562043795620438
cbdfb3c648d7bada,2022-05-21,1,0.7041203287631366,0.6428571428571429
f682118709b4143e,2022-05-21,1,0.6367259518885016,0.6818181818181818
04e6198326be4857,2022-06-04,1,0.8262576685630787,0.8467023172905528
344d60564cd136ff,2022-06-04,0,0.6628770834937133,0.6704377766847024
3aa49ed298e4c34f,2022-06-04,1,0.6540312874562069,0.5324675324675325
43d7d4b67be48553,2022-06-04,0,0.5222609229982137,0.46753246753246747
4f2501e804c84abe,2022-06-04,0,0.5158589409863181,0.5108342361863488
59b2bbb251968ca9,2022-06-04,1,0.8285741899171971,0.7880184331797234
7a635063e5f1699b,2022-06-04,1,0.6686390960568916,0.6115107913669064
7e20b0536fbbd560,2022-06-04,1,0.6113875883971115,0.6211096075778079
93969a7368dc2e14,2022-06-04,1,0.6818468967827218,0.7011952191235059
a09447d185a62251,2022-06-04,1,0.7306748786060252,0.7011952191235059
a679800d2e7c3be2,2022-06-04,1,0.6524145021883381,0.6428571428571429
aacb47949a572f25,2022-06-04,0,0.2083488588443788,0.23277042446371515
e5e75d831670b401,2022-06-04,1,0.609731913352846,0.6115107913669064
ed32da52aff68944,2022-06-04,0,0.37276492348310947,0.40372670807453415
029f5c36820fdc09,2022-06-11,1,0.5893287264869421,0.5217391304347826
049ad6d87b42eba8,2022-06-11,1,0.8426478114094594,0.8259833134684148
4305cb30533dac77,2022-06-11,1,0.5709646469343794,0.5962732919254659
4a116a55ffaa0d64,2022-06-11,1,0.49207095874748974,0.35714285714285715
50eed57ea1390e16,2022-06-11,1,0.7003296908931268,0.7104677060133631
c94b153951be7590,2022-06-11,0,0.6674899069754562,0.6636481241914618
d7a7ba46c4f075d7,2022-06-11,0,0.4328340686037626,0.4782608695652174
f115a91066a77ee7,2022-06-11,1,0.6333761605106597,0.6301020408163266
fd49f89b9d97566b,2022-06-11,0,0.3654501414179786,0.33635187580853815
11e83902f5b8ff63,2022-06-18,1,0.30821146315552395,0.32721864154685176
1378fc2be3819b2b,2022-06-18,1,0.7648294572079771,0.7421289355322339
1bc662949337a8c4,2022-06-18,0,0.22505683433919307,0.2540415704387991
20cefe64f4b28be8,2022-06-18,1,0.7534848113583712,0.7388632872503841
2c7c7648e847f2e5,2022-06-18,0,0.6840129904214872,0.6979865771812079
4e6218b6b892b017,2022-06-18,1,0.6829914309929321,0.6727813584531482
5095f6290670009d,2022-06-18,0,0.46189032247835926,0.3932993445010925
5b5d7f7ae712c6d8,2022-06-18,1,0.31262714179663115,0.28831562974203334
6e559181bfbc77e1,2022-06-18,0,0.7310473165369074,0.7116843702579665
897d9e21c59d0633,2022-06-18,1,0.6903582810553519,0.6888888888888889
8b5c760f34daafe0,2022-06-18,0,0.1185871278414018,0.14285714285714285
9a92d376fba2379d,2022-06-18,0,0.5041952228998201,0.46753246753246747
e8a5e53ffd33c0f9,2022-06-18,1,0.3356624576941051,0.3158617532616159
029a12d36a4687e1,2022-06-25,1,0.6990982153609786,0.6792452830188679
1f5f59924b59408b,2022-06-25,0,0.7121288955890466,0.6792452830188679
21f79cd40513d075,2022-06-25,1,0.40492949955573654,0.3510791366906475
24a9fc95a3112f51,2022-06-25,0,0.3702993711425441,0.35714285714285715
28bd070f7ab0a0b9,2022-06-25,0,0.10257278465436429,0.12844036697247704
28be3fbe5c377380,2022-06-25,1,0.43593297991599045,0.41178845377472745
2c73bf152247f25a,2022-06-25,1,0.2858638746171406,0.320754716981132
3c98739eb42f96bf,2022-06-25,0,0.2306250451343883,0.2146439317953861
3f38100fd8dae286,2022-06-25,1,0.5203473694201178,0.5108342361863488
8cc43d79b61efc25,2022-06-25,0,0.6282164560455838,0.5324675324675325
a457331c27bce6d5,2022-06-25,0,0.38606802320736977,0.3932993445010925
c57c8e22a3e8dde2,2022-06-25,1,0.5384966672433077,0.552594002855783
0308bcdd00cc72e2,2022-07-02,0,0.5629966516310599,0.5324675324675325
0e2c7ec02a095813,2022-07-02,0,0.5951707031592693,0.5882115462252725
12a33d16e1d4e2d9,2022-07-02,0,0.49928573986672325,0.4782608695652174
1c85003f6ec59c9d,2022-07-02,0,0.25775880454400285,0.2679147837314396
4047e98132306cd5,2022-07-02,1,0.6640316775213697,0.6211096075778079
459bc7c0b47719c3,2022-07-02,1,0.657564558757486,0.6301020408163266
57775c8af89007c7,2022-07-02,0,0.38412895568142436,0.3932993445010925
98411542ca0e847d,2022-07-02,0,0.4169057603568431,0.42016806722689076
99ac96bb67e5c5e4,2022-07-02,0,0.21731608825048915,0.2509516424644015
a7eaf7b101166d3e,2022-07-02,1,0.8450430434910521,0.814385150812065
04e1ff7aeda2a018,2022-07-09,1,0.38246190597341106,0.41178845377472745
478bc7d1288e043e,2022-07-09,1,0.8172923573355674,0.5882115462252725
6c60e58f8e9e7a4c,2022-07-09,1,0.7293247325760079,0.6888888888888889
81cbb709dedc914d,2022-07-09,1,0.6295319133221723,0.6211096075778079
a103b30f6898de7e,2022-07-09,0,0.3393053565082319,0.32721864154685176
a652918360fe9a72,2022-07-09,1,0.8289493391247517,0.8515283842794761
bba6cc8760da34ab,2022-07-09,0,0.18626266199947428,0.20140105078809104
be69cbf1f1671c8e,2022-07-09,0,0.3770645104873557,0.3452115812917595
c58b3223b5caa18a,2022-07-09,1,0.2739565094470726,0.32721864154685176
cd63b4144a45b611,2022-07-09,0,0.6939136448540484,0.6727813584531482
fb3f5a65da9f2ac7,2022-07-09,0,0.5013832543844419,0.5217391304347826
4965d8eab468b839,2022-07-16,1,0.33735883938234995,0.3510791366906475
4dd2bcd2b025204e,2022-07-16,1,0.6595014418724408,0.6547884187082406
74b8a36293758342,2022-07-16,1,0.3890834535299928,0.3932993445010925
7503d5c892f238fb,2022-07-16,0,0.6105618942475227,0.6365876193409301
8e4024cb49c963f2,2022-07-16,1,0.339206457966006,0.30201342281879184
9f3326195672c2b9,2022-07-16,0,0.42827912951308267,0.447405997144217
a5d2f0fed3ce2899,2022-07-16,1,0.48622300514523925,0.46753246753246747
b1af3bd0f8266a90,2022-07-16,0,0.368831797844684,0.3932993445010925
d439374c1fc95581,2022-07-16,1,0.5948804856158315,0.6140350877192983
dd456668731bd52a,2022-07-16,1,0.4072590524990732,0.41178845377472745
e57bfadb506e4f51,2022-07-16,0,0.30634089044822066,0.2679147837314396
ebefe958473b3843,2022-07-16,1,0.6669112793790297,0.6888888888888889
1c84dafe38694c05,2022-07-23,0,0.3575595399966131,0.33953112368633787
1ff520024da5b3b2,2022-07-23,1,0.7164515277258989,0.6428571428571429
2dbf9d8d6915711e,2022-07-23,1,0.8194237982672209,0.8064516129032259
3d35f25d9792a69a,2022-07-23,0,0.42847880938106325,0.42016806722689076
47b1cd4e3e2595f8,2022-07-23,0,0.44402262438823914,0.42888402625820565
8e02bdaac8ed50e5,2022-07-23,1,0.6789764233637642,0.7076023391812865
925a36a4af600291,2022-07-23,1,0.554090656404116,0.5
a1029686c3f1bead,2022-07-23,1,0.7114383822755321,0.7156573116691285
a57969d4ba7d4a79,2022-07-23,1,0.812430255024042,0.7942689199118296
b0d06858fb725654,2022-07-23,0,0.8012066322080879,0.7807933194154488
d0fb381cacbb0446,2022-07-23,1,0.46219736936595174,0.41178845377472745
dd6dbe644f599795,2022-07-23,1,0.8259763875175563,0.7853560682046137
e600b78e5a652dc0,2022-07-23,0,0.5321167728832324,0.5
f6fd50bf69bb59e6,2022-07-23,1,0.8366875527376144,0.8180815876515986
0366e183296fea07,2022-07-30,1,0.5821665753254429,0.5217391304347826
058c2724dec1add1,2022-07-30,1,0.8602765226286696,0.8279205041202131
189b9af881b96de6,2022-07-30,1,0.6304032829551869,0.6428571428571429
1ed550f094ca7745,2022-07-30,1,0.5223100735004654,0.562043795620438
52f87252af59e23b,2022-07-30,0,0.4356728445383271,0.41178845377472745
579b5770129b328a,2022-07-30,1,0.4799212797039298,0.3698979591836735
5a1ce88ec1f75160,2022-07-30,1,0.6923000563914906,0.6547884187082406
66f7bb31d24b3b36,2022-07-30,1,0.6872760944339964,0.6489208633093525
72c3e5eacde4f0e5,2022-07-30,0,0.36095817310979444,0.3158617532616159
81a18de517a3336a,2022-07-30,1,0.600196361687673,0.5990922844175492
96b62bd56b252bab,2022-07-30,1,0.6282622977097757,0.6365876193409301
e492dc60d8e44866,2022-07-30,1,0.8399842931277354,0.8250000000000002
044d210d7b1eb519,2022-08-06,0,0.22762759905429736,0.2679147837314396
2b11aa4b90b1dd41,2022-08-06,0,0.4651572477814072,0.43795620437956206
36f38c2534ef646b,2022-08-06,1,0.3332566592561424,0.28831562974203334
4adef20ce69217be,2022-08-06,1,0.8118108821969435,0.7388632872503841
a274ed04c36d40d4,2022-08-06,1,0.48222342734227314,0.4782608695652174
a6b328733d610e2b,2022-08-06,0,0.660662239878871,0.6547884187082406
a8bc6e005077bb0b,2022-08-06,0,0.2785589314839563,0.2644836272040303
b5274277ef6707c9,2022-08-06,1,0.5922724598338766,0.6365876193409301
b530bb13aac1e48b,2022-08-06,1,0.861361154717592,0.8715596330275227
eda397c27787afa4,2022-08-06,0,0.16919530864474286,0.15518546555639667
0823f97be9c3a62e,2022-08-13,0,0.8246434867378348,0.7942689199118296
11cc331fa40ede63,2022-08-13,1,0.6593032657591195,0.6675191815856777
38b6ef176439c39b,2022-08-13,0,0.7154152341898218,0.7204034684126703
5f31f3e32669f5b9,2022-08-13,1,0.23221757148986655,0.25787106446776614
7f9a331bc3100afd,2022-08-13,0,0.24888628158758494,0.2758620689655172
833d67f423315d18,2022-08-13,1,0.6791826603663689,0.6547884187082406
8986373b4a6e90b6,2022-08-13,0,0.6425610896520179,0.6301020408163266
b96c8fef6c9f92db,2022-08-13,1,0.7213685695754268,0.7277768442278608
d19e010f071a4b45,2022-08-13,0,0.4223331870587055,0.42016806722689076
efd7efba85092c6f,2022-08-13,1,0.2562506411473805,0.2540415704387991
f858f91453555291,2022-08-13,1,0.739884886942141,0.7555791710945804
0cf7a4593fd44e59,2022-08-20,0,0.2924602870082247,0.29239766081871343
2ac3ce1f62b3c4b9,2022-08-20,0,0.37430895542117787,0.41178845377472745
2cd9e3796be57a79,2022-08-20,0,0.4563996248749591,0.42888402625820565
2de6652160cc7b9f,2022-08-20,1,0.7420586286461598,0.7421289355322339
4dac5258f22be059,2022-08-20,0,0.6085449693178441,0.5990922844175492
5abcf9f282983acc,2022-08-20,1,0.8688916624636943,0.8623188405797101
6b9f82291930bfec,2022-08-20,1,0.8238558699582142,0.8064516129032259
d497d74a0df9e35e,2022-08-20,1,0.4870435838340484,0.5324675324675325
e0b98f3cf4a7cc3b,2022-08-20,1,0.2347789446714143,0.2644836272040303
f70c817388602681,2022-08-20,0,0.733248247399639,0.7320852162685604
1a191251620a84ca,2022-09-03,0,0.4608419266999354,0.4891657638136511
20f316f96c9e4458,2022-09-03,1,0.6897001769110491,0.6888888888888889
398db40015b3c81c,2022-09-03,1,0.6938510508435979,0.6604688763136621
3e2f00991f511607,2022-09-03,1,0.7438304141643399,0.7241379310344829
7bced112f3229b1b,2022-09-03,0,0.34848016658556596,0.32721864154685176
810c9da07970c4a6,2022-09-03,1,0.8366260689841303,0.7985989492119089
acc9a109b00a99e1,2022-09-03,0,0.6233640559034721,0.5798319327731092
b8ca1acdf3dc2f58,2022-09-03,1,0.6406367330649684,0.6547884187082406
ca7fd237c16cec84,2022-09-03,0,0.5048516043456552,0.5324675324675325
ce62a50e97d497f9,2022-09-03,1,0.6615431344862192,0.6979865771812079
cf9035f2fc2e232f,2022-09-03,1,0.741227563089994,0.7204034684126703
fd47032108b85cf0,2022-09-03,1,0.3296504224569876,0.3452115812917595
0111e6a64b5184c6,2022-09-10,1,0.8105975896629348,0.8216159496327387
0e6d624086f7952e,2022-09-10,0,0.7400966357404203,0.6604688763136621
301f230c90c4bd7d,2022-09-10,1,0.851651427407916,0.8339277753009363
6010f681e54ba2cd,2022-09-10,0,0.36849797075883,0.37889039242219213
77acb96700e89c92,2022-09-10,1,0.49574692840240103,0.4572564612326044
7e8fd03e070d0c25,2022-09-10,1,0.44859416708172906,0.42016806722689076
86d57e8ef2191316,2022-09-10,0,0.5341250000126945,0.5217391304347826
989b8d362742f40b,2022-09-10,1,0.5969475548957623,0.6365876193409301
a5cf273faa3982b7,2022-09-10,0,0.6514234334913234,0.6140350877192983
bf334cb4e63f3430,2022-09-10,0,0.8455052347944656,0.814385150812065
d3e23d7d207d3ccf,2022-09-10,0,0.42173706508450665,0.3932993445010925
d869eaea38426f06,2022-09-10,1,0.4449203693113277,0.37889039242219213
db3e26d02d790c97,2022-09-10,1,0.7776541605184072,0.7555791710945804
160c17b8fcb0e2a1,2022-09-17,1,0.8449086103046176,0.8105134474327628
35d06627d91b840d,2022-09-17,1,0.22574823732807933,0.22437307523097227
3cbd3565dd631cc4,2022-09-17,0,0.6831786565015023,0.6211096075778079
46b9acec12a35d37,2022-09-17,1,0.6188722778278491,0.6489208633093525
8a044e5400b4318f,2022-09-17,1,0.6163293052590029,0.5798319327731092
adb78db5ba8ccc0f,2022-09-17,1,0.5612252798631521,0.552594002855783
bd06f1c2d7e6c4a0,2022-09-17,0,0.595506095419212,0.5427435387673957
be73f75b52b06f14,2022-09-17,0,0.3561330513161693,0.40090771558245086
ce5ebaf8caf8c4a7,2022-09-17,1,0.7260244262988509,0.6604688763136621
d9f5d05b07bae09e,2022-09-17,0,0.37822802213216483,0.41178845377472745
df370b97ea49e6b4,2022-09-17,1,0.6558914735493718,0.6489208633093525
ec0740be19b2ef90,2022-09-17,0,0.40403280516069956,0.35714285714285715
f521ecde1e96a1bd,2022-09-17,1,0.3385640932198021,0.33953112368633787
1aedd959f1523a27,2022-10-01,1,0.8786521365817422,0.8795811518324608
330506571d2778b1,2022-10-01,1,0.6267051937430345,0.6301020408163266
63f6af6d5f7b82ad,2022-10-01,0,0.5758970180684198,0.6211096075778079
6c79db79da9ae874,2022-10-01,1,0.3170889741659301,0.28831562974203334
7d0d2cecab358ba1,2022-10-01,1,0.7721066626531073,0.7388632872503841
8c9ff13791378784,2022-10-01,0,0.5644575322594403,0.5324675324675325
a73e33dfce8fcfd8,2022-10-01,1,0.6897501408080867,0.6979865771812079
ad59e2de1ab5c8d2,2022-10-01,0,0.5132819098772438,0.5324675324675325
d33814971932422a,2022-10-01,0,0.7740390592159773,0.6979865771812079
de93fda66d203c26,2022-10-01,1,0.6471545884842005,0.6365876193409301
ecc56a86a1eead9d,2022-10-01,1,0.5154257974501809,0.562043795620438
1af23e7aa71a1d17,2022-10-15,0,0.32434372623396346,0.33248081841432225
59695aae245cca73,2022-10-15,0,0.39654671281551107,0.3698979591836735
60bd4d2878c85f70,2022-10-15,1,0.6582450068085733,0.6211096075778079
759c55755d70f7ba,2022-10-15,0,0.31292874656000474,0.33248081841432225
8252a314c778b8e6,2022-10-15,1,0.6003377576867789,0.5711159737417942
84b04e8d6b251c54,2022-10-15,0,0.15802009326565236,0.1606217616580311
860050f211b44d10,2022-10-15,0,0.5674577120913669,0.562043795620438
904cf687d22bb486,2022-10-15,1,0.6819087254941093,0.6547884187082406
96d4fe315722d1c1,2022-10-15,1,0.20295515804323327,0.2146439317953861
b4bbc1b7efa770f5,2022-10-15,1,0.7315840844085842,0.7644749754661432
fac560495e61d34c,2022-10-15,1,0.7563290908286895,0.7076023391812865
1b204fc28bb023e6,2022-10-22,1,0.6680946095829087,0.6604688763136621
1e8c33b1917fe1b7,2022-10-22,1,0.9037675193916811,0.8866213151927438
1f0d4572e0facbea,2022-10-22,1,0.6900827336143787,0.6211096075778079
2d36e2c10ee349fe,2022-10-22,0,0.3784697950548657,0.3452115812917595
4011cdf1f182804c,2022-10-22,1,0.8024667074228679,0.7807933194154488
523815acf1bb2420,2022-10-22,0,0.32082436589500585,0.3510791366906475
5c3c4bcc6c746ca0,2022-10-22,0,0.7164057670644454,0.7156573116691285
69f39e5d959311b1,2022-10-22,1,0.31858680819702423,0.3111111111111111
cea6760d7bfbe19b,2022-10-22,1,0.5609932702799506,0.562043795620438
d325a1483d78ae75,2022-10-22,1,0.4760559259565711,0.447405997144217
f4d8266a42a41dff,2022-10-22,0,0.3489325672286107,0.3698979591836735
44abbf6b947be6de,2022-10-29,1,0.3603804831222002,0.41178845377472745
5b6bdaf89e493674,2022-10-29,1,0.6737162895804023,0.6547884187082406
5dcba156bd13e0c3,2022-10-29,0,0.31773222076409,0.320754716981132
6a7db3750822d7be,2022-10-29,0,0.5921644524386427,0.5882115462252725
86dff1593d8b9a1f,2022-10-29,0,0.7496595664386935,0.7355163727959698
98b7dd0ddc52cffb,2022-10-29,0,0.6343293817456784,0.6140350877192983
a554a72bb0377213,2022-10-29,0,0.4497110975599132,0.46753246753246747
bf59d9f8bd9536f3,2022-10-29,0,0.39337000567399,0.3698979591836735
d6d141afdd31c3f1,2022-10-29,0,0.4049903402717192,0.35714285714285715
f32d918ee06cb83b,2022-10-29,0,0.595747134492647,0.6211096075778079
fdb9d29cf0edc16a,2022-10-29,1,0.8199263047784876,0.7807933194154488
1535fb6549fa8bab,2022-11-05,1,0.7014810230485318,0.6428571428571429
2664805fde34fb1b,2022-11-05,0,0.2409445031366951,0.22437307523097227
2ab395e21080b10a,2022-11-05,1,0.7758721704619311,0.7584415584415586
31cb98ce37fd87dd,2022-11-05,0,0.2560177886749385,0.2976554536187564
3adecfc4727a8d73,2022-11-05,1,0.7304370427522509,0.6841382467383841
5475f5b6bad40989,2022-11-05,1,0.6134774748613131,0.5711159737417942
71afa8354da2491e,2022-11-05,1,0.8869985011015233,0.8623188405797101
abfc03893551ae73,2022-11-05,0,0.7245356812032406,0.6841382467383841
b279559f15ecf29b,2022-11-05,1,0.5764091895429485,0.5108342361863488
b87ac039e3b13940,2022-11-05,1,0.5848930822137446,0.5324675324675325
cfca30d3ef3c86b9,2022-11-05,0,0.2793040940634893,0.2976554536187564
04f32bb0c0d3a8cc,2022-11-12,0,0.6664824103069263,0.6547884187082406
09afa6ce4747a1a2,2022-11-12,0,0.343667347213168,0.3111111111111111
1f922cfe6178e830,2022-11-12,0,0.49514371340575103,0.46753246753246747
40707ddc9fdea500,2022-11-12,1,0.39391574326310536,0.40090771558245086
65ce9335b93d9c57,2022-11-12,1,0.6212952785629628,0.6140350877192983
6f22afbc5f8e0bd3,2022-11-12,0,0.6353015626702132,0.6365876193409301
77c78d0a71b10692,2022-11-12,1,0.5385148536410338,0.5882115462252725
7f93b2f38497caec,2022-11-12,1,0.397618719075472,0.3698979591836735
93da91272d4a7ce3,2022-11-12,1,0.8182367206177905,0.7807933194154488
bee95769a221af9a,2022-11-12,0,0.41454107466997814,0.35714285714285715
db026ff6eee4d174,2022-11-12,1,0.5758068735406315,0.552594002855783
ff2e4b411f695017,2022-11-12,1,0.5103598998192256,0.5
0f2983fe7753403f,2022-11-19,1,0.6444048692704167,0.6365876193409301
110f539523a4b571,2022-11-19,0,0.28910023483119546,0.33248081841432225
144443d4dbf43990,2022-11-19,1,0.4453633515033568,0.42016806722689076
33719a2d9c69ed17,2022-11-19,1,0.5696799050250431,0.5990922844175492
594435375d641f63,2022-11-19,0,0.37041320687254636,0.3859649122807018
a3696c847ef6c7f9,2022-11-19,1,0.624028331297256,0.6140350877192983
b4cfb34e8224fd77,2022-11-19,1,0.6311213844521331,0.5990922844175492
bd064deb3494b41a,2022-11-19,1,0.4019425169690148,0.5
c317f85a8266313e,2022-11-19,0,0.4764091254906413,0.4891657638136511
c33257dd0605c7de,2022-11-19,1,0.6347889062418426,0.6365876193409301
d0c01840c72429c6,2022-11-19,1,0.8336395958797449,0.8422090729783039
0c9faf26efe2cdcc,2022-12-03,1,0.42298197133181753,0.4572564612326044
1114cd1515cf3b8f,2022-12-03,0,0.3961185456245822,0.41178845377472745
2cec230248d7eb97,2022-12-03,1,0.779067022727719,0.7520661157024794
30abc50a2e71c576,2022-12-03,1,0.6953446755663032,0.6792452830188679
5a8f7afc5ea69537,2022-12-03,1,0.7949516781089949,0.7697368421052633
7bd6969c4ed979f9,2022-12-03,1,0.3425547941276598,0.32721864154685176
7fbf09533c59e43f,2022-12-03,0,0.4985251965396461,0.5217391304347826
92c1d9a6d313cb0c,2022-12-03,1,0.21607279185994646,0.2355250245338567
972e17c1b98fca06,2022-12-03,0,0.33486700777813977,0.37889039242219213
a419e6df765aa755,2022-12-03,1,0.3581860333049259,0.3932993445010925
a71764d5da04e3bc,2022-12-03,0,0.6685985125931119,0.6675191815856777
be977e524ef56aa4,2022-12-03,0,0.1880580077393384,0.19354838709677422
ca0f0a35a1fcb453,2022-12-03,1,0.3232771317017782,0.32721864154685176
f17813d03fcd8e7a,2022-12-03,0,0.22160708829822282,0.21920668058455117
11f65de5348e4bc4,2022-12-10,1,0.5884660363877442,0.5882115462252725
144cd3f62591a5fb,2022-12-10,1,0.7005998804420303,0.6979865771812079
1779cc4ae925df01,2022-12-10,1,0.6565517771347786,0.5990922844175492
2d9d966e0e8df232,2022-12-10,1,0.5009919383820957,0.5217391304347826
4e9d76ed54f1f352,2022-12-10,1,0.7544289908930183,0.7320852162685604
5bc31abb5842942a,2022-12-10,1,0.756396707276867,0.7156573116691285
a1a5d06b0e7ada62,2022-12-10,1,0.5866735493557407,0.5990922844175492
a346180c8b109469,2022-12-10,1,0.3419805209102779,0.3932993445010925
ecab8b8b36727b8d,2022-12-10,0,0.3745929910051432,0.3634123806590699
fd7421f421e802bd,2022-12-10,1,0.7507388263039625,0.7116843702579665
4ea48bf2407b405d,2022-12-17,1,0.5351211891255798,0.5108342361863488
5f4e944ff1bdcd9c,2022-12-17,0,0.8201470025993571,0.7277768442278608
8f00da6ea8186ce2,2022-12-17,0,0.3771733133865605,0.41178845377472745
9c1a2ac64c98d2f6,2022-12-17,1,0.3847676016010078,0.3932993445010925
c960184a583f1861,2022-12-17,0,0.6312816284034672,0.6301020408163266
ccb7e2851319345d,2022-12-17,1,0.7435871296178701,0.7320852162685604
ce7744d45a698aa6,2022-12-17,1,0.6846420084416046,0.6428571428571429
d95eeba3de7ecac5,2022-12-17,1,0.76217838228797,0.7807933194154488
e0444752d18fda7f,2022-12-17,0,0.36101757025363784,0.3158617532616159
ed6203e849a2bf28,2022-12-17,1,0.4578170274238864,0.5
efc64d8aae5628c9,2022-12-17,1,0.6038988917115904,0.5990922844175492
f87a7812733f7e8f,2022-12-17,0,0.37830535176693747,0.3510791366906475
5305049e4215d263,2023-01-14,0,0.5607403647331335,0.4891657638136511
5a2fa552e70958d4,2023-01-14,1,0.7792859798557791,0.7697368421052633
622cc4ef46913020,2023-01-14,0,0.6299708440880343,0.5798319327731092
76b6058cddda9238,2023-01-14,1,0.8602425019830862,0.8623188405797101
868c83e734dbbceb,2023-01-14,1,0.43826441100869173,0.447405997144217
9f09e77e46f15766,2023-01-14,1,0.8021708697533372,0.8064516129032259
a4c7d59d340794c0,2023-01-14,1,0.9144764736653226,0.8795811518324608
b6723b9c6ff4d594,2023-01-14,1,0.7830812061840766,0.7555791710945804
c88a7dbe7717d2da,2023-01-14,1,0.5424487952088173,0.552594002855783
c9144a294c73b06f,2023-01-14,1,0.75062704829584,0.7388632872503841
d4420be78065de03,2023-01-14,0,0.5620944090889449,0.562043795620438
1c51f405e5c46572,2023-01-21,1,0.7617760852174654,0.8027415580073554
1d35e4c0941d1397,2023-01-21,0,0.5405653663773536,0.562043795620438
221982930283140,2023-01-21,0,0.21084258159244637,0.1972584419926446
2d1ac675e6c1e6ea,2023-01-21,0,0.37287517965596334,0.3698979591836735
354dc211166a3982,2023-01-21,0,0.3270859567944781,0.2415584415584415
5ad8aa57c8d69680,2023-01-21,0,0.712235262766716,0.7277768442278608
7ed9e8f3258446c7,2023-01-21,1,0.7152978714272985,0.6140350877192983
8cdcdfb76d1670dd,2023-01-21,1,0.7633958816329377,0.7584415584415586
911b73db91738da6,2023-01-21,1,0.6085665798287776,0.5
a3ef3d05ddd80a94,2023-01-21,0,0.3184896272976306,0.3634123806590699
dde7d29cc443e263,2023-01-21,0,0.4431271752879906,0.42888402625820565
f09c3d8a26806761,2023-01-21,0,0.5679414446950204,0.5427435387673957
fcf385ae75191b57,2023-01-21,1,0.8213773994628311,0.814385150812065
fffdc57255274be1,2023-01-21,0,0.14100647462070848,0.12454742939898623
765482eb58e8db48,2023-02-04,1,0.6916606977140104,0.6604688763136621
7a1abc0230af730c,2023-02-04,0,0.7311966292983928,0.7076023391812865
8741e6a3a5a22a7f,2023-02-04,1,0.5910289493888163,0.5711159737417942
98094a500529d442,2023-02-04,0,0.38056868680784733,0.33953112368633787
983fab4080743ed0,2023-02-04,1,0.710751725656312,0.6428571428571429
a26ca06cce403ce2,2023-02-04,1,0.9163519848038048,0.8928571428571429
a8067e65eb737a09,2023-02-04,0,0.20224053369856346,0.17500000000000002
b1b20c686dfe3204,2023-02-04,0,0.6206496202037196,0.5882115462252725
c63d8062c89c4c33,2023-02-04,0,0.7426240536500386,0.7490483575355985
caeeb398f73d213a,2023-02-04,0,0.24621618660613065,0.2722231557721391
16dbe70eb7007f17,2023-02-11,0,0.23325692141793272,0.24793388429752067
2208b9f471a201d9,2023-02-11,1,0.6734236180125626,0.6211096075778079
256894b49303537b,2023-02-11,1,0.799426360142593,0.7584415584415586
28af78600d6580f1,2023-02-11,1,0.8072529702680766,0.7900763358778627
4f672dd40867d8c6,2023-02-11,1,0.7407771562732925,0.7388632872503841
51a12878b151d67b,2023-02-11,1,0.787849674210481,0.7490483575355985
8b7bc2af1e15b668,2023-02-11,1,0.5174983067486029,0.5
a37a6b6f9551a6e8,2023-02-11,1,0.6739645322919802,0.7023445463812437
ca2672e68fedf4b7,2023-02-11,0,0.6612123623437628,0.6604688763136621
da22d5a717ae9e35,2023-02-11,1,0.5452334258377912,0.5217391304347826
3d46d635f9ae5e68,2023-02-18,0,0.353514571629412,0.3452115812917595
3e90b7fd1e9f86bd,2023-02-18,0,0.25549088622328037,0.2795965315873297
3f837b469ba33c7c,2023-02-18,0,0.2559752397386262,0.2795965315873297
40781a64c4cea877,2023-02-18,1,0.7474813993574516,0.7355163727959698
435ba9b407b844ef,2023-02-18,1,0.7138527572474082,0.7520661157024794
43ec12079ccc371c,2023-02-18,1,0.36361949452394143,0.37889039242219213
682ff095649c9a5c,2023-02-18,0,0.3628751628132562,0.3452115812917595
c3a4187fc821bfff,2023-02-18,0,0.21317403489393716,0.1972584419926446
d45d9c7d60f332da,2023-02-18,1,0.6707394813605669,0.6888888888888889
dc6f69f923744948,2023-02-18,0,0.557781628873329,0.5427435387673957
dcc3da324eb5f26c,2023-02-18,0,0.46874670983180344,0.5217391304347826
00a94d5fc7ce55cf,2023-02-25,1,0.6539530047201833,0.6604688763136621
02615499125b4b5d,2023-02-25,0,0.3696444777200687,0.37889039242219213
12d9b4a3931be5ec,2023-02-25,1,0.8340980478622403,0.8105134474327628
2ba11e0bf32829d6,2023-02-25,0,0.6792809286016197,0.6489208633093525
5737084215c45792,2023-02-25,1,0.8655821772017506,0.8515283842794761
63670e1b8f164d4a,2023-02-25,1,0.3698690384700671,0.3932993445010925
83fa3a382acc7bdc,2023-02-25,0,0.37758599052886166,0.3698979591836735
a7f66f13f953352f,2023-02-25,1,0.49876086318301305,0.4891657638136511
d6357dab7ccdf2db,2023-02-25,1,0.5308819916024727,0.552594002855783
faac24c1b3d6368a,2023-02-25,1,0.45879690235620274,0.46753246753246747
009feda296ae589c,2023-03-04,0,0.43787056705786687,0.4572564612326044
0eb16f1307f66a11,2023-03-04,0,0.2684606993476187,0.3111111111111111
22fc6b3f4e48cfa3,2023-03-04,0,0.16273137537825433,0.19354838709677422
2b9daf452ab40b9b,2023-03-04,1,0.9127863852439331,0.8986486486486486
636fd144716a3084,2023-03-04,1,0.632778294195394,0.5882115462252725
a69afe4a88c0ca12,2023-03-04,0,0.8414300635568622,0.8250000000000002
c29e2c49e1e417c8,2023-03-04,0,0.4864879375406375,0.46753246753246747
c2fc4c1e0c769655,2023-03-04,0,0.3544065419387707,0.320754716981132
c3b9b97467f828d1,2023-03-04,0,0.2980273500152642,0.32721864154685176
cd20dac4daa4f93a,2023-03-04,0,0.24781915135193766,0.22437307523097227
ec490d4224d3bc78,2023-03-04,1,0.5935249562566973,0.5990922844175492
0ccd2593c88209e4,2023-03-11,0,0.6525188425154119,0.6900916630292449
2c58a97f2fe6c985,2023-03-11,1,0.9084420534030075,0.8869565217391304
3b561a154aa2bbb2,2023-03-11,1,0.38433256481420364,0.42928940388105546
3cf3771274a4f8b1,2023-03-11,0,0.7521280028900003,0.6853932584269663
804c350ce714770f,2023-03-11,0,0.4611121645797395,0.4454847478103292
8d5b88e0ff253617,2023-03-11,1,0.5425110984630408,0.5242214532871973
b9539d5e379b3edc,2023-03-11,0,0.6966453994838554,0.6777862016679302
c3af2b6ab1262fef,2023-03-11,0,0.3550978400773208,0.38167938931297707
c4e4954beb59eca6,2023-03-11,1,0.5917220525562441,0.5634920634920635
ccb5e29cd0347110,2023-03-11,1,0.7687028377127235,0.7212543554006969
d6945828f5fa7492,2023-03-11,1,0.6527978943960805,0.6027039848197344
e9c6bac0d1a5ec0f,2023-03-11,1,0.6941453095594392,0.6946564885496184
019b4d006800504b,2023-03-18,1,0.7970303208571509,0.7612732095490715
13f5be7a2ea5577e,2023-03-18,1,0.8493158305291149,0.8152295632698767
38094db8e3539cba,2023-03-18,1,0.6351382161323893,0.615032080659945
533984c3ff4b4858,2023-03-18,1,0.6255367931591908,0.6183206106870228
53d6d5ad08ac0694,2023-03-18,0,0.7755425595946569,0.747191011235955
5e9c027fb24efc2b,2023-03-18,1,0.73170546603079,0.6853932584269663
6068385c48de6801,2023-03-18,1,0.821344166086186,0.7946544980443285
8a3e7085e8e5a6e9,2023-03-18,1,0.6618222437410308,0.6700774600745912
90a83875e1d11238,2023-03-18,1,0.340019800472862,0.31460674157303364
9f8cf5ac0807d64e,2023-03-18,0,0.8843685621440064,0.7135512302607419
c483ac06b1e33c3b,2023-03-18,1,0.35654722884457957,0.3158617532616159
cdaf65287d9a0ecb,2023-03-18,1,0.6213411927893183,0.5044523597506678
dd9cbf6d6284de26,2023-03-18,1,0.3645336445614339,0.3779812606473595
f40ac11da3bd7f8e,2023-03-18,1,0.8840765738088363,0.8606016140865735
07e39fd5f4f23270,2023-03-25,1,0.47906602521492725,0.47577854671280284
1c2d0db1c9eed052,2023-03-25,1,0.6936636945368335,0.6805555555555556
2f382615155e32b9,2023-03-25,0,0.5313528999004942,0.5913146565171273
33fa6793a7f984ac,2023-03-25,0,0.43352822310234007,0.4454847478103292
6f6fec9c78244174,2023-03-25,1,0.45685325612436944,0.4910905203136137
9433730f95d52fc8,2023-03-25,0,0.3032961065549777,0.299837925445705
b9e037a45f8850fb,2023-03-25,0,0.5474445448971916,0.5965276928719893
bce8ece2ff26b4d4,2023-03-25,1,0.6479010885786907,0.6564885496183206
c6cc6ae23cbf8a27,2023-03-25,1,0.27264704421594194,0.27424749163879597
0810cdbeb9dd4d02,2023-04-08,0,0.6060579159983969,0.6067545685866297
28e3d939eb043664,2023-04-08,0,0.3378599826892526,0.35358219336888475
2cb34fc074f7a9ae,2023-04-08,0,0.7478058396588718,0.7001620745542949
3165b03ddc6d3b6e,2023-04-08,1,0.7662313411757952,0.6946564885496184
355a2f4090c0ca31,2023-04-08,0,0.7322550625727113,0.7001620745542949
678d27af287476f8,2023-04-08,1,0.3906376782270646,0.34847122302158273
71ea7d7985dad804,2023-04-08,1,0.818101441250101,0.7900763358778627
780147f2ed2637d1,2023-04-08,0,0.26404564559482274,0.30990833697075515
95349402616097cd,2023-04-08,0,0.3899171880612198,0.41429311237700683
bbc76ff9e1b1b142,2023-04-08,0,0.4111760592583001,0.4572564612326044
d7022b6058dbb26b,2023-04-08,1,0.7718508872515457,0.765438008616563
119559fd8124fee3,2023-04-15,0,0.3497642071205321,0.3698979591836735
50e675146cda6e7c,2023-04-15,1,0.6969330089907527,0.6613039796782388
5de3a1bbcf705b58,2023-04-15,0,0.5781703954987746,0.5857068876229935
6049301b4deea035,2023-04-15,1,0.5719175573516982,0.6067545685866297
68c1b833ed8849a3,2023-04-15,1,0.514355641219032,0.5369611539091952
792f139c2b9fd294,2023-04-15,0,0.611921433130568,0.593369754159424
83c81018bb3aeebf,2023-04-15,1,0.40058877381999314,0.390291151501339
8b2b2562884821a7,2023-04-15,1,0.49990804097718866,0.44934326753206844
995e79b951da945b,2023-04-15,0,0.5195054801060968,0.4596322941646683
b01e6e97d66681c5,2023-04-15,1,0.6203217628272082,0.6411483253588516
bbde45b2c766bb67,2023-04-15,1,0.37954025095337307,0.3638867033831628
bdbddbc00d07dc4b,2023-04-15,0,0.2797193782972261,0.28644876973925815
cef255a992ba7af3,2023-04-15,0,0.36977373182023243,0.4596322941646683
d856812dc733690a,2023-04-15,1,0.33588241330626456,0.34847122302158273
01aa5949ac6851f3,2023-04-22,0,0.4881856968733326,0.48460320253387285
034cbbec91f67852,2023-04-22,0,0.1580466777247526,0.1780185758513932
06d9fb9c995f1e4f,2023-04-22,1,0.5613715711530459,0.48460320253387285
16628e25a043043a,2023-04-22,0,0.5727949021459959,0.5965276928719893
20c0f50c11509301,2023-04-22,1,0.7937245453729295,0.7594936708860761
277233ca9ea25674,2023-04-22,1,0.5141116789056767,0.41101127891416556
856468ba24a37fcc,2023-04-22,1,0.4640358495306601,0.45326664582682086
8beab5f941dae8e0,2023-04-22,1,0.4619728593319262,0.48017621145374445
a941c4e25ddddfff,2023-04-22,0,0.6129414400641292,0.6361132966168371
d00d5ef4ae0ac01b,2023-04-22,0,0.6408440775684536,0.593369754159424
2b1ac5d8f98639bf,2023-04-29,1,0.4249894613260971,0.43286971331251767
37ae5c09d6f03f33,2023-04-29,1,0.6929240676148296,0.6853932584269663
5d11b618f24082dd,2023-04-29,1,0.6200095797274285,0.5671302866874822
88a63555728c2025,2023-04-29,0,0.5207536772775134,0.53125
8dbfbd8f8bd0f00b,2023-04-29,1,0.6181740851569871,0.6097088484986609
c02d44564cb006a9,2023-04-29,0,0.6895073975175966,0.6805555555555556
ca63933f8c898fa2,2023-04-29,1,0.46989953097871173,0.43286971331251767
e0e2c1fc1a178d89,2023-04-29,0,0.5608315956765264,0.5889887210858344
e434035be5453be0,2023-04-29,0,0.44700756378533296,0.40347230712801085
ecec1b0dd64ca2ae,2023-04-29,1,0.8031663712116675,0.765438008616563
f9345fa82bf43847,2023-04-29,0,0.7298994624916281,0.747191011235955
069ab7e7b8b5d262,2023-05-06,1,0.8812384172813822,0.8735632183908045
0c6e3c1f03cd4061,2023-05-06,0,0.4331707368564378,0.3972960151802657
2372578d3f554c65,2023-05-06,0,0.42153431454323265,0.3873792948573995
3f8b4aeb3baf4724,2023-05-06,0,0.6534686643223432,0.6659815005138747
4c9bbd9758be1168,2023-05-06,1,0.774140811906592,0.782608695652174
5f44d6d9e6bbecff,2023-05-06,0,0.5361170795733167,0.5242214532871973
93fb6c7e590487f9,2023-05-06,0,0.41690797002431534,0.4066302458405761
c3ca708aaf4262a7,2023-05-06,1,0.6486642814630897,0.6220187393526406
d22de60b7a3d908c,2023-05-06,0,0.3327509721788693,0.3698979591836735
e3aad51099a23ba4,2023-05-06,1,0.6079137678450977,0.5217391304347826
ed707998b13d0101,2023-05-06,1,0.4517063332440784,0.42101042502004815
14e689e60419d469,2023-05-13,0,0.6420936674110962,0.5836044242029929
3387f430abb7e39f,2023-05-13,1,0.8012512289273953,0.776440240756664
6ca856d1950d8f7f,2023-05-13,0,0.6609396595850618,0.6777862016679302
755202fce24b8f83,2023-05-13,0,0.19514440612456083,0.19620456738501124
81fda78adcaedbc7,2023-05-13,1,0.510452207902814,0.4548257786000616
838a022ca5d99cc1,2023-05-13,0,0.37389418511680667,0.33869602032176127
acfcf75f0215b7ab,2023-05-13,0,0.46176984131273496,0.48460320253387285
b0f4c7788782e26e,2023-05-13,0,0.29205386828846597,0.27874564459930323
c501576b8ec35758,2023-05-13,0,0.4915751844985488,0.48460320253387285
dae2484418631ff5,2023-05-13,1,0.830960257014736,0.7994561522773624
f2ced83baf0457fc,2023-05-13,1,0.32942256929456604,0.33099297893681046
12683e06369d1a83,2023-05-20,1,0.5865895798499489,0.5707105961189446
33007109c9ca1ede,2023-05-20,1,0.575358449068882,0.5671302866874822
3638ee66c7d34fe0,2023-05-20,0,0.3650162645420716,0.33869602032176127
49bd9a2f1fbebd1f,2023-05-20,0,0.39901816680370894,0.4003612281757977
73700c8c5107f719,2023-05-20,0,0.2721365674333682,0.32654254800662835
744cbe6e49d4f41c,2023-05-20,1,0.8949787040970224,0.870775347912525
7d583e4002622848,2023-05-20,0,0.46774706803001576,0.4672117470382112
8502f245aabd64ac,2023-05-20,0,0.3488362163480219,0.4365079365079365
924f982f0d9d2142,2023-05-20,0,0.4588998083080128,0.4454847478103292
cb9654746447b934,2023-05-20,1,0.6568188812638894,0.593369754159424
eca400aeeb2763d1,2023-05-20,1,0.4465711238854568,0.47577854671280284
fb70b62915fdcec6,2023-05-20,0,0.33976806226314465,0.36135228209729836
4d0029ad31bdd85a,2023-06-03,1,0.6363570440477255,0.6564885496183206
5459c3bb88d031f9,2023-06-03,0,0.42368265813641076,0.4454847478103292
72bb7605e340a8fe,2023-06-03,1,0.4414102810549571,0.41429311237700683
7be3e513a31f6570,2023-06-03,1,0.6555132749664252,0.6183206106870228
84f60cb00b8d4187,2023-06-03,1,0.6281822090209112,0.6659815005138747
913d8a35095591d5,2023-06-03,1,0.6649686708155814,0.6097088484986609
99808befeece3a8a,2023-06-03,1,0.44416636292884853,0.4714576962283385
a122968e96068800,2023-06-03,0,0.581444985729278,0.5242214532871973
ad7bd4b3ee923498,2023-06-03,0,0.5316949655253826,0.5609756097560976
c98f62eb74e69bcb,2023-06-03,1,0.5087739190430272,0.564288063137126
d7ae0993c7a378ee,2023-06-03,0,0.4804179296379722,0.48460320253387285
dfc62aa72446e4a8,2023-06-03,1,0.6177371049797471,0.5467333541731791
e2f4cd4a9a579488,2023-06-03,1,0.686370845291545,0.6900916630292449
1676c64a94be0557,2023-06-10,1,0.5736427065337556,0.5594871427548169
46c67efd68a0b15d,2023-06-10,1,0.730250727067775,0.7001620745542949
47a5d4bb68352055,2023-06-10,0,0.7197924987120207,0.6734574519933717
5311298f79414125,2023-06-10,1,0.5919469424258242,0.5889887210858344
69bc7ca8ce831731,2023-06-10,1,0.7639550387744692,0.7402209614810391
7ee8b91d7f80f8a7,2023-06-10,1,0.2527066212053296,0.29556650246305427
947ea1122c04ba18,2023-06-10,0,0.6946804093917454,0.7212543554006969
e24b65cd8721349a,2023-06-10,1,0.48159258678329575,0.4672117470382112
e9d5ffcacf7d8757,2023-06-10,1,0.6760945082284883,0.6613039796782388
175d9e1ac0725145,2023-06-17,0,0.6020876215981991,0.5327882529617888
5d9b84493f1ed114,2023-06-17,1,0.32633270238043366,0.41429311237700683
6c2199524d762b11,2023-06-17,1,0.9150737804969222,0.8869565217391304
76fd6919d828d5c2,2023-06-17,1,0.6411280480933851,0.6301020408163266
7ba54a10f28c9496,2023-06-17,1,0.3972392643062219,0.43286971331251767
8794031c523bf534,2023-06-17,0,0.3662071362374963,0.36135228209729836
8ea12c7360fa0f6b,2023-06-17,1,0.3899288289668933,0.4365079365079365
98458778348ea5d7,2023-06-17,1,0.6492780110372733,0.6301020408163266
9cfb84817a43b63c,2023-06-17,1,0.6850986821775705,0.6734574519933717
bc1be168c064f028,2023-06-17,0,0.2468830950253697,0.28644876973925815
07cb64236ae7aaea,2023-06-24,0,0.6728662356793045,0.6411483253588516
42922bab8a3e1828,2023-06-24,1,0.6776449434888724,0.6813031161473088
582806c33ce6dcf6,2023-06-24,1,0.2729351629663043,0.33401849948612544
7b909acede0a26eb,2023-06-24,0,0.5688163652763221,0.6349557522123894
8b296724a6844865,2023-06-24,1,0.5618690848208359,0.5403677058353318
9124740fe7816d70,2023-06-24,1,0.7295822608349064,0.6659815005138747
c22de92b9d9030dc,2023-06-24,1,0.573163293931679,0.5467012037178121
c2cdeb207cce5ceb,2023-06-24,0,0.6222076218223904,0.6411483253588516
c3ef3cb03edde8bb,2023-06-24,0,0.2194970258384394,0.23456199138343706
ced01368259428f5,2023-06-24,1,0.6391922393778224,0.6067545685866297
f18d44292036d5de,2023-06-24,0,0.6186669754163124,0.629812438302073
fcc1191761e365f9,2023-06-24,0,0.6223398624003027,0.6411483253588516
0548a24a9bf8d7a0,2023-07-01,0,0.3334025838578084,0.31460674157303364
4dc5a41f357a7d85,2023-07-01,0,0.5393449596304072,0.515396797466127
f557405652165aa3,2023-07-01,1,0.5642597801270367,0.593369754159424
420f7e6530dbc727,2023-07-08,0,0.381647609040897,0.42101042502004815
5b71958ee063a6e8,2023-07-08,0,0.42157886972146413,0.39325842696629215
69f67a4a690eb15d,2023-07-08,1,0.7577587271025742,0.7001620745542949
dbf8a4b0870a47d1,2023-07-08,1,0.8164982899915597,0.8282442748091602
3352c65f3f6d9b2a,2023-07-15,1,0.8271295977326082,0.819229761592874
3624f4ae9c1d703e,2023-07-15,1,0.7735855415359143,0.7212543554006969
57785c9be5b4526d,2023-07-15,1,0.6328196364441528,0.6515287769784174
6adfe44b110c1510,2023-07-15,0,0.4551882683397834,0.4176257809930944
81b7a6aa147bd912,2023-07-15,1,0.5492773000214869,0.5634920634920635
8362b372adb2f302,2023-07-15,0,0.4746440266532315,0.42576569152588933
b4cc389bb4af3707,2023-07-15,0,0.3110941623213347,0.33401849948612544
b52dccbe69864d2a,2023-07-15,0,0.4659027540063229,0.4910905203136137
cae7de0873e03947,2023-07-15,0,0.263186828809698,0.30990833697075515
dae80502466c8726,2023-07-15,0,0.21631938117964905,0.22892112420670896
e4620f3fa451a3a4,2023-07-15,1,0.5959958200157767,0.593369754159424
eb30c9c975e15436,2023-07-15,1,0.6862812533634891,0.6411483253588516
319b96f615a0a154,2023-07-22,0,0.421264452753441,0.3698979591836735
3c4305abc2e302d0,2023-07-22,1,0.5820145916348098,0.562043795620438
743a04674ab72ee0,2023-07-22,0,0.6498676624830192,0.6489208633093525
8104fe27bdc46914,2023-07-22,1,0.2866843394045971,0.320754716981132
89b96bc5f3e824c5,2023-07-22,1,0.41282178603392156,0.42016806722689076
8b341eb556c97c23,2023-07-22,1,0.7788223247681527,0.7388632872503841
90e46589a18064bc,2023-07-22,1,0.834549742727706,0.8064516129032259
9541cf21e031354c,2023-07-22,1,0.6822064529945218,0.6547884187082406
a0bc695b35f155f1,2023-07-22,1,0.6288580290514926,0.5882115462252725
a8a4c9f98ff73839,2023-07-22,1,0.5694792448570019,0.562043795620438
b4e2037f180c1e0e,2023-07-22,0,0.3840361054568732,0.42016806722689076
c4caa8a4f32a0eed,2023-07-22,0,0.342472230195075,0.3859649122807018
c81d1facf185467d,2023-07-22,0,0.410213758408616,0.42888402625820565
d54ebd2a3435a357,2023-07-22,0,0.5487224785295512,0.562043795620438
d918da575ee1bc35,2023-07-22,1,0.5769545198490967,0.5
4327fe98e1b6f222,2023-07-29,1,0.7858265084241846,0.7555791710945804
5116f9398bfca446,2023-07-29,1,0.6656862333459703,0.6755725190839694
7a8f218c07347c88,2023-07-29,1,0.7124616883893556,0.7156573116691285
800a35b3a7e52308,2023-07-29,0,0.5271414562842951,0.4782608695652174
c27e33ee8ef53866,2023-07-29,0,0.602894475717971,0.5711159737417942
cbf1e76186a0c8b3,2023-07-29,0,0.46063182381506285,0.447405997144217
e5ac7343b6d45188,2023-07-29,1,0.5558749684239456,0.6116504854368933
eff6ec2b2f1fb27b,2023-07-29,1,0.31692347792158393,0.33953112368633787
2c0496a5f39ab8a4,2023-08-05,1,0.5381208440031514,0.5427435387673957
2c54be25b09fce50,2023-08-05,1,0.3711094604446446,0.3962430290578221
531ce3d8011fa1f6,2023-08-05,0,0.6666866542144934,0.6690070210631895
554163b1c8c05522,2023-08-05,1,0.8152753292753157,0.7600000000000002
79bfba62da6242a6,2023-08-05,1,0.6523906586393352,0.6037569709421778
bda7992779a005fa,2023-08-05,0,0.5337639662667746,0.51736412571627
e5cb9dfc1189d77d,2023-08-05,1,0.7370692044116822,0.6574752261956054
ec2358459ffbe7de,2023-08-05,0,0.20948825738923266,0.2428115015974441
1b1fd32485861655,2023-08-12,1,0.2598941693001164,0.27792074112197634
2c160a1d1fdbf0b0,2023-08-12,0,0.2468341140802722,0.2522172949002217
560a971c6ab8b854,2023-08-12,1,0.4295359913437548,0.42794036443953615
91a5480f48bfaa71,2023-08-12,1,0.6460926570586887,0.6750312469954812
9479ba3cdcb1e513,2023-08-12,0,0.5346900568032138,0.5427435387673957
9576d9cba5cf5c4e,2023-08-12,1,0.7420213201649887,0.7095435684647302
9a9479663bedf8b4,2023-08-12,1,0.7772358839534071,0.7335423197492164
c2f730cb33df5221,2023-08-12,0,0.35165462458494606,0.36309581830587784
c57a4810c932b296,2023-08-12,1,0.6357152656695005,0.6037569709421778
ca2aa660bea0cb60,2023-08-12,1,0.7467895616635835,0.6805555555555556
d5929b7fbc801ce4,2023-08-12,0,0.3746727274991527,0.36309581830587784
e346f2b7af63e804,2023-08-12,1,0.44021390901498475,0.4572564612326044
e3573545220ca4ea,2023-08-12,0,0.3962424894902731,0.42794036443953615
1a95cc401f68f4c8,2023-08-19,0,0.38131449831183123,0.35527082119976705
621e6f0929a3dbfc,2023-08-19,1,0.6544956328536428,0.5996387718242023
62d53ad8f8769666,2023-08-19,1,0.3713825320565335,0.3962430290578221
78d2c01dc963f204,2023-08-19,0,0.24804247503386787,0.19999999999999996
845e38dfbfea6e53,2023-08-19,1,0.7599359465931861,0.725752508361204
e9754f597ec50f6f,2023-08-19,1,0.6714041231451459,0.6309403437815976
ee796ecb4ee8680b,2023-08-19,0,0.7384559748572292,0.690792883054068
f995ed679ef8bdf4,2023-08-19,1,0.7901891238209319,0.7571884984025559
fd4d30036a3f3efb,2023-08-19,0,0.3768147349553148,0.35527082119976705
23865dfc8361ac62,2023-08-26,0,0.22093535742668577,0.1918429003021148
293c5f4c9aca5c54,2023-08-26,0,0.46423979393415776,0.4572564612326044
48231fbd1af53674,2023-08-26,0,0.37610624881986865,0.4066302458405761
5531317352862978,2023-08-26,1,0.6605581506312795,0.5996387718242023
96704d7ba3a452d9,2023-08-26,1,0.8571063340810179,0.84
977250a28d3b8a3f,2023-08-26,1,0.4021265960299797,0.42794036443953615
b65b37c0e00074d9,2023-08-26,1,0.5103998577500788,0.5720596355604638
bfc9989751bd0d04,2023-08-26,1,0.6621635784251582,0.644729178800233
c53b0f678fe2f16a,2023-08-26,1,0.436560901177814,0.4572564612326044
da6b863cf684e0ae,2023-08-26,1,0.1965070283162917,0.24918743228602383
dd617f6ab4916ec4,2023-08-26,1,0.6877752248079871,0.690792883054068
de89bea7b0dcd2d3,2023-08-26,1,0.8465589584934965,0.8677165354330709
f7bc845ce74f5fe7,2023-08-26,1,0.6225373627676327,0.593369754159424
0d41a3fa5efef91b,2023-09-02,1,0.7812653595571335,0.7571884984025559
1b9a127f9dadaad9,2023-09-02,1,0.5968709216779156,0.6202531645569621
1be27d95bba03f17,2023-09-02,1,0.590075431158462,0.558797046641455
1c29c53ff032c5c1,2023-09-02,1,0.6674771540196989,0.6369041816941224
2a48d0a98c21e736,2023-09-02,0,0.2206347826937559,0.24000000000000005
4eaf54ad3c82b6fa,2023-09-02,1,0.6680648178273081,0.6369041816941224
5098d052525da54f,2023-09-02,1,0.607100343317698,0.6092362344582594
ac73c6888ee9322c,2023-09-02,1,0.7935962458782517,0.7600000000000002
dfa8fd0b82b37fa1,2023-09-02,1,0.6244394909618106,0.6369041816941224
e3a5a7ede88a2555,2023-09-02,1,0.47774004923430213,0.44855888528345095
ea006bae605e2a6b,2023-09-02,1,0.6258393386346308,0.6309403437815976
09a7f0979a58e6ea,2023-09-09,0,0.6725800633313694,0.6637909160111647
0aae15358d8606b9,2023-09-09,1,0.7568285983966228,0.7179705215419501
222bb2c67a87d312,2023-09-09,1,0.7653609000734783,0.7819063004846527
3e1c27f17433f9e4,2023-09-09,1,0.4663704473278418,0.47391341473828014
7f16e7725245bb2d,2023-09-09,0,0.8344489994204876,0.8118668596237336
a3d75cc363a6544b,2023-09-09,1,0.7214307550144518,0.7146785837057409
bfff5a3777841344,2023-09-09,1,0.7910275917258653,0.7905405405405406
e4ed294e16e16d81,2023-09-09,0,0.37605450110873934,0.3249687530045188
f9d2137f380e66bf,2023-09-09,1,0.6128523983778078,0.6369041816941224
2e1435c160bfe8b2,2023-09-16,1,0.7408254311574344,0.7135512302607419
697efaf0d162e877,2023-09-16,0,0.5855241720690344,0.5108342361863488
79f03eca3fe5cdb3,2023-09-16,1,0.788140910407227,0.7659021045164341
7a0813ec0fadc84e,2023-09-16,1,0.6865505774893934,0.7335423197492164
a5d76e93a5052e3f,2023-09-16,0,0.7073995440264442,0.690792883054068
bcec26b425194e40,2023-09-16,1,0.5949685302676644,0.5324675324675325
c0ca4c201d086ea8,2023-09-16,1,0.8459790205906992,0.84
1496969c1497dc85,2023-09-23,0,0.8213203225310641,0.8115183246073299
23a604f460289271,2023-09-23,0,0.5191789746547483,0.5634920634920635
49ede01b061cfae3,2023-09-23,1,0.5458987599656397,0.5217391304347826
6e1bf1b163b3aeab,2023-09-23,0,0.4958697593535731,0.44855888528345095
adb411b0f418ce33,2023-09-23,1,0.7279015419035834,0.7307110438729199
b3c7a5a97978d156,2023-09-23,1,0.4506658256673987,0.4106205619018215
bf647be41de365e4,2023-09-23,1,0.8001835959658903,0.6309403437815976
d8335b728604b222,2023-09-23,1,0.7492194976326743,0.7380410022779044
da1b37edb8ccd3e6,2023-09-23,1,0.7016736522902863,0.6636481241914618
e966de63c8e6b1d5,2023-10-07,1,0.7802050046033684,0.7520040080160321
eb76a5b76a68e4c4,2023-10-07,0,0.3795165650432767,0.39076376554174075
0d6d212fcdf47f2e,2023-10-14,1,0.6019203269879283,0.5324675324675325
751cf3d52fce1d1f,2023-10-14,0,0.5893979096034083,0.5720596355604638
824859c7580eb35b,2023-10-14,0,0.6866034345279661,0.6309403437815976
0ea435ddf02deb60,2023-10-21,1,0.7460870101327971,0.713375796178344
18e5af00a8478a0e,2023-10-21,1,0.823605391345756,0.7905405405405406
3c6fb6bf9b7afd40,2023-10-21,0,0.40403912015345844,0.35527082119976705
43de9ff6064361e1,2023-10-21,0,0.3204216105063099,0.3249687530045188
7024385b5107bd4b,2023-10-21,1,0.8687761876436579,0.84
75c5f923f966b53b,2023-10-21,1,0.2805486726255756,0.30920711694593195
b84c447bb74febe2,2023-10-21,0,0.7314517093412375,0.7508125677139763
e9256316716499b8,2023-10-21,0,0.19719215274507748,0.20945945945945948
ed3334d108b257a6,2023-10-21,1,0.7145698277196648,0.7220792588780237
f23e9729b2b73c27,2023-10-21,0,0.23937278777129598,0.24000000000000005
119bc264e2bb9877,2023-11-04,1,0.6703893147268901,0.644729178800233
3a81276a9641c6a1,2023-11-04,0,0.7996630455828054,0.8
7d474fbf31894108,2023-11-04,1,0.769324080005001,0.7179705215419501
ac37849f627a79c4,2023-11-04,1,0.8552613431254495,0.7957758771164253
ff8f92cf8fb1b76c,2023-11-04,1,0.6759215467856623,0.644808743169399
128ab9aa4802c73f,2023-11-11,1,0.460486471560038,0.4572564612326044
480c4dbd2e792d86,2023-11-11,1,0.8451791441643984,0.8542857142857143
4c025d1fff9e9fce,2023-11-11,1,0.738480816918886,0.6864406779661015
5704e73f91b9e7f7,2023-11-11,1,0.6880156773673858,0.6571428571428573
57333b7bff20ece0,2023-11-11,1,0.5311473175811502,0.5108342361863488
6fd67582d8adb1c7,2023-11-11,1,0.3016952214567587,0.31460674157303364
9fe98de1eac21f2e,2023-11-11,0,0.33191002959493204,0.33651931501393867
a0362d60d2e1db0d,2023-11-11,0,0.3650240839402835,0.3428571428571428
b1f2ec122beda7a5,2023-11-11,0,0.4859845957759397,0.4796954314720812
db49619221b282af,2023-11-11,0,0.4758533839096812,0.4572564612326044
16109688429c09de,2023-11-18,1,0.8647856649321484,0.8284518828451883
2ae243f518948794,2023-11-18,1,0.8615465424282005,0.8630136986301371
36f10b949b935b8c,2023-11-18,1,0.7870129991861251,0.7581792318634423
5be63144ac46f97e,2023-11-18,1,0.6357168806570083,0.623003194888179
62b64802ea49e2fd,2023-11-18,0,0.5968319184516168,0.550561797752809
6997693d552600dd,2023-11-18,0,0.3348822618537976,0.36905965621840253
73ebbfb998edc1f1,2023-11-18,1,0.7532815746823064,0.7380410022779044
7990b6716a53b2cd,2023-11-18,1,0.8120751424562797,0.7913616398243045
9abf0b60a44a82d1,2023-11-18,0,0.39321434785967757,0.43103448275862083
b210b99d9c1c9196,2023-11-18,0,0.5095779968192918,0.5692771084337349
bd4d2522cb0d1a23,2023-11-18,0,0.31675386137530787,0.31460674157303364
c1aef0f60a5b62e3,2023-11-18,0,0.31444381956932776,0.36309581830587784
f0fe73e650b746f2,2023-11-18,1,0.18900853404089493,0.19999999999999996
02713b2d25f74d43,2023-12-02,0,0.73884514537531,0.7508125677139763
20bfa549cb2cabe7,2023-12-02,0,0.3029180774652278,0.26645768025078376
246d06693b5ca1e8,2023-12-02,0,0.5509618791377902,0.5306122448979592
39c4ae4624052f9f,2023-12-02,1,0.5364082657096587,0.5108342361863488
9feb9500b0fedfcd,2023-12-02,0,0.28337736041740497,0.30448717948717946
1afc4f372a125c74,2023-12-09,0,0.6240087391442172,0.6369041816941224
35addc4646509286,2023-12-09,1,0.824150111269542,0.7994616419919246
5a6e894e4b6cc703,2023-12-09,1,0.5938637070888921,0.5829926410466066
5ac1725f775c6f00,2023-12-09,1,0.14144387991443716,0.15771230502599654
84f6de7c99779e5f,2023-12-09,1,0.8368810381221666,0.8115183246073299
91093a019d32af2e,2023-12-09,0,0.3847849284594561,0.36309581830587784
acc57a9c114b694a,2023-12-09,1,0.6233013044852196,0.6369041816941224
acde7c89bd724af8,2023-12-09,0,0.6602550689341805,0.593369754159424
f9ec8bedc15ece93,2023-12-09,1,0.7662386010739388,0.7477827050997783
fbedeb4e4b019b94,2023-12-09,1,0.6491367851444287,0.593369754159424
03de7404decde12f,2024-01-13,1,0.6470283548685176,0.6853932584269663
0494ebcee93e717b,2024-01-13,0,0.13416557581006797,0.13228346456692913
477c3b9de012e4b3,2024-01-13,1,0.7982282525730238,0.7449664429530201
5344e76e26503716,2024-01-13,1,0.2407032786876162,0.24918743228602383
5f622d812b8f407f,2024-01-13,0,0.4998554255620821,0.5306122448979592
640f2ae3995b3b4f,2024-01-13,1,0.607972583434038,0.5893794380981784
6f13fe34cb3ca906,2024-01-13,0,0.20254042880983408,0.18848167539267016
a8239866e1222eae,2024-01-13,0,0.6337372899752401,0.6067415730337079
d0d99889c6abd8e1,2024-01-13,0,0.4739908616045091,0.441202953358545
f2b407019b2a5c15,2024-01-13,1,0.8293713978106367,0.8042929292929294
fd29123ff92789e4,2024-01-13,1,0.7310150520956001,0.7055341817105651
14e53999507c76a7,2024-01-20,0,0.5045538584637596,0.4956702459300312
1a7cd191f0cf160c,2024-01-20,0,0.3283304460006033,0.34252477380439467
331ddc1141e934d1,2024-01-20,0,0.6479373925833577,0.6574752261956054
43d90683078fcee5,2024-01-20,0,0.6786306375595457,0.6369041816941224
670e4754d8d3d172,2024-01-20,0,0.6394479645061718,0.6750312469954812
7736eb6bd5c1ff4a,2024-01-20,1,0.8168336065648173,0.7768331562167907
97817609ed46baa0,2024-01-20,1,0.2514603392491423,0.24000000000000005
a10e2d5416972b9c,2024-01-20,0,0.568671932084572,0.5634920634920635
ba5005d1116fa45f,2024-01-20,1,0.5858018041934492,0.6092362344582594
dff2685afd98ed9e,2024-01-20,1,0.7521967364546205,0.7179705215419501
faf15b752fb8924c,2024-01-20,1,0.42247831910722583,0.3962430290578221
330d86bfaa4155fe,2024-02-03,0,0.6789957289792458,0.6574752261956054
733e675fd7c0052a,2024-02-03,1,0.7148354557487431,0.644729178800233
767ceb4a0cb43ade,2024-02-03,0,0.3681463836569354,0.38356164383561636
7b1882dc76786d77,2024-02-03,0,0.2520098530111451,0.2591283863368669
af6d56860ba4d259,2024-02-03,1,0.7615344436155345,0.6957699520733487
17050a7b673dc49d,2024-02-10,0,0.7150338383816544,0.6690070210631895
246fef4b19c3a7ed,2024-02-10,0,0.30094100629497006,0.30920711694593195
25259e230be9cdc9,2024-02-10,1,0.6344170871001749,0.6224665518611737
406f2aacd1d1faf9,2024-02-10,1,0.31389104032465986,0.31460674157303364
5304956aada097e8,2024-02-10,1,0.5622469631692246,0.5829926410466066
9d8473ae274ed625,2024-02-10,1,0.47880735389532575,0.4891657638136511
e7938bac3ec8b442,2024-02-10,0,0.3687913373499811,0.33099297893681046
01432891260084a4,2024-02-17,1,0.6562089937721899,0.644729178800233
1456a3f96ac7e35b,2024-02-17,1,0.669486574892493,0.6690070210631895
2aeb3ec2d8c05dc8,2024-02-17,1,0.5974493075337365,0.593369754159424
8fb0092430448368,2024-02-17,0,0.2925044934013303,0.30920711694593195
9785420602b452f7,2024-02-17,1,0.7747491485563672,0.7179705215419501
9ddaa62cc806958d,2024-02-17,1,0.78909717322531,0.7600000000000002
aeb3e4d9710207a4,2024-02-17,1,0.5003436416777807,0.5
bec3154a11df3299,2024-02-17,0,0.5698028806304767,0.5634920634920635
e92fb5c609e20b49,2024-02-17,1,0.9011732151767371,0.8988580750407831
ef13ed466e0b42d8,2024-02-17,0,0.29533365831503217,0.36309581830587784
f87a3fa07f0009c9,2024-02-17,1,0.7262182669746148,0.6574752261956054
063e7ce759c52f81,2024-02-24,0,0.4824156742670674,0.4066302458405761
1c03c1bb62f3aed6,2024-02-24,1,0.8070469617198794,0.8
3b05a4ced6dd74f5,2024-02-24,0,0.6293090374812768,0.5996387718242023
50dae6b76c9c6490,2024-02-24,0,0.21818113857048668,0.18813314037626624
673a156925dfb31d,2024-02-24,1,0.562031416678699,0.6037569709421778
6e4acb2aaa2cee56,2024-02-24,1,0.8520529573352975,0.8524590163934428
74f5cbecac011abb,2024-02-24,0,0.74082334829353,0.7220792588780237
93ddc6b233d1956a,2024-02-24,0,0.27632581189843985,0.2904564315352697
a376f6d5806d0c90,2024-02-24,0,0.33640793066175634,0.34252477380439467
d1d3b6ab8a56e973,2024-02-24,1,0.39043318754709416,0.44855888528345095
ecbece0cbd60029e,2024-02-24,1,0.7724430236169815,0.740871613663133
024beecfd3f0ed7a,2024-03-02,0,0.18019598355128885,0.2042241228835748
32bd7ed48f5aea7e,2024-03-02,1,0.7980328427714987,0.8081570996978852
3ea7d69a1238f26a,2024-03-02,1,0.8288800596498639,0.771505376344086
4e566db7d26df001,2024-03-02,1,0.7860631001023844,0.7894736842105263
5a82757b553c40fc,2024-03-02,0,0.20259317179553435,0.22849462365591394
838fd9d2b14e0790,2024-03-02,1,0.3103078212950175,0.38356164383561636
a7d397cd0f2ac93a,2024-03-02,1,0.1359010017031181,0.1475409836065574
ba8f219260e212f8,2024-03-02,0,0.6093881228590536,0.551441114716549
cde2f88251b73305,2024-03-02,1,0.6011167190488705,0.5765973826020016
dcf5014e56649c2f,2024-03-02,1,0.9058057417431638,0.8933823529411765
df3cc5ec78d05a71,2024-03-02,1,0.8339252792028747,0.7867435158501441
0133019a4f1055ee,2024-03-09,1,0.44646458430318675,0.44855888528345095
270edfb687c0d20c,2024-03-09,0,0.6133339239194154,0.5634920634920635
33658a3ca932d15d,2024-03-09,0,0.3704551587628401,0.37753344813882633
68f7f992603192c6,2024-03-09,0,0.43230779992795804,0.3962430290578221
6e73ebbd089aff5e,2024-03-09,1,0.34200068067001743,0.34252477380439467
7bc7af11050e861b,2024-03-09,0,0.624222580695439,0.551441114716549
894c44c3d04aaf6f,2024-03-09,1,0.7379670662740758,0.7135512302607419
8baff440b82afd2b,2024-03-09,1,0.8371121674354262,0.7957758771164253
9861b6d04e6ed43c,2024-03-09,1,0.6056163572866676,0.5829926410466066
cbdf29f36b343f6f,2024-03-09,1,0.779127053994965,0.7571884984025559
ebb758b49e82d0ed,2024-03-09,0,0.25218318930767647,0.3249687530045188
f0a9dfbb6f6ac852,2024-03-09,1,0.6198173652702041,0.5829926410466066
35f9beb94b4ef9e2,2024-03-16,1,0.18683549428735832,0.17287630402384502
8bc0c220f7dcefa7,2024-03-16,0,0.5067962669141304,0.51736412571627
acc7392d48cc09a0,2024-03-16,1,0.3269652338514513,0.35527082119976705
0e6782b758451063,2024-03-23,1,0.4051203690770797,0.4066302458405761
127be512f86618b2,2024-03-23,1,0.671508420602893,0.593369754159424
48ff3f1bcefbf965,2024-03-23,1,0.6236918941063867,0.5634920634920635
72f123ddb4cc9d1c,2024-03-23,0,0.4032774749543481,0.4572564612326044
8c8337ce8437fe2e,2024-03-23,0,0.6683896391523214,0.6092362344582594
a1294453a28beda3,2024-03-23,1,0.6001750432167996,0.6164383561643836
cd6452a463ec8a28,2024-03-23,1,0.6790433927796784,0.644729178800233
d564e3a6c77d0c85,2024-03-23,1,0.6768940291484179,0.6309403437815976
de7cb625bdec0f91,2024-03-23,0,0.46033862357330824,0.46753246753246747
faf19712bd7ea41e,2024-03-23,0,0.36766142550264275,0.34252477380439467
636b01ee49925e49,2024-03-30,1,0.3736364757920246,0.3962430290578221
697e38075fd41819,2024-03-30,1,0.5516070790307892,0.5427435387673957
77992b8727382373,2024-03-30,1,0.4401443179169905,0.39076376554174075
91aa08e910fb4412,2024-03-30,0,0.725504275192894,0.7179705215419501
976abc27a4e5e26a,2024-03-30,1,0.7880669341749523,0.740871613663133
99dc6d45cbdfa322,2024-03-30,1,0.3781288196557676,0.34252477380439467
de12349f334c964e,2024-03-30,0,0.5436070148633791,0.5720596355604638
e30250daa73005a8,2024-03-30,1,0.6899143131589247,0.690792883054068
e6d4fdad2b3422d1,2024-03-30,0,0.7110337007595161,0.6574752261956054
eb9f9f61507497a5,2024-03-30,1,0.5365781863266023,0.5427435387673957
f59cefe16905d62c,2024-03-30,1,0.522682049164239,0.51736412571627
0b9cd718d7e329e8,2024-04-06,0,0.27441134807980366,0.24918743228602383
1685eecc7ef37fb5,2024-04-06,0,0.7584969407880886,0.7508125677139763
188e6416157e5a1f,2024-04-06,1,0.588970897087865,0.5108342361863488
1f7566c90343a680,2024-04-06,0,0.4252233537195454,0.41700735895339336
32375b4435fea5e6,2024-04-06,0,0.5798046697379601,0.5634920634920635
3ce96bb0c69b39be,2024-04-06,1,0.7163070013488347,0.6636481241914618
3cf5e0ebb5f8322c,2024-04-06,0,0.6648470105657551,0.5996387718242023
47f8812a335b6ce9,2024-04-06,0,0.415823824639926,0.41700735895339336
5c3b8819dbe98114,2024-04-06,0,0.435580501324153,0.41700735895339336
6ff21ea2c75c48ed,2024-04-06,1,0.746417823873193,0.725752508361204
9c22ddb8d8fc1838,2024-04-06,0,0.6418311356707862,0.6224665518611737
ff5a8078ea85bbc7,2024-04-06,0,0.7579054164169686,0.6853932584269663
01f7c28804746979,2024-04-13,0,0.3214163825103355,0.334666386023995
0c2e3988793b418c,2024-04-13,1,0.912758423822746,0.9039548022598869
538ca98010ed00ec,2024-04-13,0,0.45906420165636797,0.4365079365079365
66eddbe35056c06d,2024-04-13,1,0.7974003766433031,0.7867435158501441
b1ac165326d8f29e,2024-04-13,0,0.2335628801180578,0.2132564841498559
cf5e8f98159c3971,2024-04-13,0,0.6033424779174168,0.6224665518611737
d95f21817a56eb05,2024-04-13,0,0.3306574909951035,0.37753344813882633
e4931f3ab3bf4141,2024-04-13,1,0.535965180741867,0.5427435387673957
eda1e8c285a0a788,2024-04-13,1,0.45675653724772136,0.46753246753246747
0976778a6e6cf8a8,2024-04-27,0,0.352081207906634,0.33099297893681046
0a85b3ad328205ff,2024-04-27,0,0.8276444054918282,0.7867435158501441
417049c7a3d65ccc,2024-04-27,1,0.4033255339301139,0.44855888528345095
4915c8a588513c22,2024-04-27,0,0.24024684728495538,0.2522172949002217
55231cc4112334b4,2024-04-27,0,0.26188771092880064,0.2428115015974441
681cd3cc6299d652,2024-04-27,1,0.3712387720751628,0.39076376554174075
6ea77cb62aa2f276,2024-04-27,0,0.3513247836278572,0.30448717948717946
7ca5604d99220e88,2024-04-27,0,0.6322471532957648,0.593369754159424
2db0998b24c11ea0,2024-05-04,0,0.1882542346299662,0.19570707070707072
2faf5b8d708f8e94,2024-05-04,0,0.3850315150943268,0.3712871287128713
3e74caa9fff4a5eb,2024-05-04,1,0.8028178868137535,0.7957758771164253
3f419fce8ba8aa0e,2024-05-04,1,0.6283095151340794,0.6164383561643836
8a121f9c48f3773c,2024-05-04,0,0.2560235333637811,0.31460674157303364
a8718a3419a11e15,2024-05-04,1,0.20401841445454247,0.22849462365591394
b3d88eaea611a4a8,2024-05-04,1,0.4241762239760019,0.4003612281757977
c456b1950208e0b2,2024-05-04,0,0.37462256672514854,0.34252477380439467
c84a29f426f1aab7,2024-05-04,0,0.23106034760925448,0.2522172949002217
13d8d5cd83e5b57e,2024-05-11,1,0.6487381196319992,0.578989574979952
420a5e3b4010ebef,2024-05-11,1,0.5409644719864491,0.48987854251012153
4b45f190122a1ce1,2024-05-11,1,0.5609828515338402,0.51736412571627
8aa07b6cc40f0cb2,2024-05-11,0,0.30829046625220735,0.29446581828943474
8d9bcbb48888a5a3,2024-05-11,0,0.4261441781059444,0.43103448275862083
ccf3b6eda4c2a564,2024-05-11,0,0.4827031139569242,0.4826358742837298
e98eb6de29c62c9c,2024-05-11,1,0.3490342798177002,0.33099297893681046
ec5d705232983b87,2024-05-11,0,0.425070245204465,0.4106205619018215
17aa636aa98678d3,2024-05-18,0,0.3776836030550483,0.4106205619018215
20220ace492af368,2024-05-18,1,0.5577293620612788,0.5260865852617197
85ddb65429a9d517,2024-05-18,1,0.5249102575708268,0.5260865852617197
052f53e006b28132,2024-06-08,0,0.44441650121808207,0.4572564612326044
2d12ae4683bbf433,2024-06-08,1,0.35002334415823483,0.32558139534883723
393f9bc7b51791a6,2024-06-08,0,0.6505397620996302,0.6309403437815976
3b12094dd48c2dc5,2024-06-08,0,0.5110334190388804,0.558797046641455
b34abcfe4c2e8a57,2024-06-08,1,0.7565978996563857,0.7055341817105651
dcc0c53100fa1dd2,2024-06-08,1,0.7151049788545982,0.7095435684647302
06713afc60301c0c,2024-06-15,1,0.6657692664781324,0.6439672223792032
19ef5890b20f903a,2024-06-15,0,0.4541733348050265,0.4066302458405761
3b1438e9ec64990e,2024-06-15,1,0.755485036408894,0.7659021045164341
6bdb93f9b4581bf6,2024-06-15,0,0.3685596685864326,0.39325842696629215
6f31285305881fe3,2024-06-15,0,0.20057188133129591,0.17154811715481172
78a7bf038e56881d,2024-06-15,0,0.7353987748646934,0.6369041816941224
7f14be4e45bca6bd,2024-06-15,0,0.3084252778481345,0.31943212067435667
94f5b35b2b6c72b1,2024-06-15,1,0.7228209552783785,0.6634806849860613
ab7bc93bdf4132c4,2024-06-15,0,0.58254600238606,0.558797046641455
e47523ac32bfa24c,2024-06-15,0,0.7833268128791446,0.7380410022779044
fea3a0643218e16b,2024-06-15,1,0.3126089795940079,0.2904564315352697
0ac2da3dbaf2fce2,2024-06-22,1,0.7331939158026775,0.7581792318634423
774fb0c0c1c2bc6a,2024-06-22,1,0.6794582828504699,0.6853932584269663
8bd5f20f49434c65,2024-06-22,0,0.541419839104921,0.551441114716549
8db5cf5df713a7e9,2024-06-22,0,0.3718487257803113,0.37699680511182115
8ddd53a7ed3754d5,2024-06-22,1,0.7234374949470114,0.6498905908096281
9d5f562e0572058c,2024-06-22,0,0.5797150909169986,0.5427435387673957
cd3bb8a2824fbf22,2024-06-22,0,0.708482110806909,0.6634806849860613
de1acb6803ab3f14,2024-06-22,1,0.8134751676598219,0.7659021045164341
eba46dbf9cdd83c0,2024-06-22,1,0.5674996702400609,0.5306122448979592
fbbf5391ea25521b,2024-06-22,1,0.8523232757166154,0.8422876949740034
08489fdfb56ee19c,2024-06-29,0,0.3387932188442079,0.33651931501393867
2b7883b304b3df1c,2024-06-29,0,0.5008329207638502,0.551441114716549
5f8a92f10e5451ce,2024-06-29,1,0.913738933870443,0.8998646820027065
a571c622ab89b3d9,2024-06-29,0,0.4074353596339791,0.4796954314720812
bca5d01f8775f852,2024-06-29,1,0.5803985289416668,0.558797046641455
bf878c083a6b30ad,2024-06-29,0,0.4336986149251743,0.441202953358545
daa6b47be304ec86,2024-06-29,1,0.7838608286457521,0.7307110438729199
fbf77262d8da342b,2024-06-29,1,0.6063670570467421,0.6287128712871286
fc8ad0c7fc70dde7,2024-06-29,0,0.3230517693629698,0.2820294784580499
1394ce1832ddefe0,2024-07-13,1,0.6910698773439975,0.6864406779661015
54de03e04f571735,2024-07-13,0,0.5446587909630101,0.5
582afc25875911d1,2024-07-13,1,0.5576505183541803,0.5795601552393274
5eebde8fb4d67259,2024-07-13,1,0.5096619542610029,0.5108342361863488
80108a70c4afa6c2,2024-07-13,0,0.7014521524577413,0.7001620745542949
a63bb85cc39389c7,2024-07-13,1,0.27434611523968727,0.299837925445705
dad759ec50508147,2024-07-13,1,0.8098616310440531,0.771505376344086
dff8e4ef87d69516,2024-07-13,0,0.6178427809469872,0.6152818594710127
e06bfd0100eccbad,2024-07-13,1,0.8346023257200123,0.7640449438202247
120ec60ad18cf6c5,2024-07-20,1,0.6219347192350596,0.6092362344582594
4a00db8aeff200a2,2024-07-20,0,0.4664419318663913,0.48987854251012153
6e6567a98ea78891,2024-07-20,0,0.7255244895703776,0.6574752261956054
94541dd979e0b4bd,2024-07-20,0,0.4885386956330903,0.42043984476067275
9eaa33f874bbb999,2024-07-20,1,0.38868049583460906,0.42043984476067275
ec8bc554a0646638,2024-07-20,1,0.3208284440211009,0.33099297893681046
45e6a9b56ee3a9d1,2024-07-27,1,0.809978718133027,0.7783132530120482
678eda89a096dde8,2024-07-27,0,0.7233326938422191,0.7307110438729199
8a2e28da18ba6a25,2024-07-27,1,0.7609156806537606,0.7001620745542949
9d8c32c60df0e287,2024-07-27,1,0.33458564594687834,0.3249687530045188
d6e240c47ba6034d,2024-07-27,1,0.7354618184898132,0.6498905908096281
ec434314c5438fc7,2024-07-27,1,0.769813823078854,0.7640449438202247
ec5163539a133f17,2024-07-27,0,0.727871862243127,0.6864406779661015
f02fed4e98048471,2024-07-27,0,0.6242506409222224,0.5217391304347826
1cd63899011c4bf6,2024-08-03,0,0.24259017883040548,0.26928895612708015
2d39c26876246223,2024-08-03,0,0.18020959666713468,0.204865556978233
33655fd07cfbe034,2024-08-03,0,0.21931248078865284,0.24799599198396793
637f792270a0c746,2024-08-03,1,0.9065195372698137,0.8882882882882882
77df662671ce11c5,2024-08-03,1,0.5842164910844677,0.5795601552393274
b38450d9aa0f52b8,2024-08-03,1,0.7553301720462192,0.7307110438729199
bb85e207eba236bc,2024-08-03,0,0.4394530113046775,0.42794036443953615
d038ff5ac21094f3,2024-08-03,1,0.5105275448018501,0.5101214574898786
d0d74672150ddea3,2024-08-03,1,0.5312098631961839,0.550561797752809
de767dd5216bcad9,2024-08-03,1,0.629676250598657,0.5893794380981784
e6851877e33d343f,2024-08-03,1,0.750668282882222,0.6750312469954812
f80143e1f3c3d319,2024-08-03,0,0.7083308783772565,0.6571428571428573
fbbb703581440496,2024-08-03,1,0.7214884046008032,0.7179705215419501
6aa89b7b5350b8e2,2024-08-10,1,0.835430982347999,0.8284518828451883
7b4284bd3033a319,2024-08-10,1,0.7729057743608583,0.7640449438202247
84973bbdffaf0d0e,2024-08-10,0,0.4073049310672244,0.42043984476067275
e72a2130e7387637,2024-08-10,0,0.40553358338745793,0.38167938931297707
059f5cf0e9e37627,2024-08-17,0,0.7952326510939925,0.769993669550538
3c319d4659e6c8fd,2024-08-17,0,0.22417567765233834,0.22849462365591394
43ebfc8914a39061,2024-08-17,0,0.5986004384629166,0.5407914020517831
6c44af21414e4143,2024-08-17,1,0.5827707740601191,0.5217391304347826
b9d5c77ae7a8109b,2024-08-17,1,0.3944085920734887,0.42043984476067275
bf8c5effd23f69c4,2024-08-17,1,0.32012515168003886,0.29446581828943474
bfff6cf22c1c569c,2024-08-17,1,0.8878380469390351,0.8647058823529411
dd3d8f7066c145b7,2024-08-17,0,0.35307825324493625,0.31943212067435667
ea4ff1d77928b029,2024-08-17,0,0.3986543424440879,0.441202953358545
15805ae1eea3343e,2024-08-24,0,0.24669926186347563,0.26645768025078376
2cbd53e43d3f606b,2024-08-24,0,0.7598069152603553,0.7335423197492164
560f1e26c2a6690a,2024-08-24,0,0.2999445679972148,0.34252477380439467
5c5523a6bf83e44f,2024-08-24,0,0.6269053836500728,0.5634920634920635
70afe9e0d2422252,2024-08-24,0,0.363548121152542,0.36905965621840253
903d588b30a471e8,2024-08-24,1,0.785782185245948,0.7135512302607419
ae50a1a655b1a8f6,2024-08-24,0,0.15372810365328204,0.136986301369863
ba8eda6993922ba0,2024-08-24,1,0.614637763788782,0.690792883054068
bad06a5380d762b8,2024-08-24,0,0.3047689259004875,0.3194444444444444
0c418b9cdfd525c9,2024-09-07,0,0.46212430145013184,0.4365079365079365
69bde5bae0d6ec4f,2024-09-07,0,0.4028365322602255,0.4003612281757977
6e9876d2be2bbd02,2024-09-07,0,0.3343079831830635,0.299837925445705
75fa9c0bb31caaa3,2024-09-07,0,0.4755014764852035,0.46753246753246747
abfd5ac6cf186d8a,2024-09-07,1,0.9324797482711337,0.9197080291970804
b80c6eba11c54778,2024-09-07,0,0.6770491907183135,0.690792883054068
f1613b372748c8bb,2024-09-07,1,0.8626373412057813,0.690792883054068
f734b497add754af,2024-09-07,1,0.6813870533858051,0.7179705215419501
fe59646ebad8b6e4,2024-09-07,0,0.27070767375799476,0.2949668357393679
2335e75ce63805b6,2024-09-14,0,0.3432632268744095,0.35527082119976705
2397e2a92710705a,2024-09-14,0,0.4221653203276328,0.4572564612326044
27d98a8ee6608e27,2024-09-14,0,0.7452218963186914,0.6369041816941224
3146e5a47a922976,2024-09-14,0,0.505721180587729,0.4782608695652174
3733d100f7bd5590,2024-09-14,0,0.5639936848406757,0.5427435387673957
6f83cfae0c800ef8,2024-09-14,0,0.5550613810795006,0.5427435387673957
78b506e5092a27fd,2024-09-14,1,0.6502046951504684,0.644729178800233
c60a317c7767abb7,2024-09-14,0,0.7955041073594339,0.8081570996978852
dae8ad2e03aa4a9a,2024-09-14,0,0.3291314232503707,0.2949668357393679
19706d8ba0edf9cd,2024-09-28,1,0.30053253176340133,0.27792074112197634
3599e9de4ae0e171,2024-09-28,1,0.8627998601412007,0.827123695976155
45f00a42a17f8e2a,2024-09-28,0,0.3915716950325247,0.36905965621840253
47d978a984a163aa,2024-09-28,1,0.4669150898362975,0.46753246753246747
62ff1e5deb124ff5,2024-09-28,1,0.6877390265939501,0.6636481241914618
7ba432e218edc17d,2024-09-28,1,0.6771950362402513,0.6805555555555556
7ca4c91bab696b89,2024-09-28,1,0.34220738129075423,0.30920711694593195
89b772f864acb637,2024-09-28,1,0.5097427533113267,0.4826358742837298
a187670c5ee1ec5f,2024-09-28,0,0.3583805079499848,0.35527082119976705
d063d46208c560b1,2024-09-28,1,0.7777396278265445,0.7508125677139763
d806aacf5b6ba7f6,2024-09-28,1,0.6204305531795529,0.5324675324675325
e01019fbfe0e9528,2024-09-28,1,0.8743233610856851,0.8677165354330709
eedc7fccf7037949,2024-09-28,0,0.6210373107370096,0.5829926410466066
f114929ed709606e,2024-09-28,1,0.8305797934757297,0.8042929292929294
1d68bb733de24b06,2024-10-05,0,0.5878363233099505,0.5829926410466066
3d7d82fff71e395a,2024-10-05,0,0.4638957982884681,0.47391341473828014
5931cd9cf5da5f75,2024-10-05,1,0.44368946059515507,0.42794036443953615
69bca5091b2a31f6,2024-10-05,0,0.320629388071985,0.33635187580853815
8c5e06c71f392f33,2024-10-05,1,0.7914682419990737,0.7768331562167907
9ea124a13d071186,2024-10-05,0,0.10534791202376008,0.12000000000000002
e8aad69aace1d31f,2024-10-05,0,0.530904233893696,0.5043297540699688
eb73b63bbd7b88a7,2024-10-05,0,0.36680341524694704,0.37753344813882633
ed5b6681ab4e83e5,2024-10-05,1,0.8118368876622878,0.8
48dd2c9cb39bd2d4,2024-10-12,1,0.48701552428457756,0.4956702459300312
57415110bd494c79,2024-10-12,1,0.7499702523707819,0.7135512302607419
69a5895fde58432c,2024-10-12,0,0.641656620011678,0.6164383561643836
85854504ce1aa97a,2024-10-12,1,0.6751762548437025,0.6750312469954812
98c29ba02cee5ba3,2024-10-12,1,0.7780630656261219,0.7600000000000002
b23554da35a84fbc,2024-10-12,0,0.42329172723725955,0.42794036443953615
de484433eef22e1d,2024-10-12,1,0.7047024496787724,0.6805555555555556
f1cc9169813c4a3e,2024-10-12,0,0.26184644219333886,0.2820294784580499
f690949d90ff1dee,2024-10-12,1,0.6702689234639639,0.6805555555555556
0599f35e6679de02,2024-10-19,1,0.6248473415499193,0.6037569709421778
308f6cb830019ea9,2024-10-19,0,0.3117100054020965,0.35527082119976705
32b8c6c4b735d712,2024-10-19,1,0.25100477492637874,0.2231668437832094
4277b02a4dadac40,2024-10-19,1,0.6391818883099326,0.5829926410466066
503d7342cc08109f,2024-10-19,1,0.7581255883975269,0.7220792588780237
53f7f1b4834387a8,2024-10-19,0,0.3520388951619733,0.33099297893681046
a2f2c64f9fb3fb1c,2024-10-19,1,0.6306835736995191,0.593369754159424
a2f46e94aa6b0c64,2024-10-19,0,0.7988901027182695,0.817258883248731
c61923255389e67c,2024-10-19,0,0.25836358457307085,0.31460674157303364
f01b97e864cb4b8b,2024-10-19,1,0.16151721591161297,0.17287630402384502
fc73ecbd83b7f159,2024-10-19,1,0.7241988578928057,0.690792883054068
108434acbbd75d26,2024-10-26,1,0.6515321616412056,0.5996387718242023
1d65c141776949d6,2024-10-26,1,0.6812461968425927,0.6805555555555556
5c783cd188425783,2024-10-26,1,0.841483689746028,0.817258883248731
6114076c689e8457,2024-10-26,1,0.6689039033018225,0.6574752261956054
781a2ea50f5ae68f,2024-10-26,1,0.5032136433140607,0.4956702459300312
919e3c5cc6999cb3,2024-10-26,1,0.22839431286360976,0.30423004792665137
af6eeea1cfe33240,2024-10-26,1,0.6246248512376829,0.5829926410466066
b09f54654b0f95f5,2024-10-26,1,0.7592537759064057,0.740871613663133
b8bf186f884678ea,2024-10-26,0,0.30721822520157765,0.3194444444444444
bde635a4f345bc3e,2024-10-26,1,0.6436625389565227,0.5720596355604638
cc11a0762f246fa4,2024-10-26,1,0.7705696530575521,0.740871613663133
df7928de73fc2fe8,2024-10-26,1,0.9005372393077188,0.8524590163934428
ebf7cea27b83c432,2024-10-26,1,0.7842505538220341,0.7220792588780237
18729b11614406bf,2024-11-02,1,0.6394074517878207,0.5829926410466066
6ad594777cce2d7d,2024-11-02,0,0.684761524233362,0.7001620745542949
799acf3ae8a5df0a,2024-11-02,1,0.6262662219649194,0.6164383561643836
7edf2fe3a8776a44,2024-11-02,0,0.6527564323981568,0.6309403437815976
d29a82322bb083d9,2024-11-02,1,0.7728816272677739,0.7571884984025559
eaa885cf7ae31e0b,2024-11-02,0,0.3604447166216805,0.32558139534883723
154138c8fc89c315,2024-11-09,0,0.2736228528925183,0.27424749163879597
73f451d894a1d4ca,2024-11-09,0,0.17288170358449792,0.1475409836065574
c31d9cac7534d879,2024-11-09,0,0.2136140372155455,0.20863836017569548
e6685759ed2af90d,2024-11-09,1,0.29188639194739346,0.31460674157303364
ea6427379a83bd01,2024-11-09,1,0.8337617516334782,0.7957758771164253
00414fc5519233b4,2024-11-16,0,0.5988770231649385,0.6037569709421778
2a930e2d7e1f87a9,2024-11-16,0,0.5121431188805816,0.4891657638136511
35c8223cc967fe0a,2024-11-16,1,0.3138246529169078,0.3249687530045188
4f4189009a190e35,2024-11-16,1,0.7448788874559081,0.6957699520733487
55eebc2ee92bf00a,2024-11-16,1,0.864205677184512,0.8720930232558137
6c1faa6284428e5d,2024-11-16,1,0.48679645433655677,0.4891657638136511
8545a2495db16538,2024-11-16,1,0.3049948482847204,0.28644876973925815
9676a4e9362e4bfd,2024-11-16,0,0.2582652623382374,0.27424749163879597
b35e47f2f58ef026,2024-11-16,1,0.8525180650933848,0.8118668596237336
c565e2baa27cc7e5,2024-11-16,1,0.8880737556474013,0.8988580750407831
cfd3e62c638fbd1f,2024-11-16,1,0.913736246551517,0.8933823529411765
02ec66f311dce539,2024-11-23,0,0.360585594395525,0.30423004792665137
38f1c83c19e99fa2,2024-11-23,1,0.7432304162148484,0.725752508361204
56d2c00dfd391fcf,2024-11-23,1,0.6878955533155967,0.6821515892420539
5dab54e34c2cfe01,2024-11-23,0,0.5375528829460144,0.47391341473828014
64d6d51219e0664c,2024-11-23,0,0.8813855565505226,0.8849315068493151
828de4f5585c908c,2024-11-23,0,0.49921458570160204,0.47391341473828014
86a2f07e0bf20297,2024-11-23,0,0.7439385223191672,0.6805555555555556
9c207acb12c17a67,2024-11-23,0,0.3569806797761861,0.33099297893681046
baee9b2491c986e2,2024-11-23,1,0.1898072544080678,0.2005438477226377
f0c4aff7dd1ec4e9,2024-11-23,1,0.6378880491430072,0.6369041816941224
f53573316a4f349f,2024-11-23,1,0.7575574204729663,0.7220792588780237
f5f28a8b472b8012,2024-11-23,1,0.6196895924009189,0.5820772814469718
0292b9c31c0089ac,2024-12-07,1,0.891398499569606,0.8677165354330709
089388c9f00ce9c6,2024-12-07,0,0.586543079723128,0.5427435387673957
0f16d83859d608c7,2024-12-07,0,0.5292222806137467,0.5043297540699688
1569186ee820ea87,2024-12-07,1,0.7452035172227269,0.7279508556384379
4914f7bd073c6359,2024-12-07,1,0.5517072848262036,0.5836189170664839
72b12a837290b327,2024-12-07,0,0.13628552113958228,0.12000000000000002
7c0d0a28a8fba102,2024-12-07,0,0.42374816704782114,0.38356164383561636
97caf8fca9d9603b,2024-12-07,1,0.7778712349531692,0.7600000000000002
a5c57b0f49e9f61c,2024-12-07,1,0.5852297966524119,0.5427435387673957
d38029cf47e54cf7,2024-12-07,0,0.42353395951967404,0.3962430290578221
df30514e0674d598,2024-12-07,1,0.7143173945912047,0.6750312469954812
e761c5009c09b295,2024-12-07,1,0.7055154083531305,0.6923076923076924
eb94412f15c62650,2024-12-07,1,0.8087742064940591,0.8118668596237336
f706508c52f337a6,2024-12-07,1,0.8114773926990813,0.7600000000000002
00c6a2ef07ca51da,2024-12-14,0,0.35919090607097465,0.31460674157303364
1a635a5e4551e7d5,2024-12-14,1,0.7923059039002928,0.7659021045164341
2b6a75175bbca4e9,2024-12-14,1,0.8689495168372061,0.8465011286681715
5238f6470d0557fb,2024-12-14,0,0.31914331099661164,0.33635187580853815
7521015554088962,2024-12-14,1,0.4477804963629532,0.42794036443953615
7b1bc4ff776f12c1,2024-12-14,0,0.8165121139930817,0.740871613663133
9c24c03131d5b49a,2024-12-14,1,0.6727128442767664,0.6690070210631895
b0be38110c2d8b84,2024-12-14,1,0.8166163573885219,0.7768331562167907
b40e4deb48658851,2024-12-14,1,0.4999181887840703,0.5260865852617197
cf258c17234d649e,2024-12-14,0,0.2902565221142086,0.30920711694593195
e5f9d59d00fe3c73,2024-12-14,1,0.8591933302223658,0.827123695976155
ebeeed2595266bbc,2024-12-14,1,0.6184793590155031,0.5829926410466066
edf7ce89ad672e85,2024-12-14,0,0.723708180174396,0.6805555555555556
