bout_id,date,red_fighter_id,red_fighter,blue_fighter_id,blue_fighter,red_prior_ufc_fights,blue_prior_ufc_fights,cohort_split,included,exclusion_reason
caeeb398f73d213a,2023-02-04,d3df1add9d9a7efb,Derrick Lewis,e2f6b2769aaedd6c,Serghei Spivac,25,9,development,True,
2208b9f471a201d9,2023-02-11,cbf5e6f231b55443,Yair Rodriguez,fba03cd6cc28dc41,Josh Emmett,12,11,development,True,
256894b49303537b,2023-02-11,275aca31f61ba28c,Islam Makhachev,e1248941344b3288,Alexander Volkanovski,13,12,development,True,
4f672dd40867d8c6,2023-02-11,6b453bc35a823c3f,Jack Della Maddalena,c6aee362c7a7d482,Randy Brown,3,14,development,True,
51a12878b151d67b,2023-02-11,4e30e4250cb08b61,Loma Lookboonmee,ac7c765882f2c68c,Elise Reed,6,4,development,True,
8b7bc2af1e15b668,2023-02-11,6751eacd16bd59bc,Josh Culibao,a52bc1e62cf0b7c6,Melsik Baghdasaryan,4,2,development,True,
ca2672e68fedf4b7,2023-02-11,49e96ff8ab781589,Tyson Pedro,476fe566d2df676e,Modestas Bukauskas,8,4,development,True,
da22d5a717ae9e35,2023-02-11,e13abac8089a801a,Justin Tafa,ac40f7e3cbecdda4,Parker Porter,5,5,development,True,
3d46d635f9ae5e68,2023-02-18,50db8711c70196cd,Ovince Saint Preux,53c943c873cffe90,Philipe Lins,25,3,development,True,
682ff095649c9a5c,2023-02-18,d1941565abf50b16,Jim Miller,262a7d06203657e6,Alexander Hernandez,40,10,development,True,
c3a4187fc821bfff,2023-02-18,2eeaefbfc7f9fcff,Lina Lansberg,cc8c623cca88f54f,Mayra Bueno Silva,10,7,development,True,
dc6f69f923744948,2023-02-18,5da33b8fbfa5ee95,William Knight,6370c1c1e12723d5,Marcin Prachnio,6,6,development,True,
dcc3da324eb5f26c,2023-02-18,6a1901c62ab3870f,Jessica Andrade,669970f7feba8ecd,Erin Blanchfield,22,4,development,True,
2ba11e0bf32829d6,2023-02-25,886264a0c9f4ea5e,Andre Muniz,2f181c0467965b98,Brendan Allen,5,10,development,True,
5737084215c45792,2023-02-25,b08012bbe542592a,Tatiana Suarez,80d8aed0ca9b00f3,Montana De La Rosa,5,9,development,True,
63670e1b8f164d4a,2023-02-25,6d68c1afe954f121,Ode Osbourne,814e5233e2acf2ee,Charles Johnson,6,3,development,True,
d6357dab7ccdf2db,2023-02-25,441eacbe20e0e80b,Augusto Sakai,1a9480fc288e55d7,Don'Tale Mayes,8,5,development,True,
009feda296ae589c,2023-03-04,36541f1e6c5d4955,Viviane Araujo,beecb672a279223e,Amanda Ribas,8,7,development,True,
22fc6b3f4e48cfa3,2023-03-04,b997be68943010fc,Geoff Neal,01afe0916a40c7c5,Shavkat Rakhmonov,9,4,development,True,
636fd144716a3084,2023-03-04,07f72a2a7591b409,Jon Jones,787bb1f087ccff8a,Ciryl Gane,22,9,development,True,
a69afe4a88c0ca12,2023-03-04,132deb59abae64b1,Valentina Shevchenko,e8b731feff72294b,Alexa Grasso,14,10,development,True,
c29e2c49e1e417c8,2023-03-04,d0e1b42d41dab603,Julian Marquez,8e9eb3fc86db0f7d,Marc-Andre Barriault,5,9,development,True,
c2fc4c1e0c769655,2023-03-04,b1a3e0aca758b322,Derek Brunson,0d7b51c9d2649a6e,Dricus Du Plessis,20,4,development,True,
c3b9b97467f828d1,2023-03-04,c742287ed86a09bc,Jessica Penne,d25240135aee03e5,Tabatha Ricci,7,3,development,True,
d6d034e98ce85246,2023-03-04,72db2a14ffa73ece,Mateusz Gamrot,4d8fa64202cee4c1,Jalin Turner,6,8,development,True,
ec490d4224d3bc78,2023-03-04,d8c7c61b176e3994,Cody Garbrandt,ec23c1be628d8057,Trevin Jones,12,5,development,True,
ed9f8f702585ed44,2023-03-04,442c9011034ae1fd,Ian Machado Garry,32490e80ddab1e5a,Song Kenan,3,6,development,True,
0ccd2593c88209e4,2023-03-11,d661ce4da776fc20,Petr Yan,c03520b5c88ed6b4,Merab Dvalishvili,11,10,development,True,
2c58a97f2fe6c985,2023-03-11,bc711b6dd95c1af6,Mario Bautista,d05412b513b19621,Guido Cannetti,7,9,development,True,
3b561a154aa2bbb2,2023-03-11,279566840aa55bf2,Alexander Volkov,c0badf3243907e59,Alexandr Romanov,13,6,development,True,
804c350ce714770f,2023-03-11,2f13e4020cea5b38,Raphael Assuncao,113df4fde64735c6,Davey Grant,18,10,development,True,
8e5ce3308c0e2046,2023-03-11,6551c64fbcd1a467,Ariane da Silva,6fd953151d981979,JJ Aldrich,8,11,development,True,
b9539d5e379b3edc,2023-03-11,0fd5f4b838e890cc,Said Nurmagomedov,f2477cf43c4975cc,Jonathan Martinez,7,11,development,True,
c3af2b6ab1262fef,2023-03-11,6e00cfffd54653c4,Tyson Nam,294aa73dbf37d281,Bruno Silva,6,5,development,True,
c4e4954beb59eca6,2023-03-11,eb8d8c2a95cfccb8,Victor Henry,601964f9654f911a,Tony Gravely,2,7,development,True,
ccb5e29cd0347110,2023-03-11,a53d30163304aa6e,Carlston Harris,c730a0be691dc081,Jared Gooden,3,4,development,True,
d6945828f5fa7492,2023-03-11,1091d4d957141094,Nikita Krylov,a67f5afa8d6a1b80,Ryan Spann,17,9,development,True,
019b4d006800504b,2023-03-18,fd55393021a8c255,Gunnar Nelson,a331233f597090a5,Bryan Barberena,14,16,development,True,
13f5be7a2ea5577e,2023-03-18,b8a85389d115e35a,Jack Shore,87a1dc546b1c5caf,Makwan Amirkhani,6,13,development,True,
5e9c027fb24efc2b,2023-03-18,7acbb0972e75281a,Marvin Vettori,327d5f279895110d,Roman Dolidze,13,7,development,True,
6068385c48de6801,2023-03-18,60a42bf82447c919,Jake Hadley,dee294e9717012c2,Malcolm Gordon,2,5,development,True,
8a3e7085e8e5a6e9,2023-03-18,12f91bfa8f1f723b,Joanne Wood,528b071cf3da7c56,Luana Carolina,15,5,development,True,
90a83875e1d11238,2023-03-18,9e8f6c728eb01124,Justin Gaethje,c814b4c899793af6,Rafael Fiziev,10,7,development,True,
c483ac06b1e33c3b,2023-03-18,f1fac969a1d70b08,Leon Edwards,f1b2aa7853d1ed6e,Kamaru Usman,15,16,development,True,
dd9cbf6d6284de26,2023-03-18,8e1f36476ef02a6a,Jennifer Maia,04835018f90b118c,Casey O'Neill,10,4,development,True,
07e39fd5f4f23270,2023-03-25,b27a1fcb56a3035a,Trevin Giles,9fe7af8b3fbe00a0,Preston Parsons,10,2,development,True,
16bd47ba50891833,2023-03-25,077e3ace32b72be9,CJ Vergara,31bb0772f21cabd8,Daniel Lacerda,3,3,development,True,
1c2d0db1c9eed052,2023-03-25,634e2fb70bde3fd5,Holly Holm,3143bf892608139a,Yana Santos,13,7,development,True,
2f382615155e32b9,2023-03-25,c68c68efaa5ca6ef,Chidi Njokuani,6b7c7460855dbbb9,Albert Duraev,3,2,development,True,
33fa6793a7f984ac,2023-03-25,7c7332319c14094c,Marlon Vera,65f09bacd3957381,Cory Sandhagen,20,11,development,True,
9433730f95d52fc8,2023-03-25,05fa626cb33d15b8,Andrea Lee,6a740daf1b279661,Maycee Barber,9,8,development,True,
bce8ece2ff26b4d4,2023-03-25,583ee11abddfc581,Nate Landwehr,305d73ede05e31ad,Austin Lingo,5,3,development,True,
c6cc6ae23cbf8a27,2023-03-25,361d49960a196976,Daniel Pineda,7832f2f62f04178f,Tucker Lutz,10,2,development,True,
0810cdbeb9dd4d02,2023-04-08,0a73acff6325c1e2,Shayilan Nuerdanbieke,97cf1a2c7c5e7889,Steve Garcia,4,4,development,True,
3165b03ddc6d3b6e,2023-04-08,3a46b268013afede,Kevin Holland,6d1bffff14897645,Santiago Ponzinibbio,17,16,development,True,
678d27af287476f8,2023-04-08,05339613bf8e9808,Rob Font,0232cabbc30a2372,Adrian Yanez,14,5,development,True,
71ea7d7985dad804,2023-04-08,23024fdfc966410a,Gilbert Burns,47b9e0e7703a4868,Jorge Masvidal,19,21,development,True,
780147f2ed2637d1,2023-04-08,98215d037be5bcb7,Cynthia Calvillo,8e5d953bdb9ae5e7,Loopy Godinez,12,6,development,True,
95349402616097cd,2023-04-08,eb04b9d31e938edb,Michelle Waterson-Gomez,a3a542074109b347,Luana Pinheiro,12,2,development,True,
bbc76ff9e1b1b142,2023-04-08,5442f1bc4b47eaf3,Chris Curtis,8c0580d4fff106c1,Kelvin Gastelum,5,20,development,True,
d7022b6058dbb26b,2023-04-08,e4a47b07044ddd72,Ignacio Bahamondes,cfc3e7bb44685289,Trey Ogden,3,2,development,True,
50e675146cda6e7c,2023-04-15,4ba8d454f762005d,Zak Cummings,06f36cf4bd97ec77,Ed Herman,13,25,development,True,
6049301b4deea035,2023-04-15,150ff4cc642270b9,Max Holloway,040a74bb0a465c54,Arnold Allen,26,10,development,True,
68c1b833ed8849a3,2023-04-15,38c7f72747f4f712,Gillian Robertson,e375cb5caf4717b6,Piera Rodriguez,13,2,development,True,
792f139c2b9fd294,2023-04-15,e4277e87a789d687,Dustin Jacoby,e90a2f22417af68e,Azamat Murzakanov,10,2,development,True,
83c81018bb3aeebf,2023-04-15,64a50dad704d1d49,Edson Barboza,aa171d55d4b5208f,Billy Quarantillo,27,7,development,True,
8b2b2562884821a7,2023-04-15,f9ab66e67240db7b,Joselyne Edwards,3cf66c62d9069f43,Lucie Pudilova,5,8,development,True,
995e79b951da945b,2023-04-15,04c8b08b16a5b99e,Tanner Boser,cd13728ae1151f46,Ion Cutelaba,8,14,development,True,
b01e6e97d66681c5,2023-04-15,9abc648e76c4493a,Bill Algeo,d31cbcdd7d69536d,TJ Brown,6,6,development,True,
bbde45b2c766bb67,2023-04-15,6e15f63b6c2e2c15,Brandon Royval,1a31ef98efce7a79,Matheus Nicolau,6,8,development,True,
bdbddbc00d07dc4b,2023-04-15,c47df9303d318c67,Clay Guida,e132d47bd9efbbe0,Rafa Garcia,34,6,development,True,
d856812dc733690a,2023-04-15,6bd02119599741a4,Pedro Munhoz,45f0cc9d18f35137,Chris Gutierrez,18,9,development,True,
01aa5949ac6851f3,2023-04-22,351c4ec637380ad5,Karol Rosa,d3f5d33d61cd00c9,Norma Dumont,6,6,development,True,
034cbbec91f67852,2023-04-22,94527830000ab715,Rani Yahya,cc1a8b4b38b92c6d,Montel Jackson,19,8,development,True,
06d9fb9c995f1e4f,2023-04-22,d66a46de8d705353,Jeremiah Wells,4aa58269d0664b5b,Matthew Semelsberger,3,7,development,True,
16628e25a043043a,2023-04-22,814ff3018127e8fc,Ricky Glenn,de45aaae23dfa392,Christos Giagos,8,11,development,True,
277233ca9ea25674,2023-04-22,7af33fc4435017f1,Brady Hiestand,3b0a516d2921e0d6,Batgerel Danaa,2,6,development,True,
856468ba24a37fcc,2023-04-22,f14cf73e51b29254,Sergei Pavlovich,fa6796c55d6c5440,Curtis Blaydes,6,16,development,True,
d00d5ef4ae0ac01b,2023-04-22,0c6d9ea8306c029e,Brad Tavares,12ebd7d157e91701,Bruno Silva,21,5,development,True,
2b1ac5d8f98639bf,2023-04-29,efb96bf3e9ada36f,Song Yadong,5987b2458f4b5290,Ricky Simon,11,10,development,True,
37ae5c09d6f03f33,2023-04-29,260e9e0d4954aea6,Rodolfo Vieira,f14f644d41ade29f,Cody Brundage,5,4,development,True,
5d11b618f24082dd,2023-04-29,8eb046f83e82bf26,Martin Buday,92fa1401b7927da3,Jake Collier,2,12,development,True,
8dbfbd8f8bd0f00b,2023-04-29,ab943cd2c3c17825,Marcos Rogerio de Lima,fc08099550072fe4,Waldo Cortes-Acosta,15,2,development,True,
ca63933f8c898fa2,2023-04-29,7f6ed67d3ed3c036,Cody Durden,814e5233e2acf2ee,Charles Johnson,6,4,development,True,
ecec1b0dd64ca2ae,2023-04-29,4126a78111c0855a,Caio Borralho,0d65c432720accb9,Michal Oleksiejczuk,3,10,development,True,
0c6e3c1f03cd4061,2023-05-06,242d36d241b43c12,Kron Gracie,f1d64ae34e088832,Charles Jourdain,2,10,development,True,
11a5a852313d1f5b,2023-05-06,6a1901c62ab3870f,Jessica Andrade,c41d426cc7326d1b,Yan Xiaonan,23,9,development,True,
3f8b4aeb3baf4724,2023-05-06,519e4fe37ce9ff75,Drew Dober,dccb63727f2f5f74,Matt Frevola,20,8,development,True,
5f44d6d9e6bbecff,2023-05-06,cd2c4d30c6e13b47,Marina Rodriguez,7dda2cf308f24a02,Virna Jandiroba,10,7,development,True,
c3ca708aaf4262a7,2023-05-06,8667caa0451d245b,Kennedy Nzechukwu,cc7040fe76f0ef91,Devin Clark,8,15,development,True,
e3aad51099a23ba4,2023-05-06,cb696ebfb6598724,Aljamain Sterling,056c493bbd76a918,Henry Cejudo,17,12,development,True,
ed707998b13d0101,2023-05-06,b1b0729d27936f2f,Belal Muhammad,23024fdfc966410a,Gilbert Burns,17,20,development,True,
14e689e60419d469,2023-05-13,bf7ad5628363eec9,Cody Stamann,3a314d9fa7c6825d,Douglas Silva de Andrade,12,11,development,True,
6ca856d1950d8f7f,2023-05-13,a20f234df70f2182,Ji Yeon Kim,297a2b35444c245b,Mandy Bohm,9,2,development,True,
755202fce24b8f83,2023-05-13,2cd428e9606856fd,Jairzinho Rozenstruik,41e83a89929d1327,Jailton Almeida,11,4,development,True,
81fda78adcaedbc7,2023-05-13,f626118b6da0e020,Bryan Battle,5eb50529a8418b77,Gabe Green,4,4,development,True,
838a022ca5d99cc1,2023-05-13,4b47e71384a9522f,Tim Means,cdb96af67d096b1e,Alex Morono,26,17,development,True,
b0f4c7788782e26e,2023-05-13,8a1f3b5c526cd6e6,Daniel Rodriguez,442c9011034ae1fd,Ian Machado Garry,9,4,development,True,
c501576b8ec35758,2023-05-13,d4c9dcd330403612,Anthony Smith,c21f26bbde777573,Johnny Walker,18,10,development,True,
dae2484418631ff5,2023-05-13,9014c02eff8b3d62,Carlos Ulberg,260bd4cef10b033f,Ihor Potieria,4,2,development,True,
f2ced83baf0457fc,2023-05-13,31123249b0bbf52e,Matt Brown,523fa774700d7d3f,Court McGee,29,20,development,True,
12683e06369d1a83,2023-05-20,f53d4f21d1b5f2dc,Diego Ferreira,511e82663651438d,Michael Johnson,13,27,development,True,
33007109c9ca1ede,2023-05-20,d7c3816669784109,Karolina Kowalkiewicz,2c483cf443f38ece,Vanessa Demopoulos,14,4,development,True,
3638ee66c7d34fe0,2023-05-20,4144798612ef96e5,Edmen Shahbazyan,093e1f5bb73850be,Anthony Hernandez,8,6,development,True,
49bd9a2f1fbebd1f,2023-05-20,8c1ca54b5089d199,Maheshate,19c591115a58982c,Viacheslav Borshchev,2,3,development,True,
73700c8c5107f719,2023-05-20,33efaf2d0941cfcf,Andre Fialho,b9437600497350f3,Joaquin Buckley,5,9,development,True,
744cbe6e49d4f41c,2023-05-20,262d32ebda89efc4,Natalia Silva,9dedfdd91070ddd8,Victoria Leonardo,2,3,development,True,
924f982f0d9d2142,2023-05-20,02f8fedc18cbd26c,Emily Ducote,8e5d953bdb9ae5e7,Loopy Godinez,2,7,development,True,
cb9654746447b934,2023-05-20,7447e9f28508106a,Mackenzie Dern,f0feeb2192937424,Angela Hill,10,22,development,True,
fb70b62915fdcec6,2023-05-20,e9a3aeb207578eea,Ilir Latifi,d31a5546c0e9b213,Rodrigo Nascimento,15,4,development,True,
5459c3bb88d031f9,2023-06-03,3738e68d2261e60f,Andrei Arlovski,1a9480fc288e55d7,Don'Tale Mayes,39,6,development,True,
7be3e513a31f6570,2023-06-03,7aa3d6964eff4877,Alex Caceres,361d49960a196976,Daniel Pineda,27,11,development,True,
84f60cb00b8d4187,2023-06-03,b67d6bacc68d4c92,Daniel Santos,f6bcbd91b114ff58,Johnny Munoz,2,4,development,True,
913d8a35095591d5,2023-06-03,c96d9178c9ed9e62,Tim Elliott,dc7927cd622676a7,Victor Altamirano,17,3,development,True,
99808befeece3a8a,2023-06-03,53c943c873cffe90,Philipe Lins,950d0ef5c17157c5,Maxim Grishin,4,4,development,True,
a122968e96068800,2023-06-03,029e1293e609fd74,Abubakar Nurmagomedov,8adcbd525fab8d9b,Elizeu Zaleski dos Santos,3,12,development,True,
d7ae0993c7a378ee,2023-06-03,853eb0dd5c0e2149,Kai Kara-France,6d35bf94f7d30241,Amir Albazi,10,4,development,True,
dfc62aa72446e4a8,2023-06-03,ac7c765882f2c68c,Elise Reed,d05cb1e8d1b885d8,Jinh Yu Frey,5,6,development,True,
1676c64a94be0557,2023-06-10,d7e40dca3ae125be,Diana Belbita,37d752ec41ed84bb,Maria Oliveira,4,3,development,True,
40e8bf8ce508c436,2023-06-10,07225ba28ae309b6,Charles Oliveira,08af939f41b5a57b,Beneil Dariush,31,21,development,True,
46c67efd68a0b15d,2023-06-10,82a5152216251682,Dan Ige,583ee11abddfc581,Nate Landwehr,13,6,development,True,
47a5d4bb68352055,2023-06-10,f29a6350c69f4a33,Miranda Maverick,a9e260472d321361,Jasmine Jasudavicius,6,3,development,True,
5311298f79414125,2023-06-10,8e9eb3fc86db0f7d,Marc-Andre Barriault,cad24459b28592ca,Eryk Anders,10,15,development,True,
69bc7ca8ce831731,2023-06-10,80fa8218c99f9c58,Amanda Nunes,578ef12674df1e6a,Irene Aldana,17,11,development,True,
e24b65cd8721349a,2023-06-10,24656ef4d605c96f,Aiemann Zahabi,7d420039bbfe7c1a,Aoriqileng,5,4,development,True,
e9d5ffcacf7d8757,2023-06-10,dd6103dd7127db1d,Mike Malott,a01a62132460a98d,Adam Fugitt,2,2,development,True,
175d9e1ac0725145,2023-06-17,7acbb0972e75281a,Marvin Vettori,13a0275fa13c4d26,Jared Cannonier,14,15,development,True,
6c2199524d762b11,2023-06-17,eae48ff31db420c2,Arman Tsarukyan,ae7fe94f117f98cf,Joaquim Silva,8,8,development,True,
8794031c523bf534,2023-06-17,56f7d7ee06be4aab,Zac Pauga,476fe566d2df676e,Modestas Bukauskas,2,5,development,True,
07cb64236ae7aaea,2023-06-24,beecb672a279223e,Amanda Ribas,6a740daf1b279661,Maycee Barber,8,9,development,True,
42922bab8a3e1828,2023-06-24,c6aee362c7a7d482,Randy Brown,4dcfb28c011c11b2,Wellington Turman,15,7,development,True,
9124740fe7816d70,2023-06-24,2f181c0467965b98,Brendan Allen,12ebd7d157e91701,Bruno Silva,11,6,development,True,
c22de92b9d9030dc,2023-06-24,d25240135aee03e5,Tabatha Ricci,38c7f72747f4f712,Gillian Robertson,4,14,development,True,
c3ef3cb03edde8bb,2023-06-24,fba03cd6cc28dc41,Josh Emmett,54f64b5e283b0ce7,Ilia Topuria,12,5,development,True,
ced01368259428f5,2023-06-24,84b3e7d38f2d2ec5,Neil Magny,8e382b585a92affe,Phil Rowe,29,4,development,True,
0548a24a9bf8d7a0,2023-07-01,b0d6a1d8ac3d563d,Max Griffin,c32aeb1a59e6272d,Michael Morales,14,2,development,True,
4dc5a41f357a7d85,2023-07-01,135d124172a0bea3,Damir Ismagulov,99bd51917728c25d,Grant Dawson,6,8,development,True,
ea29714dcfb07ce2,2023-07-01,6551c64fbcd1a467,Ariane da Silva,a4a80dd7336ffd59,Melissa Gatto,9,3,development,True,
3624f4ae9c1d703e,2023-07-15,d9a56ecb6e94f02e,Evan Elder,cda1099995b46cc2,Genaro Valdez,2,2,development,True,
6adfe44b110c1510,2023-07-15,6b7c7460855dbbb9,Albert Duraev,285ae0b4a68221f4,JunYong Park,3,8,development,True,
8362b372adb2f302,2023-07-15,7832f2f62f04178f,Tucker Lutz,a52bc1e62cf0b7c6,Melsik Baghdasaryan,3,3,development,True,
319b96f615a0a154,2023-07-22,32c355b04fc57f3a,Marc Diakiese,58bbef3770bb2dfc,Joel Alvarez,13,6,development,True,
3c4305abc2e302d0,2023-07-22,396fe87b84ac2e1c,Lerone Murphy,6751eacd16bd59bc,Josh Culibao,5,5,development,True,
743a04674ab72ee0,2023-07-22,51018a31ddf31eb2,Molly McCann,a78a87d8c2bbb1cb,Julija Stoliarenko,10,6,development,True,
8104fe27bdc46914,2023-07-22,eabf206b162b3b83,Paul Craig,886264a0c9f4ea5e,Andre Muniz,15,6,development,True,
8b341eb556c97c23,2023-07-22,ea7e5bc78d9de658,Makhmud Muradov,a331233f597090a5,Bryan Barberena,5,17,development,True,
90e46589a18064bc,2023-07-22,399afbabc02376b5,Tom Aspinall,c9cf753cfdf77fc2,Marcin Tybura,6,17,development,True,
9541cf21e031354c,2023-07-22,329e403448756217,Nathaniel Wood,8fd808923cffff82,Andre Fili,8,19,development,True,
a0bc695b35f155f1,2023-07-22,b9706f80d005036c,Ketlen Vieira,91dac5e69e28d5b5,Pannie Kianzad,10,8,development,True,
c4caa8a4f32a0eed,2023-07-22,4c88a1db5a46c6a4,Jai Herbert,1e4f273069fb9e85,Fares Ziam,6,5,development,True,
5116f9398bfca446,2023-07-29,9d83f6da776ff7d6,Roman Kopylov,972c456ff38b2015,Claudio Ribeiro,4,2,development,True,
800a35b3a7e52308,2023-07-29,99df7d0a2a08a8a8,Jan Blachowicz,e5549c82bfb5582d,Alex Pereira,19,5,development,True,
c27e33ee8ef53866,2023-07-29,029eaff01e6bb8f0,Dustin Poirier,9e8f6c728eb01124,Justin Gaethje,28,11,development,True,
cbf1e76186a0c8b3,2023-07-29,c58f51dedb310998,Michael Chiesa,3a46b268013afede,Kevin Holland,17,18,development,True,
eff6ec2b2f1fb27b,2023-07-29,d3df1add9d9a7efb,Derrick Lewis,ab943cd2c3c17825,Marcos Rogerio de Lima,26,16,development,True,
f1eca70738ca073e,2023-07-29,22a92d7f62195791,Tony Ferguson,887961364be5ceb3,King Green,21,21,development,True,
2c0496a5f39ab8a4,2023-08-05,04c8b08b16a5b99e,Tanner Boser,c2a670b22d2e196f,Aleksa Camur,9,3,development,True,
2c54be25b09fce50,2023-08-05,e4277e87a789d687,Dustin Jacoby,8667caa0451d245b,Kennedy Nzechukwu,11,9,development,True,
531ce3d8011fa1f6,2023-08-05,e4a47b07044ddd72,Ignacio Bahamondes,5b86d491d63890c5,Ludovit Klein,4,6,development,True,
554163b1c8c05522,2023-08-05,65f09bacd3957381,Cory Sandhagen,05339613bf8e9808,Rob Font,12,15,development,True,
bda7992779a005fa,2023-08-05,d66a46de8d705353,Jeremiah Wells,a53d30163304aa6e,Carlston Harris,4,4,development,True,
e5cb9dfc1189d77d,2023-08-05,60425d07ef4b91a7,Kyler Phillips,b9f28e7045fdfce7,Raoni Barcelos,5,9,development,True,
ec2358459ffbe7de,2023-08-05,6a1901c62ab3870f,Jessica Andrade,b08012bbe542592a,Tatiana Suarez,24,6,development,True,
1b1fd32485861655,2023-08-12,d247691a6c0e9034,Cub Swanson,2c9d00968f818270,Hakeem Dawodu,22,9,development,True,
560a971c6ab8b854,2023-08-12,009c4420727149ea,AJ Dobson,6aae253467e8f9ce,Tafon Nchukwi,2,5,development,True,
9576d9cba5cf5c4e,2023-08-12,809bd1a871491508,Terrance McKinney,d80ee110748171ac,Mike Breeden,6,2,development,True,
9a9479663bedf8b4,2023-08-12,ca43de99b07b6b40,Josh Fremd,830f60497fab345a,Jamie Pickett,3,7,development,True,
c2f730cb33df5221,2023-08-12,9673a497a9da119a,Polyana Viana,abcf2cc6efc42031,Iasmin Lucindo,8,2,development,True,
c57a4810c932b296,2023-08-12,749f572d1d3161fb,Khalil Rountree Jr.,d0aaedcf7ccd0b45,Chris Daukaus,13,7,development,True,
d5929b7fbc801ce4,2023-08-12,b5da8f7d05e85a55,Josh Parisian,8eb046f83e82bf26,Martin Buday,5,3,development,True,
e346f2b7af63e804,2023-08-12,6d4b63c767106d3a,Vicente Luque,6a2f7c151031653d,Rafael Dos Anjos,19,33,development,True,
1a95cc401f68f4c8,2023-08-19,3a8176e15b9887c1,Chris Weidman,0c6d9ea8306c029e,Brad Tavares,17,22,development,True,
621e6f0929a3dbfc,2023-08-19,7c7332319c14094c,Marlon Vera,6bd02119599741a4,Pedro Munhoz,21,19,development,True,
62d53ad8f8769666,2023-08-19,a7151778b3381036,Kurt Holobaugh,d2cd7a69cc55e7ed,Austin Hubbard,4,7,development,True,
78d2c01dc963f204,2023-08-19,84b3e7d38f2d2ec5,Neil Magny,442c9011034ae1fd,Ian Machado Garry,30,5,development,True,
845e38dfbfea6e53,2023-08-19,1ebe20ebbfa15e29,Zhang Weili,3df5493bb279226f,Amanda Lemos,9,9,development,True,
e9754f597ec50f6f,2023-08-19,7b433309b0fd12aa,Brad Katona,700a674c042b7a96,Cody Gibson,4,4,development,True,
ee796ecb4ee8680b,2023-08-19,cb696ebfb6598724,Aljamain Sterling,b50a426a33da0012,Sean O'Malley,18,10,development,True,
f995ed679ef8bdf4,2023-08-19,d1c65d2cf2925ddd,Gregory Rodrigues,0112352cb32f5026,Denis Tiuliulin,6,3,development,True,
fd4d30036a3f3efb,2023-08-19,da22387a0407a2dc,Da'Mon Blackshear,bc711b6dd95c1af6,Mario Bautista,4,8,development,True,
23865dfc8361ac62,2023-08-26,ec0dcceace7d25a3,Liang Na,6fd953151d981979,JJ Aldrich,2,12,development,True,
293c5f4c9aca5c54,2023-08-26,c68c68efaa5ca6ef,Chidi Njokuani,0d65c432720accb9,Michal Oleksiejczuk,4,11,development,True,
5531317352862978,2023-08-26,669970f7feba8ecd,Erin Blanchfield,f7467152fd9f18a2,Taila Santos,5,6,development,True,
96704d7ba3a452d9,2023-08-26,150ff4cc642270b9,Max Holloway,c451d67c09c55418,Chan Sung Jung,27,11,development,True,
bfc9989751bd0d04,2023-08-26,fc08099550072fe4,Waldo Cortes-Acosta,0c25d0a5e8cdbf19,Lukasz Brzeski,3,2,development,True,
c53b0f678fe2f16a,2023-08-26,d4c9dcd330403612,Anthony Smith,a67f5afa8d6a1b80,Ryan Spann,19,10,development,True,
dd617f6ab4916ec4,2023-08-26,9560ff14eb3129f7,Giga Chikadze,7aa3d6964eff4877,Alex Caceres,8,28,development,True,
1be27d95bba03f17,2023-09-02,1497e735d9f2560a,Ange Loosa,f748267c4ab6c127,Rhys McKee,2,2,development,True,
4eaf54ad3c82b6fa,2023-09-02,34ff304266360297,Manon Fiorot,47b63240018d5d86,Rose Namajunas,5,13,development,True,
dfa8fd0b82b37fa1,2023-09-02,c2299ec916bc7c56,Benoit Saint Denis,d945aae53e3e54e6,Thiago Moises,4,10,development,True,
ea006bae605e2a6b,2023-09-02,787bb1f087ccff8a,Ciryl Gane,e2f6b2769aaedd6c,Serghei Spivac,10,10,development,True,
0aae15358d8606b9,2023-09-09,af9f42e6894047fc,Jamie Mullarkey,c21a036b4e012f1c,John Makdessi,8,19,development,True,
3e1c27f17433f9e4,2023-09-09,49e96ff8ab781589,Tyson Pedro,82529ce93cd9a2cf,Anton Turkalj,9,2,development,True,
7f16e7725245bb2d,2023-09-09,1338e2c7480bdf9e,Israel Adesanya,0d8011111be000b2,Sean Strickland,15,19,development,True,
a3d75cc363a6544b,2023-09-09,9014c02eff8b3d62,Carlos Ulberg,74f9448b97bf8bec,Da Woon Jung,5,7,development,True,
e4ed294e16e16d81,2023-09-09,c62fbc117d57b943,Tai Tuivasa,279566840aa55bf2,Alexander Volkov,13,14,development,True,
2e1435c160bfe8b2,2023-09-16,4148802ae4a50768,Daniel Zellhuber,de45aaae23dfa392,Christos Giagos,2,12,development,True,
697efaf0d162e877,2023-09-16,3a46b268013afede,Kevin Holland,6b453bc35a823c3f,Jack Della Maddalena,19,5,development,True,
79f03eca3fe5cdb3,2023-09-16,8e5d953bdb9ae5e7,Loopy Godinez,ac7c765882f2c68c,Elise Reed,8,6,development,True,
7a0813ec0fadc84e,2023-09-16,9d83f6da776ff7d6,Roman Kopylov,ca43de99b07b6b40,Josh Fremd,5,4,development,True,
bcec26b425194e40,2023-09-16,68d4a891e5cf2029,Tracy Cortez,a9e260472d321361,Jasmine Jasudavicius,4,4,development,True,
1496969c1497dc85,2023-09-23,d4270315cbcf2569,Jacob Malkoun,f14f644d41ade29f,Cody Brundage,5,6,development,True,
23a604f460289271,2023-09-23,c814b4c899793af6,Rafael Fiziev,72db2a14ffa73ece,Mateusz Gamrot,8,7,development,True,
49ede01b061cfae3,2023-09-23,da7f113b5ea39c43,Mohammed Usman,92fa1401b7927da3,Jake Collier,2,13,development,True,
6e1bf1b163b3aeab,2023-09-23,1ae8f3c723aacff4,Ricardo Ramos,f1d64ae34e088832,Charles Jourdain,10,11,development,True,
adb411b0f418ce33,2023-09-23,43a59ce3bb40449e,Mizuki,26e3f3928b1891d9,Hannah Goldy,2,4,development,True,
b3c7a5a97978d156,2023-09-23,4b47e71384a9522f,Tim Means,33efaf2d0941cfcf,Andre Fialho,27,6,development,True,
bf647be41de365e4,2023-09-23,f626118b6da0e020,Bryan Battle,725b1abc9a39d873,AJ Fletcher,5,3,development,True,
d8335b728604b222,2023-09-23,cd2c4d30c6e13b47,Marina Rodriguez,eb04b9d31e938edb,Michelle Waterson-Gomez,11,13,development,True,
da1b37edb8ccd3e6,2023-09-23,d9c6f19f958643e9,Bryce Mitchell,82a5152216251682,Dan Ige,7,14,development,True,
1aa4c2fa5ffaff00,2023-10-07,99bd51917728c25d,Grant Dawson,887961364be5ceb3,King Green,9,22,development,True,
e966de63c8e6b1d5,2023-10-07,c1085e1701b13eca,Joe Pyfer,eae431e70064e046,Abdul Razak Alhassan,2,11,development,True,
eb76a5b76a68e4c4,2023-10-07,cdb96af67d096b1e,Alex Morono,b9437600497350f3,Joaquin Buckley,18,10,development,True,
0d6d212fcdf47f2e,2023-10-14,f2477cf43c4975cc,Jonathan Martinez,0232cabbc30a2372,Adrian Yanez,12,6,development,True,
751cf3d52fce1d1f,2023-10-14,8e1f36476ef02a6a,Jennifer Maia,36541f1e6c5d4955,Viviane Araujo,11,9,development,True,
824859c7580eb35b,2023-10-14,94426bb170c88115,Sodiq Yusuff,64a50dad704d1d49,Edson Barboza,7,28,development,True,
0ea435ddf02deb60,2023-10-21,275aca31f61ba28c,Islam Makhachev,e1248941344b3288,Alexander Volkanovski,14,14,development,True,
43de9ff6064361e1,2023-10-21,46d0a888d87d91ac,Abu Azaitar,4e6738062d469256,Sedriques Dumas,2,2,development,True,
e9256316716499b8,2023-10-21,c96d9178c9ed9e62,Tim Elliott,75353550928a7921,Muhammad Mokaev,18,4,development,True,
f23e9729b2b73c27,2023-10-21,f1b2aa7853d1ed6e,Kamaru Usman,767755fd74662dbf,Khamzat Chimaev,17,6,development,True,
119bc264e2bb9877,2023-11-04,d31a5546c0e9b213,Rodrigo Nascimento,1a9480fc288e55d7,Don'Tale Mayes,5,7,development,True,
3a81276a9641c6a1,2023-11-04,01641ba5df0c69b0,Gabriel Bonfim,9d19d9e4aa2662e8,Nicolas Dalby,2,11,development,True,
7d474fbf31894108,2023-11-04,4126a78111c0855a,Caio Borralho,36b8f265bcd1b7a4,Abus Magomedov,4,2,development,True,
ac37849f627a79c4,2023-11-04,41e83a89929d1327,Jailton Almeida,d3df1add9d9a7efb,Derrick Lewis,5,27,development,True,
128ab9aa4802c73f,2023-11-11,f166e93d04a8c274,Diego Lopes,b8bbdeff718dbb7d,Pat Sabatini,2,6,development,True,
480c4dbd2e792d86,2023-11-11,849c5d9979df5357,Mateusz Rebecki,37c5366d18ed6c05,Roosevelt Roberts,2,8,development,True,
4c025d1fff9e9fce,2023-11-11,7026eca45f65377b,Jared Gordon,da0995f19b749cfa,Mark Madsen,13,5,development,True,
57333b7bff20ece0,2023-11-11,5fa2974cbd18e05c,John Castaneda,a7897d200692ab64,Kyung Ho Kang,5,12,development,True,
6fd67582d8adb1c7,2023-11-11,6a1901c62ab3870f,Jessica Andrade,7447e9f28508106a,Mackenzie Dern,25,11,development,True,
9fe98de1eac21f2e,2023-11-11,dccb63727f2f5f74,Matt Frevola,c2299ec916bc7c56,Benoit Saint Denis,9,5,development,True,
a0362d60d2e1db0d,2023-11-11,d25240135aee03e5,Tabatha Ricci,8e5d953bdb9ae5e7,Loopy Godinez,5,9,development,True,
b1f2ec122beda7a5,2023-11-11,009341ed974bad72,Jiri Prochazka,e5549c82bfb5582d,Alex Pereira,3,6,development,True,
db49619221b282af,2023-11-11,f14cf73e51b29254,Sergei Pavlovich,399afbabc02376b5,Tom Aspinall,7,7,development,True,
16109688429c09de,2023-11-18,a93f94c923c3a9cb,Christian Leroy Duncan,0112352cb32f5026,Denis Tiuliulin,2,4,development,True,
5be63144ac46f97e,2023-11-18,971246648e162f0d,Chase Hooper,ac026518a9b4dc0f,Jordan Leavitt,7,6,development,True,
62b64802ea49e2fd,2023-11-18,87c0b1c696ddfb43,Jonathan Pearce,791c8437b341fba5,Joanderson Brito,6,4,development,True,
6997693d552600dd,2023-11-18,3cf66c62d9069f43,Lucie Pudilova,06e4245d16fc5315,Ailin Perez,9,2,development,True,
73ebbfb998edc1f1,2023-11-18,c32aeb1a59e6272d,Michael Morales,a845f0735bc67405,Jake Matthews,3,18,development,True,
7990b6716a53b2cd,2023-11-18,2f181c0467965b98,Brendan Allen,eabf206b162b3b83,Paul Craig,12,16,development,True,
bd4d2522cb0d1a23,2023-11-18,a3a542074109b347,Luana Pinheiro,beecb672a279223e,Amanda Ribas,3,9,development,True,
02713b2d25f74d43,2023-12-02,64facb6cc564262d,Punahele Soriano,71505842fb6455c3,Dustin Stoltzfus,6,5,development,True,
03eecf1926d9c77c,2023-12-02,4d8fa64202cee4c1,Jalin Turner,887961364be5ceb3,King Green,10,23,development,True,
20bfa549cb2cabe7,2023-12-02,c47df9303d318c67,Clay Guida,ae7fe94f117f98cf,Joaquim Silva,35,9,development,True,
246d06693b5ca1e8,2023-12-02,05339613bf8e9808,Rob Font,aa72b0f831d0bfe5,Deiveson Figueiredo,16,14,development,True,
39c4ae4624052f9f,2023-12-02,45f7cb591c3ab00b,Sean Brady,8c0580d4fff106c1,Kelvin Gastelum,6,21,development,True,
9feb9500b0fedfcd,2023-12-02,08af939f41b5a57b,Beneil Dariush,eae48ff31db420c2,Arman Tsarukyan,22,9,development,True,
1afc4f372a125c74,2023-12-09,285ae0b4a68221f4,JunYong Park,886264a0c9f4ea5e,Andre Muniz,9,7,development,True,
5ac1725f775c6f00,2023-12-09,97cf1a2c7c5e7889,Steve Garcia,20bccc9bb4ceb23e,Melquizael Costa,5,2,development,True,
84f6de7c99779e5f,2023-12-09,4461d7e47375a895,Tatsuro Taira,798e48f9e7f6ba22,Carlos Hernandez,4,3,development,True,
91093a019d32af2e,2023-12-09,d4c9dcd330403612,Anthony Smith,749f572d1d3161fb,Khalil Rountree Jr.,20,14,development,True,
acc57a9c114b694a,2023-12-09,b7b84ccd221be298,Nasrat Haqparast,af9f42e6894047fc,Jamie Mullarkey,11,9,development,True,
f9ec8bedc15ece93,2023-12-09,efb96bf3e9ada36f,Song Yadong,45f0cc9d18f35137,Chris Gutierrez,12,11,development,True,
fbedeb4e4b019b94,2023-12-09,c96d9178c9ed9e62,Tim Elliott,3cf18e01cb6cbde3,Sumudaerji,19,5,development,True,
477c3b9de012e4b3,2024-01-13,a09ed60aa67a3f67,Farid Basharat,8b1ed83b02303075,Taylor Lapilus,2,5,development,True,
5f622d812b8f407f,2024-01-13,4aa58269d0664b5b,Matthew Semelsberger,9fe7af8b3fbe00a0,Preston Parsons,9,3,development,True,
640f2ae3995b3b4f,2024-01-13,d1941565abf50b16,Jim Miller,436f970c9ea9169c,Gabriel Benitez,42,13,development,True,
6f13fe34cb3ca906,2024-01-13,3738e68d2261e60f,Andrei Arlovski,fc08099550072fe4,Waldo Cortes-Acosta,40,4,development,True,
a8239866e1222eae,2024-01-13,5987b2458f4b5290,Ricky Simon,bc711b6dd95c1af6,Mario Bautista,11,9,development,True,
d0d99889c6abd8e1,2024-01-13,547afe1017e72dbe,Phil Hawes,1e719d4b676dc19a,Brunno Ferreira,7,2,development,True,
f2b407019b2a5c15,2024-01-13,d802174b0c0c1f4e,Magomed Ankalaev,c21f26bbde777573,Johnny Walker,12,12,development,True,
14e53999507c76a7,2024-01-20,0d8011111be000b2,Sean Strickland,0d7b51c9d2649a6e,Dricus Du Plessis,20,6,development,True,
1a7cd191f0cf160c,2024-01-20,040a74bb0a465c54,Arnold Allen,76e2870ffafbe38f,Movsar Evloev,11,7,development,True,
331ddc1141e934d1,2024-01-20,f1d64ae34e088832,Charles Jourdain,4682bc59d5f55145,Sean Woodson,12,6,development,True,
670e4754d8d3d172,2024-01-20,7b433309b0fd12aa,Brad Katona,1effd880e1f1bb30,Garrett Armfield,5,2,development,True,
7736eb6bd5c1ff4a,2024-01-20,a9e260472d321361,Jasmine Jasudavicius,b1e5bcaad32a3cac,Priscila Cachoeira,5,9,development,True,
97817609ed46baa0,2024-01-20,84b3e7d38f2d2ec5,Neil Magny,dd6103dd7127db1d,Mike Malott,31,3,development,True,
ba5005d1116fa45f,2024-01-20,5442f1bc4b47eaf3,Chris Curtis,8e9eb3fc86db0f7d,Marc-Andre Barriault,7,11,development,True,
dff2685afd98ed9e,2024-01-20,38c7f72747f4f712,Gillian Robertson,9673a497a9da119a,Polyana Viana,15,9,development,True,
faf15b752fb8924c,2024-01-20,fc169c387b4b465d,Raquel Pennington,cc8c623cca88f54f,Mayra Bueno Silva,17,9,development,True,
733e675fd7c0052a,2024-02-03,b6452706b373eea1,Renato Moicano,519e4fe37ce9ff75,Drew Dober,14,22,development,True,
767ceb4a0cb43ade,2024-02-03,327d5f279895110d,Roman Dolidze,881bf86d4cba8578,Nassourdine Imavov,8,7,development,True,
7b1882dc76786d77,2024-02-03,36541f1e6c5d4955,Viviane Araujo,262d32ebda89efc4,Natalia Silva,10,4,development,True,
af6d56860ba4d259,2024-02-03,c6aee362c7a7d482,Randy Brown,447f9858ae78f921,Muslim Salikhov,16,9,development,True,
25259e230be9cdc9,2024-02-10,82a5152216251682,Dan Ige,8fd808923cffff82,Andre Fili,15,21,development,True,
406f2aacd1d1faf9,2024-02-10,0a1942069c9ad6b6,Jack Hermansson,c1085e1701b13eca,Joe Pyfer,16,3,development,True,
9d8473ae274ed625,2024-02-10,260e9e0d4954aea6,Rodolfo Vieira,369ea36e450ae62a,Armen Petrosyan,6,4,development,True,
e7938bac3ec8b442,2024-02-10,0c6d9ea8306c029e,Brad Tavares,d1c65d2cf2925ddd,Gregory Rodrigues,23,7,development,True,
01432891260084a4,2024-02-17,e1147d3d2dabe1ce,Robert Whittaker,2e5c2aa8e4ab9d82,Paulo Costa,20,8,development,True,
1456a3f96ac7e35b,2024-02-17,ab943cd2c3c17825,Marcos Rogerio de Lima,c15fa95b9a12fde4,Junior Tafa,17,2,development,True,
2aeb3ec2d8c05dc8,2024-02-17,3df5493bb279226f,Amanda Lemos,7447e9f28508106a,Mackenzie Dern,10,12,development,True,
8fb0092430448368,2024-02-17,b997be68943010fc,Geoff Neal,442c9011034ae1fd,Ian Machado Garry,10,6,development,True,
9785420602b452f7,2024-02-17,c03520b5c88ed6b4,Merab Dvalishvili,056c493bbd76a918,Henry Cejudo,11,13,development,True,
bec3154a11df3299,2024-02-17,e1248941344b3288,Alexander Volkanovski,54f64b5e283b0ce7,Ilia Topuria,15,6,development,True,
f87a3fa07f0009c9,2024-02-17,093e1f5bb73850be,Anthony Hernandez,9d83f6da776ff7d6,Roman Kopylov,7,6,development,True,
063e7ce759c52f81,2024-02-24,7debc13b36343605,Cristian Quinonez,b9f28e7045fdfce7,Raoni Barcelos,2,10,development,True,
1c03c1bb62f3aed6,2024-02-24,5ef94841c4bc3f86,Edgar Chairez,31bb0772f21cabd8,Daniel Lacerda,2,5,development,True,
3b05a4ced6dd74f5,2024-02-24,cbf5e6f231b55443,Yair Rodriguez,def8166ff24bd237,Brian Ortega,14,11,development,True,
673a156925dfb31d,2024-02-24,2e7878927067fdca,Manuel Torres,fd406a32a6fb3a29,Chris Duncan,2,2,development,True,
6e4acb2aaa2cee56,2024-02-24,40cb680ae1cd331f,Yazmin Jauregui,e94085e821bd81de,Sam Hughes,3,7,development,True,
74f5cbecac011abb,2024-02-24,792be9a24df82ed6,Brandon Moreno,6e15f63b6c2e2c15,Brandon Royval,15,8,development,True,
a376f6d5806d0c90,2024-02-24,d747eb273a40a920,Claudio Puelles,1e4f273069fb9e85,Fares Ziam,7,6,development,True,
d1d3b6ab8a56e973,2024-02-24,c051c2e12d692b8a,Jesus Aguilar,48812daf291a4e23,Mateus Mendonca,2,2,development,True,
ecbece0cbd60029e,2024-02-24,4148802ae4a50768,Daniel Zellhuber,3920d0cc288f9b0d,Francisco Prado,3,2,development,True,
024beecfd3f0ed7a,2024-03-02,67c1d46f4ed16f9e,Matt Schnell,32ab52e5de93092d,Steve Erceg,12,2,development,True,
32bd7ed48f5aea7e,2024-03-02,cad24459b28592ca,Eryk Anders,830f60497fab345a,Jamie Pickett,16,8,development,True,
3ea7d69a1238f26a,2024-03-02,a93f94c923c3a9cb,Christian Leroy Duncan,972c456ff38b2015,Claudio Ribeiro,3,3,development,True,
5a82757b553c40fc,2024-03-02,ab2b4ff41d6ebe0f,Alex Perez,75353550928a7921,Muhammad Mokaev,9,5,development,True,
a7d397cd0f2ac93a,2024-03-02,24656ef4d605c96f,Aiemann Zahabi,bbab3baf66128ae2,Javid Basharat,6,4,development,True,
df3cc5ec78d05a71,2024-03-02,71171fc96445bf65,Vitor Petrino,49e96ff8ab781589,Tyson Pedro,3,10,development,True,
0133019a4f1055ee,2024-03-09,fa6796c55d6c5440,Curtis Blaydes,41e83a89929d1327,Jailton Almeida,17,6,development,True,
33658a3ca932d15d,2024-03-09,e872e9a9a902c045,Katlyn Cerminara,6a740daf1b279661,Maycee Barber,16,10,development,True,
68f7f992603192c6,2024-03-09,23024fdfc966410a,Gilbert Burns,6b453bc35a823c3f,Jack Della Maddalena,21,6,development,True,
6e73ebbd089aff5e,2024-03-09,029eaff01e6bb8f0,Dustin Poirier,c2299ec916bc7c56,Benoit Saint Denis,29,6,development,True,
7bc7af11050e861b,2024-03-09,cd13728ae1151f46,Ion Cutelaba,53c943c873cffe90,Philipe Lins,15,5,development,True,
894c44c3d04aaf6f,2024-03-09,b50a426a33da0012,Sean O'Malley,7c7332319c14094c,Marlon Vera,11,22,development,True,
8baff440b82afd2b,2024-03-09,72db2a14ffa73ece,Mateusz Gamrot,6a2f7c151031653d,Rafael Dos Anjos,8,34,development,True,
9861b6d04e6ed43c,2024-03-09,d661ce4da776fc20,Petr Yan,efb96bf3e9ada36f,Song Yadong,12,13,development,True,
ebb758b49e82d0ed,2024-03-09,6bd02119599741a4,Pedro Munhoz,60425d07ef4b91a7,Kyler Phillips,20,6,development,True,
f0a9dfbb6f6ac852,2024-03-09,595db60957de51d3,Michel Pereira,0d65c432720accb9,Michal Oleksiejczuk,9,12,development,True,
35f9beb94b4ef9e2,2024-03-16,50db8711c70196cd,Ovince Saint Preux,8667caa0451d245b,Kennedy Nzechukwu,26,10,development,True,
8bc0c220f7dcefa7,2024-03-16,c62fbc117d57b943,Tai Tuivasa,c9cf753cfdf77fc2,Marcin Tybura,14,18,development,True,
48ff3f1bcefbf965,2024-03-23,46e0d677f91bacc0,Miles Johns,700a674c042b7a96,Cody Gibson,7,5,development,True,
72f123ddb4cc9d1c,2024-03-23,aa171d55d4b5208f,Billy Quarantillo,52c2ae6d2f2d2613,Youssef Zalal,9,7,development,True,
8c8337ce8437fe2e,2024-03-23,1ae8f3c723aacff4,Ricardo Ramos,902ec2cc48c8ae8a,Julian Erosa,11,13,development,True,
cd6452a463ec8a28,2024-03-23,d35f734c56a89103,Karl Williams,e13abac8089a801a,Justin Tafa,2,8,development,True,
d564e3a6c77d0c85,2024-03-23,4144798612ef96e5,Edmen Shahbazyan,009c4420727149ea,AJ Dobson,9,3,development,True,
de7cb625bdec0f91,2024-03-23,a7151778b3381036,Kurt Holobaugh,cfc3e7bb44685289,Trey Ogden,5,4,development,True,
faf19712bd7ea41e,2024-03-23,beecb672a279223e,Amanda Ribas,47b63240018d5d86,Rose Namajunas,10,14,development,True,
636b01ee49925e49,2024-03-30,583ee11abddfc581,Nate Landwehr,e00a3dee329a51f7,Jamall Emmers,7,6,development,True,
77992b8727382373,2024-03-30,3a8176e15b9887c1,Chris Weidman,12ebd7d157e91701,Bruno Silva,18,8,development,True,
91aa08e910fb4412,2024-03-30,9abc648e76c4493a,Bill Algeo,31f8081c7600da93,Kyle Nelson,8,8,development,True,
976abc27a4e5e26a,2024-03-30,1291edf2d566a71a,Julio Arce,4f140403000158b5,Herbert Burns,9,4,development,True,
99dc6d45cbdfa322,2024-03-30,7dda2cf308f24a02,Virna Jandiroba,8e5d953bdb9ae5e7,Loopy Godinez,8,10,development,True,
de12349f334c964e,2024-03-30,6d4b63c767106d3a,Vicente Luque,b9437600497350f3,Joaquin Buckley,20,11,development,True,
e6d4fdad2b3422d1,2024-03-30,669970f7feba8ecd,Erin Blanchfield,34ff304266360297,Manon Fiorot,6,6,development,True,
eb9f9f61507497a5,2024-03-30,c68c68efaa5ca6ef,Chidi Njokuani,f748267c4ab6c127,Rhys McKee,5,3,development,True,
0b9cd718d7e329e8,2024-04-06,523fa774700d7d3f,Court McGee,cdb96af67d096b1e,Alex Morono,21,19,development,True,
188e6416157e5a1f,2024-04-06,d3f5d33d61cd00c9,Norma Dumont,1d239d571e342453,Germaine de Randamie,8,9,development,True,
3ce96bb0c69b39be,2024-04-06,2f181c0467965b98,Brendan Allen,5442f1bc4b47eaf3,Chris Curtis,13,8,development,True,
6ff21ea2c75c48ed,2024-04-06,e4a47b07044ddd72,Ignacio Bahamondes,de45aaae23dfa392,Christos Giagos,5,13,development,True,
9c22ddb8d8fc1838,2024-04-06,262a7d06203657e6,Alexander Hernandez,29af297d9f1de0f8,Damon Jackson,12,11,development,True,
01f7c28804746979,2024-04-13,07225ba28ae309b6,Charles Oliveira,eae48ff31db420c2,Arman Tsarukyan,32,10,development,True,
0c2e3988793b418c,2024-04-13,35673bf5204524ee,Bo Nickal,f14f644d41ade29f,Cody Brundage,2,8,development,True,
538ca98010ed00ec,2024-04-13,94426bb170c88115,Sodiq Yusuff,f166e93d04a8c274,Diego Lopes,8,3,development,True,
66eddbe35056c06d,2024-04-13,1ebe20ebbfa15e29,Zhang Weili,c41d426cc7326d1b,Yan Xiaonan,10,10,development,True,
cf5e8f98159c3971,2024-04-13,9e8f6c728eb01124,Justin Gaethje,150ff4cc642270b9,Max Holloway,12,28,development,True,
d95f21817a56eb05,2024-04-13,751de04455cfaac0,Calvin Kattar,cb696ebfb6598724,Aljamain Sterling,12,19,development,True,
e4931f3ab3bf4141,2024-04-13,e5549c82bfb5582d,Alex Pereira,5444c5a201d3ee5a,Jamahal Hill,7,8,development,True,
eda1e8c285a0a788,2024-04-13,009341ed974bad72,Jiri Prochazka,333b9e5c723ac873,Aleksandar Rakic,4,8,development,True,
0976778a6e6cf8a8,2024-04-27,436f970c9ea9169c,Gabriel Benitez,8c1ca54b5089d199,Maheshate,14,3,development,True,
55231cc4112334b4,2024-04-27,94527830000ab715,Rani Yahya,eb8d8c2a95cfccb8,Victor Henry,20,4,development,True,
6ea77cb62aa2f276,2024-04-27,4b47e71384a9522f,Tim Means,681399317dbf4701,Uros Medic,28,5,development,True,
7ca5604d99220e88,2024-04-27,87c0b1c696ddfb43,Jonathan Pearce,ffe9703408fb5964,David Onama,7,5,development,True,
2db0998b24c11ea0,2024-05-04,eabf206b162b3b83,Paul Craig,4126a78111c0855a,Caio Borralho,17,5,development,True,
2faf5b8d708f8e94,2024-05-04,ae7fe94f117f98cf,Joaquim Silva,7cbf7c78d3b34218,Drakkar Klose,10,10,development,True,
3e74caa9fff4a5eb,2024-05-04,595db60957de51d3,Michel Pereira,260bd4cef10b033f,Ihor Potieria,10,5,development,True,
3f419fce8ba8aa0e,2024-05-04,a0f0004aadf10b71,Alexandre Pantoja,32ab52e5de93092d,Steve Erceg,14,3,development,True,
a8718a3419a11e15,2024-05-04,d4c9dcd330403612,Anthony Smith,71171fc96445bf65,Vitor Petrino,21,4,development,True,
b3d88eaea611a4a8,2024-05-04,d0f3959b4a9747e6,Jose Aldo,f2477cf43c4975cc,Jonathan Martinez,20,13,development,True,
c456b1950208e0b2,2024-05-04,b8a85389d115e35a,Jack Shore,791c8437b341fba5,Joanderson Brito,7,5,development,True,
c84a29f426f1aab7,2024-05-04,d7c3816669784109,Karolina Kowalkiewicz,abcf2cc6efc42031,Iasmin Lucindo,16,3,development,True,
13d8d5cd83e5b57e,2024-05-11,d25240135aee03e5,Tabatha Ricci,31ef8b67e13495b3,Tecia Pennington,6,15,development,True,
420a5e3b4010ebef,2024-05-11,971246648e162f0d,Chase Hooper,19c591115a58982c,Viacheslav Borshchev,8,5,development,True,
4b45f190122a1ce1,2024-05-11,814e5233e2acf2ee,Charles Johnson,60a42bf82447c919,Jake Hadley,7,4,development,True,
8aa07b6cc40f0cb2,2024-05-11,7aa3d6964eff4877,Alex Caceres,4682bc59d5f55145,Sean Woodson,29,7,development,True,
8d9bcbb48888a5a3,2024-05-11,809bd1a871491508,Terrance McKinney,323d4ca260dfa0ba,Esteban Ribovics,8,2,development,True,
ccf3b6eda4c2a564,2024-05-11,6fd953151d981979,JJ Aldrich,4798e823ada58fe9,Veronica Hardy,14,7,development,True,
17aa636aa98678d3,2024-05-18,64a50dad704d1d49,Edson Barboza,396fe87b84ac2e1c,Lerone Murphy,29,6,development,True,
20220ace492af368,2024-05-18,40f3cb27fc7305a1,Themba Gorimbo,3d074044a33825e7,Ramiz Brahimaj,3,4,development,True,
85ddb65429a9d517,2024-05-18,2558ae2e5671e318,Khaos Williams,a53d30163304aa6e,Carlston Harris,7,5,development,True,
052f53e006b28132,2024-06-08,13a0275fa13c4d26,Jared Cannonier,881bf86d4cba8578,Nassourdine Imavov,16,8,development,True,
2d12ae4683bbf433,2024-06-08,2e19380f34871c6a,Dominick Reyes,e4277e87a789d687,Dustin Jacoby,10,13,development,True,
393f9bc7b51791a6,2024-06-08,82d4c957649faf9b,Miguel Baeza,64facb6cc564262d,Punahele Soriano,6,7,development,True,
b34abcfe4c2e8a57,2024-06-08,fe2babf95de24fb1,Raul Rosas Jr.,cd3d7e37ff2d679c,Ricky Turcios,3,3,development,True,
dcc0c53100fa1dd2,2024-06-08,1e719d4b676dc19a,Brunno Ferreira,71505842fb6455c3,Dustin Stoltzfus,3,6,development,True,
3b1438e9ec64990e,2024-06-15,8d3273573b85be09,Asu Almabayev,84f727cf0166d6f2,Jose Johnson,2,2,development,True,
6bdb93f9b4581bf6,2024-06-15,3a314d9fa7c6825d,Douglas Silva de Andrade,46e0d677f91bacc0,Miles Johns,12,8,development,True,
6f31285305881fe3,2024-06-15,09e62c450e754913,Jimmy Flick,6e9f40c706f91f32,Nate Maness,4,6,development,True,
7f14be4e45bca6bd,2024-06-15,ab2b4ff41d6ebe0f,Alex Perez,4461d7e47375a895,Tatsuro Taira,11,5,development,True,
94f5b35b2b6c72b1,2024-06-15,20bccc9bb4ceb23e,Melquizael Costa,0a73acff6325c1e2,Shayilan Nuerdanbieke,3,5,development,True,
ab7bc93bdf4132c4,2024-06-15,876f478f796495f7,Josh Quinlan,a01a62132460a98d,Adam Fugitt,3,3,development,True,
e47523ac32bfa24c,2024-06-15,57186c150c645200,Jeka Saragih,7b3503352cd53abb,Westin Wilson,2,2,development,True,
fea3a0643218e16b,2024-06-15,7af33fc4435017f1,Brady Hiestand,1effd880e1f1bb30,Garrett Armfield,3,3,development,True,
774fb0c0c1c2bc6a,2024-06-22,b7b84ccd221be298,Nasrat Haqparast,7026eca45f65377b,Jared Gordon,12,14,development,True,
8db5cf5df713a7e9,2024-06-22,a7897d200692ab64,Kyung Ho Kang,a54660deb6a8489c,Muin Gafurov,13,2,development,True,
8ddd53a7ed3754d5,2024-06-22,8c0580d4fff106c1,Kelvin Gastelum,8a1f3b5c526cd6e6,Daniel Rodriguez,22,10,development,True,
9d5f562e0572058c,2024-06-22,c21f26bbde777573,Johnny Walker,0845c81e37d3bcb3,Volkan Oezdemir,13,13,development,True,
cd3bb8a2824fbf22,2024-06-22,f14cf73e51b29254,Sergei Pavlovich,279566840aa55bf2,Alexander Volkov,8,15,development,True,
de1acb6803ab3f14,2024-06-22,8f765fd5775a8873,Rinat Fakhretdinov,9d19d9e4aa2662e8,Nicolas Dalby,4,12,development,True,
eba46dbf9cdd83c0,2024-06-22,e1147d3d2dabe1ce,Robert Whittaker,b07aed698fba8624,Ikram Aliskerov,21,2,development,True,
08489fdfb56ee19c,2024-06-29,d247691a6c0e9034,Cub Swanson,8fd808923cffff82,Andre Fili,23,22,development,True,
a571c622ab89b3d9,2024-06-29,cc8c623cca88f54f,Mayra Bueno Silva,9cdd2da1a9104a0b,Macy Chiasson,10,10,development,True,
bca5d01f8775f852,2024-06-29,e5549c82bfb5582d,Alex Pereira,009341ed974bad72,Jiri Prochazka,8,5,development,True,
bf878c083a6b30ad,2024-06-29,d4c9dcd330403612,Anthony Smith,327d5f279895110d,Roman Dolidze,22,9,development,True,
daa6b47be304ec86,2024-06-29,c1085e1701b13eca,Joe Pyfer,8e9eb3fc86db0f7d,Marc-Andre Barriault,4,12,development,True,
fc8ad0c7fc70dde7,2024-06-29,82a5152216251682,Dan Ige,f166e93d04a8c274,Diego Lopes,16,4,development,True,
1394ce1832ddefe0,2024-07-13,47b63240018d5d86,Rose Namajunas,68d4a891e5cf2029,Tracy Cortez,15,5,development,True,
54de03e04f571735,2024-07-13,519e4fe37ce9ff75,Drew Dober,52ef95b5860fb28c,Jean Silva,23,2,development,True,
5eebde8fb4d67259,2024-07-13,cc1a8b4b38b92c6d,Montel Jackson,da22387a0407a2dc,Da'Mon Blackshear,9,5,development,True,
80108a70c4afa6c2,2024-07-13,17e97649403ba428,Joshua Van,814e5233e2acf2ee,Charles Johnson,3,8,development,True,
a63bb85cc39389c7,2024-07-13,902ec2cc48c8ae8a,Julian Erosa,5ec591b78349ba7e,Christian Rodriguez,14,5,development,True,
dad759ec50508147,2024-07-13,01641ba5df0c69b0,Gabriel Bonfim,1497e735d9f2560a,Ange Loosa,3,4,development,True,
dff8e4ef87d69516,2024-07-13,6d1bffff14897645,Santiago Ponzinibbio,447f9858ae78f921,Muslim Salikhov,17,10,development,True,
e06bfd0100eccbad,2024-07-13,5078e1dacf9d25f4,Luana Santos,a08ddd04eaffd81d,Mariya Agapova,2,5,development,True,
120ec60ad18cf6c5,2024-07-20,97cf1a2c7c5e7889,Steve Garcia,a68575214ecad140,SeungWoo Choi,6,9,development,True,
4a00db8aeff200a2,2024-07-20,3df5493bb279226f,Amanda Lemos,7dda2cf308f24a02,Virna Jandiroba,11,9,development,True,
94541dd979e0b4bd,2024-07-20,7f6ed67d3ed3c036,Cody Durden,294aa73dbf37d281,Bruno Silva,9,6,development,True,
ec8bc554a0646638,2024-07-20,e93b04e308913c2e,Dooho Choi,9abc648e76c4493a,Bill Algeo,7,9,development,True,
3e2bde19e752f64b,2024-07-27,887961364be5ceb3,King Green,7826923b47f8d72a,Paddy Pimblett,25,5,development,True,
45e6a9b56ee3a9d1,2024-07-27,329e403448756217,Nathaniel Wood,361d49960a196976,Daniel Pineda,10,12,development,True,
678eda89a096dde8,2024-07-27,51018a31ddf31eb2,Molly McCann,7138a15258dabf20,Bruna Brasil,12,3,calibration,True,
8a2e28da18ba6a25,2024-07-27,040a74bb0a465c54,Arnold Allen,9560ff14eb3129f7,Giga Chikadze,12,9,calibration,True,
9d8c32c60df0e287,2024-07-27,60a42bf82447c919,Jake Hadley,42ac4020cba261ad,Caolan Loughran,5,2,calibration,True,
d6e240c47ba6034d,2024-07-27,75353550928a7921,Muhammad Mokaev,5d1b7e3dd9e11074,Manel Kape,6,6,calibration,True,
ec434314c5438fc7,2024-07-27,399afbabc02376b5,Tom Aspinall,fa6796c55d6c5440,Curtis Blaydes,8,18,calibration,True,
ec5163539a133f17,2024-07-27,f1fac969a1d70b08,Leon Edwards,b1b0729d27936f2f,Belal Muhammad,17,18,calibration,True,
f02fed4e98048471,2024-07-27,a93f94c923c3a9cb,Christian Leroy Duncan,d1c65d2cf2925ddd,Gregory Rodrigues,4,8,calibration,True,
2d39c26876246223,2024-08-03,22a92d7f62195791,Tony Ferguson,c58f51dedb310998,Michael Chiesa,23,18,calibration,True,
33655fd07cfbe034,2024-08-03,65f09bacd3957381,Cory Sandhagen,2b6fc1c02736833d,Umar Nurmagomedov,13,5,calibration,True,
637f792270a0c746,2024-08-03,6747ccd6d1acd266,Shamil Gaziev,1a9480fc288e55d7,Don'Tale Mayes,2,9,calibration,True,
b38450d9aa0f52b8,2024-08-03,06734ca9d88dec3a,Shara Magomedov,0d65c432720accb9,Michal Oleksiejczuk,2,14,calibration,True,
bb85e207eba236bc,2024-08-03,7c7332319c14094c,Marlon Vera,aa72b0f831d0bfe5,Deiveson Figueiredo,23,16,calibration,True,
d038ff5ac21094f3,2024-08-03,4c88a1db5a46c6a4,Jai Herbert,40a456a25d52ee65,Rolando Bedoya,7,2,calibration,True,
d0d74672150ddea3,2024-08-03,7447e9f28508106a,Mackenzie Dern,8e5d953bdb9ae5e7,Loopy Godinez,13,11,calibration,True,
de767dd5216bcad9,2024-08-03,58bbef3770bb2dfc,Joel Alvarez,48a9a128784d53d1,Elves Brener,7,4,calibration,True,
e6851877e33d343f,2024-08-03,4e6738062d469256,Sedriques Dumas,0112352cb32f5026,Denis Tiuliulin,4,5,calibration,True,
f80143e1f3c3d319,2024-08-03,6c9b66b43663f2f7,Viktoriia Dudakova,e94085e821bd81de,Sam Hughes,2,8,calibration,True,
fbbb703581440496,2024-08-03,e90a2f22417af68e,Azamat Murzakanov,a495f599e787614f,Alonzo Menifield,3,13,calibration,True,
84973bbdffaf0d0e,2024-08-10,c9cf753cfdf77fc2,Marcin Tybura,e2f6b2769aaedd6c,Serghei Spivac,19,11,calibration,True,
e72a2130e7387637,2024-08-10,29af297d9f1de0f8,Damon Jackson,e0c6edcb5b5d0b90,Chepe Mariscal,12,3,calibration,True,
059f5cf0e9e37627,2024-08-17,72db2a14ffa73ece,Mateusz Gamrot,193b9d1858bc4df3,Dan Hooker,9,21,calibration,True,
3c319d4659e6c8fd,2024-08-17,e64b96c07d7ce999,Li Jingliang,7ee0fd831c0fe7c3,Carlos Prates,17,2,calibration,True,
43ebfc8914a39061,2024-08-17,6751eacd16bd59bc,Josh Culibao,1ae8f3c723aacff4,Ricardo Ramos,7,12,calibration,True,
6c44af21414e4143,2024-08-17,0d7b51c9d2649a6e,Dricus Du Plessis,1338e2c7480bdf9e,Israel Adesanya,7,16,calibration,True,
b9d5c77ae7a8109b,2024-08-17,04835018f90b118c,Casey O'Neill,5078e1dacf9d25f4,Luana Santos,6,3,calibration,True,
bf8c5effd23f69c4,2024-08-17,853eb0dd5c0e2149,Kai Kara-France,32ab52e5de93092d,Steve Erceg,11,4,calibration,True,
bfff6cf22c1c569c,2024-08-17,a9da3158dd2c2b5a,Jack Jenkins,4f140403000158b5,Herbert Burns,3,5,calibration,True,
dd3d8f7066c145b7,2024-08-17,c62fbc117d57b943,Tai Tuivasa,2cd428e9606856fd,Jairzinho Rozenstruik,15,13,calibration,True,
15805ae1eea3343e,2024-08-24,13a0275fa13c4d26,Jared Cannonier,4126a78111c0855a,Caio Borralho,17,6,calibration,True,
2cbd53e43d3f606b,2024-08-24,4144798612ef96e5,Edmen Shahbazyan,6ac9bc2953c47345,Gerald Meerschaert,10,20,calibration,True,
560f1e26c2a6690a,2024-08-24,c4d039123e62f6a9,Dennis Buzukja,5d495dec23d7c68e,Francis Marshall,3,3,calibration,True,
70afe9e0d2422252,2024-08-24,f0feeb2192937424,Angela Hill,d25240135aee03e5,Tabatha Ricci,25,7,calibration,True,
ae50a1a655b1a8f6,2024-08-24,84b3e7d38f2d2ec5,Neil Magny,c32aeb1a59e6272d,Michael Morales,32,4,calibration,True,
69bde5bae0d6ec4f,2024-09-07,5cdf5339728f580d,Felipe dos Santos,b1f21ce050035d58,Andre Lima,2,2,calibration,True,
75fa9c0bb31caaa3,2024-09-07,0bc697c5936a2d0a,Trevor Peek,c739c2995a275314,Yanal Ashmouz,4,2,calibration,True,
f1613b372748c8bb,2024-09-07,bc7d1ad49fcb2d08,Jaqueline Amorim,2c483cf443f38ece,Vanessa Demopoulos,3,7,calibration,True,
fe59646ebad8b6e4,2024-09-07,67c1d46f4ed16f9e,Matt Schnell,7f6ed67d3ed3c036,Cody Durden,13,10,calibration,True,
2335e75ce63805b6,2024-09-14,def8166ff24bd237,Brian Ortega,f166e93d04a8c274,Diego Lopes,12,5,calibration,True,
2397e2a92710705a,2024-09-14,578ef12674df1e6a,Irene Aldana,d3f5d33d61cd00c9,Norma Dumont,13,9,calibration,True,
27d98a8ee6608e27,2024-09-14,4148802ae4a50768,Daniel Zellhuber,323d4ca260dfa0ba,Esteban Ribovics,4,3,calibration,True,
3146e5a47a922976,2024-09-14,b50a426a33da0012,Sean O'Malley,c03520b5c88ed6b4,Merab Dvalishvili,12,12,calibration,True,
3733d100f7bd5590,2024-09-14,2e7878927067fdca,Manuel Torres,e4a47b07044ddd72,Ignacio Bahamondes,3,6,calibration,True,
6f83cfae0c800ef8,2024-09-14,e8b731feff72294b,Alexa Grasso,132deb59abae64b1,Valentina Shevchenko,12,16,calibration,True,
c60a317c7767abb7,2024-09-14,40cb680ae1cd331f,Yazmin Jauregui,8bd4200561c77a62,Ketlen Souza,4,2,calibration,True,
dae8ad2e03aa4a9a,2024-09-14,5ef94841c4bc3f86,Edgar Chairez,17e97649403ba428,Joshua Van,3,4,calibration,True,
19706d8ba0edf9cd,2024-09-28,e1d40e8782d80bc2,William Gomis,791c8437b341fba5,Joanderson Brito,3,6,calibration,True,
45f00a42a17f8e2a,2024-09-28,dda15dbfafb792df,Kevin Jousset,f626118b6da0e020,Bryan Battle,2,7,calibration,True,
62ff1e5deb124ff5,2024-09-28,881bf86d4cba8578,Nassourdine Imavov,2f181c0467965b98,Brendan Allen,9,14,calibration,True,
7ca4c91bab696b89,2024-09-28,b6452706b373eea1,Renato Moicano,c2299ec916bc7c56,Benoit Saint Denis,16,7,calibration,True,
a187670c5ee1ec5f,2024-09-28,f2b3f4ef3f780168,Nora Cornolle,e3964ece586e0635,Jacqueline Cavalcanti,2,2,calibration,True,
d063d46208c560b1,2024-09-28,8b1ed83b02303075,Taylor Lapilus,37098a6e6c27fb66,Vince Morales,7,8,calibration,True,
d806aacf5b6ba7f6,2024-09-28,1e4f273069fb9e85,Fares Ziam,dccb63727f2f5f74,Matt Frevola,7,10,calibration,True,
e01019fbfe0e9528,2024-09-28,5b86d491d63890c5,Ludovit Klein,37c5366d18ed6c05,Roosevelt Roberts,9,9,calibration,True,
f114929ed709606e,2024-09-28,5b03b61f9d90125e,Morgan Charriere,b909a9a9688b5284,Gabriel Miranda,2,2,calibration,True,
1d68bb733de24b06,2024-10-05,fc169c387b4b465d,Raquel Pennington,3253b16d38ae087d,Julianna Pena,18,10,calibration,True,
3d7d82fff71e395a,2024-10-05,d0f3959b4a9747e6,Jose Aldo,bc711b6dd95c1af6,Mario Bautista,21,10,calibration,True,
58e5fc1914c4e641,2024-10-05,d910665038efc639,Carla Esparza,31ef8b67e13495b3,Tecia Pennington,15,16,calibration,True,
5931cd9cf5da5f75,2024-10-05,327d5f279895110d,Roman Dolidze,3a46b268013afede,Kevin Holland,10,22,calibration,True,
69bca5091b2a31f6,2024-10-05,4a28cb716c19157a,Stephen Thompson,b9437600497350f3,Joaquin Buckley,20,13,calibration,True,
8c5e06c71f392f33,2024-10-05,e5549c82bfb5582d,Alex Pereira,749f572d1d3161fb,Khalil Rountree Jr.,9,15,calibration,True,
e8aad69aace1d31f,2024-10-05,d2cd7a69cc55e7ed,Austin Hubbard,262a7d06203657e6,Alexander Hernandez,9,13,calibration,True,
eb73b63bbd7b88a7,2024-10-05,cd2c4d30c6e13b47,Marina Rodriguez,abcf2cc6efc42031,Iasmin Lucindo,13,4,calibration,True,
ed5b6681ab4e83e5,2024-10-05,64d47ef881a437a4,Cesar Almeida,260bd4cef10b033f,Ihor Potieria,2,6,calibration,True,
57415110bd494c79,2024-10-12,40f3cb27fc7305a1,Themba Gorimbo,d8da10db80131bec,Niko Price,4,17,calibration,True,
69a5895fde58432c,2024-10-12,87c0b1c696ddfb43,Jonathan Pearce,b8bbdeff718dbb7d,Pat Sabatini,8,7,calibration,True,
98c29ba02cee5ba3,2024-10-12,99bd51917728c25d,Grant Dawson,e132d47bd9efbbe0,Rafa Garcia,11,7,calibration,True,
f690949d90ff1dee,2024-10-12,8a1f3b5c526cd6e6,Daniel Rodriguez,cdb96af67d096b1e,Alex Morono,11,21,calibration,True,
0599f35e6679de02,2024-10-19,92a9aa9c93192871,Darren Elkins,361d49960a196976,Daniel Pineda,28,13,calibration,True,
32b8c6c4b735d712,2024-10-19,be9bdec19b7e9ffe,Austen Lane,140567899d98978a,Robelis Despaigne,3,2,calibration,True,
503d7342cc08109f,2024-10-19,814e5233e2acf2ee,Charles Johnson,3cf18e01cb6cbde3,Sumudaerji,9,6,calibration,True,
53f7f1b4834387a8,2024-10-19,c742287ed86a09bc,Jessica Penne,ac7c765882f2c68c,Elise Reed,8,7,calibration,True,
a2f2c64f9fb3fb1c,2024-10-19,093e1f5bb73850be,Anthony Hernandez,595db60957de51d3,Michel Pereira,8,11,calibration,True,
c61923255389e67c,2024-10-19,1a31ef98efce7a79,Matheus Nicolau,8d3273573b85be09,Asu Almabayev,10,3,calibration,True,
f01b97e864cb4b8b,2024-10-19,05339613bf8e9808,Rob Font,60425d07ef4b91a7,Kyler Phillips,17,7,calibration,True,
fc73ecbd83b7f159,2024-10-19,f9ab66e67240db7b,Joselyne Edwards,4f3064faf17aa711,Tamires Vidal,8,3,calibration,True,
108434acbbd75d26,2024-10-26,06734ca9d88dec3a,Shara Magomedov,369ea36e450ae62a,Armen Petrosyan,3,5,calibration,True,
1d65c141776949d6,2024-10-26,b997be68943010fc,Geoff Neal,6a2f7c151031653d,Rafael Dos Anjos,11,35,calibration,True,
919e3c5cc6999cb3,2024-10-26,849c5d9979df5357,Mateusz Rebecki,bf2c8e01b07d3eb1,Myktybek Orolbai,4,2,calibration,True,
af6eeea1cfe33240,2024-10-26,36b8f265bcd1b7a4,Abus Magomedov,1e719d4b676dc19a,Brunno Ferreira,4,4,calibration,True,
b09f54654b0f95f5,2024-10-26,d802174b0c0c1f4e,Magomed Ankalaev,333b9e5c723ac873,Aleksandar Rakic,13,9,calibration,True,
b8bf186f884678ea,2024-10-26,e1147d3d2dabe1ce,Robert Whittaker,767755fd74662dbf,Khamzat Chimaev,22,7,calibration,True,
bde635a4f345bc3e,2024-10-26,6a96ad1bc34fb113,Ismail Naurdiev,12ebd7d157e91701,Bruno Silva,4,9,calibration,True,
cc11a0762f246fa4,2024-10-26,396fe87b84ac2e1c,Lerone Murphy,82a5152216251682,Dan Ige,7,17,calibration,True,
df7928de73fc2fe8,2024-10-26,8667caa0451d245b,Kennedy Nzechukwu,7a5e8c94a86f9895,Chris Barnett,11,4,calibration,True,
ebf7cea27b83c432,2024-10-26,54f64b5e283b0ce7,Ilia Topuria,150ff4cc642270b9,Max Holloway,7,29,calibration,True,
18729b11614406bf,2024-11-02,669970f7feba8ecd,Erin Blanchfield,47b63240018d5d86,Rose Namajunas,7,16,calibration,True,
6ad594777cce2d7d,2024-11-02,8e9eb3fc86db0f7d,Marc-Andre Barriault,71505842fb6455c3,Dustin Stoltzfus,13,7,calibration,True,
799acf3ae8a5df0a,2024-11-02,792be9a24df82ed6,Brandon Moreno,6d35bf94f7d30241,Amir Albazi,16,5,calibration,True,
7edf2fe3a8776a44,2024-11-02,89839250eb25c9c1,Caio Machado,49edd0d90f60fb7d,Brendson Ribeiro,2,2,calibration,True,
d29a82322bb083d9,2024-11-02,dd6103dd7127db1d,Mike Malott,b27a1fcb56a3035a,Trevin Giles,4,13,calibration,True,
eaa885cf7ae31e0b,2024-11-02,6551c64fbcd1a467,Ariane da Silva,a9e260472d321361,Jasmine Jasudavicius,12,7,calibration,True,
73f451d894a1d4ca,2024-11-09,84b3e7d38f2d2ec5,Neil Magny,7ee0fd831c0fe7c3,Carlos Prates,33,3,calibration,True,
c31d9cac7534d879,2024-11-09,a3a542074109b347,Luana Pinheiro,38c7f72747f4f712,Gillian Robertson,5,17,calibration,True,
00414fc5519233b4,2024-11-16,9e50097a89442158,Mickey Gall,3d074044a33825e7,Ramiz Brahimaj,12,5,calibration,True,
2a930e2d7e1f87a9,2024-11-16,f2477cf43c4975cc,Jonathan Martinez,c0ac37a4a1133da9,Marcus McGhee,14,3,calibration,True,
35c8223cc967fe0a,2024-11-16,d1941565abf50b16,Jim Miller,29af297d9f1de0f8,Damon Jackson,44,13,calibration,True,
4f4189009a190e35,2024-11-16,07225ba28ae309b6,Charles Oliveira,4b93a88f3b1de35b,Michael Chandler,33,5,calibration,True,
6c1faa6284428e5d,2024-11-16,c9cf753cfdf77fc2,Marcin Tybura,25f9a5f3e8a52618,Jhonata Diniz,20,2,calibration,True,
8545a2495db16538,2024-11-16,36541f1e6c5d4955,Viviane Araujo,9d62c2d8ee151f08,Karine Silva,11,4,calibration,True,
9676a4e9362e4bfd,2024-11-16,f4d92416da98804b,Bassil Hafez,6b56e94a59b7b134,Oban Elliott,2,2,calibration,True,
b35e47f2f58ef026,2024-11-16,07f72a2a7591b409,Jon Jones,d28dee5c705991df,Stipe Miocic,23,18,calibration,True,
cfd3e62c638fbd1f,2024-11-16,35673bf5204524ee,Bo Nickal,eabf206b162b3b83,Paul Craig,3,18,calibration,True,
02ec66f311dce539,2024-11-23,0845c81e37d3bcb3,Volkan Oezdemir,9014c02eff8b3d62,Carlos Ulberg,14,7,calibration,True,
86a2f07e0bf20297,2024-11-23,8c1ca54b5089d199,Maheshate,37f560436d745c18,Nikolas Motta,4,5,calibration,True,
bec57d7cce0e6257,2024-11-23,32490e80ddab1e5a,Song Kenan,447f9858ae78f921,Muslim Salikhov,10,11,calibration,True,
f0c4aff7dd1ec4e9,2024-11-23,c41d426cc7326d1b,Yan Xiaonan,d25240135aee03e5,Tabatha Ricci,11,8,calibration,True,
f53573316a4f349f,2024-11-23,d661ce4da776fc20,Petr Yan,aa72b0f831d0bfe5,Deiveson Figueiredo,13,17,calibration,True,
0292b9c31c0089ac,2024-12-07,d9c6f19f958643e9,Bryce Mitchell,242d36d241b43c12,Kron Gracie,9,3,calibration,True,
089388c9f00ce9c6,2024-12-07,583ee11abddfc581,Nate Landwehr,e93b04e308913c2e,Dooho Choi,8,8,calibration,True,
0f16d83859d608c7,2024-12-07,3a8176e15b9887c1,Chris Weidman,cad24459b28592ca,Eryk Anders,19,17,calibration,True,
1569186ee820ea87,2024-12-07,01afe0916a40c7c5,Shavkat Rakhmonov,442c9011034ae1fd,Ian Machado Garry,6,8,calibration,True,
4914f7bd073c6359,2024-12-07,6d4b63c767106d3a,Vicente Luque,40f3cb27fc7305a1,Themba Gorimbo,21,5,calibration,True,
72b12a837290b327,2024-12-07,c47df9303d318c67,Clay Guida,971246648e162f0d,Chase Hooper,36,9,calibration,True,
7c0d0a28a8fba102,2024-12-07,c6aee362c7a7d482,Randy Brown,f626118b6da0e020,Bryan Battle,18,8,calibration,True,
97caf8fca9d9603b,2024-12-07,2e19380f34871c6a,Dominick Reyes,d4c9dcd330403612,Anthony Smith,11,23,calibration,True,
a5c57b0f49e9f61c,2024-12-07,c58f51dedb310998,Michael Chiesa,b0d6a1d8ac3d563d,Max Griffin,19,16,calibration,True,
d38029cf47e54cf7,2024-12-07,7f6ed67d3ed3c036,Cody Durden,17e97649403ba428,Joshua Van,11,5,calibration,True,
df30514e0674d598,2024-12-07,76e2870ffafbe38f,Movsar Evloev,cb696ebfb6598724,Aljamain Sterling,8,20,calibration,True,
eb94412f15c62650,2024-12-07,8667caa0451d245b,Kennedy Nzechukwu,0c25d0a5e8cdbf19,Lukasz Brzeski,12,5,calibration,True,
f706508c52f337a6,2024-12-07,787bb1f087ccff8a,Ciryl Gane,279566840aa55bf2,Alexander Volkov,11,16,calibration,True,
00c6a2ef07ca51da,2024-12-14,dc9572dd6ec74859,Colby Covington,b9437600497350f3,Joaquin Buckley,16,14,calibration,True,
1a635a5e4551e7d5,2024-12-14,5d1b7e3dd9e11074,Manel Kape,294aa73dbf37d281,Bruno Silva,7,7,calibration,True,
5238f6470d0557fb,2024-12-14,0232cabbc30a2372,Adrian Yanez,850266b3dc4e506e,Daniel Marcos,8,4,calibration,True,
7521015554088962,2024-12-14,d247691a6c0e9034,Cub Swanson,aa171d55d4b5208f,Billy Quarantillo,24,10,calibration,True,
7b1bc4ff776f12c1,2024-12-14,71171fc96445bf65,Vitor Petrino,e4277e87a789d687,Dustin Jacoby,5,14,calibration,True,
9c24c03131d5b49a,2024-12-14,511e82663651438d,Michael Johnson,ee18ff42063174df,Ottman Azaitar,29,4,calibration,True,
b0be38110c2d8b84,2024-12-14,58bbef3770bb2dfc,Joel Alvarez,7cbf7c78d3b34218,Drakkar Klose,8,11,calibration,True,
e5f9d59d00fe3c73,2024-12-14,f29a6350c69f4a33,Miranda Maverick,5c637af9472ae7cc,Jamey-Lyn Horth,10,3,calibration,True,
ebeeed2595266bbc,2024-12-14,4682bc59d5f55145,Sean Woodson,d2f43cfaf8ca3560,Fernando Padilla,8,3,calibration,True,
edf7ce89ad672e85,2024-12-14,971dba22c622af12,Josefine Knutsson,e375cb5caf4717b6,Piera Rodriguez,2,4,calibration,True,
32cc31b76b32ade1,2025-01-11,64facb6cc564262d,Punahele Soriano,681399317dbf4701,Uros Medic,8,6,calibration,True,
54fa6e32330a8cca,2025-01-11,d945aae53e3e54e6,Thiago Moises,cfc3e7bb44685289,Trey Ogden,13,6,calibration,True,
a2a5809ed8a01b45,2025-01-11,64d47ef881a437a4,Cesar Almeida,eae431e70064e046,Abdul Razak Alhassan,3,13,calibration,True,
aa38e39397dbea72,2025-01-11,5442f1bc4b47eaf3,Chris Curtis,9d83f6da776ff7d6,Roman Kopylov,9,8,calibration,True,
ce4fc800a7456d18,2025-01-11,6d1bffff14897645,Santiago Ponzinibbio,a53d30163304aa6e,Carlston Harris,18,6,calibration,True,
f46308108eb9261a,2025-01-11,7447e9f28508106a,Mackenzie Dern,beecb672a279223e,Amanda Ribas,14,11,calibration,True,
340fcdcabc49f142,2025-01-18,351c4ec637380ad5,Karol Rosa,06e4245d16fc5315,Ailin Perez,10,5,calibration,True,
54d48b33e7240452,2025-01-18,41e83a89929d1327,Jailton Almeida,e2f6b2769aaedd6c,Serghei Spivac,8,12,calibration,True,
959fea398ffa5778,2025-01-18,009341ed974bad72,Jiri Prochazka,5444c5a201d3ee5a,Jamahal Hill,6,9,calibration,True,
aa3fca085d476636,2025-01-18,99bd51917728c25d,Grant Dawson,f53d4f21d1b5f2dc,Diego Ferreira,12,15,calibration,True,
d14f98b24691d082,2025-01-18,6e743a33d56bdaa4,Payton Talbott,b9f28e7045fdfce7,Raoni Barcelos,3,11,calibration,True,
daef1691c7d6b1e4,2025-01-18,275aca31f61ba28c,Islam Makhachev,b6452706b373eea1,Renato Moicano,16,17,calibration,True,
e294a1e5723011db,2025-01-18,f00ac08ab056af5d,Tagir Ulanbekov,b62d5280966b2460,Clayton Carpenter,5,2,calibration,True,
e5e3d396a9b1c5ae,2025-01-18,d8c811df0386d5e8,Rinya Nakamura,a54660deb6a8489c,Muin Gafurov,3,3,calibration,True,
f39941b3743bf18c,2025-01-18,c03520b5c88ed6b4,Merab Dvalishvili,2b6fc1c02736833d,Umar Nurmagomedov,13,6,calibration,True,
3c00f34f20c8a189,2025-02-01,f14cf73e51b29254,Sergei Pavlovich,2cd428e9606856fd,Jairzinho Rozenstruik,9,14,calibration,True,
426e7a3de68117b0,2025-02-01,06734ca9d88dec3a,Shara Magomedov,a67d071163962af8,Michael Page,4,2,calibration,True,
43bbaf06603b0f0c,2025-02-01,6747ccd6d1acd266,Shamil Gaziev,764d39074a352e33,Thomas Petersen,3,2,calibration,True,
70b8dca3addcf4de,2025-02-01,0fd5f4b838e890cc,Said Nurmagomedov,18d01f7f8338ae72,Vinicius Oliveira,9,2,calibration,True,
775788423f5eeb99,2025-02-01,1e4f273069fb9e85,Fares Ziam,fb3e61720be4690c,Mike Davis,8,5,calibration,True,
85e79748b75eb30e,2025-02-01,1338e2c7480bdf9e,Israel Adesanya,881bf86d4cba8578,Nassourdine Imavov,17,10,calibration,True,
91bf33ada75d6061,2025-02-01,a9e260472d321361,Jasmine Jasudavicius,cc8c623cca88f54f,Mayra Bueno Silva,8,11,calibration,True,
e97e71a593e4c28d,2025-02-01,809bd1a871491508,Terrance McKinney,38c626ca912c7bac,Damir Hadzovic,9,9,calibration,True,
03c2a836d033be8f,2025-02-08,1ebe20ebbfa15e29,Zhang Weili,b08012bbe542592a,Tatiana Suarez,11,7,calibration,True,
4ce53d8a26693f06,2025-02-08,a845f0735bc67405,Jake Matthews,3920d0cc288f9b0d,Francisco Prado,20,3,calibration,True,
64641156360b1b81,2025-02-08,6c3b2525436cf5d4,Tom Nolan,19c591115a58982c,Viacheslav Borshchev,3,7,calibration,True,
946cae1beed2baec,2025-02-08,2997e7fe3c9d3d4a,Wang Cong,7138a15258dabf20,Bruna Brasil,2,4,calibration,True,
c35a53be30bfd066,2025-02-08,a9da3158dd2c2b5a,Jack Jenkins,f2f140ce7532e327,Gabriel Santos,4,3,calibration,True,
d13849f49f99bf01,2025-02-08,0d7b51c9d2649a6e,Dricus Du Plessis,0d8011111be000b2,Sean Strickland,8,22,calibration,True,
365e2d891b98b86d,2025-02-15,13a0275fa13c4d26,Jared Cannonier,d1c65d2cf2925ddd,Gregory Rodrigues,18,9,calibration,True,
3b2a24db4eeaeede,2025-02-15,1a9480fc288e55d7,Don'Tale Mayes,f5779a2303ed76ec,Valter Walker,10,2,calibration,True,
58668a0736602842,2025-02-15,86d9dbe1bfcbade7,Julia Avila,e3964ece586e0635,Jacqueline Cavalcanti,5,3,calibration,True,
68913a422f548ccc,2025-02-15,751de04455cfaac0,Calvin Kattar,52c2ae6d2f2d2613,Youssef Zalal,13,10,calibration,True,
7b9f169016746f81,2025-02-15,01641ba5df0c69b0,Gabriel Bonfim,2558ae2e5671e318,Khaos Williams,4,8,calibration,True,
875b249ebe45a66b,2025-02-15,260e9e0d4954aea6,Rodolfo Vieira,5f61780fe5e9b6d0,Andre Petroski,7,9,calibration,True,
ce1436a9b58902a7,2025-02-15,eb393afdbe3293d5,Ismael Bonfim,ff62013d2fce6d13,Nazim Sadykhov,3,3,calibration,True,
f4817d5cbe9be532,2025-02-15,f0feeb2192937424,Angela Hill,8bd4200561c77a62,Ketlen Souza,26,3,calibration,True,
f5386c98fea7f5d4,2025-02-15,4144798612ef96e5,Edmen Shahbazyan,a817e238b2747404,Dylan Budka,11,2,calibration,True,
08763e87e10b9709,2025-02-22,cd13728ae1151f46,Ion Cutelaba,6e8f1bcdda94ff45,Ibo Aslan,17,2,calibration,True,
0cdca4c22b8d3ab5,2025-02-22,2f181c0467965b98,Brendan Allen,093e1f5bb73850be,Anthony Hernandez,15,9,calibration,True,
19c8092496e94b85,2025-02-22,05339613bf8e9808,Rob Font,ffd3224638c01b57,Jean Matsumoto,18,2,calibration,True,
3ded9bfdfb75f39b,2025-02-22,8fd808923cffff82,Andre Fili,20bccc9bb4ceb23e,Melquizael Costa,23,4,calibration,True,
8ef7723b6a8b45e1,2025-02-22,52ef95b5860fb28c,Jean Silva,a52bc1e62cf0b7c6,Melsik Baghdasaryan,3,4,calibration,True,
b959e2c1d16ff832,2025-02-22,056c493bbd76a918,Henry Cejudo,efb96bf3e9ada36f,Song Yadong,14,14,calibration,True,
bc6d70ab959dce70,2025-02-22,5987b2458f4b5290,Ricky Simon,bbab3baf66128ae2,Javid Basharat,13,5,calibration,True,
061990783b9bdb36,2025-03-01,b7b84ccd221be298,Nasrat Haqparast,323d4ca260dfa0ba,Esteban Ribovics,13,4,calibration,True,
0dfdc94c1da32e20,2025-03-01,41cc71cbf210e0fe,Hyder Amil,e1d40e8782d80bc2,William Gomis,2,4,calibration,True,
1ada4b9ee5810e0f,2025-03-01,05fa626cb33d15b8,Andrea Lee,6fd953151d981979,JJ Aldrich,13,15,calibration,True,
6bdf0756fb57aced,2025-03-01,f14f644d41ade29f,Cody Brundage,d0e1b42d41dab603,Julian Marquez,10,7,calibration,True,
9d8a37f130db13e5,2025-03-01,5d1b7e3dd9e11074,Manel Kape,8d3273573b85be09,Asu Almabayev,8,4,calibration,True,
d6c3b730dc9f21a5,2025-03-01,b7c5eb7cdbac6a63,Danny Barlow,8b6e5dc2ba1edbe7,Sam Patterson,2,3,calibration,True,
dd1df7f5a54fd9fc,2025-03-01,1ae8f3c723aacff4,Ricardo Ramos,e0c6edcb5b5d0b90,Chepe Mariscal,13,4,calibration,True,
231968c02cdfe65e,2025-03-08,887961364be5ceb3,King Green,9c393e836a852f30,Mauricio Ruffy,26,2,calibration,True,
79f1c9f97d83ec83,2025-03-08,3df5493bb279226f,Amanda Lemos,abcf2cc6efc42031,Iasmin Lucindo,12,5,calibration,True,
9e05fe95a4fc63bc,2025-03-08,e5549c82bfb5582d,Alex Pereira,d802174b0c0c1f4e,Magomed Ankalaev,10,14,calibration,True,
a2f31cf3a28a7730,2025-03-08,9e8f6c728eb01124,Justin Gaethje,c814b4c899793af6,Rafael Fiziev,13,9,calibration,True,
a3cd6a65aaa9f104,2025-03-08,4d8fa64202cee4c1,Jalin Turner,e4a47b07044ddd72,Ignacio Bahamondes,12,7,calibration,True,
e61cb905f6152183,2025-03-08,1e719d4b676dc19a,Brunno Ferreira,369ea36e450ae62a,Armen Petrosyan,5,6,calibration,True,
1c62a7444808d97f,2025-03-15,68d35296f566792b,Josiane Nunes,b1e5bcaad32a3cac,Priscila Cachoeira,5,10,calibration,True,
5d8af316413ea2f7,2025-03-15,e8fe9c15d348e778,Daniel Barez,b1f21ce050035d58,Andre Lima,2,3,calibration,True,
67f7163e536d62e2,2025-03-15,7acbb0972e75281a,Marvin Vettori,327d5f279895110d,Roman Dolidze,15,11,calibration,True,
74bc22b367cca118,2025-03-15,fc08099550072fe4,Waldo Cortes-Acosta,a67f5afa8d6a1b80,Ryan Spann,6,13,calibration,True,
ab1aa23060d4e87b,2025-03-15,da22387a0407a2dc,Da'Mon Blackshear,700a674c042b7a96,Cody Gibson,7,8,calibration,True,
c83133ee114945ed,2025-03-15,c68c68efaa5ca6ef,Chidi Njokuani,8adcbd525fab8d9b,Elizeu Zaleski dos Santos,7,16,calibration,True,
d8f40b82364b6411,2025-03-15,262a7d06203657e6,Alexander Hernandez,a7151778b3381036,Kurt Holobaugh,14,7,calibration,True,
265dbd9be8caa7de,2025-03-22,7772b283d288dbe2,Guram Kutateladze,ec13c393d029297d,Kaue Fernandes,4,2,calibration,True,
2a1071689c3af9df,2025-03-22,4c88a1db5a46c6a4,Jai Herbert,06626b6287e1ae1e,Chris Padilla,8,2,calibration,True,
371ed8497799998e,2025-03-22,f1fac969a1d70b08,Leon Edwards,45f7cb591c3ab00b,Sean Brady,18,8,calibration,True,
6d9ea9f436ed354d,2025-03-22,99df7d0a2a08a8a8,Jan Blachowicz,9014c02eff8b3d62,Carlos Ulberg,20,8,calibration,True,
96c6be6b22385967,2025-03-22,fd55393021a8c255,Gunnar Nelson,3a46b268013afede,Kevin Holland,15,24,calibration,True,
9779eb1aae1d4654,2025-03-22,329e403448756217,Nathaniel Wood,5b03b61f9d90125e,Morgan Charriere,11,3,validation,True,
dd229687cb62c871,2025-03-22,c9cf753cfdf77fc2,Marcin Tybura,0d5cc0170c1a7e71,Mick Parkin,21,4,validation,True,
0f20c1d7c44fa5fe,2025-03-29,fe2babf95de24fb1,Raul Rosas Jr.,37098a6e6c27fb66,Vince Morales,5,10,validation,True,
33e301872e2b5680,2025-03-29,792be9a24df82ed6,Brandon Moreno,32ab52e5de93092d,Steve Erceg,17,5,validation,True,
41cdbcc0f3635b8f,2025-03-29,5ec591b78349ba7e,Christian Rodriguez,20bccc9bb4ceb23e,Melquizael Costa,7,5,validation,True,
5ba7dd466e30169f,2025-03-29,f2900678e98f6d6a,Ronaldo Rodriguez,34b96d52db1d26e6,Kevin Borjas,2,2,validation,True,
7e3fc760b26b6ae4,2025-03-29,e132d47bd9efbbe0,Rafa Garcia,c77a953488e5607d,Vinc Pichel,8,11,validation,True,
7efca050bc7be8ac,2025-03-29,8e5d953bdb9ae5e7,Loopy Godinez,abb68e3c7ca128f2,Julia Polastri,12,2,validation,True,
8fc8d66ad0074ab0,2025-03-29,2e7878927067fdca,Manuel Torres,519e4fe37ce9ff75,Drew Dober,4,24,validation,True,
ab4a91a59c01d6b6,2025-03-29,5ef94841c4bc3f86,Edgar Chairez,077e3ace32b72be9,CJ Vergara,4,7,validation,True,
e2e2537a345367d4,2025-03-29,e00a3dee329a51f7,Jamall Emmers,b909a9a9688b5284,Gabriel Miranda,7,3,validation,True,
0c80eef2f4570543,2025-04-05,0c6d9ea8306c029e,Brad Tavares,6ac9bc2953c47345,Gerald Meerschaert,25,22,validation,True,
76641669c1607b7a,2025-04-05,d7e40dca3ae125be,Diana Belbita,27b388f0aab49780,Dione Barbosa,7,2,validation,True,
86a1be10255eea4e,2025-04-05,fba03cd6cc28dc41,Josh Emmett,396fe87b84ac2e1c,Lerone Murphy,14,8,validation,True,
a160e94fdb66de17,2025-04-05,b8bbdeff718dbb7d,Pat Sabatini,791c8437b341fba5,Joanderson Brito,8,7,validation,True,
cca4d763b1c6de0a,2025-04-05,2c483cf443f38ece,Vanessa Demopoulos,d35298b6df168456,Talita Alencar,8,2,validation,True,
fd088ce1481315a5,2025-04-05,4e30e4250cb08b61,Loma Lookboonmee,efc67b07eed39794,Istela Nunes,8,4,validation,True,
08e7a39eb7482ebf,2025-04-12,92a9aa9c93192871,Darren Elkins,902ec2cc48c8ae8a,Julian Erosa,29,15,validation,True,
0eccebee160137b1,2025-04-12,c41d426cc7326d1b,Yan Xiaonan,7dda2cf308f24a02,Virna Jandiroba,12,10,validation,True,
11eb27a1ac74d225,2025-04-12,d1941565abf50b16,Jim Miller,971246648e162f0d,Chase Hooper,45,10,validation,True,
4bbda6c1f6cf9d4e,2025-04-12,4e6738062d469256,Sedriques Dumas,0d65c432720accb9,Michal Oleksiejczuk,5,15,validation,True,
8c540eb4afe8c43e,2025-04-12,d9c6f19f958643e9,Bryce Mitchell,52ef95b5860fb28c,Jean Silva,10,4,validation,True,
b2d731415bd367df,2025-04-12,1091d4d957141094,Nikita Krylov,2e19380f34871c6a,Dominick Reyes,18,12,validation,True,
d05cb4c4135ce402,2025-04-12,4b93a88f3b1de35b,Michael Chandler,7826923b47f8d72a,Paddy Pimblett,6,6,validation,True,
e733f148060bef2a,2025-04-12,e1248941344b3288,Alexander Volkanovski,f166e93d04a8c274,Diego Lopes,16,6,validation,True,
fc43d60cbd6b0e6a,2025-04-12,82a5152216251682,Dan Ige,4682bc59d5f55145,Sean Woodson,18,9,validation,True,
4072abf0b0c179f2,2025-04-26,9560ff14eb3129f7,Giga Chikadze,ffe9703408fb5964,David Onama,10,7,validation,True,
62fbdd4f0bcd3c2a,2025-04-26,b07aed698fba8624,Ikram Aliskerov,886264a0c9f4ea5e,Andre Muniz,3,8,validation,True,
633f4b5ec767769d,2025-04-26,442c9011034ae1fd,Ian Machado Garry,7ee0fd831c0fe7c3,Carlos Prates,9,4,validation,True,
6f3cb7ce84185dd3,2025-04-26,45f0cc9d18f35137,Chris Gutierrez,5fa2974cbd18e05c,John Castaneda,13,7,validation,True,
7d51649373d42571,2025-04-26,da22387a0407a2dc,Da'Mon Blackshear,1897b7b913736a7c,Alatengheili,8,8,validation,True,
7fd6770fe2d4f258,2025-04-26,af9efbfd63d39734,Chelsea Chandler,f9ab66e67240db7b,Joselyne Edwards,4,9,validation,True,
9bbd45774fb4a6eb,2025-04-26,595db60957de51d3,Michel Pereira,36b8f265bcd1b7a4,Abus Magomedov,12,5,validation,True,
a526a72ade275f46,2025-04-26,d4c9dcd330403612,Anthony Smith,8a65fd9ba31fd3f7,Zhang Mingyang,24,2,validation,True,
d8d22dcc1f6912e7,2025-04-26,67c1d46f4ed16f9e,Matt Schnell,09e62c450e754913,Jimmy Flick,14,5,validation,True,
e7b3ca036835b7c2,2025-04-26,bc7d1ad49fcb2d08,Jaqueline Amorim,9673a497a9da119a,Polyana Viana,4,10,validation,True,
fbf83609dc96f32e,2025-04-26,c6aee362c7a7d482,Randy Brown,9d19d9e4aa2662e8,Nicolas Dalby,19,13,validation,True,
191ee545160a4e09,2025-05-03,6d1bffff14897645,Santiago Ponzinibbio,8a1f3b5c526cd6e6,Daniel Rodriguez,19,12,validation,True,
2707dc2245335cc1,2025-05-03,3143bf892608139a,Yana Santos,b96619b3acd7d9da,Miesha Tate,10,13,validation,True,
380242601a2c5991,2025-05-03,d549cefc7c54ab78,Reinier de Ridder,35673bf5204524ee,Bo Nickal,2,4,validation,True,
469f887278324e63,2025-05-03,aa0c573da7119292,Juliana Miller,38c5817ade8a8014,Ivana Petrovic,3,3,validation,True,
5ce29056e0cd2df9,2025-05-03,cc1a8b4b38b92c6d,Montel Jackson,850266b3dc4e506e,Daniel Marcos,10,5,validation,True,
6e26a6293ea6ba62,2025-05-03,cd2c4d30c6e13b47,Marina Rodriguez,38c7f72747f4f712,Gillian Robertson,14,18,validation,True,
9039959b41901412,2025-05-03,18968f97ad34f15c,Jeremy Stephens,f6ad6a1e4d600e0d,Mason Jones,34,4,validation,True,
97b32ff27fd457a8,2025-05-03,96924b0019b3aff1,Gaston Bolanos,32feae6d9a1e5047,Quang Le,3,2,validation,True,
9b3bade95e1dd484,2025-05-03,65f09bacd3957381,Cory Sandhagen,aa72b0f831d0bfe5,Deiveson Figueiredo,14,18,validation,True,
c445401709421fa4,2025-05-03,764d39074a352e33,Thomas Petersen,1a9480fc288e55d7,Don'Tale Mayes,3,11,validation,True,
0e0a4282cd6c86d7,2025-05-10,b67d6bacc68d4c92,Daniel Santos,d008d785f6347dc2,JeongYeong Lee,3,3,validation,True,
0f53eb509d0ffeb9,2025-05-10,e8b731feff72294b,Alexa Grasso,262d32ebda89efc4,Natalia Silva,13,6,validation,True,
2521234a4bf7c615,2025-05-10,dd6103dd7127db1d,Mike Malott,feedf3053472fe56,Charles Radtke,5,4,validation,True,
4db2d86ebe8c8abd,2025-05-10,6a1901c62ab3870f,Jessica Andrade,a9e260472d321361,Jasmine Jasudavicius,28,9,validation,True,
6ecfa439ef900bcc,2025-05-10,8e9eb3fc86db0f7d,Marc-Andre Barriault,12ebd7d157e91701,Bruno Silva,14,10,validation,True,
891b2faf1bff38ee,2025-05-10,d0f3959b4a9747e6,Jose Aldo,24656ef4d605c96f,Aiemann Zahabi,22,8,validation,True,
9e9d1764a015f313,2025-05-10,132deb59abae64b1,Valentina Shevchenko,34ff304266360297,Manon Fiorot,17,7,validation,True,
b873c116e39c9920,2025-05-10,b1b0729d27936f2f,Belal Muhammad,6b453bc35a823c3f,Jack Della Maddalena,19,7,validation,True,
c7190cd03e53fb61,2025-05-10,c2299ec916bc7c56,Benoit Saint Denis,873626e5547b5235,Kyle Prepolec,8,2,validation,True,
c812457a810dde39,2025-05-10,476fe566d2df676e,Modestas Bukauskas,cd13728ae1151f46,Ion Cutelaba,9,18,validation,True,
18a7dc86279066f8,2025-05-17,b671bdf981ad527d,HyunSung Park,798e48f9e7f6ba22,Carlos Hernandez,2,6,validation,True,
66887532be2de5ee,2025-05-17,ac7c765882f2c68c,Elise Reed,cffb87059e645bd1,Denise Gomes,8,6,validation,True,
8ba31cf0b3164b72,2025-05-17,7026eca45f65377b,Jared Gordon,d945aae53e3e54e6,Thiago Moises,15,14,validation,True,
a81ad236a2f221f2,2025-05-17,23024fdfc966410a,Gilbert Burns,c32aeb1a59e6272d,Michael Morales,23,5,validation,True,
afdd95ae7b7cdb0c,2025-05-17,31ef8b67e13495b3,Tecia Pennington,a3a542074109b347,Luana Pinheiro,17,6,validation,True,
b3044bf646306e7f,2025-05-17,71505842fb6455c3,Dustin Stoltzfus,49d2a08964c5eb11,Nursulton Ruziboev,8,4,validation,True,
dcb27eef6441268c,2025-05-17,94426bb170c88115,Sodiq Yusuff,480779d7f9a424d3,Mairon Santos,9,2,validation,True,
f75fe8b384b0db11,2025-05-17,5078e1dacf9d25f4,Luana Santos,2c5f5749569eef66,Tainara Lisboa,4,2,validation,True,
fe2acfdaaaec3dba,2025-05-17,902ec2cc48c8ae8a,Julian Erosa,20bccc9bb4ceb23e,Melquizael Costa,16,6,validation,True,
106918bfbe24335d,2025-05-31,b9706f80d005036c,Ketlen Vieira,9cdd2da1a9104a0b,Macy Chiasson,12,11,validation,True,
212527d462690304,2025-05-31,72db2a14ffa73ece,Mateusz Gamrot,5b86d491d63890c5,Ludovit Klein,10,10,validation,True,
2521fed000747f47,2025-05-31,a7151778b3381036,Kurt Holobaugh,ac026518a9b4dc0f,Jordan Leavitt,8,7,validation,True,
305d8c85b35a7d4e,2025-05-31,fa07345cc9db5cc9,Billy Ray Goff,3d074044a33825e7,Ramiz Brahimaj,2,6,validation,True,
73240bea13ed5e71,2025-05-31,02bb48869eb7ac8f,Rayanne dos Santos,87f8699fdcc2c404,Alice Ardelean,2,2,validation,True,
baa2ee0bf7f97079,2025-05-31,65adf3856c4d9256,Jafel Filho,253076a23d03dcd0,Allan Nascimento,3,3,validation,True,
01100a90b584215d,2025-06-07,e90a2f22417af68e,Azamat Murzakanov,49edd0d90f60fb7d,Brendson Ribeiro,4,4,validation,True,
2129acab2280bd29,2025-06-07,6d4b63c767106d3a,Vicente Luque,3a46b268013afede,Kevin Holland,22,25,validation,True,
81b84b34f0357fa5,2025-06-07,3253b16d38ae087d,Julianna Pena,1af1170ed937cba7,Kayla Harrison,11,2,validation,True,
ac977a0389682124,2025-06-07,e2f6b2769aaedd6c,Serghei Spivac,fc08099550072fe4,Waldo Cortes-Acosta,13,7,validation,True,
b6a87389bdc36a00,2025-06-07,294aa73dbf37d281,Bruno Silva,17e97649403ba428,Joshua Van,8,7,validation,True,
d078e9046aa86307,2025-06-07,6551c64fbcd1a467,Ariane da Silva,2997e7fe3c9d3d4a,Wang Cong,13,3,validation,True,
e28e829800466aca,2025-06-07,8c0580d4fff106c1,Kelvin Gastelum,c1085e1701b13eca,Joe Pyfer,23,5,validation,True,
e61d83e4e1f9c4d7,2025-06-07,c03520b5c88ed6b4,Merab Dvalishvili,b50a426a33da0012,Sean O'Malley,14,13,validation,True,
08c04f18b0f58d71,2025-06-14,841695e02c99a521,Mansur Abdul-Malik,f14f644d41ade29f,Cody Brundage,2,11,validation,True,
13e2ff8b3a122094,2025-06-14,eabf206b162b3b83,Paul Craig,69898645d600abdb,Rodolfo Bellato,19,2,validation,True,
1714950933f88ab9,2025-06-14,d8c7c61b176e3994,Cody Garbrandt,b9f28e7045fdfce7,Raoni Barcelos,15,12,validation,True,
2ae7404681deb3b3,2025-06-14,8e382b585a92affe,Phil Rowe,1497e735d9f2560a,Ange Loosa,6,5,validation,True,
59c4fdb3c0673066,2025-06-14,5987b2458f4b5290,Ricky Simon,5c84f673b7bb7c15,Cameron Smotherman,14,2,validation,True,
79dfbbdd14fbbd11,2025-06-14,47b63240018d5d86,Rose Namajunas,f29a6350c69f4a33,Miranda Maverick,17,11,validation,True,
ab325ea526824723,2025-06-14,5c637af9472ae7cc,Jamey-Lyn Horth,2c483cf443f38ece,Vanessa Demopoulos,4,9,validation,True,
d75b3d3c2b209b75,2025-06-14,f1b2aa7853d1ed6e,Kamaru Usman,b9437600497350f3,Joaquin Buckley,18,15,validation,True,
e5bd7e6e2a50a843,2025-06-14,4144798612ef96e5,Edmen Shahbazyan,5f61780fe5e9b6d0,Andre Petroski,12,10,validation,True,
e861e9cc0118c670,2025-06-14,c58f51dedb310998,Michael Chiesa,523fa774700d7d3f,Court McGee,20,23,validation,True,
ec2034b134ae71cd,2025-06-14,a495f599e787614f,Alonzo Menifield,46e2011d92463b7e,Oumar Sy,15,2,validation,True,
03bc32bdb5a33496,2025-06-21,5444c5a201d3ee5a,Jamahal Hill,749f572d1d3161fb,Khalil Rountree Jr.,10,16,validation,True,
5fcf18bcd2a020f1,2025-06-21,6a96ad1bc34fb113,Ismail Naurdiev,285ae0b4a68221f4,JunYong Park,5,11,validation,True,
7513a00037094075,2025-06-21,ff62013d2fce6d13,Nazim Sadykhov,37f560436d745c18,Nikolas Motta,4,6,validation,True,
8c140756bf43dcc2,2025-06-21,f00ac08ab056af5d,Tagir Ulanbekov,7f1bf0c255ec8756,Azat Maksum,6,2,validation,True,
a12d3a6c8aaf87ca,2025-06-21,3329d692aea4dc28,Hamdy Abdelwahab,da7f113b5ea39c43,Mohammed Usman,2,5,validation,True,
a1afc16e21d1a807,2025-06-21,c814b4c899793af6,Rafael Fiziev,e4a47b07044ddd72,Ignacio Bahamondes,10,8,validation,True,
fff3218758c513b8,2025-06-21,07047eb7d17fb0a2,Daria Zhelezniakova,bd532e9a2b93870c,Melissa Mullins,2,3,validation,True,
1ea9ad3b6e1cba79,2025-06-28,08af939f41b5a57b,Beneil Dariush,b6452706b373eea1,Renato Moicano,23,18,validation,True,
7a64d63e12618ba7,2025-06-28,54f64b5e283b0ce7,Ilia Topuria,07225ba28ae309b6,Charles Oliveira,8,34,validation,True,
815ff62ca8e217be,2025-06-28,36541f1e6c5d4955,Viviane Araujo,68d4a891e5cf2029,Tracy Cortez,12,6,validation,True,
8308464729ea7c40,2025-06-28,a0f0004aadf10b71,Alexandre Pantoja,853eb0dd5c0e2149,Kai Kara-France,16,12,validation,True,
958522de54ccc536,2025-06-28,0a1942069c9ad6b6,Jack Hermansson,d1c65d2cf2925ddd,Gregory Rodrigues,17,10,validation,True,
d7be78c400e7e0f9,2025-06-28,809bd1a871491508,Terrance McKinney,19c591115a58982c,Viacheslav Borshchev,10,8,validation,True,
f6a3c78f15ff26c7,2025-06-28,6e743a33d56bdaa4,Payton Talbott,9256f591b30c073e,Felipe Lima,4,2,validation,True,
f722b96ae6862843,2025-06-28,6e15f63b6c2e2c15,Brandon Royval,17e97649403ba428,Joshua Van,10,8,validation,True,
120d66cb0da0f3c3,2025-07-12,745fa7b605f8e2da,Fatima Kline,3f4c3bc822bea45d,Melissa Martinez,2,2,validation,True,
236f811290163dca,2025-07-12,b0d6a1d8ac3d563d,Max Griffin,5442f1bc4b47eaf3,Chris Curtis,17,10,validation,True,
2a03bc4c491b4c9a,2025-07-12,4a28cb716c19157a,Stephen Thompson,01641ba5df0c69b0,Gabriel Bonfim,21,5,validation,True,
46bc1338a50cbeac,2025-07-12,729d4bd5a6cd0a97,Lauren Murphy,de594b35c45c2e9a,Eduarda Moura,14,3,validation,True,
4b75d3b7738cb278,2025-07-12,71171fc96445bf65,Vitor Petrino,be9bdec19b7e9ffe,Austen Lane,6,5,validation,True,
4e5d4a36eaaa3a78,2025-07-12,583ee11abddfc581,Nate Landwehr,5b03b61f9d90125e,Morgan Charriere,9,4,validation,True,
5c650ae2193ab1bc,2025-07-12,8667caa0451d245b,Kennedy Nzechukwu,f5779a2303ed76ec,Valter Walker,13,3,validation,True,
b19bf99c7eb796bc,2025-07-12,c15fa95b9a12fde4,Junior Tafa,3e8118c1ab52f211,Tuco Tokkos,5,2,validation,True,
d5e3be7a07c48b08,2025-07-12,a845f0735bc67405,Jake Matthews,c68c68efaa5ca6ef,Chidi Njokuani,21,8,validation,True,
f368475c366c6d85,2025-07-12,751de04455cfaac0,Calvin Kattar,97cf1a2c7c5e7889,Steve Garcia,14,8,validation,True,
8e1feda9141602f1,2025-07-19,7acbb0972e75281a,Marvin Vettori,2f181c0467965b98,Brendan Allen,16,16,validation,True,
d7507e2741fd4d05,2025-07-19,150ff4cc642270b9,Max Holloway,029eaff01e6bb8f0,Dustin Poirier,30,31,validation,True,
017a825c7820d12e,2025-07-26,113df4fde64735c6,Davey Grant,da22387a0407a2dc,Da'Mon Blackshear,13,9,validation,True,
3e6067763978d862,2025-07-26,beecb672a279223e,Amanda Ribas,d25240135aee03e5,Tabatha Ricci,12,9,validation,True,
582d66ce97309e29,2025-07-26,06734ca9d88dec3a,Shara Magomedov,8e9eb3fc86db0f7d,Marc-Andre Barriault,5,15,validation,True,
6b8be0ee3e569ad2,2025-07-26,e1147d3d2dabe1ce,Robert Whittaker,d549cefc7c54ab78,Reinier de Ridder,23,3,validation,True,
77f960d82cda0b76,2025-07-26,1091d4d957141094,Nikita Krylov,ef5dcb10d2bd4b0f,Bogdan Guskov,19,4,validation,True,
7c075e3383198e14,2025-07-26,447f9858ae78f921,Muslim Salikhov,28d421729451c8ca,Carlos Leal,12,2,validation,True,
887c61da1a78a5e1,2025-07-26,8d3273573b85be09,Asu Almabayev,88be62d6c1e6dadb,Jose Ochoa,5,2,validation,True,
d4d4ee045b0ca695,2025-07-26,d661ce4da776fc20,Petr Yan,c0ac37a4a1133da9,Marcus McGhee,14,4,validation,True,
e72c691b7c68b03a,2025-07-26,d9c6f19f958643e9,Bryce Mitchell,0fd5f4b838e890cc,Said Nurmagomedov,11,10,validation,True,
282c8c6c1ed82bfb,2025-08-02,4461d7e47375a895,Tatsuro Taira,b671bdf981ad527d,HyunSung Park,7,3,validation,True,
426a69e343822ab3,2025-08-02,849c5d9979df5357,Mateusz Rebecki,fd406a32a6fb3a29,Chris Duncan,5,5,validation,True,
45781930d64da456,2025-08-02,260e9e0d4954aea6,Rodolfo Vieira,147e70aa6cc48cfc,Tresean Gore,8,5,validation,True,
878941394f9e3538,2025-08-02,48a9a128784d53d1,Elves Brener,323d4ca260dfa0ba,Esteban Ribovics,5,5,validation,True,
ac57250e3de89d5d,2025-08-02,84b3e7d38f2d2ec5,Neil Magny,8adcbd525fab8d9b,Elizeu Zaleski dos Santos,34,17,validation,True,
b47db03affb279c3,2025-08-02,83455a9d17f57dae,Rafael Estevam,53c10176e3bc7416,Felipe Bunes,2,2,validation,True,
c62ed8a6002b5360,2025-08-02,351c4ec637380ad5,Karol Rosa,f2b3f4ef3f780168,Nora Cornolle,11,4,validation,True,
d98d6b2c13557a87,2025-08-02,e375cb5caf4717b6,Piera Rodriguez,8bd4200561c77a62,Ketlen Souza,5,4,validation,True,
eeeffa7f514e0c0e,2025-08-02,d8c811df0386d5e8,Rinya Nakamura,a2d342ffc83913ed,Nathan Fletcher,4,2,validation,True,
37d58369782cb86b,2025-08-09,32ab52e5de93092d,Steve Erceg,6d68c1afe954f121,Ode Osbourne,6,11,validation,True,
646c79a7ecd12e5f,2025-08-09,abcf2cc6efc42031,Iasmin Lucindo,f0feeb2192937424,Angela Hill,6,27,validation,True,
68fe62bac7fd8bb0,2025-08-09,327d5f279895110d,Roman Dolidze,093e1f5bb73850be,Anthony Hernandez,12,10,validation,True,
6ef50ed03b116b60,2025-08-09,a6eb54ae17a551be,Gabriella Fernandes,a78a87d8c2bbb1cb,Julija Stoliarenko,4,8,validation,True,
75a84211f50c53f5,2025-08-09,cad24459b28592ca,Eryk Anders,a93f94c923c3a9cb,Christian Leroy Duncan,18,6,validation,True,
7d923267c44dd93b,2025-08-09,681399317dbf4701,Uros Medic,b12fb759e02378de,Gilbert Urbina,7,3,validation,True,
98d6771af9b0ebe5,2025-08-09,8fd808923cffff82,Andre Fili,5ec591b78349ba7e,Christian Rodriguez,24,8,validation,True,
aef44145740741b3,2025-08-09,f9ab66e67240db7b,Joselyne Edwards,b1e5bcaad32a3cac,Priscila Cachoeira,10,11,validation,True,
ed5383b50ffcdded,2025-08-09,46e0d677f91bacc0,Miles Johns,ffd3224638c01b57,Jean Matsumoto,10,3,validation,True,
12cedec11b37ddc0,2025-08-16,0d7b51c9d2649a6e,Dricus Du Plessis,767755fd74662dbf,Khamzat Chimaev,9,8,validation,True,
1d8dc0fb5d47357f,2025-08-16,971246648e162f0d,Chase Hooper,262a7d06203657e6,Alexander Hernandez,11,15,validation,True,
42585ce706c086de,2025-08-16,b997be68943010fc,Geoff Neal,7ee0fd831c0fe7c3,Carlos Prates,12,5,validation,True,
5b880d10b0ed7acc,2025-08-16,6ac9bc2953c47345,Gerald Meerschaert,0d65c432720accb9,Michal Oleksiejczuk,23,16,validation,True,
88020d22cf905792,2025-08-16,9d62c2d8ee151f08,Karine Silva,27b388f0aab49780,Dione Barbosa,5,3,validation,True,
9939d7073462e07e,2025-08-16,13a0275fa13c4d26,Jared Cannonier,a67d071163962af8,Michael Page,19,3,validation,True,
a2eafd9e1d5031b1,2025-08-16,6a1901c62ab3870f,Jessica Andrade,8e5d953bdb9ae5e7,Loopy Godinez,29,13,validation,True,
bc63f1b2e52f603e,2025-08-16,64a50dad704d1d49,Edson Barboza,7cbf7c78d3b34218,Drakkar Klose,30,12,validation,True,
130e622d4d2aee3e,2025-08-23,595db60957de51d3,Michel Pereira,d6c0cdd7e467c440,Kyle Daukaus,13,7,validation,True,
1ab1ed99a4bc5494,2025-08-23,814e5233e2acf2ee,Charles Johnson,bb2c3c3a466224af,Lone'er Kavanagh,11,2,validation,True,
2eecf0c36192e40c,2025-08-23,c21f26bbde777573,Johnny Walker,8a65fd9ba31fd3f7,Zhang Mingyang,14,3,validation,True,
2f6065fe0804d1d8,2025-08-23,86bace9e4ad85542,Xiao Long,a474aade8eb3a8f0,SuYoung You,2,2,validation,True,
5538d15c4eeac3b3,2025-08-23,f14cf73e51b29254,Sergei Pavlovich,fc08099550072fe4,Waldo Cortes-Acosta,10,8,validation,True,
58080e8989927500,2025-08-23,def8166ff24bd237,Brian Ortega,cb696ebfb6598724,Aljamain Sterling,13,21,validation,True,
ce6bd165bef82bd7,2025-08-23,3cf18e01cb6cbde3,Sumudaerji,34b96d52db1d26e6,Kevin Borjas,8,3,validation,True,
f0b7caa90faf47e5,2025-08-23,3f11fd1751fa83b1,Yizha,7b3503352cd53abb,Westin Wilson,2,3,validation,True,
f55749e32ce5c6f3,2025-08-23,a13d755965a4ec9f,Rongzhu,d2cd7a69cc55e7ed,Austin Hubbard,5,11,validation,True,
0149e875b31e57f8,2025-09-06,476fe566d2df676e,Modestas Bukauskas,eabf206b162b3b83,Paul Craig,10,20,validation,True,
4080b4310d82b42d,2025-09-06,46e2011d92463b7e,Oumar Sy,49edd0d90f60fb7d,Brendson Ribeiro,3,5,validation,True,
420211200a35c1d1,2025-09-06,8b6e5dc2ba1edbe7,Sam Patterson,31dbfbe4e7a6727c,Trey Waters,4,2,validation,True,
5bcd8abf6da01dae,2025-09-06,881bf86d4cba8578,Nassourdine Imavov,4126a78111c0855a,Caio Borralho,11,7,validation,True,
69b31593175f77ec,2025-09-06,4bdedbdeedff7d1d,Bolaji Oki,f6ad6a1e4d600e0d,Mason Jones,3,5,validation,True,
a38010639e61885c,2025-09-06,9c442aaf149ea982,Shauna Bannon,e94085e821bd81de,Sam Hughes,3,10,validation,True,
d14fea43712707f0,2025-09-06,c2299ec916bc7c56,Benoit Saint Denis,9c393e836a852f30,Mauricio Ruffy,9,3,validation,True,
07a378b257aad5a9,2025-09-13,baa9be02c3e3e038,Jose Daniel Medina,866fd7b1a6c90e7f,Dusko Todorovic,2,9,validation,True,
114d2f6fcd3f6f00,2025-09-13,8c0580d4fff106c1,Kelvin Gastelum,71505842fb6455c3,Dustin Stoltzfus,24,9,validation,True,
202c47db69768356,2025-09-13,262a7d06203657e6,Alexander Hernandez,f53d4f21d1b5f2dc,Diego Ferreira,16,16,validation,True,
352839a03b428e74,2025-09-13,d747eb273a40a920,Claudio Puelles,ae7fe94f117f98cf,Joaquim Silva,8,11,validation,True,
7cbfeba85f86d1bf,2025-09-13,e132d47bd9efbbe0,Rafa Garcia,7026eca45f65377b,Jared Gordon,9,16,validation,True,
9474f64347aade7a,2025-09-13,b08012bbe542592a,Tatiana Suarez,3df5493bb279226f,Amanda Lemos,8,13,validation,True,
de1a3734be60e6a1,2025-09-13,f166e93d04a8c274,Diego Lopes,52ef95b5860fb28c,Jean Silva,7,5,validation,True,
20971ed9a842b0cb,2025-11-08,06626b6287e1ae1e,Chris Padilla,eb393afdbe3293d5,Ismael Bonfim,3,4,validation,True,
238c274c90587e21,2025-11-08,46e0d677f91bacc0,Miles Johns,850266b3dc4e506e,Daniel Marcos,11,6,validation,True,
4e224ebb6394611d,2025-11-08,01641ba5df0c69b0,Gabriel Bonfim,c6aee362c7a7d482,Randy Brown,6,20,validation,True,
80eae31bc0a94a65,2025-11-08,cc8c623cca88f54f,Mayra Bueno Silva,e3964ece586e0635,Jacqueline Cavalcanti,12,4,validation,True,
9126633d921afb57,2025-11-08,31ef8b67e13495b3,Tecia Pennington,cffb87059e645bd1,Denise Gomes,18,7,validation,True,
ac4343150638b635,2025-11-08,a93f94c923c3a9cb,Christian Leroy Duncan,9384e71bca6c409d,Marco Tulio,7,2,validation,True,
b23fa678cc65cf5b,2025-11-08,447f9858ae78f921,Muslim Salikhov,681399317dbf4701,Uros Medic,13,8,validation,True,
c6d56aad93f98249,2025-11-08,5987b2458f4b5290,Ricky Simon,b9f28e7045fdfce7,Raoni Barcelos,15,13,validation,True,
e3d657dd88864ba7,2025-11-08,41cc71cbf210e0fe,Hyder Amil,e00a3dee329a51f7,Jamall Emmers,4,8,validation,True,
f7e9bd2d6f81aeae,2025-11-08,67c1d46f4ed16f9e,Matt Schnell,2fe9032955c2e013,Joseph Morales,15,4,validation,True,
00ee51bba08b7a08,2025-11-22,f00ac08ab056af5d,Tagir Ulanbekov,98aa60cf58071fd6,Kyoji Horiguchi,7,8,validation,True,
335064c3380e2f10,2025-11-22,6a96ad1bc34fb113,Ismail Naurdiev,d5bab53a1a603aac,Ryan Loder,6,2,validation,True,
443f30a4a856584a,2025-11-22,ab2b4ff41d6ebe0f,Alex Perez,8d3273573b85be09,Asu Almabayev,12,6,validation,True,
5f5b626e67529056,2025-11-22,eae48ff31db420c2,Arman Tsarukyan,193b9d1858bc4df3,Dan Hooker,11,22,validation,True,
870d374f8d9af65a,2025-11-22,0845c81e37d3bcb3,Volkan Oezdemir,a495f599e787614f,Alonzo Menifield,15,16,validation,True,
8ed609d80e135d94,2025-11-22,0a1942069c9ad6b6,Jack Hermansson,bf2c8e01b07d3eb1,Myktybek Orolbai,18,4,validation,True,
b2218930b982d9b6,2025-11-22,b1b0729d27936f2f,Belal Muhammad,442c9011034ae1fd,Ian Machado Garry,20,10,validation,True,
e8307c7686c42d8c,2025-11-22,fc08099550072fe4,Waldo Cortes Acosta,6747ccd6d1acd266,Shamil Gaziev,10,4,validation,True,
24bb03f0a3415fbe,2025-12-13,9560ff14eb3129f7,Giga Chikadze,239d8e5359022f3b,Kevin Vallejos,11,2,validation,True,
71170fb7ade3e1f4,2025-12-13,5c637af9472ae7cc,Jamey-Lyn Horth,59c438c81fbf3ece,Tereza Bleda,5,2,validation,True,
93ca562453f65b8d,2025-12-13,20bccc9bb4ceb23e,Melquizael Costa,5b03b61f9d90125e,Morgan Charriere,7,5,validation,True,
a5a81a39ccf9b680,2025-12-13,6e15f63b6c2e2c15,Brandon Royval,5d1b7e3dd9e11074,Manel Kape,11,9,validation,True,
007e8e0d4a39d82c,2026-01-24,b50a426a33da0012,Sean O'Malley,efb96bf3e9ada36f,Song Yadong,14,15,validation,True,
33be2456161c14c3,2026-01-24,2f815ed5f8278ba6,Ateba Gautier,22e07d3da1aa3475,Andrey Pulyaev,3,2,validation,True,
6c9f4799990c3c33,2026-01-24,2b6fc1c02736833d,Umar Nurmagomedov,aa72b0f831d0bfe5,Deiveson Figueiredo,8,20,final_holdout,True,
780cab0cd07589e4,2026-01-24,1091d4d957141094,Nikita Krylov,476fe566d2df676e,Modestas Bukauskas,20,11,final_holdout,True,
836a188a90e479a5,2026-01-24,040a74bb0a465c54,Arnold Allen,52ef95b5860fb28c,Jean Silva,13,6,final_holdout,True,
b5aafe149bec4306,2026-01-24,ab2b4ff41d6ebe0f,Alex Perez,814e5233e2acf2ee,Charles Johnson,13,12,final_holdout,True,
d63c9aa4f4873001,2026-01-24,262d32ebda89efc4,Natalia Silva,47b63240018d5d86,Rose Namajunas,7,18,final_holdout,True,
d93ee3860196c4ae,2026-01-24,fc08099550072fe4,Waldo Cortes Acosta,d3df1add9d9a7efb,Derrick Lewis,11,30,final_holdout,True,
fa4b3f5ce8055921,2026-01-24,9e8f6c728eb01124,Justin Gaethje,7826923b47f8d72a,Paddy Pimblett,14,7,final_holdout,True,
32e9bc4d0a19a923,2026-01-31,17734443a833cdf7,Quillan Salkilld,af9f42e6894047fc,Jamie Mullarkey,3,12,final_holdout,True,
4c1e7e1765a5438a,2026-01-31,7facc9c45d792985,Kaan Ofli,3f11fd1751fa83b1,Yizha,3,3,final_holdout,True,
57d7a683b85bb87b,2026-01-31,c814b4c899793af6,Rafael Fiziev,9c393e836a852f30,Mauricio Ruffy,11,4,final_holdout,True,
67765535bd0b6bdf,2026-01-31,c62fbc117d57b943,Tai Tuivasa,17923f676f100e16,Tallison Teixeira,16,2,final_holdout,True,
a7ae8f6eb5fc3a79,2026-01-31,193b9d1858bc4df3,Dan Hooker,c2299ec916bc7c56,Benoit Saint Denis,23,11,final_holdout,True,
b06b43670238c2d8,2026-01-31,e1248941344b3288,Alexander Volkanovski,f166e93d04a8c274,Diego Lopes,17,8,final_holdout,True,
d94f1b32a81e3fa1,2026-01-31,c15fa95b9a12fde4,Junior Tafa,07a74004d964c7f4,Billy Elekana,6,3,final_holdout,True,
2a26c0cfa06265b7,2026-02-07,ffd3224638c01b57,Jean Matsumoto,a09ed60aa67a3f67,Farid Basharat,4,5,final_holdout,True,
2bbfbb234c255249,2026-02-07,9f5e3c20ce40b344,Klaudia Sygula,b1e5bcaad32a3cac,Priscila Cachoeira,2,12,final_holdout,True,
6cca11f353a2b42d,2026-02-07,e4277e87a789d687,Dustin Jacoby,6add18754930182b,Julius Walker,16,2,final_holdout,True,
84e8ccc3c97c2b4c,2026-02-07,2997e7fe3c9d3d4a,Wang Cong,de594b35c45c2e9a,Eduarda Moura,4,4,final_holdout,True,
8fea32ab0445859c,2026-02-07,0d65c432720accb9,Michal Oleksiejczuk,8e9eb3fc86db0f7d,Marc-Andre Barriault,17,16,final_holdout,True,
abefaf1807941ee4,2026-02-07,0f1efce7d2571d10,Nikolay Veretennikov,d8da10db80131bec,Niko Price,4,19,final_holdout,True,
cc5c5a8cff4c1ae9,2026-02-07,7138a15258dabf20,Bruna Brasil,8bd4200561c77a62,Ketlen Souza,6,5,final_holdout,True,
dbbf8334a2600895,2026-02-07,6d35bf94f7d30241,Amir Albazi,98aa60cf58071fd6,Kyoji Horiguchi,6,9,final_holdout,True,
fb4b1754d510b0d0,2026-02-07,bc711b6dd95c1af6,Mario Bautista,18d01f7f8338ae72,Vinicius Oliveira,13,4,final_holdout,True,
04b7bcc0e8488604,2026-02-21,e2f6b2769aaedd6c,Serghei Spivac,7d8435c56043b0ae,Ante Delija,14,2,final_holdout,True,
202d3277e569ad03,2026-02-21,c68c68efaa5ca6ef,Chidi Njokuani,28d421729451c8ca,Carlos Leal,9,3,final_holdout,True,
372d1dee0db8dbee,2026-02-21,23dec7c47cb418f8,Zach Reese,595db60957de51d3,Michel Pereira,6,14,final_holdout,True,
5b97f47cdd355cbe,2026-02-21,ac026518a9b4dc0f,Jordan Leavitt,70380ccdc81915b8,Yadier del Valle,8,2,final_holdout,True,
6e78d874097a3d22,2026-02-21,aa0c573da7119292,Juliana Miller,f1ab6f37492c630a,Carli Judice,4,3,final_holdout,True,
8d740c844353ae0e,2026-02-21,0d8011111be000b2,Sean Strickland,093e1f5bb73850be,Anthony Hernandez,23,11,final_holdout,True,
8f9896e60047007f,2026-02-21,3d074044a33825e7,Ramiz Brahimaj,64facb6cc564262d,Punahele Soriano,8,10,final_holdout,True,
dc6f6c8228390ebb,2026-02-21,82a5152216251682,Dan Ige,20bccc9bb4ceb23e,Melquizael Costa,20,8,final_holdout,True,
dd12bf51c5ed7f1e,2026-02-21,b997be68943010fc,Geoff Neal,681399317dbf4701,Uros Medic,13,9,final_holdout,True,
fd56a469e4589ebc,2026-02-21,f2b3f4ef3f780168,Nora Cornolle,f9ab66e67240db7b,Joselyne Edwards,5,11,final_holdout,True,
1330b5c21269fe92,2026-02-28,792be9a24df82ed6,Brandon Moreno,bb2c3c3a466224af,Lone'er Kavanagh,19,3,final_holdout,True,
25ab195cefbce1d0,2026-02-28,7debc13b36343605,Cristian Quinonez,9c27f3217891f3f0,Kris Moutinho,3,3,final_holdout,True,
36d12b31957e94db,2026-02-28,7c7332319c14094c,Marlon Vera,9a97acbfd5a08bfa,David Martinez,25,2,final_holdout,True,
581292ffe5b09344,2026-02-28,21b813b919776d90,Erik Silva,5d495dec23d7c68e,Francis Marshall,2,5,final_holdout,True,
7df505d8260ba680,2026-02-28,5ef94841c4bc3f86,Edgar Chairez,53c10176e3bc7416,Felipe Bunes,5,3,final_holdout,True,
81f3d28d30d17378,2026-02-28,4148802ae4a50768,Daniel Zellhuber,887961364be5ceb3,King Green,6,28,final_holdout,True,
c40b934d2666e351,2026-02-28,06e4245d16fc5315,Ailin Perez,9cdd2da1a9104a0b,Macy Chiasson,6,13,final_holdout,True,
6a4738656c493ee9,2026-03-07,d1c65d2cf2925ddd,Gregory Rodrigues,1e719d4b676dc19a,Brunno Ferreira,12,8,final_holdout,True,
a22fd3735819d858,2026-03-07,3cf18e01cb6cbde3,Sumudaerji,c051c2e12d692b8a,Jesus Aguilar,9,6,final_holdout,True,
bed89a91da9d04c1,2026-03-07,05339613bf8e9808,Rob Font,fe2babf95de24fb1,Raul Rosas Jr.,20,6,final_holdout,True,
d564db29997e1371,2026-03-07,4126a78111c0855a,Caio Borralho,d549cefc7c54ab78,Reinier de Ridder,8,5,final_holdout,True,
ecd16d14a138d7fb,2026-03-07,d8c7c61b176e3994,Cody Garbrandt,86bace9e4ad85542,Xiao Long,16,3,final_holdout,True,
f02c0adc4ae629c6,2026-03-07,519e4fe37ce9ff75,Drew Dober,511e82663651438d,Michael Johnson,26,31,final_holdout,True,
f030febede41c661,2026-03-07,150ff4cc642270b9,Max Holloway,07225ba28ae309b6,Charles Oliveira,31,36,final_holdout,True,
f661ef429055f8c1,2026-03-07,7f6ed67d3ed3c036,Cody Durden,17cb6d8e8187f304,Nyamjargal Tumendemberel,14,2,final_holdout,True,
244285b7fd0ddece,2026-03-14,e375cb5caf4717b6,Piera Rodriguez,e94085e821bd81de,Sam Hughes,6,11,final_holdout,True,
3b7b771b9578383d,2026-03-14,3df5493bb279226f,Amanda Lemos,38c7f72747f4f712,Gillian Robertson,14,19,final_holdout,True,
8bee5192baec71d8,2026-03-14,8fd808923cffff82,Andre Fili,7d6ceff6747f2de2,Jose Delgado,25,3,final_holdout,True,
cff81d681a01ae18,2026-03-14,0c6d9ea8306c029e,Brad Tavares,cad24459b28592ca,Eryk Anders,27,19,final_holdout,True,
db7694f4513120d5,2026-03-14,cd13728ae1151f46,Ion Cutelaba,46e2011d92463b7e,Oumar Sy,19,4,final_holdout,True,
f26c0bdf7689aea2,2026-03-14,5442f1bc4b47eaf3,Chris Curtis,bf2c8e01b07d3eb1,Myktybek Orolbai,11,5,final_holdout,True,
f44b4e998b6829f6,2026-03-14,7478b7f959ba61f5,Elijah Smith,a474aade8eb3a8f0,SuYoung You,2,3,final_holdout,True,
f594fc5c2bc6237e,2026-03-14,fba03cd6cc28dc41,Josh Emmett,239d8e5359022f3b,Kevin Vallejos,16,3,final_holdout,True,
fc9168fd102e2e66,2026-03-14,814e5233e2acf2ee,Charles Johnson,294aa73dbf37d281,Bruno Silva,13,10,final_holdout,True,
346e3897c2ead99a,2026-03-21,76e2870ffafbe38f,Movsar Evloev,396fe87b84ac2e1c,Lerone Murphy,9,10,final_holdout,True,
562d916f55918901,2026-03-21,327d5f279895110d,Roman Dolidze,a93f94c923c3a9cb,Christian Leroy Duncan,13,8,final_holdout,True,
5ee11b727e89e8ad,2026-03-21,a67d071163962af8,Michael Page,8b6e5dc2ba1edbe7,Sam Patterson,4,5,final_holdout,True,
1c50e43770ba84fc,2026-03-28,04835018f90b118c,Casey O'Neill,a6eb54ae17a551be,Gabriella Fernandes,7,5,final_holdout,True,
6102e7a6dcbc62f0,2026-03-28,c58f51dedb310998,Michael Chiesa,d8da10db80131bec,Niko Price,21,20,final_holdout,True,
796e1151896195aa,2026-03-28,545092d13c67aa49,Alexia Thainara,7138a15258dabf20,Bruna Brasil,2,7,final_holdout,True,
85e94a6c071fd9fa,2026-03-28,1338e2c7480bdf9e,Israel Adesanya,c1085e1701b13eca,Joe Pyfer,18,7,final_holdout,True,
9a0ecee6e8ca173f,2026-03-28,e8b731feff72294b,Alexa Grasso,6a740daf1b279661,Maycee Barber,14,12,final_holdout,True,
a76e14495e61cf19,2026-03-28,809bd1a871491508,Terrance McKinney,31f8081c7600da93,Kyle Nelson,12,11,final_holdout,True,
dbf1ee1a1912c735,2026-03-28,b4b496ec2197ee3e,Navajo Stirling,0abcf6bc47191219,Bruno Lopes,3,2,final_holdout,True,
721642e7de112e9e,2026-04-04,7dda2cf308f24a02,Virna Jandiroba,d25240135aee03e5,Tabatha Ricci,12,10,final_holdout,True,
9c9c26679701b84d,2026-04-04,f9b200db02b488d9,Lando Vannata,65db4065e2bc107d,Darrius Flowers,13,3,final_holdout,True,
af2a9d47ca8115e4,2026-04-04,3fa97913cfd205d3,Alessandro Costa,2bd98ab77a8daa75,Stewart Nicoll,5,2,final_holdout,True,
caf13346cbcfdb03,2026-04-04,27b388f0aab49780,Dione Barbosa,a4a80dd7336ffd59,Melissa Gatto,4,5,final_holdout,True,
d69bd8e53ec858dc,2026-04-04,b6452706b373eea1,Renato Moicano,fd406a32a6fb3a29,Chris Duncan,19,7,final_holdout,True,
e284a194fb4648a9,2026-04-04,3bc3f60b21cddc6a,Azamat Bekoev,147e70aa6cc48cfc,Tresean Gore,3,6,final_holdout,True,
20868a67bea63129,2026-04-11,8c0580d4fff106c1,Kelvin Gastelum,6d4b63c767106d3a,Vicente Luque,25,24,final_holdout,True,
5b49c3d36907c6df,2026-04-11,feedf3053472fe56,Charles Radtke,3920d0cc288f9b0d,Francisco Prado,6,5,final_holdout,True,
60949f33201415ca,2026-04-11,d247691a6c0e9034,Cub Swanson,583ee11abddfc581,Nate Landwehr,25,10,final_holdout,True,
62b5ce408c150fa8,2026-04-11,72db2a14ffa73ece,Mateusz Gamrot,323d4ca260dfa0ba,Esteban Ribovics,12,6,final_holdout,True,
903552edaba48f4a,2026-04-11,fa6796c55d6c5440,Curtis Blaydes,955da1675ad58a50,Josh Hokit,20,2,final_holdout,True,
a031f062b7ffefee,2026-04-11,009341ed974bad72,Jiri Prochazka,9014c02eff8b3d62,Carlos Ulberg,8,10,final_holdout,True,
aade9d76ac6c6aef,2026-04-11,e90a2f22417af68e,Azamat Murzakanov,2e5c2aa8e4ab9d82,Paulo Costa,6,11,final_holdout,True,
b4e16fb13153efdc,2026-04-11,3a46b268013afede,Kevin Holland,c6aee362c7a7d482,Randy Brown,28,21,final_holdout,True,
c4d060cff018979a,2026-04-11,2e19380f34871c6a,Dominick Reyes,c21f26bbde777573,Johnny Walker,14,15,final_holdout,True,
f506977877074aa6,2026-04-11,b08012bbe542592a,Tatiana Suarez,8e5d953bdb9ae5e7,Loopy Godinez,9,14,final_holdout,True,
0b6c13ab8ad7f82b,2026-04-18,6fd953151d981979,JJ Aldrich,5c637af9472ae7cc,Jamey-Lyn Horth,16,6,final_holdout,True,
32054bf2b36b0e47,2026-04-18,23024fdfc966410a,Gilbert Burns,dd6103dd7127db1d,Mike Malott,24,7,final_holdout,True,
5a209522211d7530,2026-04-18,a9e260472d321361,Jasmine Jasudavicius,9d62c2d8ee151f08,Karine Silva,11,7,final_holdout,True,
a661c0bee7c8d5af,2026-04-18,d945aae53e3e54e6,Thiago Moises,b2a78df161bd67f9,Gauge Young,15,2,final_holdout,True,
b5299e5b946015e5,2026-04-18,60425d07ef4b91a7,Kyler Phillips,f1d64ae34e088832,Charles Jourdain,9,16,final_holdout,True,
bae4de7ef8c0769e,2026-04-18,51e2f44a8dbf6984,Melissa Croden,07047eb7d17fb0a2,Daria Zhelezniakova,2,3,final_holdout,True,
0df4f4ac27cf2d26,2026-04-25,d35298b6df168456,Talita Alencar,abb68e3c7ca128f2,Julia Polastri,4,4,final_holdout,True,
348de8e364ecf041,2026-04-25,cc1a8b4b38b92c6d,Montel Jackson,b9f28e7045fdfce7,Raoni Barcelos,12,14,final_holdout,True,
67f24cf244134661,2026-04-25,260e9e0d4954aea6,Rodolfo Vieira,9508cc6184cb2450,Eric McConico,10,3,final_holdout,True,
84951374e4cdc679,2026-04-25,e132d47bd9efbbe0,Rafa Garcia,262a7d06203657e6,Alexander Hernandez,10,17,final_holdout,True,
cb745968bd16bf56,2026-04-25,d3f5d33d61cd00c9,Norma Dumont,f9ab66e67240db7b,Joselyne Edwards,11,12,final_holdout,True,
d421f3cd158fd055,2026-04-25,65adf3856c4d9256,Jafel Filho,7f6ed67d3ed3c036,Cody Durden,5,15,final_holdout,True,
ef1cd6371a3f18e0,2026-04-25,3eeec2f53cebdf12,Jackson McVey,4e6738062d469256,Sedriques Dumas,2,7,final_holdout,True,
f524e42c36028de0,2026-04-25,cb696ebfb6598724,Aljamain Sterling,52c2ae6d2f2d2613,Youssef Zalal,22,12,final_holdout,True,
00bde62cac38e5e9,2026-05-02,ed7d329d7c29428d,Colby Thicknesse,37098a6e6c27fb66,Vince Morales,2,11,final_holdout,True,
2afaa97901d5587c,2026-05-02,c62fbc117d57b943,Tai Tuivasa,cdb7b38b1b357f26,Louie Sutherland,17,2,final_holdout,True,
46181797eb543a0b,2026-05-02,8ebc3a8da015d70c,Cam Rowston,f96856f9d69fd7e4,Robert Bryczek,2,2,final_holdout,True,
5c7c38dece435cde,2026-05-02,08af939f41b5a57b,Beneil Dariush,17734443a833cdf7,Quillan Salkilld,25,4,final_holdout,True,
7ac4ae301ed699ab,2026-05-02,f782f953bfe7b5f2,Jonathan Micallef,40f3cb27fc7305a1,Themba Gorimbo,2,7,final_holdout,True,
a564219e7a964aa6,2026-05-02,6747ccd6d1acd266,Shamil Gaziev,d0fd0d9ee560dae7,Brando Pericic,5,2,final_holdout,True,
afec383a96893ec5,2026-05-02,c96d9178c9ed9e62,Tim Elliott,32ab52e5de93092d,Steve Erceg,21,7,final_holdout,True,
eb6d9fef6c374830,2026-05-02,6b453bc35a823c3f,Jack Della Maddalena,7ee0fd831c0fe7c3,Carlos Prates,9,7,final_holdout,True,
edff38661bf2866b,2026-05-02,d4270315cbcf2569,Jacob Malkoun,6ac9bc2953c47345,Gerald Meerschaert,8,25,final_holdout,True,
1158a27a1a04b971,2026-05-09,887961364be5ceb3,King Green,18968f97ad34f15c,Jeremy Stephens,29,35,final_holdout,True,
1f5d0b106385b2ac,2026-05-09,d1feea7a4bdcd503,Baisangur Susurkaev,312f7d7b2b2f7de4,Djorden Santos,2,2,final_holdout,True,
22ba4f1b0aafbf82,2026-05-09,279566840aa55bf2,Alexander Volkov,fc08099550072fe4,Waldo Cortes Acosta,18,12,final_holdout,True,
303018d7459323b4,2026-05-09,b8bbdeff718dbb7d,Pat Sabatini,e1d40e8782d80bc2,William Gomis,10,6,final_holdout,True,
70f1621080b3435c,2026-05-09,767755fd74662dbf,Khamzat Chimaev,0d8011111be000b2,Sean Strickland,9,24,final_holdout,True,
770c5302e32916ea,2026-05-09,2f815ed5f8278ba6,Ateba Gautier,6967153c7edb4d87,Ozzy Diaz,4,2,final_holdout,True,
845b8653f9cf839c,2026-05-09,45f7cb591c3ab00b,Sean Brady,b9437600497350f3,Joaquin Buckley,10,16,final_holdout,True,
9d35723a53749931,2026-05-09,9d83f6da776ff7d6,Roman Kopylov,9384e71bca6c409d,Marco Tulio,11,3,final_holdout,True,
c85b530861145935,2026-05-09,17e97649403ba428,Joshua Van,4461d7e47375a895,Tatsuro Taira,10,9,final_holdout,True,
e50857173607d631,2026-05-09,d1941565abf50b16,Jim Miller,7026eca45f65377b,Jared Gordon,46,17,final_holdout,True,
e92d89cb2d69235e,2026-05-09,b62d5280966b2460,Clayton Carpenter,88be62d6c1e6dadb,Jose Ochoa,4,3,final_holdout,True,
ffcb47e17eebe6a6,2026-05-09,99bd51917728c25d,Grant Dawson,849c5d9979df5357,Mateusz Rebecki,14,7,final_holdout,True,
39417b7d07c2fd83,2026-05-16,9c442aaf149ea982,Shauna Bannon,fc0a4053eb8a3a59,Nicolle Caliari,4,2,final_holdout,True,
48cb604345f11766,2026-05-16,f14f644d41ade29f,Cody Brundage,5f61780fe5e9b6d0,Andre Petroski,15,12,final_holdout,True,
5f7111b982bcf6e3,2026-05-16,b9706f80d005036c,Ketlen Vieira,e3964ece586e0635,Jacqueline Cavalcanti,14,5,final_holdout,True,
6242cda790f2085d,2026-05-16,3e8118c1ab52f211,Tuco Tokkos,64ad3e3b0efa30bb,Ivan Erslan,3,3,final_holdout,True,
a6ec8573a9d38c51,2026-05-16,0e46690e55a8df75,Timmy Cuamba,b6c37948cb226e8c,Benardo Sopaj,4,2,final_holdout,True,
b482d4452e4d0eee,2026-05-16,e8fe9c15d348e778,Daniel Barez,29162be25ebef5f0,Luis Gurule,3,3,final_holdout,True,
b98ead4eff6bf872,2026-05-16,87f8699fdcc2c404,Alice Ardelean,9673a497a9da119a,Polyana Viana,4,11,final_holdout,True,
e4aa608124896794,2026-05-16,040a74bb0a465c54,Arnold Allen,20bccc9bb4ceb23e,Melquizael Costa,14,9,final_holdout,True,
ec32745308e2b055,2026-05-16,0f1efce7d2571d10,Nikolay Veretennikov,2558ae2e5671e318,Khaos Williams,5,10,final_holdout,True,
fc1266e2892ed111,2026-05-16,e93b04e308913c2e,Dooho Choi,b67d6bacc68d4c92,Daniel Santos,9,5,final_holdout,True,
00959e29e4a10e26,2026-05-30,d33da8a3d82bdb62,Kai Asakura,5c84f673b7bb7c15,Cameron Smotherman,2,3,final_holdout,True,
224dce2c0b03e7eb,2026-05-30,2f43a3e82661fa99,Rei Tsuruya,29162be25ebef5f0,Luis Gurule,2,4,final_holdout,True,
370ff29489150560,2026-05-30,4e30e4250cb08b61,Loma Lookboonmee,bc7d1ad49fcb2d08,Jaqueline Amorim,10,6,final_holdout,True,
423f32dd018ac218,2026-05-30,efb96bf3e9ada36f,Song Yadong,aa72b0f831d0bfe5,Deiveson Figueiredo,16,21,final_holdout,True,
a23d84f15207e459,2026-05-30,8a65fd9ba31fd3f7,Zhang Mingyang,a495f599e787614f,Alonzo Menifield,4,17,final_holdout,True,
c1c9dfd0c0952f18,2026-05-30,a845f0735bc67405,Jake Matthews,a53d30163304aa6e,Carlston Harris,23,7,final_holdout,True,
f74e4afdf6ae29d1,2026-05-30,f14cf73e51b29254,Sergei Pavlovich,17923f676f100e16,Tallison Teixeira,11,3,final_holdout,True,
20d74ed23d3e9b3a,2026-06-06,294aa73dbf37d281,Bruno Silva,5ef94841c4bc3f86,Edgar Chairez,11,6,final_holdout,True,
419fff06f338f5c6,2026-06-06,2f181c0467965b98,Brendan Allen,4144798612ef96e5,Edmen Shahbazyan,18,14,final_holdout,True,
44cfbb8c3c356c65,2026-06-06,ac026518a9b4dc0f,Jordan Leavitt,791c8437b341fba5,Joanderson Brito,9,9,final_holdout,True,
58ffa2dac4f2e7d0,2026-06-06,1e4f273069fb9e85,Fares Ziam,6c3b2525436cf5d4,Tom Nolan,10,5,final_holdout,True,
5c69b019e6deee41,2026-06-06,b1b0729d27936f2f,Belal Muhammad,01641ba5df0c69b0,Gabriel Bonfim,21,7,final_holdout,True,
5d2eedd05081ed23,2026-06-06,67c1d46f4ed16f9e,Matt Schnell,3fa97913cfd205d3,Alessandro Costa,16,6,final_holdout,True,
90940d93d6e0998f,2026-06-06,c0ac37a4a1133da9,Marcus McGhee,450bcab0968562c4,John Yannis,5,2,final_holdout,True,
98e77712f99956ff,2026-06-06,b1e5bcaad32a3cac,Priscila Cachoeira,af9efbfd63d39734,Chelsea Chandler,13,5,final_holdout,True,
b0474597b2c60482,2026-06-06,8bd4200561c77a62,Ketlen Souza,c0d5c0c95c59050b,Ariane Carnelossi,6,6,final_holdout,True,
bfe4950b3de83e9c,2026-06-06,1c23ec2f1b71be40,Iwo Baraniewski,c15fa95b9a12fde4,Junior Tafa,2,8,final_holdout,True,
c47796e11a801e12,2026-06-06,d9c6f19f958643e9,Bryce Mitchell,faf317c665546a36,Santiago Luna,12,2,final_holdout,True,
00e8d4b961a65d21,2026-06-14,35673bf5204524ee,Bo Nickal,d6c0cdd7e467c440,Kyle Daukaus,6,9,final_holdout,True,
127ba4a1ccb3d4a6,2026-06-14,f166e93d04a8c274,Diego Lopes,97cf1a2c7c5e7889,Steve Garcia,9,10,final_holdout,True,
30cdb851f6c63444,2026-06-14,955da1675ad58a50,Josh Hokit,d3df1add9d9a7efb,Derrick Lewis,3,31,final_holdout,True,
5727d5be8c373346,2026-06-14,e5549c82bfb5582d,Alex Pereira,787bb1f087ccff8a,Ciryl Gane,12,12,final_holdout,True,
60de0423ae6ed097,2026-06-14,b50a426a33da0012,Sean O'Malley,24656ef4d605c96f,Aiemann Zahabi,15,10,final_holdout,True,
7208e40818401e88,2026-06-14,54f64b5e283b0ce7,Ilia Topuria,9e8f6c728eb01124,Justin Gaethje,9,15,final_holdout,True,
9a9b30b3165b62e4,2026-06-14,9c393e836a852f30,Mauricio Ruffy,4b93a88f3b1de35b,Michael Chandler,5,7,final_holdout,True,
17d31249c9ab18af,2026-06-20,b1f21ce050035d58,Andre Lima,34b96d52db1d26e6,Kevin Borjas,4,5,final_holdout,True,
33afdd7ad43a2756,2026-06-20,5d1b7e3dd9e11074,Manel Kape,98aa60cf58071fd6,Kyoji Horiguchi,10,10,final_holdout,True,
3b4803afa824fea3,2026-06-20,253076a23d03dcd0,Allan Nascimento,0be6776db31d98ec,Mitch Raposo,5,3,final_holdout,True,
571a3eabff5c7ba7,2026-06-20,18d01f7f8338ae72,Vinicius Oliveira,8fd808923cffff82,Andre Fili,5,26,final_holdout,True,
8b809ba1880aded0,2026-06-20,96924b0019b3aff1,Gaston Bolanos,01c9e4013afce141,Michael Aswell Jr.,4,3,final_holdout,True,
aaec28fa3c0c576d,2026-06-20,41cc71cbf210e0fe,Hyder Amil,5ec591b78349ba7e,Christian Rodriguez,5,9,final_holdout,True,
afc021700481ac4e,2026-06-20,cd13728ae1151f46,Ion Cutelaba,b4b496ec2197ee3e,Navajo Stirling,20,4,final_holdout,True,
b23a1a5d35eb438a,2026-06-20,351c4ec637380ad5,Karol Rosa,5078e1dacf9d25f4,Luana Santos,12,6,final_holdout,True,
c0980a613f24accd,2026-06-20,eff9074bc066f0f2,Bia Mesquita,bd532e9a2b93870c,Melissa Mullins,2,4,final_holdout,True,
012c307c9d446c4d,2026-06-27,06734ca9d88dec3a,Shara Magomedov,595db60957de51d3,Michel Pereira,6,15,final_holdout,True,
35985895d4ef321e,2026-06-27,36b8f265bcd1b7a4,Abus Magomedov,0d65c432720accb9,Michal Oleksiejczuk,7,18,final_holdout,True,
48b1ee7ab45add4c,2026-06-27,95aff2fd8d09a5f0,Abdul Rakhman Yakhyaev,6add18754930182b,Julius Walker,2,3,final_holdout,True,
5e7f4ba1210f433d,2026-06-27,49d2a08964c5eb11,Nursulton Ruziboev,22e07d3da1aa3475,Andrey Pulyaev,5,3,final_holdout,True,
809814f03ff3140c,2026-06-27,ff62013d2fce6d13,Nazim Sadykhov,72f890c5d421e705,Matheus Camilo,6,2,final_holdout,True,
81cde317c156723b,2026-06-27,8d3273573b85be09,Asu Almabayev,814e5233e2acf2ee,Charles Johnson,7,14,final_holdout,True,
ae0a91c8f92f4758,2026-06-27,a4dc0f2b95df4cc1,Bekzat Almakhan,ffd3224638c01b57,Jean Matsumoto,3,5,final_holdout,True,
c13dc0cccef263f7,2026-06-27,c814b4c899793af6,Rafael Fiziev,2e7878927067fdca,Manuel Torres,12,6,final_holdout,True,
d83294b031502177,2026-06-27,b07aed698fba8624,Ikram Aliskerov,1e719d4b676dc19a,Brunno Ferreira,5,9,final_holdout,True,
130b325610c54a64,2026-07-11,c2299ec916bc7c56,Benoit Saint Denis,7826923b47f8d72a,Paddy Pimblett,12,8,final_holdout,True,
1b6a3b0d27654d3e,2026-07-11,3fa97913cfd205d3,Alessandro Costa,7f6ed67d3ed3c036,Cody Durden,7,16,final_holdout,True,
7765e5e779dd7dc9,2026-07-11,1091d4d957141094,Nikita Krylov,e1147d3d2dabe1ce,Robert Whittaker,21,24,final_holdout,True,
930317fde9dbc55e,2026-07-11,b1de86d835638319,Luke Riley,eee0ef3e2b14816b,Kai Kamaka III,2,5,final_holdout,True,
989760fa75321d69,2026-07-11,f4c49976c75c5ab2,Conor McGregor,150ff4cc642270b9,Max Holloway,14,32,final_holdout,True,
a26ea74f2e908842,2026-07-11,887961364be5ceb3,King Green,809bd1a871491508,Terrance McKinney,30,13,final_holdout,True,
a3ab1979192b647c,2026-07-11,6e15f63b6c2e2c15,Brandon Royval,bb2c3c3a466224af,Lone'er Kavanagh,12,4,final_holdout,True,
c572daedf2012a49,2026-07-11,65f09bacd3957381,Cory Sandhagen,bc711b6dd95c1af6,Mario Bautista,16,14,final_holdout,True,
e84c3f1f9a33fa90,2026-07-11,68d4a891e5cf2029,Tracy Cortez,2997e7fe3c9d3d4a,Wang Cong,8,5,final_holdout,True,
e9f389ba3a1e33c4,2026-07-11,d8c7c61b176e3994,Cody Garbrandt,0232cabbc30a2372,Adrian Yanez,17,9,final_holdout,True,
3bd159c1bed14700,2026-07-18,d3f89fa685bd8420,Austin Bashi,7d6ceff6747f2de2,Jose Delgado,2,4,final_holdout,True,
410e6b9e01660b35,2026-07-18,5e9ca8dd7d783a75,Alden Coria,2bd98ab77a8daa75,Stewart Nicoll,2,3,final_holdout,True,
4eff5a845db17572,2026-07-18,13a0275fa13c4d26,Jared Cannonier,a93f94c923c3a9cb,Christian Leroy Duncan,20,9,final_holdout,True,
52ddf20a10890b41,2026-07-18,d25240135aee03e5,Tabatha Ricci,745fa7b605f8e2da,Fatima Kline,11,4,final_holdout,True,
701c97405da76603,2026-07-18,0d7b51c9d2649a6e,Dricus Du Plessis,f1b2aa7853d1ed6e,Kamaru Usman,10,19,final_holdout,True,
f2abca7379982d4f,2026-07-18,971246648e162f0d,Chase Hooper,e99eb0ef25885de5,Mitch Ramirez,13,2,final_holdout,True,
3859314324918eeb,2026-07-25,ca28cdf526d6b6e9,Nurullo Aliev,fb3e61720be4690c,Mike Davis,3,7,final_holdout,True,
9009ec7b91f2be14,2026-07-25,d802174b0c0c1f4e,Magomed Ankalaev,ef5dcb10d2bd4b0f,Bogdan Guskov,16,5,final_holdout,True,
a122306d0ce5fbfb,2026-07-25,eb393afdbe3293d5,Ismael Bonfim,1d2d98ddd05b38fb,Axel Sola,5,2,final_holdout,True,
c36cd04f8f560f0a,2026-07-25,32ab52e5de93092d,Steve Erceg,7d0a1968b38ca439,Ramazan Temirov,8,2,final_holdout,True,
d7070ab1b2144f8d,2026-07-25,f5779a2303ed76ec,Valter Walker,764d39074a352e33,Thomas Petersen,5,6,final_holdout,True,
f6e6b004f07363e9,2026-07-25,6d1bffff14897645,Santiago Ponzinibbio,8b6e5dc2ba1edbe7,Sam Patterson,20,6,final_holdout,True,
0c3c835e681972d3,2026-08-01,99df7d0a2a08a8a8,Jan Blachowicz,b4b496ec2197ee3e,Navajo Stirling,21,5,final_holdout,True,
13aa6688d0538095,2026-08-01,c4d039123e62f6a9,Dennis Buzukja,fb37795db81f93f3,Bogdan Grad,5,3,final_holdout,True,
5425c577ed4f50b3,2026-08-01,849c5d9979df5357,Mateusz Rebecki,873626e5547b5235,Kyle Prepolec,8,4,final_holdout,True,
68ae50dbf98dc15f,2026-08-01,681399317dbf4701,Uros Medic,8a1f3b5c526cd6e6,Daniel Rodriguez,10,14,final_holdout,True,
eb8753ed0476b3d1,2026-08-01,333b9e5c723ac873,Aleksandar Rakic,c9cf753cfdf77fc2,Marcin Tybura,11,24,final_holdout,True,
f425b7a527dd53aa,2026-08-01,866fd7b1a6c90e7f,Dusko Todorovic,0cd0456d6029cec2,Robert Valentin,10,4,final_holdout,True,
fbd99ae7e1ff993a,2026-08-01,5b86d491d63890c5,Ludovit Klein,ae81a3ac7b260411,Tofiq Musayev,12,2,final_holdout,True,
