feature,folds,mean_gain,mean_abs_shap,median_shap_rank,top100_folds
diff_profile_age,4,16.98309350013733,0.17365369200706482,1.0,4
self_profile_reach,4,23.989259243011475,0.10945752449333668,2.0,4
opp_profile_reach,4,24.02747678756714,0.10646829009056091,3.0,4
opp_profile_age,4,8.989757776260376,0.0565909082069993,4.0,4
self_profile_age,4,8.813790917396545,0.05579262413084507,5.0,4
diff_profile_weight,4,5.702367782592773,0.03741461597383022,6.5,4
diff_hist_f3_ground_attempts_per_control_min_std,4,6.089410066604614,0.03017604723572731,10.0,4
diff_profile_reach,4,38.255340576171875,0.02897482831031084,8.0,4
diff_hist_d730_total_str_landed_per15_mean,4,4.807016611099243,0.026151688303798437,9.5,4
diff_hist_career_td_attempted_per15_mean,4,7.810520768165588,0.023066228022798896,9.0,4
diff_hist_career_td_landed_per15_mean,4,6.61847198009491,0.019944006577134132,12.5,4
diff_hist_career_distance_landed_per15_std,4,4.884162068367004,0.01834225608035922,15.0,4
diff_hist_d730_elapsed_seconds_mean,4,7.139289975166321,0.01627459970768541,15.5,4
opp_hist_f3_distance_acc_mean,4,5.804122567176819,0.015670734224841,21.5,4
self_hist_f3_distance_acc_mean,4,6.0767048597335815,0.01338430936448276,20.0,4
diff_hist_d730_rounds_observed_mean,4,7.065119981765747,0.013176871230825782,29.0,4
diff_hist_f3_body_landed_per15_mean,4,4.6867653131484985,0.012257261900231242,34.5,4
opp_hist_f3_r1_distance_attempted_std,4,4.891722559928894,0.01223574101459235,24.0,4
diff_hist_d730_r1_distance_attempted_mean,4,5.116252183914185,0.012203681282699108,25.5,4
diff_hist_f1_r2_minus_r1_ctrl_sec_mean,4,5.37405800819397,0.01205782382749021,34.0,4
opp_hist_career_ground_attempted_per15_mean,4,7.375057697296143,0.01174399338196963,30.0,4
self_hist_f3_r1_distance_attempted_std,4,4.895531415939331,0.011684676283039153,27.0,4
diff_profile_stance_southpaw,4,5.08436381816864,0.011162075563333929,29.5,4
self_hist_f3_r2_minus_r1_ctrl_sec_mean,4,5.423452973365784,0.011027069995179772,36.0,4
opp_hist_career_r2_minus_r1_sig_str_landed_mean,4,4.368716597557068,0.010834743967279792,36.5,4
diff_hist_f3_distance_acc_std,4,4.853074312210083,0.009133302490226924,39.0,4
self_hist_f3_r2_minus_r1_sig_str_attempted_std,4,5.023048043251038,0.009000860387459397,44.0,4
opp_hist_f3_r2_minus_r1_ctrl_sec_mean,4,5.301332950592041,0.00840989372227341,53.5,4
opp_hist_d730_r3_minus_r1_clinch_attempted_mean,4,6.210869312286377,0.008364306879229844,51.0,4
opp_hist_f3_sig_str_attempted_per15_std,4,4.6353689432144165,0.0069348952965810895,73.0,4
self_hist_f3_sig_str_attempted_per15_std,4,4.754392027854919,0.0068414583802223206,76.5,4
diff_hist_d730_r2_distance_attempted_std,4,5.695773482322693,0.013667095976416022,24.5,3
diff_hist_career_r3_ctrl_sec_std,4,6.714655637741089,0.013518252992071211,19.5,3
diff_hist_d730_kd_per15_std,4,4.9006874561309814,0.012331223930232227,23.0,3
self_hist_career_ground_attempted_per15_mean,4,6.890156149864197,0.01173291855957359,25.5,3
self_hist_career_r2_minus_r1_sig_str_landed_mean,4,4.48983371257782,0.011690796469338238,30.0,3
diff_hist_career_r2_clinch_attempted_std,4,4.71799236536026,0.009996135864639655,30.0,3
opp_hist_career_r3_ground_attempted_std,4,6.253675818443298,0.008427396998740733,42.0,3
diff_hist_d730_r3_sig_str_landed_std,4,5.990841448307037,0.0083074503345415,58.0,3
diff_hist_f1_total_str_attempted_per15_mean,4,4.863294541835785,0.008203048433642834,66.0,3
opp_hist_f3_r2_minus_r1_sig_str_attempted_std,4,4.944019615650177,0.008024039125302806,43.0,3
diff_hist_f1_r1_sig_str_landed_mean,4,5.471798479557037,0.007762671215459704,78.0,3
diff_hist_f3_r2_minus_r1_sig_str_attempted_std,4,4.7715476751327515,0.007322260527871549,66.5,3
self_hist_d730_head_landed_per15_mean,4,9.380138635635376,0.007297915522940457,58.5,3
opp_hist_d730_head_acc_mean,4,5.883392333984375,0.007236286503029987,61.5,3
self_hist_career_total_str_attempted_per15_mean,4,5.523817300796509,0.007178289059083909,70.5,3
diff_hist_career_rounds_observed_std,4,4.979566812515259,0.007065438432618976,65.0,3
opp_hist_career_r1_distance_attempted_std,4,4.706327319145203,0.007021983037702739,54.0,3
diff_hist_career_r2_td_attempted_mean,4,5.428629279136658,0.006661334657110274,59.5,3
self_hist_d730_head_acc_mean,4,7.142529189586639,0.0063780456548556685,57.0,3
diff_hist_career_ground_attempts_per_control_min_std,4,4.535866856575012,0.006347118644043803,83.5,3
self_hist_f3_elapsed_seconds_mean,4,5.594999432563782,0.006091492279665545,69.5,3
opp_hist_d730_r3_sig_str_landed_std,4,5.215777516365051,0.005831817092257552,71.5,3
opp_hist_f1_distance_acc_mean,4,5.049071311950684,0.005813518393551931,78.0,3
opp_hist_career_td_landed_per15_mean,4,7.310020685195923,0.005748205003328621,71.5,3
opp_hist_f3_elapsed_seconds_mean,4,5.213019847869873,0.00574348762165755,82.0,3
diff_hist_career_rounds_observed_mean,4,5.927203893661499,0.005550679750740528,89.5,3
opp_hist_f3_distance_acc_std,4,4.815481781959534,0.005458785628434271,87.0,3
opp_hist_f1_sig_acc_mean,4,5.277874827384949,0.005090673366794363,90.5,3
diff_hist_career_r1_ctrl_sec_mean,4,5.84802520275116,0.01250677474308759,66.0,2
diff_hist_f3_r1_ctrl_sec_mean,4,7.118250727653503,0.00928056362317875,67.0,2
diff_hist_f1_leg_attempted_per15_mean,4,5.3028644323349,0.009012342139612883,102.5,2
diff_hist_f3_elapsed_seconds_mean,4,5.566299378871918,0.00805561660672538,162.0,2
self_hist_d730_r3_minus_r1_clinch_attempted_mean,4,5.5115678906440735,0.0077107123215682805,86.0,2
opp_hist_d730_head_landed_per15_mean,4,7.676816463470459,0.007663282915018499,68.5,2
self_hist_f3_r1_sig_str_landed_mean,4,5.852379322052002,0.007074108929373324,80.0,2
opp_hist_f3_clinch_attempt_share_mean,4,5.239884734153748,0.006830685182649177,128.5,2
self_hist_career_td_attempted_per15_mean,4,5.20686137676239,0.006762367353076115,124.0,2
diff_hist_career_r1_sig_str_landed_mean,4,5.804800748825073,0.006586442003026605,80.5,2
diff_hist_career_sub_att_per15_std,4,4.998249530792236,0.0064220650237984955,207.0,2
self_hist_f3_head_acc_mean,4,6.09570586681366,0.0064174301805906,92.5,2
diff_hist_d730_sub_att_per15_std,4,6.1008806228637695,0.006405584630556405,130.5,2
opp_hist_career_kd_per100_sig_landed_mean,4,5.513451933860779,0.006256375869270414,103.5,2
self_hist_career_r2_minus_r1_distance_attempted_std,4,5.037545025348663,0.005949016602244228,102.5,2
self_hist_career_r1_distance_attempted_std,4,4.678546249866486,0.005935689288889989,109.0,2
self_hist_d730_clinch_attempt_share_mean,4,5.215305685997009,0.005892798420973122,106.5,2
self_hist_career_td_landed_per15_mean,4,6.530645489692688,0.005824219668284059,97.5,2
self_hist_d730_r3_sig_str_landed_std,4,4.811942517757416,0.005649613216519356,107.0,2
diff_hist_d730_r1_sig_str_attempted_mean,4,4.899957299232483,0.005565020954236388,104.0,2
opp_hist_f1_sub_attempts_per_control_min_mean,4,8.878821969032288,0.005495576770044863,98.0,2
diff_hist_d730_r1_ctrl_sec_std,4,6.199167966842651,0.005389107507653534,102.5,2
opp_hist_f3_td_acc_std,4,5.377509355545044,0.005388665827922523,109.5,2
diff_hist_f3_r3_minus_r1_clinch_attempted_mean,4,5.0795676708221436,0.0053667183965444565,100.0,2
opp_hist_f3_leg_landed_per15_mean,4,4.857238531112671,0.00529740093043074,112.0,2
self_hist_f3_clinch_attempt_share_std,4,4.840674519538879,0.005289353604894131,130.5,2
self_hist_f3_clinch_attempt_share_mean,4,3.6968343257904053,0.00520776049233973,87.5,2
self_hist_career_kd_per15_mean,4,4.9782395362854,0.005094758700579405,115.0,2
diff_hist_career_r2_clinch_attempted_mean,4,4.799485921859741,0.005094419117085636,106.0,2
opp_hist_career_td_acc_std,4,4.033317029476166,0.0049487251963000745,162.0,2
diff_hist_f3_r2_minus_r1_distance_attempted_std,4,4.626445055007935,0.004871325945714489,177.5,2
diff_hist_career_r1_td_attempted_mean,4,5.477364540100098,0.004807024277397431,103.0,2
self_hist_career_td_acc_std,4,5.0977373123168945,0.0048032295890152454,124.5,2
diff_hist_f3_clinch_attempt_share_std,4,5.211389780044556,0.004717456482467242,152.5,2
self_hist_career_r3_ground_attempted_std,4,5.852679371833801,0.00459529715590179,154.0,2
self_hist_f3_ground_attempts_per_control_min_mean,4,7.354963302612305,0.00457863206975162,99.5,2
self_hist_f1_leg_attempt_share_mean,4,4.830140590667725,0.004549368197331205,316.0,2
diff_hist_f3_r1_sig_str_landed_mean,4,5.82061505317688,0.0043686009012162685,172.5,2
self_hist_career_head_landed_per15_mean,4,6.591561913490295,0.004259389213984832,157.0,2
self_hist_f1_distance_acc_mean,4,4.87793505191803,0.004188970022369176,150.0,2
diff_history_fights,4,7.805891275405884,0.00417392494273372,112.0,2
opp_hist_d730_r3_ctrl_sec_std,4,8.734915852546692,0.004161265445873141,250.5,2
opp_hist_f3_r1_sig_str_landed_mean,4,6.041141867637634,0.00413216243032366,122.0,2
diff_hist_d730_r1_sig_str_landed_mean,4,6.17310643196106,0.004094536910997704,125.5,2
diff_hist_f1_clinch_acc_mean,4,4.557173848152161,0.003961029200581834,132.0,2
opp_hist_d730_sub_attempts_per_control_min_std,4,5.5935375690460205,0.00393121186789358,133.5,2
diff_hist_f3_r2_minus_r1_ctrl_sec_mean,4,3.755019426345825,0.0036209526588208973,191.5,2
self_hist_career_r1_td_attempted_std,4,6.800936222076416,0.003554010152583942,145.0,2
opp_hist_career_r3_minus_r1_td_attempted_mean,4,3.3647892475128174,0.0034851595701184124,358.0,2
self_hist_career_distance_acc_mean,4,3.0475752353668213,0.003409307260881178,436.0,2
self_hist_career_kd_per100_sig_landed_mean,4,4.726379811763763,0.006131442205514759,124.5,1
diff_hist_d730_ground_attempts_per_control_min_std,4,5.333719849586487,0.005446320225019008,121.5,1
diff_hist_career_r2_minus_r1_sig_str_attempted_std,4,4.4279966950416565,0.005255297524854541,147.5,1
diff_hist_career_head_acc_mean,4,5.47693145275116,0.004921100480714813,122.5,1
self_hist_d730_sub_attempts_per_control_min_std,4,4.688804507255554,0.004852443002164364,145.0,1
self_hist_f1_head_acc_mean,4,5.869574189186096,0.0047099514631554484,108.5,1
self_hist_f1_sub_attempts_per_control_min_mean,4,7.359945297241211,0.004665340238716453,167.5,1
opp_hist_career_head_landed_per15_mean,4,7.8024609088897705,0.004644421918783337,311.0,1
opp_hist_career_td_attempted_per15_mean,4,4.75006902217865,0.004477570008020848,137.5,1
opp_hist_f3_sig_acc_mean,4,5.4469016790390015,0.004412308684550226,153.0,1
opp_hist_career_r3_minus_r1_clinch_attempted_std,4,3.9361847043037415,0.004393358831293881,196.5,1
opp_hist_career_r2_minus_r1_sig_str_landed_std,4,5.793218731880188,0.004353933036327362,229.0,1
opp_hist_career_r2_minus_r1_distance_attempted_std,4,4.79884672164917,0.004283037975255866,257.5,1
self_hist_career_td_acc_mean,4,4.679966568946838,0.004226920660585165,167.5,1
self_hist_f1_sig_acc_mean,4,5.237147569656372,0.004213849431835115,152.0,1
diff_hist_career_r1_distance_attempted_std,4,4.210935533046722,0.004161815741099417,137.0,1
self_hist_d730_ground_attempts_per_control_min_std,4,6.042905211448669,0.004142144869547337,169.0,1
self_hist_f3_distance_acc_std,4,4.628965139389038,0.004071264062076807,117.0,1
opp_hist_f3_head_acc_mean,4,5.715253949165344,0.004015718666778412,239.0,1
self_hist_career_leg_attempt_share_mean,4,6.579679250717163,0.003992759942775592,168.5,1
diff_hist_career_sub_attempts_per_control_min_mean,4,4.2113940715789795,0.003948548845073674,152.0,1
opp_hist_career_td_acc_mean,4,4.126276910305023,0.00394014228368178,166.5,1
opp_hist_f1_distance_landed_per15_mean,4,3.9483776688575745,0.0038470671279355884,155.5,1
opp_hist_career_total_str_attempted_per15_std,4,4.706442356109619,0.0038368712121155113,218.0,1
diff_hist_career_r2_minus_r1_clinch_attempted_std,4,4.6646541357040405,0.003791832277784124,207.0,1
opp_hist_d730_clinch_attempt_share_mean,4,4.659275650978088,0.00370573767577298,255.0,1
diff_hist_f1_ground_acc_mean,4,5.109188437461853,0.003697887310408987,134.5,1
opp_hist_career_leg_attempt_share_mean,4,4.834136247634888,0.003685662930365652,206.5,1
self_hist_f1_distance_landed_per15_mean,4,4.612747550010681,0.0036540516157401726,118.0,1
self_hist_d730_leg_attempt_share_mean,4,4.923209011554718,0.00359018991002813,191.5,1
opp_hist_career_distance_acc_mean,4,3.9011197090148926,0.0035800175392068923,168.5,1
diff_hist_f1_distance_landed_per15_mean,4,5.450464844703674,0.0035780970647465438,291.5,1
opp_hist_d730_sub_att_per15_mean,4,4.982417345046997,0.003521900827763602,216.5,1
opp_hist_f1_leg_attempt_share_mean,4,4.7838428020477295,0.003446704417001456,153.5,1
self_hist_career_ground_landed_per15_mean,4,3.6208975315093994,0.0034361011239525396,653.5,1
opp_hist_f3_r2_sig_str_attempted_mean,4,5.001473069190979,0.003426048206165433,236.5,1
self_hist_career_r3_minus_r1_td_attempted_mean,4,3.6778000593185425,0.003416418854612857,142.0,1
self_hist_d730_td_acc_std,4,5.723477482795715,0.003401983733056113,166.5,1
opp_hist_career_ground_landed_per15_mean,4,5.194298207759857,0.003398734628717648,210.0,1
opp_hist_f1_head_acc_mean,4,5.534530162811279,0.0033931459474842995,216.5,1
self_hist_career_r3_minus_r1_sig_str_landed_mean,4,6.474283933639526,0.0032946244173217565,301.0,1
opp_hist_career_kd_per15_mean,4,4.56407105922699,0.0032804642578412313,151.5,1
self_hist_f3_leg_landed_per15_mean,4,3.4972076416015625,0.003278215415775776,175.0,1
opp_hist_career_r1_td_attempted_std,4,5.3458874225616455,0.0032225973554886878,192.5,1
self_hist_f3_r3_minus_r1_clinch_attempted_mean,4,3.3825279474258423,0.003222386003471911,267.5,1
self_hist_f3_r2_minus_r1_sig_str_landed_mean,4,3.2523250579833984,0.0032113454271893715,343.0,1
diff_hist_f3_r3_sig_str_landed_std,4,3.9471185207366943,0.003187437105225399,280.0,1
self_hist_f3_sig_acc_mean,4,4.697023630142212,0.0031782024016138166,290.5,1
opp_hist_career_r2_td_attempted_std,4,5.455561518669128,0.003169590032484848,175.0,1
diff_hist_career_r2_minus_r1_sig_str_landed_std,4,3.9212868213653564,0.003130011093162466,525.0,1
opp_hist_f3_r2_sig_str_landed_mean,4,5.487714409828186,0.0031294832879211754,291.0,1
opp_hist_d730_td_acc_std,4,4.625719428062439,0.0031106799142435193,215.0,1
opp_hist_d730_distance_landed_per15_mean,4,5.694977641105652,0.003094844549195841,228.0,1
diff_hist_f3_clinch_acc_mean,4,4.488413751125336,0.0030745262920390815,332.5,1
self_hist_career_r1_sig_str_landed_mean,4,5.850316047668457,0.0030708235572092235,219.5,1
self_hist_career_r3_minus_r1_clinch_attempted_std,4,3.043260872364044,0.0030480414861813188,477.0,1
diff_hist_career_td_acc_std,4,5.575509786605835,0.0030373857443919405,395.0,1
opp_hist_f3_ground_attempts_per_control_min_mean,4,4.616168022155762,0.003035075598745607,436.0,1
self_hist_career_total_str_attempted_per15_std,4,3.7994088530540466,0.002964161685667932,348.0,1
diff_hist_f3_total_str_landed_per15_mean,4,3.2976351380348206,0.0028703014831990004,179.5,1
opp_hist_f3_r3_minus_r1_distance_attempted_std,4,2.786612331867218,0.002853146579582244,223.5,1
self_hist_d730_r1_sig_str_landed_mean,4,5.641161918640137,0.0028512627177406102,484.5,1
opp_hist_f3_r2_minus_r1_distance_attempted_std,4,4.34159380197525,0.0028425471391528845,284.5,1
self_hist_career_r2_minus_r1_sig_str_landed_std,4,5.336633086204529,0.002808577293762937,392.0,1
opp_hist_f3_head_attempt_share_mean,4,4.957911133766174,0.002807023760396987,281.0,1
self_hist_f3_rounds_observed_mean,4,5.217915654182434,0.00279223415418528,288.0,1
diff_hist_career_r2_sig_str_attempted_std,4,2.2323299646377563,0.0027673924923874438,573.0,1
opp_hist_f1_total_str_attempted_per15_mean,4,3.371867299079895,0.002747092512436211,219.0,1
diff_hist_career_leg_attempted_per15_mean,4,6.026934027671814,0.0027418367099016905,314.5,1
opp_hist_f3_total_str_landed_per15_std,4,3.241203784942627,0.0026988202589564025,238.0,1
diff_hist_f3_leg_acc_std,4,4.342026650905609,0.0026586579479044303,341.0,1
self_hist_career_r1_td_attempted_mean,4,3.8347986936569214,0.0026400831120554358,342.5,1
self_hist_career_r3_ctrl_sec_std,4,5.450705051422119,0.0025953784061130136,496.0,1
diff_hist_career_total_str_landed_per15_mean,4,4.831381797790527,0.002566905241110362,361.0,1
opp_hist_f3_head_attempted_per15_std,4,2.7193766832351685,0.002539442153647542,559.0,1
diff_hist_f3_head_acc_mean,4,3.289264500141144,0.0025261756672989577,285.0,1
self_hist_d730_r3_minus_r1_ground_attempted_std,4,6.267502665519714,0.002513441926566884,285.5,1
diff_hist_d730_r3_minus_r1_ground_attempted_std,4,3.4448665380477905,0.002512881997972727,698.5,1
opp_hist_f3_r2_minus_r1_sig_str_landed_std,4,3.1020496487617493,0.00249484131927602,454.5,1
self_hist_career_r3_minus_r1_td_attempted_std,4,4.05924391746521,0.0024797244695946574,255.5,1
self_hist_f3_r2_sig_str_landed_mean,4,4.914136648178101,0.002421382931061089,368.0,1
diff_hist_f1_r2_td_attempted_mean,4,3.5718900561332703,0.002409183362033218,247.0,1
opp_hist_career_r1_ground_attempted_mean,4,4.199979305267334,0.0024064202734734863,313.5,1
opp_hist_career_distance_landed_per15_mean,4,4.948822617530823,0.0024024070298764855,389.0,1
self_hist_f3_r2_minus_r1_distance_attempted_std,4,3.939426064491272,0.0023972401104401797,344.5,1
opp_hist_d730_distance_acc_mean,4,3.1458685398101807,0.0022843655897304416,702.5,1
self_profile_weight,4,2.12969508767128,0.002274845421197824,443.0,1
self_profile_stance_southpaw,4,3.752871513366699,0.0021960679441690445,459.0,1
opp_hist_career_r2_sig_str_attempted_std,4,3.4359188079833984,0.002189662744058296,410.0,1
self_hist_d730_distance_landed_per15_mean,4,3.4750810861587524,0.002091066708089784,351.5,1
self_hist_f1_r1_sig_str_landed_mean,4,2.447699189186096,0.001855064823757857,671.0,1
opp_hist_d730_r3_minus_r1_sig_str_landed_std,4,3.2108203172683716,0.0017326891829725355,657.0,1
opp_profile_stance_southpaw,4,5.181322932243347,0.003850592242088169,152.5,0
self_hist_f3_leg_acc_std,4,4.634752869606018,0.00359908991958946,163.5,0
diff_hist_d730_r2_sig_str_landed_std,4,4.22136652469635,0.0034161648363806307,166.0,0
self_hist_f3_td_acc_std,4,5.172879278659821,0.0033989078947342932,166.5,0
opp_hist_f1_r1_sig_str_landed_mean,4,6.714410126209259,0.0032137243542820215,198.5,0
diff_hist_career_elapsed_seconds_std,4,4.94876503944397,0.003166521026287228,190.5,0
opp_hist_career_ground_attempts_per_control_min_std,4,4.725345969200134,0.0031213949259836227,173.5,0
self_hist_career_r1_clinch_attempted_mean,4,5.6094560623168945,0.003101845912169665,184.5,0
self_hist_career_clinch_acc_mean,4,4.205357909202576,0.0030516909318976104,210.5,0
opp_hist_career_clinch_acc_mean,4,4.8097838163375854,0.0029858870548196137,208.0,0
opp_hist_f3_leg_attempt_share_mean,4,4.335499465465546,0.0029590284975711256,203.0,0
self_hist_f3_r1_sig_str_attempted_std,4,4.346411287784576,0.002922141400631517,243.5,0
opp_hist_career_total_str_attempted_per15_mean,4,4.609651327133179,0.0029162121354602277,184.5,0
opp_hist_f3_r3_minus_r1_clinch_attempted_mean,4,5.131010293960571,0.0028670386818703264,276.5,0
diff_hist_career_elapsed_seconds_mean,4,5.463176608085632,0.002861800428945571,200.5,0
opp_hist_d730_r1_sig_str_landed_mean,4,5.049070477485657,0.0028327877225819975,227.5,0
opp_hist_f3_clinch_attempt_share_std,4,5.7381508350372314,0.002807861143082846,197.5,0
self_hist_f3_head_acc_std,4,5.058058023452759,0.002789893260342069,255.0,0
diff_hist_d730_head_landed_per15_mean,4,6.183556079864502,0.002700590732274577,197.0,0
opp_hist_d730_leg_attempted_per15_mean,4,4.538929462432861,0.0026967582816723734,299.0,0
self_hist_career_rev_per15_mean,4,5.091341614723206,0.0026921689423033968,221.0,0
opp_hist_career_sub_att_per15_std,4,4.925913989543915,0.0026860107318498194,303.0,0
opp_hist_career_r2_minus_r1_sig_str_attempted_std,4,5.470295011997223,0.002618894854094833,237.0,0
opp_hist_f3_leg_acc_std,4,4.534532427787781,0.0026030427252408117,254.0,0
diff_hist_career_kd_per15_std,4,5.110603749752045,0.00259699703019578,238.5,0
self_hist_f3_r2_sig_str_attempted_mean,4,5.356062650680542,0.00258575237239711,224.5,0
opp_hist_career_r1_clinch_attempted_mean,4,4.650395393371582,0.0025684459833428264,250.5,0
self_hist_f3_leg_attempt_share_mean,4,4.45999538898468,0.0025552369479555637,268.0,0
opp_hist_f3_r1_clinch_attempted_std,4,6.442298233509064,0.0025527322432026267,263.0,0
opp_hist_f1_leg_landed_per15_mean,4,5.135960340499878,0.002551865909481421,264.5,0
opp_hist_d730_leg_landed_per15_mean,4,5.709376633167267,0.002550191944465041,264.0,0
diff_hist_f1_elapsed_seconds_mean,4,4.967221736907959,0.002545022463891655,223.5,0
opp_hist_f3_rounds_observed_mean,4,5.841969847679138,0.002527105767512694,241.5,0
self_hist_career_head_acc_mean,4,5.679588079452515,0.0025150455185212195,307.5,0
diff_hist_f3_leg_acc_mean,4,4.886452317237854,0.002514369276468642,213.0,0
opp_hist_d730_r2_sig_str_landed_mean,4,5.547295808792114,0.002476749970810488,361.5,0
diff_hist_f3_r1_distance_attempted_std,4,4.194228768348694,0.0024523730971850455,233.5,0
self_hist_d730_clinch_acc_mean,4,4.008783638477325,0.002430211523460457,266.5,0
self_hist_career_r1_ground_attempted_mean,4,5.270772576332092,0.002426733262836933,213.5,0
opp_hist_d730_clinch_acc_mean,4,3.94298779964447,0.0024069256760412827,250.5,0
self_hist_f3_head_attempted_per15_std,4,4.736016154289246,0.0023880434746388346,264.0,0
self_hist_career_ground_attempts_per_control_min_std,4,4.469315409660339,0.00238367760903202,246.0,0
self_hist_f1_ctrl_sec_per15_mean,4,4.536985218524933,0.002379298020969145,295.0,0
diff_hist_f3_sub_att_per15_std,4,4.331209659576416,0.0023629209026694298,263.0,0
self_hist_f3_ground_acc_mean,4,4.943986892700195,0.0023618058330612257,284.5,0
opp_hist_f1_ctrl_sec_per15_mean,4,4.4117138385772705,0.0023614579113200307,296.5,0
self_hist_d730_sub_att_per15_mean,4,3.4280158281326294,0.0023599897394888103,263.0,0
opp_hist_f1_ground_attempts_per_control_min_mean,4,7.919784069061279,0.002348360576434061,299.5,0
diff_hist_f3_body_attempt_share_mean,4,3.4128665924072266,0.0023238275316543877,210.5,0
opp_hist_d730_r2_minus_r1_sig_str_attempted_std,4,3.7993857860565186,0.0023201806470751762,302.5,0
self_hist_d730_head_attempt_share_mean,4,4.500414729118347,0.00230857398128137,272.5,0
diff_hist_f3_r1_sig_str_attempted_mean,4,3.4982128143310547,0.00230459967860952,234.5,0
opp_hist_d730_total_str_attempted_per15_mean,4,3.246122121810913,0.0022971131547819823,243.0,0
self_hist_career_body_acc_mean,4,3.937820553779602,0.0022894345165695995,285.0,0
opp_hist_f3_r1_sig_str_attempted_std,4,4.444652080535889,0.002284234476974234,292.0,0
opp_hist_f3_r2_minus_r1_distance_attempted_mean,4,3.445855140686035,0.0022512813447974622,248.0,0
opp_hist_f3_r1_ground_attempted_mean,4,4.469940900802612,0.002249807061161846,261.5,0
opp_hist_d730_body_acc_mean,4,4.3603492975234985,0.0022435532591771334,236.5,0
self_hist_career_kd_per100_sig_landed_std,4,4.455212831497192,0.002214985230239108,324.0,0
self_hist_f3_head_attempt_share_mean,4,4.250190794467926,0.0022064527875045314,348.5,0
self_hist_f3_r1_distance_attempted_mean,4,3.478577196598053,0.002204203890869394,386.0,0
opp_hist_career_r1_td_attempted_mean,4,3.9246649742126465,0.002181144809583202,271.5,0
opp_hist_f3_ground_acc_mean,4,5.079757750034332,0.002162831362511497,400.0,0
opp_hist_career_rev_per15_mean,4,3.438246011734009,0.002151495107682422,276.5,0
opp_hist_f3_r2_minus_r1_sig_str_landed_mean,4,2.984325110912323,0.002146549850294832,322.5,0
diff_hist_f3_r3_minus_r1_sig_str_landed_std,4,6.256215214729309,0.002131938119418919,331.0,0
opp_hist_d730_leg_attempt_share_mean,4,4.926939964294434,0.002119842276442796,348.0,0
opp_hist_d730_head_attempt_share_mean,4,4.694908618927002,0.002119762655638624,350.5,0
diff_hist_d730_head_attempt_share_mean,4,4.616140305995941,0.002109221328282729,296.0,0
opp_hist_career_r3_minus_r1_clinch_attempted_mean,4,4.562471389770508,0.00208885308529716,314.5,0
self_hist_d730_r2_sig_str_landed_mean,4,4.981340765953064,0.0020810778078157455,371.0,0
self_hist_career_r2_distance_attempted_std,4,2.7381361722946167,0.0020747988601215184,273.5,0
opp_hist_career_r2_td_attempted_mean,4,5.42255699634552,0.0020690111559815705,334.0,0
opp_hist_f3_clinch_acc_mean,4,4.86674565076828,0.0020664809562731534,278.5,0
opp_hist_f1_r2_ctrl_sec_mean,4,3.937123715877533,0.0020587078906828538,467.5,0
diff_hist_f3_body_acc_std,4,4.2893553376197815,0.0020568040054058656,310.5,0
opp_hist_f3_head_acc_std,4,4.087305724620819,0.002050582435913384,272.5,0
diff_hist_d730_total_str_landed_per15_std,4,3.3399181365966797,0.002044034088612534,401.0,0
self_hist_career_r2_minus_r1_clinch_attempted_mean,4,5.045797049999237,0.0020324434153735638,407.0,0
self_hist_f3_total_str_attempted_per15_std,4,4.440842628479004,0.002031693613389507,309.0,0
self_hist_career_sub_att_per15_std,4,5.045880675315857,0.0020313901914050803,442.0,0
self_hist_d730_leg_attempted_per15_mean,4,3.6200960874557495,0.002028142786002718,496.5,0
opp_hist_f1_total_acc_mean,4,5.194487690925598,0.0020205262990202755,309.5,0
opp_hist_d730_rounds_observed_mean,4,3.8460739850997925,0.0020185186294838786,261.0,0
opp_hist_d730_td_landed_per15_std,4,5.226146221160889,0.0020043507975060493,290.0,0
self_hist_career_r3_minus_r1_clinch_attempted_mean,4,4.0263742208480835,0.001999835716560483,407.0,0
opp_hist_f3_r2_ctrl_sec_mean,4,4.521461248397827,0.0019902634194295388,352.5,0
opp_hist_career_head_acc_mean,4,4.2824318408966064,0.0019896164012607187,315.5,0
self_hist_d730_r2_minus_r1_sig_str_attempted_mean,4,4.979576110839844,0.001986298884730786,295.5,0
opp_hist_f3_r1_clinch_attempted_mean,4,5.628453731536865,0.0019779320136876777,454.5,0
opp_hist_d730_r3_sig_str_landed_mean,4,6.1866424679756165,0.001973839185666293,316.0,0
self_hist_career_r2_td_attempted_std,4,4.88209855556488,0.0019569224095903337,321.0,0
self_hist_career_elapsed_seconds_std,4,5.192326188087463,0.0019487402751110494,253.0,0
opp_hist_career_r1_sig_str_landed_mean,4,6.357837438583374,0.001946461408806499,410.0,0
diff_hist_f3_rounds_observed_mean,4,3.111783027648926,0.0019166487618349493,582.0,0
self_hist_career_distance_landed_per15_mean,4,3.443198084831238,0.0018995397258549929,318.0,0
opp_hist_career_r2_minus_r1_td_attempted_mean,4,4.089195251464844,0.0018964099799632095,402.0,0
self_hist_f3_total_str_landed_per15_std,4,3.567306339740753,0.001896044734166935,460.5,0
opp_hist_career_sig_acc_mean,4,5.322511613368988,0.0018951665260829031,367.5,0
diff_hist_career_clinch_attempt_share_mean,4,3.9683871269226074,0.0018922927847597748,303.0,0
diff_hist_career_r3_ground_attempted_std,4,4.462942838668823,0.0018889574421336874,368.0,0
self_hist_career_td_attempted_per15_std,4,5.26032567024231,0.0018803277489496395,398.0,0
diff_hist_career_r1_sig_str_attempted_mean,4,4.455258846282959,0.001872614142484963,352.5,0
self_hist_career_r2_clinch_attempted_mean,4,4.945521950721741,0.0018676105901249684,357.0,0
self_hist_f1_total_str_attempted_per15_mean,4,3.2548673152923584,0.0018649189150892198,468.0,0
opp_hist_career_r3_minus_r1_sig_str_landed_mean,4,3.712324380874634,0.0018558299634605646,363.5,0
opp_hist_f1_sig_str_landed_per15_mean,4,4.44857782125473,0.001853250403655693,459.5,0
opp_hist_f3_clinch_landed_per15_mean,4,4.1425697803497314,0.0018502043967600912,344.5,0
self_hist_f1_leg_acc_mean,4,3.221870183944702,0.0018408464384265244,325.5,0
diff_hist_f3_r1_distance_attempted_mean,4,5.478686809539795,0.001834771450376138,463.0,0
self_hist_f3_r1_clinch_attempted_mean,4,2.544210135936737,0.0018313952023163438,581.5,0
opp_hist_d730_ground_acc_std,4,4.523054361343384,0.0018307733698748052,302.5,0
self_hist_f1_sig_str_landed_per15_mean,4,4.624519050121307,0.0018303833057871088,349.0,0
self_hist_career_ground_acc_std,4,4.735779285430908,0.0018258747259096708,323.0,0
self_hist_f1_leg_landed_per15_mean,4,5.386125445365906,0.0018178403261117637,540.0,0
self_hist_f3_clinch_landed_per15_mean,4,3.172102451324463,0.00181686865107622,551.5,0
diff_hist_f1_leg_attempt_share_mean,4,4.437531113624573,0.0018124964844901115,344.5,0
diff_hist_f1_sig_acc_mean,4,5.407505393028259,0.0018122774345101789,357.0,0
diff_hist_d730_clinch_landed_per15_mean,4,4.047394752502441,0.0018097922147717327,326.0,0
opp_hist_f1_r2_minus_r1_ctrl_sec_mean,4,4.90576446056366,0.001797573859221302,383.0,0
opp_hist_f3_r1_distance_attempted_mean,4,4.048733413219452,0.0017923912382684648,360.5,0
self_hist_f1_leg_attempted_per15_mean,4,6.486281156539917,0.0017911891045514494,338.0,0
self_hist_f1_r2_minus_r1_clinch_attempted_mean,4,5.246892213821411,0.0017881360981846228,440.5,0
opp_hist_career_body_acc_mean,4,3.36588454246521,0.0017835365433711559,357.5,0
self_hist_d730_leg_landed_per15_mean,4,3.3572793006896973,0.0017807326221372932,493.5,0
self_hist_career_r2_td_attempted_mean,4,3.3335437774658203,0.0017734135035425425,627.5,0
opp_hist_career_kd_per100_sig_landed_std,4,4.7355316281318665,0.001770291131833801,288.5,0
self_hist_d730_r2_minus_r1_sig_str_attempted_std,4,4.304186224937439,0.0017641761514823884,370.0,0
opp_hist_f3_total_str_attempted_per15_std,4,4.706426978111267,0.0017629374779062346,493.5,0
self_hist_f3_r3_minus_r1_distance_attempted_std,4,2.870854139328003,0.0017596658144611865,448.5,0
self_hist_d730_sig_str_attempted_per15_std,4,2.349441409111023,0.0017569560441188514,585.0,0
diff_hist_career_body_attempted_per15_std,4,4.863157153129578,0.0017489024394308217,559.0,0
diff_hist_f3_r1_ctrl_sec_std,4,7.214399874210358,0.001746568552334793,307.0,0
opp_hist_career_body_attempt_share_mean,4,5.440892398357391,0.0017456105124438182,401.0,0
opp_hist_d730_r2_sig_str_attempted_std,4,3.6117160320281982,0.0017437435235478915,593.0,0
diff_hist_d730_r1_clinch_attempted_mean,4,4.644100248813629,0.0017410936416126788,315.5,0
opp_hist_career_sig_str_landed_per15_mean,4,2.6800034046173096,0.0017282286426052451,611.0,0
self_hist_d730_r1_sig_str_attempted_mean,4,5.480943918228149,0.0017206395859830081,393.0,0
self_hist_d730_distance_acc_mean,4,5.067631781101227,0.0016912239152588882,276.5,0
diff_hist_f3_r3_minus_r1_sig_str_attempted_std,4,3.698664426803589,0.0016665299190208316,268.0,0
diff_hist_d730_r2_ground_attempted_std,4,2.7574812173843384,0.0016658249078318477,587.5,0
self_hist_d730_r3_ctrl_sec_std,4,5.426383972167969,0.001663160277530551,289.5,0
opp_hist_f3_r1_sig_str_attempted_mean,4,6.204429745674133,0.0016579590737819672,345.5,0
diff_hist_f3_r2_sig_str_landed_mean,4,3.8448245525360107,0.0016547960331081413,543.0,0
opp_hist_career_r3_minus_r1_sig_str_attempted_std,4,4.483327865600586,0.001654785890423227,487.0,0
diff_hist_f3_td_attempted_per15_mean,4,5.08405727148056,0.0016536363254999742,524.5,0
self_hist_career_r3_ground_attempted_mean,4,4.120888352394104,0.001642931609239895,473.0,0
self_hist_career_clinch_attempt_share_mean,4,4.479685425758362,0.0016337505803676322,430.5,0
opp_hist_d730_ground_attempts_per_control_min_mean,4,4.996951341629028,0.0016298232367262244,344.0,0
self_hist_career_distance_acc_std,4,6.194550395011902,0.0016216105141211301,526.0,0
self_hist_f1_r3_minus_r1_sig_str_attempted_mean,4,3.491028368473053,0.0016187631990760565,400.5,0
opp_hist_career_r3_minus_r1_ground_attempted_std,4,3.7560033798217773,0.0016104246606118977,497.5,0
diff_hist_f3_clinch_attempted_per15_std,4,5.446235537528992,0.0016079108463600278,373.0,0
opp_hist_career_td_landed_per15_std,4,4.296382546424866,0.0016035816224757582,480.5,0
diff_hist_career_r3_minus_r1_clinch_attempted_std,4,4.889415502548218,0.0015990035608410835,446.5,0
diff_hist_f3_body_attempt_share_std,4,3.200361907482147,0.0015890307840891182,507.0,0
opp_hist_career_td_attempted_per15_std,4,1.8332632780075073,0.0015881617146078497,677.0,0
opp_profile_weight,4,2.1245073676109314,0.0015864158267504536,423.5,0
diff_hist_career_body_landed_per15_std,4,4.691114962100983,0.0015808718380867504,655.0,0
diff_hist_d730_td_attempted_per15_mean,4,5.671798884868622,0.001580031617777422,348.5,0
self_hist_d730_r3_sig_str_landed_mean,4,4.223140120506287,0.001576547118020244,518.5,0
opp_hist_f1_leg_attempted_per15_mean,4,2.629015266895294,0.0015714391483925283,586.5,0
diff_hist_career_r2_minus_r1_distance_attempted_std,4,4.800618410110474,0.0015674289170419797,492.0,0
self_hist_f3_r1_clinch_attempted_std,4,3.1658074259757996,0.0015610679402016103,356.5,0
diff_hist_d730_distance_acc_mean,4,2.9395973682403564,0.001557991825393401,507.0,0
opp_hist_d730_r1_clinch_attempted_mean,4,4.582306146621704,0.0015559274033876136,388.5,0
diff_hist_f3_r1_clinch_attempted_std,4,3.764683723449707,0.0015527442446909845,407.0,0
self_hist_f1_total_str_landed_per15_mean,4,4.031619727611542,0.0015482219896512106,564.5,0
opp_hist_d730_r3_minus_r1_sig_str_landed_mean,4,5.86025470495224,0.0015468020574189723,491.0,0
diff_hist_d730_kd_per100_sig_landed_std,4,4.11649477481842,0.0015399251133203506,323.0,0
opp_hist_d730_sig_str_attempted_per15_std,4,3.470832049846649,0.001537801930680871,407.0,0
opp_hist_career_leg_landed_per15_mean,4,3.2866230607032776,0.0015320917591452599,335.0,0
self_hist_d730_r3_minus_r1_ctrl_sec_std,4,5.726106882095337,0.0015273074095603079,531.5,0
diff_hist_career_ground_acc_std,4,3.9267477989196777,0.0015247307419485878,412.5,0
opp_hist_d730_r2_minus_r1_ground_attempted_std,4,6.291997134685516,0.0015212385333143175,523.5,0
self_hist_f3_td_acc_mean,4,4.575714826583862,0.0015155951405176893,473.0,0
self_hist_f3_r1_sig_str_attempted_mean,4,3.656500458717346,0.0015093010442797095,436.5,0
opp_hist_d730_head_landed_per15_std,4,5.409187197685242,0.0015047960041556507,356.0,0
self_hist_f3_body_attempt_share_std,4,4.5608513951301575,0.0015012514049885795,440.0,0
self_hist_f1_r2_minus_r1_ctrl_sec_mean,4,3.50304639339447,0.001499603473348543,439.5,0
self_hist_career_r2_minus_r1_sig_str_attempted_mean,4,4.435107588768005,0.0014970976626500487,473.0,0
diff_hist_f3_leg_landed_per15_mean,4,2.7881255745887756,0.0014964226866140962,396.5,0
self_hist_career_r2_ctrl_sec_std,4,4.475370168685913,0.0014948435709811747,426.0,0
diff_hist_career_r1_distance_attempted_mean,4,2.866007447242737,0.001493802119512111,604.0,0
opp_hist_d730_leg_acc_mean,4,5.9249207973480225,0.0014914228740963154,395.0,0
diff_hist_f3_total_str_attempted_per15_mean,4,4.322344541549683,0.0014741029881406575,486.5,0
self_hist_career_r3_ctrl_sec_mean,4,2.9789767265319824,0.001469390990678221,376.5,0
opp_hist_career_r3_td_attempted_std,4,4.9476078152656555,0.0014688970404677093,446.0,0
diff_hist_f1_distance_acc_mean,4,3.361823797225952,0.0014632107049692422,417.0,0
self_hist_d730_ctrl_sec_per15_mean,4,4.814244389533997,0.001461570820538327,388.5,0
opp_hist_f3_r1_ctrl_sec_mean,4,6.059621572494507,0.0014492407208308578,454.0,0
self_hist_d730_r3_ground_attempted_mean,4,6.261217474937439,0.0014486599247902632,344.5,0
diff_hist_f1_head_acc_mean,4,2.64723002910614,0.0014460198290180415,687.0,0
self_hist_career_leg_landed_per15_mean,4,5.003577351570129,0.0014396601764019579,538.0,0
opp_hist_career_ground_acc_std,4,4.115094840526581,0.001436654885765165,423.0,0
diff_hist_career_td_attempted_per15_std,4,3.6636029481887817,0.0014280317336670123,606.5,0
self_hist_d730_total_str_landed_per15_std,4,2.1323840618133545,0.0014234950358513743,736.0,0
opp_hist_d730_r3_minus_r1_ground_attempted_std,4,3.9419381618499756,0.0014199413417372853,688.5,0
diff_hist_f1_leg_acc_mean,4,4.434368371963501,0.0014056940854061395,502.0,0
self_hist_f3_r2_minus_r1_distance_attempted_mean,4,3.3582335114479065,0.0014038453227840364,414.0,0
opp_hist_career_r2_minus_r1_td_attempted_std,4,3.8856629133224487,0.0014038110020919703,705.5,0
self_hist_career_r3_td_attempted_mean,4,3.488449454307556,0.0013978697534184903,572.5,0
opp_hist_d730_r2_minus_r1_distance_attempted_mean,4,2.621737778186798,0.0013927759355283342,663.5,0
opp_hist_career_r3_td_attempted_mean,4,4.60207200050354,0.0013893369032302871,421.5,0
self_hist_f3_ground_attempts_per_control_min_std,4,4.152562737464905,0.0013887670211261138,577.5,0
self_hist_career_r2_minus_r1_ctrl_sec_mean,4,3.483301520347595,0.0013842206972185522,370.5,0
opp_hist_d730_r1_sig_str_attempted_mean,4,2.8622353076934814,0.0013796391431242228,608.0,0
diff_hist_d730_clinch_attempted_per15_std,4,4.74051833152771,0.0013757343403995037,571.5,0
self_hist_career_r3_td_attempted_std,4,4.976743698120117,0.0013714348096982576,618.5,0
opp_hist_d730_r2_minus_r1_sig_str_attempted_mean,4,4.136666119098663,0.0013669992331415415,476.0,0
diff_hist_d730_total_acc_mean,4,4.0303239822387695,0.0013657130621140823,412.0,0
opp_hist_d730_r1_ctrl_sec_std,4,4.263929843902588,0.0013647870509885252,636.0,0
self_hist_career_r2_minus_r1_td_attempted_mean,4,5.153351783752441,0.0013645716244354844,469.5,0
diff_hist_f3_head_acc_std,4,3.013355255126953,0.0013567303685704246,562.0,0
opp_hist_career_rounds_observed_std,4,4.643697619438171,0.0013540197505790275,519.0,0
opp_hist_d730_td_acc_mean,4,3.556302785873413,0.0013511080469470471,507.0,0
self_hist_career_ground_attempts_per_control_min_mean,4,4.7004475593566895,0.001349755490082316,567.5,0
diff_hist_career_r1_ground_attempted_mean,4,5.7907103300094604,0.001334841908828821,498.0,0
opp_hist_career_r1_ctrl_sec_mean,4,5.069403409957886,0.0013299319834914058,537.5,0
self_hist_career_td_landed_per15_std,4,2.5899611711502075,0.0013290524657350034,716.0,0
opp_hist_f1_r1_distance_attempted_mean,4,4.069170594215393,0.0013172845356166363,515.5,0
diff_hist_career_clinch_acc_mean,4,2.69988614320755,0.0013135354965925217,425.0,0
opp_hist_d730_clinch_landed_per15_mean,4,4.636472523212433,0.0013106175319990143,507.5,0
diff_hist_f3_total_acc_std,4,3.9184248447418213,0.0013074331800453365,452.0,0
opp_hist_career_r3_minus_r1_td_attempted_std,4,4.632684767246246,0.0012972487347724382,521.5,0
self_hist_f3_r2_minus_r1_sig_str_landed_std,4,3.173027276992798,0.0012959575688000768,586.0,0
diff_hist_d730_distance_landed_per15_std,4,4.608413934707642,0.0012937349965795875,457.5,0
self_hist_f3_ground_landed_per15_mean,4,4.1249566078186035,0.0012880541034974158,468.0,0
self_hist_f3_distance_landed_per15_mean,4,3.8153077363967896,0.0012859735143138096,458.0,0
diff_hist_f1_r1_sig_str_attempted_mean,4,3.5214945673942566,0.0012842799405916594,757.0,0
opp_hist_career_sig_str_attempted_per15_std,4,2.9410921335220337,0.001283845747821033,623.5,0
diff_hist_f1_r2_ctrl_sec_mean,4,2.6082184314727783,0.0012778782984241843,653.0,0
self_hist_f3_distance_attempt_share_std,4,2.8657400608062744,0.001272262234124355,506.0,0
opp_hist_f3_body_attempted_per15_std,4,4.3271859884262085,0.0012701505329459906,424.5,0
opp_hist_career_r2_minus_r1_ctrl_sec_mean,4,3.4832767248153687,0.0012659296480705962,473.5,0
opp_hist_f1_r3_sig_str_landed_mean,4,3.7892755270004272,0.0012631918070837855,589.0,0
self_hist_d730_body_attempted_per15_std,4,4.813541412353516,0.001261016121134162,548.5,0
opp_hist_f3_leg_attempt_share_std,4,3.0331625938415527,0.0012570456747198477,496.0,0
opp_hist_f3_body_landed_per15_mean,4,4.30635529756546,0.0012552713742479682,525.5,0
diff_hist_career_body_attempted_per15_mean,4,3.761773943901062,0.0012480555596994236,509.0,0
opp_hist_f3_total_acc_mean,4,5.233666300773621,0.001242488928255625,427.0,0
diff_hist_d730_r3_minus_r1_sig_str_landed_std,4,4.1665425300598145,0.0012399685510899872,653.0,0
opp_hist_career_clinch_acc_std,4,5.085719168186188,0.001239844670635648,508.5,0
opp_hist_d730_r2_minus_r1_sig_str_landed_mean,4,3.678494930267334,0.0012333939084783196,470.5,0
opp_hist_f3_ground_attempts_per_control_min_std,4,3.5351463556289673,0.0012330066383583471,569.0,0
opp_hist_career_head_attempt_share_std,4,4.276765584945679,0.0012321343092480674,475.0,0
opp_hist_f3_distance_attempted_per15_std,4,4.145839869976044,0.0012317457876633853,471.5,0
diff_profile_height,4,1.1607646942138672,0.0012306516582611948,491.0,0
diff_hist_career_total_str_attempted_per15_std,4,2.339658796787262,0.0012286808341741562,703.5,0
opp_hist_career_clinch_attempt_share_mean,4,5.050723552703857,0.001224024104885757,443.0,0
self_hist_career_r1_sig_str_attempted_std,4,3.225612163543701,0.0012222383520565927,701.0,0
opp_hist_career_r2_ctrl_sec_mean,4,3.5937414169311523,0.0012204227568872739,702.5,0
opp_hist_career_ground_attempt_share_mean,4,4.0705923438072205,0.0012184768784209155,575.0,0
self_hist_career_r3_minus_r1_distance_attempted_std,4,4.8836281299591064,0.001217451317643281,440.0,0
opp_hist_d730_r2_clinch_attempted_std,4,3.9271913170814514,0.001215867196151521,592.0,0
opp_hist_f3_body_attempt_share_std,4,3.335103929042816,0.0012122904445277527,440.5,0
diff_hist_d730_r3_sig_str_landed_mean,4,3.2390862107276917,0.001212105737067759,544.5,0
opp_hist_d730_kd_per100_sig_landed_mean,4,3.9968098402023315,0.0012070195516571403,479.5,0
self_hist_d730_rounds_observed_std,4,3.4306284189224243,0.001206331915454939,429.0,0
self_hist_d730_r1_ground_attempted_mean,4,4.297305226325989,0.0011947066814173013,524.0,0
diff_profile_stance_orthodox,4,2.9049664735794067,0.001191805931739509,415.0,0
self_hist_d730_r1_clinch_attempted_mean,4,4.7028844356536865,0.001191681505588349,602.5,0
self_hist_career_r3_minus_r1_ground_attempted_mean,4,2.819471538066864,0.0011878927689394914,638.0,0
self_hist_career_r3_minus_r1_ground_attempted_std,4,4.840521335601807,0.0011869355366798118,513.5,0
self_hist_f1_r3_sig_str_landed_mean,4,4.332213759422302,0.0011866379936691374,417.0,0
opp_hist_d730_head_attempted_per15_std,4,3.8022838830947876,0.0011832528980448842,432.5,0
diff_hist_f3_distance_landed_per15_mean,4,3.2066304683685303,0.0011830811854451895,511.0,0
self_hist_career_distance_attempted_per15_std,4,3.2326221466064453,0.0011818219063570723,614.5,0
self_hist_career_r2_minus_r1_sig_str_attempted_std,4,5.002603054046631,0.0011817657214123756,469.5,0
opp_hist_career_r3_ctrl_sec_mean,4,4.125228047370911,0.0011808381386799738,738.5,0
diff_hist_career_r3_td_attempted_std,4,3.214907705783844,0.0011796770704677328,664.0,0
self_hist_career_ground_attempt_share_mean,4,4.499836802482605,0.0011794733291026205,508.5,0
diff_hist_career_clinch_acc_std,4,3.0737252831459045,0.0011728977115126327,528.5,0
diff_hist_career_head_landed_per15_mean,4,2.538427472114563,0.001171227137092501,681.5,0
opp_hist_f3_ground_landed_per15_mean,4,4.1638957262039185,0.001166358997579664,585.5,0
diff_hist_f3_sig_str_landed_per15_mean,4,3.7004231214523315,0.0011657324066618457,690.5,0
self_hist_d730_r2_ground_attempted_mean,4,1.903301179409027,0.0011640368902590126,661.0,0
diff_hist_f1_total_acc_mean,4,4.402536869049072,0.001157868027803488,590.5,0
opp_hist_f3_head_attempted_per15_mean,4,3.803454637527466,0.001157817358034663,498.5,0
self_hist_d730_total_str_attempted_per15_std,4,4.219087541103363,0.0011544159569893964,473.0,0
self_hist_d730_clinch_attempted_per15_mean,4,4.563641905784607,0.0011534676559676882,713.0,0
diff_hist_f1_r3_minus_r1_ctrl_sec_mean,4,3.7053840160369873,0.0011513183708302677,444.0,0
self_hist_f3_r2_ctrl_sec_mean,4,4.231517314910889,0.0011491948280308861,640.0,0
self_hist_career_r2_minus_r1_td_attempted_std,4,1.3364099264144897,0.0011473041959106922,978.0,0
self_hist_d730_r3_minus_r1_ctrl_sec_mean,4,6.236684203147888,0.0011427745193941519,593.0,0
self_hist_career_r2_sig_str_attempted_std,4,2.5905635952949524,0.0011397368070902303,678.0,0
opp_hist_career_r3_minus_r1_ground_attempted_mean,4,3.3693628907203674,0.0011380036739865318,488.0,0
self_hist_career_r2_ctrl_sec_mean,4,2.4419358372688293,0.001135728249209933,641.0,0
diff_hist_f1_body_acc_mean,4,3.614717960357666,0.0011354240486980416,483.5,0
diff_hist_f1_body_attempted_per15_mean,4,3.036100745201111,0.0011321002748445608,639.5,0
self_hist_career_sig_str_attempted_per15_std,4,1.7415733337402344,0.0011269289534538984,652.0,0
diff_hist_d730_r1_ground_attempted_std,4,5.372770130634308,0.0011241914762649685,556.0,0
opp_hist_career_leg_acc_mean,4,3.5346693992614746,0.0011221577442483976,512.0,0
diff_hist_career_sub_att_per15_mean,4,3.912645697593689,0.0011195743863936514,570.0,0
self_hist_d730_clinch_landed_per15_mean,4,5.119219183921814,0.001117564010201022,541.0,0
self_hist_f3_distance_landed_per15_std,4,4.749668717384338,0.0011172465747222304,508.0,0
self_hist_d730_r2_sig_str_attempted_mean,4,5.168758511543274,0.001116410487156827,524.0,0
opp_hist_career_r1_distance_attempted_mean,4,5.539941906929016,0.0011103038996225223,599.0,0
diff_hist_d730_r2_ground_attempted_mean,4,3.5140193700790405,0.0011099464754806831,765.5,0
self_hist_f3_sig_str_landed_per15_mean,4,3.7027812004089355,0.0011085206861025654,580.0,0
opp_hist_career_total_acc_mean,4,3.071894884109497,0.0011082405835622922,624.5,0
opp_hist_d730_total_str_landed_per15_mean,4,6.060022473335266,0.0011066226579714566,611.0,0
diff_hist_career_body_attempt_share_mean,4,2.6308295726776123,0.0011048071755794808,877.0,0
self_hist_d730_r3_minus_r1_sig_str_landed_mean,4,3.8426913022994995,0.0010956825281027704,617.0,0
diff_hist_f3_ground_attempts_per_control_min_mean,4,3.7290412187576294,0.0010890161065617576,590.0,0
self_hist_d730_r2_minus_r1_sig_str_landed_mean,4,3.342305362224579,0.0010884725634241477,507.0,0
diff_hist_career_kd_per15_mean,4,3.6047399044036865,0.0010832207626663148,674.5,0
opp_hist_f1_total_str_landed_per15_mean,4,3.1550207138061523,0.0010797602008096874,725.0,0
opp_hist_f1_r2_minus_r1_sig_str_attempted_mean,4,3.494643807411194,0.0010771577290142886,677.0,0
diff_hist_d730_control_share_std,4,4.488314270973206,0.0010767387939267792,750.5,0
diff_hist_d730_clinch_attempt_share_mean,4,4.0657272934913635,0.0010714105592342094,531.0,0
diff_hist_f3_r2_minus_r1_distance_attempted_mean,4,3.406618595123291,0.0010709596244851127,513.5,0
diff_hist_career_r3_ctrl_sec_mean,4,4.621175646781921,0.001070031248673331,557.0,0
self_hist_f1_r2_minus_r1_distance_attempted_mean,4,3.806578755378723,0.0010696552053559572,461.0,0
self_hist_career_body_acc_std,4,3.764180362224579,0.0010665581612556707,682.5,0
self_hist_d730_r2_clinch_attempted_std,4,3.646151304244995,0.001065930598997511,564.5,0
opp_hist_f3_distance_landed_per15_mean,4,2.888700783252716,0.0010640853142831475,708.0,0
opp_hist_career_r3_minus_r1_ctrl_sec_std,4,3.054160952568054,0.0010640503460308537,553.5,0
self_hist_d730_r2_minus_r1_sig_str_landed_std,4,2.2527114152908325,0.001063530973624438,704.0,0
self_hist_career_leg_attempt_share_std,4,2.50678551197052,0.001060677142959321,891.5,0
self_hist_career_r3_minus_r1_sig_str_landed_std,4,2.8603458404541016,0.0010588512814138085,672.0,0
self_hist_career_r1_distance_attempted_mean,4,2.5898947715759277,0.0010568545258138329,885.0,0
self_hist_f3_r1_ground_attempted_mean,4,3.620053291320801,0.0010537479829508811,452.0,0
self_hist_d730_r2_minus_r1_ctrl_sec_mean,4,4.125395178794861,0.0010528700368013233,525.5,0
opp_hist_f1_r2_minus_r1_clinch_attempted_mean,4,2.9604530036449432,0.0010496415252418956,721.5,0
self_hist_f3_r2_minus_r1_sig_str_attempted_mean,4,3.6067295968532562,0.0010449934052303433,507.0,0
diff_hist_f3_td_acc_std,4,4.068811237812042,0.0010414590578875504,599.5,0
self_hist_career_r3_minus_r1_ctrl_sec_std,4,3.351977229118347,0.001039945869706571,487.0,0
self_profile_height,4,1.864517629146576,0.0010394935015938245,732.5,0
self_hist_career_r3_minus_r1_sig_str_attempted_std,4,4.745690882205963,0.0010392812691861764,528.0,0
opp_hist_career_head_attempted_per15_std,4,3.712642788887024,0.0010387279035057873,576.5,0
opp_hist_f3_r2_minus_r1_sig_str_attempted_mean,4,3.096088171005249,0.0010320131841581315,680.0,0
diff_hist_career_distance_attempted_per15_std,4,3.9548014402389526,0.0010302247683284804,654.0,0
opp_profile_height,4,1.802573412656784,0.0010288970406691078,623.5,0
self_hist_d730_r1_td_attempted_std,4,4.477479696273804,0.0010254789085593075,573.5,0
self_hist_career_r2_ground_attempted_mean,4,2.385939121246338,0.0010203884303336963,753.0,0
self_hist_career_head_attempt_share_std,4,3.8837687373161316,0.0010183571721427143,653.0,0
self_hist_d730_leg_landed_per15_std,4,3.497696876525879,0.0010182372861891054,647.0,0
opp_hist_d730_r2_distance_attempted_std,4,1.2887814044952393,0.0010181445395573974,978.0,0
self_hist_career_distance_attempt_share_mean,4,3.970819652080536,0.0010123614702024497,586.0,0
opp_hist_f1_r2_minus_r1_distance_attempted_mean,4,3.328396439552307,0.0010103095264639705,493.5,0
diff_hist_d730_distance_attempt_share_std,4,4.396585762500763,0.001009855346637778,501.5,0
self_hist_d730_total_str_attempted_per15_mean,4,1.940911889076233,0.0010092885349877179,676.0,0
self_hist_d730_sub_att_per15_std,4,3.890632390975952,0.0010074893943965435,718.5,0
opp_hist_d730_total_str_attempted_per15_std,4,2.349861741065979,0.001002750766929239,644.5,0
opp_hist_career_kd_per15_std,4,2.294302225112915,0.0009989527752622962,660.5,0
diff_hist_d730_distance_landed_per15_mean,4,2.6461324095726013,0.0009986780059989542,787.5,0
diff_hist_d730_r2_sig_str_attempted_std,4,2.3532849550247192,0.000997775758150965,733.5,0
diff_hist_f3_ctrl_sec_per15_std,4,3.6804996728897095,0.0009961438190657645,481.5,0
opp_hist_f3_distance_attempt_share_std,4,1.8071206212043762,0.0009950648818630725,660.5,0
self_hist_f3_clinch_acc_mean,4,3.174657702445984,0.0009914409893099219,596.5,0
self_hist_career_body_landed_per15_std,4,4.217531204223633,0.000990089523838833,617.5,0
opp_hist_f3_head_landed_per15_mean,4,4.1354820728302,0.0009866434775176458,650.0,0
self_hist_career_head_attempt_share_mean,4,4.332670211791992,0.0009846263274084777,576.5,0
self_hist_f3_td_attempted_per15_std,4,1.9744953513145447,0.0009830222988966852,654.0,0
opp_hist_d730_r2_ground_attempted_mean,4,3.0112865567207336,0.000981017859885469,671.0,0
diff_hist_f3_body_attempted_per15_mean,4,3.853169560432434,0.0009809402617975138,606.5,0
diff_hist_career_r2_sig_str_landed_mean,4,3.037209630012512,0.0009798114479053766,712.5,0
self_hist_d730_elapsed_seconds_mean,4,4.478253185749054,0.000975744998868322,551.0,0
self_hist_f3_sub_attempts_per_control_min_std,4,3.0045729279518127,0.0009733560364111327,686.5,0
opp_hist_f3_leg_acc_mean,4,4.4523672461509705,0.0009721424685267266,693.5,0
diff_hist_f3_leg_attempt_share_std,4,4.736023545265198,0.0009638486662879586,593.5,0
diff_hist_career_r1_sig_str_attempted_std,4,2.393481969833374,0.0009606147359590977,816.0,0
self_hist_f3_distance_attempted_per15_std,4,2.986199140548706,0.0009557397570461035,818.0,0
self_hist_d730_ground_attempts_per_control_min_mean,4,3.6498820781707764,0.0009548209491185844,727.0,0
self_hist_career_leg_attempted_per15_mean,4,4.034731388092041,0.000953129434492439,491.0,0
opp_hist_d730_r2_minus_r1_sig_str_landed_std,4,2.1204017400741577,0.000951064721448347,726.5,0
self_hist_f1_head_landed_per15_mean,4,3.941451907157898,0.0009488745708949864,561.0,0
opp_scheduled_rounds,4,9.394469261169434,0.0009480950539000332,653.5,0
opp_hist_f3_r3_minus_r1_sig_str_attempted_mean,4,3.208151340484619,0.0009470528166275471,474.0,0
self_hist_career_leg_landed_per15_std,4,3.6010189056396484,0.0009464055510761682,724.0,0
opp_hist_f1_leg_acc_mean,4,4.122278809547424,0.0009439426648896188,734.0,0
diff_hist_d730_r2_minus_r1_ground_attempted_std,4,4.70625638961792,0.0009418938607268501,623.5,0
opp_hist_career_r3_ctrl_sec_std,4,1.9299309849739075,0.0009417574619874358,661.0,0
self_hist_career_r3_minus_r1_ctrl_sec_mean,4,2.989989995956421,0.0009399918199051172,666.5,0
self_hist_f1_body_attempt_share_mean,4,3.7652140855789185,0.0009356894588563591,554.0,0
diff_hist_d730_td_acc_std,4,2.521780252456665,0.0009334724163636565,817.5,0
diff_hist_d730_leg_acc_mean,4,4.8570451736450195,0.0009299510566052049,632.0,0
self_hist_d730_r2_ctrl_sec_mean,4,4.068618357181549,0.0009294566989410669,513.0,0
self_hist_d730_clinch_landed_per15_std,4,3.905411422252655,0.0009287464417866431,654.0,0
opp_hist_career_r1_sig_str_attempted_std,4,4.249575078487396,0.0009282291066483594,604.0,0
self_hist_f1_body_attempted_per15_mean,4,3.4014512300491333,0.0009267316272598691,611.5,0
opp_hist_f3_clinch_attempted_per15_mean,4,3.0895259976387024,0.0009239261271432042,529.5,0
opp_hist_f3_td_acc_mean,4,4.3946181535720825,0.0009233342716470361,589.5,0
diff_hist_career_r3_minus_r1_ground_attempted_std,4,3.048050284385681,0.000921632738027256,654.0,0
self_hist_f3_r3_minus_r1_ctrl_sec_mean,4,2.9684633016586304,0.0009197066683555022,585.5,0
diff_hist_career_head_acc_std,4,3.2983309626579285,0.0009193573496304452,495.0,0
self_hist_career_leg_attempted_per15_std,4,4.009113430976868,0.0009188993717543781,535.0,0
opp_hist_career_r2_minus_r1_distance_attempted_mean,4,3.3581080436706543,0.0009183326037600636,540.0,0
diff_hist_career_ctrl_sec_per15_mean,4,2.8118860721588135,0.0009179898843285628,790.0,0
self_hist_f3_total_acc_mean,4,4.80997896194458,0.0009174106307909824,631.5,0
opp_hist_f1_clinch_attempt_share_mean,4,4.7682636976242065,0.0009153303253697231,649.5,0
diff_hist_d730_kd_per15_mean,4,3.1660438776016235,0.0009151369449682534,667.5,0
opp_hist_d730_elapsed_seconds_std,4,1.714189052581787,0.0009150789264822379,793.0,0
opp_hist_d730_total_str_landed_per15_std,4,4.841423869132996,0.0009149338293354958,578.5,0
diff_hist_d730_r2_minus_r1_ground_attempted_mean,4,2.6552600860595703,0.0009145658368652221,744.0,0
self_hist_d730_rounds_observed_mean,4,3.4060534238815308,0.0009142305680143181,541.0,0
self_hist_f1_r2_ctrl_sec_mean,4,3.4988439083099365,0.0009135604377661366,699.0,0
diff_hist_career_r2_minus_r1_sig_str_landed_mean,4,2.4755080938339233,0.0009116997898672707,720.0,0
opp_hist_career_ground_attempt_share_std,4,4.054749488830566,0.0009096443245653063,479.0,0
opp_hist_f1_control_share_mean,4,4.314073324203491,0.0009025338003993966,777.5,0
diff_hist_f3_distance_attempt_share_std,4,3.3909010887145996,0.0009013493690872565,666.0,0
opp_hist_f1_head_landed_per15_mean,4,3.691215753555298,0.0009007317567011341,641.0,0
self_hist_d730_td_attempted_per15_std,4,3.527403950691223,0.0008981587598100305,540.5,0
opp_hist_f1_r3_minus_r1_clinch_attempted_mean,4,4.497852087020874,0.000897957943379879,595.0,0
opp_hist_d730_r1_ground_attempted_mean,4,4.71655809879303,0.0008961657949839719,603.5,0
self_hist_f1_r3_minus_r1_distance_attempted_mean,4,3.8112066984176636,0.000895094868610613,629.0,0
self_hist_career_r2_sig_str_landed_mean,4,4.3460653424263,0.0008933520875871181,753.5,0
opp_hist_career_distance_attempted_per15_std,4,2.3024203777313232,0.000893160467967391,691.0,0
diff_hist_d730_r2_sig_str_landed_mean,4,2.334532856941223,0.0008928001843742095,988.0,0
self_scheduled_rounds,4,9.420719146728516,0.0008912341072573327,631.5,0
opp_hist_career_r2_minus_r1_ground_attempted_std,4,4.059077978134155,0.0008909644893719815,817.5,0
self_hist_f1_distance_attempted_per15_mean,4,4.45152086019516,0.000887725138454698,613.5,0
self_hist_career_r2_ground_attempted_std,4,4.163838684558868,0.0008860657035256736,724.5,0
self_hist_f3_head_landed_per15_std,4,2.708687424659729,0.0008843381656333804,745.0,0
opp_hist_d730_body_attempt_share_std,4,3.817667007446289,0.0008832494495436549,693.5,0
opp_hist_f1_distance_attempted_per15_mean,4,1.7136956453323364,0.0008829140278976411,760.5,0
opp_hist_f3_td_attempted_per15_mean,4,3.526081621646881,0.000882558299053926,654.0,0
diff_hist_f1_leg_landed_per15_mean,4,3.2670662999153137,0.0008816802728688344,761.0,0
opp_hist_f3_leg_attempted_per15_mean,4,3.6067655086517334,0.0008792220978648402,639.0,0
opp_hist_f3_r2_minus_r1_clinch_attempted_mean,4,3.8742080330848694,0.0008790125029918272,641.5,0
diff_hist_d730_head_acc_mean,4,3.1019574403762817,0.0008781501237535849,523.5,0
diff_hist_f1_distance_attempt_share_mean,4,1.9901366233825684,0.0008754434820730239,735.0,0
self_hist_f3_leg_attempt_share_std,4,1.8493340611457825,0.0008750819688430056,811.5,0
diff_hist_career_r2_minus_r1_ctrl_sec_std,4,2.3226232528686523,0.0008742780773900449,753.5,0
opp_hist_career_leg_attempted_per15_mean,4,5.0233927965164185,0.0008725363586563617,513.0,0
opp_hist_d730_ctrl_sec_per15_mean,4,4.8629631996154785,0.0008724514846107922,722.5,0
diff_hist_f1_r1_clinch_attempted_mean,4,5.35578989982605,0.0008531312487320974,725.0,0
self_hist_d730_ground_acc_std,4,2.478594183921814,0.0008530083578079939,673.0,0
opp_hist_f3_leg_attempted_per15_std,4,2.5508294105529785,0.0008520787814632058,732.0,0
opp_hist_career_r3_minus_r1_sig_str_landed_std,4,3.6192654967308044,0.0008500833064317703,722.0,0
diff_hist_d730_r3_ctrl_sec_std,4,2.632917642593384,0.000849223550176248,752.5,0
self_hist_career_control_share_mean,4,6.234414219856262,0.0008465506252832711,716.5,0
self_hist_d730_r2_ground_attempted_std,4,3.304305374622345,0.0008463014892186038,707.5,0
self_hist_f3_sig_acc_std,4,3.485729217529297,0.000843372821691446,623.0,0
diff_hist_f3_sig_acc_mean,4,3.314101457595825,0.0008416745258728042,580.0,0
opp_hist_career_body_landed_per15_mean,4,3.9387524724006653,0.0008414873227593489,654.5,0
self_hist_career_rounds_observed_std,4,4.017681300640106,0.0008388715796172619,629.5,0
opp_hist_d730_td_attempted_per15_std,4,3.1642152070999146,0.0008336192768183537,786.5,0
diff_hist_f3_td_attempted_per15_std,4,2.7388529777526855,0.0008333577934536152,658.5,0
self_hist_f3_head_attempted_per15_mean,4,2.9699875712394714,0.0008279240719275549,629.5,0
diff_hist_d730_clinch_attempted_per15_mean,4,3.3131731748580933,0.0008262875198852271,686.5,0
opp_hist_f1_r3_minus_r1_distance_attempted_mean,4,3.3709787130355835,0.0008240878887590952,762.5,0
self_hist_d730_sig_acc_mean,4,4.471288084983826,0.0008233822591137141,706.0,0
self_hist_career_head_acc_std,4,4.580325663089752,0.0008189692161977291,580.5,0
opp_hist_d730_r2_minus_r1_ctrl_sec_mean,4,2.672627568244934,0.000818710308521986,702.5,0
self_hist_f1_clinch_attempt_share_mean,4,4.6346622705459595,0.0008168987624230795,587.5,0
self_hist_d730_r3_ground_attempted_std,4,5.005706787109375,0.0008153782546287403,648.0,0
opp_hist_career_r1_ground_attempted_std,4,2.760516881942749,0.0008137226686812937,775.0,0
diff_hist_f3_leg_attempted_per15_mean,4,3.0431495308876038,0.0008127179462462664,607.0,0
opp_hist_f3_ground_acc_std,4,3.3211833834648132,0.0008107748726615682,679.5,0
diff_hist_f3_ground_attempt_share_mean,4,2.6488856077194214,0.0008053124183788896,824.5,0
diff_hist_d730_leg_landed_per15_mean,4,4.373859405517578,0.0008034606580622494,615.5,0
diff_hist_career_td_acc_mean,4,2.416193962097168,0.000803440147137735,665.0,0
opp_hist_d730_r3_distance_attempted_mean,4,3.730220317840576,0.0008029007440200076,561.0,0
self_hist_career_ground_acc_mean,4,4.676221609115601,0.0008027830917853862,719.5,0
diff_hist_d730_leg_attempt_share_std,4,3.476393163204193,0.0008012198959477246,604.5,0
opp_hist_career_r3_clinch_attempted_mean,4,2.0241928100585938,0.0007991395832505077,709.0,0
diff_hist_career_r3_ground_attempted_mean,4,3.5201265811920166,0.0007960097718751058,682.5,0
self_hist_f1_r2_minus_r1_sig_str_attempted_mean,4,3.2795841693878174,0.0007957141060614958,721.5,0
self_hist_f1_clinch_landed_per15_mean,4,3.32843017578125,0.0007929863350000232,713.0,0
self_hist_d730_leg_acc_mean,4,3.4818536043167114,0.0007915316236903891,787.5,0
diff_hist_d730_r1_td_attempted_std,4,2.3105605840682983,0.0007913455992820673,953.5,0
opp_hist_career_body_attempted_per15_mean,4,4.113759756088257,0.000790727590356255,603.5,0
self_hist_career_body_landed_per15_mean,4,2.9869526624679565,0.000788394347182475,733.0,0
self_history_fights,4,4.250023126602173,0.0007876657364249695,693.5,0
self_hist_career_r1_ground_attempted_std,4,3.029161274433136,0.0007874342045397498,723.0,0
opp_hist_career_r2_ctrl_sec_std,4,3.9737807512283325,0.0007874107832321897,577.0,0
diff_hist_career_clinch_attempted_per15_std,4,4.098139464855194,0.0007872334463172592,656.0,0
self_hist_d730_r3_clinch_attempted_std,4,2.2679500579833984,0.0007871081470511854,998.0,0
opp_hist_f1_r3_minus_r1_sig_str_attempted_mean,4,2.6893709301948547,0.0007841774422558956,675.5,0
diff_hist_career_ground_attempts_per_control_min_mean,4,4.788270056247711,0.0007837834527890664,660.0,0
opp_hist_d730_clinch_attempted_per15_mean,4,4.282013535499573,0.00078153470531106,665.5,0
self_hist_d730_r2_minus_r1_ground_attempted_std,4,6.860285043716431,0.0007810078022885136,703.0,0
opp_hist_career_body_attempt_share_std,4,3.6760165095329285,0.000775148713728413,534.0,0
opp_hist_career_ground_acc_mean,4,3.7800687551498413,0.0007742777088424191,563.0,0
diff_hist_career_body_attempt_share_std,4,3.314315915107727,0.0007736248226137832,635.5,0
self_hist_d730_body_acc_mean,4,2.511884480714798,0.0007735587714705616,772.0,0
diff_hist_d730_r2_minus_r1_td_attempted_std,4,2.5579689741134644,0.0007719760469626635,753.5,0
self_hist_f1_total_acc_mean,4,3.822880744934082,0.0007718258711975068,561.5,0
opp_hist_career_r2_minus_r1_sig_str_attempted_mean,4,3.4692482352256775,0.0007714288440183736,640.0,0
self_hist_f1_sig_str_attempted_per15_mean,4,3.754371166229248,0.0007690087077207863,603.0,0
self_hist_d730_r1_ctrl_sec_std,4,5.789809584617615,0.0007678145848331042,734.0,0
opp_hist_f1_ground_acc_mean,4,3.307846188545227,0.0007669255501241423,756.5,0
self_hist_d730_r2_sig_str_attempted_std,4,4.053945422172546,0.0007665849989280105,581.0,0
self_hist_d730_r1_clinch_attempted_std,4,3.188047170639038,0.000764742013416253,610.5,0
opp_hist_d730_leg_landed_per15_std,4,5.008247375488281,0.0007644189172424376,996.0,0
self_hist_career_leg_acc_mean,4,2.701760232448578,0.0007638190581928939,601.0,0
diff_hist_f3_r3_clinch_attempted_mean,4,3.424551248550415,0.0007635085785295814,678.5,0
self_hist_d730_td_landed_per15_std,4,2.912348985671997,0.0007629625724803191,838.5,0
diff_hist_career_leg_acc_mean,4,4.88529235124588,0.0007624905701959506,658.5,0
self_hist_f3_r1_ctrl_sec_mean,4,1.6158332824707031,0.0007587362779304385,978.0,0
diff_hist_career_r3_minus_r1_clinch_attempted_mean,4,4.198603510856628,0.0007571230962639675,705.0,0
opp_hist_d730_r3_minus_r1_td_attempted_std,4,2.534459352493286,0.0007567615539301187,707.0,0
diff_hist_career_distance_landed_per15_mean,4,4.82979428768158,0.0007505724497605115,735.0,0
opp_hist_career_head_attempt_share_mean,4,4.002403736114502,0.0007471695134881884,721.0,0
opp_hist_f3_elapsed_seconds_std,4,2.2346728444099426,0.0007465414673788473,815.5,0
self_hist_d730_td_acc_mean,4,4.17269903421402,0.0007462013381882571,746.0,0
self_hist_d730_total_acc_mean,4,1.9105926156044006,0.0007450834527844563,853.0,0
diff_hist_d730_td_acc_mean,4,4.095523357391357,0.0007449721815646626,660.0,0
diff_hist_career_leg_acc_std,4,3.585163801908493,0.0007441503985319287,701.0,0
diff_hist_d730_ctrl_sec_per15_mean,4,0.9793960452079773,0.000743393728043884,978.0,0
opp_hist_d730_sig_str_landed_per15_std,4,1.9915090203285217,0.0007433451828546822,731.5,0
self_hist_f1_r3_clinch_attempted_mean,4,2.519381523132324,0.0007413897110382095,846.5,0
opp_hist_f3_r3_ctrl_sec_mean,4,2.844078838825226,0.0007412102895614225,775.5,0
opp_hist_d730_r1_distance_attempted_mean,4,2.9056983590126038,0.0007399609821732156,724.0,0
diff_hist_career_distance_attempt_share_mean,4,4.743508696556091,0.0007386035504168831,684.5,0
opp_hist_d730_r2_minus_r1_clinch_attempted_mean,4,4.798724412918091,0.0007374912602244876,709.5,0
diff_hist_career_body_landed_per15_mean,4,4.399686217308044,0.00073669568519108,671.0,0
opp_hist_d730_r2_minus_r1_td_attempted_std,4,3.8221776485443115,0.0007360454474110156,783.0,0
diff_hist_d730_r3_ground_attempted_mean,4,4.512532591819763,0.0007339404182857834,629.0,0
diff_hist_f1_clinch_attempted_per15_mean,4,1.773369312286377,0.0007337314746109769,859.0,0
diff_hist_d730_clinch_acc_mean,4,3.437030613422394,0.0007275327807292342,640.5,0
opp_hist_career_total_acc_std,4,2.4172605872154236,0.000719668751116842,830.5,0
diff_hist_f1_r3_minus_r1_sig_str_attempted_mean,4,2.724423825740814,0.0007196287042461336,763.5,0
opp_hist_f1_td_acc_mean,4,2.388252079486847,0.0007193852798081934,756.0,0
self_hist_d730_head_attempt_share_std,4,3.890845835208893,0.0007189768439275213,612.5,0
diff_hist_career_rev_per15_mean,4,3.0215903520584106,0.0007174998900154606,899.0,0
self_hist_f1_r3_minus_r1_clinch_attempted_mean,4,3.939634084701538,0.0007154630438890308,741.0,0
opp_hist_career_r3_distance_attempted_std,4,3.230684280395508,0.0007151272657210939,732.0,0
diff_hist_d730_total_str_attempted_per15_mean,4,2.0715434551239014,0.0007148291697376408,916.5,0
self_hist_career_body_attempted_per15_std,4,3.025357663631439,0.0007146983407437801,733.0,0
diff_hist_d730_r2_minus_r1_distance_attempted_std,4,2.3974448442459106,0.0007139413501136005,802.5,0
self_hist_career_head_attempted_per15_std,4,2.5025439262390137,0.0007128804572857916,733.5,0
diff_hist_career_sig_str_landed_per15_mean,4,3.475060224533081,0.0007085558972903527,909.5,0
self_hist_f3_leg_acc_mean,4,2.220229923725128,0.0007078021299093962,741.0,0
self_hist_d730_r3_ctrl_sec_mean,4,4.807450890541077,0.0007073538581607863,705.0,0
self_hist_d730_distance_attempt_share_std,4,3.3731990456581116,0.000706429302226752,646.0,0
opp_hist_d730_sig_acc_mean,4,3.1190450191497803,0.0007055340538499877,778.5,0
self_hist_d730_body_attempt_share_mean,4,2.6410084068775177,0.0007027194878901355,685.0,0
diff_hist_f3_r2_minus_r1_ground_attempted_mean,4,4.107307612895966,0.000702671823091805,761.5,0
diff_hist_f3_kd_per15_mean,4,4.3931363224983215,0.0007008725369814783,786.0,0
opp_hist_f3_td_landed_per15_mean,4,3.1973381638526917,0.0006959328165976331,575.0,0
self_hist_f3_r3_minus_r1_sig_str_landed_mean,4,3.8260624408721924,0.0006931837197043933,706.0,0
self_hist_career_r1_ctrl_sec_std,4,3.769157648086548,0.0006915490084793419,646.5,0
diff_hist_career_r1_sig_str_landed_std,4,2.81166410446167,0.0006903221365064383,759.0,0
diff_hist_d730_control_share_mean,4,0.8953397274017334,0.0006890054210089147,978.0,0
self_hist_career_body_attempt_share_std,4,3.955865502357483,0.0006846917676739395,708.5,0
self_hist_f1_distance_attempt_share_mean,4,4.2879921197891235,0.0006843613809905946,791.0,0
self_hist_f1_ground_attempts_per_control_min_mean,4,3.5613523721694946,0.0006825570162618533,883.0,0
self_hist_f3_td_attempted_per15_mean,4,3.213604152202606,0.000680337667290587,842.0,0
diff_hist_career_sig_str_attempted_per15_std,4,1.4420300722122192,0.0006802352727390826,998.0,0
opp_hist_f1_body_attempted_per15_mean,4,3.4147095680236816,0.0006797672103857622,750.5,0
opp_hist_career_leg_acc_std,4,2.1931092143058777,0.0006794325890950859,765.5,0
diff_hist_f1_ground_attempts_per_control_min_mean,4,3.8175877928733826,0.0006792780550313182,714.0,0
opp_hist_f3_td_attempted_per15_std,4,0.8960813879966736,0.0006790630868636072,978.0,0
self_hist_d730_leg_acc_std,4,2.4198320508003235,0.0006780043731851038,821.5,0
self_hist_d730_head_landed_per15_std,4,3.083968758583069,0.0006776690279366449,694.5,0
diff_hist_d730_body_attempt_share_std,4,3.7769898176193237,0.0006760276664863341,689.0,0
opp_hist_d730_r3_ground_attempted_mean,4,1.8751448392868042,0.0006753169218427502,930.0,0
self_hist_d730_ground_acc_mean,4,2.9409364461898804,0.0006733031623298302,772.0,0
opp_hist_career_leg_attempt_share_std,4,3.539445638656616,0.0006722156394971535,725.0,0
opp_hist_career_r2_ground_attempted_std,4,3.397376835346222,0.0006710751331411302,723.5,0
opp_hist_d730_r1_td_attempted_std,4,3.6832749247550964,0.0006703831750201061,732.5,0
opp_hist_career_r2_sig_str_landed_mean,4,2.309560775756836,0.0006693638570141047,875.5,0
self_hist_d730_sig_acc_std,4,4.540162444114685,0.0006681426420982461,675.5,0
opp_hist_d730_r3_minus_r1_ctrl_sec_std,4,3.3872989416122437,0.0006676563134533353,779.5,0
self_hist_d730_head_attempted_per15_mean,4,4.963701844215393,0.0006637117548962124,683.5,0
opp_hist_d730_r3_minus_r1_sig_str_attempted_mean,4,2.322809249162674,0.0006624519592151046,666.0,0
opp_hist_d730_r2_minus_r1_distance_attempted_std,4,3.194120168685913,0.0006594212318304926,714.5,0
self_hist_f3_total_str_landed_per15_mean,4,2.1009856462478638,0.0006576188025064766,852.5,0
opp_hist_f3_sub_attempts_per_control_min_mean,4,3.2377679347991943,0.0006554036008310504,702.5,0
diff_hist_d730_ctrl_sec_per15_std,4,3.865820050239563,0.0006528166559292004,798.0,0
diff_hist_career_leg_attempted_per15_std,4,3.295843720436096,0.0006524979617097415,821.5,0
self_hist_f3_r2_clinch_attempted_mean,4,2.438582420349121,0.0006519249291159213,765.0,0
diff_hist_career_leg_attempt_share_std,4,2.2046515941619873,0.0006515239947475493,802.0,0
opp_hist_f3_sig_str_attempted_per15_mean,4,3.662912428379059,0.000649356959911529,803.0,0
self_hist_d730_sig_str_landed_per15_mean,4,3.0418611764907837,0.0006469678191933781,861.5,0
opp_hist_career_r1_clinch_attempted_std,4,2.3089369535446167,0.000645941669063177,938.5,0
diff_hist_f3_sig_acc_std,4,3.7765825986862183,0.0006458716525230557,718.0,0
self_hist_f3_r3_sig_str_landed_mean,4,3.543171763420105,0.0006444291939260438,726.5,0
opp_hist_career_r1_sig_str_attempted_mean,4,3.3455896377563477,0.0006433549424400553,872.0,0
self_hist_f1_clinch_attempted_per15_mean,4,2.7138696908950806,0.0006426768668461591,814.5,0
diff_hist_career_ground_acc_mean,4,3.3911840319633484,0.0006397897814167663,727.5,0
self_hist_f3_clinch_attempted_per15_mean,4,3.873287796974182,0.0006389983027474955,659.5,0
opp_hist_d730_r1_sig_str_landed_std,4,3.8037413358688354,0.0006363257780321874,771.5,0
self_hist_f3_leg_attempted_per15_mean,4,1.8580356240272522,0.0006341035186778754,745.0,0
self_hist_d730_r2_minus_r1_clinch_attempted_mean,4,2.8419416546821594,0.0006321356777334586,818.5,0
opp_hist_d730_ground_attempts_per_control_min_std,4,3.974063456058502,0.0006316291401162744,664.5,0
opp_hist_d730_r3_sig_str_attempted_std,4,4.442074179649353,0.0006296556348388549,795.0,0
self_hist_career_sub_attempts_per_control_min_mean,4,1.7231104969978333,0.0006295864295680076,976.5,0
opp_hist_d730_r2_minus_r1_ground_attempted_mean,4,1.0708874464035034,0.0006294832564890385,998.0,0
self_hist_f3_r3_minus_r1_td_attempted_mean,4,1.7166005373001099,0.0006294748673099093,968.0,0
opp_hist_d730_r2_td_attempted_mean,4,3.466047525405884,0.0006294613413047045,663.5,0
diff_hist_career_r3_clinch_attempted_std,4,4.431457281112671,0.0006289906814345159,905.5,0
diff_hist_career_sig_str_attempted_per15_mean,4,3.7023415565490723,0.0006273081817198545,713.0,0
opp_hist_career_clinch_attempt_share_std,4,2.322361707687378,0.00062540516955778,834.0,0
diff_hist_d730_body_landed_per15_mean,4,3.466422438621521,0.0006250978985917754,822.5,0
diff_hist_d730_leg_attempt_share_mean,4,1.5636092722415924,0.0006236984045244753,886.5,0
self_hist_d730_sub_attempts_per_control_min_mean,4,2.6001298427581787,0.0006209002458490431,742.0,0
self_hist_f3_clinch_acc_std,4,2.6295154690742493,0.0006174081208882853,887.5,0
self_hist_d730_distance_attempt_share_mean,4,2.3701536655426025,0.0006167101237224415,872.5,0
self_hist_d730_clinch_attempt_share_std,4,2.0057836771011353,0.0006140687328297645,790.0,0
opp_hist_f1_distance_attempt_share_mean,4,4.044693768024445,0.0006104196763772052,709.5,0
self_hist_career_r3_clinch_attempted_mean,4,2.3754987716674805,0.0006082278232497629,773.5,0
opp_hist_f1_r3_sig_str_attempted_mean,4,2.8987882137298584,0.0006070550589356571,748.0,0
diff_hist_f1_r2_minus_r1_clinch_attempted_mean,4,5.036736607551575,0.0006069910887163132,765.5,0
diff_hist_d730_leg_attempted_per15_std,4,2.106883704662323,0.0006055730227672029,914.0,0
diff_hist_f3_ground_attempted_per15_mean,4,3.855123996734619,0.0006036236154614016,648.5,0
opp_hist_f3_r3_sig_str_attempted_std,4,4.155310094356537,0.0006024820104357786,746.5,0
self_hist_career_ctrl_sec_per15_mean,4,2.9375303983688354,0.000602370171691291,723.5,0
self_hist_career_r1_ctrl_sec_mean,4,2.322131872177124,0.0006018660496920347,760.5,0
diff_hist_d730_sig_str_attempted_per15_std,4,3.509493589401245,0.000599807062826585,817.0,0
self_hist_d730_head_attempted_per15_std,4,2.2850733399391174,0.0005996198560751509,942.5,0
diff_hist_f3_r2_ground_attempted_mean,4,3.8398372530937195,0.0005972799917799421,690.0,0
opp_hist_career_body_landed_per15_std,4,3.3329928517341614,0.0005956259119557217,723.0,0
self_hist_d730_ground_attempted_per15_std,4,2.5727763175964355,0.0005922270065639168,757.5,0
self_hist_career_clinch_landed_per15_mean,4,4.253142595291138,0.0005919538161833771,778.0,0
opp_hist_career_body_acc_std,4,3.077293634414673,0.0005895713911741041,781.0,0
diff_hist_d730_r1_distance_attempted_std,4,3.330385208129883,0.0005832362658111379,670.5,0
self_hist_career_rev_per15_std,4,4.180985331535339,0.0005822094826726243,691.0,0
diff_hist_career_r2_minus_r1_ground_attempted_mean,4,2.507555603981018,0.000581686086661648,810.5,0
opp_hist_career_clinch_landed_per15_std,4,3.2503163814544678,0.0005806617991765961,816.5,0
self_hist_f1_r2_minus_r1_ground_attempted_mean,4,3.8487578630447388,0.0005779612547485158,654.0,0
diff_hist_d730_rounds_observed_std,4,2.3764853477478027,0.0005766633257735521,875.0,0
self_hist_f3_r2_minus_r1_td_attempted_mean,4,2.368827164173126,0.000575640511669917,777.5,0
opp_hist_d730_leg_acc_std,4,2.344483256340027,0.0005749655974796042,891.0,0
diff_hist_f3_clinch_landed_per15_std,4,1.601169466972351,0.0005737640312872827,978.0,0
diff_hist_d730_r3_td_attempted_mean,4,2.5650302171707153,0.0005729715194320306,796.5,0
opp_hist_career_sub_attempts_per_control_min_mean,4,1.0800421237945557,0.0005722761852666736,978.0,0
opp_hist_d730_r2_ctrl_sec_mean,4,2.661986231803894,0.0005722113019146491,828.0,0
opp_hist_d730_body_landed_per15_mean,4,4.083083629608154,0.000571667402255116,691.0,0
opp_hist_f1_r2_distance_attempted_mean,4,2.2799237966537476,0.0005714641374652274,885.5,0
opp_hist_career_r3_minus_r1_ctrl_sec_mean,4,2.828086018562317,0.0005664760537911206,723.0,0
diff_hist_f3_total_acc_mean,4,3.25578373670578,0.0005662600888172165,651.0,0
diff_hist_career_r2_ctrl_sec_mean,4,3.7317850589752197,0.0005659625530824997,710.0,0
self_hist_d730_r3_minus_r1_sig_str_landed_std,4,2.8242833614349365,0.0005649952290696092,919.0,0
diff_hist_f3_r2_sig_str_attempted_std,4,3.1613215804100037,0.0005629971346934326,812.5,0
opp_hist_d730_r3_minus_r1_ctrl_sec_mean,4,2.1823068857192993,0.0005610441585304216,778.0,0
self_hist_d730_r1_distance_attempted_std,4,2.5847015380859375,0.0005591411027126014,812.5,0
self_hist_d730_ground_attempted_per15_mean,4,4.312287330627441,0.0005576945113716647,767.0,0
opp_hist_d730_clinch_attempted_per15_std,4,1.8217961192131042,0.0005503266147570685,855.0,0
diff_hist_career_r2_minus_r1_distance_attempted_mean,4,3.306373119354248,0.000550161326827947,789.5,0
self_hist_career_clinch_landed_per15_std,4,3.006388306617737,0.0005470397736644372,831.0,0
self_hist_career_sig_acc_mean,4,2.9312488436698914,0.0005469062161864713,962.0,0
self_hist_f3_r2_minus_r1_clinch_attempted_std,4,1.1785614490509033,0.000546636525541544,978.0,0
diff_hist_f3_ctrl_sec_per15_mean,4,4.686837553977966,0.0005446575451060198,774.5,0
self_hist_d730_ctrl_sec_per15_std,4,2.9957427978515625,0.0005430959281511605,978.0,0
opp_hist_f3_body_attempted_per15_mean,4,3.9973071217536926,0.0005391795239120256,777.0,0
opp_hist_f3_ground_attempted_per15_mean,4,1.0229027271270752,0.0005386932753026485,996.0,0
opp_hist_f3_ctrl_sec_per15_mean,4,2.0733054876327515,0.0005384628093452193,915.0,0
diff_hist_career_r2_ctrl_sec_std,4,3.488673210144043,0.0005382669696700759,767.5,0
self_hist_f3_ground_acc_std,4,2.9137154817581177,0.0005378407513489947,831.5,0
diff_hist_f3_ground_acc_std,4,3.478349983692169,0.0005376939770940226,853.5,0
opp_hist_d730_r1_ground_attempted_std,4,2.737689733505249,0.0005372112791519612,873.5,0
opp_hist_d730_elapsed_seconds_mean,4,2.27583646774292,0.0005371762235881761,798.5,0
opp_hist_d730_r3_sig_str_attempted_mean,4,3.1668761372566223,0.000537086722033564,768.0,0
opp_hist_career_elapsed_seconds_std,4,2.1061466932296753,0.0005354817403713241,889.5,0
diff_hist_f3_r1_sig_str_attempted_std,4,3.943350076675415,0.0005350488208932802,707.5,0
opp_hist_career_r2_minus_r1_clinch_attempted_mean,4,3.748274803161621,0.0005340865609468892,719.5,0
opp_hist_career_r2_distance_attempted_std,4,2.4754351377487183,0.0005335797904990613,792.0,0
self_hist_career_sig_acc_std,4,2.720394015312195,0.0005331202628440224,748.0,0
opp_hist_f1_ground_attempt_share_mean,4,2.3704835176467896,0.0005320205818861723,943.5,0
diff_hist_career_r2_ground_attempted_std,4,2.443433940410614,0.0005317504255799577,792.5,0
diff_hist_d730_r1_td_attempted_mean,4,3.5511239767074585,0.0005313458241289482,869.0,0
self_hist_f3_body_acc_mean,4,3.2291234731674194,0.0005307045648805797,851.0,0
opp_hist_d730_distance_acc_std,4,2.6692907214164734,0.0005305077429511584,740.5,0
self_hist_f1_r1_ctrl_sec_mean,4,2.455627202987671,0.000529899334651418,848.0,0
diff_hist_f3_r3_distance_attempted_std,4,3.260165572166443,0.0005292545538395643,810.0,0
opp_hist_career_r3_ground_attempted_mean,4,2.1479625701904297,0.0005286310333758593,996.0,0
opp_hist_f3_r2_sig_str_landed_std,4,2.2423362731933594,0.0005263981583993882,866.5,0
opp_hist_f1_r3_minus_r1_td_attempted_mean,4,1.7334688901901245,0.0005259625613689423,809.0,0
opp_hist_career_head_attempted_per15_mean,4,2.085716724395752,0.0005237478617345914,836.0,0
diff_hist_career_r3_minus_r1_ctrl_sec_mean,4,2.82116037607193,0.0005235218995949253,880.5,0
opp_hist_d730_distance_attempt_share_mean,4,0.9676806926727295,0.0005230039823800325,978.0,0
diff_hist_career_r2_minus_r1_ctrl_sec_mean,4,3.573705554008484,0.0005226556895649992,791.5,0
diff_hist_f3_r2_minus_r1_sig_str_landed_std,4,3.647190570831299,0.0005214750271989033,860.0,0
opp_hist_d730_control_share_mean,4,3.148682951927185,0.0005198729922994971,799.0,0
self_hist_f1_r2_td_attempted_mean,4,2.031805396080017,0.0005181448650546372,837.0,0
self_hist_f1_td_attempted_per15_mean,4,3.569932222366333,0.000517216365551576,729.0,0
diff_hist_d730_kd_per100_sig_landed_mean,4,1.9498211145401,0.0005171603115741163,868.0,0
self_hist_f3_r1_ground_attempted_std,4,3.7743741273880005,0.0005168654024600983,742.5,0
diff_hist_d730_ground_acc_mean,4,4.495428204536438,0.0005165459224372171,748.5,0
opp_hist_d730_td_attempted_per15_mean,4,3.0747151374816895,0.0005163174064364284,769.5,0
self_hist_f3_r3_sig_str_landed_std,4,1.7597025632858276,0.0005157001432962716,996.0,0
diff_hist_f3_control_share_std,4,1.0312203168869019,0.0005144347087480128,996.0,0
diff_hist_f3_leg_attempted_per15_std,4,2.6465474367141724,0.0005143075140949804,906.0,0
self_hist_f3_r3_minus_r1_sig_str_attempted_mean,4,3.44387948513031,0.0005129812270752154,759.5,0
diff_hist_career_r2_minus_r1_sig_str_attempted_mean,4,1.458833932876587,0.0005123212176840752,926.0,0
opp_hist_f1_body_attempt_share_mean,4,4.039863765239716,0.0005099435365991667,777.5,0
self_hist_d730_r3_sig_str_attempted_mean,4,3.6507386565208435,0.0005077505338704214,743.0,0
self_hist_career_sig_str_attempted_per15_mean,4,1.9591779708862305,0.0005066964658908546,798.0,0
diff_hist_career_kd_per100_sig_landed_std,4,3.302030384540558,0.0005054571374785155,789.5,0
diff_hist_f1_ground_attempted_per15_mean,4,2.4115899205207825,0.0005035985559516121,890.5,0
diff_hist_f3_ground_attempt_share_std,4,1.2873737812042236,0.0005031480686739087,978.0,0
self_hist_d730_r1_distance_attempted_mean,4,3.365293860435486,0.0005024046331527643,860.5,0
diff_hist_career_clinch_attempted_per15_mean,4,3.0053892135620117,0.0005010652093915269,858.5,0
self_hist_career_r2_minus_r1_ground_attempted_std,4,2.5684245824813843,0.0005007566651329398,816.0,0
self_hist_d730_distance_acc_std,4,4.326351046562195,0.0005004126360290684,806.0,0
diff_hist_d730_r3_sig_str_attempted_std,4,1.894073724746704,0.000498488632729277,984.5,0
self_hist_f3_r3_minus_r1_sig_str_attempted_std,4,3.827473759651184,0.0004980498051736504,859.0,0
diff_hist_career_r2_minus_r1_ground_attempted_std,4,2.4162365198135376,0.0004965555017406587,942.0,0
self_hist_career_clinch_attempted_per15_std,4,2.487174332141876,0.0004962012426403817,994.0,0
opp_hist_d730_ground_landed_per15_mean,4,1.8577973246574402,0.0004956736374879256,769.5,0
self_hist_f3_sig_str_attempted_per15_mean,4,3.0044947266578674,0.0004946640474372543,800.5,0
opp_hist_career_r2_clinch_attempted_mean,4,4.501066088676453,0.0004935349425068125,920.0,0
self_hist_career_ctrl_sec_per15_std,4,3.0895949602127075,0.0004926143155898899,756.0,0
self_hist_d730_body_attempt_share_std,4,2.8030887842178345,0.0004918713020742871,754.0,0
opp_hist_f1_body_acc_mean,4,2.832738757133484,0.0004918652484775521,813.0,0
opp_hist_career_distance_attempt_share_mean,4,3.944144308567047,0.0004892318575002719,831.0,0
self_hist_d730_control_share_mean,4,2.9981436133384705,0.0004892095967079513,864.5,0
opp_hist_d730_r3_minus_r1_td_attempted_mean,4,2.340313673019409,0.00048734665324445814,833.5,0
opp_hist_f3_r2_distance_attempted_mean,4,3.397408425807953,0.00048727708781370893,807.5,0
opp_hist_d730_r3_minus_r1_clinch_attempted_std,4,1.660600185394287,0.00048709812108427286,978.0,0
diff_hist_d730_body_acc_mean,4,4.512292146682739,0.00048641168541507795,767.0,0
self_hist_f3_head_landed_per15_mean,4,1.4906431436538696,0.0004853994178120047,978.0,0
diff_hist_d730_r3_minus_r1_clinch_attempted_mean,4,3.8448365926742554,0.00048509410771657713,827.5,0
diff_hist_f3_head_attempted_per15_mean,4,1.173282265663147,0.0004846793890465051,978.0,0
self_hist_career_sub_att_per15_mean,4,0.8803846836090088,0.00048416672507300973,978.0,0
opp_hist_career_r3_minus_r1_distance_attempted_std,4,2.19907808303833,0.00048293232975993305,869.5,0
diff_hist_f1_sub_attempts_per_control_min_mean,4,2.7854626178741455,0.0004794187843799591,775.0,0
diff_hist_career_r2_ground_attempted_mean,4,3.560004234313965,0.0004787466605193913,733.5,0
diff_hist_d730_body_attempted_per15_mean,4,2.011669099330902,0.0004777485446538776,892.5,0
opp_hist_d730_r1_clinch_attempted_std,4,2.8476932048797607,0.0004774179142259527,825.5,0
opp_hist_d730_head_attempt_share_std,4,2.549030065536499,0.0004767871869262308,907.5,0
diff_hist_f3_td_landed_per15_mean,4,3.2961045503616333,0.00047647993051214144,769.5,0
self_hist_career_r2_minus_r1_distance_attempted_mean,4,1.8507000803947449,0.00047639817057643086,812.5,0
self_hist_f3_kd_per100_sig_landed_mean,4,1.9201815128326416,0.00047587277367711067,996.0,0
opp_hist_f1_r1_clinch_attempted_mean,4,2.315516233444214,0.0004752807435579598,948.5,0
self_hist_d730_r2_minus_r1_td_attempted_std,4,2.803190231323242,0.00047490306315012276,978.0,0
opp_hist_f1_clinch_attempted_per15_mean,4,2.457740843296051,0.0004737960553029552,818.0,0
self_hist_d730_clinch_acc_std,4,2.3295319080352783,0.00047061737859621644,837.0,0
self_hist_f3_body_attempted_per15_std,4,1.8079009056091309,0.000469994600280188,960.5,0
opp_hist_d730_r2_sig_str_attempted_mean,4,2.6935524940490723,0.0004698689663200639,834.5,0
self_hist_d730_r2_minus_r1_distance_attempted_std,4,2.617042899131775,0.0004684198647737503,846.0,0
diff_hist_career_control_share_mean,4,3.26676481962204,0.0004683300430770032,734.0,0
diff_hist_career_r2_distance_attempted_mean,4,3.6770299673080444,0.0004661546117858961,818.0,0
opp_hist_career_ground_attempted_per15_std,4,2.598951816558838,0.0004653430587495677,930.5,0
diff_hist_f3_distance_landed_per15_std,4,1.8058701753616333,0.0004644311557058245,891.5,0
diff_hist_f3_body_landed_per15_std,4,2.411976158618927,0.00046347174065886065,822.0,0
opp_hist_career_r2_ground_attempted_mean,4,2.405522048473358,0.00046282793482532725,891.0,0
diff_hist_f3_total_str_attempted_per15_std,4,2.178051471710205,0.0004627327944035642,944.5,0
self_hist_career_sub_attempts_per_control_min_std,4,2.0154091119766235,0.00046267481593531556,950.5,0
opp_hist_f3_sub_att_per15_mean,4,2.1475683450698853,0.00046232505701482296,927.5,0
self_hist_f3_body_landed_per15_mean,4,2.0733017921447754,0.00046223512617871165,857.5,0
opp_hist_d730_ground_attempt_share_mean,4,2.7551244497299194,0.0004619402825483121,954.5,0
self_hist_d730_r1_sig_str_landed_std,4,2.2069069147109985,0.00046169818961061537,863.0,0
diff_hist_career_r2_minus_r1_td_attempted_std,4,1.9264363050460815,0.0004611790645867586,978.0,0
self_hist_career_clinch_attempt_share_std,4,1.3329930305480957,0.00046055001439526677,978.0,0
opp_hist_d730_rounds_observed_std,4,2.3151992559432983,0.0004597999795805663,809.5,0
diff_hist_d730_leg_attempted_per15_mean,4,2.9191408157348633,0.000459609909739811,928.5,0
self_hist_f3_ground_attempted_per15_mean,4,2.124890089035034,0.00045543770829681307,891.0,0
self_hist_f3_elapsed_seconds_std,4,1.94750314950943,0.000454883323982358,869.0,0
self_hist_d730_r3_sig_str_attempted_std,4,1.5531028509140015,0.00045453166239894927,996.0,0
opp_hist_f3_ground_attempt_share_std,4,4.109602689743042,0.000453600448963698,800.0,0
diff_hist_d730_r3_td_attempted_std,4,2.573671817779541,0.0004523646493908018,998.0,0
diff_hist_d730_r3_distance_attempted_mean,4,1.133851408958435,0.00045156528358347714,996.0,0
diff_hist_d730_head_attempted_per15_mean,4,2.3252369165420532,0.0004513790918281302,820.5,0
diff_hist_d730_r2_distance_attempted_mean,4,3.4324615597724915,0.00045061959099257365,812.5,0
diff_hist_f3_r3_minus_r1_distance_attempted_std,4,3.1726268529891968,0.00044980199163546786,853.5,0
opp_hist_f3_r3_sig_str_landed_std,4,3.801458954811096,0.0004494705572142266,746.5,0
self_hist_d730_r3_minus_r1_sig_str_attempted_mean,4,2.7737355828285217,0.0004494149688980542,786.0,0
self_hist_career_r3_sig_str_attempted_mean,4,3.3517807722091675,0.0004469693449209444,785.0,0
diff_hist_d730_r1_ctrl_sec_mean,4,1.9563922882080078,0.00044614277430810034,961.5,0
diff_hist_f1_control_share_mean,4,4.108897686004639,0.00044305166375124827,807.5,0
self_hist_career_r3_minus_r1_sig_str_attempted_mean,4,4.024982929229736,0.0004422731653903611,832.0,0
diff_hist_career_r2_sig_str_landed_std,4,1.6888464093208313,0.0004419172037160024,933.0,0
self_hist_d730_r2_distance_attempted_std,4,3.382290840148926,0.00044187628373038024,866.0,0
diff_hist_d730_rev_per15_mean,4,2.857233464717865,0.0004407886153785512,739.5,0
self_hist_career_head_attempted_per15_mean,4,2.7579498291015625,0.00043971952982246876,850.5,0
diff_hist_f3_r2_distance_attempted_std,4,2.7324353456497192,0.0004393970957607962,893.5,0
diff_hist_d730_r3_minus_r1_distance_attempted_mean,4,1.0972946882247925,0.000438942777691409,978.0,0
opp_hist_f1_td_attempted_per15_mean,4,3.150460720062256,0.00043826318869832903,866.0,0
diff_hist_f1_ground_attempt_share_mean,4,2.9565844535827637,0.00043803209700854495,834.0,0
self_hist_f3_r3_ctrl_sec_mean,4,2.378102123737335,0.00043739146713051014,896.0,0
opp_hist_d730_r2_minus_r1_ctrl_sec_std,4,3.3665140867233276,0.0004368337322375737,800.0,0
diff_hist_career_total_str_attempted_per15_mean,4,1.378706932067871,0.0004357424040790647,998.0,0
self_hist_career_clinch_attempted_per15_mean,4,2.9907150268554688,0.000435197762271855,801.5,0
self_hist_career_r2_clinch_attempted_std,4,2.1490782499313354,0.00043438396824058145,821.5,0
opp_hist_f3_ctrl_sec_per15_std,4,2.0649079084396362,0.0004336219426477328,808.5,0
diff_hist_career_r3_td_attempted_mean,4,1.605414628982544,0.00043277599615976214,978.0,0
opp_hist_d730_r2_minus_r1_clinch_attempted_std,4,2.1493974924087524,0.0004325113841332495,945.5,0
self_hist_f3_r2_distance_attempted_mean,4,1.9425735473632812,0.0004324749097577296,920.5,0
diff_hist_f3_leg_attempt_share_mean,4,2.445382297039032,0.00043123780051246285,875.0,0
diff_hist_f3_distance_acc_mean,4,2.016933500766754,0.0004308411662350409,776.0,0
opp_hist_d730_kd_per15_std,4,2.104826807975769,0.0004307936178520322,958.0,0
self_hist_f1_r2_minus_r1_sig_str_landed_mean,4,3.9494221210479736,0.00043003293103538454,797.0,0
opp_hist_f3_sub_attempts_per_control_min_std,4,3.3047631978988647,0.0004295637190807611,798.0,0
opp_hist_career_sub_attempts_per_control_min_std,4,1.9877083897590637,0.0004292150042601861,963.5,0
self_hist_career_r1_sig_str_attempted_mean,4,3.7400065660476685,0.000429065155913122,776.5,0
self_hist_d730_r2_minus_r1_distance_attempted_mean,4,1.8194167017936707,0.00042882259003818035,815.5,0
self_hist_d730_sig_str_attempted_per15_mean,4,3.0476980209350586,0.00042813256732188165,860.0,0
opp_hist_f3_total_str_landed_per15_mean,4,2.201108455657959,0.000425494450610131,912.0,0
opp_hist_f1_clinch_acc_mean,4,2.8515396118164062,0.0004229537444189191,842.0,0
opp_hist_f3_body_attempt_share_mean,4,1.9396505951881409,0.0004209928010823205,880.0,0
opp_hist_career_r2_sig_str_attempted_mean,4,2.033800482749939,0.0004204410142847337,906.5,0
diff_hist_d730_body_attempt_share_mean,4,1.9385945796966553,0.00041930047154892236,893.5,0
diff_hist_career_r3_minus_r1_td_attempted_mean,4,2.146780490875244,0.0004192653432255611,827.5,0
diff_hist_d730_elapsed_seconds_std,4,2.6540274620056152,0.0004183897763141431,924.0,0
diff_hist_f3_r2_clinch_attempted_mean,4,2.48612380027771,0.0004149930755374953,845.0,0
opp_hist_f3_clinch_acc_std,4,2.1212945580482483,0.000414259237004444,834.5,0
self_hist_f3_total_acc_std,4,2.198416531085968,0.0004132616777496878,901.0,0
self_hist_d730_clinch_attempted_per15_std,4,2.6527260541915894,0.0004111581511097029,894.5,0
diff_hist_f3_head_landed_per15_mean,4,2.8713412284851074,0.00040867186908144504,917.5,0
diff_hist_d730_body_acc_std,4,2.239693284034729,0.00040829590216162615,869.5,0
opp_hist_f3_leg_landed_per15_std,4,2.533954381942749,0.0004074157477589324,837.0,0
self_hist_career_leg_acc_std,4,3.248012065887451,0.0004072373303642962,933.5,0
diff_hist_f3_r3_minus_r1_distance_attempted_mean,4,1.2521498203277588,0.00040462129982188344,978.0,0
diff_hist_d730_ground_attempt_share_std,4,1.8175847232341766,0.00040429490036331117,849.0,0
diff_hist_f3_r2_minus_r1_ctrl_sec_std,4,2.93144690990448,0.0004034278535982594,812.5,0
opp_hist_d730_head_attempted_per15_mean,4,2.1630903482437134,0.0004030645650345832,878.0,0
diff_hist_f3_rev_per15_mean,4,3.4464555978775024,0.0004011441269540228,759.0,0
self_hist_f3_r2_ctrl_sec_std,4,2.4719479084014893,0.0004011438722955063,850.0,0
diff_hist_f3_r2_distance_attempted_mean,4,2.229340434074402,0.0003993810751126148,931.5,0
self_hist_career_kd_per15_std,4,0.7247481346130371,0.00039920807466842234,998.0,0
diff_hist_career_body_acc_std,4,1.786191701889038,0.00039903875222080387,985.5,0
diff_hist_f3_r2_ground_attempted_std,4,3.5567965507507324,0.0003958360248361714,900.5,0
self_hist_f3_control_share_mean,4,2.2325109243392944,0.00039440936234313995,869.0,0
opp_hist_f3_sig_acc_std,4,2.530132532119751,0.0003928370133507997,827.5,0
diff_hist_f1_ctrl_sec_per15_mean,4,0.9250937700271606,0.00039252120768651366,996.0,0
diff_hist_f1_r2_minus_r1_ground_attempted_mean,4,2.1364023089408875,0.0003906322817783803,869.5,0
opp_hist_d730_body_attempted_per15_std,4,3.3925678730010986,0.0003894184992532246,868.5,0
diff_hist_career_r3_minus_r1_td_attempted_std,4,3.06389844417572,0.0003882110395352356,866.5,0
self_hist_career_r1_clinch_attempted_std,4,2.4467828273773193,0.00038816836604382843,861.0,0
self_hist_d730_r3_minus_r1_td_attempted_mean,4,1.1572390794754028,0.00038524935371242464,986.0,0
diff_hist_f3_r1_td_attempted_mean,4,2.2783766984939575,0.0003851064757327549,917.5,0
opp_hist_career_r2_minus_r1_clinch_attempted_std,4,2.314411699771881,0.00038278701322269626,989.0,0
opp_hist_f1_r3_minus_r1_ctrl_sec_mean,4,2.698818027973175,0.00038276577834039927,936.5,0
opp_hist_career_total_str_landed_per15_std,4,2.3330817222595215,0.0003817040051217191,912.0,0
self_hist_f3_r3_ctrl_sec_std,4,1.8908171653747559,0.0003806715685641393,888.0,0
self_hist_f1_body_landed_per15_mean,4,2.739390254020691,0.0003802761493716389,901.5,0
diff_hist_career_total_acc_std,4,2.204324960708618,0.00038002086512278765,839.5,0
opp_hist_d730_r3_td_attempted_std,4,2.2592009902000427,0.000379615361453034,902.0,0
self_hist_f3_body_landed_per15_std,4,3.51588773727417,0.0003793231153395027,805.5,0
opp_hist_career_r3_sig_str_landed_mean,4,2.08342045545578,0.00037918894668109715,853.0,0
self_hist_d730_distance_landed_per15_std,4,3.5214701890945435,0.00037883969343965873,827.0,0
diff_hist_career_sig_acc_mean,4,2.055464267730713,0.0003785760491155088,868.5,0
diff_hist_f3_r3_minus_r1_sig_str_landed_mean,4,0.864506721496582,0.0003773437929339707,978.0,0
opp_hist_career_sig_str_attempted_per15_mean,4,2.9376429319381714,0.00037712036282755435,865.0,0
opp_hist_f3_clinch_landed_per15_std,4,0.9347015619277954,0.00037692143814638257,978.0,0
opp_hist_d730_kd_per100_sig_landed_std,4,3.5443469882011414,0.00037673178667319007,930.0,0
opp_hist_f3_head_landed_per15_std,4,1.308587670326233,0.00037597445771098137,998.0,0
opp_hist_f3_kd_per15_mean,4,2.213060736656189,0.0003746137153939344,923.0,0
diff_hist_d730_r2_minus_r1_sig_str_attempted_std,4,2.7886877059936523,0.000373829978343565,927.0,0
opp_hist_d730_rev_per15_mean,4,0.8879473209381104,0.0003732091572601348,978.0,0
opp_hist_f1_body_landed_per15_mean,4,2.6525604724884033,0.00037240459641907364,839.5,0
diff_hist_f3_ground_attempted_per15_std,4,0.9863024353981018,0.00037220161175355315,978.0,0
opp_hist_career_total_str_landed_per15_mean,4,0.7390391230583191,0.0003716092905960977,978.0,0
opp_hist_d730_r2_ctrl_sec_std,4,1.0288814306259155,0.0003715260827448219,978.0,0
self_hist_f3_r3_minus_r1_ctrl_sec_std,4,2.265783190727234,0.00037136793253012,864.5,0
opp_hist_d730_r2_clinch_attempted_mean,4,3.2658761739730835,0.0003708752919919789,869.5,0
diff_hist_career_td_landed_per15_std,4,2.610569953918457,0.00037041993346065283,853.0,0
opp_hist_career_body_attempted_per15_std,4,3.2187966108322144,0.00037017457361798733,853.5,0
diff_hist_career_kd_per100_sig_landed_mean,4,1.7674170136451721,0.0003699582302942872,831.0,0
self_hist_career_elapsed_seconds_mean,4,2.4712084531784058,0.0003699407970998436,873.5,0
self_hist_d730_r3_td_attempted_mean,4,2.0625545382499695,0.0003699144144775346,847.5,0
self_hist_f3_body_attempt_share_mean,4,3.8093342781066895,0.00036808810546062887,864.0,0
self_hist_d730_r2_minus_r1_ground_attempted_mean,4,2.6132954955101013,0.00036806443677050993,932.0,0
opp_hist_d730_ground_attempt_share_std,4,0.9677653908729553,0.000367658183677122,978.0,0
opp_hist_career_leg_landed_per15_std,4,2.2724181413650513,0.0003669774014269933,860.5,0
self_hist_f3_r1_ctrl_sec_std,4,2.60380220413208,0.0003656759290606715,836.0,0
opp_hist_f3_r2_minus_r1_ctrl_sec_std,4,1.9667630791664124,0.00036521299625746906,839.0,0
opp_history_fights,4,1.7947161197662354,0.00036521258880384266,978.0,0
diff_hist_career_ground_attempted_per15_std,4,1.3582478761672974,0.00036372357863001525,978.0,0
diff_hist_career_sig_acc_std,4,3.6828949451446533,0.0003635782341007143,833.0,0
opp_hist_d730_distance_landed_per15_std,4,1.8121488094329834,0.0003625955432653427,969.0,0
self_hist_f3_sub_att_per15_std,4,2.0730077028274536,0.0003604066987463739,990.5,0
diff_hist_f3_elapsed_seconds_std,4,2.4975739121437073,0.00035954034683527425,822.0,0
diff_hist_career_distance_attempted_per15_mean,4,2.1036826372146606,0.00035865179961547256,836.0,0
self_hist_f3_sig_str_landed_per15_std,4,3.5083364248275757,0.00035859511990565807,897.5,0
opp_hist_f1_clinch_landed_per15_mean,4,2.0452616810798645,0.0003581024066079408,883.5,0
self_hist_career_r2_sig_str_attempted_mean,4,2.3598053455352783,0.00035749048402067274,858.0,0
opp_hist_d730_leg_attempt_share_std,4,2.6945440769195557,0.0003572069254005328,860.5,0
diff_hist_f1_r1_distance_attempted_mean,4,2.7502697110176086,0.00035699062573257834,942.5,0
self_hist_career_sig_str_landed_per15_std,4,2.613913059234619,0.00035652489168569446,861.5,0
diff_hist_d730_r2_minus_r1_ctrl_sec_mean,4,3.572351098060608,0.0003521594626363367,801.0,0
diff_hist_career_distance_acc_mean,4,2.44143009185791,0.00035154616853105836,936.0,0
opp_hist_career_rev_per15_std,4,2.176731586456299,0.00035139534156769514,884.0,0
diff_hist_career_r2_minus_r1_clinch_attempted_mean,4,2.322827696800232,0.0003510458627715707,848.5,0
self_hist_f3_r2_minus_r1_ground_attempted_mean,4,1.3315868973731995,0.00034976096503669396,970.0,0
opp_hist_career_r3_clinch_attempted_std,4,1.260542392730713,0.0003492638061288744,996.0,0
self_hist_f3_r2_minus_r1_clinch_attempted_mean,4,2.6047197580337524,0.00034893741394625977,911.0,0
opp_hist_f3_sig_str_landed_per15_mean,4,1.352283239364624,0.00034889380913227797,996.0,0
self_hist_d730_r3_distance_attempted_mean,4,1.5456548929214478,0.0003475120465736836,901.5,0
diff_hist_f3_r2_minus_r1_ground_attempted_std,4,2.11815083026886,0.0003472557582426816,898.0,0
self_hist_f3_head_attempt_share_std,4,2.419112503528595,0.00034718996175797656,833.0,0
self_hist_d730_td_landed_per15_mean,4,1.0401691198349,0.000346904038451612,978.0,0
diff_hist_f1_r1_ground_attempted_mean,4,2.580896735191345,0.000345714608556591,833.0,0
opp_hist_career_clinch_attempted_per15_std,4,1.7237565517425537,0.000345429296430666,896.5,0
opp_hist_career_rounds_observed_mean,4,1.9071484804153442,0.0003454103643889539,915.0,0
self_hist_d730_r3_td_attempted_std,4,2.197866976261139,0.00034514180151745677,833.5,0
self_hist_career_r3_sig_str_landed_mean,4,2.3794736862182617,0.00034340722413617186,977.0,0
opp_hist_d730_ground_landed_per15_std,4,0.8861726522445679,0.0003431168443057686,936.5,0
diff_hist_career_ground_attempted_per15_mean,4,1.7949860095977783,0.00034275444340892136,978.0,0
diff_hist_f3_td_landed_per15_std,4,2.797600507736206,0.00034214572224300355,899.5,0
diff_hist_career_clinch_landed_per15_std,4,1.3615484237670898,0.0003409793134778738,978.0,0
self_hist_d730_td_attempted_per15_mean,4,2.6475415229797363,0.0003407820804568473,867.5,0
diff_hist_f3_sig_str_landed_per15_std,4,0.9962425827980042,0.00033935834653675556,996.0,0
opp_hist_career_r1_sig_str_landed_std,4,2.954922676086426,0.00033911703212652355,902.0,0
self_hist_f3_r2_minus_r1_ground_attempted_std,4,1.0622397661209106,0.00033872868516482413,978.0,0
self_hist_d730_r1_ctrl_sec_mean,4,2.342557668685913,0.0003367560639162548,929.0,0
diff_hist_d730_distance_acc_std,4,2.3040454536676407,0.0003355957451276481,866.5,0
self_hist_f3_r2_sig_str_attempted_std,4,2.8848637342453003,0.00033504675957374275,850.5,0
self_hist_d730_control_share_std,4,2.008103609085083,0.0003345665172673762,854.0,0
self_hist_f1_ground_landed_per15_mean,4,2.1711183190345764,0.0003314509231131524,874.0,0
self_hist_f1_ground_acc_mean,4,2.203983187675476,0.00033142771280836314,899.0,0
self_hist_d730_r1_td_attempted_mean,4,3.153252363204956,0.0003311237960588187,865.5,0
diff_hist_career_r3_minus_r1_sig_str_attempted_std,4,1.9689318537712097,0.0003308590821688995,845.5,0
self_hist_f3_kd_per100_sig_landed_std,4,2.482006549835205,0.0003294296038802713,894.5,0
diff_hist_career_head_landed_per15_std,4,2.6087639331817627,0.0003289179803687148,955.5,0
diff_hist_f3_r1_clinch_attempted_mean,4,2.2125004529953003,0.0003284810336481314,952.5,0
opp_hist_f3_r3_sig_str_landed_mean,4,2.0313663482666016,0.0003267841966589913,879.5,0
opp_hist_career_leg_attempted_per15_std,4,2.216136336326599,0.00032626971369609237,864.0,0
diff_hist_f3_r2_ctrl_sec_mean,4,1.2589364051818848,0.00032579929757048376,975.5,0
diff_hist_career_leg_landed_per15_mean,4,3.5151914954185486,0.0003250915542594157,904.5,0
opp_hist_f1_r1_ctrl_sec_mean,4,2.002778172492981,0.00032457533961860463,937.0,0
opp_hist_d730_r3_clinch_attempted_std,4,2.6570911407470703,0.00032391087734140456,998.0,0
opp_hist_f3_r2_ctrl_sec_std,4,1.894446849822998,0.0003234625546610914,929.5,0
opp_hist_d730_ground_acc_mean,4,2.8561774492263794,0.000322984647937119,950.5,0
opp_hist_f3_r3_sig_str_attempted_mean,4,1.9163017868995667,0.0003226000044378452,955.5,0
diff_hist_d730_td_landed_per15_mean,4,2.435649037361145,0.0003223121602786705,925.5,0
opp_hist_f3_r2_distance_attempted_std,4,2.0223352313041687,0.0003201126819476485,866.5,0
self_hist_d730_r2_sig_str_landed_std,4,1.8844763040542603,0.0003183143235219177,972.5,0
diff_hist_f3_r1_ground_attempted_mean,4,1.2277281284332275,0.00031795602990314364,957.0,0
opp_hist_d730_sig_str_attempted_per15_mean,4,1.649912178516388,0.0003170019554090686,875.5,0
self_hist_d730_body_landed_per15_std,4,1.7738201022148132,0.000316812853270676,898.5,0
diff_hist_d730_sub_attempts_per_control_min_mean,4,2.012064814567566,0.00031635982304578647,965.5,0
opp_hist_f3_kd_per15_std,4,2.2136844396591187,0.0003154805635858793,986.0,0
opp_hist_career_r3_sig_str_landed_std,4,2.631042003631592,0.0003144638176308945,900.0,0
opp_hist_career_sig_acc_std,4,2.243286967277527,0.00031421783205587417,948.0,0
opp_hist_d730_total_acc_std,4,2.503048837184906,0.0003123098940704949,885.5,0
diff_hist_career_r3_sig_str_landed_std,4,2.1086621284484863,0.0003121169429505244,905.0,0
opp_hist_f3_r1_ground_attempted_std,4,2.517284393310547,0.0003120221372228116,996.0,0
self_hist_d730_body_acc_std,4,2.4467435479164124,0.000312015472445637,886.0,0
self_hist_career_r3_minus_r1_distance_attempted_mean,4,0.9972725510597229,0.00031173601746559143,978.0,0
opp_hist_f3_control_share_mean,4,1.5838215947151184,0.00031014046544441953,969.5,0
self_hist_f3_leg_landed_per15_std,4,1.5158278942108154,0.0003093353006988764,998.0,0
self_hist_career_ground_landed_per15_std,4,1.3309603929519653,0.0003085819771513343,978.0,0
self_hist_career_sig_str_landed_per15_mean,4,2.6369636058807373,0.00030777676875004545,864.5,0
diff_hist_f3_r3_sig_str_attempted_std,4,1.4049384593963623,0.000306915317196399,996.0,0
opp_hist_f1_kd_per15_mean,4,1.5043363571166992,0.0003055739653063938,918.5,0
opp_hist_f3_r2_minus_r1_td_attempted_mean,4,2.4993045330047607,0.00030395864087040536,985.5,0
diff_hist_f3_kd_per100_sig_landed_mean,4,1.9355166554450989,0.0003026355116162449,962.5,0
diff_hist_d730_r2_minus_r1_clinch_attempted_mean,4,1.8386092782020569,0.00030024443549336866,924.5,0
diff_hist_f1_body_landed_per15_mean,4,3.0274358987808228,0.00029788570827804506,863.5,0
diff_hist_f3_r2_minus_r1_clinch_attempted_std,4,3.0708271265029907,0.00029746273503405973,862.5,0
self_hist_career_total_str_landed_per15_mean,4,1.956717848777771,0.0002966223255498335,939.0,0
opp_hist_f3_r2_minus_r1_ground_attempted_std,4,2.647780179977417,0.00029532110420404933,943.0,0
opp_hist_career_clinch_landed_per15_mean,4,2.4657269716262817,0.00029521790202124976,884.0,0
diff_hist_f3_clinch_acc_std,4,2.065830171108246,0.0002949921472463757,954.5,0
opp_hist_f3_r2_ground_attempted_std,4,1.135036587715149,0.0002946199892903678,977.5,0
diff_hist_d730_clinch_attempt_share_std,4,2.241315245628357,0.00029378784165601246,914.5,0
opp_hist_d730_r1_distance_attempted_std,4,2.5094306468963623,0.0002933301730081439,895.0,0
self_hist_f1_ground_attempt_share_mean,4,2.0307312607765198,0.00029328890377655625,870.5,0
self_hist_f1_r1_td_attempted_mean,4,2.0187761783599854,0.00029170827474445105,998.0,0
opp_hist_d730_total_acc_mean,4,1.8316904306411743,0.0002902953274315223,865.5,0
diff_hist_d730_head_attempt_share_std,4,0.8613173961639404,0.0002902502310462296,996.0,0
self_hist_career_distance_attempted_per15_mean,4,2.3562514781951904,0.00029007717239437625,921.5,0
diff_hist_f1_td_landed_per15_mean,4,1.7541476488113403,0.0002897048834711313,978.0,0
self_hist_career_clinch_acc_std,4,2.007797956466675,0.00028910433320561424,940.0,0
self_hist_d730_total_acc_std,4,2.225705623626709,0.0002888600283768028,862.5,0
diff_hist_d730_r2_clinch_attempted_std,4,1.357523798942566,0.00028858616133220494,978.0,0
opp_hist_f3_r3_minus_r1_ctrl_sec_mean,4,2.3896377086639404,0.0002879066742025316,902.0,0
opp_hist_f3_clinch_attempted_per15_std,4,2.8719789385795593,0.00028713420033454895,943.0,0
opp_hist_f3_r2_minus_r1_td_attempted_std,4,2.094262659549713,0.0002859972883015871,994.5,0
self_hist_career_r3_clinch_attempted_std,4,2.344407558441162,0.00028576328986673616,907.5,0
self_hist_career_r2_sig_str_landed_std,4,2.0908822417259216,0.0002847484138328582,955.5,0
diff_hist_career_clinch_attempt_share_std,4,3.0525327920913696,0.0002812463353620842,881.5,0
opp_hist_d730_r3_ctrl_sec_mean,4,1.4257892370224,0.00027982799656456336,934.0,0
self_hist_f3_r2_ground_attempted_mean,4,2.129969835281372,0.00027811551990453154,953.0,0
opp_hist_d730_r3_distance_attempted_std,4,1.9452409148216248,0.00027745068291551434,967.0,0
self_hist_f1_control_share_mean,4,1.1682798862457275,0.00027735711773857474,998.0,0
diff_hist_f3_r2_minus_r1_td_attempted_std,4,2.8449730277061462,0.0002752609543676954,895.0,0
opp_hist_f1_kd_per100_sig_landed_mean,4,2.166589140892029,0.00027486911858431995,942.5,0
opp_hist_f3_r3_clinch_attempted_mean,4,3.088995575904846,0.00027435729862190783,893.0,0
self_hist_d730_r1_sig_str_attempted_std,4,1.3508386611938477,0.00027277201297692955,996.0,0
diff_hist_f3_clinch_attempt_share_mean,4,1.1681678295135498,0.0002718817559070885,978.0,0
opp_hist_f3_total_str_attempted_per15_mean,4,1.9177294969558716,0.0002717564857448451,931.0,0
diff_hist_f3_r2_minus_r1_sig_str_landed_mean,4,1.947054386138916,0.0002716776143643074,904.5,0
opp_hist_d730_r1_ctrl_sec_mean,4,2.0321820974349976,0.000271670549409464,903.0,0
self_hist_f1_r3_sig_str_attempted_mean,4,2.870582103729248,0.0002713645590119995,872.5,0
diff_hist_d730_r3_minus_r1_ctrl_sec_std,4,2.5156075954437256,0.0002698388780117966,865.0,0
self_hist_d730_leg_attempt_share_std,4,2.3184401988983154,0.0002698261887417175,911.0,0
opp_hist_d730_r2_distance_attempted_mean,4,1.7370057702064514,0.00026941495161736384,910.5,0
self_hist_f1_ground_attempted_per15_mean,4,0.9519901275634766,0.0002690287656150758,998.0,0
diff_hist_d730_r2_sig_str_attempted_mean,4,2.155306398868561,0.0002674344796105288,933.5,0
self_hist_d730_kd_per100_sig_landed_mean,4,1.6975061893463135,0.0002658801095094532,978.0,0
opp_hist_career_head_acc_std,4,2.0936617255210876,0.00026456762134330347,887.5,0
opp_hist_career_r2_minus_r1_ctrl_sec_std,4,1.6802971959114075,0.00026315186551073566,925.5,0
diff_hist_career_head_attempt_share_std,4,1.8472691774368286,0.00026299032469978556,927.0,0
opp_hist_f3_r2_clinch_attempted_std,4,1.9778907299041748,0.00026297780277673155,950.0,0
opp_hist_d730_body_attempted_per15_mean,4,1.2048184871673584,0.0002625021188578103,967.5,0
opp_hist_f3_r3_minus_r1_sig_str_attempted_std,4,1.0020769834518433,0.0002619283623062074,978.0,0
diff_hist_d730_r3_ctrl_sec_mean,4,2.063728094100952,0.00026089430321007967,973.5,0
diff_hist_career_r3_minus_r1_sig_str_landed_mean,4,2.494370698928833,0.00025886968069244176,911.5,0
diff_hist_d730_leg_acc_std,4,1.6101061701774597,0.0002585293259471655,941.5,0
opp_hist_f3_td_landed_per15_std,4,1.2151305675506592,0.00025639214436523616,998.0,0
diff_hist_d730_r1_clinch_attempted_std,4,0.8741047978401184,0.00025566204567439854,996.0,0
opp_hist_f3_distance_attempt_share_mean,4,2.2065945863723755,0.0002554671373218298,919.5,0
opp_hist_career_r3_minus_r1_sig_str_attempted_mean,4,0.9318561553955078,0.00025540951173752546,978.0,0
diff_hist_f3_r3_minus_r1_ctrl_sec_mean,4,2.0589418411254883,0.0002546091563999653,998.0,0
diff_hist_career_r3_minus_r1_ground_attempted_mean,4,1.9886947274208069,0.00025455132345086895,963.0,0
opp_hist_d730_r3_clinch_attempted_mean,4,1.2683453559875488,0.00025379142607562244,996.0,0
self_hist_d730_head_acc_std,4,1.0164361000061035,0.00025292221107520163,978.0,0
self_hist_f1_r3_ctrl_sec_mean,4,1.4112390279769897,0.00025190387532347813,876.5,0
diff_hist_career_r3_clinch_attempted_mean,4,1.5935304164886475,0.0002508816614863463,951.5,0
diff_hist_f3_r1_sig_str_landed_std,4,1.8929619193077087,0.00025076950987568125,927.5,0
opp_hist_f3_r3_minus_r1_sig_str_landed_mean,4,1.8706353902816772,0.00024923360615503043,924.5,0
self_hist_d730_r2_td_attempted_std,4,2.21032452583313,0.0002476248482707888,934.0,0
self_hist_d730_r1_ground_attempted_std,4,2.542828679084778,0.00024578816373832524,901.5,0
self_hist_f3_r3_ground_attempted_std,4,1.0456414222717285,0.00024427895550616086,978.0,0
self_hist_d730_body_landed_per15_mean,4,1.018847644329071,0.00024246828616014682,996.0,0
opp_hist_d730_sig_acc_std,4,1.8581729531288147,0.00024242873769253492,917.5,0
self_hist_f1_body_acc_mean,4,1.486816644668579,0.0002423979458399117,978.0,0
opp_hist_f3_r3_minus_r1_ctrl_sec_std,4,2.081786036491394,0.00024189676332753152,941.0,0
self_hist_f3_sub_attempts_per_control_min_mean,4,2.1437275409698486,0.00024153862614184618,935.0,0
self_hist_d730_leg_attempted_per15_std,4,1.960294485092163,0.00024086732446448877,907.5,0
diff_hist_d730_sig_str_landed_per15_std,4,1.64710533618927,0.00024032879082369618,969.5,0
diff_hist_f3_distance_attempted_per15_mean,4,1.212122917175293,0.0002399161021457985,978.0,0
diff_hist_f1_body_attempt_share_mean,4,1.823656141757965,0.0002398576252744533,996.0,0
self_hist_f1_r3_td_attempted_mean,4,1.977894127368927,0.00023931640316732228,928.5,0
diff_hist_f3_body_attempted_per15_std,4,0.6203964948654175,0.00023808781406842172,998.0,0
opp_hist_d730_r3_minus_r1_distance_attempted_std,4,0.6948391199111938,0.00023770717962179333,978.0,0
opp_hist_career_r2_minus_r1_ground_attempted_mean,4,1.0180988311767578,0.00023754748690407723,998.0,0
self_hist_d730_ground_landed_per15_std,4,2.376210868358612,0.0002370217116549611,946.0,0
self_hist_career_r2_minus_r1_ctrl_sec_std,4,2.238089680671692,0.00023646001500310376,885.5,0
diff_hist_d730_distance_attempt_share_mean,4,2.264815330505371,0.00023420017532771453,916.5,0
diff_hist_d730_r1_sig_str_landed_std,4,0.8105863928794861,0.00023411415168084204,996.0,0
self_hist_f3_distance_attempt_share_mean,4,1.2301480770111084,0.00023165396123658866,978.0,0
diff_hist_f1_head_landed_per15_mean,4,1.4070065021514893,0.00023161209537647665,978.0,0
diff_hist_f1_r3_ctrl_sec_mean,4,0.9379461407661438,0.00023150592460297048,978.0,0
self_hist_f3_r3_minus_r1_distance_attempted_mean,4,2.170896530151367,0.00023080701794242486,939.5,0
opp_hist_career_r3_distance_attempted_mean,4,1.5071802139282227,0.00023078797312336974,976.5,0
opp_hist_f1_r2_minus_r1_ground_attempted_mean,4,1.2226815223693848,0.0002303442161064595,978.0,0
self_hist_career_head_landed_per15_std,4,1.6711349487304688,0.0002299135630892124,928.5,0
diff_hist_career_r2_distance_attempted_std,4,1.2169013023376465,0.00022989070566836745,996.0,0
self_hist_career_r3_distance_attempted_mean,4,1.7288996577262878,0.00022977467597229406,975.5,0
opp_hist_d730_clinch_acc_std,4,2.627447247505188,0.00022970139980316162,983.5,0
opp_hist_f3_body_landed_per15_std,4,2.1698551177978516,0.00022933313448447734,975.5,0
diff_hist_f1_r3_minus_r1_clinch_attempted_mean,4,1.2816247940063477,0.00022903451463207603,978.0,0
opp_hist_f1_r3_distance_attempted_mean,4,1.7357917428016663,0.00022875628565088846,978.0,0
diff_hist_d730_sig_acc_mean,4,1.593843936920166,0.00022574600006919354,978.0,0
diff_hist_f1_distance_attempted_per15_mean,4,1.3623920679092407,0.0002257060696138069,996.0,0
opp_hist_d730_distance_attempted_per15_std,4,1.3926730155944824,0.00022484980581793934,998.0,0
diff_hist_d730_r3_minus_r1_ground_attempted_mean,4,1.0825920104980469,0.00022472065757028759,998.0,0
opp_hist_f3_r3_minus_r1_ground_attempted_mean,4,2.0006223917007446,0.0002235992651549168,974.0,0
diff_hist_career_ctrl_sec_per15_std,4,1.328002691268921,0.00022302582510747015,996.0,0
opp_hist_f1_r3_clinch_attempted_mean,4,1.6174492835998535,0.00022300678392639384,899.0,0
diff_hist_career_r1_ctrl_sec_std,4,1.0450912714004517,0.00022293502115644515,998.0,0
diff_hist_f1_r2_minus_r1_sig_str_landed_mean,4,1.7260899543762207,0.00022276841627899557,924.0,0
self_hist_career_body_attempt_share_mean,4,2.013174593448639,0.00022243417879508343,977.0,0
diff_hist_career_distance_acc_std,4,1.8452481031417847,0.00022232716582948342,963.5,0
self_hist_career_r2_minus_r1_clinch_attempted_std,4,1.1076698303222656,0.00022219189850147814,978.0,0
diff_hist_d730_td_landed_per15_std,4,2.4451431035995483,0.00022167260613059625,896.0,0
diff_hist_career_r1_td_attempted_std,4,1.5346866846084595,0.00022158643696457148,998.0,0
diff_hist_f3_r2_td_attempted_std,4,1.3757214546203613,0.00022152108431328088,996.0,0
self_hist_f3_rev_per15_mean,4,2.849894642829895,0.00022076978348195553,940.5,0
self_hist_d730_kd_per15_mean,4,2.5152615308761597,0.00022066894598538056,973.0,0
diff_hist_career_leg_attempt_share_mean,4,1.756981611251831,0.0002199828450102359,964.0,0
self_hist_career_ground_attempted_per15_std,4,1.564281940460205,0.00021977532014716417,901.5,0
opp_hist_f1_r3_ctrl_sec_mean,4,2.5878535509109497,0.00021918214406468906,970.0,0
self_hist_f3_body_attempted_per15_mean,4,1.9502513408660889,0.0002178570139221847,920.0,0
opp_hist_career_ground_attempts_per_control_min_mean,4,1.5044108629226685,0.00021781563555123284,978.0,0
diff_hist_f3_r2_ctrl_sec_std,4,1.0906199216842651,0.00021725487022195011,978.0,0
diff_hist_f3_ground_landed_per15_mean,4,1.3026928901672363,0.00021669952548108995,996.0,0
diff_hist_career_body_acc_mean,4,2.8002485632896423,0.00021636993187712505,956.0,0
opp_hist_f3_body_acc_mean,4,1.223985195159912,0.00021626198576996103,934.5,0
diff_hist_d730_r2_minus_r1_sig_str_attempted_mean,4,1.1581695079803467,0.00021595857106149197,998.0,0
self_hist_career_r3_sig_str_attempted_std,4,1.232096552848816,0.00021555225612246431,997.5,0
diff_hist_f3_r3_minus_r1_sig_str_attempted_mean,4,2.036969542503357,0.0002153492096113041,923.0,0
self_hist_f1_r2_distance_attempted_mean,4,2.2480355501174927,0.0002139157586498186,917.0,0
opp_hist_d730_head_acc_std,4,2.776142120361328,0.00021326788555597886,910.0,0
self_hist_d730_r3_clinch_attempted_mean,4,2.0955068469047546,0.0002120076351275202,945.0,0
diff_hist_f3_head_attempt_share_std,4,1.5357322096824646,0.00021105713676661253,978.0,0
diff_hist_f3_r3_ctrl_sec_mean,4,2.343022882938385,0.00021000956621719524,983.5,0
self_hist_d730_body_attempted_per15_mean,4,2.8189128041267395,0.00020920374663546681,947.0,0
self_hist_f3_r3_minus_r1_ground_attempted_mean,4,1.0773203372955322,0.00020676881831604987,996.0,0
diff_hist_f3_r2_minus_r1_clinch_attempted_mean,4,1.6907071471214294,0.00020544217113638297,972.0,0
self_hist_f1_head_attempted_per15_mean,4,1.237551748752594,0.00020437022976693697,978.0,0
diff_hist_f3_body_acc_mean,4,2.192796468734741,0.0002042341475316789,956.0,0
opp_hist_d730_r1_sig_str_attempted_std,4,1.0427273511886597,0.000202740469831042,998.0,0
diff_hist_f3_r3_ground_attempted_mean,4,1.4500491619110107,0.00020220012811478227,978.0,0
diff_hist_d730_td_attempted_per15_std,4,0.9493100643157959,0.00020148250405327417,944.5,0
opp_hist_d730_kd_per15_mean,4,1.9374922513961792,0.00020088367455173284,978.0,0
opp_hist_career_r3_sig_str_attempted_std,4,1.3276548385620117,0.00020033656619489193,996.0,0
self_hist_d730_kd_per15_std,4,1.0092873573303223,0.0001993421756196767,996.0,0
diff_hist_d730_r3_clinch_attempted_std,4,2.126888692378998,0.00019931743736378849,920.0,0
diff_hist_career_r1_clinch_attempted_std,4,2.319775104522705,0.00019924612570321187,928.0,0
diff_hist_career_ground_attempt_share_std,4,2.3221113681793213,0.0001989473748835735,968.0,0
diff_hist_f1_r3_minus_r1_distance_attempted_mean,4,1.1514101028442383,0.00019866021466441453,978.0,0
opp_hist_f1_r2_sig_str_landed_mean,4,1.3634721040725708,0.00019860363681800663,996.0,0
self_hist_d730_rev_per15_mean,4,0.8807375431060791,0.00019817196880467236,996.0,0
self_hist_f3_ground_attempt_share_mean,4,2.09136962890625,0.00019794766558334231,970.0,0
self_hist_f1_r1_distance_attempted_mean,4,0.7866581678390503,0.00019734569650609046,998.0,0
diff_hist_f3_head_landed_per15_std,4,1.915365308523178,0.00019695008995768148,987.0,0
diff_hist_f3_sig_str_attempted_per15_mean,4,1.7392401099205017,0.00019598688231781125,947.5,0
diff_hist_career_ground_landed_per15_mean,4,2.2692126035690308,0.00019595375488279387,926.0,0
opp_hist_f3_r1_ctrl_sec_std,4,2.2635711431503296,0.0001952077836904209,963.5,0
diff_hist_career_head_attempt_share_mean,4,1.4985237121582031,0.00019505729142110795,996.0,0
diff_hist_d730_distance_attempted_per15_mean,4,1.7563969492912292,0.00019502842042129487,928.5,0
self_hist_f3_total_str_attempted_per15_mean,4,0.9297924041748047,0.00019486589008010924,976.5,0
diff_hist_f3_total_str_landed_per15_std,4,1.294295072555542,0.00019368642824701965,996.0,0
opp_hist_f3_r3_distance_attempted_mean,4,1.6718698740005493,0.00019300865824334323,998.0,0
opp_hist_d730_sig_str_landed_per15_mean,4,1.522599697113037,0.00019236413936596364,996.0,0
opp_hist_d730_sub_att_per15_std,4,3.0205507278442383,0.00019194610649719834,946.5,0
opp_hist_career_sig_str_landed_per15_std,4,1.0015168190002441,0.00019171912572346628,978.0,0
self_hist_d730_r2_minus_r1_ctrl_sec_std,4,1.2602812051773071,0.00019091062131337821,978.0,0
self_hist_career_distance_attempt_share_std,4,2.2447193264961243,0.00019074916781391948,967.5,0
self_hist_f1_r3_minus_r1_ctrl_sec_mean,4,1.2829105257987976,0.00019026576410396956,973.0,0
diff_hist_f3_r2_sig_str_landed_std,4,1.9718729257583618,0.00019007430091733113,918.5,0
self_hist_f3_r1_sig_str_landed_std,4,1.3375673294067383,0.00018738355720415711,934.0,0
diff_hist_career_ground_attempt_share_mean,4,2.1263030767440796,0.00018725778500083834,912.5,0
opp_hist_f1_ground_landed_per15_mean,4,1.0318840742111206,0.00018530087254475802,978.0,0
self_hist_career_control_share_std,4,1.6590691804885864,0.00018457438272889704,996.0,0
opp_hist_d730_r3_td_attempted_mean,4,1.0954034328460693,0.0001833663263823837,998.0,0
self_hist_f3_leg_attempted_per15_std,4,1.1478819847106934,0.00018240230565425009,998.0,0
opp_hist_f3_r2_minus_r1_ground_attempted_mean,4,2.39846134185791,0.0001816517033148557,971.0,0
opp_hist_career_distance_acc_std,4,1.402708888053894,0.00018144050045520999,935.5,0
self_hist_f1_r3_minus_r1_ground_attempted_mean,4,1.2888790369033813,0.00018032544176094234,998.0,0
self_hist_f3_r2_ground_attempted_std,4,2.669344902038574,0.0001790912210708484,945.0,0
self_hist_d730_r2_ctrl_sec_std,4,0.9313024878501892,0.0001778412115527317,978.0,0
self_hist_d730_elapsed_seconds_std,4,1.1894102096557617,0.00017753199790604413,978.0,0
diff_hist_career_r3_sig_str_landed_mean,4,0.940328061580658,0.0001772338291630149,978.0,0
self_hist_f3_r2_td_attempted_mean,4,1.0646593570709229,0.000176229455973953,978.0,0
opp_hist_f3_control_share_std,4,1.1756123304367065,0.0001757935096975416,978.0,0
diff_hist_f1_head_attempt_share_mean,4,0.8225114345550537,0.0001756230922183022,978.0,0
opp_hist_f1_r1_sig_str_attempted_mean,4,1.506738543510437,0.00017554833902977407,998.0,0
diff_hist_f3_r2_clinch_attempted_std,4,1.0253753662109375,0.00017514318460598588,978.0,0
opp_hist_career_r2_distance_attempted_mean,4,2.507867455482483,0.00017409765860065818,937.5,0
opp_hist_d730_body_landed_per15_std,4,1.364436149597168,0.00017366712563671172,978.0,0
self_hist_f3_clinch_attempted_per15_std,4,1.2089959383010864,0.00017313069838564843,929.5,0
diff_hist_career_leg_landed_per15_std,4,1.9695276618003845,0.00017112881323555484,977.5,0
diff_hist_f3_sub_attempts_per_control_min_mean,4,2.0677101612091064,0.00017038539226632565,937.5,0
opp_hist_d730_ctrl_sec_per15_std,4,1.9405758380889893,0.00016777217388153076,932.0,0
diff_hist_d730_r3_minus_r1_clinch_attempted_std,4,2.1969330310821533,0.00016673920617904514,946.5,0
opp_hist_d730_r1_td_attempted_mean,4,0.8578402400016785,0.0001652541832299903,978.0,0
self_hist_f3_r2_sig_str_landed_std,4,1.1091221570968628,0.00016365124611184,978.0,0
self_hist_d730_r3_minus_r1_sig_str_attempted_std,4,1.3499009609222412,0.00016315791435772553,960.0,0
diff_hist_f1_clinch_attempt_share_mean,4,0.7894657850265503,0.0001616609370103106,978.0,0
diff_hist_d730_body_landed_per15_std,4,0.8992068767547607,0.00016130889707710594,978.0,0
opp_hist_f3_distance_attempted_per15_mean,4,0.8250972926616669,0.00016110739124997053,998.0,0
opp_hist_d730_r3_minus_r1_ground_attempted_mean,4,0.9432015419006348,0.00016077246982604265,978.0,0
diff_hist_d730_r1_ground_attempted_mean,4,1.3145643472671509,0.00016007413796614856,998.0,0
self_hist_d730_ground_attempt_share_mean,4,1.4370226860046387,0.00015965798229444772,978.0,0
self_hist_f1_clinch_acc_mean,4,1.3823705315589905,0.00015920929217827506,978.0,0
diff_hist_d730_sub_att_per15_mean,4,1.674112319946289,0.00015873947995714843,953.0,0
opp_hist_d730_ground_attempted_per15_mean,4,1.301052987575531,0.00015830284246476367,964.0,0
diff_hist_d730_r1_sig_str_attempted_std,4,1.0795084238052368,0.00015707350394222885,996.0,0
self_hist_f3_r2_minus_r1_ctrl_sec_std,4,1.0252208709716797,0.00015699741197749972,978.0,0
opp_hist_f3_r3_distance_attempted_std,4,1.401286780834198,0.00015610227274009958,945.0,0
opp_hist_f1_td_landed_per15_mean,4,1.2430659532546997,0.00015558440645691007,996.0,0
self_hist_d730_r2_distance_attempted_mean,4,1.3357044458389282,0.00015542391338385642,965.0,0
diff_hist_d730_r2_td_attempted_mean,4,1.7641119956970215,0.00015513369362452067,994.5,0
self_hist_d730_sig_str_landed_per15_std,4,1.188956379890442,0.00015452087973244488,978.0,0
self_hist_career_total_acc_mean,4,1.920178234577179,0.00015450140926986933,966.5,0
opp_hist_f3_total_acc_std,4,2.1612502336502075,0.00015355876530520618,962.5,0
opp_hist_f3_r1_sig_str_landed_std,4,1.4331639409065247,0.00015349455861723982,995.5,0
opp_hist_f3_head_attempt_share_std,4,1.0264039039611816,0.0001530754379928112,978.0,0
diff_hist_d730_body_attempted_per15_std,4,1.7575726509094238,0.0001526751948404126,938.5,0
diff_hist_d730_sig_str_attempted_per15_mean,4,1.1085991859436035,0.0001524101971881464,996.0,0
opp_hist_f1_head_attempted_per15_mean,4,1.1497882604599,0.00015219258784782141,941.0,0
opp_hist_d730_distance_attempted_per15_mean,4,1.1621320247650146,0.00015104279736988246,978.0,0
self_hist_d730_r3_minus_r1_distance_attempted_std,4,0.9576840400695801,0.00015068770153447986,978.0,0
diff_hist_f3_r3_clinch_attempted_std,4,1.1917452812194824,0.00015010667266324162,978.0,0
self_hist_f3_r1_td_attempted_std,4,0.9759009480476379,0.00014973095676396042,978.0,0
self_hist_d730_ground_landed_per15_mean,4,0.6751410961151123,0.00014931149780750275,978.0,0
opp_hist_career_ctrl_sec_per15_mean,4,1.6701323986053467,0.00014910785830579698,998.0,0
diff_hist_f3_r3_minus_r1_ctrl_sec_std,4,1.2268705368041992,0.00014859841030556709,978.0,0
diff_hist_f3_r2_minus_r1_sig_str_attempted_mean,4,0.9559076428413391,0.00014832228771410882,996.0,0
self_hist_d730_r3_minus_r1_distance_attempted_mean,4,1.3705418109893799,0.00014768782421015203,978.0,0
opp_hist_f3_r3_ctrl_sec_std,4,0.874537467956543,0.0001461152423871681,978.0,0
self_hist_career_body_attempted_per15_mean,4,1.0159173011779785,0.0001456412865081802,996.0,0
opp_hist_career_distance_attempted_per15_mean,4,1.9541804790496826,0.00014463139086728916,954.0,0
self_hist_d730_r2_minus_r1_clinch_attempted_std,4,1.1177529096603394,0.0001428405666956678,978.0,0
diff_hist_career_r2_minus_r1_td_attempted_mean,4,1.2763357162475586,0.00014283593918662518,978.0,0
opp_hist_f3_r2_minus_r1_clinch_attempted_std,4,1.1790708303451538,0.00014249466767068952,978.0,0
diff_hist_f1_ground_landed_per15_mean,4,0.9761097431182861,0.00014056405052542686,996.0,0
diff_hist_career_r3_distance_attempted_mean,4,1.341787338256836,0.00013985509576741606,998.0,0
self_hist_f1_r2_sig_str_attempted_mean,4,1.1249804496765137,0.00013957351620774716,998.0,0
opp_hist_career_distance_landed_per15_std,4,1.1335077285766602,0.00013907684478908777,978.0,0
diff_hist_f1_r3_clinch_attempted_mean,4,1.4900667667388916,0.00013854424469172955,998.0,0
diff_hist_career_head_attempted_per15_std,4,1.0763609409332275,0.00013766543997917324,996.0,0
self_hist_d730_r2_clinch_attempted_mean,4,1.8140413761138916,0.00013679211770067923,972.5,0
self_hist_d730_r3_minus_r1_ground_attempted_mean,4,1.5367316603660583,0.00013650145410792902,964.5,0
opp_hist_career_r3_sig_str_attempted_mean,4,1.1691261529922485,0.00013456939632305875,979.0,0
opp_hist_f3_r3_minus_r1_clinch_attempted_std,4,1.085737705230713,0.00013439524627756327,996.0,0
diff_hist_f3_ground_acc_mean,4,1.2096812725067139,0.00013347840285860002,974.0,0
opp_hist_f1_r2_clinch_attempted_mean,4,1.3721977472305298,0.00013186814612708986,996.0,0
diff_hist_d730_r2_minus_r1_td_attempted_mean,4,0.6285344362258911,0.00013133167522028089,998.0,0
opp_hist_career_elapsed_seconds_mean,4,1.2917791604995728,0.00013053569273324683,983.0,0
self_hist_d730_r3_minus_r1_clinch_attempted_std,4,1.0601422786712646,0.00013005943037569523,998.0,0
self_hist_career_r3_distance_attempted_std,4,1.6650283336639404,0.00012969084491487592,966.0,0
diff_hist_d730_ground_landed_per15_std,4,0.3826892375946045,0.00012893337407149374,978.0,0
diff_hist_f3_rounds_observed_std,4,1.4540995359420776,0.00012828504259232432,978.0,0
self_hist_f1_r1_clinch_attempted_mean,4,0.900951087474823,0.00012750177120324224,998.0,0
opp_hist_f3_ground_landed_per15_std,4,1.4075286388397217,0.0001272053486900404,996.0,0
opp_hist_f3_kd_per100_sig_landed_std,4,1.0029064416885376,0.00012534632696770132,996.0,0
self_hist_career_r2_distance_attempted_mean,4,1.0448437929153442,0.00012528044317150488,978.0,0
self_hist_career_ground_attempt_share_std,4,0.7077761292457581,0.00012487194908317178,978.0,0
diff_hist_d730_r2_minus_r1_sig_str_landed_std,4,0.96470046043396,0.00012389141920721158,973.5,0
diff_hist_f3_r3_minus_r1_td_attempted_mean,4,1.4126293659210205,0.000121560602565296,996.0,0
diff_hist_d730_total_acc_std,4,1.2028355598449707,0.00012119323218939826,978.0,0
self_hist_d730_rev_per15_std,4,1.0138510465621948,0.00012074348342139274,978.0,0
diff_hist_f1_td_attempted_per15_mean,4,0.9611111879348755,0.00012062916357535869,978.0,0
opp_hist_career_control_share_mean,4,1.3417141437530518,0.00012058862921549007,998.0,0
self_hist_d730_distance_attempted_per15_mean,4,1.4420496225357056,0.00012056792911607772,978.0,0
opp_hist_f1_sub_att_per15_mean,4,1.211052417755127,0.00012049044016748667,978.0,0
self_hist_f1_r2_clinch_attempted_mean,4,1.4860538840293884,0.00011903218910447322,978.0,0
opp_hist_f3_r3_td_attempted_mean,4,1.056518316268921,0.00011846637789858505,978.0,0
opp_hist_d730_r3_minus_r1_distance_attempted_mean,4,0.7978101968765259,0.00011770160199375823,978.0,0
diff_hist_d730_r2_clinch_attempted_mean,4,1.1389801502227783,0.00011753549188142642,998.0,0
opp_hist_d730_r3_minus_r1_sig_str_attempted_std,4,0.8412570953369141,0.0001161570762633346,998.0,0
opp_hist_d730_sub_attempts_per_control_min_mean,4,1.0352593660354614,0.00011541434651007876,978.0,0
opp_hist_f1_r3_minus_r1_ground_attempted_mean,4,1.054880976676941,0.0001152345103037078,996.0,0
diff_hist_f3_r2_td_attempted_mean,4,0.9797919392585754,0.00011430289305280894,996.0,0
self_hist_f1_r1_sig_str_attempted_mean,4,0.9649653434753418,0.00011416362394811586,968.0,0
diff_hist_f3_distance_attempted_per15_std,4,1.467811942100525,0.00011299270045128651,988.0,0
opp_hist_f3_sig_str_landed_per15_std,4,1.3871163129806519,0.00011149400961585343,998.0,0
diff_hist_f1_clinch_landed_per15_mean,4,0.9562089443206787,0.00010956230107694864,978.0,0
opp_hist_f1_r3_minus_r1_sig_str_landed_mean,4,1.0216732025146484,0.00010950680734822527,998.0,0
opp_hist_f3_kd_per100_sig_landed_mean,4,0.8679222464561462,0.00010923511217697524,978.0,0
diff_hist_f3_leg_landed_per15_std,4,0.7293477654457092,0.00010814739653142169,978.0,0
diff_hist_d730_r3_clinch_attempted_mean,4,1.0775619745254517,0.00010741809819592163,998.0,0
self_hist_f1_r3_ground_attempted_mean,4,1.236281156539917,0.0001070555008482188,978.0,0
opp_hist_d730_r2_minus_r1_td_attempted_mean,4,0.7113126516342163,0.00010454620496602729,978.0,0
self_hist_career_rounds_observed_mean,4,1.2519478797912598,0.00010382123218732886,986.0,0
diff_hist_f3_r2_minus_r1_td_attempted_mean,4,1.0711530447006226,0.0001038161717588082,978.0,0
opp_hist_d730_r3_ground_attempted_std,4,0.9822342395782471,0.0001036714602378197,996.0,0
diff_hist_career_r1_clinch_attempted_mean,4,1.0020347833633423,0.00010362079046899453,978.0,0
diff_hist_f3_r3_minus_r1_clinch_attempted_std,4,1.0339125394821167,0.00010352707613492385,978.0,0
self_hist_f3_ctrl_sec_per15_mean,4,1.2528339624404907,0.0001034164015436545,993.5,0
opp_hist_f3_r2_clinch_attempted_mean,4,1.3526235818862915,0.00010098136408487335,996.0,0
opp_hist_f1_sig_str_attempted_per15_mean,4,1.6550333499908447,0.00010062198271043599,978.0,0
diff_hist_f3_r3_sig_str_landed_mean,4,0.8097726702690125,9.790059266379103e-05,978.0,0
diff_hist_career_r3_sig_str_attempted_std,4,0.8185997009277344,9.607731772121042e-05,978.0,0
self_hist_f3_ground_attempt_share_std,4,0.8958404064178467,9.521501488052309e-05,978.0,0
self_hist_career_total_acc_std,4,0.8766274452209473,9.336091170553118e-05,996.0,0
diff_hist_f1_kd_per100_sig_landed_mean,4,0.9545594453811646,9.11362367332913e-05,978.0,0
self_hist_f3_r3_clinch_attempted_std,4,1.1951013803482056,9.0741286840057e-05,981.0,0
self_hist_d730_r3_minus_r1_td_attempted_std,4,0.9704647064208984,8.854013140080497e-05,978.0,0
diff_hist_career_distance_attempt_share_std,4,1.2019727230072021,8.745226659812033e-05,998.0,0
opp_hist_career_sub_att_per15_mean,4,0.9708970189094543,8.739004988456145e-05,978.0,0
self_hist_f3_clinch_landed_per15_std,4,0.5835392475128174,8.709698158781976e-05,978.0,0
diff_hist_d730_ground_attempted_per15_mean,4,0.9361104965209961,8.651516691315919e-05,996.0,0
self_hist_career_r3_sig_str_landed_std,4,0.9609349966049194,8.595316467108205e-05,978.0,0
diff_hist_d730_r3_minus_r1_td_attempted_std,4,0.9953174591064453,8.582685404689983e-05,996.0,0
self_hist_f1_r2_sig_str_landed_mean,4,0.9013434648513794,8.49200296215713e-05,998.0,0
self_hist_f3_r2_td_attempted_std,4,0.9448815584182739,8.410664304392412e-05,978.0,0
self_hist_f3_ctrl_sec_per15_std,4,0.9731922149658203,8.406874258071184e-05,978.0,0
diff_hist_career_total_str_landed_per15_std,4,1.0572543144226074,8.379875362152234e-05,996.0,0
self_hist_d730_kd_per100_sig_landed_std,4,0.7350683808326721,8.244808850577101e-05,978.0,0
diff_hist_f3_head_attempt_share_mean,4,1.5954358577728271,8.184529724530876e-05,996.0,0
diff_hist_career_r2_td_attempted_std,4,1.3232319355010986,8.108111069304869e-05,998.0,0
self_hist_career_total_str_landed_per15_std,4,0.7805242538452148,7.916000322438776e-05,978.0,0
diff_hist_d730_leg_landed_per15_std,4,0.849042534828186,7.86457967478782e-05,978.0,0
diff_hist_f3_sig_str_attempted_per15_std,4,0.6901755332946777,7.844911306165159e-05,978.0,0
diff_hist_career_r2_sig_str_attempted_mean,4,0.8578996062278748,7.673964137211442e-05,996.0,0
diff_hist_d730_ground_acc_std,4,0.6325340270996094,7.623760757269338e-05,998.0,0
diff_hist_f3_distance_attempt_share_mean,4,0.9234880208969116,7.603918493259698e-05,996.0,0
opp_hist_d730_td_landed_per15_mean,4,1.0542981624603271,7.594255293952301e-05,998.0,0
diff_hist_d730_head_acc_std,4,0.8765585422515869,7.573345646960661e-05,998.0,0
self_hist_career_distance_landed_per15_std,4,0.784518837928772,7.52572450437583e-05,978.0,0
self_hist_f3_r3_distance_attempted_mean,4,0.8889420032501221,7.510627619922161e-05,978.0,0
diff_hist_f3_td_acc_mean,4,0.6417438983917236,7.454805017914623e-05,978.0,0
diff_hist_d730_ground_attempts_per_control_min_mean,4,1.1229451894760132,7.344841287704185e-05,978.0,0
opp_hist_f3_r2_sig_str_attempted_std,4,1.1532723903656006,7.340618321904913e-05,978.0,0
diff_hist_f3_r1_td_attempted_std,4,1.012115478515625,7.225502486107871e-05,998.0,0
diff_hist_career_r3_minus_r1_sig_str_attempted_mean,4,0.9392353296279907,7.201813423307613e-05,978.0,0
opp_hist_career_r3_minus_r1_distance_attempted_mean,4,0.5351813435554504,7.128591096261516e-05,978.0,0
self_hist_f3_r3_sig_str_attempted_mean,4,0.7227432727813721,7.124942203518003e-05,978.0,0
diff_hist_f1_kd_per15_mean,4,0.9078836441040039,7.121355156414211e-05,996.0,0
self_hist_f3_td_landed_per15_mean,4,0.9181964993476868,7.033616566332057e-05,978.0,0
diff_hist_d730_ground_landed_per15_mean,4,0.9570057392120361,6.987068627495319e-05,978.0,0
opp_hist_d730_control_share_std,4,0.9389650821685791,6.962309271330014e-05,978.0,0
self_hist_d730_r2_minus_r1_td_attempted_mean,4,0.7723003625869751,6.723301339661703e-05,978.5,0
self_hist_career_r2_minus_r1_ground_attempted_mean,4,0.29547643661499023,6.663573003606871e-05,978.0,0
self_hist_f3_distance_attempted_per15_mean,4,0.7957357168197632,6.607686373172328e-05,998.0,0
opp_hist_f3_r3_minus_r1_distance_attempted_mean,4,0.8404054641723633,6.58093995298259e-05,998.0,0
diff_hist_f3_sub_att_per15_mean,4,0.6910550594329834,6.52544986223802e-05,978.0,0
self_hist_d730_ground_attempt_share_std,4,0.659868061542511,6.423429294954985e-05,996.0,0
self_hist_f1_td_landed_per15_mean,4,0.6074448823928833,6.388351175701246e-05,978.0,0
diff_hist_d730_distance_attempted_per15_std,4,0.4462672472000122,6.26168621238321e-05,978.0,0
diff_hist_f1_td_acc_mean,4,0.883779764175415,6.232834857655689e-05,996.0,0
opp_hist_d730_body_attempt_share_mean,4,0.5864481329917908,6.184344238135964e-05,996.0,0
diff_hist_d730_head_landed_per15_std,4,1.2131575345993042,6.0237951402086765e-05,998.0,0
diff_hist_d730_r2_minus_r1_sig_str_landed_mean,4,1.5046842098236084,6.01650754106231e-05,998.0,0
opp_hist_career_r2_clinch_attempted_std,4,0.8172672390937805,5.920749390497804e-05,996.0,0
opp_hist_career_clinch_attempted_per15_mean,4,0.8506172895431519,5.86764799663797e-05,990.0,0
opp_hist_d730_ground_attempted_per15_std,4,0.5794574618339539,5.8458281273487955e-05,990.5,0
self_hist_f3_r3_clinch_attempted_mean,4,0.8010428547859192,5.7940069382311776e-05,991.5,0
opp_hist_d730_leg_attempted_per15_std,4,0.8307249546051025,5.7594184909248725e-05,996.0,0
diff_hist_f3_r1_ground_attempted_std,4,1.2850823402404785,5.7021996326511726e-05,996.0,0
opp_hist_f1_r2_sig_str_attempted_mean,4,0.015875935554504395,5.6701555877225474e-05,992.5,0
self_hist_f1_r3_minus_r1_sig_str_landed_mean,4,0.6916788816452026,5.665053322445601e-05,979.0,0
diff_hist_d730_r2_minus_r1_distance_attempted_mean,4,0.14681804180145264,5.6548207794548944e-05,980.0,0
self_hist_f1_elapsed_seconds_mean,4,0.07670783996582031,5.34052996954415e-05,998.0,0
diff_hist_f1_r2_minus_r1_distance_attempted_mean,4,0.7837671041488647,5.2618637710111216e-05,997.0,0
diff_hist_f3_head_attempted_per15_std,4,1.086081624031067,5.23018570675049e-05,998.0,0
opp_hist_d730_distance_attempt_share_std,4,0.5728737115859985,5.1159400754841045e-05,998.0,0
diff_hist_d730_total_str_attempted_per15_std,4,0.6289850473403931,5.0498074415372685e-05,998.0,0
opp_hist_f3_distance_landed_per15_std,4,0.6076004505157471,4.990608067600988e-05,987.0,0
opp_hist_f3_r3_minus_r1_td_attempted_std,4,0.0572737455368042,4.625670408131555e-05,998.0,0
diff_hist_career_sig_str_landed_per15_std,4,0.5170328617095947,4.606605943990871e-05,998.0,0
diff_hist_career_control_share_std,4,0.40829581022262573,4.5683093048864976e-05,998.0,0
opp_hist_f1_r2_minus_r1_sig_str_landed_mean,4,0.7256083488464355,4.485145109356381e-05,996.0,0
opp_hist_f1_r1_ground_attempted_mean,4,0.3347964882850647,4.3703730625566095e-05,994.0,0
opp_profile_stance_orthodox,4,0.4717631936073303,4.281397832528455e-05,998.0,0
opp_hist_f3_r3_ground_attempted_std,4,0.6824610233306885,3.97965959564317e-05,998.0,0
diff_hist_f1_total_str_landed_per15_mean,4,0.8946765065193176,3.936952634830959e-05,998.0,0
self_hist_f3_r3_minus_r1_ground_attempted_std,4,0.886049747467041,3.914301123586483e-05,998.0,0
opp_hist_f1_r2_td_attempted_mean,4,0.8092758655548096,3.8757367292419076e-05,996.0,0
self_hist_f3_body_acc_std,4,0.5585111975669861,3.676786946016364e-05,998.0,0
opp_hist_f3_r3_ground_attempted_mean,4,0.7191716432571411,3.4289561881450936e-05,998.0,0
diff_hist_career_clinch_landed_per15_mean,4,0.0,0.0,998.0,0
diff_hist_career_ground_landed_per15_std,4,0.0,0.0,998.0,0
diff_hist_career_head_attempted_per15_mean,4,0.0,0.0,998.0,0
diff_hist_career_r1_ground_attempted_std,4,0.0,0.0,998.0,0
diff_hist_career_r3_distance_attempted_std,4,0.0,0.0,998.0,0
diff_hist_career_r3_minus_r1_ctrl_sec_std,4,0.0,0.0,998.0,0
diff_hist_career_r3_minus_r1_distance_attempted_mean,4,0.0,0.0,998.0,0
diff_hist_career_r3_minus_r1_distance_attempted_std,4,0.0,0.0,998.0,0
diff_hist_career_r3_minus_r1_sig_str_landed_std,4,0.0,0.0,998.0,0
diff_hist_career_r3_sig_str_attempted_mean,4,0.0,0.0,998.0,0
diff_hist_career_rev_per15_std,4,0.0,0.0,998.0,0
diff_hist_career_sub_attempts_per_control_min_std,4,0.0,0.0,998.0,0
diff_hist_career_total_acc_mean,4,0.0,0.0,998.0,0
diff_hist_d730_clinch_acc_std,4,0.0,0.0,998.0,0
diff_hist_d730_clinch_landed_per15_std,4,0.0,0.0,998.0,0
diff_hist_d730_ground_attempt_share_mean,4,0.0,0.0,998.0,0
diff_hist_d730_ground_attempted_per15_std,4,0.0,0.0,998.0,0
diff_hist_d730_head_attempted_per15_std,4,0.0,0.0,998.0,0
diff_hist_d730_r2_ctrl_sec_mean,4,0.0,0.0,998.0,0
diff_hist_d730_r2_ctrl_sec_std,4,0.0,0.0,998.0,0
diff_hist_d730_r2_minus_r1_clinch_attempted_std,4,0.0,0.0,998.0,0
diff_hist_d730_r2_minus_r1_ctrl_sec_std,4,0.0,0.0,998.0,0
diff_hist_d730_r2_td_attempted_std,4,0.0,0.0,998.0,0
diff_hist_d730_r3_distance_attempted_std,4,0.0,0.0,998.0,0
diff_hist_d730_r3_ground_attempted_std,4,0.0,0.0,998.0,0
diff_hist_d730_r3_minus_r1_ctrl_sec_mean,4,0.0,0.0,998.0,0
diff_hist_d730_r3_minus_r1_distance_attempted_std,4,0.0,0.0,998.0,0
diff_hist_d730_r3_minus_r1_sig_str_attempted_mean,4,0.0,0.0,998.0,0
diff_hist_d730_r3_minus_r1_sig_str_attempted_std,4,0.0,0.0,998.0,0
diff_hist_d730_r3_minus_r1_sig_str_landed_mean,4,0.0,0.0,998.0,0
diff_hist_d730_r3_minus_r1_td_attempted_mean,4,0.0,0.0,998.0,0
diff_hist_d730_r3_sig_str_attempted_mean,4,0.0,0.0,998.0,0
diff_hist_d730_rev_per15_std,4,0.0,0.0,998.0,0
diff_hist_d730_sig_acc_std,4,0.0,0.0,998.0,0
diff_hist_d730_sig_str_landed_per15_mean,4,0.0,0.0,998.0,0
diff_hist_d730_sub_attempts_per_control_min_std,4,0.0,0.0,998.0,0
diff_hist_f1_head_attempted_per15_mean,4,0.0,0.0,998.0,0
diff_hist_f1_r1_ctrl_sec_mean,4,0.0,0.0,998.0,0
diff_hist_f1_r1_td_attempted_mean,4,0.0,0.0,998.0,0
diff_hist_f1_r2_clinch_attempted_mean,4,0.0,0.0,998.0,0
diff_hist_f1_r2_distance_attempted_mean,4,0.0,0.0,998.0,0
diff_hist_f1_r2_ground_attempted_mean,4,0.0,0.0,998.0,0
diff_hist_f1_r2_minus_r1_sig_str_attempted_mean,4,0.0,0.0,998.0,0
diff_hist_f1_r2_minus_r1_td_attempted_mean,4,0.0,0.0,998.0,0
diff_hist_f1_r2_sig_str_attempted_mean,4,0.0,0.0,998.0,0
diff_hist_f1_r2_sig_str_landed_mean,4,0.0,0.0,998.0,0
diff_hist_f1_r3_distance_attempted_mean,4,0.0,0.0,998.0,0
diff_hist_f1_r3_ground_attempted_mean,4,0.0,0.0,998.0,0
diff_hist_f1_r3_minus_r1_ground_attempted_mean,4,0.0,0.0,998.0,0
diff_hist_f1_r3_minus_r1_sig_str_landed_mean,4,0.0,0.0,998.0,0
diff_hist_f1_r3_minus_r1_td_attempted_mean,4,0.0,0.0,998.0,0
diff_hist_f1_r3_sig_str_attempted_mean,4,0.0,0.0,998.0,0
diff_hist_f1_r3_sig_str_landed_mean,4,0.0,0.0,998.0,0
diff_hist_f1_r3_td_attempted_mean,4,0.0,0.0,998.0,0
diff_hist_f1_rev_per15_mean,4,0.0,0.0,998.0,0
diff_hist_f1_rounds_observed_mean,4,0.0,0.0,998.0,0
diff_hist_f1_sig_str_attempted_per15_mean,4,0.0,0.0,998.0,0
diff_hist_f1_sig_str_landed_per15_mean,4,0.0,0.0,998.0,0
diff_hist_f1_sub_att_per15_mean,4,0.0,0.0,998.0,0
diff_hist_f3_clinch_attempted_per15_mean,4,0.0,0.0,998.0,0
diff_hist_f3_clinch_landed_per15_mean,4,0.0,0.0,998.0,0
diff_hist_f3_control_share_mean,4,0.0,0.0,998.0,0
diff_hist_f3_ground_landed_per15_std,4,0.0,0.0,998.0,0
diff_hist_f3_kd_per100_sig_landed_std,4,0.0,0.0,998.0,0
diff_hist_f3_kd_per15_std,4,0.0,0.0,998.0,0
diff_hist_f3_r2_sig_str_attempted_mean,4,0.0,0.0,998.0,0
diff_hist_f3_r3_ctrl_sec_std,4,0.0,0.0,998.0,0
diff_hist_f3_r3_distance_attempted_mean,4,0.0,0.0,998.0,0
diff_hist_f3_r3_ground_attempted_std,4,0.0,0.0,998.0,0
diff_hist_f3_r3_minus_r1_ground_attempted_mean,4,0.0,0.0,998.0,0
diff_hist_f3_r3_minus_r1_ground_attempted_std,4,0.0,0.0,998.0,0
diff_hist_f3_r3_minus_r1_td_attempted_std,4,0.0,0.0,998.0,0
diff_hist_f3_r3_sig_str_attempted_mean,4,0.0,0.0,998.0,0
diff_hist_f3_r3_td_attempted_mean,4,0.0,0.0,998.0,0
diff_hist_f3_r3_td_attempted_std,4,0.0,0.0,998.0,0
diff_hist_f3_rev_per15_std,4,0.0,0.0,998.0,0
diff_hist_f3_sub_attempts_per_control_min_std,4,0.0,0.0,998.0,0
diff_profile_stance_switch,4,0.0,0.0,998.0,0
diff_profile_stance_unknown,4,0.0,0.0,998.0,0
opp_hist_career_control_share_std,4,0.0,0.0,998.0,0
opp_hist_career_ctrl_sec_per15_std,4,0.0,0.0,998.0,0
opp_hist_career_distance_attempt_share_std,4,0.0,0.0,998.0,0
opp_hist_career_ground_landed_per15_std,4,0.0,0.0,998.0,0
opp_hist_career_head_landed_per15_std,4,0.0,0.0,998.0,0
opp_hist_career_r1_ctrl_sec_std,4,0.0,0.0,998.0,0
opp_hist_career_r2_sig_str_landed_std,4,0.0,0.0,998.0,0
opp_hist_d730_body_acc_std,4,0.0,0.0,998.0,0
opp_hist_d730_clinch_attempt_share_std,4,0.0,0.0,998.0,0
opp_hist_d730_clinch_landed_per15_std,4,0.0,0.0,998.0,0
opp_hist_d730_r2_ground_attempted_std,4,0.0,0.0,998.0,0
opp_hist_d730_r2_sig_str_landed_std,4,0.0,0.0,998.0,0
opp_hist_d730_r2_td_attempted_std,4,0.0,0.0,998.0,0
opp_hist_d730_rev_per15_std,4,0.0,0.0,998.0,0
opp_hist_f1_elapsed_seconds_mean,4,0.0,0.0,998.0,0
opp_hist_f1_ground_attempted_per15_mean,4,0.0,0.0,998.0,0
opp_hist_f1_head_attempt_share_mean,4,0.0,0.0,998.0,0
opp_hist_f1_r1_td_attempted_mean,4,0.0,0.0,998.0,0
opp_hist_f1_r2_ground_attempted_mean,4,0.0,0.0,998.0,0
opp_hist_f1_r2_minus_r1_td_attempted_mean,4,0.0,0.0,998.0,0
opp_hist_f1_r3_ground_attempted_mean,4,0.0,0.0,998.0,0
opp_hist_f1_r3_td_attempted_mean,4,0.0,0.0,998.0,0
opp_hist_f1_rev_per15_mean,4,0.0,0.0,998.0,0
opp_hist_f1_rounds_observed_mean,4,0.0,0.0,998.0,0
opp_hist_f3_body_acc_std,4,0.0,0.0,998.0,0
opp_hist_f3_ground_attempt_share_mean,4,0.0,0.0,998.0,0
opp_hist_f3_ground_attempted_per15_std,4,0.0,0.0,998.0,0
opp_hist_f3_r1_td_attempted_mean,4,0.0,0.0,998.0,0
opp_hist_f3_r1_td_attempted_std,4,0.0,0.0,998.0,0
opp_hist_f3_r2_ground_attempted_mean,4,0.0,0.0,998.0,0
opp_hist_f3_r2_td_attempted_mean,4,0.0,0.0,998.0,0
opp_hist_f3_r2_td_attempted_std,4,0.0,0.0,998.0,0
opp_hist_f3_r3_clinch_attempted_std,4,0.0,0.0,998.0,0
opp_hist_f3_r3_minus_r1_ground_attempted_std,4,0.0,0.0,998.0,0
opp_hist_f3_r3_minus_r1_sig_str_landed_std,4,0.0,0.0,998.0,0
opp_hist_f3_r3_minus_r1_td_attempted_mean,4,0.0,0.0,998.0,0
opp_hist_f3_r3_td_attempted_std,4,0.0,0.0,998.0,0
opp_hist_f3_rev_per15_mean,4,0.0,0.0,998.0,0
opp_hist_f3_rev_per15_std,4,0.0,0.0,998.0,0
opp_hist_f3_rounds_observed_std,4,0.0,0.0,998.0,0
opp_hist_f3_sub_att_per15_std,4,0.0,0.0,998.0,0
opp_profile_stance_switch,4,0.0,0.0,998.0,0
opp_profile_stance_unknown,4,0.0,0.0,998.0,0
opp_title_fight,4,0.0,0.0,998.0,0
self_hist_career_r1_sig_str_landed_std,4,0.0,0.0,998.0,0
self_hist_d730_distance_attempted_per15_std,4,0.0,0.0,998.0,0
self_hist_d730_r2_td_attempted_mean,4,0.0,0.0,998.0,0
self_hist_d730_r3_distance_attempted_std,4,0.0,0.0,998.0,0
self_hist_d730_total_str_landed_per15_mean,4,0.0,0.0,998.0,0
self_hist_f1_head_attempt_share_mean,4,0.0,0.0,998.0,0
self_hist_f1_kd_per100_sig_landed_mean,4,0.0,0.0,998.0,0
self_hist_f1_kd_per15_mean,4,0.0,0.0,998.0,0
self_hist_f1_r1_ground_attempted_mean,4,0.0,0.0,998.0,0
self_hist_f1_r2_ground_attempted_mean,4,0.0,0.0,998.0,0
self_hist_f1_r2_minus_r1_td_attempted_mean,4,0.0,0.0,998.0,0
self_hist_f1_r3_distance_attempted_mean,4,0.0,0.0,998.0,0
self_hist_f1_r3_minus_r1_td_attempted_mean,4,0.0,0.0,998.0,0
self_hist_f1_rev_per15_mean,4,0.0,0.0,998.0,0
self_hist_f1_rounds_observed_mean,4,0.0,0.0,998.0,0
self_hist_f1_sub_att_per15_mean,4,0.0,0.0,998.0,0
self_hist_f1_td_acc_mean,4,0.0,0.0,998.0,0
self_hist_f3_control_share_std,4,0.0,0.0,998.0,0
self_hist_f3_ground_attempted_per15_std,4,0.0,0.0,998.0,0
self_hist_f3_ground_landed_per15_std,4,0.0,0.0,998.0,0
self_hist_f3_kd_per15_mean,4,0.0,0.0,998.0,0
self_hist_f3_kd_per15_std,4,0.0,0.0,998.0,0
self_hist_f3_r1_td_attempted_mean,4,0.0,0.0,998.0,0
self_hist_f3_r2_clinch_attempted_std,4,0.0,0.0,998.0,0
self_hist_f3_r2_distance_attempted_std,4,0.0,0.0,998.0,0
self_hist_f3_r2_minus_r1_td_attempted_std,4,0.0,0.0,998.0,0
self_hist_f3_r3_distance_attempted_std,4,0.0,0.0,998.0,0
self_hist_f3_r3_ground_attempted_mean,4,0.0,0.0,998.0,0
self_hist_f3_r3_minus_r1_clinch_attempted_std,4,0.0,0.0,998.0,0
self_hist_f3_r3_minus_r1_sig_str_landed_std,4,0.0,0.0,998.0,0
self_hist_f3_r3_minus_r1_td_attempted_std,4,0.0,0.0,998.0,0
self_hist_f3_r3_sig_str_attempted_std,4,0.0,0.0,998.0,0
self_hist_f3_r3_td_attempted_mean,4,0.0,0.0,998.0,0
self_hist_f3_r3_td_attempted_std,4,0.0,0.0,998.0,0
self_hist_f3_rev_per15_std,4,0.0,0.0,998.0,0
self_hist_f3_rounds_observed_std,4,0.0,0.0,998.0,0
self_hist_f3_sub_att_per15_mean,4,0.0,0.0,998.0,0
self_hist_f3_td_landed_per15_std,4,0.0,0.0,998.0,0
self_profile_stance_orthodox,4,0.0,0.0,998.0,0
self_profile_stance_switch,4,0.0,0.0,998.0,0
self_profile_stance_unknown,4,0.0,0.0,998.0,0
self_title_fight,4,0.0,0.0,998.0,0
